ISO-10303-21;
HEADER;
FILE_DESCRIPTION(('Open CASCADE Model'),'2;1');
FILE_NAME('Open CASCADE Shape Model','2026-06-11T10:05:44',('Author'),(
    'Open CASCADE'),'Open CASCADE STEP processor 7.8','Open CASCADE 7.8'
  ,'Unknown');
FILE_SCHEMA(('AUTOMOTIVE_DESIGN { 1 0 10303 214 1 1 1 1 }'));
ENDSEC;
DATA;
#1 = APPLICATION_PROTOCOL_DEFINITION('international standard',
  'automotive_design',2000,#2);
#2 = APPLICATION_CONTEXT(
  'core data for automotive mechanical design processes');
#3 = SHAPE_DEFINITION_REPRESENTATION(#4,#10);
#4 = PRODUCT_DEFINITION_SHAPE('','',#5);
#5 = PRODUCT_DEFINITION('design','',#6,#9);
#6 = PRODUCT_DEFINITION_FORMATION('','',#7);
#7 = PRODUCT('Open CASCADE STEP translator 7.8 8',
  'Open CASCADE STEP translator 7.8 8','',(#8));
#8 = PRODUCT_CONTEXT('',#2,'mechanical');
#9 = PRODUCT_DEFINITION_CONTEXT('part definition',#2,'design');
#10 = ADVANCED_BREP_SHAPE_REPRESENTATION('',(#11,#15),#4081);
#11 = AXIS2_PLACEMENT_3D('',#12,#13,#14);
#12 = CARTESIAN_POINT('',(0.,0.,0.));
#13 = DIRECTION('',(0.,0.,1.));
#14 = DIRECTION('',(1.,0.,-0.));
#15 = MANIFOLD_SOLID_BREP('',#16);
#16 = CLOSED_SHELL('',(#17,#549,#870,#943,#992,#1039,#1145,#1192,#1239,
    #1286,#1333,#1380,#1471,#1518,#1565,#1703,#1759,#1814,#2350,#2421,
    #2498,#2547,#2596,#2645,#2694,#2743,#2818,#2864,#3171,#3477,#3576,
    #3625,#3632,#3686,#3690,#3720,#3724,#3751,#3778,#3811,#3818,#3857,
    #3907,#3936,#3968,#4045,#4052));
#17 = ADVANCED_FACE('',(#18,#418,#479,#514),#32,.F.);
#18 = FACE_BOUND('',#19,.F.);
#19 = EDGE_LOOP('',(#20,#55,#83,#106,#132,#158,#184,#210,#236,#262,#288,
    #314,#340,#366,#392));
#20 = ORIENTED_EDGE('',*,*,#21,.F.);
#21 = EDGE_CURVE('',#22,#24,#26,.T.);
#22 = VERTEX_POINT('',#23);
#23 = CARTESIAN_POINT('',(61.4,-11.,-5.));
#24 = VERTEX_POINT('',#25);
#25 = CARTESIAN_POINT('',(74.811132965254,-11.,-5.));
#26 = SURFACE_CURVE('',#27,(#31,#43),.PCURVE_S1.);
#27 = LINE('',#28,#29);
#28 = CARTESIAN_POINT('',(61.4,-11.,-5.));
#29 = VECTOR('',#30,1.);
#30 = DIRECTION('',(1.,0.,0.));
#31 = PCURVE('',#32,#37);
#32 = PLANE('',#33);
#33 = AXIS2_PLACEMENT_3D('',#34,#35,#36);
#34 = CARTESIAN_POINT('',(64.811132965254,-11.,-5.));
#35 = DIRECTION('',(0.,1.,0.));
#36 = DIRECTION('',(0.,0.,1.));
#37 = DEFINITIONAL_REPRESENTATION('',(#38),#42);
#38 = LINE('',#39,#40);
#39 = CARTESIAN_POINT('',(0.,-3.411132965254));
#40 = VECTOR('',#41,1.);
#41 = DIRECTION('',(0.,1.));
#42 = ( GEOMETRIC_REPRESENTATION_CONTEXT(2) 
PARAMETRIC_REPRESENTATION_CONTEXT() REPRESENTATION_CONTEXT('2D SPACE',''
  ) );
#43 = PCURVE('',#44,#49);
#44 = PLANE('',#45);
#45 = AXIS2_PLACEMENT_3D('',#46,#47,#48);
#46 = CARTESIAN_POINT('',(64.811132965254,-11.,-5.));
#47 = DIRECTION('',(0.,0.,1.));
#48 = DIRECTION('',(1.,0.,0.));
#49 = DEFINITIONAL_REPRESENTATION('',(#50),#54);
#50 = LINE('',#51,#52);
#51 = CARTESIAN_POINT('',(-3.411132965254,0.));
#52 = VECTOR('',#53,1.);
#53 = DIRECTION('',(1.,0.));
#54 = ( GEOMETRIC_REPRESENTATION_CONTEXT(2) 
PARAMETRIC_REPRESENTATION_CONTEXT() REPRESENTATION_CONTEXT('2D SPACE',''
  ) );
#55 = ORIENTED_EDGE('',*,*,#56,.T.);
#56 = EDGE_CURVE('',#22,#57,#59,.T.);
#57 = VERTEX_POINT('',#58);
#58 = CARTESIAN_POINT('',(61.4,-11.,-2.666666666667));
#59 = SURFACE_CURVE('',#60,(#64,#71),.PCURVE_S1.);
#60 = LINE('',#61,#62);
#61 = CARTESIAN_POINT('',(61.4,-11.,-5.));
#62 = VECTOR('',#63,1.);
#63 = DIRECTION('',(0.,0.,1.));
#64 = PCURVE('',#32,#65);
#65 = DEFINITIONAL_REPRESENTATION('',(#66),#70);
#66 = LINE('',#67,#68);
#67 = CARTESIAN_POINT('',(0.,-3.411132965254));
#68 = VECTOR('',#69,1.);
#69 = DIRECTION('',(1.,0.));
#70 = ( GEOMETRIC_REPRESENTATION_CONTEXT(2) 
PARAMETRIC_REPRESENTATION_CONTEXT() REPRESENTATION_CONTEXT('2D SPACE',''
  ) );
#71 = PCURVE('',#72,#77);
#72 = PLANE('',#73);
#73 = AXIS2_PLACEMENT_3D('',#74,#75,#76);
#74 = CARTESIAN_POINT('',(61.4,-11.,-5.));
#75 = DIRECTION('',(1.,0.,0.));
#76 = DIRECTION('',(0.,0.,1.));
#77 = DEFINITIONAL_REPRESENTATION('',(#78),#82);
#78 = LINE('',#79,#80);
#79 = CARTESIAN_POINT('',(0.,0.));
#80 = VECTOR('',#81,1.);
#81 = DIRECTION('',(1.,0.));
#82 = ( GEOMETRIC_REPRESENTATION_CONTEXT(2) 
PARAMETRIC_REPRESENTATION_CONTEXT() REPRESENTATION_CONTEXT('2D SPACE',''
  ) );
#83 = ORIENTED_EDGE('',*,*,#84,.T.);
#84 = EDGE_CURVE('',#57,#85,#87,.T.);
#85 = VERTEX_POINT('',#86);
#86 = CARTESIAN_POINT('',(61.4,-11.,17.5));
#87 = SURFACE_CURVE('',#88,(#92,#99),.PCURVE_S1.);
#88 = LINE('',#89,#90);
#89 = CARTESIAN_POINT('',(61.4,-11.,-5.));
#90 = VECTOR('',#91,1.);
#91 = DIRECTION('',(0.,0.,1.));
#92 = PCURVE('',#32,#93);
#93 = DEFINITIONAL_REPRESENTATION('',(#94),#98);
#94 = LINE('',#95,#96);
#95 = CARTESIAN_POINT('',(0.,-3.411132965254));
#96 = VECTOR('',#97,1.);
#97 = DIRECTION('',(1.,0.));
#98 = ( GEOMETRIC_REPRESENTATION_CONTEXT(2) 
PARAMETRIC_REPRESENTATION_CONTEXT() REPRESENTATION_CONTEXT('2D SPACE',''
  ) );
#99 = PCURVE('',#72,#100);
#100 = DEFINITIONAL_REPRESENTATION('',(#101),#105);
#101 = LINE('',#102,#103);
#102 = CARTESIAN_POINT('',(0.,0.));
#103 = VECTOR('',#104,1.);
#104 = DIRECTION('',(1.,0.));
#105 = ( GEOMETRIC_REPRESENTATION_CONTEXT(2) 
PARAMETRIC_REPRESENTATION_CONTEXT() REPRESENTATION_CONTEXT('2D SPACE',''
  ) );
#106 = ORIENTED_EDGE('',*,*,#107,.F.);
#107 = EDGE_CURVE('',#108,#85,#110,.T.);
#108 = VERTEX_POINT('',#109);
#109 = CARTESIAN_POINT('',(68.,-11.,17.5));
#110 = SURFACE_CURVE('',#111,(#115,#121),.PCURVE_S1.);
#111 = LINE('',#112,#113);
#112 = CARTESIAN_POINT('',(62.405566482627,-11.,17.5));
#113 = VECTOR('',#114,1.);
#114 = DIRECTION('',(-1.,0.,0.));
#115 = PCURVE('',#32,#116);
#116 = DEFINITIONAL_REPRESENTATION('',(#117),#120);
#117 = B_SPLINE_CURVE_WITH_KNOTS('',1,(#118,#119),.UNSPECIFIED.,.F.,.F.,
  (2,2),(-12.40556648262,2.405566482627),.PIECEWISE_BEZIER_KNOTS.);
#118 = CARTESIAN_POINT('',(22.5,10.));
#119 = CARTESIAN_POINT('',(22.5,-4.811132965254));
#120 = ( GEOMETRIC_REPRESENTATION_CONTEXT(2) 
PARAMETRIC_REPRESENTATION_CONTEXT() REPRESENTATION_CONTEXT('2D SPACE',''
  ) );
#121 = PCURVE('',#122,#127);
#122 = PLANE('',#123);
#123 = AXIS2_PLACEMENT_3D('',#124,#125,#126);
#124 = CARTESIAN_POINT('',(60.,-9.4,17.5));
#125 = DIRECTION('',(0.,0.,-1.));
#126 = DIRECTION('',(0.,-1.,0.));
#127 = DEFINITIONAL_REPRESENTATION('',(#128),#131);
#128 = B_SPLINE_CURVE_WITH_KNOTS('',1,(#129,#130),.UNSPECIFIED.,.F.,.F.,
  (2,2),(-12.40556648262,2.405566482627),.PIECEWISE_BEZIER_KNOTS.);
#129 = CARTESIAN_POINT('',(1.6,-14.81113296525));
#130 = CARTESIAN_POINT('',(1.6,0.));
#131 = ( GEOMETRIC_REPRESENTATION_CONTEXT(2) 
PARAMETRIC_REPRESENTATION_CONTEXT() REPRESENTATION_CONTEXT('2D SPACE',''
  ) );
#132 = ORIENTED_EDGE('',*,*,#133,.T.);
#133 = EDGE_CURVE('',#108,#134,#136,.T.);
#134 = VERTEX_POINT('',#135);
#135 = CARTESIAN_POINT('',(68.,-11.,15.9));
#136 = SURFACE_CURVE('',#137,(#141,#147),.PCURVE_S1.);
#137 = LINE('',#138,#139);
#138 = CARTESIAN_POINT('',(68.,-11.,6.25));
#139 = VECTOR('',#140,1.);
#140 = DIRECTION('',(0.,0.,-1.));
#141 = PCURVE('',#32,#142);
#142 = DEFINITIONAL_REPRESENTATION('',(#143),#146);
#143 = B_SPLINE_CURVE_WITH_KNOTS('',1,(#144,#145),.UNSPECIFIED.,.F.,.F.,
  (2,2),(-11.25,-9.65),.PIECEWISE_BEZIER_KNOTS.);
#144 = CARTESIAN_POINT('',(22.5,3.188867034746));
#145 = CARTESIAN_POINT('',(20.9,3.188867034746));
#146 = ( GEOMETRIC_REPRESENTATION_CONTEXT(2) 
PARAMETRIC_REPRESENTATION_CONTEXT() REPRESENTATION_CONTEXT('2D SPACE',''
  ) );
#147 = PCURVE('',#148,#153);
#148 = PLANE('',#149);
#149 = AXIS2_PLACEMENT_3D('',#150,#151,#152);
#150 = CARTESIAN_POINT('',(68.,-7.8,17.5));
#151 = DIRECTION('',(1.,0.,0.));
#152 = DIRECTION('',(0.,0.,-1.));
#153 = DEFINITIONAL_REPRESENTATION('',(#154),#157);
#154 = B_SPLINE_CURVE_WITH_KNOTS('',1,(#155,#156),.UNSPECIFIED.,.F.,.F.,
  (2,2),(-11.25,-9.65),.PIECEWISE_BEZIER_KNOTS.);
#155 = CARTESIAN_POINT('',(0.,-3.2));
#156 = CARTESIAN_POINT('',(1.6,-3.2));
#157 = ( GEOMETRIC_REPRESENTATION_CONTEXT(2) 
PARAMETRIC_REPRESENTATION_CONTEXT() REPRESENTATION_CONTEXT('2D SPACE',''
  ) );
#158 = ORIENTED_EDGE('',*,*,#159,.T.);
#159 = EDGE_CURVE('',#134,#160,#162,.T.);
#160 = VERTEX_POINT('',#161);
#161 = CARTESIAN_POINT('',(66.4,-11.,14.3));
#162 = SURFACE_CURVE('',#163,(#167,#173),.PCURVE_S1.);
#163 = LINE('',#164,#165);
#164 = CARTESIAN_POINT('',(61.977783241314,-11.,9.877783241314));
#165 = VECTOR('',#166,1.);
#166 = DIRECTION('',(-0.707106781187,0.,-0.707106781187));
#167 = PCURVE('',#32,#168);
#168 = DEFINITIONAL_REPRESENTATION('',(#169),#172);
#169 = B_SPLINE_CURVE_WITH_KNOTS('',1,(#170,#171),.UNSPECIFIED.,.F.,.F.,
  (2,2),(-8.516700615685,-6.253958915888),.PIECEWISE_BEZIER_KNOTS.);
#170 = CARTESIAN_POINT('',(20.9,3.188867034746));
#171 = CARTESIAN_POINT('',(19.3,1.588867034746));
#172 = ( GEOMETRIC_REPRESENTATION_CONTEXT(2) 
PARAMETRIC_REPRESENTATION_CONTEXT() REPRESENTATION_CONTEXT('2D SPACE',''
  ) );
#173 = PCURVE('',#174,#179);
#174 = PLANE('',#175);
#175 = AXIS2_PLACEMENT_3D('',#176,#177,#178);
#176 = CARTESIAN_POINT('',(68.,-7.8,15.9));
#177 = DIRECTION('',(0.707106781187,0.,-0.707106781187));
#178 = DIRECTION('',(-0.707106781187,0.,-0.707106781187));
#179 = DEFINITIONAL_REPRESENTATION('',(#180),#183);
#180 = B_SPLINE_CURVE_WITH_KNOTS('',1,(#181,#182),.UNSPECIFIED.,.F.,.F.,
  (2,2),(-8.516700615685,-6.253958915888),.PIECEWISE_BEZIER_KNOTS.);
#181 = CARTESIAN_POINT('',(0.,-3.2));
#182 = CARTESIAN_POINT('',(2.262741699797,-3.2));
#183 = ( GEOMETRIC_REPRESENTATION_CONTEXT(2) 
PARAMETRIC_REPRESENTATION_CONTEXT() REPRESENTATION_CONTEXT('2D SPACE',''
  ) );
#184 = ORIENTED_EDGE('',*,*,#185,.T.);
#185 = EDGE_CURVE('',#160,#186,#188,.T.);
#186 = VERTEX_POINT('',#187);
#187 = CARTESIAN_POINT('',(68.,-11.,12.7));
#188 = SURFACE_CURVE('',#189,(#193,#199),.PCURVE_S1.);
#189 = LINE('',#190,#191);
#190 = CARTESIAN_POINT('',(70.827783241314,-11.,9.872216758686));
#191 = VECTOR('',#192,1.);
#192 = DIRECTION('',(0.707106781187,0.,-0.707106781187));
#193 = PCURVE('',#32,#194);
#194 = DEFINITIONAL_REPRESENTATION('',(#195),#198);
#195 = B_SPLINE_CURVE_WITH_KNOTS('',1,(#196,#197),.UNSPECIFIED.,.F.,.F.,
  (2,2),(-6.261831111114,-3.999089411317),.PIECEWISE_BEZIER_KNOTS.);
#196 = CARTESIAN_POINT('',(19.3,1.588867034746));
#197 = CARTESIAN_POINT('',(17.7,3.188867034746));
#198 = ( GEOMETRIC_REPRESENTATION_CONTEXT(2) 
PARAMETRIC_REPRESENTATION_CONTEXT() REPRESENTATION_CONTEXT('2D SPACE',''
  ) );
#199 = PCURVE('',#200,#205);
#200 = PLANE('',#201);
#201 = AXIS2_PLACEMENT_3D('',#202,#203,#204);
#202 = CARTESIAN_POINT('',(66.4,-7.8,14.3));
#203 = DIRECTION('',(0.707106781187,0.,0.707106781187));
#204 = DIRECTION('',(0.707106781187,0.,-0.707106781187));
#205 = DEFINITIONAL_REPRESENTATION('',(#206),#209);
#206 = B_SPLINE_CURVE_WITH_KNOTS('',1,(#207,#208),.UNSPECIFIED.,.F.,.F.,
  (2,2),(-6.261831111114,-3.999089411317),.PIECEWISE_BEZIER_KNOTS.);
#207 = CARTESIAN_POINT('',(0.,-3.2));
#208 = CARTESIAN_POINT('',(2.262741699797,-3.2));
#209 = ( GEOMETRIC_REPRESENTATION_CONTEXT(2) 
PARAMETRIC_REPRESENTATION_CONTEXT() REPRESENTATION_CONTEXT('2D SPACE',''
  ) );
#210 = ORIENTED_EDGE('',*,*,#211,.T.);
#211 = EDGE_CURVE('',#186,#212,#214,.T.);
#212 = VERTEX_POINT('',#213);
#213 = CARTESIAN_POINT('',(68.,-11.,12.3));
#214 = SURFACE_CURVE('',#215,(#219,#225),.PCURVE_S1.);
#215 = LINE('',#216,#217);
#216 = CARTESIAN_POINT('',(68.,-11.,3.85));
#217 = VECTOR('',#218,1.);
#218 = DIRECTION('',(0.,0.,-1.));
#219 = PCURVE('',#32,#220);
#220 = DEFINITIONAL_REPRESENTATION('',(#221),#224);
#221 = B_SPLINE_CURVE_WITH_KNOTS('',1,(#222,#223),.UNSPECIFIED.,.F.,.F.,
  (2,2),(-8.85,-8.45),.PIECEWISE_BEZIER_KNOTS.);
#222 = CARTESIAN_POINT('',(17.7,3.188867034746));
#223 = CARTESIAN_POINT('',(17.3,3.188867034746));
#224 = ( GEOMETRIC_REPRESENTATION_CONTEXT(2) 
PARAMETRIC_REPRESENTATION_CONTEXT() REPRESENTATION_CONTEXT('2D SPACE',''
  ) );
#225 = PCURVE('',#226,#231);
#226 = PLANE('',#227);
#227 = AXIS2_PLACEMENT_3D('',#228,#229,#230);
#228 = CARTESIAN_POINT('',(68.,-7.8,12.7));
#229 = DIRECTION('',(1.,0.,0.));
#230 = DIRECTION('',(0.,0.,-1.));
#231 = DEFINITIONAL_REPRESENTATION('',(#232),#235);
#232 = B_SPLINE_CURVE_WITH_KNOTS('',1,(#233,#234),.UNSPECIFIED.,.F.,.F.,
  (2,2),(-8.85,-8.45),.PIECEWISE_BEZIER_KNOTS.);
#233 = CARTESIAN_POINT('',(0.,-3.2));
#234 = CARTESIAN_POINT('',(0.4,-3.2));
#235 = ( GEOMETRIC_REPRESENTATION_CONTEXT(2) 
PARAMETRIC_REPRESENTATION_CONTEXT() REPRESENTATION_CONTEXT('2D SPACE',''
  ) );
#236 = ORIENTED_EDGE('',*,*,#237,.T.);
#237 = EDGE_CURVE('',#212,#238,#240,.T.);
#238 = VERTEX_POINT('',#239);
#239 = CARTESIAN_POINT('',(72.,-11.,12.3));
#240 = SURFACE_CURVE('',#241,(#245,#251),.PCURVE_S1.);
#241 = LINE('',#242,#243);
#242 = CARTESIAN_POINT('',(66.405566482627,-11.,12.3));
#243 = VECTOR('',#244,1.);
#244 = DIRECTION('',(1.,-0.,0.));
#245 = PCURVE('',#32,#246);
#246 = DEFINITIONAL_REPRESENTATION('',(#247),#250);
#247 = B_SPLINE_CURVE_WITH_KNOTS('',1,(#248,#249),.UNSPECIFIED.,.F.,.F.,
  (2,2),(1.594433517373,5.594433517373),.PIECEWISE_BEZIER_KNOTS.);
#248 = CARTESIAN_POINT('',(17.3,3.188867034746));
#249 = CARTESIAN_POINT('',(17.3,7.188867034746));
#250 = ( GEOMETRIC_REPRESENTATION_CONTEXT(2) 
PARAMETRIC_REPRESENTATION_CONTEXT() REPRESENTATION_CONTEXT('2D SPACE',''
  ) );
#251 = PCURVE('',#252,#257);
#252 = PLANE('',#253);
#253 = AXIS2_PLACEMENT_3D('',#254,#255,#256);
#254 = CARTESIAN_POINT('',(68.,-7.8,12.3));
#255 = DIRECTION('',(-0.,0.,1.));
#256 = DIRECTION('',(1.,0.,0.));
#257 = DEFINITIONAL_REPRESENTATION('',(#258),#261);
#258 = B_SPLINE_CURVE_WITH_KNOTS('',1,(#259,#260),.UNSPECIFIED.,.F.,.F.,
  (2,2),(1.594433517373,5.594433517373),.PIECEWISE_BEZIER_KNOTS.);
#259 = CARTESIAN_POINT('',(0.,-3.2));
#260 = CARTESIAN_POINT('',(4.,-3.2));
#261 = ( GEOMETRIC_REPRESENTATION_CONTEXT(2) 
PARAMETRIC_REPRESENTATION_CONTEXT() REPRESENTATION_CONTEXT('2D SPACE',''
  ) );
#262 = ORIENTED_EDGE('',*,*,#263,.T.);
#263 = EDGE_CURVE('',#238,#264,#266,.T.);
#264 = VERTEX_POINT('',#265);
#265 = CARTESIAN_POINT('',(72.,-11.,12.7));
#266 = SURFACE_CURVE('',#267,(#271,#277),.PCURVE_S1.);
#267 = LINE('',#268,#269);
#268 = CARTESIAN_POINT('',(72.,-11.,3.65));
#269 = VECTOR('',#270,1.);
#270 = DIRECTION('',(0.,-0.,1.));
#271 = PCURVE('',#32,#272);
#272 = DEFINITIONAL_REPRESENTATION('',(#273),#276);
#273 = B_SPLINE_CURVE_WITH_KNOTS('',1,(#274,#275),.UNSPECIFIED.,.F.,.F.,
  (2,2),(8.65,9.05),.PIECEWISE_BEZIER_KNOTS.);
#274 = CARTESIAN_POINT('',(17.3,7.188867034746));
#275 = CARTESIAN_POINT('',(17.7,7.188867034746));
#276 = ( GEOMETRIC_REPRESENTATION_CONTEXT(2) 
PARAMETRIC_REPRESENTATION_CONTEXT() REPRESENTATION_CONTEXT('2D SPACE',''
  ) );
#277 = PCURVE('',#278,#283);
#278 = PLANE('',#279);
#279 = AXIS2_PLACEMENT_3D('',#280,#281,#282);
#280 = CARTESIAN_POINT('',(72.,-7.8,12.3));
#281 = DIRECTION('',(-1.,0.,0.));
#282 = DIRECTION('',(0.,0.,1.));
#283 = DEFINITIONAL_REPRESENTATION('',(#284),#287);
#284 = B_SPLINE_CURVE_WITH_KNOTS('',1,(#285,#286),.UNSPECIFIED.,.F.,.F.,
  (2,2),(8.65,9.05),.PIECEWISE_BEZIER_KNOTS.);
#285 = CARTESIAN_POINT('',(0.,-3.2));
#286 = CARTESIAN_POINT('',(0.4,-3.2));
#287 = ( GEOMETRIC_REPRESENTATION_CONTEXT(2) 
PARAMETRIC_REPRESENTATION_CONTEXT() REPRESENTATION_CONTEXT('2D SPACE',''
  ) );
#288 = ORIENTED_EDGE('',*,*,#289,.T.);
#289 = EDGE_CURVE('',#264,#290,#292,.T.);
#290 = VERTEX_POINT('',#291);
#291 = CARTESIAN_POINT('',(73.6,-11.,14.3));
#292 = SURFACE_CURVE('',#293,(#297,#303),.PCURVE_S1.);
#293 = LINE('',#294,#295);
#294 = CARTESIAN_POINT('',(65.777783241314,-11.,6.477783241314));
#295 = VECTOR('',#296,1.);
#296 = DIRECTION('',(0.707106781187,-0.,0.707106781187));
#297 = PCURVE('',#32,#298);
#298 = DEFINITIONAL_REPRESENTATION('',(#299),#302);
#299 = B_SPLINE_CURVE_WITH_KNOTS('',1,(#300,#301),.UNSPECIFIED.,.F.,.F.,
  (2,2),(8.79954332816,11.062285027956),.PIECEWISE_BEZIER_KNOTS.);
#300 = CARTESIAN_POINT('',(17.7,7.188867034746));
#301 = CARTESIAN_POINT('',(19.3,8.788867034746));
#302 = ( GEOMETRIC_REPRESENTATION_CONTEXT(2) 
PARAMETRIC_REPRESENTATION_CONTEXT() REPRESENTATION_CONTEXT('2D SPACE',''
  ) );
#303 = PCURVE('',#304,#309);
#304 = PLANE('',#305);
#305 = AXIS2_PLACEMENT_3D('',#306,#307,#308);
#306 = CARTESIAN_POINT('',(72.,-7.8,12.7));
#307 = DIRECTION('',(-0.707106781187,0.,0.707106781187));
#308 = DIRECTION('',(0.707106781187,0.,0.707106781187));
#309 = DEFINITIONAL_REPRESENTATION('',(#310),#313);
#310 = B_SPLINE_CURVE_WITH_KNOTS('',1,(#311,#312),.UNSPECIFIED.,.F.,.F.,
  (2,2),(8.79954332816,11.062285027956),.PIECEWISE_BEZIER_KNOTS.);
#311 = CARTESIAN_POINT('',(0.,-3.2));
#312 = CARTESIAN_POINT('',(2.262741699797,-3.2));
#313 = ( GEOMETRIC_REPRESENTATION_CONTEXT(2) 
PARAMETRIC_REPRESENTATION_CONTEXT() REPRESENTATION_CONTEXT('2D SPACE',''
  ) );
#314 = ORIENTED_EDGE('',*,*,#315,.T.);
#315 = EDGE_CURVE('',#290,#316,#318,.T.);
#316 = VERTEX_POINT('',#317);
#317 = CARTESIAN_POINT('',(72.,-11.,15.9));
#318 = SURFACE_CURVE('',#319,(#323,#329),.PCURVE_S1.);
#319 = LINE('',#320,#321);
#320 = CARTESIAN_POINT('',(76.227783241314,-11.,11.672216758686));
#321 = VECTOR('',#322,1.);
#322 = DIRECTION('',(-0.707106781187,0.,0.707106781187));
#323 = PCURVE('',#32,#324);
#324 = DEFINITIONAL_REPRESENTATION('',(#325),#328);
#325 = B_SPLINE_CURVE_WITH_KNOTS('',1,(#326,#327),.UNSPECIFIED.,.F.,.F.,
  (2,2),(3.716246698842,5.978988398639),.PIECEWISE_BEZIER_KNOTS.);
#326 = CARTESIAN_POINT('',(19.3,8.788867034746));
#327 = CARTESIAN_POINT('',(20.9,7.188867034746));
#328 = ( GEOMETRIC_REPRESENTATION_CONTEXT(2) 
PARAMETRIC_REPRESENTATION_CONTEXT() REPRESENTATION_CONTEXT('2D SPACE',''
  ) );
#329 = PCURVE('',#330,#335);
#330 = PLANE('',#331);
#331 = AXIS2_PLACEMENT_3D('',#332,#333,#334);
#332 = CARTESIAN_POINT('',(73.6,-7.8,14.3));
#333 = DIRECTION('',(-0.707106781187,-0.,-0.707106781187));
#334 = DIRECTION('',(-0.707106781187,0.,0.707106781187));
#335 = DEFINITIONAL_REPRESENTATION('',(#336),#339);
#336 = B_SPLINE_CURVE_WITH_KNOTS('',1,(#337,#338),.UNSPECIFIED.,.F.,.F.,
  (2,2),(3.716246698842,5.978988398639),.PIECEWISE_BEZIER_KNOTS.);
#337 = CARTESIAN_POINT('',(0.,-3.2));
#338 = CARTESIAN_POINT('',(2.262741699797,-3.2));
#339 = ( GEOMETRIC_REPRESENTATION_CONTEXT(2) 
PARAMETRIC_REPRESENTATION_CONTEXT() REPRESENTATION_CONTEXT('2D SPACE',''
  ) );
#340 = ORIENTED_EDGE('',*,*,#341,.T.);
#341 = EDGE_CURVE('',#316,#342,#344,.T.);
#342 = VERTEX_POINT('',#343);
#343 = CARTESIAN_POINT('',(72.,-11.,17.5));
#344 = SURFACE_CURVE('',#345,(#349,#355),.PCURVE_S1.);
#345 = LINE('',#346,#347);
#346 = CARTESIAN_POINT('',(72.,-11.,5.45));
#347 = VECTOR('',#348,1.);
#348 = DIRECTION('',(0.,-0.,1.));
#349 = PCURVE('',#32,#350);
#350 = DEFINITIONAL_REPRESENTATION('',(#351),#354);
#351 = B_SPLINE_CURVE_WITH_KNOTS('',1,(#352,#353),.UNSPECIFIED.,.F.,.F.,
  (2,2),(10.45,12.05),.PIECEWISE_BEZIER_KNOTS.);
#352 = CARTESIAN_POINT('',(20.9,7.188867034746));
#353 = CARTESIAN_POINT('',(22.5,7.188867034746));
#354 = ( GEOMETRIC_REPRESENTATION_CONTEXT(2) 
PARAMETRIC_REPRESENTATION_CONTEXT() REPRESENTATION_CONTEXT('2D SPACE',''
  ) );
#355 = PCURVE('',#356,#361);
#356 = PLANE('',#357);
#357 = AXIS2_PLACEMENT_3D('',#358,#359,#360);
#358 = CARTESIAN_POINT('',(72.,-7.8,15.9));
#359 = DIRECTION('',(-1.,0.,0.));
#360 = DIRECTION('',(0.,0.,1.));
#361 = DEFINITIONAL_REPRESENTATION('',(#362),#365);
#362 = B_SPLINE_CURVE_WITH_KNOTS('',1,(#363,#364),.UNSPECIFIED.,.F.,.F.,
  (2,2),(10.45,12.05),.PIECEWISE_BEZIER_KNOTS.);
#363 = CARTESIAN_POINT('',(0.,-3.2));
#364 = CARTESIAN_POINT('',(1.6,-3.2));
#365 = ( GEOMETRIC_REPRESENTATION_CONTEXT(2) 
PARAMETRIC_REPRESENTATION_CONTEXT() REPRESENTATION_CONTEXT('2D SPACE',''
  ) );
#366 = ORIENTED_EDGE('',*,*,#367,.F.);
#367 = EDGE_CURVE('',#368,#342,#370,.T.);
#368 = VERTEX_POINT('',#369);
#369 = CARTESIAN_POINT('',(74.811132965254,-11.,17.5));
#370 = SURFACE_CURVE('',#371,(#375,#381),.PCURVE_S1.);
#371 = LINE('',#372,#373);
#372 = CARTESIAN_POINT('',(62.405566482627,-11.,17.5));
#373 = VECTOR('',#374,1.);
#374 = DIRECTION('',(-1.,0.,0.));
#375 = PCURVE('',#32,#376);
#376 = DEFINITIONAL_REPRESENTATION('',(#377),#380);
#377 = B_SPLINE_CURVE_WITH_KNOTS('',1,(#378,#379),.UNSPECIFIED.,.F.,.F.,
  (2,2),(-12.40556648262,2.405566482627),.PIECEWISE_BEZIER_KNOTS.);
#378 = CARTESIAN_POINT('',(22.5,10.));
#379 = CARTESIAN_POINT('',(22.5,-4.811132965254));
#380 = ( GEOMETRIC_REPRESENTATION_CONTEXT(2) 
PARAMETRIC_REPRESENTATION_CONTEXT() REPRESENTATION_CONTEXT('2D SPACE',''
  ) );
#381 = PCURVE('',#382,#387);
#382 = PLANE('',#383);
#383 = AXIS2_PLACEMENT_3D('',#384,#385,#386);
#384 = CARTESIAN_POINT('',(60.,-9.4,17.5));
#385 = DIRECTION('',(0.,0.,-1.));
#386 = DIRECTION('',(0.,-1.,0.));
#387 = DEFINITIONAL_REPRESENTATION('',(#388),#391);
#388 = B_SPLINE_CURVE_WITH_KNOTS('',1,(#389,#390),.UNSPECIFIED.,.F.,.F.,
  (2,2),(-12.40556648262,2.405566482627),.PIECEWISE_BEZIER_KNOTS.);
#389 = CARTESIAN_POINT('',(1.6,-14.81113296525));
#390 = CARTESIAN_POINT('',(1.6,0.));
#391 = ( GEOMETRIC_REPRESENTATION_CONTEXT(2) 
PARAMETRIC_REPRESENTATION_CONTEXT() REPRESENTATION_CONTEXT('2D SPACE',''
  ) );
#392 = ORIENTED_EDGE('',*,*,#393,.F.);
#393 = EDGE_CURVE('',#24,#368,#394,.T.);
#394 = SURFACE_CURVE('',#395,(#399,#406),.PCURVE_S1.);
#395 = LINE('',#396,#397);
#396 = CARTESIAN_POINT('',(74.811132965254,-11.,-5.));
#397 = VECTOR('',#398,1.);
#398 = DIRECTION('',(0.,0.,1.));
#399 = PCURVE('',#32,#400);
#400 = DEFINITIONAL_REPRESENTATION('',(#401),#405);
#401 = LINE('',#402,#403);
#402 = CARTESIAN_POINT('',(0.,10.));
#403 = VECTOR('',#404,1.);
#404 = DIRECTION('',(1.,0.));
#405 = ( GEOMETRIC_REPRESENTATION_CONTEXT(2) 
PARAMETRIC_REPRESENTATION_CONTEXT() REPRESENTATION_CONTEXT('2D SPACE',''
  ) );
#406 = PCURVE('',#407,#412);
#407 = PLANE('',#408);
#408 = AXIS2_PLACEMENT_3D('',#409,#410,#411);
#409 = CARTESIAN_POINT('',(74.811132965254,-11.,-5.));
#410 = DIRECTION('',(1.,0.,0.));
#411 = DIRECTION('',(0.,0.,1.));
#412 = DEFINITIONAL_REPRESENTATION('',(#413),#417);
#413 = LINE('',#414,#415);
#414 = CARTESIAN_POINT('',(0.,0.));
#415 = VECTOR('',#416,1.);
#416 = DIRECTION('',(1.,0.));
#417 = ( GEOMETRIC_REPRESENTATION_CONTEXT(2) 
PARAMETRIC_REPRESENTATION_CONTEXT() REPRESENTATION_CONTEXT('2D SPACE',''
  ) );
#418 = FACE_BOUND('',#419,.F.);
#419 = EDGE_LOOP('',(#420,#453));
#420 = ORIENTED_EDGE('',*,*,#421,.T.);
#421 = EDGE_CURVE('',#422,#57,#424,.T.);
#422 = VERTEX_POINT('',#423);
#423 = CARTESIAN_POINT('',(65.4,-11.,-2.666666666667));
#424 = SURFACE_CURVE('',#425,(#430,#441),.PCURVE_S1.);
#425 = CIRCLE('',#426,2.);
#426 = AXIS2_PLACEMENT_3D('',#427,#428,#429);
#427 = CARTESIAN_POINT('',(63.4,-11.,-2.666666666667));
#428 = DIRECTION('',(0.,-1.,-1.110223024625E-16));
#429 = DIRECTION('',(1.,-0.,0.));
#430 = PCURVE('',#32,#431);
#431 = DEFINITIONAL_REPRESENTATION('',(#432),#440);
#432 = ( BOUNDED_CURVE() B_SPLINE_CURVE(2,(#433,#434,#435,#436,#437,#438
,#439),.UNSPECIFIED.,.T.,.F.) B_SPLINE_CURVE_WITH_KNOTS((1,2,2,2,2,1),(
    -2.094395102393,0.,2.094395102393,4.188790204786,6.28318530718,
8.377580409573),.UNSPECIFIED.) CURVE() GEOMETRIC_REPRESENTATION_ITEM() 
RATIONAL_B_SPLINE_CURVE((1.,0.5,1.,0.5,1.,0.5,1.)) REPRESENTATION_ITEM(
  '') );
#433 = CARTESIAN_POINT('',(2.333333333333,0.588867034746));
#434 = CARTESIAN_POINT('',(5.797434948471,0.588867034746));
#435 = CARTESIAN_POINT('',(4.065384140902,-2.411132965254));
#436 = CARTESIAN_POINT('',(2.333333333333,-5.411132965254));
#437 = CARTESIAN_POINT('',(0.601282525764,-2.411132965254));
#438 = CARTESIAN_POINT('',(-1.130768281804,0.588867034746));
#439 = CARTESIAN_POINT('',(2.333333333333,0.588867034746));
#440 = ( GEOMETRIC_REPRESENTATION_CONTEXT(2) 
PARAMETRIC_REPRESENTATION_CONTEXT() REPRESENTATION_CONTEXT('2D SPACE',''
  ) );
#441 = PCURVE('',#442,#447);
#442 = CYLINDRICAL_SURFACE('',#443,2.);
#443 = AXIS2_PLACEMENT_3D('',#444,#445,#446);
#444 = CARTESIAN_POINT('',(63.4,-13.3,-2.666666666667));
#445 = DIRECTION('',(-0.,-1.,-1.110223024625E-16));
#446 = DIRECTION('',(1.,0.,0.));
#447 = DEFINITIONAL_REPRESENTATION('',(#448),#452);
#448 = LINE('',#449,#450);
#449 = CARTESIAN_POINT('',(-6.28318530718,-2.3));
#450 = VECTOR('',#451,1.);
#451 = DIRECTION('',(1.,-0.));
#452 = ( GEOMETRIC_REPRESENTATION_CONTEXT(2) 
PARAMETRIC_REPRESENTATION_CONTEXT() REPRESENTATION_CONTEXT('2D SPACE',''
  ) );
#453 = ORIENTED_EDGE('',*,*,#454,.T.);
#454 = EDGE_CURVE('',#57,#422,#455,.T.);
#455 = SURFACE_CURVE('',#456,(#461,#472),.PCURVE_S1.);
#456 = CIRCLE('',#457,2.);
#457 = AXIS2_PLACEMENT_3D('',#458,#459,#460);
#458 = CARTESIAN_POINT('',(63.4,-11.,-2.666666666667));
#459 = DIRECTION('',(0.,-1.,-1.110223024625E-16));
#460 = DIRECTION('',(1.,-0.,0.));
#461 = PCURVE('',#32,#462);
#462 = DEFINITIONAL_REPRESENTATION('',(#463),#471);
#463 = ( BOUNDED_CURVE() B_SPLINE_CURVE(2,(#464,#465,#466,#467,#468,#469
,#470),.UNSPECIFIED.,.T.,.F.) B_SPLINE_CURVE_WITH_KNOTS((1,2,2,2,2,1),(
    -2.094395102393,0.,2.094395102393,4.188790204786,6.28318530718,
8.377580409573),.UNSPECIFIED.) CURVE() GEOMETRIC_REPRESENTATION_ITEM() 
RATIONAL_B_SPLINE_CURVE((1.,0.5,1.,0.5,1.,0.5,1.)) REPRESENTATION_ITEM(
  '') );
#464 = CARTESIAN_POINT('',(2.333333333333,0.588867034746));
#465 = CARTESIAN_POINT('',(5.797434948471,0.588867034746));
#466 = CARTESIAN_POINT('',(4.065384140902,-2.411132965254));
#467 = CARTESIAN_POINT('',(2.333333333333,-5.411132965254));
#468 = CARTESIAN_POINT('',(0.601282525764,-2.411132965254));
#469 = CARTESIAN_POINT('',(-1.130768281804,0.588867034746));
#470 = CARTESIAN_POINT('',(2.333333333333,0.588867034746));
#471 = ( GEOMETRIC_REPRESENTATION_CONTEXT(2) 
PARAMETRIC_REPRESENTATION_CONTEXT() REPRESENTATION_CONTEXT('2D SPACE',''
  ) );
#472 = PCURVE('',#442,#473);
#473 = DEFINITIONAL_REPRESENTATION('',(#474),#478);
#474 = LINE('',#475,#476);
#475 = CARTESIAN_POINT('',(-6.28318530718,-2.3));
#476 = VECTOR('',#477,1.);
#477 = DIRECTION('',(1.,-0.));
#478 = ( GEOMETRIC_REPRESENTATION_CONTEXT(2) 
PARAMETRIC_REPRESENTATION_CONTEXT() REPRESENTATION_CONTEXT('2D SPACE',''
  ) );
#479 = FACE_BOUND('',#480,.F.);
#480 = EDGE_LOOP('',(#481));
#481 = ORIENTED_EDGE('',*,*,#482,.T.);
#482 = EDGE_CURVE('',#483,#483,#485,.T.);
#483 = VERTEX_POINT('',#484);
#484 = CARTESIAN_POINT('',(70.171236166328,-11.,2.));
#485 = SURFACE_CURVE('',#486,(#491,#502),.PCURVE_S1.);
#486 = CIRCLE('',#487,3.);
#487 = AXIS2_PLACEMENT_3D('',#488,#489,#490);
#488 = CARTESIAN_POINT('',(67.171236166328,-11.,2.));
#489 = DIRECTION('',(0.,-1.,0.));
#490 = DIRECTION('',(1.,0.,0.));
#491 = PCURVE('',#32,#492);
#492 = DEFINITIONAL_REPRESENTATION('',(#493),#501);
#493 = ( BOUNDED_CURVE() B_SPLINE_CURVE(2,(#494,#495,#496,#497,#498,#499
,#500),.UNSPECIFIED.,.T.,.F.) B_SPLINE_CURVE_WITH_KNOTS((1,2,2,2,2,1),(
    -2.094395102393,0.,2.094395102393,4.188790204786,6.28318530718,
8.377580409573),.UNSPECIFIED.) CURVE() GEOMETRIC_REPRESENTATION_ITEM() 
RATIONAL_B_SPLINE_CURVE((1.,0.5,1.,0.5,1.,0.5,1.)) REPRESENTATION_ITEM(
  '') );
#494 = CARTESIAN_POINT('',(7.,5.360103201074));
#495 = CARTESIAN_POINT('',(12.196152422707,5.360103201074));
#496 = CARTESIAN_POINT('',(9.598076211353,0.860103201074));
#497 = CARTESIAN_POINT('',(7.,-3.639896798926));
#498 = CARTESIAN_POINT('',(4.401923788647,0.860103201074));
#499 = CARTESIAN_POINT('',(1.803847577293,5.360103201074));
#500 = CARTESIAN_POINT('',(7.,5.360103201074));
#501 = ( GEOMETRIC_REPRESENTATION_CONTEXT(2) 
PARAMETRIC_REPRESENTATION_CONTEXT() REPRESENTATION_CONTEXT('2D SPACE',''
  ) );
#502 = PCURVE('',#503,#508);
#503 = CYLINDRICAL_SURFACE('',#504,3.);
#504 = AXIS2_PLACEMENT_3D('',#505,#506,#507);
#505 = CARTESIAN_POINT('',(67.171236166328,-11.4,2.));
#506 = DIRECTION('',(0.,-1.,0.));
#507 = DIRECTION('',(1.,0.,0.));
#508 = DEFINITIONAL_REPRESENTATION('',(#509),#513);
#509 = LINE('',#510,#511);
#510 = CARTESIAN_POINT('',(0.,-0.4));
#511 = VECTOR('',#512,1.);
#512 = DIRECTION('',(1.,0.));
#513 = ( GEOMETRIC_REPRESENTATION_CONTEXT(2) 
PARAMETRIC_REPRESENTATION_CONTEXT() REPRESENTATION_CONTEXT('2D SPACE',''
  ) );
#514 = FACE_BOUND('',#515,.F.);
#515 = EDGE_LOOP('',(#516));
#516 = ORIENTED_EDGE('',*,*,#517,.T.);
#517 = EDGE_CURVE('',#518,#518,#520,.T.);
#518 = VERTEX_POINT('',#519);
#519 = CARTESIAN_POINT('',(74.311132965254,-11.,-1.095393496212));
#520 = SURFACE_CURVE('',#521,(#526,#537),.PCURVE_S1.);
#521 = CIRCLE('',#522,2.);
#522 = AXIS2_PLACEMENT_3D('',#523,#524,#525);
#523 = CARTESIAN_POINT('',(72.311132965254,-11.,-1.095393496212));
#524 = DIRECTION('',(0.,-1.,-1.110223024625E-16));
#525 = DIRECTION('',(1.,-0.,0.));
#526 = PCURVE('',#32,#527);
#527 = DEFINITIONAL_REPRESENTATION('',(#528),#536);
#528 = ( BOUNDED_CURVE() B_SPLINE_CURVE(2,(#529,#530,#531,#532,#533,#534
,#535),.UNSPECIFIED.,.T.,.F.) B_SPLINE_CURVE_WITH_KNOTS((1,2,2,2,2,1),(
    -2.094395102393,0.,2.094395102393,4.188790204786,6.28318530718,
8.377580409573),.UNSPECIFIED.) CURVE() GEOMETRIC_REPRESENTATION_ITEM() 
RATIONAL_B_SPLINE_CURVE((1.,0.5,1.,0.5,1.,0.5,1.)) REPRESENTATION_ITEM(
  '') );
#529 = CARTESIAN_POINT('',(3.904606503788,9.5));
#530 = CARTESIAN_POINT('',(7.368708118926,9.5));
#531 = CARTESIAN_POINT('',(5.636657311357,6.5));
#532 = CARTESIAN_POINT('',(3.904606503788,3.5));
#533 = CARTESIAN_POINT('',(2.172555696219,6.5));
#534 = CARTESIAN_POINT('',(0.440504888651,9.5));
#535 = CARTESIAN_POINT('',(3.904606503788,9.5));
#536 = ( GEOMETRIC_REPRESENTATION_CONTEXT(2) 
PARAMETRIC_REPRESENTATION_CONTEXT() REPRESENTATION_CONTEXT('2D SPACE',''
  ) );
#537 = PCURVE('',#538,#543);
#538 = CYLINDRICAL_SURFACE('',#539,2.);
#539 = AXIS2_PLACEMENT_3D('',#540,#541,#542);
#540 = CARTESIAN_POINT('',(72.311132965254,-13.3,-1.095393496212));
#541 = DIRECTION('',(-0.,-1.,-1.110223024625E-16));
#542 = DIRECTION('',(1.,0.,0.));
#543 = DEFINITIONAL_REPRESENTATION('',(#544),#548);
#544 = LINE('',#545,#546);
#545 = CARTESIAN_POINT('',(-6.28318530718,-2.3));
#546 = VECTOR('',#547,1.);
#547 = DIRECTION('',(1.,-0.));
#548 = ( GEOMETRIC_REPRESENTATION_CONTEXT(2) 
PARAMETRIC_REPRESENTATION_CONTEXT() REPRESENTATION_CONTEXT('2D SPACE',''
  ) );
#549 = ADVANCED_FACE('',(#550,#835),#44,.F.);
#550 = FACE_BOUND('',#551,.F.);
#551 = EDGE_LOOP('',(#552,#582,#603,#604,#627,#655,#681,#707,#733,#759,
    #785,#811));
#552 = ORIENTED_EDGE('',*,*,#553,.F.);
#553 = EDGE_CURVE('',#554,#556,#558,.T.);
#554 = VERTEX_POINT('',#555);
#555 = CARTESIAN_POINT('',(61.4,11.,-5.));
#556 = VERTEX_POINT('',#557);
#557 = CARTESIAN_POINT('',(68.85,11.,-5.));
#558 = SURFACE_CURVE('',#559,(#563,#570),.PCURVE_S1.);
#559 = LINE('',#560,#561);
#560 = CARTESIAN_POINT('',(61.4,11.,-5.));
#561 = VECTOR('',#562,1.);
#562 = DIRECTION('',(1.,0.,0.));
#563 = PCURVE('',#44,#564);
#564 = DEFINITIONAL_REPRESENTATION('',(#565),#569);
#565 = LINE('',#566,#567);
#566 = CARTESIAN_POINT('',(-3.411132965254,22.));
#567 = VECTOR('',#568,1.);
#568 = DIRECTION('',(1.,0.));
#569 = ( GEOMETRIC_REPRESENTATION_CONTEXT(2) 
PARAMETRIC_REPRESENTATION_CONTEXT() REPRESENTATION_CONTEXT('2D SPACE',''
  ) );
#570 = PCURVE('',#571,#576);
#571 = PLANE('',#572);
#572 = AXIS2_PLACEMENT_3D('',#573,#574,#575);
#573 = CARTESIAN_POINT('',(64.811132965254,11.,-5.));
#574 = DIRECTION('',(0.,1.,0.));
#575 = DIRECTION('',(0.,0.,1.));
#576 = DEFINITIONAL_REPRESENTATION('',(#577),#581);
#577 = LINE('',#578,#579);
#578 = CARTESIAN_POINT('',(0.,-3.411132965254));
#579 = VECTOR('',#580,1.);
#580 = DIRECTION('',(0.,1.));
#581 = ( GEOMETRIC_REPRESENTATION_CONTEXT(2) 
PARAMETRIC_REPRESENTATION_CONTEXT() REPRESENTATION_CONTEXT('2D SPACE',''
  ) );
#582 = ORIENTED_EDGE('',*,*,#583,.F.);
#583 = EDGE_CURVE('',#22,#554,#584,.T.);
#584 = SURFACE_CURVE('',#585,(#589,#596),.PCURVE_S1.);
#585 = LINE('',#586,#587);
#586 = CARTESIAN_POINT('',(61.4,-11.,-5.));
#587 = VECTOR('',#588,1.);
#588 = DIRECTION('',(0.,1.,0.));
#589 = PCURVE('',#44,#590);
#590 = DEFINITIONAL_REPRESENTATION('',(#591),#595);
#591 = LINE('',#592,#593);
#592 = CARTESIAN_POINT('',(-3.411132965254,0.));
#593 = VECTOR('',#594,1.);
#594 = DIRECTION('',(0.,1.));
#595 = ( GEOMETRIC_REPRESENTATION_CONTEXT(2) 
PARAMETRIC_REPRESENTATION_CONTEXT() REPRESENTATION_CONTEXT('2D SPACE',''
  ) );
#596 = PCURVE('',#72,#597);
#597 = DEFINITIONAL_REPRESENTATION('',(#598),#602);
#598 = LINE('',#599,#600);
#599 = CARTESIAN_POINT('',(0.,0.));
#600 = VECTOR('',#601,1.);
#601 = DIRECTION('',(0.,-1.));
#602 = ( GEOMETRIC_REPRESENTATION_CONTEXT(2) 
PARAMETRIC_REPRESENTATION_CONTEXT() REPRESENTATION_CONTEXT('2D SPACE',''
  ) );
#603 = ORIENTED_EDGE('',*,*,#21,.T.);
#604 = ORIENTED_EDGE('',*,*,#605,.T.);
#605 = EDGE_CURVE('',#24,#606,#608,.T.);
#606 = VERTEX_POINT('',#607);
#607 = CARTESIAN_POINT('',(74.811132965254,11.,-5.));
#608 = SURFACE_CURVE('',#609,(#613,#620),.PCURVE_S1.);
#609 = LINE('',#610,#611);
#610 = CARTESIAN_POINT('',(74.811132965254,-11.,-5.));
#611 = VECTOR('',#612,1.);
#612 = DIRECTION('',(0.,1.,0.));
#613 = PCURVE('',#44,#614);
#614 = DEFINITIONAL_REPRESENTATION('',(#615),#619);
#615 = LINE('',#616,#617);
#616 = CARTESIAN_POINT('',(10.,0.));
#617 = VECTOR('',#618,1.);
#618 = DIRECTION('',(0.,1.));
#619 = ( GEOMETRIC_REPRESENTATION_CONTEXT(2) 
PARAMETRIC_REPRESENTATION_CONTEXT() REPRESENTATION_CONTEXT('2D SPACE',''
  ) );
#620 = PCURVE('',#407,#621);
#621 = DEFINITIONAL_REPRESENTATION('',(#622),#626);
#622 = LINE('',#623,#624);
#623 = CARTESIAN_POINT('',(0.,0.));
#624 = VECTOR('',#625,1.);
#625 = DIRECTION('',(0.,-1.));
#626 = ( GEOMETRIC_REPRESENTATION_CONTEXT(2) 
PARAMETRIC_REPRESENTATION_CONTEXT() REPRESENTATION_CONTEXT('2D SPACE',''
  ) );
#627 = ORIENTED_EDGE('',*,*,#628,.F.);
#628 = EDGE_CURVE('',#629,#606,#631,.T.);
#629 = VERTEX_POINT('',#630);
#630 = CARTESIAN_POINT('',(71.15,11.,-5.));
#631 = SURFACE_CURVE('',#632,(#636,#643),.PCURVE_S1.);
#632 = LINE('',#633,#634);
#633 = CARTESIAN_POINT('',(61.4,11.,-5.));
#634 = VECTOR('',#635,1.);
#635 = DIRECTION('',(1.,0.,0.));
#636 = PCURVE('',#44,#637);
#637 = DEFINITIONAL_REPRESENTATION('',(#638),#642);
#638 = LINE('',#639,#640);
#639 = CARTESIAN_POINT('',(-3.411132965254,22.));
#640 = VECTOR('',#641,1.);
#641 = DIRECTION('',(1.,0.));
#642 = ( GEOMETRIC_REPRESENTATION_CONTEXT(2) 
PARAMETRIC_REPRESENTATION_CONTEXT() REPRESENTATION_CONTEXT('2D SPACE',''
  ) );
#643 = PCURVE('',#644,#649);
#644 = PLANE('',#645);
#645 = AXIS2_PLACEMENT_3D('',#646,#647,#648);
#646 = CARTESIAN_POINT('',(64.811132965254,11.,-5.));
#647 = DIRECTION('',(0.,1.,0.));
#648 = DIRECTION('',(0.,0.,1.));
#649 = DEFINITIONAL_REPRESENTATION('',(#650),#654);
#650 = LINE('',#651,#652);
#651 = CARTESIAN_POINT('',(0.,-3.411132965254));
#652 = VECTOR('',#653,1.);
#653 = DIRECTION('',(0.,1.));
#654 = ( GEOMETRIC_REPRESENTATION_CONTEXT(2) 
PARAMETRIC_REPRESENTATION_CONTEXT() REPRESENTATION_CONTEXT('2D SPACE',''
  ) );
#655 = ORIENTED_EDGE('',*,*,#656,.T.);
#656 = EDGE_CURVE('',#629,#657,#659,.T.);
#657 = VERTEX_POINT('',#658);
#658 = CARTESIAN_POINT('',(71.15,9.956497115746,-5.));
#659 = SURFACE_CURVE('',#660,(#664,#670),.PCURVE_S1.);
#660 = LINE('',#661,#662);
#661 = CARTESIAN_POINT('',(71.15,-0.207842712475,-5.));
#662 = VECTOR('',#663,1.);
#663 = DIRECTION('',(0.,-1.,0.));
#664 = PCURVE('',#44,#665);
#665 = DEFINITIONAL_REPRESENTATION('',(#666),#669);
#666 = B_SPLINE_CURVE_WITH_KNOTS('',1,(#667,#668),.UNSPECIFIED.,.F.,.F.,
  (2,2),(-11.20784271247,-10.16433982822),.PIECEWISE_BEZIER_KNOTS.);
#667 = CARTESIAN_POINT('',(6.338867034746,22.));
#668 = CARTESIAN_POINT('',(6.338867034746,20.956497115746));
#669 = ( GEOMETRIC_REPRESENTATION_CONTEXT(2) 
PARAMETRIC_REPRESENTATION_CONTEXT() REPRESENTATION_CONTEXT('2D SPACE',''
  ) );
#670 = PCURVE('',#671,#676);
#671 = PLANE('',#672);
#672 = AXIS2_PLACEMENT_3D('',#673,#674,#675);
#673 = CARTESIAN_POINT('',(71.15,10.584314575051,-5.627817459305));
#674 = DIRECTION('',(-1.,0.,0.));
#675 = DIRECTION('',(0.,0.707106781187,0.707106781187));
#676 = DEFINITIONAL_REPRESENTATION('',(#677),#680);
#677 = B_SPLINE_CURVE_WITH_KNOTS('',1,(#678,#679),.UNSPECIFIED.,.F.,.F.,
  (2,2),(-11.20784271247,-10.16433982822),.PIECEWISE_BEZIER_KNOTS.);
#678 = CARTESIAN_POINT('',(0.737867965644,-0.15));
#679 = CARTESIAN_POINT('',(1.7763568394E-15,-0.887867965644));
#680 = ( GEOMETRIC_REPRESENTATION_CONTEXT(2) 
PARAMETRIC_REPRESENTATION_CONTEXT() REPRESENTATION_CONTEXT('2D SPACE',''
  ) );
#681 = ORIENTED_EDGE('',*,*,#682,.T.);
#682 = EDGE_CURVE('',#657,#683,#685,.T.);
#683 = VERTEX_POINT('',#684);
#684 = CARTESIAN_POINT('',(73.212132034356,7.040202025355,-5.));
#685 = SURFACE_CURVE('',#686,(#690,#696),.PCURVE_S1.);
#686 = LINE('',#687,#688);
#687 = CARTESIAN_POINT('',(75.57241525154,3.702257488572,-5.));
#688 = VECTOR('',#689,1.);
#689 = DIRECTION('',(0.57735026919,-0.816496580928,0.));
#690 = PCURVE('',#44,#691);
#691 = DEFINITIONAL_REPRESENTATION('',(#692),#695);
#692 = B_SPLINE_CURVE_WITH_KNOTS('',1,(#693,#694),.UNSPECIFIED.,.F.,.F.,
  (2,2),(-7.659847907835,-4.088130452416),.PIECEWISE_BEZIER_KNOTS.);
#693 = CARTESIAN_POINT('',(6.338867034746,20.956497115746));
#694 = CARTESIAN_POINT('',(8.400999069102,18.040202025355));
#695 = ( GEOMETRIC_REPRESENTATION_CONTEXT(2) 
PARAMETRIC_REPRESENTATION_CONTEXT() REPRESENTATION_CONTEXT('2D SPACE',''
  ) );
#696 = PCURVE('',#697,#702);
#697 = PLANE('',#698);
#698 = AXIS2_PLACEMENT_3D('',#699,#700,#701);
#699 = CARTESIAN_POINT('',(73.212132034356,9.126167029856,-7.0859650045)
  );
#700 = DIRECTION('',(-0.707106781187,-0.5,-0.5));
#701 = DIRECTION('',(-0.707106781187,0.5,0.5));
#702 = DEFINITIONAL_REPRESENTATION('',(#703),#706);
#703 = B_SPLINE_CURVE_WITH_KNOTS('',1,(#704,#705),.UNSPECIFIED.,.F.,.F.,
  (2,2),(-7.659847907835,-4.088130452416),.PIECEWISE_BEZIER_KNOTS.);
#704 = CARTESIAN_POINT('',(2.91629509039,-0.887867965644));
#705 = CARTESIAN_POINT('',(0.,-2.95));
#706 = ( GEOMETRIC_REPRESENTATION_CONTEXT(2) 
PARAMETRIC_REPRESENTATION_CONTEXT() REPRESENTATION_CONTEXT('2D SPACE',''
  ) );
#707 = ORIENTED_EDGE('',*,*,#708,.T.);
#708 = EDGE_CURVE('',#683,#709,#711,.T.);
#709 = VERTEX_POINT('',#710);
#710 = CARTESIAN_POINT('',(70.862132034356,3.716800153779,-5.));
#711 = SURFACE_CURVE('',#712,(#716,#722),.PCURVE_S1.);
#712 = LINE('',#713,#714);
#713 = CARTESIAN_POINT('',(67.268182460804,-1.365812075623,-5.));
#714 = VECTOR('',#715,1.);
#715 = DIRECTION('',(-0.57735026919,-0.816496580928,0.));
#716 = PCURVE('',#44,#717);
#717 = DEFINITIONAL_REPRESENTATION('',(#718),#721);
#718 = B_SPLINE_CURVE_WITH_KNOTS('',1,(#719,#720),.UNSPECIFIED.,.F.,.F.,
  (2,2),(-10.29522265901,-6.224903261232),.PIECEWISE_BEZIER_KNOTS.);
#719 = CARTESIAN_POINT('',(8.400999069102,18.040202025355));
#720 = CARTESIAN_POINT('',(6.050999069102,14.716800153779));
#721 = ( GEOMETRIC_REPRESENTATION_CONTEXT(2) 
PARAMETRIC_REPRESENTATION_CONTEXT() REPRESENTATION_CONTEXT('2D SPACE',''
  ) );
#722 = PCURVE('',#723,#728);
#723 = PLANE('',#724);
#724 = AXIS2_PLACEMENT_3D('',#725,#726,#727);
#725 = CARTESIAN_POINT('',(70.862132034356,7.464466094067,
    -8.747665940289));
#726 = DIRECTION('',(-0.707106781187,0.5,0.5));
#727 = DIRECTION('',(0.707106781187,0.5,0.5));
#728 = DEFINITIONAL_REPRESENTATION('',(#729),#732);
#729 = B_SPLINE_CURVE_WITH_KNOTS('',1,(#730,#731),.UNSPECIFIED.,.F.,.F.,
  (2,2),(-10.29522265901,-6.224903261232),.PIECEWISE_BEZIER_KNOTS.);
#730 = CARTESIAN_POINT('',(3.323401871577,-2.95));
#731 = CARTESIAN_POINT('',(8.881784197001E-16,-5.3));
#732 = ( GEOMETRIC_REPRESENTATION_CONTEXT(2) 
PARAMETRIC_REPRESENTATION_CONTEXT() REPRESENTATION_CONTEXT('2D SPACE',''
  ) );
#733 = ORIENTED_EDGE('',*,*,#734,.T.);
#734 = EDGE_CURVE('',#709,#735,#737,.T.);
#735 = VERTEX_POINT('',#736);
#736 = CARTESIAN_POINT('',(69.137867965644,3.716800153779,-5.));
#737 = SURFACE_CURVE('',#738,(#742,#748),.PCURVE_S1.);
#738 = LINE('',#739,#740);
#739 = CARTESIAN_POINT('',(66.974500465449,3.716800153779,-5.));
#740 = VECTOR('',#741,1.);
#741 = DIRECTION('',(-1.,0.,0.));
#742 = PCURVE('',#44,#743);
#743 = DEFINITIONAL_REPRESENTATION('',(#744),#747);
#744 = B_SPLINE_CURVE_WITH_KNOTS('',1,(#745,#746),.UNSPECIFIED.,.F.,.F.,
  (2,2),(-3.887631568907,-2.163367500195),.PIECEWISE_BEZIER_KNOTS.);
#745 = CARTESIAN_POINT('',(6.050999069102,14.716800153779));
#746 = CARTESIAN_POINT('',(4.32673500039,14.716800153779));
#747 = ( GEOMETRIC_REPRESENTATION_CONTEXT(2) 
PARAMETRIC_REPRESENTATION_CONTEXT() REPRESENTATION_CONTEXT('2D SPACE',''
  ) );
#748 = PCURVE('',#749,#754);
#749 = PLANE('',#750);
#750 = AXIS2_PLACEMENT_3D('',#751,#752,#753);
#751 = CARTESIAN_POINT('',(69.137867965644,7.464466094067,
    -8.747665940289));
#752 = DIRECTION('',(0.,0.707106781187,0.707106781187));
#753 = DIRECTION('',(1.,0.,0.));
#754 = DEFINITIONAL_REPRESENTATION('',(#755),#758);
#755 = B_SPLINE_CURVE_WITH_KNOTS('',1,(#756,#757),.UNSPECIFIED.,.F.,.F.,
  (2,2),(-3.887631568907,-2.163367500195),.PIECEWISE_BEZIER_KNOTS.);
#756 = CARTESIAN_POINT('',(1.724264068712,-5.3));
#757 = CARTESIAN_POINT('',(0.,-5.3));
#758 = ( GEOMETRIC_REPRESENTATION_CONTEXT(2) 
PARAMETRIC_REPRESENTATION_CONTEXT() REPRESENTATION_CONTEXT('2D SPACE',''
  ) );
#759 = ORIENTED_EDGE('',*,*,#760,.T.);
#760 = EDGE_CURVE('',#735,#761,#763,.T.);
#761 = VERTEX_POINT('',#762);
#762 = CARTESIAN_POINT('',(66.787867965644,7.040202025355,-5.));
#763 = SURFACE_CURVE('',#764,(#768,#774),.PCURVE_S1.);
#764 = LINE('',#765,#766);
#765 = CARTESIAN_POINT('',(70.218861860947,2.188043926198,-5.));
#766 = VECTOR('',#767,1.);
#767 = DIRECTION('',(-0.57735026919,0.816496580928,0.));
#768 = PCURVE('',#44,#769);
#769 = DEFINITIONAL_REPRESENTATION('',(#770),#773);
#770 = B_SPLINE_CURVE_WITH_KNOTS('',1,(#771,#772),.UNSPECIFIED.,.F.,.F.,
  (2,2),(1.872336349337,5.942655747124),.PIECEWISE_BEZIER_KNOTS.);
#771 = CARTESIAN_POINT('',(4.32673500039,14.716800153779));
#772 = CARTESIAN_POINT('',(1.97673500039,18.040202025355));
#773 = ( GEOMETRIC_REPRESENTATION_CONTEXT(2) 
PARAMETRIC_REPRESENTATION_CONTEXT() REPRESENTATION_CONTEXT('2D SPACE',''
  ) );
#774 = PCURVE('',#775,#780);
#775 = PLANE('',#776);
#776 = AXIS2_PLACEMENT_3D('',#777,#778,#779);
#777 = CARTESIAN_POINT('',(66.787867965644,9.126167029856,-7.0859650045)
  );
#778 = DIRECTION('',(0.707106781187,0.5,0.5));
#779 = DIRECTION('',(0.707106781187,-0.5,-0.5));
#780 = DEFINITIONAL_REPRESENTATION('',(#781),#784);
#781 = B_SPLINE_CURVE_WITH_KNOTS('',1,(#782,#783),.UNSPECIFIED.,.F.,.F.,
  (2,2),(1.872336349337,5.942655747124),.PIECEWISE_BEZIER_KNOTS.);
#782 = CARTESIAN_POINT('',(3.323401871577,-5.3));
#783 = CARTESIAN_POINT('',(0.,-2.95));
#784 = ( GEOMETRIC_REPRESENTATION_CONTEXT(2) 
PARAMETRIC_REPRESENTATION_CONTEXT() REPRESENTATION_CONTEXT('2D SPACE',''
  ) );
#785 = ORIENTED_EDGE('',*,*,#786,.T.);
#786 = EDGE_CURVE('',#761,#787,#789,.T.);
#787 = VERTEX_POINT('',#788);
#788 = CARTESIAN_POINT('',(68.85,9.956497115746,-5.));
#789 = SURFACE_CURVE('',#790,(#794,#800),.PCURVE_S1.);
#790 = LINE('',#791,#792);
#791 = CARTESIAN_POINT('',(63.38533974833,2.228300474072,-5.));
#792 = VECTOR('',#793,1.);
#793 = DIRECTION('',(0.57735026919,0.816496580928,-0.));
#794 = PCURVE('',#44,#795);
#795 = DEFINITIONAL_REPRESENTATION('',(#796),#799);
#796 = B_SPLINE_CURVE_WITH_KNOTS('',1,(#797,#798),.UNSPECIFIED.,.F.,.F.,
  (2,2),(5.893351746575,9.465069201995),.PIECEWISE_BEZIER_KNOTS.);
#797 = CARTESIAN_POINT('',(1.97673500039,18.040202025355));
#798 = CARTESIAN_POINT('',(4.038867034746,20.956497115746));
#799 = ( GEOMETRIC_REPRESENTATION_CONTEXT(2) 
PARAMETRIC_REPRESENTATION_CONTEXT() REPRESENTATION_CONTEXT('2D SPACE',''
  ) );
#800 = PCURVE('',#801,#806);
#801 = PLANE('',#802);
#802 = AXIS2_PLACEMENT_3D('',#803,#804,#805);
#803 = CARTESIAN_POINT('',(68.85,10.584314575051,-5.627817459305));
#804 = DIRECTION('',(0.707106781187,-0.5,-0.5));
#805 = DIRECTION('',(-0.707106781187,-0.5,-0.5));
#806 = DEFINITIONAL_REPRESENTATION('',(#807),#810);
#807 = B_SPLINE_CURVE_WITH_KNOTS('',1,(#808,#809),.UNSPECIFIED.,.F.,.F.,
  (2,2),(5.893351746575,9.465069201995),.PIECEWISE_BEZIER_KNOTS.);
#808 = CARTESIAN_POINT('',(2.91629509039,-2.95));
#809 = CARTESIAN_POINT('',(-8.881784197001E-16,-0.887867965644));
#810 = ( GEOMETRIC_REPRESENTATION_CONTEXT(2) 
PARAMETRIC_REPRESENTATION_CONTEXT() REPRESENTATION_CONTEXT('2D SPACE',''
  ) );
#811 = ORIENTED_EDGE('',*,*,#812,.T.);
#812 = EDGE_CURVE('',#787,#556,#813,.T.);
#813 = SURFACE_CURVE('',#814,(#818,#824),.PCURVE_S1.);
#814 = LINE('',#815,#816);
#815 = CARTESIAN_POINT('',(68.85,0.313908729653,-5.));
#816 = VECTOR('',#817,1.);
#817 = DIRECTION('',(0.,1.,0.));
#818 = PCURVE('',#44,#819);
#819 = DEFINITIONAL_REPRESENTATION('',(#820),#823);
#820 = B_SPLINE_CURVE_WITH_KNOTS('',1,(#821,#822),.UNSPECIFIED.,.F.,.F.,
  (2,2),(9.642588386093,10.686091270347),.PIECEWISE_BEZIER_KNOTS.);
#821 = CARTESIAN_POINT('',(4.038867034746,20.956497115746));
#822 = CARTESIAN_POINT('',(4.038867034746,22.));
#823 = ( GEOMETRIC_REPRESENTATION_CONTEXT(2) 
PARAMETRIC_REPRESENTATION_CONTEXT() REPRESENTATION_CONTEXT('2D SPACE',''
  ) );
#824 = PCURVE('',#825,#830);
#825 = PLANE('',#826);
#826 = AXIS2_PLACEMENT_3D('',#827,#828,#829);
#827 = CARTESIAN_POINT('',(68.85,11.627817459305,-4.584314575051));
#828 = DIRECTION('',(1.,0.,0.));
#829 = DIRECTION('',(0.,-0.707106781187,-0.707106781187));
#830 = DEFINITIONAL_REPRESENTATION('',(#831),#834);
#831 = B_SPLINE_CURVE_WITH_KNOTS('',1,(#832,#833),.UNSPECIFIED.,.F.,.F.,
  (2,2),(9.642588386093,10.686091270347),.PIECEWISE_BEZIER_KNOTS.);
#832 = CARTESIAN_POINT('',(1.475735931288,-0.887867965644));
#833 = CARTESIAN_POINT('',(0.737867965644,-0.15));
#834 = ( GEOMETRIC_REPRESENTATION_CONTEXT(2) 
PARAMETRIC_REPRESENTATION_CONTEXT() REPRESENTATION_CONTEXT('2D SPACE',''
  ) );
#835 = FACE_BOUND('',#836,.F.);
#836 = EDGE_LOOP('',(#837));
#837 = ORIENTED_EDGE('',*,*,#838,.T.);
#838 = EDGE_CURVE('',#839,#839,#841,.T.);
#839 = VERTEX_POINT('',#840);
#840 = CARTESIAN_POINT('',(63.85,0.,-5.));
#841 = SURFACE_CURVE('',#842,(#847,#858),.PCURVE_S1.);
#842 = CIRCLE('',#843,2.05);
#843 = AXIS2_PLACEMENT_3D('',#844,#845,#846);
#844 = CARTESIAN_POINT('',(65.9,0.,-5.));
#845 = DIRECTION('',(0.,-0.,-1.));
#846 = DIRECTION('',(-1.,-0.,0.));
#847 = PCURVE('',#44,#848);
#848 = DEFINITIONAL_REPRESENTATION('',(#849),#857);
#849 = ( BOUNDED_CURVE() B_SPLINE_CURVE(2,(#850,#851,#852,#853,#854,#855
,#856),.UNSPECIFIED.,.T.,.F.) B_SPLINE_CURVE_WITH_KNOTS((1,2,2,2,2,1),(
    -2.094395102393,0.,2.094395102393,4.188790204786,6.28318530718,
8.377580409573),.UNSPECIFIED.) CURVE() GEOMETRIC_REPRESENTATION_ITEM() 
RATIONAL_B_SPLINE_CURVE((1.,0.5,1.,0.5,1.,0.5,1.)) REPRESENTATION_ITEM(
  '') );
#850 = CARTESIAN_POINT('',(-0.961132965254,11.));
#851 = CARTESIAN_POINT('',(-0.961132965254,14.550704155516));
#852 = CARTESIAN_POINT('',(2.113867034746,12.775352077758));
#853 = CARTESIAN_POINT('',(5.188867034746,11.));
#854 = CARTESIAN_POINT('',(2.113867034746,9.224647922242));
#855 = CARTESIAN_POINT('',(-0.961132965254,7.449295844484));
#856 = CARTESIAN_POINT('',(-0.961132965254,11.));
#857 = ( GEOMETRIC_REPRESENTATION_CONTEXT(2) 
PARAMETRIC_REPRESENTATION_CONTEXT() REPRESENTATION_CONTEXT('2D SPACE',''
  ) );
#858 = PCURVE('',#859,#864);
#859 = CYLINDRICAL_SURFACE('',#860,2.05);
#860 = AXIS2_PLACEMENT_3D('',#861,#862,#863);
#861 = CARTESIAN_POINT('',(65.9,0.,-5.5));
#862 = DIRECTION('',(0.,-0.,-1.));
#863 = DIRECTION('',(-1.,-0.,-0.));
#864 = DEFINITIONAL_REPRESENTATION('',(#865),#869);
#865 = LINE('',#866,#867);
#866 = CARTESIAN_POINT('',(0.,-0.5));
#867 = VECTOR('',#868,1.);
#868 = DIRECTION('',(1.,0.));
#869 = ( GEOMETRIC_REPRESENTATION_CONTEXT(2) 
PARAMETRIC_REPRESENTATION_CONTEXT() REPRESENTATION_CONTEXT('2D SPACE',''
  ) );
#870 = ADVANCED_FACE('',(#871),#407,.T.);
#871 = FACE_BOUND('',#872,.T.);
#872 = EDGE_LOOP('',(#873,#894,#895,#896,#919));
#873 = ORIENTED_EDGE('',*,*,#874,.F.);
#874 = EDGE_CURVE('',#368,#875,#877,.T.);
#875 = VERTEX_POINT('',#876);
#876 = CARTESIAN_POINT('',(74.811132965254,-9.4,17.5));
#877 = SURFACE_CURVE('',#878,(#882,#888),.PCURVE_S1.);
#878 = LINE('',#879,#880);
#879 = CARTESIAN_POINT('',(74.811132965254,-10.2,17.5));
#880 = VECTOR('',#881,1.);
#881 = DIRECTION('',(-0.,1.,0.));
#882 = PCURVE('',#407,#883);
#883 = DEFINITIONAL_REPRESENTATION('',(#884),#887);
#884 = B_SPLINE_CURVE_WITH_KNOTS('',1,(#885,#886),.UNSPECIFIED.,.F.,.F.,
  (2,2),(-0.8,0.8),.PIECEWISE_BEZIER_KNOTS.);
#885 = CARTESIAN_POINT('',(22.5,0.));
#886 = CARTESIAN_POINT('',(22.5,-1.6));
#887 = ( GEOMETRIC_REPRESENTATION_CONTEXT(2) 
PARAMETRIC_REPRESENTATION_CONTEXT() REPRESENTATION_CONTEXT('2D SPACE',''
  ) );
#888 = PCURVE('',#382,#889);
#889 = DEFINITIONAL_REPRESENTATION('',(#890),#893);
#890 = B_SPLINE_CURVE_WITH_KNOTS('',1,(#891,#892),.UNSPECIFIED.,.F.,.F.,
  (2,2),(-0.8,0.8),.PIECEWISE_BEZIER_KNOTS.);
#891 = CARTESIAN_POINT('',(1.6,-14.81113296525));
#892 = CARTESIAN_POINT('',(0.,-14.81113296525));
#893 = ( GEOMETRIC_REPRESENTATION_CONTEXT(2) 
PARAMETRIC_REPRESENTATION_CONTEXT() REPRESENTATION_CONTEXT('2D SPACE',''
  ) );
#894 = ORIENTED_EDGE('',*,*,#393,.F.);
#895 = ORIENTED_EDGE('',*,*,#605,.T.);
#896 = ORIENTED_EDGE('',*,*,#897,.T.);
#897 = EDGE_CURVE('',#606,#898,#900,.T.);
#898 = VERTEX_POINT('',#899);
#899 = CARTESIAN_POINT('',(74.811132965254,11.,-2.9));
#900 = SURFACE_CURVE('',#901,(#905,#912),.PCURVE_S1.);
#901 = LINE('',#902,#903);
#902 = CARTESIAN_POINT('',(74.811132965254,11.,-5.));
#903 = VECTOR('',#904,1.);
#904 = DIRECTION('',(0.,0.,1.));
#905 = PCURVE('',#407,#906);
#906 = DEFINITIONAL_REPRESENTATION('',(#907),#911);
#907 = LINE('',#908,#909);
#908 = CARTESIAN_POINT('',(0.,-22.));
#909 = VECTOR('',#910,1.);
#910 = DIRECTION('',(1.,0.));
#911 = ( GEOMETRIC_REPRESENTATION_CONTEXT(2) 
PARAMETRIC_REPRESENTATION_CONTEXT() REPRESENTATION_CONTEXT('2D SPACE',''
  ) );
#912 = PCURVE('',#644,#913);
#913 = DEFINITIONAL_REPRESENTATION('',(#914),#918);
#914 = LINE('',#915,#916);
#915 = CARTESIAN_POINT('',(0.,10.));
#916 = VECTOR('',#917,1.);
#917 = DIRECTION('',(1.,0.));
#918 = ( GEOMETRIC_REPRESENTATION_CONTEXT(2) 
PARAMETRIC_REPRESENTATION_CONTEXT() REPRESENTATION_CONTEXT('2D SPACE',''
  ) );
#919 = ORIENTED_EDGE('',*,*,#920,.F.);
#920 = EDGE_CURVE('',#875,#898,#921,.T.);
#921 = SURFACE_CURVE('',#922,(#926,#932),.PCURVE_S1.);
#922 = LINE('',#923,#924);
#923 = CARTESIAN_POINT('',(74.811132965254,40.525,-32.425));
#924 = VECTOR('',#925,1.);
#925 = DIRECTION('',(0.,0.707106781187,-0.707106781187));
#926 = PCURVE('',#407,#927);
#927 = DEFINITIONAL_REPRESENTATION('',(#928),#931);
#928 = B_SPLINE_CURVE_WITH_KNOTS('',1,(#929,#930),.UNSPECIFIED.,.F.,.F.,
  (2,2),(-70.60461210147,-41.75465542906),.PIECEWISE_BEZIER_KNOTS.);
#929 = CARTESIAN_POINT('',(22.5,-1.6));
#930 = CARTESIAN_POINT('',(2.1,-22.));
#931 = ( GEOMETRIC_REPRESENTATION_CONTEXT(2) 
PARAMETRIC_REPRESENTATION_CONTEXT() REPRESENTATION_CONTEXT('2D SPACE',''
  ) );
#932 = PCURVE('',#933,#938);
#933 = PLANE('',#934);
#934 = AXIS2_PLACEMENT_3D('',#935,#936,#937);
#935 = CARTESIAN_POINT('',(60.,80.,-71.9));
#936 = DIRECTION('',(0.,-0.707106781187,-0.707106781187));
#937 = DIRECTION('',(0.,-0.707106781187,0.707106781187));
#938 = DEFINITIONAL_REPRESENTATION('',(#939),#942);
#939 = B_SPLINE_CURVE_WITH_KNOTS('',1,(#940,#941),.UNSPECIFIED.,.F.,.F.,
  (2,2),(-70.60461210147,-41.75465542906),.PIECEWISE_BEZIER_KNOTS.);
#940 = CARTESIAN_POINT('',(126.43069247615,-14.81113296525));
#941 = CARTESIAN_POINT('',(97.580735803744,-14.81113296525));
#942 = ( GEOMETRIC_REPRESENTATION_CONTEXT(2) 
PARAMETRIC_REPRESENTATION_CONTEXT() REPRESENTATION_CONTEXT('2D SPACE',''
  ) );
#943 = ADVANCED_FACE('',(#944),#382,.F.);
#944 = FACE_BOUND('',#945,.F.);
#945 = EDGE_LOOP('',(#946,#947,#970,#991));
#946 = ORIENTED_EDGE('',*,*,#367,.T.);
#947 = ORIENTED_EDGE('',*,*,#948,.F.);
#948 = EDGE_CURVE('',#949,#342,#951,.T.);
#949 = VERTEX_POINT('',#950);
#950 = CARTESIAN_POINT('',(72.,-9.4,17.5));
#951 = SURFACE_CURVE('',#952,(#956,#963),.PCURVE_S1.);
#952 = LINE('',#953,#954);
#953 = CARTESIAN_POINT('',(72.,-7.8,17.5));
#954 = VECTOR('',#955,1.);
#955 = DIRECTION('',(0.,-1.,0.));
#956 = PCURVE('',#382,#957);
#957 = DEFINITIONAL_REPRESENTATION('',(#958),#962);
#958 = LINE('',#959,#960);
#959 = CARTESIAN_POINT('',(-1.6,-12.));
#960 = VECTOR('',#961,1.);
#961 = DIRECTION('',(1.,0.));
#962 = ( GEOMETRIC_REPRESENTATION_CONTEXT(2) 
PARAMETRIC_REPRESENTATION_CONTEXT() REPRESENTATION_CONTEXT('2D SPACE',''
  ) );
#963 = PCURVE('',#356,#964);
#964 = DEFINITIONAL_REPRESENTATION('',(#965),#969);
#965 = LINE('',#966,#967);
#966 = CARTESIAN_POINT('',(1.6,0.));
#967 = VECTOR('',#968,1.);
#968 = DIRECTION('',(0.,-1.));
#969 = ( GEOMETRIC_REPRESENTATION_CONTEXT(2) 
PARAMETRIC_REPRESENTATION_CONTEXT() REPRESENTATION_CONTEXT('2D SPACE',''
  ) );
#970 = ORIENTED_EDGE('',*,*,#971,.T.);
#971 = EDGE_CURVE('',#949,#875,#972,.T.);
#972 = SURFACE_CURVE('',#973,(#977,#984),.PCURVE_S1.);
#973 = LINE('',#974,#975);
#974 = CARTESIAN_POINT('',(60.,-9.4,17.5));
#975 = VECTOR('',#976,1.);
#976 = DIRECTION('',(1.,0.,0.));
#977 = PCURVE('',#382,#978);
#978 = DEFINITIONAL_REPRESENTATION('',(#979),#983);
#979 = LINE('',#980,#981);
#980 = CARTESIAN_POINT('',(0.,-0.));
#981 = VECTOR('',#982,1.);
#982 = DIRECTION('',(0.,-1.));
#983 = ( GEOMETRIC_REPRESENTATION_CONTEXT(2) 
PARAMETRIC_REPRESENTATION_CONTEXT() REPRESENTATION_CONTEXT('2D SPACE',''
  ) );
#984 = PCURVE('',#933,#985);
#985 = DEFINITIONAL_REPRESENTATION('',(#986),#990);
#986 = LINE('',#987,#988);
#987 = CARTESIAN_POINT('',(126.43069247615,0.));
#988 = VECTOR('',#989,1.);
#989 = DIRECTION('',(0.,-1.));
#990 = ( GEOMETRIC_REPRESENTATION_CONTEXT(2) 
PARAMETRIC_REPRESENTATION_CONTEXT() REPRESENTATION_CONTEXT('2D SPACE',''
  ) );
#991 = ORIENTED_EDGE('',*,*,#874,.F.);
#992 = ADVANCED_FACE('',(#993),#356,.T.);
#993 = FACE_BOUND('',#994,.T.);
#994 = EDGE_LOOP('',(#995,#1016,#1037,#1038));
#995 = ORIENTED_EDGE('',*,*,#996,.T.);
#996 = EDGE_CURVE('',#949,#997,#999,.T.);
#997 = VERTEX_POINT('',#998);
#998 = CARTESIAN_POINT('',(72.,-7.8,15.9));
#999 = SURFACE_CURVE('',#1000,(#1004,#1010),.PCURVE_S1.);
#1000 = LINE('',#1001,#1002);
#1001 = CARTESIAN_POINT('',(72.,36.1,-28.));
#1002 = VECTOR('',#1003,1.);
#1003 = DIRECTION('',(0.,0.707106781187,-0.707106781187));
#1004 = PCURVE('',#356,#1005);
#1005 = DEFINITIONAL_REPRESENTATION('',(#1006),#1009);
#1006 = B_SPLINE_CURVE_WITH_KNOTS('',1,(#1007,#1008),.UNSPECIFIED.,.F.,
  .F.,(2,2),(-64.34671708797,-62.08397538817),.PIECEWISE_BEZIER_KNOTS.);
#1007 = CARTESIAN_POINT('',(1.6,-1.6));
#1008 = CARTESIAN_POINT('',(7.105427357601E-15,-2.13162820728E-14));
#1009 = ( GEOMETRIC_REPRESENTATION_CONTEXT(2) 
PARAMETRIC_REPRESENTATION_CONTEXT() REPRESENTATION_CONTEXT('2D SPACE',''
  ) );
#1010 = PCURVE('',#933,#1011);
#1011 = DEFINITIONAL_REPRESENTATION('',(#1012),#1015);
#1012 = B_SPLINE_CURVE_WITH_KNOTS('',1,(#1013,#1014),.UNSPECIFIED.,.F.,
  .F.,(2,2),(-64.34671708797,-62.08397538817),.PIECEWISE_BEZIER_KNOTS.);
#1013 = CARTESIAN_POINT('',(126.43069247615,-12.));
#1014 = CARTESIAN_POINT('',(124.16795077635,-12.));
#1015 = ( GEOMETRIC_REPRESENTATION_CONTEXT(2) 
PARAMETRIC_REPRESENTATION_CONTEXT() REPRESENTATION_CONTEXT('2D SPACE',''
  ) );
#1016 = ORIENTED_EDGE('',*,*,#1017,.T.);
#1017 = EDGE_CURVE('',#997,#316,#1018,.T.);
#1018 = SURFACE_CURVE('',#1019,(#1023,#1030),.PCURVE_S1.);
#1019 = LINE('',#1020,#1021);
#1020 = CARTESIAN_POINT('',(72.,-7.8,15.9));
#1021 = VECTOR('',#1022,1.);
#1022 = DIRECTION('',(0.,-1.,0.));
#1023 = PCURVE('',#356,#1024);
#1024 = DEFINITIONAL_REPRESENTATION('',(#1025),#1029);
#1025 = LINE('',#1026,#1027);
#1026 = CARTESIAN_POINT('',(0.,0.));
#1027 = VECTOR('',#1028,1.);
#1028 = DIRECTION('',(0.,-1.));
#1029 = ( GEOMETRIC_REPRESENTATION_CONTEXT(2) 
PARAMETRIC_REPRESENTATION_CONTEXT() REPRESENTATION_CONTEXT('2D SPACE',''
  ) );
#1030 = PCURVE('',#330,#1031);
#1031 = DEFINITIONAL_REPRESENTATION('',(#1032),#1036);
#1032 = LINE('',#1033,#1034);
#1033 = CARTESIAN_POINT('',(2.262741699797,0.));
#1034 = VECTOR('',#1035,1.);
#1035 = DIRECTION('',(0.,-1.));
#1036 = ( GEOMETRIC_REPRESENTATION_CONTEXT(2) 
PARAMETRIC_REPRESENTATION_CONTEXT() REPRESENTATION_CONTEXT('2D SPACE',''
  ) );
#1037 = ORIENTED_EDGE('',*,*,#341,.T.);
#1038 = ORIENTED_EDGE('',*,*,#948,.F.);
#1039 = ADVANCED_FACE('',(#1040),#330,.T.);
#1040 = FACE_BOUND('',#1041,.T.);
#1041 = EDGE_LOOP('',(#1042,#1070,#1091,#1092,#1093,#1121));
#1042 = ORIENTED_EDGE('',*,*,#1043,.T.);
#1043 = EDGE_CURVE('',#1044,#1046,#1048,.T.);
#1044 = VERTEX_POINT('',#1045);
#1045 = CARTESIAN_POINT('',(73.4,-8.,14.5));
#1046 = VERTEX_POINT('',#1047);
#1047 = CARTESIAN_POINT('',(73.6,-8.,14.3));
#1048 = SURFACE_CURVE('',#1049,(#1053,#1059),.PCURVE_S1.);
#1049 = LINE('',#1050,#1051);
#1050 = CARTESIAN_POINT('',(75.625,-8.,12.275));
#1051 = VECTOR('',#1052,1.);
#1052 = DIRECTION('',(0.707106781187,0.,-0.707106781187));
#1053 = PCURVE('',#330,#1054);
#1054 = DEFINITIONAL_REPRESENTATION('',(#1055),#1058);
#1055 = B_SPLINE_CURVE_WITH_KNOTS('',1,(#1056,#1057),.UNSPECIFIED.,.F.,
  .F.,(2,2),(-3.14662517628,-2.863782463806),.PIECEWISE_BEZIER_KNOTS.);
#1056 = CARTESIAN_POINT('',(0.282842712475,-0.2));
#1057 = CARTESIAN_POINT('',(0.,-0.2));
#1058 = ( GEOMETRIC_REPRESENTATION_CONTEXT(2) 
PARAMETRIC_REPRESENTATION_CONTEXT() REPRESENTATION_CONTEXT('2D SPACE',''
  ) );
#1059 = PCURVE('',#1060,#1065);
#1060 = PLANE('',#1061);
#1061 = AXIS2_PLACEMENT_3D('',#1062,#1063,#1064);
#1062 = CARTESIAN_POINT('',(73.9,-8.,6.5));
#1063 = DIRECTION('',(-0.,1.,0.));
#1064 = DIRECTION('',(0.,0.,-1.));
#1065 = DEFINITIONAL_REPRESENTATION('',(#1066),#1069);
#1066 = B_SPLINE_CURVE_WITH_KNOTS('',1,(#1067,#1068),.UNSPECIFIED.,.F.,
  .F.,(2,2),(-3.14662517628,-2.863782463806),.PIECEWISE_BEZIER_KNOTS.);
#1067 = CARTESIAN_POINT('',(-8.,0.5));
#1068 = CARTESIAN_POINT('',(-7.8,0.3));
#1069 = ( GEOMETRIC_REPRESENTATION_CONTEXT(2) 
PARAMETRIC_REPRESENTATION_CONTEXT() REPRESENTATION_CONTEXT('2D SPACE',''
  ) );
#1070 = ORIENTED_EDGE('',*,*,#1071,.T.);
#1071 = EDGE_CURVE('',#1046,#290,#1072,.T.);
#1072 = SURFACE_CURVE('',#1073,(#1077,#1084),.PCURVE_S1.);
#1073 = LINE('',#1074,#1075);
#1074 = CARTESIAN_POINT('',(73.6,-7.8,14.3));
#1075 = VECTOR('',#1076,1.);
#1076 = DIRECTION('',(0.,-1.,0.));
#1077 = PCURVE('',#330,#1078);
#1078 = DEFINITIONAL_REPRESENTATION('',(#1079),#1083);
#1079 = LINE('',#1080,#1081);
#1080 = CARTESIAN_POINT('',(0.,0.));
#1081 = VECTOR('',#1082,1.);
#1082 = DIRECTION('',(0.,-1.));
#1083 = ( GEOMETRIC_REPRESENTATION_CONTEXT(2) 
PARAMETRIC_REPRESENTATION_CONTEXT() REPRESENTATION_CONTEXT('2D SPACE',''
  ) );
#1084 = PCURVE('',#304,#1085);
#1085 = DEFINITIONAL_REPRESENTATION('',(#1086),#1090);
#1086 = LINE('',#1087,#1088);
#1087 = CARTESIAN_POINT('',(2.262741699797,0.));
#1088 = VECTOR('',#1089,1.);
#1089 = DIRECTION('',(0.,-1.));
#1090 = ( GEOMETRIC_REPRESENTATION_CONTEXT(2) 
PARAMETRIC_REPRESENTATION_CONTEXT() REPRESENTATION_CONTEXT('2D SPACE',''
  ) );
#1091 = ORIENTED_EDGE('',*,*,#315,.T.);
#1092 = ORIENTED_EDGE('',*,*,#1017,.F.);
#1093 = ORIENTED_EDGE('',*,*,#1094,.F.);
#1094 = EDGE_CURVE('',#1095,#997,#1097,.T.);
#1095 = VERTEX_POINT('',#1096);
#1096 = CARTESIAN_POINT('',(73.4,-7.8,14.5));
#1097 = SURFACE_CURVE('',#1098,(#1102,#1109),.PCURVE_S1.);
#1098 = LINE('',#1099,#1100);
#1099 = CARTESIAN_POINT('',(73.6,-7.8,14.3));
#1100 = VECTOR('',#1101,1.);
#1101 = DIRECTION('',(-0.707106781187,0.,0.707106781187));
#1102 = PCURVE('',#330,#1103);
#1103 = DEFINITIONAL_REPRESENTATION('',(#1104),#1108);
#1104 = LINE('',#1105,#1106);
#1105 = CARTESIAN_POINT('',(0.,0.));
#1106 = VECTOR('',#1107,1.);
#1107 = DIRECTION('',(1.,0.));
#1108 = ( GEOMETRIC_REPRESENTATION_CONTEXT(2) 
PARAMETRIC_REPRESENTATION_CONTEXT() REPRESENTATION_CONTEXT('2D SPACE',''
  ) );
#1109 = PCURVE('',#1110,#1115);
#1110 = PLANE('',#1111);
#1111 = AXIS2_PLACEMENT_3D('',#1112,#1113,#1114);
#1112 = CARTESIAN_POINT('',(70.,-7.8,14.824441471278));
#1113 = DIRECTION('',(-0.,-1.,-0.));
#1114 = DIRECTION('',(0.,0.,-1.));
#1115 = DEFINITIONAL_REPRESENTATION('',(#1116),#1120);
#1116 = LINE('',#1117,#1118);
#1117 = CARTESIAN_POINT('',(0.524441471278,3.6));
#1118 = VECTOR('',#1119,1.);
#1119 = DIRECTION('',(-0.707106781187,-0.707106781187));
#1120 = ( GEOMETRIC_REPRESENTATION_CONTEXT(2) 
PARAMETRIC_REPRESENTATION_CONTEXT() REPRESENTATION_CONTEXT('2D SPACE',''
  ) );
#1121 = ORIENTED_EDGE('',*,*,#1122,.F.);
#1122 = EDGE_CURVE('',#1044,#1095,#1123,.T.);
#1123 = SURFACE_CURVE('',#1124,(#1128,#1134),.PCURVE_S1.);
#1124 = LINE('',#1125,#1126);
#1125 = CARTESIAN_POINT('',(73.4,-7.9,14.5));
#1126 = VECTOR('',#1127,1.);
#1127 = DIRECTION('',(0.,1.,0.));
#1128 = PCURVE('',#330,#1129);
#1129 = DEFINITIONAL_REPRESENTATION('',(#1130),#1133);
#1130 = B_SPLINE_CURVE_WITH_KNOTS('',1,(#1131,#1132),.UNSPECIFIED.,.F.,
  .F.,(2,2),(-1.E-01,0.1),.PIECEWISE_BEZIER_KNOTS.);
#1131 = CARTESIAN_POINT('',(0.282842712475,-0.2));
#1132 = CARTESIAN_POINT('',(0.282842712475,0.));
#1133 = ( GEOMETRIC_REPRESENTATION_CONTEXT(2) 
PARAMETRIC_REPRESENTATION_CONTEXT() REPRESENTATION_CONTEXT('2D SPACE',''
  ) );
#1134 = PCURVE('',#1135,#1140);
#1135 = PLANE('',#1136);
#1136 = AXIS2_PLACEMENT_3D('',#1137,#1138,#1139);
#1137 = CARTESIAN_POINT('',(73.9,-8.,14.5));
#1138 = DIRECTION('',(0.,0.,1.));
#1139 = DIRECTION('',(1.,0.,0.));
#1140 = DEFINITIONAL_REPRESENTATION('',(#1141),#1144);
#1141 = B_SPLINE_CURVE_WITH_KNOTS('',1,(#1142,#1143),.UNSPECIFIED.,.F.,
  .F.,(2,2),(-1.E-01,0.1),.PIECEWISE_BEZIER_KNOTS.);
#1142 = CARTESIAN_POINT('',(-0.5,0.));
#1143 = CARTESIAN_POINT('',(-0.5,0.2));
#1144 = ( GEOMETRIC_REPRESENTATION_CONTEXT(2) 
PARAMETRIC_REPRESENTATION_CONTEXT() REPRESENTATION_CONTEXT('2D SPACE',''
  ) );
#1145 = ADVANCED_FACE('',(#1146),#304,.T.);
#1146 = FACE_BOUND('',#1147,.T.);
#1147 = EDGE_LOOP('',(#1148,#1169,#1190,#1191));
#1148 = ORIENTED_EDGE('',*,*,#1149,.T.);
#1149 = EDGE_CURVE('',#1046,#1150,#1152,.T.);
#1150 = VERTEX_POINT('',#1151);
#1151 = CARTESIAN_POINT('',(72.,-8.,12.7));
#1152 = SURFACE_CURVE('',#1153,(#1157,#1163),.PCURVE_S1.);
#1153 = LINE('',#1154,#1155);
#1154 = CARTESIAN_POINT('',(70.925,-8.,11.625));
#1155 = VECTOR('',#1156,1.);
#1156 = DIRECTION('',(-0.707106781187,0.,-0.707106781187));
#1157 = PCURVE('',#304,#1158);
#1158 = DEFINITIONAL_REPRESENTATION('',(#1159),#1162);
#1159 = B_SPLINE_CURVE_WITH_KNOTS('',1,(#1160,#1161),.UNSPECIFIED.,.F.,
  .F.,(2,2),(-3.783021279348,-1.520279579551),.PIECEWISE_BEZIER_KNOTS.);
#1160 = CARTESIAN_POINT('',(2.262741699797,-0.2));
#1161 = CARTESIAN_POINT('',(0.,-0.2));
#1162 = ( GEOMETRIC_REPRESENTATION_CONTEXT(2) 
PARAMETRIC_REPRESENTATION_CONTEXT() REPRESENTATION_CONTEXT('2D SPACE',''
  ) );
#1163 = PCURVE('',#1060,#1164);
#1164 = DEFINITIONAL_REPRESENTATION('',(#1165),#1168);
#1165 = B_SPLINE_CURVE_WITH_KNOTS('',1,(#1166,#1167),.UNSPECIFIED.,.F.,
  .F.,(2,2),(-3.783021279348,-1.520279579551),.PIECEWISE_BEZIER_KNOTS.);
#1166 = CARTESIAN_POINT('',(-7.8,0.3));
#1167 = CARTESIAN_POINT('',(-6.2,1.9));
#1168 = ( GEOMETRIC_REPRESENTATION_CONTEXT(2) 
PARAMETRIC_REPRESENTATION_CONTEXT() REPRESENTATION_CONTEXT('2D SPACE',''
  ) );
#1169 = ORIENTED_EDGE('',*,*,#1170,.T.);
#1170 = EDGE_CURVE('',#1150,#264,#1171,.T.);
#1171 = SURFACE_CURVE('',#1172,(#1176,#1183),.PCURVE_S1.);
#1172 = LINE('',#1173,#1174);
#1173 = CARTESIAN_POINT('',(72.,-7.8,12.7));
#1174 = VECTOR('',#1175,1.);
#1175 = DIRECTION('',(0.,-1.,0.));
#1176 = PCURVE('',#304,#1177);
#1177 = DEFINITIONAL_REPRESENTATION('',(#1178),#1182);
#1178 = LINE('',#1179,#1180);
#1179 = CARTESIAN_POINT('',(0.,0.));
#1180 = VECTOR('',#1181,1.);
#1181 = DIRECTION('',(0.,-1.));
#1182 = ( GEOMETRIC_REPRESENTATION_CONTEXT(2) 
PARAMETRIC_REPRESENTATION_CONTEXT() REPRESENTATION_CONTEXT('2D SPACE',''
  ) );
#1183 = PCURVE('',#278,#1184);
#1184 = DEFINITIONAL_REPRESENTATION('',(#1185),#1189);
#1185 = LINE('',#1186,#1187);
#1186 = CARTESIAN_POINT('',(0.4,0.));
#1187 = VECTOR('',#1188,1.);
#1188 = DIRECTION('',(0.,-1.));
#1189 = ( GEOMETRIC_REPRESENTATION_CONTEXT(2) 
PARAMETRIC_REPRESENTATION_CONTEXT() REPRESENTATION_CONTEXT('2D SPACE',''
  ) );
#1190 = ORIENTED_EDGE('',*,*,#289,.T.);
#1191 = ORIENTED_EDGE('',*,*,#1071,.F.);
#1192 = ADVANCED_FACE('',(#1193),#278,.T.);
#1193 = FACE_BOUND('',#1194,.T.);
#1194 = EDGE_LOOP('',(#1195,#1216,#1237,#1238));
#1195 = ORIENTED_EDGE('',*,*,#1196,.T.);
#1196 = EDGE_CURVE('',#1150,#1197,#1199,.T.);
#1197 = VERTEX_POINT('',#1198);
#1198 = CARTESIAN_POINT('',(72.,-8.,12.3));
#1199 = SURFACE_CURVE('',#1200,(#1204,#1210),.PCURVE_S1.);
#1200 = LINE('',#1201,#1202);
#1201 = CARTESIAN_POINT('',(72.,-8.,9.4));
#1202 = VECTOR('',#1203,1.);
#1203 = DIRECTION('',(0.,0.,-1.));
#1204 = PCURVE('',#278,#1205);
#1205 = DEFINITIONAL_REPRESENTATION('',(#1206),#1209);
#1206 = B_SPLINE_CURVE_WITH_KNOTS('',1,(#1207,#1208),.UNSPECIFIED.,.F.,
  .F.,(2,2),(-3.3,-2.9),.PIECEWISE_BEZIER_KNOTS.);
#1207 = CARTESIAN_POINT('',(0.4,-0.2));
#1208 = CARTESIAN_POINT('',(0.,-0.2));
#1209 = ( GEOMETRIC_REPRESENTATION_CONTEXT(2) 
PARAMETRIC_REPRESENTATION_CONTEXT() REPRESENTATION_CONTEXT('2D SPACE',''
  ) );
#1210 = PCURVE('',#1060,#1211);
#1211 = DEFINITIONAL_REPRESENTATION('',(#1212),#1215);
#1212 = B_SPLINE_CURVE_WITH_KNOTS('',1,(#1213,#1214),.UNSPECIFIED.,.F.,
  .F.,(2,2),(-3.3,-2.9),.PIECEWISE_BEZIER_KNOTS.);
#1213 = CARTESIAN_POINT('',(-6.2,1.9));
#1214 = CARTESIAN_POINT('',(-5.8,1.9));
#1215 = ( GEOMETRIC_REPRESENTATION_CONTEXT(2) 
PARAMETRIC_REPRESENTATION_CONTEXT() REPRESENTATION_CONTEXT('2D SPACE',''
  ) );
#1216 = ORIENTED_EDGE('',*,*,#1217,.T.);
#1217 = EDGE_CURVE('',#1197,#238,#1218,.T.);
#1218 = SURFACE_CURVE('',#1219,(#1223,#1230),.PCURVE_S1.);
#1219 = LINE('',#1220,#1221);
#1220 = CARTESIAN_POINT('',(72.,-7.8,12.3));
#1221 = VECTOR('',#1222,1.);
#1222 = DIRECTION('',(0.,-1.,0.));
#1223 = PCURVE('',#278,#1224);
#1224 = DEFINITIONAL_REPRESENTATION('',(#1225),#1229);
#1225 = LINE('',#1226,#1227);
#1226 = CARTESIAN_POINT('',(0.,0.));
#1227 = VECTOR('',#1228,1.);
#1228 = DIRECTION('',(0.,-1.));
#1229 = ( GEOMETRIC_REPRESENTATION_CONTEXT(2) 
PARAMETRIC_REPRESENTATION_CONTEXT() REPRESENTATION_CONTEXT('2D SPACE',''
  ) );
#1230 = PCURVE('',#252,#1231);
#1231 = DEFINITIONAL_REPRESENTATION('',(#1232),#1236);
#1232 = LINE('',#1233,#1234);
#1233 = CARTESIAN_POINT('',(4.,0.));
#1234 = VECTOR('',#1235,1.);
#1235 = DIRECTION('',(0.,-1.));
#1236 = ( GEOMETRIC_REPRESENTATION_CONTEXT(2) 
PARAMETRIC_REPRESENTATION_CONTEXT() REPRESENTATION_CONTEXT('2D SPACE',''
  ) );
#1237 = ORIENTED_EDGE('',*,*,#263,.T.);
#1238 = ORIENTED_EDGE('',*,*,#1170,.F.);
#1239 = ADVANCED_FACE('',(#1240),#252,.T.);
#1240 = FACE_BOUND('',#1241,.T.);
#1241 = EDGE_LOOP('',(#1242,#1263,#1284,#1285));
#1242 = ORIENTED_EDGE('',*,*,#1243,.T.);
#1243 = EDGE_CURVE('',#1197,#1244,#1246,.T.);
#1244 = VERTEX_POINT('',#1245);
#1245 = CARTESIAN_POINT('',(68.,-8.,12.3));
#1246 = SURFACE_CURVE('',#1247,(#1251,#1257),.PCURVE_S1.);
#1247 = LINE('',#1248,#1249);
#1248 = CARTESIAN_POINT('',(70.95,-8.,12.3));
#1249 = VECTOR('',#1250,1.);
#1250 = DIRECTION('',(-1.,0.,0.));
#1251 = PCURVE('',#252,#1252);
#1252 = DEFINITIONAL_REPRESENTATION('',(#1253),#1256);
#1253 = B_SPLINE_CURVE_WITH_KNOTS('',1,(#1254,#1255),.UNSPECIFIED.,.F.,
  .F.,(2,2),(-1.05,2.95),.PIECEWISE_BEZIER_KNOTS.);
#1254 = CARTESIAN_POINT('',(4.,-0.2));
#1255 = CARTESIAN_POINT('',(0.,-0.2));
#1256 = ( GEOMETRIC_REPRESENTATION_CONTEXT(2) 
PARAMETRIC_REPRESENTATION_CONTEXT() REPRESENTATION_CONTEXT('2D SPACE',''
  ) );
#1257 = PCURVE('',#1060,#1258);
#1258 = DEFINITIONAL_REPRESENTATION('',(#1259),#1262);
#1259 = B_SPLINE_CURVE_WITH_KNOTS('',1,(#1260,#1261),.UNSPECIFIED.,.F.,
  .F.,(2,2),(-1.05,2.95),.PIECEWISE_BEZIER_KNOTS.);
#1260 = CARTESIAN_POINT('',(-5.8,1.9));
#1261 = CARTESIAN_POINT('',(-5.8,5.9));
#1262 = ( GEOMETRIC_REPRESENTATION_CONTEXT(2) 
PARAMETRIC_REPRESENTATION_CONTEXT() REPRESENTATION_CONTEXT('2D SPACE',''
  ) );
#1263 = ORIENTED_EDGE('',*,*,#1264,.T.);
#1264 = EDGE_CURVE('',#1244,#212,#1265,.T.);
#1265 = SURFACE_CURVE('',#1266,(#1270,#1277),.PCURVE_S1.);
#1266 = LINE('',#1267,#1268);
#1267 = CARTESIAN_POINT('',(68.,-7.8,12.3));
#1268 = VECTOR('',#1269,1.);
#1269 = DIRECTION('',(0.,-1.,0.));
#1270 = PCURVE('',#252,#1271);
#1271 = DEFINITIONAL_REPRESENTATION('',(#1272),#1276);
#1272 = LINE('',#1273,#1274);
#1273 = CARTESIAN_POINT('',(0.,0.));
#1274 = VECTOR('',#1275,1.);
#1275 = DIRECTION('',(0.,-1.));
#1276 = ( GEOMETRIC_REPRESENTATION_CONTEXT(2) 
PARAMETRIC_REPRESENTATION_CONTEXT() REPRESENTATION_CONTEXT('2D SPACE',''
  ) );
#1277 = PCURVE('',#226,#1278);
#1278 = DEFINITIONAL_REPRESENTATION('',(#1279),#1283);
#1279 = LINE('',#1280,#1281);
#1280 = CARTESIAN_POINT('',(0.4,0.));
#1281 = VECTOR('',#1282,1.);
#1282 = DIRECTION('',(0.,-1.));
#1283 = ( GEOMETRIC_REPRESENTATION_CONTEXT(2) 
PARAMETRIC_REPRESENTATION_CONTEXT() REPRESENTATION_CONTEXT('2D SPACE',''
  ) );
#1284 = ORIENTED_EDGE('',*,*,#237,.T.);
#1285 = ORIENTED_EDGE('',*,*,#1217,.F.);
#1286 = ADVANCED_FACE('',(#1287),#226,.T.);
#1287 = FACE_BOUND('',#1288,.T.);
#1288 = EDGE_LOOP('',(#1289,#1310,#1331,#1332));
#1289 = ORIENTED_EDGE('',*,*,#1290,.T.);
#1290 = EDGE_CURVE('',#1244,#1291,#1293,.T.);
#1291 = VERTEX_POINT('',#1292);
#1292 = CARTESIAN_POINT('',(68.,-8.,12.7));
#1293 = SURFACE_CURVE('',#1294,(#1298,#1304),.PCURVE_S1.);
#1294 = LINE('',#1295,#1296);
#1295 = CARTESIAN_POINT('',(68.,-8.,9.6));
#1296 = VECTOR('',#1297,1.);
#1297 = DIRECTION('',(0.,-0.,1.));
#1298 = PCURVE('',#226,#1299);
#1299 = DEFINITIONAL_REPRESENTATION('',(#1300),#1303);
#1300 = B_SPLINE_CURVE_WITH_KNOTS('',1,(#1301,#1302),.UNSPECIFIED.,.F.,
  .F.,(2,2),(2.7,3.1),.PIECEWISE_BEZIER_KNOTS.);
#1301 = CARTESIAN_POINT('',(0.4,-0.2));
#1302 = CARTESIAN_POINT('',(0.,-0.2));
#1303 = ( GEOMETRIC_REPRESENTATION_CONTEXT(2) 
PARAMETRIC_REPRESENTATION_CONTEXT() REPRESENTATION_CONTEXT('2D SPACE',''
  ) );
#1304 = PCURVE('',#1060,#1305);
#1305 = DEFINITIONAL_REPRESENTATION('',(#1306),#1309);
#1306 = B_SPLINE_CURVE_WITH_KNOTS('',1,(#1307,#1308),.UNSPECIFIED.,.F.,
  .F.,(2,2),(2.7,3.1),.PIECEWISE_BEZIER_KNOTS.);
#1307 = CARTESIAN_POINT('',(-5.8,5.9));
#1308 = CARTESIAN_POINT('',(-6.2,5.9));
#1309 = ( GEOMETRIC_REPRESENTATION_CONTEXT(2) 
PARAMETRIC_REPRESENTATION_CONTEXT() REPRESENTATION_CONTEXT('2D SPACE',''
  ) );
#1310 = ORIENTED_EDGE('',*,*,#1311,.T.);
#1311 = EDGE_CURVE('',#1291,#186,#1312,.T.);
#1312 = SURFACE_CURVE('',#1313,(#1317,#1324),.PCURVE_S1.);
#1313 = LINE('',#1314,#1315);
#1314 = CARTESIAN_POINT('',(68.,-7.8,12.7));
#1315 = VECTOR('',#1316,1.);
#1316 = DIRECTION('',(0.,-1.,0.));
#1317 = PCURVE('',#226,#1318);
#1318 = DEFINITIONAL_REPRESENTATION('',(#1319),#1323);
#1319 = LINE('',#1320,#1321);
#1320 = CARTESIAN_POINT('',(0.,0.));
#1321 = VECTOR('',#1322,1.);
#1322 = DIRECTION('',(0.,-1.));
#1323 = ( GEOMETRIC_REPRESENTATION_CONTEXT(2) 
PARAMETRIC_REPRESENTATION_CONTEXT() REPRESENTATION_CONTEXT('2D SPACE',''
  ) );
#1324 = PCURVE('',#200,#1325);
#1325 = DEFINITIONAL_REPRESENTATION('',(#1326),#1330);
#1326 = LINE('',#1327,#1328);
#1327 = CARTESIAN_POINT('',(2.262741699797,0.));
#1328 = VECTOR('',#1329,1.);
#1329 = DIRECTION('',(0.,-1.));
#1330 = ( GEOMETRIC_REPRESENTATION_CONTEXT(2) 
PARAMETRIC_REPRESENTATION_CONTEXT() REPRESENTATION_CONTEXT('2D SPACE',''
  ) );
#1331 = ORIENTED_EDGE('',*,*,#211,.T.);
#1332 = ORIENTED_EDGE('',*,*,#1264,.F.);
#1333 = ADVANCED_FACE('',(#1334),#200,.T.);
#1334 = FACE_BOUND('',#1335,.T.);
#1335 = EDGE_LOOP('',(#1336,#1357,#1378,#1379));
#1336 = ORIENTED_EDGE('',*,*,#1337,.T.);
#1337 = EDGE_CURVE('',#1291,#1338,#1340,.T.);
#1338 = VERTEX_POINT('',#1339);
#1339 = CARTESIAN_POINT('',(66.4,-8.,14.3));
#1340 = SURFACE_CURVE('',#1341,(#1345,#1351),.PCURVE_S1.);
#1341 = LINE('',#1342,#1343);
#1342 = CARTESIAN_POINT('',(70.225,-8.,10.475));
#1343 = VECTOR('',#1344,1.);
#1344 = DIRECTION('',(-0.707106781187,-0.,0.707106781187));
#1345 = PCURVE('',#200,#1346);
#1346 = DEFINITIONAL_REPRESENTATION('',(#1347),#1350);
#1347 = B_SPLINE_CURVE_WITH_KNOTS('',1,(#1348,#1349),.UNSPECIFIED.,.F.,
  .F.,(2,2),(3.14662517628,5.409366876077),.PIECEWISE_BEZIER_KNOTS.);
#1348 = CARTESIAN_POINT('',(2.262741699797,-0.2));
#1349 = CARTESIAN_POINT('',(0.,-0.2));
#1350 = ( GEOMETRIC_REPRESENTATION_CONTEXT(2) 
PARAMETRIC_REPRESENTATION_CONTEXT() REPRESENTATION_CONTEXT('2D SPACE',''
  ) );
#1351 = PCURVE('',#1060,#1352);
#1352 = DEFINITIONAL_REPRESENTATION('',(#1353),#1356);
#1353 = B_SPLINE_CURVE_WITH_KNOTS('',1,(#1354,#1355),.UNSPECIFIED.,.F.,
  .F.,(2,2),(3.14662517628,5.409366876077),.PIECEWISE_BEZIER_KNOTS.);
#1354 = CARTESIAN_POINT('',(-6.2,5.9));
#1355 = CARTESIAN_POINT('',(-7.8,7.5));
#1356 = ( GEOMETRIC_REPRESENTATION_CONTEXT(2) 
PARAMETRIC_REPRESENTATION_CONTEXT() REPRESENTATION_CONTEXT('2D SPACE',''
  ) );
#1357 = ORIENTED_EDGE('',*,*,#1358,.T.);
#1358 = EDGE_CURVE('',#1338,#160,#1359,.T.);
#1359 = SURFACE_CURVE('',#1360,(#1364,#1371),.PCURVE_S1.);
#1360 = LINE('',#1361,#1362);
#1361 = CARTESIAN_POINT('',(66.4,-7.8,14.3));
#1362 = VECTOR('',#1363,1.);
#1363 = DIRECTION('',(0.,-1.,0.));
#1364 = PCURVE('',#200,#1365);
#1365 = DEFINITIONAL_REPRESENTATION('',(#1366),#1370);
#1366 = LINE('',#1367,#1368);
#1367 = CARTESIAN_POINT('',(0.,0.));
#1368 = VECTOR('',#1369,1.);
#1369 = DIRECTION('',(0.,-1.));
#1370 = ( GEOMETRIC_REPRESENTATION_CONTEXT(2) 
PARAMETRIC_REPRESENTATION_CONTEXT() REPRESENTATION_CONTEXT('2D SPACE',''
  ) );
#1371 = PCURVE('',#174,#1372);
#1372 = DEFINITIONAL_REPRESENTATION('',(#1373),#1377);
#1373 = LINE('',#1374,#1375);
#1374 = CARTESIAN_POINT('',(2.262741699797,0.));
#1375 = VECTOR('',#1376,1.);
#1376 = DIRECTION('',(-0.,-1.));
#1377 = ( GEOMETRIC_REPRESENTATION_CONTEXT(2) 
PARAMETRIC_REPRESENTATION_CONTEXT() REPRESENTATION_CONTEXT('2D SPACE',''
  ) );
#1378 = ORIENTED_EDGE('',*,*,#185,.T.);
#1379 = ORIENTED_EDGE('',*,*,#1311,.F.);
#1380 = ADVANCED_FACE('',(#1381),#174,.T.);
#1381 = FACE_BOUND('',#1382,.T.);
#1382 = EDGE_LOOP('',(#1383,#1408,#1429,#1430,#1431,#1452));
#1383 = ORIENTED_EDGE('',*,*,#1384,.F.);
#1384 = EDGE_CURVE('',#1385,#1387,#1389,.T.);
#1385 = VERTEX_POINT('',#1386);
#1386 = CARTESIAN_POINT('',(68.,-7.8,15.9));
#1387 = VERTEX_POINT('',#1388);
#1388 = CARTESIAN_POINT('',(66.6,-7.8,14.5));
#1389 = SURFACE_CURVE('',#1390,(#1394,#1401),.PCURVE_S1.);
#1390 = LINE('',#1391,#1392);
#1391 = CARTESIAN_POINT('',(68.,-7.8,15.9));
#1392 = VECTOR('',#1393,1.);
#1393 = DIRECTION('',(-0.707106781187,0.,-0.707106781187));
#1394 = PCURVE('',#174,#1395);
#1395 = DEFINITIONAL_REPRESENTATION('',(#1396),#1400);
#1396 = LINE('',#1397,#1398);
#1397 = CARTESIAN_POINT('',(0.,0.));
#1398 = VECTOR('',#1399,1.);
#1399 = DIRECTION('',(1.,0.));
#1400 = ( GEOMETRIC_REPRESENTATION_CONTEXT(2) 
PARAMETRIC_REPRESENTATION_CONTEXT() REPRESENTATION_CONTEXT('2D SPACE',''
  ) );
#1401 = PCURVE('',#1110,#1402);
#1402 = DEFINITIONAL_REPRESENTATION('',(#1403),#1407);
#1403 = LINE('',#1404,#1405);
#1404 = CARTESIAN_POINT('',(-1.075558528722,-2.));
#1405 = VECTOR('',#1406,1.);
#1406 = DIRECTION('',(0.707106781187,-0.707106781187));
#1407 = ( GEOMETRIC_REPRESENTATION_CONTEXT(2) 
PARAMETRIC_REPRESENTATION_CONTEXT() REPRESENTATION_CONTEXT('2D SPACE',''
  ) );
#1408 = ORIENTED_EDGE('',*,*,#1409,.T.);
#1409 = EDGE_CURVE('',#1385,#134,#1410,.T.);
#1410 = SURFACE_CURVE('',#1411,(#1415,#1422),.PCURVE_S1.);
#1411 = LINE('',#1412,#1413);
#1412 = CARTESIAN_POINT('',(68.,-7.8,15.9));
#1413 = VECTOR('',#1414,1.);
#1414 = DIRECTION('',(0.,-1.,0.));
#1415 = PCURVE('',#174,#1416);
#1416 = DEFINITIONAL_REPRESENTATION('',(#1417),#1421);
#1417 = LINE('',#1418,#1419);
#1418 = CARTESIAN_POINT('',(0.,0.));
#1419 = VECTOR('',#1420,1.);
#1420 = DIRECTION('',(-0.,-1.));
#1421 = ( GEOMETRIC_REPRESENTATION_CONTEXT(2) 
PARAMETRIC_REPRESENTATION_CONTEXT() REPRESENTATION_CONTEXT('2D SPACE',''
  ) );
#1422 = PCURVE('',#148,#1423);
#1423 = DEFINITIONAL_REPRESENTATION('',(#1424),#1428);
#1424 = LINE('',#1425,#1426);
#1425 = CARTESIAN_POINT('',(1.6,0.));
#1426 = VECTOR('',#1427,1.);
#1427 = DIRECTION('',(0.,-1.));
#1428 = ( GEOMETRIC_REPRESENTATION_CONTEXT(2) 
PARAMETRIC_REPRESENTATION_CONTEXT() REPRESENTATION_CONTEXT('2D SPACE',''
  ) );
#1429 = ORIENTED_EDGE('',*,*,#159,.T.);
#1430 = ORIENTED_EDGE('',*,*,#1358,.F.);
#1431 = ORIENTED_EDGE('',*,*,#1432,.T.);
#1432 = EDGE_CURVE('',#1338,#1433,#1435,.T.);
#1433 = VERTEX_POINT('',#1434);
#1434 = CARTESIAN_POINT('',(66.6,-8.,14.5));
#1435 = SURFACE_CURVE('',#1436,(#1440,#1446),.PCURVE_S1.);
#1436 = LINE('',#1437,#1438);
#1437 = CARTESIAN_POINT('',(67.125,-8.,15.025));
#1438 = VECTOR('',#1439,1.);
#1439 = DIRECTION('',(0.707106781187,0.,0.707106781187));
#1440 = PCURVE('',#174,#1441);
#1441 = DEFINITIONAL_REPRESENTATION('',(#1442),#1445);
#1442 = B_SPLINE_CURVE_WITH_KNOTS('',1,(#1443,#1444),.UNSPECIFIED.,.F.,
  .F.,(2,2),(-1.02530483272,-0.742462120246),.PIECEWISE_BEZIER_KNOTS.);
#1443 = CARTESIAN_POINT('',(2.262741699797,-0.2));
#1444 = CARTESIAN_POINT('',(1.979898987322,-0.2));
#1445 = ( GEOMETRIC_REPRESENTATION_CONTEXT(2) 
PARAMETRIC_REPRESENTATION_CONTEXT() REPRESENTATION_CONTEXT('2D SPACE',''
  ) );
#1446 = PCURVE('',#1060,#1447);
#1447 = DEFINITIONAL_REPRESENTATION('',(#1448),#1451);
#1448 = B_SPLINE_CURVE_WITH_KNOTS('',1,(#1449,#1450),.UNSPECIFIED.,.F.,
  .F.,(2,2),(-1.02530483272,-0.742462120246),.PIECEWISE_BEZIER_KNOTS.);
#1449 = CARTESIAN_POINT('',(-7.8,7.5));
#1450 = CARTESIAN_POINT('',(-8.,7.3));
#1451 = ( GEOMETRIC_REPRESENTATION_CONTEXT(2) 
PARAMETRIC_REPRESENTATION_CONTEXT() REPRESENTATION_CONTEXT('2D SPACE',''
  ) );
#1452 = ORIENTED_EDGE('',*,*,#1453,.F.);
#1453 = EDGE_CURVE('',#1387,#1433,#1454,.T.);
#1454 = SURFACE_CURVE('',#1455,(#1459,#1465),.PCURVE_S1.);
#1455 = LINE('',#1456,#1457);
#1456 = CARTESIAN_POINT('',(66.6,-7.9,14.5));
#1457 = VECTOR('',#1458,1.);
#1458 = DIRECTION('',(0.,-1.,0.));
#1459 = PCURVE('',#174,#1460);
#1460 = DEFINITIONAL_REPRESENTATION('',(#1461),#1464);
#1461 = B_SPLINE_CURVE_WITH_KNOTS('',1,(#1462,#1463),.UNSPECIFIED.,.F.,
  .F.,(2,2),(-0.1,1.E-01),.PIECEWISE_BEZIER_KNOTS.);
#1462 = CARTESIAN_POINT('',(1.979898987322,0.));
#1463 = CARTESIAN_POINT('',(1.979898987322,-0.2));
#1464 = ( GEOMETRIC_REPRESENTATION_CONTEXT(2) 
PARAMETRIC_REPRESENTATION_CONTEXT() REPRESENTATION_CONTEXT('2D SPACE',''
  ) );
#1465 = PCURVE('',#1135,#1466);
#1466 = DEFINITIONAL_REPRESENTATION('',(#1467),#1470);
#1467 = B_SPLINE_CURVE_WITH_KNOTS('',1,(#1468,#1469),.UNSPECIFIED.,.F.,
  .F.,(2,2),(-0.1,1.E-01),.PIECEWISE_BEZIER_KNOTS.);
#1468 = CARTESIAN_POINT('',(-7.3,0.2));
#1469 = CARTESIAN_POINT('',(-7.3,0.));
#1470 = ( GEOMETRIC_REPRESENTATION_CONTEXT(2) 
PARAMETRIC_REPRESENTATION_CONTEXT() REPRESENTATION_CONTEXT('2D SPACE',''
  ) );
#1471 = ADVANCED_FACE('',(#1472),#148,.T.);
#1472 = FACE_BOUND('',#1473,.T.);
#1473 = EDGE_LOOP('',(#1474,#1495,#1516,#1517));
#1474 = ORIENTED_EDGE('',*,*,#1475,.T.);
#1475 = EDGE_CURVE('',#1385,#1476,#1478,.T.);
#1476 = VERTEX_POINT('',#1477);
#1477 = CARTESIAN_POINT('',(68.,-9.4,17.5));
#1478 = SURFACE_CURVE('',#1479,(#1483,#1489),.PCURVE_S1.);
#1479 = LINE('',#1480,#1481);
#1480 = CARTESIAN_POINT('',(68.,35.7,-27.6));
#1481 = VECTOR('',#1482,1.);
#1482 = DIRECTION('',(0.,-0.707106781187,0.707106781187));
#1483 = PCURVE('',#148,#1484);
#1484 = DEFINITIONAL_REPRESENTATION('',(#1485),#1488);
#1485 = B_SPLINE_CURVE_WITH_KNOTS('',1,(#1486,#1487),.UNSPECIFIED.,.F.,
  .F.,(2,2),(61.51828996323,63.781031663027),.PIECEWISE_BEZIER_KNOTS.);
#1486 = CARTESIAN_POINT('',(1.6,-7.105427357601E-15));
#1487 = CARTESIAN_POINT('',(-7.105427357601E-15,-1.6));
#1488 = ( GEOMETRIC_REPRESENTATION_CONTEXT(2) 
PARAMETRIC_REPRESENTATION_CONTEXT() REPRESENTATION_CONTEXT('2D SPACE',''
  ) );
#1489 = PCURVE('',#933,#1490);
#1490 = DEFINITIONAL_REPRESENTATION('',(#1491),#1494);
#1491 = B_SPLINE_CURVE_WITH_KNOTS('',1,(#1492,#1493),.UNSPECIFIED.,.F.,
  .F.,(2,2),(61.51828996323,63.781031663027),.PIECEWISE_BEZIER_KNOTS.);
#1492 = CARTESIAN_POINT('',(124.16795077635,-8.));
#1493 = CARTESIAN_POINT('',(126.43069247615,-8.));
#1494 = ( GEOMETRIC_REPRESENTATION_CONTEXT(2) 
PARAMETRIC_REPRESENTATION_CONTEXT() REPRESENTATION_CONTEXT('2D SPACE',''
  ) );
#1495 = ORIENTED_EDGE('',*,*,#1496,.T.);
#1496 = EDGE_CURVE('',#1476,#108,#1497,.T.);
#1497 = SURFACE_CURVE('',#1498,(#1502,#1509),.PCURVE_S1.);
#1498 = LINE('',#1499,#1500);
#1499 = CARTESIAN_POINT('',(68.,-7.8,17.5));
#1500 = VECTOR('',#1501,1.);
#1501 = DIRECTION('',(0.,-1.,0.));
#1502 = PCURVE('',#148,#1503);
#1503 = DEFINITIONAL_REPRESENTATION('',(#1504),#1508);
#1504 = LINE('',#1505,#1506);
#1505 = CARTESIAN_POINT('',(0.,0.));
#1506 = VECTOR('',#1507,1.);
#1507 = DIRECTION('',(0.,-1.));
#1508 = ( GEOMETRIC_REPRESENTATION_CONTEXT(2) 
PARAMETRIC_REPRESENTATION_CONTEXT() REPRESENTATION_CONTEXT('2D SPACE',''
  ) );
#1509 = PCURVE('',#122,#1510);
#1510 = DEFINITIONAL_REPRESENTATION('',(#1511),#1515);
#1511 = LINE('',#1512,#1513);
#1512 = CARTESIAN_POINT('',(-1.6,-8.));
#1513 = VECTOR('',#1514,1.);
#1514 = DIRECTION('',(1.,0.));
#1515 = ( GEOMETRIC_REPRESENTATION_CONTEXT(2) 
PARAMETRIC_REPRESENTATION_CONTEXT() REPRESENTATION_CONTEXT('2D SPACE',''
  ) );
#1516 = ORIENTED_EDGE('',*,*,#133,.T.);
#1517 = ORIENTED_EDGE('',*,*,#1409,.F.);
#1518 = ADVANCED_FACE('',(#1519),#122,.F.);
#1519 = FACE_BOUND('',#1520,.F.);
#1520 = EDGE_LOOP('',(#1521,#1522,#1543,#1564));
#1521 = ORIENTED_EDGE('',*,*,#107,.T.);
#1522 = ORIENTED_EDGE('',*,*,#1523,.T.);
#1523 = EDGE_CURVE('',#85,#1524,#1526,.T.);
#1524 = VERTEX_POINT('',#1525);
#1525 = CARTESIAN_POINT('',(61.4,-9.4,17.5));
#1526 = SURFACE_CURVE('',#1527,(#1531,#1537),.PCURVE_S1.);
#1527 = LINE('',#1528,#1529);
#1528 = CARTESIAN_POINT('',(61.4,-10.2,17.5));
#1529 = VECTOR('',#1530,1.);
#1530 = DIRECTION('',(-0.,1.,0.));
#1531 = PCURVE('',#122,#1532);
#1532 = DEFINITIONAL_REPRESENTATION('',(#1533),#1536);
#1533 = B_SPLINE_CURVE_WITH_KNOTS('',1,(#1534,#1535),.UNSPECIFIED.,.F.,
  .F.,(2,2),(-0.8,0.8),.PIECEWISE_BEZIER_KNOTS.);
#1534 = CARTESIAN_POINT('',(1.6,-1.4));
#1535 = CARTESIAN_POINT('',(0.,-1.4));
#1536 = ( GEOMETRIC_REPRESENTATION_CONTEXT(2) 
PARAMETRIC_REPRESENTATION_CONTEXT() REPRESENTATION_CONTEXT('2D SPACE',''
  ) );
#1537 = PCURVE('',#72,#1538);
#1538 = DEFINITIONAL_REPRESENTATION('',(#1539),#1542);
#1539 = B_SPLINE_CURVE_WITH_KNOTS('',1,(#1540,#1541),.UNSPECIFIED.,.F.,
  .F.,(2,2),(-0.8,0.8),.PIECEWISE_BEZIER_KNOTS.);
#1540 = CARTESIAN_POINT('',(22.5,0.));
#1541 = CARTESIAN_POINT('',(22.5,-1.6));
#1542 = ( GEOMETRIC_REPRESENTATION_CONTEXT(2) 
PARAMETRIC_REPRESENTATION_CONTEXT() REPRESENTATION_CONTEXT('2D SPACE',''
  ) );
#1543 = ORIENTED_EDGE('',*,*,#1544,.T.);
#1544 = EDGE_CURVE('',#1524,#1476,#1545,.T.);
#1545 = SURFACE_CURVE('',#1546,(#1550,#1557),.PCURVE_S1.);
#1546 = LINE('',#1547,#1548);
#1547 = CARTESIAN_POINT('',(60.,-9.4,17.5));
#1548 = VECTOR('',#1549,1.);
#1549 = DIRECTION('',(1.,0.,0.));
#1550 = PCURVE('',#122,#1551);
#1551 = DEFINITIONAL_REPRESENTATION('',(#1552),#1556);
#1552 = LINE('',#1553,#1554);
#1553 = CARTESIAN_POINT('',(0.,-0.));
#1554 = VECTOR('',#1555,1.);
#1555 = DIRECTION('',(0.,-1.));
#1556 = ( GEOMETRIC_REPRESENTATION_CONTEXT(2) 
PARAMETRIC_REPRESENTATION_CONTEXT() REPRESENTATION_CONTEXT('2D SPACE',''
  ) );
#1557 = PCURVE('',#933,#1558);
#1558 = DEFINITIONAL_REPRESENTATION('',(#1559),#1563);
#1559 = LINE('',#1560,#1561);
#1560 = CARTESIAN_POINT('',(126.43069247615,0.));
#1561 = VECTOR('',#1562,1.);
#1562 = DIRECTION('',(0.,-1.));
#1563 = ( GEOMETRIC_REPRESENTATION_CONTEXT(2) 
PARAMETRIC_REPRESENTATION_CONTEXT() REPRESENTATION_CONTEXT('2D SPACE',''
  ) );
#1564 = ORIENTED_EDGE('',*,*,#1496,.T.);
#1565 = ADVANCED_FACE('',(#1566),#72,.F.);
#1566 = FACE_BOUND('',#1567,.F.);
#1567 = EDGE_LOOP('',(#1568,#1569,#1570,#1571,#1572,#1595,#1616,#1642,
    #1663,#1684));
#1568 = ORIENTED_EDGE('',*,*,#1523,.F.);
#1569 = ORIENTED_EDGE('',*,*,#84,.F.);
#1570 = ORIENTED_EDGE('',*,*,#56,.F.);
#1571 = ORIENTED_EDGE('',*,*,#583,.T.);
#1572 = ORIENTED_EDGE('',*,*,#1573,.T.);
#1573 = EDGE_CURVE('',#554,#1574,#1576,.T.);
#1574 = VERTEX_POINT('',#1575);
#1575 = CARTESIAN_POINT('',(61.4,11.,-2.9));
#1576 = SURFACE_CURVE('',#1577,(#1581,#1588),.PCURVE_S1.);
#1577 = LINE('',#1578,#1579);
#1578 = CARTESIAN_POINT('',(61.4,11.,-5.));
#1579 = VECTOR('',#1580,1.);
#1580 = DIRECTION('',(0.,0.,1.));
#1581 = PCURVE('',#72,#1582);
#1582 = DEFINITIONAL_REPRESENTATION('',(#1583),#1587);
#1583 = LINE('',#1584,#1585);
#1584 = CARTESIAN_POINT('',(0.,-22.));
#1585 = VECTOR('',#1586,1.);
#1586 = DIRECTION('',(1.,0.));
#1587 = ( GEOMETRIC_REPRESENTATION_CONTEXT(2) 
PARAMETRIC_REPRESENTATION_CONTEXT() REPRESENTATION_CONTEXT('2D SPACE',''
  ) );
#1588 = PCURVE('',#571,#1589);
#1589 = DEFINITIONAL_REPRESENTATION('',(#1590),#1594);
#1590 = LINE('',#1591,#1592);
#1591 = CARTESIAN_POINT('',(0.,-3.411132965254));
#1592 = VECTOR('',#1593,1.);
#1593 = DIRECTION('',(1.,0.));
#1594 = ( GEOMETRIC_REPRESENTATION_CONTEXT(2) 
PARAMETRIC_REPRESENTATION_CONTEXT() REPRESENTATION_CONTEXT('2D SPACE',''
  ) );
#1595 = ORIENTED_EDGE('',*,*,#1596,.F.);
#1596 = EDGE_CURVE('',#1597,#1574,#1599,.T.);
#1597 = VERTEX_POINT('',#1598);
#1598 = CARTESIAN_POINT('',(61.4,1.6,6.5));
#1599 = SURFACE_CURVE('',#1600,(#1604,#1610),.PCURVE_S1.);
#1600 = LINE('',#1601,#1602);
#1601 = CARTESIAN_POINT('',(61.4,40.525,-32.425));
#1602 = VECTOR('',#1603,1.);
#1603 = DIRECTION('',(0.,0.707106781187,-0.707106781187));
#1604 = PCURVE('',#72,#1605);
#1605 = DEFINITIONAL_REPRESENTATION('',(#1606),#1609);
#1606 = B_SPLINE_CURVE_WITH_KNOTS('',1,(#1607,#1608),.UNSPECIFIED.,.F.,
  .F.,(2,2),(-70.60461210147,-41.75465542906),.PIECEWISE_BEZIER_KNOTS.);
#1607 = CARTESIAN_POINT('',(22.5,-1.6));
#1608 = CARTESIAN_POINT('',(2.1,-22.));
#1609 = ( GEOMETRIC_REPRESENTATION_CONTEXT(2) 
PARAMETRIC_REPRESENTATION_CONTEXT() REPRESENTATION_CONTEXT('2D SPACE',''
  ) );
#1610 = PCURVE('',#933,#1611);
#1611 = DEFINITIONAL_REPRESENTATION('',(#1612),#1615);
#1612 = B_SPLINE_CURVE_WITH_KNOTS('',1,(#1613,#1614),.UNSPECIFIED.,.F.,
  .F.,(2,2),(-70.60461210147,-41.75465542906),.PIECEWISE_BEZIER_KNOTS.);
#1613 = CARTESIAN_POINT('',(126.43069247615,-1.4));
#1614 = CARTESIAN_POINT('',(97.580735803744,-1.4));
#1615 = ( GEOMETRIC_REPRESENTATION_CONTEXT(2) 
PARAMETRIC_REPRESENTATION_CONTEXT() REPRESENTATION_CONTEXT('2D SPACE',''
  ) );
#1616 = ORIENTED_EDGE('',*,*,#1617,.F.);
#1617 = EDGE_CURVE('',#1618,#1597,#1620,.T.);
#1618 = VERTEX_POINT('',#1619);
#1619 = CARTESIAN_POINT('',(61.4,-8.,6.5));
#1620 = SURFACE_CURVE('',#1621,(#1625,#1631),.PCURVE_S1.);
#1621 = LINE('',#1622,#1623);
#1622 = CARTESIAN_POINT('',(61.4,-9.5,6.5));
#1623 = VECTOR('',#1624,1.);
#1624 = DIRECTION('',(0.,1.,0.));
#1625 = PCURVE('',#72,#1626);
#1626 = DEFINITIONAL_REPRESENTATION('',(#1627),#1630);
#1627 = B_SPLINE_CURVE_WITH_KNOTS('',1,(#1628,#1629),.UNSPECIFIED.,.F.,
  .F.,(2,2),(1.5,17.5),.PIECEWISE_BEZIER_KNOTS.);
#1628 = CARTESIAN_POINT('',(11.5,-3.));
#1629 = CARTESIAN_POINT('',(11.5,-19.));
#1630 = ( GEOMETRIC_REPRESENTATION_CONTEXT(2) 
PARAMETRIC_REPRESENTATION_CONTEXT() REPRESENTATION_CONTEXT('2D SPACE',''
  ) );
#1631 = PCURVE('',#1632,#1637);
#1632 = PLANE('',#1633);
#1633 = AXIS2_PLACEMENT_3D('',#1634,#1635,#1636);
#1634 = CARTESIAN_POINT('',(73.9,-8.,6.5));
#1635 = DIRECTION('',(0.,0.,1.));
#1636 = DIRECTION('',(1.,0.,0.));
#1637 = DEFINITIONAL_REPRESENTATION('',(#1638),#1641);
#1638 = B_SPLINE_CURVE_WITH_KNOTS('',1,(#1639,#1640),.UNSPECIFIED.,.F.,
  .F.,(2,2),(1.5,17.5),.PIECEWISE_BEZIER_KNOTS.);
#1639 = CARTESIAN_POINT('',(-12.5,0.));
#1640 = CARTESIAN_POINT('',(-12.5,16.));
#1641 = ( GEOMETRIC_REPRESENTATION_CONTEXT(2) 
PARAMETRIC_REPRESENTATION_CONTEXT() REPRESENTATION_CONTEXT('2D SPACE',''
  ) );
#1642 = ORIENTED_EDGE('',*,*,#1643,.F.);
#1643 = EDGE_CURVE('',#1644,#1618,#1646,.T.);
#1644 = VERTEX_POINT('',#1645);
#1645 = CARTESIAN_POINT('',(61.4,-8.,14.5));
#1646 = SURFACE_CURVE('',#1647,(#1651,#1657),.PCURVE_S1.);
#1647 = LINE('',#1648,#1649);
#1648 = CARTESIAN_POINT('',(61.4,-8.,0.75));
#1649 = VECTOR('',#1650,1.);
#1650 = DIRECTION('',(0.,0.,-1.));
#1651 = PCURVE('',#72,#1652);
#1652 = DEFINITIONAL_REPRESENTATION('',(#1653),#1656);
#1653 = B_SPLINE_CURVE_WITH_KNOTS('',1,(#1654,#1655),.UNSPECIFIED.,.F.,
  .F.,(2,2),(-13.75,-5.75),.PIECEWISE_BEZIER_KNOTS.);
#1654 = CARTESIAN_POINT('',(19.5,-3.));
#1655 = CARTESIAN_POINT('',(11.5,-3.));
#1656 = ( GEOMETRIC_REPRESENTATION_CONTEXT(2) 
PARAMETRIC_REPRESENTATION_CONTEXT() REPRESENTATION_CONTEXT('2D SPACE',''
  ) );
#1657 = PCURVE('',#1060,#1658);
#1658 = DEFINITIONAL_REPRESENTATION('',(#1659),#1662);
#1659 = B_SPLINE_CURVE_WITH_KNOTS('',1,(#1660,#1661),.UNSPECIFIED.,.F.,
  .F.,(2,2),(-13.75,-5.75),.PIECEWISE_BEZIER_KNOTS.);
#1660 = CARTESIAN_POINT('',(-8.,12.5));
#1661 = CARTESIAN_POINT('',(0.,12.5));
#1662 = ( GEOMETRIC_REPRESENTATION_CONTEXT(2) 
PARAMETRIC_REPRESENTATION_CONTEXT() REPRESENTATION_CONTEXT('2D SPACE',''
  ) );
#1663 = ORIENTED_EDGE('',*,*,#1664,.T.);
#1664 = EDGE_CURVE('',#1644,#1665,#1667,.T.);
#1665 = VERTEX_POINT('',#1666);
#1666 = CARTESIAN_POINT('',(61.4,-6.4,14.5));
#1667 = SURFACE_CURVE('',#1668,(#1672,#1678),.PCURVE_S1.);
#1668 = LINE('',#1669,#1670);
#1669 = CARTESIAN_POINT('',(61.4,-9.5,14.5));
#1670 = VECTOR('',#1671,1.);
#1671 = DIRECTION('',(0.,1.,0.));
#1672 = PCURVE('',#72,#1673);
#1673 = DEFINITIONAL_REPRESENTATION('',(#1674),#1677);
#1674 = B_SPLINE_CURVE_WITH_KNOTS('',1,(#1675,#1676),.UNSPECIFIED.,.F.,
  .F.,(2,2),(1.5,17.5),.PIECEWISE_BEZIER_KNOTS.);
#1675 = CARTESIAN_POINT('',(19.5,-3.));
#1676 = CARTESIAN_POINT('',(19.5,-19.));
#1677 = ( GEOMETRIC_REPRESENTATION_CONTEXT(2) 
PARAMETRIC_REPRESENTATION_CONTEXT() REPRESENTATION_CONTEXT('2D SPACE',''
  ) );
#1678 = PCURVE('',#1135,#1679);
#1679 = DEFINITIONAL_REPRESENTATION('',(#1680),#1683);
#1680 = B_SPLINE_CURVE_WITH_KNOTS('',1,(#1681,#1682),.UNSPECIFIED.,.F.,
  .F.,(2,2),(1.5,17.5),.PIECEWISE_BEZIER_KNOTS.);
#1681 = CARTESIAN_POINT('',(-12.5,0.));
#1682 = CARTESIAN_POINT('',(-12.5,16.));
#1683 = ( GEOMETRIC_REPRESENTATION_CONTEXT(2) 
PARAMETRIC_REPRESENTATION_CONTEXT() REPRESENTATION_CONTEXT('2D SPACE',''
  ) );
#1684 = ORIENTED_EDGE('',*,*,#1685,.F.);
#1685 = EDGE_CURVE('',#1524,#1665,#1686,.T.);
#1686 = SURFACE_CURVE('',#1687,(#1691,#1697),.PCURVE_S1.);
#1687 = LINE('',#1688,#1689);
#1688 = CARTESIAN_POINT('',(61.4,40.525,-32.425));
#1689 = VECTOR('',#1690,1.);
#1690 = DIRECTION('',(0.,0.707106781187,-0.707106781187));
#1691 = PCURVE('',#72,#1692);
#1692 = DEFINITIONAL_REPRESENTATION('',(#1693),#1696);
#1693 = B_SPLINE_CURVE_WITH_KNOTS('',1,(#1694,#1695),.UNSPECIFIED.,.F.,
  .F.,(2,2),(-70.60461210147,-41.75465542906),.PIECEWISE_BEZIER_KNOTS.);
#1694 = CARTESIAN_POINT('',(22.5,-1.6));
#1695 = CARTESIAN_POINT('',(2.1,-22.));
#1696 = ( GEOMETRIC_REPRESENTATION_CONTEXT(2) 
PARAMETRIC_REPRESENTATION_CONTEXT() REPRESENTATION_CONTEXT('2D SPACE',''
  ) );
#1697 = PCURVE('',#933,#1698);
#1698 = DEFINITIONAL_REPRESENTATION('',(#1699),#1702);
#1699 = B_SPLINE_CURVE_WITH_KNOTS('',1,(#1700,#1701),.UNSPECIFIED.,.F.,
  .F.,(2,2),(-70.60461210147,-41.75465542906),.PIECEWISE_BEZIER_KNOTS.);
#1700 = CARTESIAN_POINT('',(126.43069247615,-1.4));
#1701 = CARTESIAN_POINT('',(97.580735803744,-1.4));
#1702 = ( GEOMETRIC_REPRESENTATION_CONTEXT(2) 
PARAMETRIC_REPRESENTATION_CONTEXT() REPRESENTATION_CONTEXT('2D SPACE',''
  ) );
#1703 = ADVANCED_FACE('',(#1704),#442,.T.);
#1704 = FACE_BOUND('',#1705,.F.);
#1705 = EDGE_LOOP('',(#1706,#1735,#1756,#1757,#1758));
#1706 = ORIENTED_EDGE('',*,*,#1707,.F.);
#1707 = EDGE_CURVE('',#1708,#1708,#1710,.T.);
#1708 = VERTEX_POINT('',#1709);
#1709 = CARTESIAN_POINT('',(65.4,-13.3,-2.666666666667));
#1710 = SURFACE_CURVE('',#1711,(#1716,#1723),.PCURVE_S1.);
#1711 = CIRCLE('',#1712,2.);
#1712 = AXIS2_PLACEMENT_3D('',#1713,#1714,#1715);
#1713 = CARTESIAN_POINT('',(63.4,-13.3,-2.666666666667));
#1714 = DIRECTION('',(-0.,1.,1.110223024625E-16));
#1715 = DIRECTION('',(1.,0.,0.));
#1716 = PCURVE('',#442,#1717);
#1717 = DEFINITIONAL_REPRESENTATION('',(#1718),#1722);
#1718 = LINE('',#1719,#1720);
#1719 = CARTESIAN_POINT('',(-0.,0.));
#1720 = VECTOR('',#1721,1.);
#1721 = DIRECTION('',(-1.,0.));
#1722 = ( GEOMETRIC_REPRESENTATION_CONTEXT(2) 
PARAMETRIC_REPRESENTATION_CONTEXT() REPRESENTATION_CONTEXT('2D SPACE',''
  ) );
#1723 = PCURVE('',#1724,#1729);
#1724 = PLANE('',#1725);
#1725 = AXIS2_PLACEMENT_3D('',#1726,#1727,#1728);
#1726 = CARTESIAN_POINT('',(63.4,-13.3,-2.666666666667));
#1727 = DIRECTION('',(0.,1.,1.110223024625E-16));
#1728 = DIRECTION('',(1.,0.,0.));
#1729 = DEFINITIONAL_REPRESENTATION('',(#1730),#1734);
#1730 = CIRCLE('',#1731,2.);
#1731 = AXIS2_PLACEMENT_2D('',#1732,#1733);
#1732 = CARTESIAN_POINT('',(0.,0.));
#1733 = DIRECTION('',(1.,0.));
#1734 = ( GEOMETRIC_REPRESENTATION_CONTEXT(2) 
PARAMETRIC_REPRESENTATION_CONTEXT() REPRESENTATION_CONTEXT('2D SPACE',''
  ) );
#1735 = ORIENTED_EDGE('',*,*,#1736,.T.);
#1736 = EDGE_CURVE('',#1708,#422,#1737,.T.);
#1737 = SEAM_CURVE('',#1738,(#1742,#1749),.PCURVE_S1.);
#1738 = LINE('',#1739,#1740);
#1739 = CARTESIAN_POINT('',(65.4,-13.3,-2.666666666667));
#1740 = VECTOR('',#1741,1.);
#1741 = DIRECTION('',(0.,1.,1.110223024625E-16));
#1742 = PCURVE('',#442,#1743);
#1743 = DEFINITIONAL_REPRESENTATION('',(#1744),#1748);
#1744 = LINE('',#1745,#1746);
#1745 = CARTESIAN_POINT('',(-6.28318530718,0.));
#1746 = VECTOR('',#1747,1.);
#1747 = DIRECTION('',(-0.,-1.));
#1748 = ( GEOMETRIC_REPRESENTATION_CONTEXT(2) 
PARAMETRIC_REPRESENTATION_CONTEXT() REPRESENTATION_CONTEXT('2D SPACE',''
  ) );
#1749 = PCURVE('',#442,#1750);
#1750 = DEFINITIONAL_REPRESENTATION('',(#1751),#1755);
#1751 = LINE('',#1752,#1753);
#1752 = CARTESIAN_POINT('',(-0.,0.));
#1753 = VECTOR('',#1754,1.);
#1754 = DIRECTION('',(-0.,-1.));
#1755 = ( GEOMETRIC_REPRESENTATION_CONTEXT(2) 
PARAMETRIC_REPRESENTATION_CONTEXT() REPRESENTATION_CONTEXT('2D SPACE',''
  ) );
#1756 = ORIENTED_EDGE('',*,*,#454,.F.);
#1757 = ORIENTED_EDGE('',*,*,#421,.F.);
#1758 = ORIENTED_EDGE('',*,*,#1736,.F.);
#1759 = ADVANCED_FACE('',(#1760),#503,.T.);
#1760 = FACE_BOUND('',#1761,.T.);
#1761 = EDGE_LOOP('',(#1762,#1791,#1812,#1813));
#1762 = ORIENTED_EDGE('',*,*,#1763,.F.);
#1763 = EDGE_CURVE('',#1764,#1764,#1766,.T.);
#1764 = VERTEX_POINT('',#1765);
#1765 = CARTESIAN_POINT('',(70.171236166328,-11.4,2.));
#1766 = SURFACE_CURVE('',#1767,(#1772,#1779),.PCURVE_S1.);
#1767 = CIRCLE('',#1768,3.);
#1768 = AXIS2_PLACEMENT_3D('',#1769,#1770,#1771);
#1769 = CARTESIAN_POINT('',(67.171236166328,-11.4,2.));
#1770 = DIRECTION('',(0.,-1.,0.));
#1771 = DIRECTION('',(1.,0.,0.));
#1772 = PCURVE('',#503,#1773);
#1773 = DEFINITIONAL_REPRESENTATION('',(#1774),#1778);
#1774 = LINE('',#1775,#1776);
#1775 = CARTESIAN_POINT('',(0.,0.));
#1776 = VECTOR('',#1777,1.);
#1777 = DIRECTION('',(1.,0.));
#1778 = ( GEOMETRIC_REPRESENTATION_CONTEXT(2) 
PARAMETRIC_REPRESENTATION_CONTEXT() REPRESENTATION_CONTEXT('2D SPACE',''
  ) );
#1779 = PCURVE('',#1780,#1785);
#1780 = PLANE('',#1781);
#1781 = AXIS2_PLACEMENT_3D('',#1782,#1783,#1784);
#1782 = CARTESIAN_POINT('',(67.171236166328,-11.4,2.));
#1783 = DIRECTION('',(-0.,-1.,-0.));
#1784 = DIRECTION('',(0.,0.,-1.));
#1785 = DEFINITIONAL_REPRESENTATION('',(#1786),#1790);
#1786 = CIRCLE('',#1787,3.);
#1787 = AXIS2_PLACEMENT_2D('',#1788,#1789);
#1788 = CARTESIAN_POINT('',(0.,0.));
#1789 = DIRECTION('',(0.,1.));
#1790 = ( GEOMETRIC_REPRESENTATION_CONTEXT(2) 
PARAMETRIC_REPRESENTATION_CONTEXT() REPRESENTATION_CONTEXT('2D SPACE',''
  ) );
#1791 = ORIENTED_EDGE('',*,*,#1792,.T.);
#1792 = EDGE_CURVE('',#1764,#483,#1793,.T.);
#1793 = SEAM_CURVE('',#1794,(#1798,#1805),.PCURVE_S1.);
#1794 = LINE('',#1795,#1796);
#1795 = CARTESIAN_POINT('',(70.171236166328,-11.4,2.));
#1796 = VECTOR('',#1797,1.);
#1797 = DIRECTION('',(-0.,1.,-0.));
#1798 = PCURVE('',#503,#1799);
#1799 = DEFINITIONAL_REPRESENTATION('',(#1800),#1804);
#1800 = LINE('',#1801,#1802);
#1801 = CARTESIAN_POINT('',(6.28318530718,0.));
#1802 = VECTOR('',#1803,1.);
#1803 = DIRECTION('',(0.,-1.));
#1804 = ( GEOMETRIC_REPRESENTATION_CONTEXT(2) 
PARAMETRIC_REPRESENTATION_CONTEXT() REPRESENTATION_CONTEXT('2D SPACE',''
  ) );
#1805 = PCURVE('',#503,#1806);
#1806 = DEFINITIONAL_REPRESENTATION('',(#1807),#1811);
#1807 = LINE('',#1808,#1809);
#1808 = CARTESIAN_POINT('',(0.,0.));
#1809 = VECTOR('',#1810,1.);
#1810 = DIRECTION('',(0.,-1.));
#1811 = ( GEOMETRIC_REPRESENTATION_CONTEXT(2) 
PARAMETRIC_REPRESENTATION_CONTEXT() REPRESENTATION_CONTEXT('2D SPACE',''
  ) );
#1812 = ORIENTED_EDGE('',*,*,#482,.T.);
#1813 = ORIENTED_EDGE('',*,*,#1792,.F.);
#1814 = ADVANCED_FACE('',(#1815,#1869,#2112),#538,.T.);
#1815 = FACE_BOUND('',#1816,.F.);
#1816 = EDGE_LOOP('',(#1817,#1840,#1867,#1868));
#1817 = ORIENTED_EDGE('',*,*,#1818,.F.);
#1818 = EDGE_CURVE('',#1819,#518,#1821,.T.);
#1819 = VERTEX_POINT('',#1820);
#1820 = CARTESIAN_POINT('',(74.311132965254,-13.3,-1.095393496212));
#1821 = SEAM_CURVE('',#1822,(#1826,#1833),.PCURVE_S1.);
#1822 = LINE('',#1823,#1824);
#1823 = CARTESIAN_POINT('',(74.311132965254,-13.3,-1.095393496212));
#1824 = VECTOR('',#1825,1.);
#1825 = DIRECTION('',(0.,1.,1.110223024625E-16));
#1826 = PCURVE('',#538,#1827);
#1827 = DEFINITIONAL_REPRESENTATION('',(#1828),#1832);
#1828 = LINE('',#1829,#1830);
#1829 = CARTESIAN_POINT('',(-6.28318530718,0.));
#1830 = VECTOR('',#1831,1.);
#1831 = DIRECTION('',(-0.,-1.));
#1832 = ( GEOMETRIC_REPRESENTATION_CONTEXT(2) 
PARAMETRIC_REPRESENTATION_CONTEXT() REPRESENTATION_CONTEXT('2D SPACE',''
  ) );
#1833 = PCURVE('',#538,#1834);
#1834 = DEFINITIONAL_REPRESENTATION('',(#1835),#1839);
#1835 = LINE('',#1836,#1837);
#1836 = CARTESIAN_POINT('',(-0.,0.));
#1837 = VECTOR('',#1838,1.);
#1838 = DIRECTION('',(-0.,-1.));
#1839 = ( GEOMETRIC_REPRESENTATION_CONTEXT(2) 
PARAMETRIC_REPRESENTATION_CONTEXT() REPRESENTATION_CONTEXT('2D SPACE',''
  ) );
#1840 = ORIENTED_EDGE('',*,*,#1841,.F.);
#1841 = EDGE_CURVE('',#1819,#1819,#1842,.T.);
#1842 = SURFACE_CURVE('',#1843,(#1848,#1855),.PCURVE_S1.);
#1843 = CIRCLE('',#1844,2.);
#1844 = AXIS2_PLACEMENT_3D('',#1845,#1846,#1847);
#1845 = CARTESIAN_POINT('',(72.311132965254,-13.3,-1.095393496212));
#1846 = DIRECTION('',(-0.,1.,1.110223024625E-16));
#1847 = DIRECTION('',(1.,0.,0.));
#1848 = PCURVE('',#538,#1849);
#1849 = DEFINITIONAL_REPRESENTATION('',(#1850),#1854);
#1850 = LINE('',#1851,#1852);
#1851 = CARTESIAN_POINT('',(-0.,0.));
#1852 = VECTOR('',#1853,1.);
#1853 = DIRECTION('',(-1.,0.));
#1854 = ( GEOMETRIC_REPRESENTATION_CONTEXT(2) 
PARAMETRIC_REPRESENTATION_CONTEXT() REPRESENTATION_CONTEXT('2D SPACE',''
  ) );
#1855 = PCURVE('',#1856,#1861);
#1856 = PLANE('',#1857);
#1857 = AXIS2_PLACEMENT_3D('',#1858,#1859,#1860);
#1858 = CARTESIAN_POINT('',(72.311132965254,-13.3,-1.095393496212));
#1859 = DIRECTION('',(0.,1.,1.110223024625E-16));
#1860 = DIRECTION('',(1.,0.,0.));
#1861 = DEFINITIONAL_REPRESENTATION('',(#1862),#1866);
#1862 = CIRCLE('',#1863,2.);
#1863 = AXIS2_PLACEMENT_2D('',#1864,#1865);
#1864 = CARTESIAN_POINT('',(0.,0.));
#1865 = DIRECTION('',(1.,0.));
#1866 = ( GEOMETRIC_REPRESENTATION_CONTEXT(2) 
PARAMETRIC_REPRESENTATION_CONTEXT() REPRESENTATION_CONTEXT('2D SPACE',''
  ) );
#1867 = ORIENTED_EDGE('',*,*,#1818,.T.);
#1868 = ORIENTED_EDGE('',*,*,#517,.F.);
#1869 = FACE_BOUND('',#1870,.F.);
#1870 = EDGE_LOOP('',(#1871));
#1871 = ORIENTED_EDGE('',*,*,#1872,.F.);
#1872 = EDGE_CURVE('',#1873,#1873,#1875,.T.);
#1873 = VERTEX_POINT('',#1874);
#1874 = CARTESIAN_POINT('',(70.53299005574,-12.15,-0.179856608182));
#1875 = SURFACE_CURVE('',#1876,(#1951,#2029),.PCURVE_S1.);
#1876 = B_SPLINE_CURVE_WITH_KNOTS('',5,(#1877,#1878,#1879,#1880,#1881,
    #1882,#1883,#1884,#1885,#1886,#1887,#1888,#1889,#1890,#1891,#1892,
    #1893,#1894,#1895,#1896,#1897,#1898,#1899,#1900,#1901,#1902,#1903,
    #1904,#1905,#1906,#1907,#1908,#1909,#1910,#1911,#1912,#1913,#1914,
    #1915,#1916,#1917,#1918,#1919,#1920,#1921,#1922,#1923,#1924,#1925,
    #1926,#1927,#1928,#1929,#1930,#1931,#1932,#1933,#1934,#1935,#1936,
    #1937,#1938,#1939,#1940,#1941,#1942,#1943,#1944,#1945,#1946,#1947,
    #1948,#1949,#1950),.UNSPECIFIED.,.T.,.F.,(6,4,4,4,4,4,4,4,4,4,4,4,4,
    4,4,4,4,4,6),(0.,6.472449502221E-02,0.141211419427,0.172316671629,
    0.199603692141,0.248968698904,0.300835334057,0.356892718397,
    0.434500543849,0.499444137227,0.564571068431,0.641121371159,
    0.672252397685,0.699562028672,0.748967940091,0.800877552792,
    0.856981387203,0.934653519776,1.),.UNSPECIFIED.);
#1877 = CARTESIAN_POINT('',(70.53299005574,-12.15,-0.179856608182));
#1878 = CARTESIAN_POINT('',(70.53299005574,-12.09174388556,
    -0.179856608182));
#1879 = CARTESIAN_POINT('',(70.535783538458,-12.0335098461,
    -0.174432209556));
#1880 = CARTESIAN_POINT('',(70.541363825127,-11.97592344502,
    -0.163589532392));
#1881 = CARTESIAN_POINT('',(70.549836682209,-11.91962824489,
    -0.147553535917));
#1882 = CARTESIAN_POINT('',(70.574957243021,-11.80107427103,
    -0.102174921018));
#1883 = CARTESIAN_POINT('',(70.592816814004,-11.73956177367,
    -7.093202412789E-02));
#1884 = CARTESIAN_POINT('',(70.615195522485,-11.68175750589,
    -3.368441552191E-02));
#1885 = CARTESIAN_POINT('',(70.642490686078,-11.62871895797,
    8.609021638252E-03));
#1886 = CARTESIAN_POINT('',(70.688171848207,-11.56242121018,
    7.359091684661E-02));
#1887 = CARTESIAN_POINT('',(70.702234877307,-11.54423124281,
    9.302297664682E-02));
#1888 = CARTESIAN_POINT('',(70.717166275569,-11.52710371144,
    0.113014195602));
#1889 = CARTESIAN_POINT('',(70.732970961594,-11.51112069274,
    0.133474652109));
#1890 = CARTESIAN_POINT('',(70.764275755418,-11.48341277672,
    0.172589501868));
#1891 = CARTESIAN_POINT('',(70.779575178676,-11.47140586726,
    0.191157847041));
#1892 = CARTESIAN_POINT('',(70.795535278846,-11.46040056701,
    0.209942422958));
#1893 = CARTESIAN_POINT('',(70.812139026377,-11.45045033785,
    0.228870365635));
#1894 = CARTESIAN_POINT('',(70.860520711927,-11.42559344698,
    0.28224082827));
#1895 = CARTESIAN_POINT('',(70.893725424634,-11.41318067618,
    0.316866917957));
#1896 = CARTESIAN_POINT('',(70.928751149802,-11.40469204717,
    0.351227164784));
#1897 = CARTESIAN_POINT('',(70.965259667829,-11.40029700248,
    0.38484005593));
#1898 = CARTESIAN_POINT('',(71.042287693508,-11.39971321556,
    0.451459527493));
#1899 = CARTESIAN_POINT('',(71.082862118972,-11.40395204747,
    0.484301928462));
#1900 = CARTESIAN_POINT('',(71.124043175587,-11.41272254158,
    0.515417909361));
#1901 = CARTESIAN_POINT('',(71.165218966199,-11.42583190617,
    0.544498762906));
#1902 = CARTESIAN_POINT('',(71.249560090492,-11.46133157171,
    0.600432629811));
#1903 = CARTESIAN_POINT('',(71.292605477233,-11.48438113456,
    0.626907613831));
#1904 = CARTESIAN_POINT('',(71.334296975716,-11.51163403547,
    0.650736493025));
#1905 = CARTESIAN_POINT('',(71.374036470504,-11.54261586895,
    0.671974826795));
#1906 = CARTESIAN_POINT('',(71.462879646206,-11.62405820965,
    0.716733018183));
#1907 = CARTESIAN_POINT('',(71.509777071495,-11.67748952396,
    0.73802428129));
#1908 = CARTESIAN_POINT('',(71.550841626924,-11.7358727791,
    0.755062325438));
#1909 = CARTESIAN_POINT('',(71.585138324155,-11.79810381761,
    0.768407810066));
#1910 = CARTESIAN_POINT('',(71.634524572831,-11.91754806688,
    0.786833315354));
#1911 = CARTESIAN_POINT('',(71.651844810319,-11.97394554069,0.7929101044
    ));
#1912 = CARTESIAN_POINT('',(71.66357703295,-12.03165433317,
    0.796882966678));
#1913 = CARTESIAN_POINT('',(71.669510307086,-12.09002616885,
    0.798892749817));
#1914 = CARTESIAN_POINT('',(71.669760306225,-12.20700107604,
    0.798977409846));
#1915 = CARTESIAN_POINT('',(71.664044098921,-12.26555930613,
    0.797041122529));
#1916 = CARTESIAN_POINT('',(71.65249136317,-12.32347003744,
    0.793133378167));
#1917 = CARTESIAN_POINT('',(71.635311162178,-12.380079159,0.787114453436
    ));
#1918 = CARTESIAN_POINT('',(71.586586899247,-12.49892572896,
    0.768962230257));
#1919 = CARTESIAN_POINT('',(71.553039396118,-12.56043822632,
    0.755937334263));
#1920 = CARTESIAN_POINT('',(71.512882977995,-12.6182424941,
    0.739334532583));
#1921 = CARTESIAN_POINT('',(71.467006941173,-12.67128104202,
    0.718618596015));
#1922 = CARTESIAN_POINT('',(71.395964973017,-12.73757878981,
    0.683087566776));
#1923 = CARTESIAN_POINT('',(71.374660965837,-12.75576875718,
    0.672064272639));
#1924 = CARTESIAN_POINT('',(71.352675113811,-12.77289628855,
    0.660265213352));
#1925 = CARTESIAN_POINT('',(71.330095612697,-12.78887930725,
    0.647672179155));
#1926 = CARTESIAN_POINT('',(71.286767875824,-12.81658722327,
    0.622519270666));
#1927 = CARTESIAN_POINT('',(71.266134519598,-12.82859413273,
    0.610145087647));
#1928 = CARTESIAN_POINT('',(71.245189273564,-12.83959943298,
    0.597149636197));
#1929 = CARTESIAN_POINT('',(71.224006722183,-12.84954966214,
    0.58353894323));
#1930 = CARTESIAN_POINT('',(71.164046797851,-12.87440655301,
    0.543613997988));
#1931 = CARTESIAN_POINT('',(71.124876134699,-12.88681932381,
    0.515916016451));
#1932 = CARTESIAN_POINT('',(71.085698106396,-12.89530795282,
    0.486377734784));
#1933 = CARTESIAN_POINT('',(71.047039089704,-12.89970299751,
    0.455262163632));
#1934 = CARTESIAN_POINT('',(70.96972536502,-12.90028678443,
    0.388974467136));
#1935 = CARTESIAN_POINT('',(70.931224867662,-12.89604795252,
    0.353723665636));
#1936 = CARTESIAN_POINT('',(70.894341638199,-12.88727745841,
    0.317616726199));
#1937 = CARTESIAN_POINT('',(70.859471779226,-12.87416809382,
    0.281212952896));
#1938 = CARTESIAN_POINT('',(70.79163995262,-12.83866842828,
    0.206107253956));
#1939 = CARTESIAN_POINT('',(70.759069629582,-12.81561886543,
    0.167467842008));
#1940 = CARTESIAN_POINT('',(70.729317042646,-12.78836596453,
    0.129774605214));
#1941 = CARTESIAN_POINT('',(70.702416016464,-12.75738413104,
    9.362728086335E-02));
#1942 = CARTESIAN_POINT('',(70.644967930387,-12.67594179034,
    1.241076178438E-02));
#1943 = CARTESIAN_POINT('',(70.616952223394,-12.62251047603,
    -3.080736572194E-02));
#1944 = CARTESIAN_POINT('',(70.594008312261,-12.56412722089,
    -6.888845818106E-02));
#1945 = CARTESIAN_POINT('',(70.575720512114,-12.50189618239,
    -0.100824672213));
#1946 = CARTESIAN_POINT('',(70.550106932629,-12.38215968556,
    -0.147042184616));
#1947 = CARTESIAN_POINT('',(70.541497279746,-12.32544839552,
    -0.163330169496));
#1948 = CARTESIAN_POINT('',(70.535828119109,-12.26741520243,
    -0.174345674332));
#1949 = CARTESIAN_POINT('',(70.53299005574,-12.20871900538,
    -0.179856608182));
#1950 = CARTESIAN_POINT('',(70.53299005574,-12.15,-0.179856608182));
#1951 = PCURVE('',#538,#1952);
#1952 = DEFINITIONAL_REPRESENTATION('',(#1953),#2028);
#1953 = B_SPLINE_CURVE_WITH_KNOTS('',5,(#1954,#1955,#1956,#1957,#1958,
    #1959,#1960,#1961,#1962,#1963,#1964,#1965,#1966,#1967,#1968,#1969,
    #1970,#1971,#1972,#1973,#1974,#1975,#1976,#1977,#1978,#1979,#1980,
    #1981,#1982,#1983,#1984,#1985,#1986,#1987,#1988,#1989,#1990,#1991,
    #1992,#1993,#1994,#1995,#1996,#1997,#1998,#1999,#2000,#2001,#2002,
    #2003,#2004,#2005,#2006,#2007,#2008,#2009,#2010,#2011,#2012,#2013,
    #2014,#2015,#2016,#2017,#2018,#2019,#2020,#2021,#2022,#2023,#2024,
    #2025,#2026,#2027),.UNSPECIFIED.,.T.,.F.,(6,4,4,4,4,4,4,4,4,4,4,4,4,
    4,4,4,4,4,6),(0.,6.472449502221E-02,0.141211419427,0.172316671629,
    0.199603692141,0.248968698904,0.300835334057,0.356892718397,
    0.434500543849,0.499444137227,0.564571068431,0.641121371159,
    0.672252397685,0.699562028672,0.748967940091,0.800877552792,
    0.856981387203,0.934653519776,1.),.UNSPECIFIED.);
#1954 = CARTESIAN_POINT('',(-3.61707624051,-1.15));
#1955 = CARTESIAN_POINT('',(-3.61707624051,-1.208256114439));
#1956 = CARTESIAN_POINT('',(-3.620126880483,-1.266490153899));
#1957 = CARTESIAN_POINT('',(-3.626224458325,-1.324076554979));
#1958 = CARTESIAN_POINT('',(-3.635291197956,-1.380371755109));
#1959 = CARTESIAN_POINT('',(-3.661225062234,-1.498925728969));
#1960 = CARTESIAN_POINT('',(-3.679217104922,-1.560438226326));
#1961 = CARTESIAN_POINT('',(-3.700935501442,-1.618242494108));
#1962 = CARTESIAN_POINT('',(-3.726083857709,-1.671281042029));
#1963 = CARTESIAN_POINT('',(-3.765799771642,-1.737578789818));
#1964 = CARTESIAN_POINT('',(-3.77779211809,-1.755768757187));
#1965 = CARTESIAN_POINT('',(-3.790266024248,-1.772896288557));
#1966 = CARTESIAN_POINT('',(-3.803191005552,-1.788879307254));
#1967 = CARTESIAN_POINT('',(-3.828240763975,-1.816587223274));
#1968 = CARTESIAN_POINT('',(-3.840269240001,-1.828594132737));
#1969 = CARTESIAN_POINT('',(-3.852591927577,-1.839599432984));
#1970 = CARTESIAN_POINT('',(-3.865179429608,-1.849549662142));
#1971 = CARTESIAN_POINT('',(-3.901197459046,-1.874406553013));
#1972 = CARTESIAN_POINT('',(-3.925175137044,-1.886819323813));
#1973 = CARTESIAN_POINT('',(-3.949691683369,-1.895307952826));
#1974 = CARTESIAN_POINT('',(-3.974492468708,-1.899702997513));
#1975 = CARTESIAN_POINT('',(-4.02541267769,-1.900286784431));
#1976 = CARTESIAN_POINT('',(-4.051499085823,-1.896047952524));
#1977 = CARTESIAN_POINT('',(-4.077287474941,-1.887277458411));
#1978 = CARTESIAN_POINT('',(-4.102481547217,-1.874168093829));
#1979 = CARTESIAN_POINT('',(-4.153082986707,-1.838668428288));
#1980 = CARTESIAN_POINT('',(-4.178335853358,-1.815618865437));
#1981 = CARTESIAN_POINT('',(-4.202331643992,-1.78836596453));
#1982 = CARTESIAN_POINT('',(-4.224854549638,-1.757384131045));
#1983 = CARTESIAN_POINT('',(-4.274594889316,-1.675941790343));
#1984 = CARTESIAN_POINT('',(-4.300325727345,-1.622510476038));
#1985 = CARTESIAN_POINT('',(-4.322546303227,-1.564127220893));
#1986 = CARTESIAN_POINT('',(-4.34094547269,-1.50189618239));
#1987 = CARTESIAN_POINT('',(-4.367301215914,-1.382451933118));
#1988 = CARTESIAN_POINT('',(-4.376477183736,-1.32605445931));
#1989 = CARTESIAN_POINT('',(-4.382670884617,-1.268345666823));
#1990 = CARTESIAN_POINT('',(-4.385803011317,-1.20997383115));
#1991 = CARTESIAN_POINT('',(-4.385934983748,-1.092998923952));
#1992 = CARTESIAN_POINT('',(-4.382917445207,-1.034440693861));
#1993 = CARTESIAN_POINT('',(-4.376819179154,-0.976529962558));
#1994 = CARTESIAN_POINT('',(-4.367718837903,-0.919920840994));
#1995 = CARTESIAN_POINT('',(-4.341720967777,-0.801074271031));
#1996 = CARTESIAN_POINT('',(-4.323728925089,-0.739561773674));
#1997 = CARTESIAN_POINT('',(-4.302010528569,-0.681757505892));
#1998 = CARTESIAN_POINT('',(-4.276862172302,-0.628718957971));
#1999 = CARTESIAN_POINT('',(-4.237146258369,-0.562421210182));
#2000 = CARTESIAN_POINT('',(-4.225153911921,-0.544231242813));
#2001 = CARTESIAN_POINT('',(-4.212680005763,-0.527103711443));
#2002 = CARTESIAN_POINT('',(-4.199755024458,-0.511120692745));
#2003 = CARTESIAN_POINT('',(-4.174705266036,-0.483412776726));
#2004 = CARTESIAN_POINT('',(-4.16267679001,-0.471405867263));
#2005 = CARTESIAN_POINT('',(-4.150354102433,-0.460400567016));
#2006 = CARTESIAN_POINT('',(-4.137766600403,-0.450450337858));
#2007 = CARTESIAN_POINT('',(-4.101748570965,-0.425593446987));
#2008 = CARTESIAN_POINT('',(-4.077770892967,-0.413180676187));
#2009 = CARTESIAN_POINT('',(-4.053254346641,-0.404692047174));
#2010 = CARTESIAN_POINT('',(-4.028453561303,-0.400297002487));
#2011 = CARTESIAN_POINT('',(-3.977533352321,-0.399713215569));
#2012 = CARTESIAN_POINT('',(-3.951446944188,-0.403952047476));
#2013 = CARTESIAN_POINT('',(-3.92565855507,-0.412722541589));
#2014 = CARTESIAN_POINT('',(-3.900464482794,-0.425831906171));
#2015 = CARTESIAN_POINT('',(-3.849863043304,-0.461331571712));
#2016 = CARTESIAN_POINT('',(-3.824610176653,-0.484381134563));
#2017 = CARTESIAN_POINT('',(-3.800614386019,-0.51163403547));
#2018 = CARTESIAN_POINT('',(-3.778091480373,-0.542615868955));
#2019 = CARTESIAN_POINT('',(-3.728351140695,-0.624058209657));
#2020 = CARTESIAN_POINT('',(-3.702620302666,-0.677489523962));
#2021 = CARTESIAN_POINT('',(-3.680399726784,-0.735872779107));
#2022 = CARTESIAN_POINT('',(-3.66200055732,-0.79810381761));
#2023 = CARTESIAN_POINT('',(-3.635580328769,-0.917840314437));
#2024 = CARTESIAN_POINT('',(-3.626370313475,-0.974551604479));
#2025 = CARTESIAN_POINT('',(-3.620175548646,-1.032584797561));
#2026 = CARTESIAN_POINT('',(-3.61707624051,-1.091280994619));
#2027 = CARTESIAN_POINT('',(-3.61707624051,-1.15));
#2028 = ( GEOMETRIC_REPRESENTATION_CONTEXT(2) 
PARAMETRIC_REPRESENTATION_CONTEXT() REPRESENTATION_CONTEXT('2D SPACE',''
  ) );
#2029 = PCURVE('',#2030,#2035);
#2030 = CYLINDRICAL_SURFACE('',#2031,0.75);
#2031 = AXIS2_PLACEMENT_3D('',#2032,#2033,#2034);
#2032 = CARTESIAN_POINT('',(70.875571077701,-12.15,0.571688405497));
#2033 = DIRECTION('',(0.652528130706,0.,-0.757764500777));
#2034 = DIRECTION('',(-0.757764500777,0.,-0.652528130706));
#2035 = DEFINITIONAL_REPRESENTATION('',(#2036),#2111);
#2036 = B_SPLINE_CURVE_WITH_KNOTS('',5,(#2037,#2038,#2039,#2040,#2041,
    #2042,#2043,#2044,#2045,#2046,#2047,#2048,#2049,#2050,#2051,#2052,
    #2053,#2054,#2055,#2056,#2057,#2058,#2059,#2060,#2061,#2062,#2063,
    #2064,#2065,#2066,#2067,#2068,#2069,#2070,#2071,#2072,#2073,#2074,
    #2075,#2076,#2077,#2078,#2079,#2080,#2081,#2082,#2083,#2084,#2085,
    #2086,#2087,#2088,#2089,#2090,#2091,#2092,#2093,#2094,#2095,#2096,
    #2097,#2098,#2099,#2100,#2101,#2102,#2103,#2104,#2105,#2106,#2107,
    #2108,#2109,#2110),.UNSPECIFIED.,.F.,.F.,(6,4,4,4,4,4,4,4,4,4,4,4,4,
    4,4,4,4,4,6),(0.,6.472449502221E-02,0.141211419427,0.172316671629,
    0.199603692141,0.248968698904,0.300835334057,0.356892718397,
    0.434500543849,0.499444137227,0.564571068431,0.641121371159,
    0.672252397685,0.699562028672,0.748967940091,0.800877552792,
    0.856981387203,0.934653519776,1.),.UNSPECIFIED.);
#2037 = CARTESIAN_POINT('',(0.,0.345950378226));
#2038 = CARTESIAN_POINT('',(7.767481925216E-02,0.345950378226));
#2039 = CARTESIAN_POINT('',(0.155320429701,0.343662787565));
#2040 = CARTESIAN_POINT('',(0.233077658706,0.339087885746));
#2041 = CARTESIAN_POINT('',(0.311065152459,0.332465154477));
#2042 = CARTESIAN_POINT('',(0.481927053504,0.3144707236));
#2043 = CARTESIAN_POINT('',(0.574973276609,0.302449837904));
#2044 = CARTESIAN_POINT('',(0.668812554097,0.288827659177));
#2045 = CARTESIAN_POINT('',(0.763736915014,0.274590055957));
#2046 = CARTESIAN_POINT('',(0.899233864667,0.255157325908));
#2047 = CARTESIAN_POINT('',(0.938638157795,0.249608922905));
#2048 = CARTESIAN_POINT('',(0.978277263837,0.24420344425));
#2049 = CARTESIAN_POINT('',(1.018158092669,0.239012238868));
#2050 = CARTESIAN_POINT('',(1.093498133164,0.229799652863));
#2051 = CARTESIAN_POINT('',(1.128899614064,0.225712524112));
#2052 = CARTESIAN_POINT('',(1.164483250896,0.22189265365));
#2053 = CARTESIAN_POINT('',(1.200239952233,0.218384142956));
#2054 = CARTESIAN_POINT('',(1.301154432326,0.209512311814));
#2055 = CARTESIAN_POINT('',(1.366732353339,0.204940899361));
#2056 = CARTESIAN_POINT('',(1.432683687836,0.201759195049));
#2057 = CARTESIAN_POINT('',(1.49884724142,0.200111374393));
#2058 = CARTESIAN_POINT('',(1.634636382624,0.19989245739));
#2059 = CARTESIAN_POINT('',(1.704171565722,0.201481605818));
#2060 = CARTESIAN_POINT('',(1.77348393198,0.204774817979));
#2061 = CARTESIAN_POINT('',(1.842387433112,0.209606741189));
#2062 = CARTESIAN_POINT('',(1.98438724503,0.222256998633));
#2063 = CARTESIAN_POINT('',(2.057352358547,0.23028352133));
#2064 = CARTESIAN_POINT('',(2.1295598889,0.239431718155));
#2065 = CARTESIAN_POINT('',(2.201008526269,0.249269201017));
#2066 = CARTESIAN_POINT('',(2.369402482859,0.273325703832));
#2067 = CARTESIAN_POINT('',(2.465716406324,0.287793829731));
#2068 = CARTESIAN_POINT('',(2.560901809355,0.301678782305));
#2069 = CARTESIAN_POINT('',(2.655262301975,0.313945607543));
#2070 = CARTESIAN_POINT('',(2.827628145047,0.332209330257));
#2071 = CARTESIAN_POINT('',(2.905822238985,0.338906497431));
#2072 = CARTESIAN_POINT('',(2.983782002854,0.343551608733));
#2073 = CARTESIAN_POINT('',(3.061627373499,0.345900294697));
#2074 = CARTESIAN_POINT('',(3.217594257642,0.345999273804));
#2075 = CARTESIAN_POINT('',(3.295656353502,0.343736537528));
#2076 = CARTESIAN_POINT('',(3.373830165753,0.339159202419));
#2077 = CARTESIAN_POINT('',(3.452236111821,0.332509565475));
#2078 = CARTESIAN_POINT('',(3.623519707094,0.3144707236));
#2079 = CARTESIAN_POINT('',(3.716565930199,0.302449837904));
#2080 = CARTESIAN_POINT('',(3.810405207687,0.288827659177));
#2081 = CARTESIAN_POINT('',(3.905329568603,0.274590055957));
#2082 = CARTESIAN_POINT('',(4.040826518257,0.255157325908));
#2083 = CARTESIAN_POINT('',(4.080230811384,0.249608922905));
#2084 = CARTESIAN_POINT('',(4.119869917427,0.24420344425));
#2085 = CARTESIAN_POINT('',(4.159750746258,0.239012238868));
#2086 = CARTESIAN_POINT('',(4.235090786754,0.229799652863));
#2087 = CARTESIAN_POINT('',(4.270492267654,0.225712524112));
#2088 = CARTESIAN_POINT('',(4.306075904486,0.22189265365));
#2089 = CARTESIAN_POINT('',(4.341832605823,0.218384142956));
#2090 = CARTESIAN_POINT('',(4.442747085915,0.209512311814));
#2091 = CARTESIAN_POINT('',(4.508325006929,0.204940899361));
#2092 = CARTESIAN_POINT('',(4.574276341426,0.201759195049));
#2093 = CARTESIAN_POINT('',(4.64043989501,0.200111374393));
#2094 = CARTESIAN_POINT('',(4.776229036213,0.19989245739));
#2095 = CARTESIAN_POINT('',(4.845764219312,0.201481605818));
#2096 = CARTESIAN_POINT('',(4.91507658557,0.204774817979));
#2097 = CARTESIAN_POINT('',(4.983980086702,0.209606741189));
#2098 = CARTESIAN_POINT('',(5.12597989862,0.222256998633));
#2099 = CARTESIAN_POINT('',(5.198945012137,0.23028352133));
#2100 = CARTESIAN_POINT('',(5.27115254249,0.239431718155));
#2101 = CARTESIAN_POINT('',(5.342601179859,0.249269201017));
#2102 = CARTESIAN_POINT('',(5.510995136449,0.273325703832));
#2103 = CARTESIAN_POINT('',(5.607309059914,0.287793829731));
#2104 = CARTESIAN_POINT('',(5.702494462945,0.301678782305));
#2105 = CARTESIAN_POINT('',(5.796854955565,0.313945607543));
#2106 = CARTESIAN_POINT('',(5.969642530923,0.332254016614));
#2107 = CARTESIAN_POINT('',(6.048255108942,0.338978432644));
#2108 = CARTESIAN_POINT('',(6.126631467585,0.343626304374));
#2109 = CARTESIAN_POINT('',(6.204893300005,0.345950378226));
#2110 = CARTESIAN_POINT('',(6.28318530718,0.345950378226));
#2111 = ( GEOMETRIC_REPRESENTATION_CONTEXT(2) 
PARAMETRIC_REPRESENTATION_CONTEXT() REPRESENTATION_CONTEXT('2D SPACE',''
  ) );
#2112 = FACE_BOUND('',#2113,.F.);
#2113 = EDGE_LOOP('',(#2114));
#2114 = ORIENTED_EDGE('',*,*,#2115,.T.);
#2115 = EDGE_CURVE('',#2116,#2116,#2118,.T.);
#2116 = VERTEX_POINT('',#2117);
#2117 = CARTESIAN_POINT('',(72.952629123604,-12.15,-2.9897225803));
#2118 = SURFACE_CURVE('',#2119,(#2194,#2272),.PCURVE_S1.);
#2119 = B_SPLINE_CURVE_WITH_KNOTS('',5,(#2120,#2121,#2122,#2123,#2124,
    #2125,#2126,#2127,#2128,#2129,#2130,#2131,#2132,#2133,#2134,#2135,
    #2136,#2137,#2138,#2139,#2140,#2141,#2142,#2143,#2144,#2145,#2146,
    #2147,#2148,#2149,#2150,#2151,#2152,#2153,#2154,#2155,#2156,#2157,
    #2158,#2159,#2160,#2161,#2162,#2163,#2164,#2165,#2166,#2167,#2168,
    #2169,#2170,#2171,#2172,#2173,#2174,#2175,#2176,#2177,#2178,#2179,
    #2180,#2181,#2182,#2183,#2184,#2185,#2186,#2187,#2188,#2189,#2190,
    #2191,#2192,#2193),.UNSPECIFIED.,.T.,.F.,(6,4,4,4,4,4,4,4,4,4,4,4,4,
    4,4,4,4,4,6),(0.,6.472449502215E-02,0.141211419426,0.172316671628,
    0.199603692141,0.248968698904,0.300835334057,0.356892718397,
    0.434500543849,0.499444137227,0.564571068431,0.641121371159,
    0.672252397685,0.699562028672,0.748967940091,0.800877552792,
    0.856981387203,0.934653519776,1.),.UNSPECIFIED.);
#2120 = CARTESIAN_POINT('',(72.952629123604,-12.15,-2.9897225803));
#2121 = CARTESIAN_POINT('',(72.952629123604,-12.09174388556,
    -2.9897225803));
#2122 = CARTESIAN_POINT('',(72.958408040837,-12.0335098461,
    -2.987765091664));
#2123 = CARTESIAN_POINT('',(72.969958831771,-11.97592344502,
    -2.983855810886));
#2124 = CARTESIAN_POINT('',(72.987074725764,-11.91962824489,
    -2.97785675572));
#2125 = CARTESIAN_POINT('',(73.035679031262,-11.80107427103,
    -2.95974922268));
#2126 = CARTESIAN_POINT('',(73.06922653439,-11.73956177367,
    -2.946724326686));
#2127 = CARTESIAN_POINT('',(73.109382952514,-11.68175750589,
    -2.930121525007));
#2128 = CARTESIAN_POINT('',(73.155258989335,-11.62871895797,
    -2.909405588438));
#2129 = CARTESIAN_POINT('',(73.226300957492,-11.56242121018,
    -2.873874559199));
#2130 = CARTESIAN_POINT('',(73.247604964672,-11.54423124281,
    -2.862851265062));
#2131 = CARTESIAN_POINT('',(73.269590816698,-11.52710371144,
    -2.851052205776));
#2132 = CARTESIAN_POINT('',(73.292170317811,-11.51112069274,
    -2.838459171578));
#2133 = CARTESIAN_POINT('',(73.335498054684,-11.48341277672,
    -2.813306263089));
#2134 = CARTESIAN_POINT('',(73.35613141091,-11.47140586726,
    -2.800932080071));
#2135 = CARTESIAN_POINT('',(73.377076656945,-11.46040056701,
    -2.787936628621));
#2136 = CARTESIAN_POINT('',(73.398259208326,-11.45045033785,
    -2.774325935654));
#2137 = CARTESIAN_POINT('',(73.458219132658,-11.42559344698,
    -2.734400990411));
#2138 = CARTESIAN_POINT('',(73.497389795809,-11.41318067618,
    -2.706703008874));
#2139 = CARTESIAN_POINT('',(73.536567824113,-11.40469204717,
    -2.677164727208));
#2140 = CARTESIAN_POINT('',(73.575226840804,-11.40029700248,
    -2.646049156055));
#2141 = CARTESIAN_POINT('',(73.652540565488,-11.39971321556,
    -2.579761459559));
#2142 = CARTESIAN_POINT('',(73.691041062846,-11.40395204747,
    -2.54451065806));
#2143 = CARTESIAN_POINT('',(73.72792429231,-11.41272254158,
    -2.508403718622));
#2144 = CARTESIAN_POINT('',(73.762794151282,-11.42583190617,
    -2.471999945319));
#2145 = CARTESIAN_POINT('',(73.830625977889,-11.46133157171,
    -2.39689424638));
#2146 = CARTESIAN_POINT('',(73.863196300927,-11.48438113456,
    -2.358254834431));
#2147 = CARTESIAN_POINT('',(73.892948887863,-11.51163403547,
    -2.320561597637));
#2148 = CARTESIAN_POINT('',(73.919849914045,-11.54261586895,
    -2.284414273287));
#2149 = CARTESIAN_POINT('',(73.977298000121,-11.62405820965,
    -2.203197754208));
#2150 = CARTESIAN_POINT('',(74.005313707115,-11.67748952396,
    -2.159979626701));
#2151 = CARTESIAN_POINT('',(74.028257618247,-11.7358727791,
    -2.121898534242));
#2152 = CARTESIAN_POINT('',(74.046545418395,-11.79810381761,
    -2.089962320211));
#2153 = CARTESIAN_POINT('',(74.072096481386,-11.91754806688,
    -2.043857613472));
#2154 = CARTESIAN_POINT('',(74.080676538919,-11.97394554069,
    -2.027631073346));
#2155 = CARTESIAN_POINT('',(74.086346629961,-12.03165433317,
    -2.016618410175));
#2156 = CARTESIAN_POINT('',(74.089214736774,-12.09002616885,
    -2.011049125342));
#2157 = CARTESIAN_POINT('',(74.08933556261,-12.20700107604,
    -2.010814459606));
#2158 = CARTESIAN_POINT('',(74.08657235345,-12.26555930613,
    -2.016179989371));
#2159 = CARTESIAN_POINT('',(74.080993297543,-12.32347003744,
    -2.02702481784));
#2160 = CARTESIAN_POINT('',(74.072491246881,-12.380079159,-2.04312146021
    ));
#2161 = CARTESIAN_POINT('',(74.047308687488,-12.49892572896,
    -2.088612071405));
#2162 = CARTESIAN_POINT('',(74.029449116504,-12.56043822632,
    -2.119854968296));
#2163 = CARTESIAN_POINT('',(74.007070408023,-12.6182424941,
    -2.157102576902));
#2164 = CARTESIAN_POINT('',(73.979775244431,-12.67128104202,
    -2.199396014062));
#2165 = CARTESIAN_POINT('',(73.934094082302,-12.73757878981,
    -2.26437790927));
#2166 = CARTESIAN_POINT('',(73.920031053202,-12.75576875718,
    -2.28380996907));
#2167 = CARTESIAN_POINT('',(73.90509965494,-12.77289628855,
    -2.303801188025));
#2168 = CARTESIAN_POINT('',(73.889294968915,-12.78887930725,
    -2.324261644532));
#2169 = CARTESIAN_POINT('',(73.857990175091,-12.81658722327,
    -2.363376494291));
#2170 = CARTESIAN_POINT('',(73.842690751833,-12.82859413273,
    -2.381944839465));
#2171 = CARTESIAN_POINT('',(73.826730651662,-12.83959943298,
    -2.400729415381));
#2172 = CARTESIAN_POINT('',(73.810126904131,-12.84954966214,
    -2.419657358059));
#2173 = CARTESIAN_POINT('',(73.761745218581,-12.87440655301,
    -2.473027820693));
#2174 = CARTESIAN_POINT('',(73.728540505875,-12.88681932381,
    -2.50765391038));
#2175 = CARTESIAN_POINT('',(73.693514780706,-12.89530795282,
    -2.542014157207));
#2176 = CARTESIAN_POINT('',(73.657006262679,-12.89970299751,
    -2.575627048353));
#2177 = CARTESIAN_POINT('',(73.579978237001,-12.90028678443,
    -2.642246519916));
#2178 = CARTESIAN_POINT('',(73.539403811537,-12.89604795252,
    -2.675088920885));
#2179 = CARTESIAN_POINT('',(73.498222754922,-12.88727745841,
    -2.706204901784));
#2180 = CARTESIAN_POINT('',(73.457046964309,-12.87416809382,
    -2.735285755329));
#2181 = CARTESIAN_POINT('',(73.372705840017,-12.83866842828,
    -2.791219622235));
#2182 = CARTESIAN_POINT('',(73.329660453276,-12.81561886543,
    -2.817694606254));
#2183 = CARTESIAN_POINT('',(73.287968954793,-12.78836596453,
    -2.841523485448));
#2184 = CARTESIAN_POINT('',(73.248229460005,-12.75738413104,
    -2.862761819219));
#2185 = CARTESIAN_POINT('',(73.159386284303,-12.67594179034,
    -2.907520010606));
#2186 = CARTESIAN_POINT('',(73.112488859013,-12.62251047603,
    -2.928811273714));
#2187 = CARTESIAN_POINT('',(73.071424303585,-12.56412722089,
    -2.945849317862));
#2188 = CARTESIAN_POINT('',(73.037127606354,-12.50189618239,
    -2.959194802489));
#2189 = CARTESIAN_POINT('',(72.987620522974,-12.38215968556,
    -2.977665389972));
#2190 = CARTESIAN_POINT('',(72.970235128847,-12.32544839552,
    -2.983762327341));
#2191 = CARTESIAN_POINT('',(72.958500234107,-12.26741520243,
    -2.987733847775));
#2192 = CARTESIAN_POINT('',(72.952629123604,-12.20871900538,
    -2.9897225803));
#2193 = CARTESIAN_POINT('',(72.952629123604,-12.15,-2.9897225803));
#2194 = PCURVE('',#538,#2195);
#2195 = DEFINITIONAL_REPRESENTATION('',(#2196),#2271);
#2196 = B_SPLINE_CURVE_WITH_KNOTS('',5,(#2197,#2198,#2199,#2200,#2201,
    #2202,#2203,#2204,#2205,#2206,#2207,#2208,#2209,#2210,#2211,#2212,
    #2213,#2214,#2215,#2216,#2217,#2218,#2219,#2220,#2221,#2222,#2223,
    #2224,#2225,#2226,#2227,#2228,#2229,#2230,#2231,#2232,#2233,#2234,
    #2235,#2236,#2237,#2238,#2239,#2240,#2241,#2242,#2243,#2244,#2245,
    #2246,#2247,#2248,#2249,#2250,#2251,#2252,#2253,#2254,#2255,#2256,
    #2257,#2258,#2259,#2260,#2261,#2262,#2263,#2264,#2265,#2266,#2267,
    #2268,#2269,#2270),.UNSPECIFIED.,.F.,.F.,(6,4,4,4,4,4,4,4,4,4,4,4,4,
    4,4,4,4,4,6),(0.,6.472449502215E-02,0.141211419426,0.172316671628,
    0.199603692141,0.248968698904,0.300835334057,0.356892718397,
    0.434500543849,0.499444137227,0.564571068431,0.641121371159,
    0.672252397685,0.699562028672,0.748967940091,0.800877552792,
    0.856981387203,0.934653519776,1.),.UNSPECIFIED.);
#2197 = CARTESIAN_POINT('',(-1.244277135911,-1.15));
#2198 = CARTESIAN_POINT('',(-1.244277135911,-1.208256114439));
#2199 = CARTESIAN_POINT('',(-1.241226495938,-1.266490153899));
#2200 = CARTESIAN_POINT('',(-1.235128918096,-1.324076554979));
#2201 = CARTESIAN_POINT('',(-1.226062178465,-1.380371755109));
#2202 = CARTESIAN_POINT('',(-1.200128314187,-1.498925728969));
#2203 = CARTESIAN_POINT('',(-1.182136271499,-1.560438226326));
#2204 = CARTESIAN_POINT('',(-1.160417874979,-1.618242494108));
#2205 = CARTESIAN_POINT('',(-1.135269518713,-1.671281042029));
#2206 = CARTESIAN_POINT('',(-1.095553604779,-1.737578789818));
#2207 = CARTESIAN_POINT('',(-1.083561258331,-1.755768757187));
#2208 = CARTESIAN_POINT('',(-1.071087352173,-1.772896288557));
#2209 = CARTESIAN_POINT('',(-1.058162370869,-1.788879307255));
#2210 = CARTESIAN_POINT('',(-1.033112612446,-1.816587223274));
#2211 = CARTESIAN_POINT('',(-1.02108413642,-1.828594132737));
#2212 = CARTESIAN_POINT('',(-1.008761448844,-1.839599432984));
#2213 = CARTESIAN_POINT('',(-0.996173946813,-1.849549662142));
#2214 = CARTESIAN_POINT('',(-0.960155917375,-1.874406553013));
#2215 = CARTESIAN_POINT('',(-0.936178239377,-1.886819323813));
#2216 = CARTESIAN_POINT('',(-0.911661693052,-1.895307952826));
#2217 = CARTESIAN_POINT('',(-0.886860907713,-1.899702997513));
#2218 = CARTESIAN_POINT('',(-0.835940698731,-1.900286784431));
#2219 = CARTESIAN_POINT('',(-0.809854290598,-1.896047952524));
#2220 = CARTESIAN_POINT('',(-0.78406590148,-1.887277458411));
#2221 = CARTESIAN_POINT('',(-0.758871829204,-1.874168093829));
#2222 = CARTESIAN_POINT('',(-0.708270389714,-1.838668428288));
#2223 = CARTESIAN_POINT('',(-0.683017523064,-1.815618865437));
#2224 = CARTESIAN_POINT('',(-0.659021732429,-1.78836596453));
#2225 = CARTESIAN_POINT('',(-0.636498826784,-1.757384131045));
#2226 = CARTESIAN_POINT('',(-0.586758487106,-1.675941790343));
#2227 = CARTESIAN_POINT('',(-0.561027649076,-1.622510476038));
#2228 = CARTESIAN_POINT('',(-0.538807073194,-1.564127220893));
#2229 = CARTESIAN_POINT('',(-0.520407903731,-1.50189618239));
#2230 = CARTESIAN_POINT('',(-0.494052160507,-1.382451933118));
#2231 = CARTESIAN_POINT('',(-0.484876192685,-1.32605445931));
#2232 = CARTESIAN_POINT('',(-0.478682491804,-1.268345666823));
#2233 = CARTESIAN_POINT('',(-0.475550365104,-1.20997383115));
#2234 = CARTESIAN_POINT('',(-0.475418392673,-1.092998923952));
#2235 = CARTESIAN_POINT('',(-0.478435931214,-1.034440693861));
#2236 = CARTESIAN_POINT('',(-0.484534197267,-0.976529962558));
#2237 = CARTESIAN_POINT('',(-0.493634538518,-0.919920840994));
#2238 = CARTESIAN_POINT('',(-0.519632408645,-0.801074271031));
#2239 = CARTESIAN_POINT('',(-0.537624451332,-0.739561773674));
#2240 = CARTESIAN_POINT('',(-0.559342847852,-0.681757505892));
#2241 = CARTESIAN_POINT('',(-0.584491204119,-0.628718957971));
#2242 = CARTESIAN_POINT('',(-0.624207118052,-0.562421210182));
#2243 = CARTESIAN_POINT('',(-0.6361994645,-0.544231242813));
#2244 = CARTESIAN_POINT('',(-0.648673370658,-0.527103711443));
#2245 = CARTESIAN_POINT('',(-0.661598351963,-0.511120692745));
#2246 = CARTESIAN_POINT('',(-0.686648110385,-0.483412776726));
#2247 = CARTESIAN_POINT('',(-0.698676586411,-0.471405867263));
#2248 = CARTESIAN_POINT('',(-0.710999273988,-0.460400567016));
#2249 = CARTESIAN_POINT('',(-0.723586776018,-0.450450337858));
#2250 = CARTESIAN_POINT('',(-0.759604805456,-0.425593446987));
#2251 = CARTESIAN_POINT('',(-0.783582483454,-0.413180676187));
#2252 = CARTESIAN_POINT('',(-0.80809902978,-0.404692047174));
#2253 = CARTESIAN_POINT('',(-0.832899815118,-0.400297002487));
#2254 = CARTESIAN_POINT('',(-0.8838200241,-0.399713215569));
#2255 = CARTESIAN_POINT('',(-0.909906432233,-0.403952047476));
#2256 = CARTESIAN_POINT('',(-0.935694821351,-0.412722541589));
#2257 = CARTESIAN_POINT('',(-0.960888893627,-0.425831906171));
#2258 = CARTESIAN_POINT('',(-1.011490333117,-0.461331571712));
#2259 = CARTESIAN_POINT('',(-1.036743199768,-0.484381134563));
#2260 = CARTESIAN_POINT('',(-1.060738990402,-0.51163403547));
#2261 = CARTESIAN_POINT('',(-1.083261896048,-0.542615868955));
#2262 = CARTESIAN_POINT('',(-1.133002235726,-0.624058209657));
#2263 = CARTESIAN_POINT('',(-1.158733073755,-0.677489523962));
#2264 = CARTESIAN_POINT('',(-1.180953649637,-0.735872779107));
#2265 = CARTESIAN_POINT('',(-1.199352819101,-0.79810381761));
#2266 = CARTESIAN_POINT('',(-1.225773047652,-0.917840314437));
#2267 = CARTESIAN_POINT('',(-1.234983062946,-0.974551604479));
#2268 = CARTESIAN_POINT('',(-1.241177827775,-1.03258479756));
#2269 = CARTESIAN_POINT('',(-1.244277135911,-1.091280994619));
#2270 = CARTESIAN_POINT('',(-1.244277135911,-1.15));
#2271 = ( GEOMETRIC_REPRESENTATION_CONTEXT(2) 
PARAMETRIC_REPRESENTATION_CONTEXT() REPRESENTATION_CONTEXT('2D SPACE',''
  ) );
#2272 = PCURVE('',#2030,#2273);
#2273 = DEFINITIONAL_REPRESENTATION('',(#2274),#2349);
#2274 = B_SPLINE_CURVE_WITH_KNOTS('',5,(#2275,#2276,#2277,#2278,#2279,
    #2280,#2281,#2282,#2283,#2284,#2285,#2286,#2287,#2288,#2289,#2290,
    #2291,#2292,#2293,#2294,#2295,#2296,#2297,#2298,#2299,#2300,#2301,
    #2302,#2303,#2304,#2305,#2306,#2307,#2308,#2309,#2310,#2311,#2312,
    #2313,#2314,#2315,#2316,#2317,#2318,#2319,#2320,#2321,#2322,#2323,
    #2324,#2325,#2326,#2327,#2328,#2329,#2330,#2331,#2332,#2333,#2334,
    #2335,#2336,#2337,#2338,#2339,#2340,#2341,#2342,#2343,#2344,#2345,
    #2346,#2347,#2348),.UNSPECIFIED.,.F.,.F.,(6,4,4,4,4,4,4,4,4,4,4,4,4,
    4,4,4,4,4,6),(0.,6.472449502215E-02,0.141211419426,0.172316671628,
    0.199603692141,0.248968698904,0.300835334057,0.356892718397,
    0.434500543849,0.499444137227,0.564571068431,0.641121371159,
    0.672252397685,0.699562028672,0.748967940091,0.800877552792,
    0.856981387203,0.934653519776,1.),.UNSPECIFIED.);
#2275 = CARTESIAN_POINT('',(0.,4.054049621774));
#2276 = CARTESIAN_POINT('',(7.767481925219E-02,4.054049621774));
#2277 = CARTESIAN_POINT('',(0.155320429701,4.056337212435));
#2278 = CARTESIAN_POINT('',(0.233077658706,4.060912114254));
#2279 = CARTESIAN_POINT('',(0.311065152459,4.067534845523));
#2280 = CARTESIAN_POINT('',(0.481927053504,4.0855292764));
#2281 = CARTESIAN_POINT('',(0.574973276609,4.097550162096));
#2282 = CARTESIAN_POINT('',(0.668812554097,4.111172340823));
#2283 = CARTESIAN_POINT('',(0.763736915014,4.125409944043));
#2284 = CARTESIAN_POINT('',(0.899233864667,4.144842674092));
#2285 = CARTESIAN_POINT('',(0.938638157795,4.150391077095));
#2286 = CARTESIAN_POINT('',(0.978277263837,4.15579655575));
#2287 = CARTESIAN_POINT('',(1.018158092669,4.160987761132));
#2288 = CARTESIAN_POINT('',(1.093498133164,4.170200347137));
#2289 = CARTESIAN_POINT('',(1.128899614064,4.174287475888));
#2290 = CARTESIAN_POINT('',(1.164483250896,4.17810734635));
#2291 = CARTESIAN_POINT('',(1.200239952233,4.181615857044));
#2292 = CARTESIAN_POINT('',(1.301154432326,4.190487688186));
#2293 = CARTESIAN_POINT('',(1.366732353339,4.195059100639));
#2294 = CARTESIAN_POINT('',(1.432683687836,4.198240804951));
#2295 = CARTESIAN_POINT('',(1.49884724142,4.199888625607));
#2296 = CARTESIAN_POINT('',(1.634636382624,4.20010754261));
#2297 = CARTESIAN_POINT('',(1.704171565722,4.198518394182));
#2298 = CARTESIAN_POINT('',(1.77348393198,4.195225182021));
#2299 = CARTESIAN_POINT('',(1.842387433112,4.190393258811));
#2300 = CARTESIAN_POINT('',(1.98438724503,4.177743001367));
#2301 = CARTESIAN_POINT('',(2.057352358547,4.16971647867));
#2302 = CARTESIAN_POINT('',(2.1295598889,4.160568281845));
#2303 = CARTESIAN_POINT('',(2.201008526269,4.150730798983));
#2304 = CARTESIAN_POINT('',(2.369402482859,4.126674296168));
#2305 = CARTESIAN_POINT('',(2.465716406324,4.112206170269));
#2306 = CARTESIAN_POINT('',(2.560901809355,4.098321217695));
#2307 = CARTESIAN_POINT('',(2.655262301975,4.086054392457));
#2308 = CARTESIAN_POINT('',(2.827628145047,4.067790669743));
#2309 = CARTESIAN_POINT('',(2.905822238985,4.061093502569));
#2310 = CARTESIAN_POINT('',(2.983782002854,4.056448391267));
#2311 = CARTESIAN_POINT('',(3.061627373499,4.054099705303));
#2312 = CARTESIAN_POINT('',(3.217594257642,4.054000726196));
#2313 = CARTESIAN_POINT('',(3.295656353502,4.056263462472));
#2314 = CARTESIAN_POINT('',(3.373830165753,4.060840797581));
#2315 = CARTESIAN_POINT('',(3.452236111821,4.067490434525));
#2316 = CARTESIAN_POINT('',(3.623519707094,4.0855292764));
#2317 = CARTESIAN_POINT('',(3.716565930199,4.097550162096));
#2318 = CARTESIAN_POINT('',(3.810405207687,4.111172340823));
#2319 = CARTESIAN_POINT('',(3.905329568603,4.125409944043));
#2320 = CARTESIAN_POINT('',(4.040826518257,4.144842674092));
#2321 = CARTESIAN_POINT('',(4.080230811384,4.150391077095));
#2322 = CARTESIAN_POINT('',(4.119869917427,4.15579655575));
#2323 = CARTESIAN_POINT('',(4.159750746259,4.160987761132));
#2324 = CARTESIAN_POINT('',(4.235090786754,4.170200347137));
#2325 = CARTESIAN_POINT('',(4.270492267654,4.174287475888));
#2326 = CARTESIAN_POINT('',(4.306075904486,4.17810734635));
#2327 = CARTESIAN_POINT('',(4.341832605823,4.181615857044));
#2328 = CARTESIAN_POINT('',(4.442747085915,4.190487688186));
#2329 = CARTESIAN_POINT('',(4.508325006929,4.195059100639));
#2330 = CARTESIAN_POINT('',(4.574276341426,4.198240804951));
#2331 = CARTESIAN_POINT('',(4.64043989501,4.199888625607));
#2332 = CARTESIAN_POINT('',(4.776229036213,4.20010754261));
#2333 = CARTESIAN_POINT('',(4.845764219312,4.198518394182));
#2334 = CARTESIAN_POINT('',(4.91507658557,4.195225182021));
#2335 = CARTESIAN_POINT('',(4.983980086702,4.190393258811));
#2336 = CARTESIAN_POINT('',(5.12597989862,4.177743001367));
#2337 = CARTESIAN_POINT('',(5.198945012137,4.16971647867));
#2338 = CARTESIAN_POINT('',(5.27115254249,4.160568281845));
#2339 = CARTESIAN_POINT('',(5.342601179859,4.150730798983));
#2340 = CARTESIAN_POINT('',(5.510995136449,4.126674296168));
#2341 = CARTESIAN_POINT('',(5.607309059914,4.112206170269));
#2342 = CARTESIAN_POINT('',(5.702494462945,4.098321217695));
#2343 = CARTESIAN_POINT('',(5.796854955564,4.086054392457));
#2344 = CARTESIAN_POINT('',(5.969642530923,4.067745983386));
#2345 = CARTESIAN_POINT('',(6.048255108942,4.061021567356));
#2346 = CARTESIAN_POINT('',(6.126631467585,4.056373695626));
#2347 = CARTESIAN_POINT('',(6.204893300005,4.054049621774));
#2348 = CARTESIAN_POINT('',(6.28318530718,4.054049621774));
#2349 = ( GEOMETRIC_REPRESENTATION_CONTEXT(2) 
PARAMETRIC_REPRESENTATION_CONTEXT() REPRESENTATION_CONTEXT('2D SPACE',''
  ) );
#2350 = ADVANCED_FACE('',(#2351),#571,.T.);
#2351 = FACE_BOUND('',#2352,.T.);
#2352 = EDGE_LOOP('',(#2353,#2354,#2355,#2376,#2402));
#2353 = ORIENTED_EDGE('',*,*,#553,.F.);
#2354 = ORIENTED_EDGE('',*,*,#1573,.T.);
#2355 = ORIENTED_EDGE('',*,*,#2356,.F.);
#2356 = EDGE_CURVE('',#2357,#1574,#2359,.T.);
#2357 = VERTEX_POINT('',#2358);
#2358 = CARTESIAN_POINT('',(68.102943725152,11.,-2.9));
#2359 = SURFACE_CURVE('',#2360,(#2364,#2370),.PCURVE_S1.);
#2360 = LINE('',#2361,#2362);
#2361 = CARTESIAN_POINT('',(62.405566482627,11.,-2.9));
#2362 = VECTOR('',#2363,1.);
#2363 = DIRECTION('',(-1.,0.,-0.));
#2364 = PCURVE('',#571,#2365);
#2365 = DEFINITIONAL_REPRESENTATION('',(#2366),#2369);
#2366 = B_SPLINE_CURVE_WITH_KNOTS('',1,(#2367,#2368),.UNSPECIFIED.,.F.,
  .F.,(2,2),(-12.40556648262,2.405566482627),.PIECEWISE_BEZIER_KNOTS.);
#2367 = CARTESIAN_POINT('',(2.1,10.));
#2368 = CARTESIAN_POINT('',(2.1,-4.811132965254));
#2369 = ( GEOMETRIC_REPRESENTATION_CONTEXT(2) 
PARAMETRIC_REPRESENTATION_CONTEXT() REPRESENTATION_CONTEXT('2D SPACE',''
  ) );
#2370 = PCURVE('',#933,#2371);
#2371 = DEFINITIONAL_REPRESENTATION('',(#2372),#2375);
#2372 = B_SPLINE_CURVE_WITH_KNOTS('',1,(#2373,#2374),.UNSPECIFIED.,.F.,
  .F.,(2,2),(-12.40556648262,2.405566482627),.PIECEWISE_BEZIER_KNOTS.);
#2373 = CARTESIAN_POINT('',(97.580735803744,-14.81113296525));
#2374 = CARTESIAN_POINT('',(97.580735803744,0.));
#2375 = ( GEOMETRIC_REPRESENTATION_CONTEXT(2) 
PARAMETRIC_REPRESENTATION_CONTEXT() REPRESENTATION_CONTEXT('2D SPACE',''
  ) );
#2376 = ORIENTED_EDGE('',*,*,#2377,.T.);
#2377 = EDGE_CURVE('',#2357,#2378,#2380,.T.);
#2378 = VERTEX_POINT('',#2379);
#2379 = CARTESIAN_POINT('',(68.85,11.,-3.956497115746));
#2380 = SURFACE_CURVE('',#2381,(#2385,#2391),.PCURVE_S1.);
#2381 = LINE('',#2382,#2383);
#2382 = CARTESIAN_POINT('',(67.883412132246,11.,-2.589535443942));
#2383 = VECTOR('',#2384,1.);
#2384 = DIRECTION('',(0.57735026919,0.,-0.816496580928));
#2385 = PCURVE('',#571,#2386);
#2386 = DEFINITIONAL_REPRESENTATION('',(#2387),#2390);
#2387 = B_SPLINE_CURVE_WITH_KNOTS('',1,(#2388,#2389),.UNSPECIFIED.,.F.,
  .F.,(2,2),(0.380239872781,1.67417929693),.PIECEWISE_BEZIER_KNOTS.);
#2388 = CARTESIAN_POINT('',(2.1,3.291810759898));
#2389 = CARTESIAN_POINT('',(1.043502884254,4.038867034746));
#2390 = ( GEOMETRIC_REPRESENTATION_CONTEXT(2) 
PARAMETRIC_REPRESENTATION_CONTEXT() REPRESENTATION_CONTEXT('2D SPACE',''
  ) );
#2391 = PCURVE('',#2392,#2397);
#2392 = PLANE('',#2393);
#2393 = AXIS2_PLACEMENT_3D('',#2394,#2395,#2396);
#2394 = CARTESIAN_POINT('',(66.787867965644,13.0859650045,
    -3.126167029856));
#2395 = DIRECTION('',(0.707106781187,0.5,0.5));
#2396 = DIRECTION('',(0.707106781187,-0.5,-0.5));
#2397 = DEFINITIONAL_REPRESENTATION('',(#2398),#2401);
#2398 = B_SPLINE_CURVE_WITH_KNOTS('',1,(#2399,#2400),.UNSPECIFIED.,.F.,
  .F.,(2,2),(0.380239872781,1.67417929693),.PIECEWISE_BEZIER_KNOTS.);
#2399 = CARTESIAN_POINT('',(1.859797974645,-1.634924240492));
#2400 = CARTESIAN_POINT('',(2.91629509039,-0.887867965644));
#2401 = ( GEOMETRIC_REPRESENTATION_CONTEXT(2) 
PARAMETRIC_REPRESENTATION_CONTEXT() REPRESENTATION_CONTEXT('2D SPACE',''
  ) );
#2402 = ORIENTED_EDGE('',*,*,#2403,.T.);
#2403 = EDGE_CURVE('',#2378,#556,#2404,.T.);
#2404 = SURFACE_CURVE('',#2405,(#2409,#2415),.PCURVE_S1.);
#2405 = LINE('',#2406,#2407);
#2406 = CARTESIAN_POINT('',(68.85,11.,-4.792157287525));
#2407 = VECTOR('',#2408,1.);
#2408 = DIRECTION('',(0.,0.,-1.));
#2409 = PCURVE('',#571,#2410);
#2410 = DEFINITIONAL_REPRESENTATION('',(#2411),#2414);
#2411 = B_SPLINE_CURVE_WITH_KNOTS('',1,(#2412,#2413),.UNSPECIFIED.,.F.,
  .F.,(2,2),(-0.83566017178,0.207842712475),.PIECEWISE_BEZIER_KNOTS.);
#2412 = CARTESIAN_POINT('',(1.043502884254,4.038867034746));
#2413 = CARTESIAN_POINT('',(0.,4.038867034746));
#2414 = ( GEOMETRIC_REPRESENTATION_CONTEXT(2) 
PARAMETRIC_REPRESENTATION_CONTEXT() REPRESENTATION_CONTEXT('2D SPACE',''
  ) );
#2415 = PCURVE('',#825,#2416);
#2416 = DEFINITIONAL_REPRESENTATION('',(#2417),#2420);
#2417 = B_SPLINE_CURVE_WITH_KNOTS('',1,(#2418,#2419),.UNSPECIFIED.,.F.,
  .F.,(2,2),(-0.83566017178,0.207842712475),.PIECEWISE_BEZIER_KNOTS.);
#2418 = CARTESIAN_POINT('',(0.,-0.887867965644));
#2419 = CARTESIAN_POINT('',(0.737867965644,-0.15));
#2420 = ( GEOMETRIC_REPRESENTATION_CONTEXT(2) 
PARAMETRIC_REPRESENTATION_CONTEXT() REPRESENTATION_CONTEXT('2D SPACE',''
  ) );
#2421 = ADVANCED_FACE('',(#2422),#825,.T.);
#2422 = FACE_BOUND('',#2423,.T.);
#2423 = EDGE_LOOP('',(#2424,#2425,#2448,#2476,#2497));
#2424 = ORIENTED_EDGE('',*,*,#2403,.F.);
#2425 = ORIENTED_EDGE('',*,*,#2426,.T.);
#2426 = EDGE_CURVE('',#2378,#2427,#2429,.T.);
#2427 = VERTEX_POINT('',#2428);
#2428 = CARTESIAN_POINT('',(68.85,4.451219330882,2.592283553372));
#2429 = SURFACE_CURVE('',#2430,(#2434,#2441),.PCURVE_S1.);
#2430 = LINE('',#2431,#2432);
#2431 = CARTESIAN_POINT('',(68.85,11.627817459305,-4.584314575051));
#2432 = VECTOR('',#2433,1.);
#2433 = DIRECTION('',(0.,-0.707106781187,0.707106781187));
#2434 = PCURVE('',#825,#2435);
#2435 = DEFINITIONAL_REPRESENTATION('',(#2436),#2440);
#2436 = LINE('',#2437,#2438);
#2437 = CARTESIAN_POINT('',(0.,0.));
#2438 = VECTOR('',#2439,1.);
#2439 = DIRECTION('',(0.,-1.));
#2440 = ( GEOMETRIC_REPRESENTATION_CONTEXT(2) 
PARAMETRIC_REPRESENTATION_CONTEXT() REPRESENTATION_CONTEXT('2D SPACE',''
  ) );
#2441 = PCURVE('',#2392,#2442);
#2442 = DEFINITIONAL_REPRESENTATION('',(#2443),#2447);
#2443 = LINE('',#2444,#2445);
#2444 = CARTESIAN_POINT('',(2.91629509039,0.));
#2445 = VECTOR('',#2446,1.);
#2446 = DIRECTION('',(0.,-1.));
#2447 = ( GEOMETRIC_REPRESENTATION_CONTEXT(2) 
PARAMETRIC_REPRESENTATION_CONTEXT() REPRESENTATION_CONTEXT('2D SPACE',''
  ) );
#2448 = ORIENTED_EDGE('',*,*,#2449,.T.);
#2449 = EDGE_CURVE('',#2427,#2450,#2452,.T.);
#2450 = VERTEX_POINT('',#2451);
#2451 = CARTESIAN_POINT('',(68.85,3.407716446628,1.548780669118));
#2452 = SURFACE_CURVE('',#2453,(#2457,#2464),.PCURVE_S1.);
#2453 = LINE('',#2454,#2455);
#2454 = CARTESIAN_POINT('',(68.85,4.451219330882,2.592283553372));
#2455 = VECTOR('',#2456,1.);
#2456 = DIRECTION('',(0.,-0.707106781187,-0.707106781187));
#2457 = PCURVE('',#825,#2458);
#2458 = DEFINITIONAL_REPRESENTATION('',(#2459),#2463);
#2459 = LINE('',#2460,#2461);
#2460 = CARTESIAN_POINT('',(0.,-10.14924240491));
#2461 = VECTOR('',#2462,1.);
#2462 = DIRECTION('',(1.,0.));
#2463 = ( GEOMETRIC_REPRESENTATION_CONTEXT(2) 
PARAMETRIC_REPRESENTATION_CONTEXT() REPRESENTATION_CONTEXT('2D SPACE',''
  ) );
#2464 = PCURVE('',#2465,#2470);
#2465 = PLANE('',#2466);
#2466 = AXIS2_PLACEMENT_3D('',#2467,#2468,#2469);
#2467 = CARTESIAN_POINT('',(70.,3.929467888755,2.070532111245));
#2468 = DIRECTION('',(0.,-0.707106781187,0.707106781187));
#2469 = DIRECTION('',(1.,0.,0.));
#2470 = DEFINITIONAL_REPRESENTATION('',(#2471),#2475);
#2471 = LINE('',#2472,#2473);
#2472 = CARTESIAN_POINT('',(-1.15,0.737867965644));
#2473 = VECTOR('',#2474,1.);
#2474 = DIRECTION('',(0.,-1.));
#2475 = ( GEOMETRIC_REPRESENTATION_CONTEXT(2) 
PARAMETRIC_REPRESENTATION_CONTEXT() REPRESENTATION_CONTEXT('2D SPACE',''
  ) );
#2476 = ORIENTED_EDGE('',*,*,#2477,.F.);
#2477 = EDGE_CURVE('',#787,#2450,#2478,.T.);
#2478 = SURFACE_CURVE('',#2479,(#2483,#2490),.PCURVE_S1.);
#2479 = LINE('',#2480,#2481);
#2480 = CARTESIAN_POINT('',(68.85,10.584314575051,-5.627817459305));
#2481 = VECTOR('',#2482,1.);
#2482 = DIRECTION('',(0.,-0.707106781187,0.707106781187));
#2483 = PCURVE('',#825,#2484);
#2484 = DEFINITIONAL_REPRESENTATION('',(#2485),#2489);
#2485 = LINE('',#2486,#2487);
#2486 = CARTESIAN_POINT('',(1.475735931288,0.));
#2487 = VECTOR('',#2488,1.);
#2488 = DIRECTION('',(0.,-1.));
#2489 = ( GEOMETRIC_REPRESENTATION_CONTEXT(2) 
PARAMETRIC_REPRESENTATION_CONTEXT() REPRESENTATION_CONTEXT('2D SPACE',''
  ) );
#2490 = PCURVE('',#801,#2491);
#2491 = DEFINITIONAL_REPRESENTATION('',(#2492),#2496);
#2492 = LINE('',#2493,#2494);
#2493 = CARTESIAN_POINT('',(-0.,0.));
#2494 = VECTOR('',#2495,1.);
#2495 = DIRECTION('',(0.,-1.));
#2496 = ( GEOMETRIC_REPRESENTATION_CONTEXT(2) 
PARAMETRIC_REPRESENTATION_CONTEXT() REPRESENTATION_CONTEXT('2D SPACE',''
  ) );
#2497 = ORIENTED_EDGE('',*,*,#812,.T.);
#2498 = ADVANCED_FACE('',(#2499),#801,.T.);
#2499 = FACE_BOUND('',#2500,.T.);
#2500 = EDGE_LOOP('',(#2501,#2502,#2503,#2526));
#2501 = ORIENTED_EDGE('',*,*,#786,.T.);
#2502 = ORIENTED_EDGE('',*,*,#2477,.T.);
#2503 = ORIENTED_EDGE('',*,*,#2504,.T.);
#2504 = EDGE_CURVE('',#2450,#2505,#2507,.T.);
#2505 = VERTEX_POINT('',#2506);
#2506 = CARTESIAN_POINT('',(66.787867965644,1.949568901432,
    9.063312392291E-02));
#2507 = SURFACE_CURVE('',#2508,(#2512,#2519),.PCURVE_S1.);
#2508 = LINE('',#2509,#2510);
#2509 = CARTESIAN_POINT('',(68.85,3.407716446628,1.548780669118));
#2510 = VECTOR('',#2511,1.);
#2511 = DIRECTION('',(-0.707106781187,-0.5,-0.5));
#2512 = PCURVE('',#801,#2513);
#2513 = DEFINITIONAL_REPRESENTATION('',(#2514),#2518);
#2514 = LINE('',#2515,#2516);
#2515 = CARTESIAN_POINT('',(0.,-10.14924240491));
#2516 = VECTOR('',#2517,1.);
#2517 = DIRECTION('',(1.,0.));
#2518 = ( GEOMETRIC_REPRESENTATION_CONTEXT(2) 
PARAMETRIC_REPRESENTATION_CONTEXT() REPRESENTATION_CONTEXT('2D SPACE',''
  ) );
#2519 = PCURVE('',#2465,#2520);
#2520 = DEFINITIONAL_REPRESENTATION('',(#2521),#2525);
#2521 = LINE('',#2522,#2523);
#2522 = CARTESIAN_POINT('',(-1.15,-0.737867965644));
#2523 = VECTOR('',#2524,1.);
#2524 = DIRECTION('',(-0.707106781187,-0.707106781187));
#2525 = ( GEOMETRIC_REPRESENTATION_CONTEXT(2) 
PARAMETRIC_REPRESENTATION_CONTEXT() REPRESENTATION_CONTEXT('2D SPACE',''
  ) );
#2526 = ORIENTED_EDGE('',*,*,#2527,.F.);
#2527 = EDGE_CURVE('',#761,#2505,#2528,.T.);
#2528 = SURFACE_CURVE('',#2529,(#2533,#2540),.PCURVE_S1.);
#2529 = LINE('',#2530,#2531);
#2530 = CARTESIAN_POINT('',(66.787867965644,9.126167029856,-7.0859650045
    ));
#2531 = VECTOR('',#2532,1.);
#2532 = DIRECTION('',(0.,-0.707106781187,0.707106781187));
#2533 = PCURVE('',#801,#2534);
#2534 = DEFINITIONAL_REPRESENTATION('',(#2535),#2539);
#2535 = LINE('',#2536,#2537);
#2536 = CARTESIAN_POINT('',(2.91629509039,0.));
#2537 = VECTOR('',#2538,1.);
#2538 = DIRECTION('',(0.,-1.));
#2539 = ( GEOMETRIC_REPRESENTATION_CONTEXT(2) 
PARAMETRIC_REPRESENTATION_CONTEXT() REPRESENTATION_CONTEXT('2D SPACE',''
  ) );
#2540 = PCURVE('',#775,#2541);
#2541 = DEFINITIONAL_REPRESENTATION('',(#2542),#2546);
#2542 = LINE('',#2543,#2544);
#2543 = CARTESIAN_POINT('',(0.,0.));
#2544 = VECTOR('',#2545,1.);
#2545 = DIRECTION('',(0.,-1.));
#2546 = ( GEOMETRIC_REPRESENTATION_CONTEXT(2) 
PARAMETRIC_REPRESENTATION_CONTEXT() REPRESENTATION_CONTEXT('2D SPACE',''
  ) );
#2547 = ADVANCED_FACE('',(#2548),#775,.T.);
#2548 = FACE_BOUND('',#2549,.T.);
#2549 = EDGE_LOOP('',(#2550,#2551,#2552,#2575));
#2550 = ORIENTED_EDGE('',*,*,#760,.T.);
#2551 = ORIENTED_EDGE('',*,*,#2527,.T.);
#2552 = ORIENTED_EDGE('',*,*,#2553,.T.);
#2553 = EDGE_CURVE('',#2505,#2554,#2556,.T.);
#2554 = VERTEX_POINT('',#2555);
#2555 = CARTESIAN_POINT('',(69.137867965644,0.287867965644,
    -1.571067811865));
#2556 = SURFACE_CURVE('',#2557,(#2561,#2568),.PCURVE_S1.);
#2557 = LINE('',#2558,#2559);
#2558 = CARTESIAN_POINT('',(66.787867965644,1.949568901432,
    9.063312392291E-02));
#2559 = VECTOR('',#2560,1.);
#2560 = DIRECTION('',(0.707106781187,-0.5,-0.5));
#2561 = PCURVE('',#775,#2562);
#2562 = DEFINITIONAL_REPRESENTATION('',(#2563),#2567);
#2563 = LINE('',#2564,#2565);
#2564 = CARTESIAN_POINT('',(0.,-10.14924240491));
#2565 = VECTOR('',#2566,1.);
#2566 = DIRECTION('',(1.,0.));
#2567 = ( GEOMETRIC_REPRESENTATION_CONTEXT(2) 
PARAMETRIC_REPRESENTATION_CONTEXT() REPRESENTATION_CONTEXT('2D SPACE',''
  ) );
#2568 = PCURVE('',#2465,#2569);
#2569 = DEFINITIONAL_REPRESENTATION('',(#2570),#2574);
#2570 = LINE('',#2571,#2572);
#2571 = CARTESIAN_POINT('',(-3.212132034356,-2.8));
#2572 = VECTOR('',#2573,1.);
#2573 = DIRECTION('',(0.707106781187,-0.707106781187));
#2574 = ( GEOMETRIC_REPRESENTATION_CONTEXT(2) 
PARAMETRIC_REPRESENTATION_CONTEXT() REPRESENTATION_CONTEXT('2D SPACE',''
  ) );
#2575 = ORIENTED_EDGE('',*,*,#2576,.F.);
#2576 = EDGE_CURVE('',#735,#2554,#2577,.T.);
#2577 = SURFACE_CURVE('',#2578,(#2582,#2589),.PCURVE_S1.);
#2578 = LINE('',#2579,#2580);
#2579 = CARTESIAN_POINT('',(69.137867965644,7.464466094067,
    -8.747665940289));
#2580 = VECTOR('',#2581,1.);
#2581 = DIRECTION('',(0.,-0.707106781187,0.707106781187));
#2582 = PCURVE('',#775,#2583);
#2583 = DEFINITIONAL_REPRESENTATION('',(#2584),#2588);
#2584 = LINE('',#2585,#2586);
#2585 = CARTESIAN_POINT('',(3.323401871577,0.));
#2586 = VECTOR('',#2587,1.);
#2587 = DIRECTION('',(0.,-1.));
#2588 = ( GEOMETRIC_REPRESENTATION_CONTEXT(2) 
PARAMETRIC_REPRESENTATION_CONTEXT() REPRESENTATION_CONTEXT('2D SPACE',''
  ) );
#2589 = PCURVE('',#749,#2590);
#2590 = DEFINITIONAL_REPRESENTATION('',(#2591),#2595);
#2591 = LINE('',#2592,#2593);
#2592 = CARTESIAN_POINT('',(0.,0.));
#2593 = VECTOR('',#2594,1.);
#2594 = DIRECTION('',(0.,-1.));
#2595 = ( GEOMETRIC_REPRESENTATION_CONTEXT(2) 
PARAMETRIC_REPRESENTATION_CONTEXT() REPRESENTATION_CONTEXT('2D SPACE',''
  ) );
#2596 = ADVANCED_FACE('',(#2597),#749,.T.);
#2597 = FACE_BOUND('',#2598,.T.);
#2598 = EDGE_LOOP('',(#2599,#2600,#2601,#2624));
#2599 = ORIENTED_EDGE('',*,*,#734,.T.);
#2600 = ORIENTED_EDGE('',*,*,#2576,.T.);
#2601 = ORIENTED_EDGE('',*,*,#2602,.T.);
#2602 = EDGE_CURVE('',#2554,#2603,#2605,.T.);
#2603 = VERTEX_POINT('',#2604);
#2604 = CARTESIAN_POINT('',(70.862132034356,0.287867965644,
    -1.571067811865));
#2605 = SURFACE_CURVE('',#2606,(#2610,#2617),.PCURVE_S1.);
#2606 = LINE('',#2607,#2608);
#2607 = CARTESIAN_POINT('',(69.137867965644,0.287867965644,
    -1.571067811865));
#2608 = VECTOR('',#2609,1.);
#2609 = DIRECTION('',(1.,0.,0.));
#2610 = PCURVE('',#749,#2611);
#2611 = DEFINITIONAL_REPRESENTATION('',(#2612),#2616);
#2612 = LINE('',#2613,#2614);
#2613 = CARTESIAN_POINT('',(0.,-10.14924240491));
#2614 = VECTOR('',#2615,1.);
#2615 = DIRECTION('',(1.,0.));
#2616 = ( GEOMETRIC_REPRESENTATION_CONTEXT(2) 
PARAMETRIC_REPRESENTATION_CONTEXT() REPRESENTATION_CONTEXT('2D SPACE',''
  ) );
#2617 = PCURVE('',#2465,#2618);
#2618 = DEFINITIONAL_REPRESENTATION('',(#2619),#2623);
#2619 = LINE('',#2620,#2621);
#2620 = CARTESIAN_POINT('',(-0.862132034356,-5.15));
#2621 = VECTOR('',#2622,1.);
#2622 = DIRECTION('',(1.,0.));
#2623 = ( GEOMETRIC_REPRESENTATION_CONTEXT(2) 
PARAMETRIC_REPRESENTATION_CONTEXT() REPRESENTATION_CONTEXT('2D SPACE',''
  ) );
#2624 = ORIENTED_EDGE('',*,*,#2625,.F.);
#2625 = EDGE_CURVE('',#709,#2603,#2626,.T.);
#2626 = SURFACE_CURVE('',#2627,(#2631,#2638),.PCURVE_S1.);
#2627 = LINE('',#2628,#2629);
#2628 = CARTESIAN_POINT('',(70.862132034356,7.464466094067,
    -8.747665940289));
#2629 = VECTOR('',#2630,1.);
#2630 = DIRECTION('',(0.,-0.707106781187,0.707106781187));
#2631 = PCURVE('',#749,#2632);
#2632 = DEFINITIONAL_REPRESENTATION('',(#2633),#2637);
#2633 = LINE('',#2634,#2635);
#2634 = CARTESIAN_POINT('',(1.724264068712,0.));
#2635 = VECTOR('',#2636,1.);
#2636 = DIRECTION('',(0.,-1.));
#2637 = ( GEOMETRIC_REPRESENTATION_CONTEXT(2) 
PARAMETRIC_REPRESENTATION_CONTEXT() REPRESENTATION_CONTEXT('2D SPACE',''
  ) );
#2638 = PCURVE('',#723,#2639);
#2639 = DEFINITIONAL_REPRESENTATION('',(#2640),#2644);
#2640 = LINE('',#2641,#2642);
#2641 = CARTESIAN_POINT('',(0.,0.));
#2642 = VECTOR('',#2643,1.);
#2643 = DIRECTION('',(0.,-1.));
#2644 = ( GEOMETRIC_REPRESENTATION_CONTEXT(2) 
PARAMETRIC_REPRESENTATION_CONTEXT() REPRESENTATION_CONTEXT('2D SPACE',''
  ) );
#2645 = ADVANCED_FACE('',(#2646),#723,.T.);
#2646 = FACE_BOUND('',#2647,.T.);
#2647 = EDGE_LOOP('',(#2648,#2649,#2650,#2673));
#2648 = ORIENTED_EDGE('',*,*,#708,.T.);
#2649 = ORIENTED_EDGE('',*,*,#2625,.T.);
#2650 = ORIENTED_EDGE('',*,*,#2651,.T.);
#2651 = EDGE_CURVE('',#2603,#2652,#2654,.T.);
#2652 = VERTEX_POINT('',#2653);
#2653 = CARTESIAN_POINT('',(73.212132034356,1.949568901432,
    9.063312392291E-02));
#2654 = SURFACE_CURVE('',#2655,(#2659,#2666),.PCURVE_S1.);
#2655 = LINE('',#2656,#2657);
#2656 = CARTESIAN_POINT('',(70.862132034356,0.287867965644,
    -1.571067811865));
#2657 = VECTOR('',#2658,1.);
#2658 = DIRECTION('',(0.707106781187,0.5,0.5));
#2659 = PCURVE('',#723,#2660);
#2660 = DEFINITIONAL_REPRESENTATION('',(#2661),#2665);
#2661 = LINE('',#2662,#2663);
#2662 = CARTESIAN_POINT('',(0.,-10.14924240491));
#2663 = VECTOR('',#2664,1.);
#2664 = DIRECTION('',(1.,0.));
#2665 = ( GEOMETRIC_REPRESENTATION_CONTEXT(2) 
PARAMETRIC_REPRESENTATION_CONTEXT() REPRESENTATION_CONTEXT('2D SPACE',''
  ) );
#2666 = PCURVE('',#2465,#2667);
#2667 = DEFINITIONAL_REPRESENTATION('',(#2668),#2672);
#2668 = LINE('',#2669,#2670);
#2669 = CARTESIAN_POINT('',(0.862132034356,-5.15));
#2670 = VECTOR('',#2671,1.);
#2671 = DIRECTION('',(0.707106781187,0.707106781187));
#2672 = ( GEOMETRIC_REPRESENTATION_CONTEXT(2) 
PARAMETRIC_REPRESENTATION_CONTEXT() REPRESENTATION_CONTEXT('2D SPACE',''
  ) );
#2673 = ORIENTED_EDGE('',*,*,#2674,.F.);
#2674 = EDGE_CURVE('',#683,#2652,#2675,.T.);
#2675 = SURFACE_CURVE('',#2676,(#2680,#2687),.PCURVE_S1.);
#2676 = LINE('',#2677,#2678);
#2677 = CARTESIAN_POINT('',(73.212132034356,9.126167029856,-7.0859650045
    ));
#2678 = VECTOR('',#2679,1.);
#2679 = DIRECTION('',(0.,-0.707106781187,0.707106781187));
#2680 = PCURVE('',#723,#2681);
#2681 = DEFINITIONAL_REPRESENTATION('',(#2682),#2686);
#2682 = LINE('',#2683,#2684);
#2683 = CARTESIAN_POINT('',(3.323401871577,0.));
#2684 = VECTOR('',#2685,1.);
#2685 = DIRECTION('',(0.,-1.));
#2686 = ( GEOMETRIC_REPRESENTATION_CONTEXT(2) 
PARAMETRIC_REPRESENTATION_CONTEXT() REPRESENTATION_CONTEXT('2D SPACE',''
  ) );
#2687 = PCURVE('',#697,#2688);
#2688 = DEFINITIONAL_REPRESENTATION('',(#2689),#2693);
#2689 = LINE('',#2690,#2691);
#2690 = CARTESIAN_POINT('',(0.,0.));
#2691 = VECTOR('',#2692,1.);
#2692 = DIRECTION('',(0.,-1.));
#2693 = ( GEOMETRIC_REPRESENTATION_CONTEXT(2) 
PARAMETRIC_REPRESENTATION_CONTEXT() REPRESENTATION_CONTEXT('2D SPACE',''
  ) );
#2694 = ADVANCED_FACE('',(#2695),#697,.T.);
#2695 = FACE_BOUND('',#2696,.T.);
#2696 = EDGE_LOOP('',(#2697,#2698,#2699,#2722));
#2697 = ORIENTED_EDGE('',*,*,#682,.T.);
#2698 = ORIENTED_EDGE('',*,*,#2674,.T.);
#2699 = ORIENTED_EDGE('',*,*,#2700,.T.);
#2700 = EDGE_CURVE('',#2652,#2701,#2703,.T.);
#2701 = VERTEX_POINT('',#2702);
#2702 = CARTESIAN_POINT('',(71.15,3.407716446628,1.548780669118));
#2703 = SURFACE_CURVE('',#2704,(#2708,#2715),.PCURVE_S1.);
#2704 = LINE('',#2705,#2706);
#2705 = CARTESIAN_POINT('',(73.212132034356,1.949568901432,
    9.063312392291E-02));
#2706 = VECTOR('',#2707,1.);
#2707 = DIRECTION('',(-0.707106781187,0.5,0.5));
#2708 = PCURVE('',#697,#2709);
#2709 = DEFINITIONAL_REPRESENTATION('',(#2710),#2714);
#2710 = LINE('',#2711,#2712);
#2711 = CARTESIAN_POINT('',(0.,-10.14924240491));
#2712 = VECTOR('',#2713,1.);
#2713 = DIRECTION('',(1.,0.));
#2714 = ( GEOMETRIC_REPRESENTATION_CONTEXT(2) 
PARAMETRIC_REPRESENTATION_CONTEXT() REPRESENTATION_CONTEXT('2D SPACE',''
  ) );
#2715 = PCURVE('',#2465,#2716);
#2716 = DEFINITIONAL_REPRESENTATION('',(#2717),#2721);
#2717 = LINE('',#2718,#2719);
#2718 = CARTESIAN_POINT('',(3.212132034356,-2.8));
#2719 = VECTOR('',#2720,1.);
#2720 = DIRECTION('',(-0.707106781187,0.707106781187));
#2721 = ( GEOMETRIC_REPRESENTATION_CONTEXT(2) 
PARAMETRIC_REPRESENTATION_CONTEXT() REPRESENTATION_CONTEXT('2D SPACE',''
  ) );
#2722 = ORIENTED_EDGE('',*,*,#2723,.F.);
#2723 = EDGE_CURVE('',#657,#2701,#2724,.T.);
#2724 = SURFACE_CURVE('',#2725,(#2729,#2736),.PCURVE_S1.);
#2725 = LINE('',#2726,#2727);
#2726 = CARTESIAN_POINT('',(71.15,10.584314575051,-5.627817459305));
#2727 = VECTOR('',#2728,1.);
#2728 = DIRECTION('',(0.,-0.707106781187,0.707106781187));
#2729 = PCURVE('',#697,#2730);
#2730 = DEFINITIONAL_REPRESENTATION('',(#2731),#2735);
#2731 = LINE('',#2732,#2733);
#2732 = CARTESIAN_POINT('',(2.91629509039,0.));
#2733 = VECTOR('',#2734,1.);
#2734 = DIRECTION('',(0.,-1.));
#2735 = ( GEOMETRIC_REPRESENTATION_CONTEXT(2) 
PARAMETRIC_REPRESENTATION_CONTEXT() REPRESENTATION_CONTEXT('2D SPACE',''
  ) );
#2736 = PCURVE('',#671,#2737);
#2737 = DEFINITIONAL_REPRESENTATION('',(#2738),#2742);
#2738 = LINE('',#2739,#2740);
#2739 = CARTESIAN_POINT('',(0.,0.));
#2740 = VECTOR('',#2741,1.);
#2741 = DIRECTION('',(0.,-1.));
#2742 = ( GEOMETRIC_REPRESENTATION_CONTEXT(2) 
PARAMETRIC_REPRESENTATION_CONTEXT() REPRESENTATION_CONTEXT('2D SPACE',''
  ) );
#2743 = ADVANCED_FACE('',(#2744),#671,.T.);
#2744 = FACE_BOUND('',#2745,.T.);
#2745 = EDGE_LOOP('',(#2746,#2747,#2748,#2771,#2799));
#2746 = ORIENTED_EDGE('',*,*,#656,.T.);
#2747 = ORIENTED_EDGE('',*,*,#2723,.T.);
#2748 = ORIENTED_EDGE('',*,*,#2749,.T.);
#2749 = EDGE_CURVE('',#2701,#2750,#2752,.T.);
#2750 = VERTEX_POINT('',#2751);
#2751 = CARTESIAN_POINT('',(71.15,4.451219330882,2.592283553372));
#2752 = SURFACE_CURVE('',#2753,(#2757,#2764),.PCURVE_S1.);
#2753 = LINE('',#2754,#2755);
#2754 = CARTESIAN_POINT('',(71.15,3.407716446628,1.548780669118));
#2755 = VECTOR('',#2756,1.);
#2756 = DIRECTION('',(0.,0.707106781187,0.707106781187));
#2757 = PCURVE('',#671,#2758);
#2758 = DEFINITIONAL_REPRESENTATION('',(#2759),#2763);
#2759 = LINE('',#2760,#2761);
#2760 = CARTESIAN_POINT('',(0.,-10.14924240491));
#2761 = VECTOR('',#2762,1.);
#2762 = DIRECTION('',(1.,0.));
#2763 = ( GEOMETRIC_REPRESENTATION_CONTEXT(2) 
PARAMETRIC_REPRESENTATION_CONTEXT() REPRESENTATION_CONTEXT('2D SPACE',''
  ) );
#2764 = PCURVE('',#2465,#2765);
#2765 = DEFINITIONAL_REPRESENTATION('',(#2766),#2770);
#2766 = LINE('',#2767,#2768);
#2767 = CARTESIAN_POINT('',(1.15,-0.737867965644));
#2768 = VECTOR('',#2769,1.);
#2769 = DIRECTION('',(0.,1.));
#2770 = ( GEOMETRIC_REPRESENTATION_CONTEXT(2) 
PARAMETRIC_REPRESENTATION_CONTEXT() REPRESENTATION_CONTEXT('2D SPACE',''
  ) );
#2771 = ORIENTED_EDGE('',*,*,#2772,.F.);
#2772 = EDGE_CURVE('',#2773,#2750,#2775,.T.);
#2773 = VERTEX_POINT('',#2774);
#2774 = CARTESIAN_POINT('',(71.15,11.,-3.956497115746));
#2775 = SURFACE_CURVE('',#2776,(#2780,#2787),.PCURVE_S1.);
#2776 = LINE('',#2777,#2778);
#2777 = CARTESIAN_POINT('',(71.15,11.627817459305,-4.584314575051));
#2778 = VECTOR('',#2779,1.);
#2779 = DIRECTION('',(0.,-0.707106781187,0.707106781187));
#2780 = PCURVE('',#671,#2781);
#2781 = DEFINITIONAL_REPRESENTATION('',(#2782),#2786);
#2782 = LINE('',#2783,#2784);
#2783 = CARTESIAN_POINT('',(1.475735931288,0.));
#2784 = VECTOR('',#2785,1.);
#2785 = DIRECTION('',(0.,-1.));
#2786 = ( GEOMETRIC_REPRESENTATION_CONTEXT(2) 
PARAMETRIC_REPRESENTATION_CONTEXT() REPRESENTATION_CONTEXT('2D SPACE',''
  ) );
#2787 = PCURVE('',#2788,#2793);
#2788 = PLANE('',#2789);
#2789 = AXIS2_PLACEMENT_3D('',#2790,#2791,#2792);
#2790 = CARTESIAN_POINT('',(71.15,11.627817459305,-4.584314575051));
#2791 = DIRECTION('',(-0.707106781187,0.5,0.5));
#2792 = DIRECTION('',(0.707106781187,0.5,0.5));
#2793 = DEFINITIONAL_REPRESENTATION('',(#2794),#2798);
#2794 = LINE('',#2795,#2796);
#2795 = CARTESIAN_POINT('',(0.,0.));
#2796 = VECTOR('',#2797,1.);
#2797 = DIRECTION('',(0.,-1.));
#2798 = ( GEOMETRIC_REPRESENTATION_CONTEXT(2) 
PARAMETRIC_REPRESENTATION_CONTEXT() REPRESENTATION_CONTEXT('2D SPACE',''
  ) );
#2799 = ORIENTED_EDGE('',*,*,#2800,.F.);
#2800 = EDGE_CURVE('',#629,#2773,#2801,.T.);
#2801 = SURFACE_CURVE('',#2802,(#2806,#2812),.PCURVE_S1.);
#2802 = LINE('',#2803,#2804);
#2803 = CARTESIAN_POINT('',(71.15,11.,-5.313908729653));
#2804 = VECTOR('',#2805,1.);
#2805 = DIRECTION('',(0.,-0.,1.));
#2806 = PCURVE('',#671,#2807);
#2807 = DEFINITIONAL_REPRESENTATION('',(#2808),#2811);
#2808 = B_SPLINE_CURVE_WITH_KNOTS('',1,(#2809,#2810),.UNSPECIFIED.,.F.,
  .F.,(2,2),(0.313908729653,1.357411613907),.PIECEWISE_BEZIER_KNOTS.);
#2809 = CARTESIAN_POINT('',(0.737867965644,-0.15));
#2810 = CARTESIAN_POINT('',(1.475735931288,-0.887867965644));
#2811 = ( GEOMETRIC_REPRESENTATION_CONTEXT(2) 
PARAMETRIC_REPRESENTATION_CONTEXT() REPRESENTATION_CONTEXT('2D SPACE',''
  ) );
#2812 = PCURVE('',#644,#2813);
#2813 = DEFINITIONAL_REPRESENTATION('',(#2814),#2817);
#2814 = B_SPLINE_CURVE_WITH_KNOTS('',1,(#2815,#2816),.UNSPECIFIED.,.F.,
  .F.,(2,2),(0.313908729653,1.357411613907),.PIECEWISE_BEZIER_KNOTS.);
#2815 = CARTESIAN_POINT('',(0.,6.338867034746));
#2816 = CARTESIAN_POINT('',(1.043502884254,6.338867034746));
#2817 = ( GEOMETRIC_REPRESENTATION_CONTEXT(2) 
PARAMETRIC_REPRESENTATION_CONTEXT() REPRESENTATION_CONTEXT('2D SPACE',''
  ) );
#2818 = ADVANCED_FACE('',(#2819),#644,.T.);
#2819 = FACE_BOUND('',#2820,.T.);
#2820 = EDGE_LOOP('',(#2821,#2822,#2823,#2844,#2863));
#2821 = ORIENTED_EDGE('',*,*,#628,.F.);
#2822 = ORIENTED_EDGE('',*,*,#2800,.T.);
#2823 = ORIENTED_EDGE('',*,*,#2824,.T.);
#2824 = EDGE_CURVE('',#2773,#2825,#2827,.T.);
#2825 = VERTEX_POINT('',#2826);
#2826 = CARTESIAN_POINT('',(71.897056274848,11.,-2.9));
#2827 = SURFACE_CURVE('',#2828,(#2832,#2838),.PCURVE_S1.);
#2828 = LINE('',#2829,#2830);
#2829 = CARTESIAN_POINT('',(69.699588178054,11.,-6.007689185368));
#2830 = VECTOR('',#2831,1.);
#2831 = DIRECTION('',(0.57735026919,-0.,0.816496580928));
#2832 = PCURVE('',#644,#2833);
#2833 = DEFINITIONAL_REPRESENTATION('',(#2834),#2837);
#2834 = B_SPLINE_CURVE_WITH_KNOTS('',1,(#2835,#2836),.UNSPECIFIED.,.F.,
  .F.,(2,2),(2.51218696751,3.806126391659),.PIECEWISE_BEZIER_KNOTS.);
#2835 = CARTESIAN_POINT('',(1.043502884254,6.338867034746));
#2836 = CARTESIAN_POINT('',(2.1,7.085923309593));
#2837 = ( GEOMETRIC_REPRESENTATION_CONTEXT(2) 
PARAMETRIC_REPRESENTATION_CONTEXT() REPRESENTATION_CONTEXT('2D SPACE',''
  ) );
#2838 = PCURVE('',#2788,#2839);
#2839 = DEFINITIONAL_REPRESENTATION('',(#2840),#2843);
#2840 = B_SPLINE_CURVE_WITH_KNOTS('',1,(#2841,#2842),.UNSPECIFIED.,.F.,
  .F.,(2,2),(2.51218696751,3.806126391659),.PIECEWISE_BEZIER_KNOTS.);
#2841 = CARTESIAN_POINT('',(4.440892098501E-16,-0.887867965644));
#2842 = CARTESIAN_POINT('',(1.056497115746,-1.634924240492));
#2843 = ( GEOMETRIC_REPRESENTATION_CONTEXT(2) 
PARAMETRIC_REPRESENTATION_CONTEXT() REPRESENTATION_CONTEXT('2D SPACE',''
  ) );
#2844 = ORIENTED_EDGE('',*,*,#2845,.F.);
#2845 = EDGE_CURVE('',#898,#2825,#2846,.T.);
#2846 = SURFACE_CURVE('',#2847,(#2851,#2857),.PCURVE_S1.);
#2847 = LINE('',#2848,#2849);
#2848 = CARTESIAN_POINT('',(62.405566482627,11.,-2.9));
#2849 = VECTOR('',#2850,1.);
#2850 = DIRECTION('',(-1.,0.,-0.));
#2851 = PCURVE('',#644,#2852);
#2852 = DEFINITIONAL_REPRESENTATION('',(#2853),#2856);
#2853 = B_SPLINE_CURVE_WITH_KNOTS('',1,(#2854,#2855),.UNSPECIFIED.,.F.,
  .F.,(2,2),(-12.40556648262,2.405566482627),.PIECEWISE_BEZIER_KNOTS.);
#2854 = CARTESIAN_POINT('',(2.1,10.));
#2855 = CARTESIAN_POINT('',(2.1,-4.811132965254));
#2856 = ( GEOMETRIC_REPRESENTATION_CONTEXT(2) 
PARAMETRIC_REPRESENTATION_CONTEXT() REPRESENTATION_CONTEXT('2D SPACE',''
  ) );
#2857 = PCURVE('',#933,#2858);
#2858 = DEFINITIONAL_REPRESENTATION('',(#2859),#2862);
#2859 = B_SPLINE_CURVE_WITH_KNOTS('',1,(#2860,#2861),.UNSPECIFIED.,.F.,
  .F.,(2,2),(-12.40556648262,2.405566482627),.PIECEWISE_BEZIER_KNOTS.);
#2860 = CARTESIAN_POINT('',(97.580735803744,-14.81113296525));
#2861 = CARTESIAN_POINT('',(97.580735803744,0.));
#2862 = ( GEOMETRIC_REPRESENTATION_CONTEXT(2) 
PARAMETRIC_REPRESENTATION_CONTEXT() REPRESENTATION_CONTEXT('2D SPACE',''
  ) );
#2863 = ORIENTED_EDGE('',*,*,#897,.F.);
#2864 = ADVANCED_FACE('',(#2865,#2923),#859,.F.);
#2865 = FACE_BOUND('',#2866,.F.);
#2866 = EDGE_LOOP('',(#2867,#2890,#2891,#2892));
#2867 = ORIENTED_EDGE('',*,*,#2868,.F.);
#2868 = EDGE_CURVE('',#839,#2869,#2871,.T.);
#2869 = VERTEX_POINT('',#2870);
#2870 = CARTESIAN_POINT('',(63.85,0.,4.9));
#2871 = SEAM_CURVE('',#2872,(#2876,#2883),.PCURVE_S1.);
#2872 = LINE('',#2873,#2874);
#2873 = CARTESIAN_POINT('',(63.85,0.,-5.5));
#2874 = VECTOR('',#2875,1.);
#2875 = DIRECTION('',(-0.,-0.,1.));
#2876 = PCURVE('',#859,#2877);
#2877 = DEFINITIONAL_REPRESENTATION('',(#2878),#2882);
#2878 = LINE('',#2879,#2880);
#2879 = CARTESIAN_POINT('',(6.28318530718,0.));
#2880 = VECTOR('',#2881,1.);
#2881 = DIRECTION('',(0.,-1.));
#2882 = ( GEOMETRIC_REPRESENTATION_CONTEXT(2) 
PARAMETRIC_REPRESENTATION_CONTEXT() REPRESENTATION_CONTEXT('2D SPACE',''
  ) );
#2883 = PCURVE('',#859,#2884);
#2884 = DEFINITIONAL_REPRESENTATION('',(#2885),#2889);
#2885 = LINE('',#2886,#2887);
#2886 = CARTESIAN_POINT('',(0.,0.));
#2887 = VECTOR('',#2888,1.);
#2888 = DIRECTION('',(0.,-1.));
#2889 = ( GEOMETRIC_REPRESENTATION_CONTEXT(2) 
PARAMETRIC_REPRESENTATION_CONTEXT() REPRESENTATION_CONTEXT('2D SPACE',''
  ) );
#2890 = ORIENTED_EDGE('',*,*,#838,.F.);
#2891 = ORIENTED_EDGE('',*,*,#2868,.T.);
#2892 = ORIENTED_EDGE('',*,*,#2893,.T.);
#2893 = EDGE_CURVE('',#2869,#2869,#2894,.T.);
#2894 = SURFACE_CURVE('',#2895,(#2900,#2907),.PCURVE_S1.);
#2895 = CIRCLE('',#2896,2.05);
#2896 = AXIS2_PLACEMENT_3D('',#2897,#2898,#2899);
#2897 = CARTESIAN_POINT('',(65.9,0.,4.9));
#2898 = DIRECTION('',(0.,0.,-1.));
#2899 = DIRECTION('',(-1.,-0.,-0.));
#2900 = PCURVE('',#859,#2901);
#2901 = DEFINITIONAL_REPRESENTATION('',(#2902),#2906);
#2902 = LINE('',#2903,#2904);
#2903 = CARTESIAN_POINT('',(0.,-10.4));
#2904 = VECTOR('',#2905,1.);
#2905 = DIRECTION('',(1.,0.));
#2906 = ( GEOMETRIC_REPRESENTATION_CONTEXT(2) 
PARAMETRIC_REPRESENTATION_CONTEXT() REPRESENTATION_CONTEXT('2D SPACE',''
  ) );
#2907 = PCURVE('',#2908,#2913);
#2908 = PLANE('',#2909);
#2909 = AXIS2_PLACEMENT_3D('',#2910,#2911,#2912);
#2910 = CARTESIAN_POINT('',(65.9,8.307679383136E-17,4.9));
#2911 = DIRECTION('',(-0.,-0.,1.));
#2912 = DIRECTION('',(1.,0.,0.));
#2913 = DEFINITIONAL_REPRESENTATION('',(#2914),#2922);
#2914 = ( BOUNDED_CURVE() B_SPLINE_CURVE(2,(#2915,#2916,#2917,#2918,
#2919,#2920,#2921),.UNSPECIFIED.,.T.,.F.) B_SPLINE_CURVE_WITH_KNOTS((1,2
    ,2,2,2,1),(-2.094395102393,0.,2.094395102393,4.188790204786,
6.28318530718,8.377580409573),.UNSPECIFIED.) CURVE() 
GEOMETRIC_REPRESENTATION_ITEM() RATIONAL_B_SPLINE_CURVE((1.,0.5,1.,0.5,
1.,0.5,1.)) REPRESENTATION_ITEM('') );
#2915 = CARTESIAN_POINT('',(-2.05,-8.307679383136E-17));
#2916 = CARTESIAN_POINT('',(-2.05,3.550704155516));
#2917 = CARTESIAN_POINT('',(1.025,1.775352077758));
#2918 = CARTESIAN_POINT('',(4.1,4.19028393819E-16));
#2919 = CARTESIAN_POINT('',(1.025,-1.775352077758));
#2920 = CARTESIAN_POINT('',(-2.05,-3.550704155516));
#2921 = CARTESIAN_POINT('',(-2.05,-8.307679383136E-17));
#2922 = ( GEOMETRIC_REPRESENTATION_CONTEXT(2) 
PARAMETRIC_REPRESENTATION_CONTEXT() REPRESENTATION_CONTEXT('2D SPACE',''
  ) );
#2923 = FACE_BOUND('',#2924,.F.);
#2924 = EDGE_LOOP('',(#2925,#2953));
#2925 = ORIENTED_EDGE('',*,*,#2926,.T.);
#2926 = EDGE_CURVE('',#2927,#2929,#2931,.T.);
#2927 = VERTEX_POINT('',#2928);
#2928 = CARTESIAN_POINT('',(67.11655250606,-1.65,3.098639930687));
#2929 = VERTEX_POINT('',#2930);
#2930 = CARTESIAN_POINT('',(67.11655250606,-1.65,0.901360069313));
#2931 = SURFACE_CURVE('',#2932,(#2936,#2942),.PCURVE_S1.);
#2932 = LINE('',#2933,#2934);
#2933 = CARTESIAN_POINT('',(67.11655250606,-1.65,-5.5));
#2934 = VECTOR('',#2935,1.);
#2935 = DIRECTION('',(0.,-0.,-1.));
#2936 = PCURVE('',#859,#2937);
#2937 = DEFINITIONAL_REPRESENTATION('',(#2938),#2941);
#2938 = B_SPLINE_CURVE_WITH_KNOTS('',1,(#2939,#2940),.UNSPECIFIED.,.F.,
  .F.,(2,2),(-8.82,-6.18),.PIECEWISE_BEZIER_KNOTS.);
#2939 = CARTESIAN_POINT('',(4.07706259442,-8.82));
#2940 = CARTESIAN_POINT('',(4.07706259442,-6.18));
#2941 = ( GEOMETRIC_REPRESENTATION_CONTEXT(2) 
PARAMETRIC_REPRESENTATION_CONTEXT() REPRESENTATION_CONTEXT('2D SPACE',''
  ) );
#2942 = PCURVE('',#2943,#2948);
#2943 = PLANE('',#2944);
#2944 = AXIS2_PLACEMENT_3D('',#2945,#2946,#2947);
#2945 = CARTESIAN_POINT('',(67.171236166328,-1.65,2.));
#2946 = DIRECTION('',(0.,1.,1.110223024625E-16));
#2947 = DIRECTION('',(1.,0.,0.));
#2948 = DEFINITIONAL_REPRESENTATION('',(#2949),#2952);
#2949 = B_SPLINE_CURVE_WITH_KNOTS('',1,(#2950,#2951),.UNSPECIFIED.,.F.,
  .F.,(2,2),(-8.82,-6.18),.PIECEWISE_BEZIER_KNOTS.);
#2950 = CARTESIAN_POINT('',(-5.468366026861E-02,-1.32));
#2951 = CARTESIAN_POINT('',(-5.468366026861E-02,1.32));
#2952 = ( GEOMETRIC_REPRESENTATION_CONTEXT(2) 
PARAMETRIC_REPRESENTATION_CONTEXT() REPRESENTATION_CONTEXT('2D SPACE',''
  ) );
#2953 = ORIENTED_EDGE('',*,*,#2954,.T.);
#2954 = EDGE_CURVE('',#2929,#2927,#2955,.T.);
#2955 = SURFACE_CURVE('',#2956,(#3024,#3095),.PCURVE_S1.);
#2956 = B_SPLINE_CURVE_WITH_KNOTS('',6,(#2957,#2958,#2959,#2960,#2961,
    #2962,#2963,#2964,#2965,#2966,#2967,#2968,#2969,#2970,#2971,#2972,
    #2973,#2974,#2975,#2976,#2977,#2978,#2979,#2980,#2981,#2982,#2983,
    #2984,#2985,#2986,#2987,#2988,#2989,#2990,#2991,#2992,#2993,#2994,
    #2995,#2996,#2997,#2998,#2999,#3000,#3001,#3002,#3003,#3004,#3005,
    #3006,#3007,#3008,#3009,#3010,#3011,#3012,#3013,#3014,#3015,#3016,
    #3017,#3018,#3019,#3020,#3021,#3022,#3023),.UNSPECIFIED.,.F.,.F.,(7,
    5,5,5,5,5,5,5,5,5,5,5,5,7),(0.,3.949954505985E-02,0.117359105736,
    0.211213219638,0.265035186568,0.328579926197,0.374368532325,
    0.500100128174,0.670900223258,0.733880932354,0.787988582397,
    0.881695421391,0.961208461732,1.),.UNSPECIFIED.);
#2957 = CARTESIAN_POINT('',(67.116553319834,-1.6499994,0.901360028809));
#2958 = CARTESIAN_POINT('',(67.096652630565,-1.66467228388,
    0.902350550149));
#2959 = CARTESIAN_POINT('',(67.076547318183,-1.679051520742,
    0.903784784272));
#2960 = CARTESIAN_POINT('',(67.056254523396,-1.693124854005,
    0.905680713042));
#2961 = CARTESIAN_POINT('',(67.035794080647,-1.706880422974,
    0.90805487783));
#2962 = CARTESIAN_POINT('',(67.015188518113,-1.720306762839,
    0.910922379516));
#2963 = CARTESIAN_POINT('',(66.953610049408,-1.7591873668,0.920948524897
    ));
#2964 = CARTESIAN_POINT('',(66.91226451839,-1.783676950984,
    0.929573893604));
#2965 = CARTESIAN_POINT('',(66.870655877774,-1.806751562604,
    0.940273645543));
#2966 = CARTESIAN_POINT('',(66.8290239405,-1.828343443353,0.953110567679
    ));
#2967 = CARTESIAN_POINT('',(66.787611493419,-1.848423125361,
    0.968107069269));
#2968 = CARTESIAN_POINT('',(66.69728901305,-1.889383132628,1.0058984251)
  );
#2969 = CARTESIAN_POINT('',(66.648656500786,-1.909548894927,
    1.02963309941));
#2970 = CARTESIAN_POINT('',(66.601158847486,-1.92751792323,
    1.056400790267));
#2971 = CARTESIAN_POINT('',(66.555191797462,-1.943380393666,1.0860675011
    ));
#2972 = CARTESIAN_POINT('',(66.511123789923,-1.957275045584,
    1.118406837426));
#2973 = CARTESIAN_POINT('',(66.4452721648,-1.976310301726,1.172988509787
    ));
#2974 = CARTESIAN_POINT('',(66.421988293626,-1.982660335119,
    1.193664316191));
#2975 = CARTESIAN_POINT('',(66.399460744011,-1.988460358213,
    1.21508171369));
#2976 = CARTESIAN_POINT('',(66.377725849639,-1.993747708052,
    1.237195002318));
#2977 = CARTESIAN_POINT('',(66.356816342798,-1.998559520372,
    1.259954182391));
#2978 = CARTESIAN_POINT('',(66.313083494028,-2.008095945624,
    1.310873971753));
#2979 = CARTESIAN_POINT('',(66.290595417428,-2.012647733891,
    1.339268939342));
#2980 = CARTESIAN_POINT('',(66.26932665772,-2.016652393634,
    1.368421672428));
#2981 = CARTESIAN_POINT('',(66.249301998403,-2.020169443658,
    1.398262551229));
#2982 = CARTESIAN_POINT('',(66.23054147334,-2.023253622343,
    1.428720521032));
#2983 = CARTESIAN_POINT('',(66.200463958167,-2.027901345739,
    1.482062699336));
#2984 = CARTESIAN_POINT('',(66.188529881373,-2.029649223185,
    1.504688665868));
#2985 = CARTESIAN_POINT('',(66.177262129538,-2.03121731658,
    1.527577311865));
#2986 = CARTESIAN_POINT('',(66.166663692875,-2.0326228207,1.550706034808
    ));
#2987 = CARTESIAN_POINT('',(66.156736558647,-2.033881328498,
    1.574053309577));
#2988 = CARTESIAN_POINT('',(66.122068691607,-2.038097364988,
    1.662252284864));
#2989 = CARTESIAN_POINT('',(66.10173268317,-2.040184108102,
    1.728380261926));
#2990 = CARTESIAN_POINT('',(66.086481896138,-2.041557747034,
    1.795587115243));
#2991 = CARTESIAN_POINT('',(66.076317263022,-2.042409984208,
    1.863497598924));
#2992 = CARTESIAN_POINT('',(66.071236166328,-2.04283581703,
    1.931751764526));
#2993 = CARTESIAN_POINT('',(66.071236166328,-2.04283581703,
    2.092711820203));
#2994 = CARTESIAN_POINT('',(66.080613032909,-2.042049766487,
    2.185468270488));
#2995 = CARTESIAN_POINT('',(66.099383855107,-2.040476591063,
    2.277362344217));
#2996 = CARTESIAN_POINT('',(66.127552884547,-2.037789783237,
    2.367468658981));
#2997 = CARTESIAN_POINT('',(66.165097145891,-2.033339143953,
    2.454798483195));
#2998 = CARTESIAN_POINT('',(66.229188722499,-2.02347225737,
    2.569027004298));
#2999 = CARTESIAN_POINT('',(66.247713526653,-2.020439721542,
    2.599267232712));
#3000 = CARTESIAN_POINT('',(66.267482184297,-2.016984255939,
    2.628904077576));
#3001 = CARTESIAN_POINT('',(66.288475509596,-2.013052657602,
    2.657868484105));
#3002 = CARTESIAN_POINT('',(66.310669766815,-2.008587060575,
    2.686092712715));
#3003 = CARTESIAN_POINT('',(66.354111519522,-1.999175990436,
    2.737065223529));
#3004 = CARTESIAN_POINT('',(66.375053001267,-1.99438676111,2.76002590866
    ));
#3005 = CARTESIAN_POINT('',(66.396831972736,-1.989119703496,
    2.782337241144));
#3006 = CARTESIAN_POINT('',(66.419415617141,-1.983337006622,
    2.803948384406));
#3007 = CARTESIAN_POINT('',(66.442767443733,-1.977000592987,
    2.824812818565));
#3008 = CARTESIAN_POINT('',(66.508550190599,-1.958072975417,
    2.879656320451));
#3009 = CARTESIAN_POINT('',(66.552474529946,-1.944287838652,
    2.912089345783));
#3010 = CARTESIAN_POINT('',(66.598306221352,-1.928545545744,
    2.941864548237));
#3011 = CARTESIAN_POINT('',(66.645680508027,-1.910706196792,
    2.968754717408));
#3012 = CARTESIAN_POINT('',(66.694205234051,-1.89067748679,
    2.992624065246));
#3013 = CARTESIAN_POINT('',(66.785298716099,-1.849554264277,
    3.031073346037));
#3014 = CARTESIAN_POINT('',(66.827604433476,-1.829104045654,
    3.046490825557));
#3015 = CARTESIAN_POINT('',(66.870147196184,-1.807073756722,
    3.059652741755));
#3016 = CARTESIAN_POINT('',(66.912667864744,-1.78349408184,
    3.070582229074));
#3017 = CARTESIAN_POINT('',(66.954910505594,-1.75843741888,
    3.079346454529));
#3018 = CARTESIAN_POINT('',(67.016984419713,-1.719135293117,
    3.089326113673));
#3019 = CARTESIAN_POINT('',(67.037220730237,-1.705920501531,
    3.092109831479));
#3020 = CARTESIAN_POINT('',(67.057315800791,-1.692388441653,
    3.094418029494));
#3021 = CARTESIAN_POINT('',(67.07724834994,-1.67855000778,3.096265088034
    ));
#3022 = CARTESIAN_POINT('',(67.096999608559,-1.664416455162,
    3.097666720063));
#3023 = CARTESIAN_POINT('',(67.116553319834,-1.6499994,3.098639971191));
#3024 = PCURVE('',#859,#3025);
#3025 = DEFINITIONAL_REPRESENTATION('',(#3026),#3094);
#3026 = B_SPLINE_CURVE_WITH_KNOTS('',6,(#3027,#3028,#3029,#3030,#3031,
    #3032,#3033,#3034,#3035,#3036,#3037,#3038,#3039,#3040,#3041,#3042,
    #3043,#3044,#3045,#3046,#3047,#3048,#3049,#3050,#3051,#3052,#3053,
    #3054,#3055,#3056,#3057,#3058,#3059,#3060,#3061,#3062,#3063,#3064,
    #3065,#3066,#3067,#3068,#3069,#3070,#3071,#3072,#3073,#3074,#3075,
    #3076,#3077,#3078,#3079,#3080,#3081,#3082,#3083,#3084,#3085,#3086,
    #3087,#3088,#3089,#3090,#3091,#3092,#3093),.UNSPECIFIED.,.F.,.F.,(7,
    5,5,5,5,5,5,5,5,5,5,5,5,7),(0.,3.949954505985E-02,0.117359105736,
    0.211213219638,0.265035186568,0.328579926197,0.374368532325,
    0.500100128174,0.670900223258,0.733880932354,0.787988582397,
    0.881695421391,0.961208461732,1.),.UNSPECIFIED.);
#3027 = CARTESIAN_POINT('',(4.077062101223,-6.401360028809));
#3028 = CARTESIAN_POINT('',(4.089123129409,-6.402350550149));
#3029 = CARTESIAN_POINT('',(4.101179475511,-6.403784784272));
#3030 = CARTESIAN_POINT('',(4.113224066825,-6.405680713042));
#3031 = CARTESIAN_POINT('',(4.125248800189,-6.40805487783));
#3032 = CARTESIAN_POINT('',(4.137244541985,-6.410922379516));
#3033 = CARTESIAN_POINT('',(4.172769362752,-6.420948524897));
#3034 = CARTESIAN_POINT('',(4.19620086016,-6.429573893604));
#3035 = CARTESIAN_POINT('',(4.219396053026,-6.440273645543));
#3036 = CARTESIAN_POINT('',(4.242260312763,-6.453110567679));
#3037 = CARTESIAN_POINT('',(4.264703519386,-6.468107069269));
#3038 = CARTESIAN_POINT('',(4.313082040427,-6.5058984251));
#3039 = CARTESIAN_POINT('',(4.338750027401,-6.52963309941));
#3040 = CARTESIAN_POINT('',(4.363504966863,-6.556400790267));
#3041 = CARTESIAN_POINT('',(4.387211741852,-6.5860675011));
#3042 = CARTESIAN_POINT('',(4.409745141204,-6.618406837426));
#3043 = CARTESIAN_POINT('',(4.443183009245,-6.672988509787));
#3044 = CARTESIAN_POINT('',(4.454954493287,-6.693664316191));
#3045 = CARTESIAN_POINT('',(4.466300236876,-6.71508171369));
#3046 = CARTESIAN_POINT('',(4.477210480116,-6.737195002318));
#3047 = CARTESIAN_POINT('',(4.487676175341,-6.759954182391));
#3048 = CARTESIAN_POINT('',(4.50951058252,-6.810873971753));
#3049 = CARTESIAN_POINT('',(4.520701668345,-6.839268939342));
#3050 = CARTESIAN_POINT('',(4.531257546741,-6.868421672428));
#3051 = CARTESIAN_POINT('',(4.5411741706,-6.898262551229));
#3052 = CARTESIAN_POINT('',(4.550448143555,-6.928720521032));
#3053 = CARTESIAN_POINT('',(4.5652942368,-6.982062699336));
#3054 = CARTESIAN_POINT('',(4.571177675463,-7.004688665868));
#3055 = CARTESIAN_POINT('',(4.576726901472,-7.027577311865));
#3056 = CARTESIAN_POINT('',(4.581941984357,-7.050706034808));
#3057 = CARTESIAN_POINT('',(4.586823197674,-7.074053309577));
#3058 = CARTESIAN_POINT('',(4.603858947388,-7.162252284864));
#3059 = CARTESIAN_POINT('',(4.613829423228,-7.228380261926));
#3060 = CARTESIAN_POINT('',(4.62129843214,-7.295587115243));
#3061 = CARTESIAN_POINT('',(4.626274564768,-7.363497598924));
#3062 = CARTESIAN_POINT('',(4.628761702367,-7.431751764526));
#3063 = CARTESIAN_POINT('',(4.628761702367,-7.592711820203));
#3064 = CARTESIAN_POINT('',(4.62417156661,-7.685468270488));
#3065 = CARTESIAN_POINT('',(4.614983016832,-7.777362344217));
#3066 = CARTESIAN_POINT('',(4.601180451996,-7.867468658981));
#3067 = CARTESIAN_POINT('',(4.582749071004,-7.954798483195));
#3068 = CARTESIAN_POINT('',(4.551116567735,-8.069027004298));
#3069 = CARTESIAN_POINT('',(4.54196013005,-8.099267232712));
#3070 = CARTESIAN_POINT('',(4.532171656778,-8.128904077576));
#3071 = CARTESIAN_POINT('',(4.5217543499,-8.157868484105));
#3072 = CARTESIAN_POINT('',(4.510712029365,-8.186092712715));
#3073 = CARTESIAN_POINT('',(4.489029368008,-8.237065223529));
#3074 = CARTESIAN_POINT('',(4.478550933129,-8.26002590866));
#3075 = CARTESIAN_POINT('',(4.467622134802,-8.282337241144));
#3076 = CARTESIAN_POINT('',(4.456252002068,-8.303948384406));
#3077 = CARTESIAN_POINT('',(4.444450286665,-8.324812818565));
#3078 = CARTESIAN_POINT('',(4.411059251765,-8.379656320451));
#3079 = CARTESIAN_POINT('',(4.388608660138,-8.412089345783));
#3080 = CARTESIAN_POINT('',(4.364983249484,-8.441864548237));
#3081 = CARTESIAN_POINT('',(4.34030678747,-8.468754717408));
#3082 = CARTESIAN_POINT('',(4.314712840825,-8.492624065246));
#3083 = CARTESIAN_POINT('',(4.265958843379,-8.531073346037));
#3084 = CARTESIAN_POINT('',(4.243045127596,-8.546490825557));
#3085 = CARTESIAN_POINT('',(4.219688837884,-8.559652741755));
#3086 = CARTESIAN_POINT('',(4.195986030427,-8.570582229074));
#3087 = CARTESIAN_POINT('',(4.172037675935,-8.579346454529));
#3088 = CARTESIAN_POINT('',(4.13619869469,-8.589326113673));
#3089 = CARTESIAN_POINT('',(4.124410133163,-8.592109831479));
#3090 = CARTESIAN_POINT('',(4.112594043325,-8.594418029494));
#3091 = CARTESIAN_POINT('',(4.100759055909,-8.596265088034));
#3092 = CARTESIAN_POINT('',(4.088912839639,-8.597666720063));
#3093 = CARTESIAN_POINT('',(4.077062101223,-8.598639971191));
#3094 = ( GEOMETRIC_REPRESENTATION_CONTEXT(2) 
PARAMETRIC_REPRESENTATION_CONTEXT() REPRESENTATION_CONTEXT('2D SPACE',''
  ) );
#3095 = PCURVE('',#3096,#3101);
#3096 = CYLINDRICAL_SURFACE('',#3097,1.1);
#3097 = AXIS2_PLACEMENT_3D('',#3098,#3099,#3100);
#3098 = CARTESIAN_POINT('',(67.171236166328,-22.65,2.));
#3099 = DIRECTION('',(-0.,-1.,-1.110223024625E-16));
#3100 = DIRECTION('',(1.,0.,0.));
#3101 = DEFINITIONAL_REPRESENTATION('',(#3102),#3170);
#3102 = B_SPLINE_CURVE_WITH_KNOTS('',6,(#3103,#3104,#3105,#3106,#3107,
    #3108,#3109,#3110,#3111,#3112,#3113,#3114,#3115,#3116,#3117,#3118,
    #3119,#3120,#3121,#3122,#3123,#3124,#3125,#3126,#3127,#3128,#3129,
    #3130,#3131,#3132,#3133,#3134,#3135,#3136,#3137,#3138,#3139,#3140,
    #3141,#3142,#3143,#3144,#3145,#3146,#3147,#3148,#3149,#3150,#3151,
    #3152,#3153,#3154,#3155,#3156,#3157,#3158,#3159,#3160,#3161,#3162,
    #3163,#3164,#3165,#3166,#3167,#3168,#3169),.UNSPECIFIED.,.F.,.F.,(7,
    5,5,5,5,5,5,5,5,5,5,5,5,7),(0.,3.949954505985E-02,0.117359105736,
    0.211213219638,0.265035186568,0.328579926197,0.374368532325,
    0.500100128174,0.670900223258,0.733880932354,0.787988582397,
    0.881695421391,0.961208461732,1.),.UNSPECIFIED.);
#3103 = CARTESIAN_POINT('',(-1.620528503235,-21.0000006));
#3104 = CARTESIAN_POINT('',(-1.638642434815,-20.98532771612));
#3105 = CARTESIAN_POINT('',(-1.656962192633,-20.97094847925));
#3106 = CARTESIAN_POINT('',(-1.675483771338,-20.95687514599));
#3107 = CARTESIAN_POINT('',(-1.694201808267,-20.94311957702));
#3108 = CARTESIAN_POINT('',(-1.713109583444,-20.92969323716));
#3109 = CARTESIAN_POINT('',(-1.76982717731,-20.8908126332));
#3110 = CARTESIAN_POINT('',(-1.808185660064,-20.86632304901));
#3111 = CARTESIAN_POINT('',(-1.847178987085,-20.84324843739));
#3112 = CARTESIAN_POINT('',(-1.886716150692,-20.82165655664));
#3113 = CARTESIAN_POINT('',(-1.926708481239,-20.80157687463));
#3114 = CARTESIAN_POINT('',(-2.015717427932,-20.76061686737));
#3115 = CARTESIAN_POINT('',(-2.064831208413,-20.74045110507));
#3116 = CARTESIAN_POINT('',(-2.114264052186,-20.72248207677));
#3117 = CARTESIAN_POINT('',(-2.16386585914,-20.70661960633));
#3118 = CARTESIAN_POINT('',(-2.213470958582,-20.69272495441));
#3119 = CARTESIAN_POINT('',(-2.291226644453,-20.67368969827));
#3120 = CARTESIAN_POINT('',(-2.319518122716,-20.66733966488));
#3121 = CARTESIAN_POINT('',(-2.347751734954,-20.66153964178));
#3122 = CARTESIAN_POINT('',(-2.375915524506,-20.65625229194));
#3123 = CARTESIAN_POINT('',(-2.403996115337,-20.65144047962));
#3124 = CARTESIAN_POINT('',(-2.465016278718,-20.64190405437));
#3125 = CARTESIAN_POINT('',(-2.497918657824,-20.6373522661));
#3126 = CARTESIAN_POINT('',(-2.530686481156,-20.63334760636));
#3127 = CARTESIAN_POINT('',(-2.563319168613,-20.62983055634));
#3128 = CARTESIAN_POINT('',(-2.595814928188,-20.62674637765));
#3129 = CARTESIAN_POINT('',(-2.651485482932,-20.62209865426));
#3130 = CARTESIAN_POINT('',(-2.674731245866,-20.62035077681));
#3131 = CARTESIAN_POINT('',(-2.697910291557,-20.61878268342));
#3132 = CARTESIAN_POINT('',(-2.721025534224,-20.6173771793));
#3133 = CARTESIAN_POINT('',(-2.744080555515,-20.6161186715));
#3134 = CARTESIAN_POINT('',(-2.830233025809,-20.61190263501));
#3135 = CARTESIAN_POINT('',(-2.892945476003,-20.60981589189));
#3136 = CARTESIAN_POINT('',(-2.95533286067,-20.60844225296));
#3137 = CARTESIAN_POINT('',(-3.017499585938,-20.60759001579));
#3138 = CARTESIAN_POINT('',(-3.079548803159,-20.60716418297));
#3139 = CARTESIAN_POINT('',(-3.225876126502,-20.60716418297));
#3140 = CARTESIAN_POINT('',(-3.31020021316,-20.60795023351));
#3141 = CARTESIAN_POINT('',(-3.39481778249,-20.60952340893));
#3142 = CARTESIAN_POINT('',(-3.479971478529,-20.61221021676));
#3143 = CARTESIAN_POINT('',(-3.565909580322,-20.61666085604));
#3144 = CARTESIAN_POINT('',(-3.684982740781,-20.62652774263));
#3145 = CARTESIAN_POINT('',(-3.717198295642,-20.62956027845));
#3146 = CARTESIAN_POINT('',(-3.749548362193,-20.63301574406));
#3147 = CARTESIAN_POINT('',(-3.782031440965,-20.63694734239));
#3148 = CARTESIAN_POINT('',(-3.814647185042,-20.64141293942));
#3149 = CARTESIAN_POINT('',(-3.875531730549,-20.65082400956));
#3150 = CARTESIAN_POINT('',(-3.903766811357,-20.65561323889));
#3151 = CARTESIAN_POINT('',(-3.932086858837,-20.6608802965));
#3152 = CARTESIAN_POINT('',(-3.960478527083,-20.66666299337));
#3153 = CARTESIAN_POINT('',(-3.988929907922,-20.67299940701));
#3154 = CARTESIAN_POINT('',(-4.066789600995,-20.69192702458));
#3155 = CARTESIAN_POINT('',(-4.116340322116,-20.70571216134));
#3156 = CARTESIAN_POINT('',(-4.165892876411,-20.72145445425));
#3157 = CARTESIAN_POINT('',(-4.215283243646,-20.7392938032));
#3158 = CARTESIAN_POINT('',(-4.264363002,-20.75932251321));
#3159 = CARTESIAN_POINT('',(-4.354249843926,-20.80044573572));
#3160 = CARTESIAN_POINT('',(-4.395132827244,-20.82089595434));
#3161 = CARTESIAN_POINT('',(-4.435543649322,-20.84292624327));
#3162 = CARTESIAN_POINT('',(-4.475387743176,-20.86650591816));
#3163 = CARTESIAN_POINT('',(-4.514568016454,-20.89156258112));
#3164 = CARTESIAN_POINT('',(-4.571723483794,-20.93086470688));
#3165 = CARTESIAN_POINT('',(-4.590288577532,-20.94407949846));
#3166 = CARTESIAN_POINT('',(-4.608670152422,-20.95761155834));
#3167 = CARTESIAN_POINT('',(-4.626861880335,-20.97144999222));
#3168 = CARTESIAN_POINT('',(-4.644858697388,-20.98558354483));
#3169 = CARTESIAN_POINT('',(-4.662656803945,-21.0000006));
#3170 = ( GEOMETRIC_REPRESENTATION_CONTEXT(2) 
PARAMETRIC_REPRESENTATION_CONTEXT() REPRESENTATION_CONTEXT('2D SPACE',''
  ) );
#3171 = ADVANCED_FACE('',(#3172),#933,.F.);
#3172 = FACE_BOUND('',#3173,.F.);
#3173 = EDGE_LOOP('',(#3174,#3175,#3176,#3197,#3223,#3244,#3276,#3302,
    #3323,#3344,#3371,#3390,#3391,#3392,#3413,#3434,#3453,#3454,#3455,
    #3456,#3457,#3476));
#3174 = ORIENTED_EDGE('',*,*,#1544,.F.);
#3175 = ORIENTED_EDGE('',*,*,#1685,.T.);
#3176 = ORIENTED_EDGE('',*,*,#3177,.F.);
#3177 = EDGE_CURVE('',#3178,#1665,#3180,.T.);
#3178 = VERTEX_POINT('',#3179);
#3179 = CARTESIAN_POINT('',(73.9,-6.4,14.5));
#3180 = SURFACE_CURVE('',#3181,(#3185,#3191),.PCURVE_S1.);
#3181 = LINE('',#3182,#3183);
#3182 = CARTESIAN_POINT('',(66.95,-6.4,14.5));
#3183 = VECTOR('',#3184,1.);
#3184 = DIRECTION('',(-1.,-0.,0.));
#3185 = PCURVE('',#933,#3186);
#3186 = DEFINITIONAL_REPRESENTATION('',(#3187),#3190);
#3187 = B_SPLINE_CURVE_WITH_KNOTS('',1,(#3188,#3189),.UNSPECIFIED.,.F.,
  .F.,(2,2),(-6.95,5.55),.PIECEWISE_BEZIER_KNOTS.);
#3188 = CARTESIAN_POINT('',(122.18805178903,-13.9));
#3189 = CARTESIAN_POINT('',(122.18805178903,-1.4));
#3190 = ( GEOMETRIC_REPRESENTATION_CONTEXT(2) 
PARAMETRIC_REPRESENTATION_CONTEXT() REPRESENTATION_CONTEXT('2D SPACE',''
  ) );
#3191 = PCURVE('',#1135,#3192);
#3192 = DEFINITIONAL_REPRESENTATION('',(#3193),#3196);
#3193 = B_SPLINE_CURVE_WITH_KNOTS('',1,(#3194,#3195),.UNSPECIFIED.,.F.,
  .F.,(2,2),(-6.95,5.55),.PIECEWISE_BEZIER_KNOTS.);
#3194 = CARTESIAN_POINT('',(0.,1.6));
#3195 = CARTESIAN_POINT('',(-12.5,1.6));
#3196 = ( GEOMETRIC_REPRESENTATION_CONTEXT(2) 
PARAMETRIC_REPRESENTATION_CONTEXT() REPRESENTATION_CONTEXT('2D SPACE',''
  ) );
#3197 = ORIENTED_EDGE('',*,*,#3198,.T.);
#3198 = EDGE_CURVE('',#3178,#3199,#3201,.T.);
#3199 = VERTEX_POINT('',#3200);
#3200 = CARTESIAN_POINT('',(73.9,1.6,6.5));
#3201 = SURFACE_CURVE('',#3202,(#3206,#3212),.PCURVE_S1.);
#3202 = LINE('',#3203,#3204);
#3203 = CARTESIAN_POINT('',(73.9,38.4,-30.3));
#3204 = VECTOR('',#3205,1.);
#3205 = DIRECTION('',(-0.,0.707106781187,-0.707106781187));
#3206 = PCURVE('',#933,#3207);
#3207 = DEFINITIONAL_REPRESENTATION('',(#3208),#3211);
#3208 = B_SPLINE_CURVE_WITH_KNOTS('',1,(#3209,#3210),.UNSPECIFIED.,.F.,
  .F.,(2,2),(-63.35676759431,-52.04305909533),.PIECEWISE_BEZIER_KNOTS.);
#3209 = CARTESIAN_POINT('',(122.18805178903,-13.9));
#3210 = CARTESIAN_POINT('',(110.87434329005,-13.9));
#3211 = ( GEOMETRIC_REPRESENTATION_CONTEXT(2) 
PARAMETRIC_REPRESENTATION_CONTEXT() REPRESENTATION_CONTEXT('2D SPACE',''
  ) );
#3212 = PCURVE('',#3213,#3218);
#3213 = PLANE('',#3214);
#3214 = AXIS2_PLACEMENT_3D('',#3215,#3216,#3217);
#3215 = CARTESIAN_POINT('',(73.9,-8.,6.5));
#3216 = DIRECTION('',(-1.,-0.,0.));
#3217 = DIRECTION('',(0.,0.,-1.));
#3218 = DEFINITIONAL_REPRESENTATION('',(#3219),#3222);
#3219 = B_SPLINE_CURVE_WITH_KNOTS('',1,(#3220,#3221),.UNSPECIFIED.,.F.,
  .F.,(2,2),(-63.35676759431,-52.04305909533),.PIECEWISE_BEZIER_KNOTS.);
#3220 = CARTESIAN_POINT('',(-8.,-1.6));
#3221 = CARTESIAN_POINT('',(-7.105427357601E-15,-9.6));
#3222 = ( GEOMETRIC_REPRESENTATION_CONTEXT(2) 
PARAMETRIC_REPRESENTATION_CONTEXT() REPRESENTATION_CONTEXT('2D SPACE',''
  ) );
#3223 = ORIENTED_EDGE('',*,*,#3224,.T.);
#3224 = EDGE_CURVE('',#3199,#3225,#3227,.T.);
#3225 = VERTEX_POINT('',#3226);
#3226 = CARTESIAN_POINT('',(68.31867732449,1.6,6.5));
#3227 = SURFACE_CURVE('',#3228,(#3232,#3238),.PCURVE_S1.);
#3228 = LINE('',#3229,#3230);
#3229 = CARTESIAN_POINT('',(66.95,1.6,6.5));
#3230 = VECTOR('',#3231,1.);
#3231 = DIRECTION('',(-1.,-0.,0.));
#3232 = PCURVE('',#933,#3233);
#3233 = DEFINITIONAL_REPRESENTATION('',(#3234),#3237);
#3234 = B_SPLINE_CURVE_WITH_KNOTS('',1,(#3235,#3236),.UNSPECIFIED.,.F.,
  .F.,(2,2),(-6.95,5.55),.PIECEWISE_BEZIER_KNOTS.);
#3235 = CARTESIAN_POINT('',(110.87434329005,-13.9));
#3236 = CARTESIAN_POINT('',(110.87434329005,-1.4));
#3237 = ( GEOMETRIC_REPRESENTATION_CONTEXT(2) 
PARAMETRIC_REPRESENTATION_CONTEXT() REPRESENTATION_CONTEXT('2D SPACE',''
  ) );
#3238 = PCURVE('',#1632,#3239);
#3239 = DEFINITIONAL_REPRESENTATION('',(#3240),#3243);
#3240 = B_SPLINE_CURVE_WITH_KNOTS('',1,(#3241,#3242),.UNSPECIFIED.,.F.,
  .F.,(2,2),(-6.95,5.55),.PIECEWISE_BEZIER_KNOTS.);
#3241 = CARTESIAN_POINT('',(0.,9.6));
#3242 = CARTESIAN_POINT('',(-12.5,9.6));
#3243 = ( GEOMETRIC_REPRESENTATION_CONTEXT(2) 
PARAMETRIC_REPRESENTATION_CONTEXT() REPRESENTATION_CONTEXT('2D SPACE',''
  ) );
#3244 = ORIENTED_EDGE('',*,*,#3245,.T.);
#3245 = EDGE_CURVE('',#3225,#3246,#3248,.T.);
#3246 = VERTEX_POINT('',#3247);
#3247 = CARTESIAN_POINT('',(68.583281573,1.1,7.));
#3248 = SURFACE_CURVE('',#3249,(#3254,#3261),.PCURVE_S1.);
#3249 = ELLIPSE('',#3250,4.101219330882,2.9);
#3250 = AXIS2_PLACEMENT_3D('',#3251,#3252,#3253);
#3251 = CARTESIAN_POINT('',(65.9,0.,8.1));
#3252 = DIRECTION('',(0.,-0.707106781187,-0.707106781187));
#3253 = DIRECTION('',(0.,0.707106781187,-0.707106781187));
#3254 = PCURVE('',#933,#3255);
#3255 = DEFINITIONAL_REPRESENTATION('',(#3256),#3260);
#3256 = ELLIPSE('',#3257,4.101219330882,2.9);
#3257 = AXIS2_PLACEMENT_2D('',#3258,#3259);
#3258 = CARTESIAN_POINT('',(113.13708498984,-5.9));
#3259 = DIRECTION('',(-1.,-0.));
#3260 = ( GEOMETRIC_REPRESENTATION_CONTEXT(2) 
PARAMETRIC_REPRESENTATION_CONTEXT() REPRESENTATION_CONTEXT('2D SPACE',''
  ) );
#3261 = PCURVE('',#3262,#3267);
#3262 = CYLINDRICAL_SURFACE('',#3263,2.9);
#3263 = AXIS2_PLACEMENT_3D('',#3264,#3265,#3266);
#3264 = CARTESIAN_POINT('',(65.9,0.,6.5));
#3265 = DIRECTION('',(0.,-0.,-1.));
#3266 = DIRECTION('',(-1.,-0.,-0.));
#3267 = DEFINITIONAL_REPRESENTATION('',(#3268),#3275);
#3268 = B_SPLINE_CURVE_WITH_KNOTS('',5,(#3269,#3270,#3271,#3272,#3273,
    #3274),.UNSPECIFIED.,.F.,.F.,(6,6),(0.986366253453,1.181745500291),
  .PIECEWISE_BEZIER_KNOTS.);
#3269 = CARTESIAN_POINT('',(2.557162580248,-4.805039715217E-15));
#3270 = CARTESIAN_POINT('',(2.596238429616,-9.451187080034E-02));
#3271 = CARTESIAN_POINT('',(2.635314278983,-0.192077583268));
#3272 = CARTESIAN_POINT('',(2.674390128351,-0.292396502396));
#3273 = CARTESIAN_POINT('',(2.713465977718,-0.395148493443));
#3274 = CARTESIAN_POINT('',(2.752541827086,-0.5));
#3275 = ( GEOMETRIC_REPRESENTATION_CONTEXT(2) 
PARAMETRIC_REPRESENTATION_CONTEXT() REPRESENTATION_CONTEXT('2D SPACE',''
  ) );
#3276 = ORIENTED_EDGE('',*,*,#3277,.T.);
#3277 = EDGE_CURVE('',#3246,#3278,#3280,.T.);
#3278 = VERTEX_POINT('',#3279);
#3279 = CARTESIAN_POINT('',(65.900000224509,1.1,7.));
#3280 = SURFACE_CURVE('',#3281,(#3285,#3291),.PCURVE_S1.);
#3281 = LINE('',#3282,#3283);
#3282 = CARTESIAN_POINT('',(62.95,1.1,7.));
#3283 = VECTOR('',#3284,1.);
#3284 = DIRECTION('',(-1.,0.,-0.));
#3285 = PCURVE('',#933,#3286);
#3286 = DEFINITIONAL_REPRESENTATION('',(#3287),#3290);
#3287 = B_SPLINE_CURVE_WITH_KNOTS('',1,(#3288,#3289),.UNSPECIFIED.,.F.,
  .F.,(2,2),(-5.85,-5.E-02),.PIECEWISE_BEZIER_KNOTS.);
#3288 = CARTESIAN_POINT('',(111.58145007123,-8.8));
#3289 = CARTESIAN_POINT('',(111.58145007123,-3.));
#3290 = ( GEOMETRIC_REPRESENTATION_CONTEXT(2) 
PARAMETRIC_REPRESENTATION_CONTEXT() REPRESENTATION_CONTEXT('2D SPACE',''
  ) );
#3291 = PCURVE('',#3292,#3297);
#3292 = PLANE('',#3293);
#3293 = AXIS2_PLACEMENT_3D('',#3294,#3295,#3296);
#3294 = CARTESIAN_POINT('',(65.9,-1.183825239176E-16,7.));
#3295 = DIRECTION('',(-0.,-0.,1.));
#3296 = DIRECTION('',(1.,0.,0.));
#3297 = DEFINITIONAL_REPRESENTATION('',(#3298),#3301);
#3298 = B_SPLINE_CURVE_WITH_KNOTS('',1,(#3299,#3300),.UNSPECIFIED.,.F.,
  .F.,(2,2),(-5.85,-5.E-02),.PIECEWISE_BEZIER_KNOTS.);
#3299 = CARTESIAN_POINT('',(2.9,1.1));
#3300 = CARTESIAN_POINT('',(-2.9,1.1));
#3301 = ( GEOMETRIC_REPRESENTATION_CONTEXT(2) 
PARAMETRIC_REPRESENTATION_CONTEXT() REPRESENTATION_CONTEXT('2D SPACE',''
  ) );
#3302 = ORIENTED_EDGE('',*,*,#3303,.T.);
#3303 = EDGE_CURVE('',#3278,#3304,#3306,.T.);
#3304 = VERTEX_POINT('',#3305);
#3305 = CARTESIAN_POINT('',(65.9,1.1,7.));
#3306 = SURFACE_CURVE('',#3307,(#3311,#3317),.PCURVE_S1.);
#3307 = LINE('',#3308,#3309);
#3308 = CARTESIAN_POINT('',(62.95,1.1,7.));
#3309 = VECTOR('',#3310,1.);
#3310 = DIRECTION('',(-1.,0.,-0.));
#3311 = PCURVE('',#933,#3312);
#3312 = DEFINITIONAL_REPRESENTATION('',(#3313),#3316);
#3313 = B_SPLINE_CURVE_WITH_KNOTS('',1,(#3314,#3315),.UNSPECIFIED.,.F.,
  .F.,(2,2),(-5.85,-5.E-02),.PIECEWISE_BEZIER_KNOTS.);
#3314 = CARTESIAN_POINT('',(111.58145007123,-8.8));
#3315 = CARTESIAN_POINT('',(111.58145007123,-3.));
#3316 = ( GEOMETRIC_REPRESENTATION_CONTEXT(2) 
PARAMETRIC_REPRESENTATION_CONTEXT() REPRESENTATION_CONTEXT('2D SPACE',''
  ) );
#3317 = PCURVE('',#3292,#3318);
#3318 = DEFINITIONAL_REPRESENTATION('',(#3319),#3322);
#3319 = B_SPLINE_CURVE_WITH_KNOTS('',1,(#3320,#3321),.UNSPECIFIED.,.F.,
  .F.,(2,2),(-5.85,-5.E-02),.PIECEWISE_BEZIER_KNOTS.);
#3320 = CARTESIAN_POINT('',(2.9,1.1));
#3321 = CARTESIAN_POINT('',(-2.9,1.1));
#3322 = ( GEOMETRIC_REPRESENTATION_CONTEXT(2) 
PARAMETRIC_REPRESENTATION_CONTEXT() REPRESENTATION_CONTEXT('2D SPACE',''
  ) );
#3323 = ORIENTED_EDGE('',*,*,#3324,.T.);
#3324 = EDGE_CURVE('',#3304,#3325,#3327,.T.);
#3325 = VERTEX_POINT('',#3326);
#3326 = CARTESIAN_POINT('',(63.216718427,1.1,7.));
#3327 = SURFACE_CURVE('',#3328,(#3332,#3338),.PCURVE_S1.);
#3328 = LINE('',#3329,#3330);
#3329 = CARTESIAN_POINT('',(62.95,1.1,7.));
#3330 = VECTOR('',#3331,1.);
#3331 = DIRECTION('',(-1.,0.,-0.));
#3332 = PCURVE('',#933,#3333);
#3333 = DEFINITIONAL_REPRESENTATION('',(#3334),#3337);
#3334 = B_SPLINE_CURVE_WITH_KNOTS('',1,(#3335,#3336),.UNSPECIFIED.,.F.,
  .F.,(2,2),(-5.85,-5.E-02),.PIECEWISE_BEZIER_KNOTS.);
#3335 = CARTESIAN_POINT('',(111.58145007123,-8.8));
#3336 = CARTESIAN_POINT('',(111.58145007123,-3.));
#3337 = ( GEOMETRIC_REPRESENTATION_CONTEXT(2) 
PARAMETRIC_REPRESENTATION_CONTEXT() REPRESENTATION_CONTEXT('2D SPACE',''
  ) );
#3338 = PCURVE('',#3292,#3339);
#3339 = DEFINITIONAL_REPRESENTATION('',(#3340),#3343);
#3340 = B_SPLINE_CURVE_WITH_KNOTS('',1,(#3341,#3342),.UNSPECIFIED.,.F.,
  .F.,(2,2),(-5.85,-5.E-02),.PIECEWISE_BEZIER_KNOTS.);
#3341 = CARTESIAN_POINT('',(2.9,1.1));
#3342 = CARTESIAN_POINT('',(-2.9,1.1));
#3343 = ( GEOMETRIC_REPRESENTATION_CONTEXT(2) 
PARAMETRIC_REPRESENTATION_CONTEXT() REPRESENTATION_CONTEXT('2D SPACE',''
  ) );
#3344 = ORIENTED_EDGE('',*,*,#3345,.T.);
#3345 = EDGE_CURVE('',#3325,#3346,#3348,.T.);
#3346 = VERTEX_POINT('',#3347);
#3347 = CARTESIAN_POINT('',(63.48132267551,1.6,6.5));
#3348 = SURFACE_CURVE('',#3349,(#3354,#3361),.PCURVE_S1.);
#3349 = ELLIPSE('',#3350,4.101219330882,2.9);
#3350 = AXIS2_PLACEMENT_3D('',#3351,#3352,#3353);
#3351 = CARTESIAN_POINT('',(65.9,0.,8.1));
#3352 = DIRECTION('',(0.,-0.707106781187,-0.707106781187));
#3353 = DIRECTION('',(0.,0.707106781187,-0.707106781187));
#3354 = PCURVE('',#933,#3355);
#3355 = DEFINITIONAL_REPRESENTATION('',(#3356),#3360);
#3356 = ELLIPSE('',#3357,4.101219330882,2.9);
#3357 = AXIS2_PLACEMENT_2D('',#3358,#3359);
#3358 = CARTESIAN_POINT('',(113.13708498984,-5.9));
#3359 = DIRECTION('',(-1.,-0.));
#3360 = ( GEOMETRIC_REPRESENTATION_CONTEXT(2) 
PARAMETRIC_REPRESENTATION_CONTEXT() REPRESENTATION_CONTEXT('2D SPACE',''
  ) );
#3361 = PCURVE('',#3262,#3362);
#3362 = DEFINITIONAL_REPRESENTATION('',(#3363),#3370);
#3363 = B_SPLINE_CURVE_WITH_KNOTS('',5,(#3364,#3365,#3366,#3367,#3368,
    #3369),.UNSPECIFIED.,.F.,.F.,(6,6),(5.101439806889,5.296819053726),
  .PIECEWISE_BEZIER_KNOTS.);
#3364 = CARTESIAN_POINT('',(6.672236133684,-0.5));
#3365 = CARTESIAN_POINT('',(6.711311983051,-0.395148493443));
#3366 = CARTESIAN_POINT('',(6.750387832419,-0.292396502396));
#3367 = CARTESIAN_POINT('',(6.789463681786,-0.192077583268));
#3368 = CARTESIAN_POINT('',(6.828539531154,-9.451187080034E-02));
#3369 = CARTESIAN_POINT('',(6.867615380521,-6.493205257625E-15));
#3370 = ( GEOMETRIC_REPRESENTATION_CONTEXT(2) 
PARAMETRIC_REPRESENTATION_CONTEXT() REPRESENTATION_CONTEXT('2D SPACE',''
  ) );
#3371 = ORIENTED_EDGE('',*,*,#3372,.T.);
#3372 = EDGE_CURVE('',#3346,#1597,#3373,.T.);
#3373 = SURFACE_CURVE('',#3374,(#3378,#3384),.PCURVE_S1.);
#3374 = LINE('',#3375,#3376);
#3375 = CARTESIAN_POINT('',(66.95,1.6,6.5));
#3376 = VECTOR('',#3377,1.);
#3377 = DIRECTION('',(-1.,-0.,0.));
#3378 = PCURVE('',#933,#3379);
#3379 = DEFINITIONAL_REPRESENTATION('',(#3380),#3383);
#3380 = B_SPLINE_CURVE_WITH_KNOTS('',1,(#3381,#3382),.UNSPECIFIED.,.F.,
  .F.,(2,2),(-6.95,5.55),.PIECEWISE_BEZIER_KNOTS.);
#3381 = CARTESIAN_POINT('',(110.87434329005,-13.9));
#3382 = CARTESIAN_POINT('',(110.87434329005,-1.4));
#3383 = ( GEOMETRIC_REPRESENTATION_CONTEXT(2) 
PARAMETRIC_REPRESENTATION_CONTEXT() REPRESENTATION_CONTEXT('2D SPACE',''
  ) );
#3384 = PCURVE('',#1632,#3385);
#3385 = DEFINITIONAL_REPRESENTATION('',(#3386),#3389);
#3386 = B_SPLINE_CURVE_WITH_KNOTS('',1,(#3387,#3388),.UNSPECIFIED.,.F.,
  .F.,(2,2),(-6.95,5.55),.PIECEWISE_BEZIER_KNOTS.);
#3387 = CARTESIAN_POINT('',(0.,9.6));
#3388 = CARTESIAN_POINT('',(-12.5,9.6));
#3389 = ( GEOMETRIC_REPRESENTATION_CONTEXT(2) 
PARAMETRIC_REPRESENTATION_CONTEXT() REPRESENTATION_CONTEXT('2D SPACE',''
  ) );
#3390 = ORIENTED_EDGE('',*,*,#1596,.T.);
#3391 = ORIENTED_EDGE('',*,*,#2356,.F.);
#3392 = ORIENTED_EDGE('',*,*,#3393,.T.);
#3393 = EDGE_CURVE('',#2357,#3394,#3396,.T.);
#3394 = VERTEX_POINT('',#3395);
#3395 = CARTESIAN_POINT('',(68.102943725152,4.979467888755,
    3.120532111245));
#3396 = SURFACE_CURVE('',#3397,(#3401,#3407),.PCURVE_S1.);
#3397 = LINE('',#3398,#3399);
#3398 = CARTESIAN_POINT('',(68.102943725152,46.078033008589,
    -37.97803300858));
#3399 = VECTOR('',#3400,1.);
#3400 = DIRECTION('',(0.,-0.707106781187,0.707106781187));
#3401 = PCURVE('',#933,#3402);
#3402 = DEFINITIONAL_REPRESENTATION('',(#3403),#3406);
#3403 = B_SPLINE_CURVE_WITH_KNOTS('',1,(#3404,#3405),.UNSPECIFIED.,.F.,
  .F.,(2,2),(49.607830022118,58.122148186543),.PIECEWISE_BEZIER_KNOTS.);
#3404 = CARTESIAN_POINT('',(97.580735803744,-8.102943725152));
#3405 = CARTESIAN_POINT('',(106.09505396816,-8.102943725152));
#3406 = ( GEOMETRIC_REPRESENTATION_CONTEXT(2) 
PARAMETRIC_REPRESENTATION_CONTEXT() REPRESENTATION_CONTEXT('2D SPACE',''
  ) );
#3407 = PCURVE('',#2392,#3408);
#3408 = DEFINITIONAL_REPRESENTATION('',(#3409),#3412);
#3409 = B_SPLINE_CURVE_WITH_KNOTS('',1,(#3410,#3411),.UNSPECIFIED.,.F.,
  .F.,(2,2),(49.607830022118,58.122148186543),.PIECEWISE_BEZIER_KNOTS.);
#3410 = CARTESIAN_POINT('',(1.859797974645,-1.634924240492));
#3411 = CARTESIAN_POINT('',(1.859797974645,-10.14924240491));
#3412 = ( GEOMETRIC_REPRESENTATION_CONTEXT(2) 
PARAMETRIC_REPRESENTATION_CONTEXT() REPRESENTATION_CONTEXT('2D SPACE',''
  ) );
#3413 = ORIENTED_EDGE('',*,*,#3414,.F.);
#3414 = EDGE_CURVE('',#3415,#3394,#3417,.T.);
#3415 = VERTEX_POINT('',#3416);
#3416 = CARTESIAN_POINT('',(71.897056274848,4.979467888755,
    3.120532111245));
#3417 = SURFACE_CURVE('',#3418,(#3422,#3428),.PCURVE_S1.);
#3418 = LINE('',#3419,#3420);
#3419 = CARTESIAN_POINT('',(65.,4.979467888755,3.120532111245));
#3420 = VECTOR('',#3421,1.);
#3421 = DIRECTION('',(-1.,-0.,0.));
#3422 = PCURVE('',#933,#3423);
#3423 = DEFINITIONAL_REPRESENTATION('',(#3424),#3427);
#3424 = B_SPLINE_CURVE_WITH_KNOTS('',1,(#3425,#3426),.UNSPECIFIED.,.F.,
  .F.,(2,2),(-8.212132034356,-1.787867965644),.PIECEWISE_BEZIER_KNOTS.);
#3425 = CARTESIAN_POINT('',(106.09505396816,-13.21213203435));
#3426 = CARTESIAN_POINT('',(106.09505396816,-6.787867965644));
#3427 = ( GEOMETRIC_REPRESENTATION_CONTEXT(2) 
PARAMETRIC_REPRESENTATION_CONTEXT() REPRESENTATION_CONTEXT('2D SPACE',''
  ) );
#3428 = PCURVE('',#2465,#3429);
#3429 = DEFINITIONAL_REPRESENTATION('',(#3430),#3433);
#3430 = B_SPLINE_CURVE_WITH_KNOTS('',1,(#3431,#3432),.UNSPECIFIED.,.F.,
  .F.,(2,2),(-8.212132034356,-1.787867965644),.PIECEWISE_BEZIER_KNOTS.);
#3431 = CARTESIAN_POINT('',(3.212132034356,1.484924240492));
#3432 = CARTESIAN_POINT('',(-3.212132034356,1.484924240492));
#3433 = ( GEOMETRIC_REPRESENTATION_CONTEXT(2) 
PARAMETRIC_REPRESENTATION_CONTEXT() REPRESENTATION_CONTEXT('2D SPACE',''
  ) );
#3434 = ORIENTED_EDGE('',*,*,#3435,.T.);
#3435 = EDGE_CURVE('',#3415,#2825,#3436,.T.);
#3436 = SURFACE_CURVE('',#3437,(#3441,#3447),.PCURVE_S1.);
#3437 = LINE('',#3438,#3439);
#3438 = CARTESIAN_POINT('',(71.897056274848,46.078033008589,
    -37.97803300858));
#3439 = VECTOR('',#3440,1.);
#3440 = DIRECTION('',(0.,0.707106781187,-0.707106781187));
#3441 = PCURVE('',#933,#3442);
#3442 = DEFINITIONAL_REPRESENTATION('',(#3443),#3446);
#3443 = B_SPLINE_CURVE_WITH_KNOTS('',1,(#3444,#3445),.UNSPECIFIED.,.F.,
  .F.,(2,2),(-58.12214818654,-49.60783002211),.PIECEWISE_BEZIER_KNOTS.);
#3444 = CARTESIAN_POINT('',(106.09505396816,-11.89705627484));
#3445 = CARTESIAN_POINT('',(97.580735803744,-11.89705627484));
#3446 = ( GEOMETRIC_REPRESENTATION_CONTEXT(2) 
PARAMETRIC_REPRESENTATION_CONTEXT() REPRESENTATION_CONTEXT('2D SPACE',''
  ) );
#3447 = PCURVE('',#2788,#3448);
#3448 = DEFINITIONAL_REPRESENTATION('',(#3449),#3452);
#3449 = B_SPLINE_CURVE_WITH_KNOTS('',1,(#3450,#3451),.UNSPECIFIED.,.F.,
  .F.,(2,2),(-58.12214818654,-49.60783002211),.PIECEWISE_BEZIER_KNOTS.);
#3450 = CARTESIAN_POINT('',(1.056497115746,-10.14924240491));
#3451 = CARTESIAN_POINT('',(1.056497115746,-1.634924240492));
#3452 = ( GEOMETRIC_REPRESENTATION_CONTEXT(2) 
PARAMETRIC_REPRESENTATION_CONTEXT() REPRESENTATION_CONTEXT('2D SPACE',''
  ) );
#3453 = ORIENTED_EDGE('',*,*,#2845,.F.);
#3454 = ORIENTED_EDGE('',*,*,#920,.F.);
#3455 = ORIENTED_EDGE('',*,*,#971,.F.);
#3456 = ORIENTED_EDGE('',*,*,#996,.T.);
#3457 = ORIENTED_EDGE('',*,*,#3458,.T.);
#3458 = EDGE_CURVE('',#997,#1385,#3459,.T.);
#3459 = SURFACE_CURVE('',#3460,(#3464,#3470),.PCURVE_S1.);
#3460 = LINE('',#3461,#3462);
#3461 = CARTESIAN_POINT('',(65.,-7.8,15.9));
#3462 = VECTOR('',#3463,1.);
#3463 = DIRECTION('',(-1.,0.,-0.));
#3464 = PCURVE('',#933,#3465);
#3465 = DEFINITIONAL_REPRESENTATION('',(#3466),#3469);
#3466 = B_SPLINE_CURVE_WITH_KNOTS('',1,(#3467,#3468),.UNSPECIFIED.,.F.,
  .F.,(2,2),(-8.6,-1.4),.PIECEWISE_BEZIER_KNOTS.);
#3467 = CARTESIAN_POINT('',(124.16795077635,-13.6));
#3468 = CARTESIAN_POINT('',(124.16795077635,-6.4));
#3469 = ( GEOMETRIC_REPRESENTATION_CONTEXT(2) 
PARAMETRIC_REPRESENTATION_CONTEXT() REPRESENTATION_CONTEXT('2D SPACE',''
  ) );
#3470 = PCURVE('',#1110,#3471);
#3471 = DEFINITIONAL_REPRESENTATION('',(#3472),#3475);
#3472 = B_SPLINE_CURVE_WITH_KNOTS('',1,(#3473,#3474),.UNSPECIFIED.,.F.,
  .F.,(2,2),(-8.6,-1.4),.PIECEWISE_BEZIER_KNOTS.);
#3473 = CARTESIAN_POINT('',(-1.075558528722,3.6));
#3474 = CARTESIAN_POINT('',(-1.075558528722,-3.6));
#3475 = ( GEOMETRIC_REPRESENTATION_CONTEXT(2) 
PARAMETRIC_REPRESENTATION_CONTEXT() REPRESENTATION_CONTEXT('2D SPACE',''
  ) );
#3476 = ORIENTED_EDGE('',*,*,#1475,.T.);
#3477 = ADVANCED_FACE('',(#3478),#1060,.T.);
#3478 = FACE_BOUND('',#3479,.F.);
#3479 = EDGE_LOOP('',(#3480,#3503,#3526,#3547,#3548,#3549,#3550,#3551,
    #3552,#3553,#3554,#3575));
#3480 = ORIENTED_EDGE('',*,*,#3481,.F.);
#3481 = EDGE_CURVE('',#3482,#1618,#3484,.T.);
#3482 = VERTEX_POINT('',#3483);
#3483 = CARTESIAN_POINT('',(73.9,-8.,6.5));
#3484 = SURFACE_CURVE('',#3485,(#3489,#3496),.PCURVE_S1.);
#3485 = LINE('',#3486,#3487);
#3486 = CARTESIAN_POINT('',(73.9,-8.,6.5));
#3487 = VECTOR('',#3488,1.);
#3488 = DIRECTION('',(-1.,-0.,0.));
#3489 = PCURVE('',#1060,#3490);
#3490 = DEFINITIONAL_REPRESENTATION('',(#3491),#3495);
#3491 = LINE('',#3492,#3493);
#3492 = CARTESIAN_POINT('',(-0.,-0.));
#3493 = VECTOR('',#3494,1.);
#3494 = DIRECTION('',(-0.,1.));
#3495 = ( GEOMETRIC_REPRESENTATION_CONTEXT(2) 
PARAMETRIC_REPRESENTATION_CONTEXT() REPRESENTATION_CONTEXT('2D SPACE',''
  ) );
#3496 = PCURVE('',#1632,#3497);
#3497 = DEFINITIONAL_REPRESENTATION('',(#3498),#3502);
#3498 = LINE('',#3499,#3500);
#3499 = CARTESIAN_POINT('',(0.,-0.));
#3500 = VECTOR('',#3501,1.);
#3501 = DIRECTION('',(-1.,0.));
#3502 = ( GEOMETRIC_REPRESENTATION_CONTEXT(2) 
PARAMETRIC_REPRESENTATION_CONTEXT() REPRESENTATION_CONTEXT('2D SPACE',''
  ) );
#3503 = ORIENTED_EDGE('',*,*,#3504,.T.);
#3504 = EDGE_CURVE('',#3482,#3505,#3507,.T.);
#3505 = VERTEX_POINT('',#3506);
#3506 = CARTESIAN_POINT('',(73.9,-8.,14.5));
#3507 = SURFACE_CURVE('',#3508,(#3512,#3519),.PCURVE_S1.);
#3508 = LINE('',#3509,#3510);
#3509 = CARTESIAN_POINT('',(73.9,-8.,6.5));
#3510 = VECTOR('',#3511,1.);
#3511 = DIRECTION('',(0.,0.,1.));
#3512 = PCURVE('',#1060,#3513);
#3513 = DEFINITIONAL_REPRESENTATION('',(#3514),#3518);
#3514 = LINE('',#3515,#3516);
#3515 = CARTESIAN_POINT('',(-0.,-0.));
#3516 = VECTOR('',#3517,1.);
#3517 = DIRECTION('',(-1.,0.));
#3518 = ( GEOMETRIC_REPRESENTATION_CONTEXT(2) 
PARAMETRIC_REPRESENTATION_CONTEXT() REPRESENTATION_CONTEXT('2D SPACE',''
  ) );
#3519 = PCURVE('',#3213,#3520);
#3520 = DEFINITIONAL_REPRESENTATION('',(#3521),#3525);
#3521 = LINE('',#3522,#3523);
#3522 = CARTESIAN_POINT('',(-0.,-0.));
#3523 = VECTOR('',#3524,1.);
#3524 = DIRECTION('',(-1.,-0.));
#3525 = ( GEOMETRIC_REPRESENTATION_CONTEXT(2) 
PARAMETRIC_REPRESENTATION_CONTEXT() REPRESENTATION_CONTEXT('2D SPACE',''
  ) );
#3526 = ORIENTED_EDGE('',*,*,#3527,.T.);
#3527 = EDGE_CURVE('',#3505,#1044,#3528,.T.);
#3528 = SURFACE_CURVE('',#3529,(#3533,#3540),.PCURVE_S1.);
#3529 = LINE('',#3530,#3531);
#3530 = CARTESIAN_POINT('',(73.9,-8.,14.5));
#3531 = VECTOR('',#3532,1.);
#3532 = DIRECTION('',(-1.,-0.,0.));
#3533 = PCURVE('',#1060,#3534);
#3534 = DEFINITIONAL_REPRESENTATION('',(#3535),#3539);
#3535 = LINE('',#3536,#3537);
#3536 = CARTESIAN_POINT('',(-8.,-0.));
#3537 = VECTOR('',#3538,1.);
#3538 = DIRECTION('',(-0.,1.));
#3539 = ( GEOMETRIC_REPRESENTATION_CONTEXT(2) 
PARAMETRIC_REPRESENTATION_CONTEXT() REPRESENTATION_CONTEXT('2D SPACE',''
  ) );
#3540 = PCURVE('',#1135,#3541);
#3541 = DEFINITIONAL_REPRESENTATION('',(#3542),#3546);
#3542 = LINE('',#3543,#3544);
#3543 = CARTESIAN_POINT('',(0.,-0.));
#3544 = VECTOR('',#3545,1.);
#3545 = DIRECTION('',(-1.,0.));
#3546 = ( GEOMETRIC_REPRESENTATION_CONTEXT(2) 
PARAMETRIC_REPRESENTATION_CONTEXT() REPRESENTATION_CONTEXT('2D SPACE',''
  ) );
#3547 = ORIENTED_EDGE('',*,*,#1043,.T.);
#3548 = ORIENTED_EDGE('',*,*,#1149,.T.);
#3549 = ORIENTED_EDGE('',*,*,#1196,.T.);
#3550 = ORIENTED_EDGE('',*,*,#1243,.T.);
#3551 = ORIENTED_EDGE('',*,*,#1290,.T.);
#3552 = ORIENTED_EDGE('',*,*,#1337,.T.);
#3553 = ORIENTED_EDGE('',*,*,#1432,.T.);
#3554 = ORIENTED_EDGE('',*,*,#3555,.T.);
#3555 = EDGE_CURVE('',#1433,#1644,#3556,.T.);
#3556 = SURFACE_CURVE('',#3557,(#3561,#3568),.PCURVE_S1.);
#3557 = LINE('',#3558,#3559);
#3558 = CARTESIAN_POINT('',(73.9,-8.,14.5));
#3559 = VECTOR('',#3560,1.);
#3560 = DIRECTION('',(-1.,-0.,0.));
#3561 = PCURVE('',#1060,#3562);
#3562 = DEFINITIONAL_REPRESENTATION('',(#3563),#3567);
#3563 = LINE('',#3564,#3565);
#3564 = CARTESIAN_POINT('',(-8.,-0.));
#3565 = VECTOR('',#3566,1.);
#3566 = DIRECTION('',(-0.,1.));
#3567 = ( GEOMETRIC_REPRESENTATION_CONTEXT(2) 
PARAMETRIC_REPRESENTATION_CONTEXT() REPRESENTATION_CONTEXT('2D SPACE',''
  ) );
#3568 = PCURVE('',#1135,#3569);
#3569 = DEFINITIONAL_REPRESENTATION('',(#3570),#3574);
#3570 = LINE('',#3571,#3572);
#3571 = CARTESIAN_POINT('',(0.,-0.));
#3572 = VECTOR('',#3573,1.);
#3573 = DIRECTION('',(-1.,0.));
#3574 = ( GEOMETRIC_REPRESENTATION_CONTEXT(2) 
PARAMETRIC_REPRESENTATION_CONTEXT() REPRESENTATION_CONTEXT('2D SPACE',''
  ) );
#3575 = ORIENTED_EDGE('',*,*,#1643,.T.);
#3576 = ADVANCED_FACE('',(#3577),#1135,.F.);
#3577 = FACE_BOUND('',#3578,.T.);
#3578 = EDGE_LOOP('',(#3579,#3580,#3581,#3582,#3603,#3604,#3605,#3624));
#3579 = ORIENTED_EDGE('',*,*,#3555,.T.);
#3580 = ORIENTED_EDGE('',*,*,#1664,.T.);
#3581 = ORIENTED_EDGE('',*,*,#3177,.F.);
#3582 = ORIENTED_EDGE('',*,*,#3583,.F.);
#3583 = EDGE_CURVE('',#3505,#3178,#3584,.T.);
#3584 = SURFACE_CURVE('',#3585,(#3589,#3596),.PCURVE_S1.);
#3585 = LINE('',#3586,#3587);
#3586 = CARTESIAN_POINT('',(73.9,-8.,14.5));
#3587 = VECTOR('',#3588,1.);
#3588 = DIRECTION('',(-0.,1.,0.));
#3589 = PCURVE('',#1135,#3590);
#3590 = DEFINITIONAL_REPRESENTATION('',(#3591),#3595);
#3591 = LINE('',#3592,#3593);
#3592 = CARTESIAN_POINT('',(0.,-0.));
#3593 = VECTOR('',#3594,1.);
#3594 = DIRECTION('',(-0.,1.));
#3595 = ( GEOMETRIC_REPRESENTATION_CONTEXT(2) 
PARAMETRIC_REPRESENTATION_CONTEXT() REPRESENTATION_CONTEXT('2D SPACE',''
  ) );
#3596 = PCURVE('',#3213,#3597);
#3597 = DEFINITIONAL_REPRESENTATION('',(#3598),#3602);
#3598 = LINE('',#3599,#3600);
#3599 = CARTESIAN_POINT('',(-8.,-0.));
#3600 = VECTOR('',#3601,1.);
#3601 = DIRECTION('',(-0.,-1.));
#3602 = ( GEOMETRIC_REPRESENTATION_CONTEXT(2) 
PARAMETRIC_REPRESENTATION_CONTEXT() REPRESENTATION_CONTEXT('2D SPACE',''
  ) );
#3603 = ORIENTED_EDGE('',*,*,#3527,.T.);
#3604 = ORIENTED_EDGE('',*,*,#1122,.T.);
#3605 = ORIENTED_EDGE('',*,*,#3606,.T.);
#3606 = EDGE_CURVE('',#1095,#1387,#3607,.T.);
#3607 = SURFACE_CURVE('',#3608,(#3612,#3618),.PCURVE_S1.);
#3608 = LINE('',#3609,#3610);
#3609 = CARTESIAN_POINT('',(71.95,-7.8,14.5));
#3610 = VECTOR('',#3611,1.);
#3611 = DIRECTION('',(-1.,0.,0.));
#3612 = PCURVE('',#1135,#3613);
#3613 = DEFINITIONAL_REPRESENTATION('',(#3614),#3617);
#3614 = B_SPLINE_CURVE_WITH_KNOTS('',1,(#3615,#3616),.UNSPECIFIED.,.F.,
  .F.,(2,2),(-1.65,5.55),.PIECEWISE_BEZIER_KNOTS.);
#3615 = CARTESIAN_POINT('',(-0.3,0.2));
#3616 = CARTESIAN_POINT('',(-7.5,0.2));
#3617 = ( GEOMETRIC_REPRESENTATION_CONTEXT(2) 
PARAMETRIC_REPRESENTATION_CONTEXT() REPRESENTATION_CONTEXT('2D SPACE',''
  ) );
#3618 = PCURVE('',#1110,#3619);
#3619 = DEFINITIONAL_REPRESENTATION('',(#3620),#3623);
#3620 = B_SPLINE_CURVE_WITH_KNOTS('',1,(#3621,#3622),.UNSPECIFIED.,.F.,
  .F.,(2,2),(-1.65,5.55),.PIECEWISE_BEZIER_KNOTS.);
#3621 = CARTESIAN_POINT('',(0.324441471278,3.6));
#3622 = CARTESIAN_POINT('',(0.324441471278,-3.6));
#3623 = ( GEOMETRIC_REPRESENTATION_CONTEXT(2) 
PARAMETRIC_REPRESENTATION_CONTEXT() REPRESENTATION_CONTEXT('2D SPACE',''
  ) );
#3624 = ORIENTED_EDGE('',*,*,#1453,.T.);
#3625 = ADVANCED_FACE('',(#3626),#1110,.T.);
#3626 = FACE_BOUND('',#3627,.T.);
#3627 = EDGE_LOOP('',(#3628,#3629,#3630,#3631));
#3628 = ORIENTED_EDGE('',*,*,#1094,.T.);
#3629 = ORIENTED_EDGE('',*,*,#3458,.T.);
#3630 = ORIENTED_EDGE('',*,*,#1384,.T.);
#3631 = ORIENTED_EDGE('',*,*,#3606,.F.);
#3632 = ADVANCED_FACE('',(#3633),#1632,.T.);
#3633 = FACE_BOUND('',#3634,.F.);
#3634 = EDGE_LOOP('',(#3635,#3636,#3637,#3663,#3664,#3685));
#3635 = ORIENTED_EDGE('',*,*,#1617,.T.);
#3636 = ORIENTED_EDGE('',*,*,#3372,.F.);
#3637 = ORIENTED_EDGE('',*,*,#3638,.F.);
#3638 = EDGE_CURVE('',#3225,#3346,#3639,.T.);
#3639 = SURFACE_CURVE('',#3640,(#3645,#3656),.PCURVE_S1.);
#3640 = CIRCLE('',#3641,2.9);
#3641 = AXIS2_PLACEMENT_3D('',#3642,#3643,#3644);
#3642 = CARTESIAN_POINT('',(65.9,0.,6.5));
#3643 = DIRECTION('',(0.,0.,-1.));
#3644 = DIRECTION('',(0.834026663617,0.551724137931,0.));
#3645 = PCURVE('',#1632,#3646);
#3646 = DEFINITIONAL_REPRESENTATION('',(#3647),#3655);
#3647 = ( BOUNDED_CURVE() B_SPLINE_CURVE(2,(#3648,#3649,#3650,#3651,
#3652,#3653,#3654),.UNSPECIFIED.,.T.,.F.) B_SPLINE_CURVE_WITH_KNOTS((1,2
    ,2,2,2,1),(-2.094395102393,0.,2.094395102393,4.188790204786,
6.28318530718,8.377580409573),.UNSPECIFIED.) CURVE() 
GEOMETRIC_REPRESENTATION_ITEM() RATIONAL_B_SPLINE_CURVE((1.,0.5,1.,0.5,
1.,0.5,1.)) REPRESENTATION_ITEM('') );
#3648 = CARTESIAN_POINT('',(-5.58132267551,9.6));
#3649 = CARTESIAN_POINT('',(-2.8100413834,5.410727986869));
#3650 = CARTESIAN_POINT('',(-7.82369801619,5.105363993435));
#3651 = CARTESIAN_POINT('',(-12.83735464897,4.8));
#3652 = CARTESIAN_POINT('',(-10.5949793083,9.294636006565));
#3653 = CARTESIAN_POINT('',(-8.352603967621,13.789272013131));
#3654 = CARTESIAN_POINT('',(-5.58132267551,9.6));
#3655 = ( GEOMETRIC_REPRESENTATION_CONTEXT(2) 
PARAMETRIC_REPRESENTATION_CONTEXT() REPRESENTATION_CONTEXT('2D SPACE',''
  ) );
#3656 = PCURVE('',#3262,#3657);
#3657 = DEFINITIONAL_REPRESENTATION('',(#3658),#3662);
#3658 = LINE('',#3659,#3660);
#3659 = CARTESIAN_POINT('',(2.557162580248,0.));
#3660 = VECTOR('',#3661,1.);
#3661 = DIRECTION('',(1.,0.));
#3662 = ( GEOMETRIC_REPRESENTATION_CONTEXT(2) 
PARAMETRIC_REPRESENTATION_CONTEXT() REPRESENTATION_CONTEXT('2D SPACE',''
  ) );
#3663 = ORIENTED_EDGE('',*,*,#3224,.F.);
#3664 = ORIENTED_EDGE('',*,*,#3665,.F.);
#3665 = EDGE_CURVE('',#3482,#3199,#3666,.T.);
#3666 = SURFACE_CURVE('',#3667,(#3671,#3678),.PCURVE_S1.);
#3667 = LINE('',#3668,#3669);
#3668 = CARTESIAN_POINT('',(73.9,-8.,6.5));
#3669 = VECTOR('',#3670,1.);
#3670 = DIRECTION('',(-0.,1.,0.));
#3671 = PCURVE('',#1632,#3672);
#3672 = DEFINITIONAL_REPRESENTATION('',(#3673),#3677);
#3673 = LINE('',#3674,#3675);
#3674 = CARTESIAN_POINT('',(0.,-0.));
#3675 = VECTOR('',#3676,1.);
#3676 = DIRECTION('',(-0.,1.));
#3677 = ( GEOMETRIC_REPRESENTATION_CONTEXT(2) 
PARAMETRIC_REPRESENTATION_CONTEXT() REPRESENTATION_CONTEXT('2D SPACE',''
  ) );
#3678 = PCURVE('',#3213,#3679);
#3679 = DEFINITIONAL_REPRESENTATION('',(#3680),#3684);
#3680 = LINE('',#3681,#3682);
#3681 = CARTESIAN_POINT('',(-0.,-0.));
#3682 = VECTOR('',#3683,1.);
#3683 = DIRECTION('',(-0.,-1.));
#3684 = ( GEOMETRIC_REPRESENTATION_CONTEXT(2) 
PARAMETRIC_REPRESENTATION_CONTEXT() REPRESENTATION_CONTEXT('2D SPACE',''
  ) );
#3685 = ORIENTED_EDGE('',*,*,#3481,.T.);
#3686 = ADVANCED_FACE('',(#3687),#1724,.F.);
#3687 = FACE_BOUND('',#3688,.F.);
#3688 = EDGE_LOOP('',(#3689));
#3689 = ORIENTED_EDGE('',*,*,#1707,.T.);
#3690 = ADVANCED_FACE('',(#3691,#3694),#1780,.T.);
#3691 = FACE_BOUND('',#3692,.T.);
#3692 = EDGE_LOOP('',(#3693));
#3693 = ORIENTED_EDGE('',*,*,#1763,.T.);
#3694 = FACE_BOUND('',#3695,.T.);
#3695 = EDGE_LOOP('',(#3696));
#3696 = ORIENTED_EDGE('',*,*,#3697,.F.);
#3697 = EDGE_CURVE('',#3698,#3698,#3700,.T.);
#3698 = VERTEX_POINT('',#3699);
#3699 = CARTESIAN_POINT('',(68.271236166328,-11.4,2.));
#3700 = SURFACE_CURVE('',#3701,(#3706,#3713),.PCURVE_S1.);
#3701 = CIRCLE('',#3702,1.1);
#3702 = AXIS2_PLACEMENT_3D('',#3703,#3704,#3705);
#3703 = CARTESIAN_POINT('',(67.171236166328,-11.4,2.));
#3704 = DIRECTION('',(0.,-1.,-1.110223024625E-16));
#3705 = DIRECTION('',(1.,-0.,0.));
#3706 = PCURVE('',#1780,#3707);
#3707 = DEFINITIONAL_REPRESENTATION('',(#3708),#3712);
#3708 = CIRCLE('',#3709,1.1);
#3709 = AXIS2_PLACEMENT_2D('',#3710,#3711);
#3710 = CARTESIAN_POINT('',(-1.33226762955E-15,0.));
#3711 = DIRECTION('',(0.,1.));
#3712 = ( GEOMETRIC_REPRESENTATION_CONTEXT(2) 
PARAMETRIC_REPRESENTATION_CONTEXT() REPRESENTATION_CONTEXT('2D SPACE',''
  ) );
#3713 = PCURVE('',#3096,#3714);
#3714 = DEFINITIONAL_REPRESENTATION('',(#3715),#3719);
#3715 = LINE('',#3716,#3717);
#3716 = CARTESIAN_POINT('',(-6.28318530718,-11.25));
#3717 = VECTOR('',#3718,1.);
#3718 = DIRECTION('',(1.,-0.));
#3719 = ( GEOMETRIC_REPRESENTATION_CONTEXT(2) 
PARAMETRIC_REPRESENTATION_CONTEXT() REPRESENTATION_CONTEXT('2D SPACE',''
  ) );
#3720 = ADVANCED_FACE('',(#3721),#1856,.F.);
#3721 = FACE_BOUND('',#3722,.F.);
#3722 = EDGE_LOOP('',(#3723));
#3723 = ORIENTED_EDGE('',*,*,#1841,.T.);
#3724 = ADVANCED_FACE('',(#3725),#2030,.F.);
#3725 = FACE_BOUND('',#3726,.F.);
#3726 = EDGE_LOOP('',(#3727,#3728,#3749,#3750));
#3727 = ORIENTED_EDGE('',*,*,#2115,.F.);
#3728 = ORIENTED_EDGE('',*,*,#3729,.F.);
#3729 = EDGE_CURVE('',#1873,#2116,#3730,.T.);
#3730 = SEAM_CURVE('',#3731,(#3735,#3742),.PCURVE_S1.);
#3731 = LINE('',#3732,#3733);
#3732 = CARTESIAN_POINT('',(70.307247702119,-12.15,8.229230746773E-02));
#3733 = VECTOR('',#3734,1.);
#3734 = DIRECTION('',(0.652528130706,0.,-0.757764500777));
#3735 = PCURVE('',#2030,#3736);
#3736 = DEFINITIONAL_REPRESENTATION('',(#3737),#3741);
#3737 = LINE('',#3738,#3739);
#3738 = CARTESIAN_POINT('',(6.28318530718,-0.));
#3739 = VECTOR('',#3740,1.);
#3740 = DIRECTION('',(0.,1.));
#3741 = ( GEOMETRIC_REPRESENTATION_CONTEXT(2) 
PARAMETRIC_REPRESENTATION_CONTEXT() REPRESENTATION_CONTEXT('2D SPACE',''
  ) );
#3742 = PCURVE('',#2030,#3743);
#3743 = DEFINITIONAL_REPRESENTATION('',(#3744),#3748);
#3744 = LINE('',#3745,#3746);
#3745 = CARTESIAN_POINT('',(0.,-0.));
#3746 = VECTOR('',#3747,1.);
#3747 = DIRECTION('',(0.,1.));
#3748 = ( GEOMETRIC_REPRESENTATION_CONTEXT(2) 
PARAMETRIC_REPRESENTATION_CONTEXT() REPRESENTATION_CONTEXT('2D SPACE',''
  ) );
#3749 = ORIENTED_EDGE('',*,*,#1872,.T.);
#3750 = ORIENTED_EDGE('',*,*,#3729,.T.);
#3751 = ADVANCED_FACE('',(#3752),#2392,.T.);
#3752 = FACE_BOUND('',#3753,.T.);
#3753 = EDGE_LOOP('',(#3754,#3755,#3776,#3777));
#3754 = ORIENTED_EDGE('',*,*,#3393,.T.);
#3755 = ORIENTED_EDGE('',*,*,#3756,.T.);
#3756 = EDGE_CURVE('',#3394,#2427,#3757,.T.);
#3757 = SURFACE_CURVE('',#3758,(#3762,#3769),.PCURVE_S1.);
#3758 = LINE('',#3759,#3760);
#3759 = CARTESIAN_POINT('',(66.787867965644,5.909366876077,
    4.050431098568));
#3760 = VECTOR('',#3761,1.);
#3761 = DIRECTION('',(0.707106781187,-0.5,-0.5));
#3762 = PCURVE('',#2392,#3763);
#3763 = DEFINITIONAL_REPRESENTATION('',(#3764),#3768);
#3764 = LINE('',#3765,#3766);
#3765 = CARTESIAN_POINT('',(0.,-10.14924240491));
#3766 = VECTOR('',#3767,1.);
#3767 = DIRECTION('',(1.,0.));
#3768 = ( GEOMETRIC_REPRESENTATION_CONTEXT(2) 
PARAMETRIC_REPRESENTATION_CONTEXT() REPRESENTATION_CONTEXT('2D SPACE',''
  ) );
#3769 = PCURVE('',#2465,#3770);
#3770 = DEFINITIONAL_REPRESENTATION('',(#3771),#3775);
#3771 = LINE('',#3772,#3773);
#3772 = CARTESIAN_POINT('',(-3.212132034356,2.8));
#3773 = VECTOR('',#3774,1.);
#3774 = DIRECTION('',(0.707106781187,-0.707106781187));
#3775 = ( GEOMETRIC_REPRESENTATION_CONTEXT(2) 
PARAMETRIC_REPRESENTATION_CONTEXT() REPRESENTATION_CONTEXT('2D SPACE',''
  ) );
#3776 = ORIENTED_EDGE('',*,*,#2426,.F.);
#3777 = ORIENTED_EDGE('',*,*,#2377,.F.);
#3778 = ADVANCED_FACE('',(#3779),#2465,.F.);
#3779 = FACE_BOUND('',#3780,.F.);
#3780 = EDGE_LOOP('',(#3781,#3782,#3783,#3784,#3805,#3806,#3807,#3808,
    #3809,#3810));
#3781 = ORIENTED_EDGE('',*,*,#2651,.T.);
#3782 = ORIENTED_EDGE('',*,*,#2700,.T.);
#3783 = ORIENTED_EDGE('',*,*,#2749,.T.);
#3784 = ORIENTED_EDGE('',*,*,#3785,.T.);
#3785 = EDGE_CURVE('',#2750,#3415,#3786,.T.);
#3786 = SURFACE_CURVE('',#3787,(#3791,#3798),.PCURVE_S1.);
#3787 = LINE('',#3788,#3789);
#3788 = CARTESIAN_POINT('',(71.15,4.451219330882,2.592283553372));
#3789 = VECTOR('',#3790,1.);
#3790 = DIRECTION('',(0.707106781187,0.5,0.5));
#3791 = PCURVE('',#2465,#3792);
#3792 = DEFINITIONAL_REPRESENTATION('',(#3793),#3797);
#3793 = LINE('',#3794,#3795);
#3794 = CARTESIAN_POINT('',(1.15,0.737867965644));
#3795 = VECTOR('',#3796,1.);
#3796 = DIRECTION('',(0.707106781187,0.707106781187));
#3797 = ( GEOMETRIC_REPRESENTATION_CONTEXT(2) 
PARAMETRIC_REPRESENTATION_CONTEXT() REPRESENTATION_CONTEXT('2D SPACE',''
  ) );
#3798 = PCURVE('',#2788,#3799);
#3799 = DEFINITIONAL_REPRESENTATION('',(#3800),#3804);
#3800 = LINE('',#3801,#3802);
#3801 = CARTESIAN_POINT('',(0.,-10.14924240491));
#3802 = VECTOR('',#3803,1.);
#3803 = DIRECTION('',(1.,0.));
#3804 = ( GEOMETRIC_REPRESENTATION_CONTEXT(2) 
PARAMETRIC_REPRESENTATION_CONTEXT() REPRESENTATION_CONTEXT('2D SPACE',''
  ) );
#3805 = ORIENTED_EDGE('',*,*,#3414,.T.);
#3806 = ORIENTED_EDGE('',*,*,#3756,.T.);
#3807 = ORIENTED_EDGE('',*,*,#2449,.T.);
#3808 = ORIENTED_EDGE('',*,*,#2504,.T.);
#3809 = ORIENTED_EDGE('',*,*,#2553,.T.);
#3810 = ORIENTED_EDGE('',*,*,#2602,.T.);
#3811 = ADVANCED_FACE('',(#3812),#2788,.T.);
#3812 = FACE_BOUND('',#3813,.T.);
#3813 = EDGE_LOOP('',(#3814,#3815,#3816,#3817));
#3814 = ORIENTED_EDGE('',*,*,#2824,.F.);
#3815 = ORIENTED_EDGE('',*,*,#2772,.T.);
#3816 = ORIENTED_EDGE('',*,*,#3785,.T.);
#3817 = ORIENTED_EDGE('',*,*,#3435,.T.);
#3818 = ADVANCED_FACE('',(#3819,#3822),#2908,.F.);
#3819 = FACE_BOUND('',#3820,.T.);
#3820 = EDGE_LOOP('',(#3821));
#3821 = ORIENTED_EDGE('',*,*,#2893,.T.);
#3822 = FACE_BOUND('',#3823,.T.);
#3823 = EDGE_LOOP('',(#3824));
#3824 = ORIENTED_EDGE('',*,*,#3825,.F.);
#3825 = EDGE_CURVE('',#3826,#3826,#3828,.T.);
#3826 = VERTEX_POINT('',#3827);
#3827 = CARTESIAN_POINT('',(64.8,0.,4.9));
#3828 = SURFACE_CURVE('',#3829,(#3834,#3845),.PCURVE_S1.);
#3829 = CIRCLE('',#3830,1.1);
#3830 = AXIS2_PLACEMENT_3D('',#3831,#3832,#3833);
#3831 = CARTESIAN_POINT('',(65.9,0.,4.9));
#3832 = DIRECTION('',(0.,0.,-1.));
#3833 = DIRECTION('',(-1.,-0.,-0.));
#3834 = PCURVE('',#2908,#3835);
#3835 = DEFINITIONAL_REPRESENTATION('',(#3836),#3844);
#3836 = ( BOUNDED_CURVE() B_SPLINE_CURVE(2,(#3837,#3838,#3839,#3840,
#3841,#3842,#3843),.UNSPECIFIED.,.T.,.F.) B_SPLINE_CURVE_WITH_KNOTS((1,2
    ,2,2,2,1),(-2.094395102393,0.,2.094395102393,4.188790204786,
6.28318530718,8.377580409573),.UNSPECIFIED.) CURVE() 
GEOMETRIC_REPRESENTATION_ITEM() RATIONAL_B_SPLINE_CURVE((1.,0.5,1.,0.5,
1.,0.5,1.)) REPRESENTATION_ITEM('') );
#3837 = CARTESIAN_POINT('',(-1.1,-8.307679383136E-17));
#3838 = CARTESIAN_POINT('',(-1.1,1.905255888326));
#3839 = CARTESIAN_POINT('',(0.55,0.952627944163));
#3840 = CARTESIAN_POINT('',(2.2,1.863455019811E-16));
#3841 = CARTESIAN_POINT('',(0.55,-0.952627944163));
#3842 = CARTESIAN_POINT('',(-1.1,-1.905255888326));
#3843 = CARTESIAN_POINT('',(-1.1,-8.307679383136E-17));
#3844 = ( GEOMETRIC_REPRESENTATION_CONTEXT(2) 
PARAMETRIC_REPRESENTATION_CONTEXT() REPRESENTATION_CONTEXT('2D SPACE',''
  ) );
#3845 = PCURVE('',#3846,#3851);
#3846 = CYLINDRICAL_SURFACE('',#3847,1.1);
#3847 = AXIS2_PLACEMENT_3D('',#3848,#3849,#3850);
#3848 = CARTESIAN_POINT('',(65.9,0.,4.9));
#3849 = DIRECTION('',(0.,-0.,-1.));
#3850 = DIRECTION('',(-1.,-0.,-0.));
#3851 = DEFINITIONAL_REPRESENTATION('',(#3852),#3856);
#3852 = LINE('',#3853,#3854);
#3853 = CARTESIAN_POINT('',(0.,0.));
#3854 = VECTOR('',#3855,1.);
#3855 = DIRECTION('',(1.,0.));
#3856 = ( GEOMETRIC_REPRESENTATION_CONTEXT(2) 
PARAMETRIC_REPRESENTATION_CONTEXT() REPRESENTATION_CONTEXT('2D SPACE',''
  ) );
#3857 = ADVANCED_FACE('',(#3858),#2943,.F.);
#3858 = FACE_BOUND('',#3859,.F.);
#3859 = EDGE_LOOP('',(#3860,#3884,#3906));
#3860 = ORIENTED_EDGE('',*,*,#3861,.T.);
#3861 = EDGE_CURVE('',#2927,#3862,#3864,.T.);
#3862 = VERTEX_POINT('',#3863);
#3863 = CARTESIAN_POINT('',(68.271236166328,-1.65,2.));
#3864 = SURFACE_CURVE('',#3865,(#3870,#3877),.PCURVE_S1.);
#3865 = CIRCLE('',#3866,1.1);
#3866 = AXIS2_PLACEMENT_3D('',#3867,#3868,#3869);
#3867 = CARTESIAN_POINT('',(67.171236166328,-1.65,2.));
#3868 = DIRECTION('',(-0.,1.,1.110223024625E-16));
#3869 = DIRECTION('',(1.,0.,0.));
#3870 = PCURVE('',#2943,#3871);
#3871 = DEFINITIONAL_REPRESENTATION('',(#3872),#3876);
#3872 = CIRCLE('',#3873,1.1);
#3873 = AXIS2_PLACEMENT_2D('',#3874,#3875);
#3874 = CARTESIAN_POINT('',(0.,0.));
#3875 = DIRECTION('',(1.,0.));
#3876 = ( GEOMETRIC_REPRESENTATION_CONTEXT(2) 
PARAMETRIC_REPRESENTATION_CONTEXT() REPRESENTATION_CONTEXT('2D SPACE',''
  ) );
#3877 = PCURVE('',#3096,#3878);
#3878 = DEFINITIONAL_REPRESENTATION('',(#3879),#3883);
#3879 = LINE('',#3880,#3881);
#3880 = CARTESIAN_POINT('',(-0.,-21.));
#3881 = VECTOR('',#3882,1.);
#3882 = DIRECTION('',(-1.,0.));
#3883 = ( GEOMETRIC_REPRESENTATION_CONTEXT(2) 
PARAMETRIC_REPRESENTATION_CONTEXT() REPRESENTATION_CONTEXT('2D SPACE',''
  ) );
#3884 = ORIENTED_EDGE('',*,*,#3885,.T.);
#3885 = EDGE_CURVE('',#3862,#2929,#3886,.T.);
#3886 = SURFACE_CURVE('',#3887,(#3892,#3899),.PCURVE_S1.);
#3887 = CIRCLE('',#3888,1.1);
#3888 = AXIS2_PLACEMENT_3D('',#3889,#3890,#3891);
#3889 = CARTESIAN_POINT('',(67.171236166328,-1.65,2.));
#3890 = DIRECTION('',(-0.,1.,1.110223024625E-16));
#3891 = DIRECTION('',(1.,0.,0.));
#3892 = PCURVE('',#2943,#3893);
#3893 = DEFINITIONAL_REPRESENTATION('',(#3894),#3898);
#3894 = CIRCLE('',#3895,1.1);
#3895 = AXIS2_PLACEMENT_2D('',#3896,#3897);
#3896 = CARTESIAN_POINT('',(0.,0.));
#3897 = DIRECTION('',(1.,0.));
#3898 = ( GEOMETRIC_REPRESENTATION_CONTEXT(2) 
PARAMETRIC_REPRESENTATION_CONTEXT() REPRESENTATION_CONTEXT('2D SPACE',''
  ) );
#3899 = PCURVE('',#3096,#3900);
#3900 = DEFINITIONAL_REPRESENTATION('',(#3901),#3905);
#3901 = LINE('',#3902,#3903);
#3902 = CARTESIAN_POINT('',(-0.,-21.));
#3903 = VECTOR('',#3904,1.);
#3904 = DIRECTION('',(-1.,0.));
#3905 = ( GEOMETRIC_REPRESENTATION_CONTEXT(2) 
PARAMETRIC_REPRESENTATION_CONTEXT() REPRESENTATION_CONTEXT('2D SPACE',''
  ) );
#3906 = ORIENTED_EDGE('',*,*,#2926,.F.);
#3907 = ADVANCED_FACE('',(#3908),#3096,.F.);
#3908 = FACE_BOUND('',#3909,.T.);
#3909 = EDGE_LOOP('',(#3910,#3911,#3932,#3933,#3934,#3935));
#3910 = ORIENTED_EDGE('',*,*,#3697,.T.);
#3911 = ORIENTED_EDGE('',*,*,#3912,.T.);
#3912 = EDGE_CURVE('',#3698,#3862,#3913,.T.);
#3913 = SEAM_CURVE('',#3914,(#3918,#3925),.PCURVE_S1.);
#3914 = LINE('',#3915,#3916);
#3915 = CARTESIAN_POINT('',(68.271236166328,-11.4,2.));
#3916 = VECTOR('',#3917,1.);
#3917 = DIRECTION('',(0.,1.,1.821904450667E-16));
#3918 = PCURVE('',#3096,#3919);
#3919 = DEFINITIONAL_REPRESENTATION('',(#3920),#3924);
#3920 = LINE('',#3921,#3922);
#3921 = CARTESIAN_POINT('',(-0.,-11.25));
#3922 = VECTOR('',#3923,1.);
#3923 = DIRECTION('',(-0.,-1.));
#3924 = ( GEOMETRIC_REPRESENTATION_CONTEXT(2) 
PARAMETRIC_REPRESENTATION_CONTEXT() REPRESENTATION_CONTEXT('2D SPACE',''
  ) );
#3925 = PCURVE('',#3096,#3926);
#3926 = DEFINITIONAL_REPRESENTATION('',(#3927),#3931);
#3927 = LINE('',#3928,#3929);
#3928 = CARTESIAN_POINT('',(-6.28318530718,-11.25));
#3929 = VECTOR('',#3930,1.);
#3930 = DIRECTION('',(-0.,-1.));
#3931 = ( GEOMETRIC_REPRESENTATION_CONTEXT(2) 
PARAMETRIC_REPRESENTATION_CONTEXT() REPRESENTATION_CONTEXT('2D SPACE',''
  ) );
#3932 = ORIENTED_EDGE('',*,*,#3885,.T.);
#3933 = ORIENTED_EDGE('',*,*,#2954,.T.);
#3934 = ORIENTED_EDGE('',*,*,#3861,.T.);
#3935 = ORIENTED_EDGE('',*,*,#3912,.F.);
#3936 = ADVANCED_FACE('',(#3937),#3262,.T.);
#3937 = FACE_BOUND('',#3938,.T.);
#3938 = EDGE_LOOP('',(#3939,#3940,#3941,#3967));
#3939 = ORIENTED_EDGE('',*,*,#3638,.F.);
#3940 = ORIENTED_EDGE('',*,*,#3245,.T.);
#3941 = ORIENTED_EDGE('',*,*,#3942,.T.);
#3942 = EDGE_CURVE('',#3246,#3325,#3943,.T.);
#3943 = SURFACE_CURVE('',#3944,(#3949,#3956),.PCURVE_S1.);
#3944 = CIRCLE('',#3945,2.9);
#3945 = AXIS2_PLACEMENT_3D('',#3946,#3947,#3948);
#3946 = CARTESIAN_POINT('',(65.9,0.,7.));
#3947 = DIRECTION('',(0.,0.,-1.));
#3948 = DIRECTION('',(0.925269507931,0.379310344828,0.));
#3949 = PCURVE('',#3262,#3950);
#3950 = DEFINITIONAL_REPRESENTATION('',(#3951),#3955);
#3951 = LINE('',#3952,#3953);
#3952 = CARTESIAN_POINT('',(2.752541827086,-0.5));
#3953 = VECTOR('',#3954,1.);
#3954 = DIRECTION('',(1.,0.));
#3955 = ( GEOMETRIC_REPRESENTATION_CONTEXT(2) 
PARAMETRIC_REPRESENTATION_CONTEXT() REPRESENTATION_CONTEXT('2D SPACE',''
  ) );
#3956 = PCURVE('',#3292,#3957);
#3957 = DEFINITIONAL_REPRESENTATION('',(#3958),#3966);
#3958 = ( BOUNDED_CURVE() B_SPLINE_CURVE(2,(#3959,#3960,#3961,#3962,
#3963,#3964,#3965),.UNSPECIFIED.,.T.,.F.) B_SPLINE_CURVE_WITH_KNOTS((1,2
    ,2,2,2,1),(-2.094395102393,0.,2.094395102393,4.188790204786,
6.28318530718,8.377580409573),.UNSPECIFIED.) CURVE() 
GEOMETRIC_REPRESENTATION_ITEM() RATIONAL_B_SPLINE_CURVE((1.,0.5,1.,0.5,
1.,0.5,1.)) REPRESENTATION_ITEM('') );
#3959 = CARTESIAN_POINT('',(2.683281573,1.1));
#3960 = CARTESIAN_POINT('',(4.588537461325,-3.547580015449));
#3961 = CARTESIAN_POINT('',(-0.389012842337,-2.873790007724));
#3962 = CARTESIAN_POINT('',(-5.366563146,-2.2));
#3963 = CARTESIAN_POINT('',(-2.294268730663,1.773790007724));
#3964 = CARTESIAN_POINT('',(0.778025684674,5.747580015449));
#3965 = CARTESIAN_POINT('',(2.683281573,1.1));
#3966 = ( GEOMETRIC_REPRESENTATION_CONTEXT(2) 
PARAMETRIC_REPRESENTATION_CONTEXT() REPRESENTATION_CONTEXT('2D SPACE',''
  ) );
#3967 = ORIENTED_EDGE('',*,*,#3345,.T.);
#3968 = ADVANCED_FACE('',(#3969,#3975),#3292,.T.);
#3969 = FACE_BOUND('',#3970,.F.);
#3970 = EDGE_LOOP('',(#3971,#3972,#3973,#3974));
#3971 = ORIENTED_EDGE('',*,*,#3942,.T.);
#3972 = ORIENTED_EDGE('',*,*,#3324,.F.);
#3973 = ORIENTED_EDGE('',*,*,#3303,.F.);
#3974 = ORIENTED_EDGE('',*,*,#3277,.F.);
#3975 = FACE_BOUND('',#3976,.F.);
#3976 = EDGE_LOOP('',(#3977,#4001,#4023));
#3977 = ORIENTED_EDGE('',*,*,#3978,.T.);
#3978 = EDGE_CURVE('',#3979,#3278,#3981,.T.);
#3979 = VERTEX_POINT('',#3980);
#3980 = CARTESIAN_POINT('',(64.8,0.,7.));
#3981 = SURFACE_CURVE('',#3982,(#3987,#3994),.PCURVE_S1.);
#3982 = CIRCLE('',#3983,1.1);
#3983 = AXIS2_PLACEMENT_3D('',#3984,#3985,#3986);
#3984 = CARTESIAN_POINT('',(65.9,0.,7.));
#3985 = DIRECTION('',(0.,0.,1.));
#3986 = DIRECTION('',(-1.,-0.,-0.));
#3987 = PCURVE('',#3292,#3988);
#3988 = DEFINITIONAL_REPRESENTATION('',(#3989),#3993);
#3989 = CIRCLE('',#3990,1.1);
#3990 = AXIS2_PLACEMENT_2D('',#3991,#3992);
#3991 = CARTESIAN_POINT('',(0.,1.183825239176E-16));
#3992 = DIRECTION('',(-1.,0.));
#3993 = ( GEOMETRIC_REPRESENTATION_CONTEXT(2) 
PARAMETRIC_REPRESENTATION_CONTEXT() REPRESENTATION_CONTEXT('2D SPACE',''
  ) );
#3994 = PCURVE('',#3846,#3995);
#3995 = DEFINITIONAL_REPRESENTATION('',(#3996),#4000);
#3996 = LINE('',#3997,#3998);
#3997 = CARTESIAN_POINT('',(6.28318530718,-2.1));
#3998 = VECTOR('',#3999,1.);
#3999 = DIRECTION('',(-1.,0.));
#4000 = ( GEOMETRIC_REPRESENTATION_CONTEXT(2) 
PARAMETRIC_REPRESENTATION_CONTEXT() REPRESENTATION_CONTEXT('2D SPACE',''
  ) );
#4001 = ORIENTED_EDGE('',*,*,#4002,.T.);
#4002 = EDGE_CURVE('',#3278,#3304,#4003,.T.);
#4003 = SURFACE_CURVE('',#4004,(#4009,#4016),.PCURVE_S1.);
#4004 = CIRCLE('',#4005,1.1);
#4005 = AXIS2_PLACEMENT_3D('',#4006,#4007,#4008);
#4006 = CARTESIAN_POINT('',(65.9,0.,7.));
#4007 = DIRECTION('',(0.,0.,1.));
#4008 = DIRECTION('',(-1.,-0.,-0.));
#4009 = PCURVE('',#3292,#4010);
#4010 = DEFINITIONAL_REPRESENTATION('',(#4011),#4015);
#4011 = CIRCLE('',#4012,1.1);
#4012 = AXIS2_PLACEMENT_2D('',#4013,#4014);
#4013 = CARTESIAN_POINT('',(0.,1.183825239176E-16));
#4014 = DIRECTION('',(-1.,0.));
#4015 = ( GEOMETRIC_REPRESENTATION_CONTEXT(2) 
PARAMETRIC_REPRESENTATION_CONTEXT() REPRESENTATION_CONTEXT('2D SPACE',''
  ) );
#4016 = PCURVE('',#3846,#4017);
#4017 = DEFINITIONAL_REPRESENTATION('',(#4018),#4022);
#4018 = LINE('',#4019,#4020);
#4019 = CARTESIAN_POINT('',(6.28318530718,-2.1));
#4020 = VECTOR('',#4021,1.);
#4021 = DIRECTION('',(-1.,0.));
#4022 = ( GEOMETRIC_REPRESENTATION_CONTEXT(2) 
PARAMETRIC_REPRESENTATION_CONTEXT() REPRESENTATION_CONTEXT('2D SPACE',''
  ) );
#4023 = ORIENTED_EDGE('',*,*,#4024,.T.);
#4024 = EDGE_CURVE('',#3304,#3979,#4025,.T.);
#4025 = SURFACE_CURVE('',#4026,(#4031,#4038),.PCURVE_S1.);
#4026 = CIRCLE('',#4027,1.1);
#4027 = AXIS2_PLACEMENT_3D('',#4028,#4029,#4030);
#4028 = CARTESIAN_POINT('',(65.9,0.,7.));
#4029 = DIRECTION('',(0.,0.,1.));
#4030 = DIRECTION('',(-1.,-0.,-0.));
#4031 = PCURVE('',#3292,#4032);
#4032 = DEFINITIONAL_REPRESENTATION('',(#4033),#4037);
#4033 = CIRCLE('',#4034,1.1);
#4034 = AXIS2_PLACEMENT_2D('',#4035,#4036);
#4035 = CARTESIAN_POINT('',(0.,1.183825239176E-16));
#4036 = DIRECTION('',(-1.,0.));
#4037 = ( GEOMETRIC_REPRESENTATION_CONTEXT(2) 
PARAMETRIC_REPRESENTATION_CONTEXT() REPRESENTATION_CONTEXT('2D SPACE',''
  ) );
#4038 = PCURVE('',#3846,#4039);
#4039 = DEFINITIONAL_REPRESENTATION('',(#4040),#4044);
#4040 = LINE('',#4041,#4042);
#4041 = CARTESIAN_POINT('',(6.28318530718,-2.1));
#4042 = VECTOR('',#4043,1.);
#4043 = DIRECTION('',(-1.,0.));
#4044 = ( GEOMETRIC_REPRESENTATION_CONTEXT(2) 
PARAMETRIC_REPRESENTATION_CONTEXT() REPRESENTATION_CONTEXT('2D SPACE',''
  ) );
#4045 = ADVANCED_FACE('',(#4046),#3213,.T.);
#4046 = FACE_BOUND('',#4047,.F.);
#4047 = EDGE_LOOP('',(#4048,#4049,#4050,#4051));
#4048 = ORIENTED_EDGE('',*,*,#3583,.F.);
#4049 = ORIENTED_EDGE('',*,*,#3504,.F.);
#4050 = ORIENTED_EDGE('',*,*,#3665,.T.);
#4051 = ORIENTED_EDGE('',*,*,#3198,.F.);
#4052 = ADVANCED_FACE('',(#4053),#3846,.F.);
#4053 = FACE_BOUND('',#4054,.F.);
#4054 = EDGE_LOOP('',(#4055,#4076,#4077,#4078,#4079,#4080));
#4055 = ORIENTED_EDGE('',*,*,#4056,.T.);
#4056 = EDGE_CURVE('',#3979,#3826,#4057,.T.);
#4057 = SEAM_CURVE('',#4058,(#4062,#4069),.PCURVE_S1.);
#4058 = LINE('',#4059,#4060);
#4059 = CARTESIAN_POINT('',(64.8,0.,7.));
#4060 = VECTOR('',#4061,1.);
#4061 = DIRECTION('',(0.,0.,-1.));
#4062 = PCURVE('',#3846,#4063);
#4063 = DEFINITIONAL_REPRESENTATION('',(#4064),#4068);
#4064 = LINE('',#4065,#4066);
#4065 = CARTESIAN_POINT('',(6.28318530718,-2.1));
#4066 = VECTOR('',#4067,1.);
#4067 = DIRECTION('',(-0.,1.));
#4068 = ( GEOMETRIC_REPRESENTATION_CONTEXT(2) 
PARAMETRIC_REPRESENTATION_CONTEXT() REPRESENTATION_CONTEXT('2D SPACE',''
  ) );
#4069 = PCURVE('',#3846,#4070);
#4070 = DEFINITIONAL_REPRESENTATION('',(#4071),#4075);
#4071 = LINE('',#4072,#4073);
#4072 = CARTESIAN_POINT('',(0.,-2.1));
#4073 = VECTOR('',#4074,1.);
#4074 = DIRECTION('',(-0.,1.));
#4075 = ( GEOMETRIC_REPRESENTATION_CONTEXT(2) 
PARAMETRIC_REPRESENTATION_CONTEXT() REPRESENTATION_CONTEXT('2D SPACE',''
  ) );
#4076 = ORIENTED_EDGE('',*,*,#3825,.F.);
#4077 = ORIENTED_EDGE('',*,*,#4056,.F.);
#4078 = ORIENTED_EDGE('',*,*,#4024,.F.);
#4079 = ORIENTED_EDGE('',*,*,#4002,.F.);
#4080 = ORIENTED_EDGE('',*,*,#3978,.F.);
#4081 = ( GEOMETRIC_REPRESENTATION_CONTEXT(3) 
GLOBAL_UNCERTAINTY_ASSIGNED_CONTEXT((#4085)) 
GLOBAL_UNIT_ASSIGNED_CONTEXT((#4082,#4083,#4084)) REPRESENTATION_CONTEXT
('Context #1','3D Context with UNIT and UNCERTAINTY') );
#4082 = ( LENGTH_UNIT() NAMED_UNIT(*) SI_UNIT(.MILLI.,.METRE.) );
#4083 = ( NAMED_UNIT(*) PLANE_ANGLE_UNIT() SI_UNIT($,.RADIAN.) );
#4084 = ( NAMED_UNIT(*) SI_UNIT($,.STERADIAN.) SOLID_ANGLE_UNIT() );
#4085 = UNCERTAINTY_MEASURE_WITH_UNIT(LENGTH_MEASURE(1.E-07),#4082,
  'distance_accuracy_value','confusion accuracy');
#4086 = PRODUCT_RELATED_PRODUCT_CATEGORY('part',$,(#7));
ENDSEC;
END-ISO-10303-21;
