ISO-10303-21;
HEADER;
FILE_DESCRIPTION(('Open CASCADE Model'),'2;1');
FILE_NAME('Open CASCADE Shape Model','2026-06-03T10:32:22',('Author'),(
    'Open CASCADE'),'Open CASCADE STEP processor 7.8','Open CASCADE 7.8'
  ,'Unknown');
FILE_SCHEMA(('AUTOMOTIVE_DESIGN { 1 0 10303 214 1 1 1 1 }'));
ENDSEC;
DATA;
#1 = APPLICATION_PROTOCOL_DEFINITION('international standard',
  'automotive_design',2000,#2);
#2 = APPLICATION_CONTEXT(
  'core data for automotive mechanical design processes');
#3 = SHAPE_DEFINITION_REPRESENTATION(#4,#10);
#4 = PRODUCT_DEFINITION_SHAPE('','',#5);
#5 = PRODUCT_DEFINITION('design','',#6,#9);
#6 = PRODUCT_DEFINITION_FORMATION('','',#7);
#7 = PRODUCT('Open CASCADE STEP translator 7.8 6',
  'Open CASCADE STEP translator 7.8 6','',(#8));
#8 = PRODUCT_CONTEXT('',#2,'mechanical');
#9 = PRODUCT_DEFINITION_CONTEXT('part definition',#2,'design');
#10 = ADVANCED_BREP_SHAPE_REPRESENTATION('',(#11,#15),#8435);
#11 = AXIS2_PLACEMENT_3D('',#12,#13,#14);
#12 = CARTESIAN_POINT('',(0.,0.,0.));
#13 = DIRECTION('',(0.,0.,1.));
#14 = DIRECTION('',(1.,0.,-0.));
#15 = MANIFOLD_SOLID_BREP('',#16);
#16 = CLOSED_SHELL('',(#17,#137,#985,#1176,#1792,#1850,#1998,#2202,#2292
    ,#2647,#2694,#3064,#3113,#3140,#3165,#3192,#3249,#3274,#3301,#3395,
    #3444,#3493,#3542,#3591,#3618,#3644,#3693,#3997,#4103,#4158,#4213,
    #4268,#4323,#4610,#4687,#4757,#5090,#5179,#5234,#5289,#5345,#5372,
    #5908,#5963,#6018,#6077,#6157,#6349,#6404,#6544,#6570,#6674,#6706,
    #6870,#6899,#6905,#6912,#6961,#6993,#7021,#7026,#7035,#7084,#7110,
    #7117,#7166,#7192,#7199,#7276,#7326,#7356,#7403,#7438,#7485,#7552,
    #7579,#7604,#7629,#7678,#7705,#7732,#7759,#7801,#7851,#7878,#7885,
    #7919,#7923,#7927,#7954,#7984,#8023,#8062,#8069,#8151,#8182,#8235,
    #8241,#8247,#8255,#8292,#8319,#8346,#8373,#8427));
#17 = ADVANCED_FACE('',(#18),#32,.F.);
#18 = FACE_BOUND('',#19,.F.);
#19 = EDGE_LOOP('',(#20,#55,#83,#111));
#20 = ORIENTED_EDGE('',*,*,#21,.F.);
#21 = EDGE_CURVE('',#22,#24,#26,.T.);
#22 = VERTEX_POINT('',#23);
#23 = CARTESIAN_POINT('',(-74.83989679892,-11.,1.3));
#24 = VERTEX_POINT('',#25);
#25 = CARTESIAN_POINT('',(-74.83989679892,-11.,63.5));
#26 = SURFACE_CURVE('',#27,(#31,#43),.PCURVE_S1.);
#27 = LINE('',#28,#29);
#28 = CARTESIAN_POINT('',(-74.83989679892,-11.,1.3));
#29 = VECTOR('',#30,1.);
#30 = DIRECTION('',(0.,0.,1.));
#31 = PCURVE('',#32,#37);
#32 = PLANE('',#33);
#33 = AXIS2_PLACEMENT_3D('',#34,#35,#36);
#34 = CARTESIAN_POINT('',(-74.83989679892,-11.,1.3));
#35 = DIRECTION('',(1.,0.,0.));
#36 = DIRECTION('',(0.,0.,1.));
#37 = DEFINITIONAL_REPRESENTATION('',(#38),#42);
#38 = LINE('',#39,#40);
#39 = CARTESIAN_POINT('',(0.,0.));
#40 = VECTOR('',#41,1.);
#41 = DIRECTION('',(1.,0.));
#42 = ( GEOMETRIC_REPRESENTATION_CONTEXT(2) 
PARAMETRIC_REPRESENTATION_CONTEXT() REPRESENTATION_CONTEXT('2D SPACE',''
  ) );
#43 = PCURVE('',#44,#49);
#44 = PLANE('',#45);
#45 = AXIS2_PLACEMENT_3D('',#46,#47,#48);
#46 = CARTESIAN_POINT('',(-74.83989679892,-11.,1.3));
#47 = DIRECTION('',(0.,1.,0.));
#48 = DIRECTION('',(0.,0.,1.));
#49 = DEFINITIONAL_REPRESENTATION('',(#50),#54);
#50 = LINE('',#51,#52);
#51 = CARTESIAN_POINT('',(0.,0.));
#52 = VECTOR('',#53,1.);
#53 = DIRECTION('',(1.,0.));
#54 = ( GEOMETRIC_REPRESENTATION_CONTEXT(2) 
PARAMETRIC_REPRESENTATION_CONTEXT() REPRESENTATION_CONTEXT('2D SPACE',''
  ) );
#55 = ORIENTED_EDGE('',*,*,#56,.T.);
#56 = EDGE_CURVE('',#22,#57,#59,.T.);
#57 = VERTEX_POINT('',#58);
#58 = CARTESIAN_POINT('',(-74.83989679892,11.,1.3));
#59 = SURFACE_CURVE('',#60,(#64,#71),.PCURVE_S1.);
#60 = LINE('',#61,#62);
#61 = CARTESIAN_POINT('',(-74.83989679892,-11.,1.3));
#62 = VECTOR('',#63,1.);
#63 = DIRECTION('',(0.,1.,0.));
#64 = PCURVE('',#32,#65);
#65 = DEFINITIONAL_REPRESENTATION('',(#66),#70);
#66 = LINE('',#67,#68);
#67 = CARTESIAN_POINT('',(0.,0.));
#68 = VECTOR('',#69,1.);
#69 = DIRECTION('',(0.,-1.));
#70 = ( GEOMETRIC_REPRESENTATION_CONTEXT(2) 
PARAMETRIC_REPRESENTATION_CONTEXT() REPRESENTATION_CONTEXT('2D SPACE',''
  ) );
#71 = PCURVE('',#72,#77);
#72 = PLANE('',#73);
#73 = AXIS2_PLACEMENT_3D('',#74,#75,#76);
#74 = CARTESIAN_POINT('',(-74.83989679892,-11.,1.3));
#75 = DIRECTION('',(0.,0.,1.));
#76 = DIRECTION('',(1.,0.,0.));
#77 = DEFINITIONAL_REPRESENTATION('',(#78),#82);
#78 = LINE('',#79,#80);
#79 = CARTESIAN_POINT('',(0.,0.));
#80 = VECTOR('',#81,1.);
#81 = DIRECTION('',(0.,1.));
#82 = ( GEOMETRIC_REPRESENTATION_CONTEXT(2) 
PARAMETRIC_REPRESENTATION_CONTEXT() REPRESENTATION_CONTEXT('2D SPACE',''
  ) );
#83 = ORIENTED_EDGE('',*,*,#84,.T.);
#84 = EDGE_CURVE('',#57,#85,#87,.T.);
#85 = VERTEX_POINT('',#86);
#86 = CARTESIAN_POINT('',(-74.83989679892,11.,63.5));
#87 = SURFACE_CURVE('',#88,(#92,#99),.PCURVE_S1.);
#88 = LINE('',#89,#90);
#89 = CARTESIAN_POINT('',(-74.83989679892,11.,1.3));
#90 = VECTOR('',#91,1.);
#91 = DIRECTION('',(0.,0.,1.));
#92 = PCURVE('',#32,#93);
#93 = DEFINITIONAL_REPRESENTATION('',(#94),#98);
#94 = LINE('',#95,#96);
#95 = CARTESIAN_POINT('',(0.,-22.));
#96 = VECTOR('',#97,1.);
#97 = DIRECTION('',(1.,0.));
#98 = ( GEOMETRIC_REPRESENTATION_CONTEXT(2) 
PARAMETRIC_REPRESENTATION_CONTEXT() REPRESENTATION_CONTEXT('2D SPACE',''
  ) );
#99 = PCURVE('',#100,#105);
#100 = PLANE('',#101);
#101 = AXIS2_PLACEMENT_3D('',#102,#103,#104);
#102 = CARTESIAN_POINT('',(-74.83989679892,11.,1.3));
#103 = DIRECTION('',(0.,1.,0.));
#104 = DIRECTION('',(0.,0.,1.));
#105 = DEFINITIONAL_REPRESENTATION('',(#106),#110);
#106 = LINE('',#107,#108);
#107 = CARTESIAN_POINT('',(0.,0.));
#108 = VECTOR('',#109,1.);
#109 = DIRECTION('',(1.,0.));
#110 = ( GEOMETRIC_REPRESENTATION_CONTEXT(2) 
PARAMETRIC_REPRESENTATION_CONTEXT() REPRESENTATION_CONTEXT('2D SPACE',''
  ) );
#111 = ORIENTED_EDGE('',*,*,#112,.F.);
#112 = EDGE_CURVE('',#24,#85,#113,.T.);
#113 = SURFACE_CURVE('',#114,(#118,#125),.PCURVE_S1.);
#114 = LINE('',#115,#116);
#115 = CARTESIAN_POINT('',(-74.83989679892,-11.,63.5));
#116 = VECTOR('',#117,1.);
#117 = DIRECTION('',(0.,1.,0.));
#118 = PCURVE('',#32,#119);
#119 = DEFINITIONAL_REPRESENTATION('',(#120),#124);
#120 = LINE('',#121,#122);
#121 = CARTESIAN_POINT('',(62.2,0.));
#122 = VECTOR('',#123,1.);
#123 = DIRECTION('',(0.,-1.));
#124 = ( GEOMETRIC_REPRESENTATION_CONTEXT(2) 
PARAMETRIC_REPRESENTATION_CONTEXT() REPRESENTATION_CONTEXT('2D SPACE',''
  ) );
#125 = PCURVE('',#126,#131);
#126 = PLANE('',#127);
#127 = AXIS2_PLACEMENT_3D('',#128,#129,#130);
#128 = CARTESIAN_POINT('',(-74.83989679892,-11.,63.5));
#129 = DIRECTION('',(0.,0.,1.));
#130 = DIRECTION('',(1.,0.,0.));
#131 = DEFINITIONAL_REPRESENTATION('',(#132),#136);
#132 = LINE('',#133,#134);
#133 = CARTESIAN_POINT('',(0.,0.));
#134 = VECTOR('',#135,1.);
#135 = DIRECTION('',(0.,1.));
#136 = ( GEOMETRIC_REPRESENTATION_CONTEXT(2) 
PARAMETRIC_REPRESENTATION_CONTEXT() REPRESENTATION_CONTEXT('2D SPACE',''
  ) );
#137 = ADVANCED_FACE('',(#138,#853,#888,#919,#954),#44,.F.);
#138 = FACE_BOUND('',#139,.F.);
#139 = EDGE_LOOP('',(#140,#163,#164,#187,#215,#241,#269,#297,#325,#351,
    #377,#403,#429,#455,#478,#506,#534,#562,#590,#618,#646,#672,#698,
    #724,#750,#776,#799,#827));
#140 = ORIENTED_EDGE('',*,*,#141,.F.);
#141 = EDGE_CURVE('',#22,#142,#144,.T.);
#142 = VERTEX_POINT('',#143);
#143 = CARTESIAN_POINT('',(-61.9,-11.,1.3));
#144 = SURFACE_CURVE('',#145,(#149,#156),.PCURVE_S1.);
#145 = LINE('',#146,#147);
#146 = CARTESIAN_POINT('',(-74.83989679892,-11.,1.3));
#147 = VECTOR('',#148,1.);
#148 = DIRECTION('',(1.,0.,0.));
#149 = PCURVE('',#44,#150);
#150 = DEFINITIONAL_REPRESENTATION('',(#151),#155);
#151 = LINE('',#152,#153);
#152 = CARTESIAN_POINT('',(0.,0.));
#153 = VECTOR('',#154,1.);
#154 = DIRECTION('',(0.,1.));
#155 = ( GEOMETRIC_REPRESENTATION_CONTEXT(2) 
PARAMETRIC_REPRESENTATION_CONTEXT() REPRESENTATION_CONTEXT('2D SPACE',''
  ) );
#156 = PCURVE('',#72,#157);
#157 = DEFINITIONAL_REPRESENTATION('',(#158),#162);
#158 = LINE('',#159,#160);
#159 = CARTESIAN_POINT('',(0.,0.));
#160 = VECTOR('',#161,1.);
#161 = DIRECTION('',(1.,0.));
#162 = ( GEOMETRIC_REPRESENTATION_CONTEXT(2) 
PARAMETRIC_REPRESENTATION_CONTEXT() REPRESENTATION_CONTEXT('2D SPACE',''
  ) );
#163 = ORIENTED_EDGE('',*,*,#21,.T.);
#164 = ORIENTED_EDGE('',*,*,#165,.F.);
#165 = EDGE_CURVE('',#166,#24,#168,.T.);
#166 = VERTEX_POINT('',#167);
#167 = CARTESIAN_POINT('',(74.839896798926,-11.,63.5));
#168 = SURFACE_CURVE('',#169,(#173,#180),.PCURVE_S1.);
#169 = LINE('',#170,#171);
#170 = CARTESIAN_POINT('',(74.839896798926,-11.,63.5));
#171 = VECTOR('',#172,1.);
#172 = DIRECTION('',(-1.,0.,0.));
#173 = PCURVE('',#44,#174);
#174 = DEFINITIONAL_REPRESENTATION('',(#175),#179);
#175 = LINE('',#176,#177);
#176 = CARTESIAN_POINT('',(62.2,149.67979359785));
#177 = VECTOR('',#178,1.);
#178 = DIRECTION('',(0.,-1.));
#179 = ( GEOMETRIC_REPRESENTATION_CONTEXT(2) 
PARAMETRIC_REPRESENTATION_CONTEXT() REPRESENTATION_CONTEXT('2D SPACE',''
  ) );
#180 = PCURVE('',#126,#181);
#181 = DEFINITIONAL_REPRESENTATION('',(#182),#186);
#182 = LINE('',#183,#184);
#183 = CARTESIAN_POINT('',(149.67979359785,0.));
#184 = VECTOR('',#185,1.);
#185 = DIRECTION('',(-1.,0.));
#186 = ( GEOMETRIC_REPRESENTATION_CONTEXT(2) 
PARAMETRIC_REPRESENTATION_CONTEXT() REPRESENTATION_CONTEXT('2D SPACE',''
  ) );
#187 = ORIENTED_EDGE('',*,*,#188,.F.);
#188 = EDGE_CURVE('',#189,#166,#191,.T.);
#189 = VERTEX_POINT('',#190);
#190 = CARTESIAN_POINT('',(74.839896798926,-11.,8.));
#191 = SURFACE_CURVE('',#192,(#196,#203),.PCURVE_S1.);
#192 = LINE('',#193,#194);
#193 = CARTESIAN_POINT('',(74.839896798926,-11.,-5.));
#194 = VECTOR('',#195,1.);
#195 = DIRECTION('',(0.,0.,1.));
#196 = PCURVE('',#44,#197);
#197 = DEFINITIONAL_REPRESENTATION('',(#198),#202);
#198 = LINE('',#199,#200);
#199 = CARTESIAN_POINT('',(-6.3,149.67979359785));
#200 = VECTOR('',#201,1.);
#201 = DIRECTION('',(1.,0.));
#202 = ( GEOMETRIC_REPRESENTATION_CONTEXT(2) 
PARAMETRIC_REPRESENTATION_CONTEXT() REPRESENTATION_CONTEXT('2D SPACE',''
  ) );
#203 = PCURVE('',#204,#209);
#204 = PLANE('',#205);
#205 = AXIS2_PLACEMENT_3D('',#206,#207,#208);
#206 = CARTESIAN_POINT('',(74.839896798926,-11.,-5.));
#207 = DIRECTION('',(1.,0.,0.));
#208 = DIRECTION('',(0.,0.,1.));
#209 = DEFINITIONAL_REPRESENTATION('',(#210),#214);
#210 = LINE('',#211,#212);
#211 = CARTESIAN_POINT('',(0.,0.));
#212 = VECTOR('',#213,1.);
#213 = DIRECTION('',(1.,0.));
#214 = ( GEOMETRIC_REPRESENTATION_CONTEXT(2) 
PARAMETRIC_REPRESENTATION_CONTEXT() REPRESENTATION_CONTEXT('2D SPACE',''
  ) );
#215 = ORIENTED_EDGE('',*,*,#216,.T.);
#216 = EDGE_CURVE('',#189,#217,#219,.T.);
#217 = VERTEX_POINT('',#218);
#218 = CARTESIAN_POINT('',(61.428763833672,-11.,8.));
#219 = SURFACE_CURVE('',#220,(#224,#230),.PCURVE_S1.);
#220 = LINE('',#221,#222);
#221 = CARTESIAN_POINT('',(-7.419948399463,-11.,8.));
#222 = VECTOR('',#223,1.);
#223 = DIRECTION('',(-1.,0.,-0.));
#224 = PCURVE('',#44,#225);
#225 = DEFINITIONAL_REPRESENTATION('',(#226),#229);
#226 = B_SPLINE_CURVE_WITH_KNOTS('',1,(#227,#228),.UNSPECIFIED.,.F.,.F.,
  (2,2),(-82.25984519838,-67.41994839946),.PIECEWISE_BEZIER_KNOTS.);
#227 = CARTESIAN_POINT('',(6.7,149.67979359785));
#228 = CARTESIAN_POINT('',(6.7,134.83989679892));
#229 = ( GEOMETRIC_REPRESENTATION_CONTEXT(2) 
PARAMETRIC_REPRESENTATION_CONTEXT() REPRESENTATION_CONTEXT('2D SPACE',''
  ) );
#230 = PCURVE('',#231,#236);
#231 = PLANE('',#232);
#232 = AXIS2_PLACEMENT_3D('',#233,#234,#235);
#233 = CARTESIAN_POINT('',(60.,77.,-80.));
#234 = DIRECTION('',(0.,-0.707106781187,-0.707106781187));
#235 = DIRECTION('',(0.,-0.707106781187,0.707106781187));
#236 = DEFINITIONAL_REPRESENTATION('',(#237),#240);
#237 = B_SPLINE_CURVE_WITH_KNOTS('',1,(#238,#239),.UNSPECIFIED.,.F.,.F.,
  (2,2),(-82.25984519838,-67.41994839946),.PIECEWISE_BEZIER_KNOTS.);
#238 = CARTESIAN_POINT('',(124.45079348883,-14.83989679892));
#239 = CARTESIAN_POINT('',(124.45079348883,0.));
#240 = ( GEOMETRIC_REPRESENTATION_CONTEXT(2) 
PARAMETRIC_REPRESENTATION_CONTEXT() REPRESENTATION_CONTEXT('2D SPACE',''
  ) );
#241 = ORIENTED_EDGE('',*,*,#242,.F.);
#242 = EDGE_CURVE('',#243,#217,#245,.T.);
#243 = VERTEX_POINT('',#244);
#244 = CARTESIAN_POINT('',(61.428763833672,-11.,10.6));
#245 = SURFACE_CURVE('',#246,(#250,#257),.PCURVE_S1.);
#246 = LINE('',#247,#248);
#247 = CARTESIAN_POINT('',(61.428763833672,-11.,10.6));
#248 = VECTOR('',#249,1.);
#249 = DIRECTION('',(0.,0.,-1.));
#250 = PCURVE('',#44,#251);
#251 = DEFINITIONAL_REPRESENTATION('',(#252),#256);
#252 = LINE('',#253,#254);
#253 = CARTESIAN_POINT('',(9.3,136.26866063259));
#254 = VECTOR('',#255,1.);
#255 = DIRECTION('',(-1.,0.));
#256 = ( GEOMETRIC_REPRESENTATION_CONTEXT(2) 
PARAMETRIC_REPRESENTATION_CONTEXT() REPRESENTATION_CONTEXT('2D SPACE',''
  ) );
#257 = PCURVE('',#258,#263);
#258 = PLANE('',#259);
#259 = AXIS2_PLACEMENT_3D('',#260,#261,#262);
#260 = CARTESIAN_POINT('',(61.428763833672,-11.,-5.));
#261 = DIRECTION('',(1.,0.,0.));
#262 = DIRECTION('',(0.,0.,1.));
#263 = DEFINITIONAL_REPRESENTATION('',(#264),#268);
#264 = LINE('',#265,#266);
#265 = CARTESIAN_POINT('',(15.6,0.));
#266 = VECTOR('',#267,1.);
#267 = DIRECTION('',(-1.,0.));
#268 = ( GEOMETRIC_REPRESENTATION_CONTEXT(2) 
PARAMETRIC_REPRESENTATION_CONTEXT() REPRESENTATION_CONTEXT('2D SPACE',''
  ) );
#269 = ORIENTED_EDGE('',*,*,#270,.F.);
#270 = EDGE_CURVE('',#271,#243,#273,.T.);
#271 = VERTEX_POINT('',#272);
#272 = CARTESIAN_POINT('',(61.4,-11.,10.6));
#273 = SURFACE_CURVE('',#274,(#278,#285),.PCURVE_S1.);
#274 = LINE('',#275,#276);
#275 = CARTESIAN_POINT('',(61.4,-11.,10.6));
#276 = VECTOR('',#277,1.);
#277 = DIRECTION('',(1.,0.,0.));
#278 = PCURVE('',#44,#279);
#279 = DEFINITIONAL_REPRESENTATION('',(#280),#284);
#280 = LINE('',#281,#282);
#281 = CARTESIAN_POINT('',(9.3,136.23989679892));
#282 = VECTOR('',#283,1.);
#283 = DIRECTION('',(0.,1.));
#284 = ( GEOMETRIC_REPRESENTATION_CONTEXT(2) 
PARAMETRIC_REPRESENTATION_CONTEXT() REPRESENTATION_CONTEXT('2D SPACE',''
  ) );
#285 = PCURVE('',#286,#291);
#286 = PLANE('',#287);
#287 = AXIS2_PLACEMENT_3D('',#288,#289,#290);
#288 = CARTESIAN_POINT('',(61.4,-11.,10.6));
#289 = DIRECTION('',(0.,0.,1.));
#290 = DIRECTION('',(1.,0.,0.));
#291 = DEFINITIONAL_REPRESENTATION('',(#292),#296);
#292 = LINE('',#293,#294);
#293 = CARTESIAN_POINT('',(0.,0.));
#294 = VECTOR('',#295,1.);
#295 = DIRECTION('',(1.,0.));
#296 = ( GEOMETRIC_REPRESENTATION_CONTEXT(2) 
PARAMETRIC_REPRESENTATION_CONTEXT() REPRESENTATION_CONTEXT('2D SPACE',''
  ) );
#297 = ORIENTED_EDGE('',*,*,#298,.T.);
#298 = EDGE_CURVE('',#271,#299,#301,.T.);
#299 = VERTEX_POINT('',#300);
#300 = CARTESIAN_POINT('',(61.4,-11.,13.826794919243));
#301 = SURFACE_CURVE('',#302,(#306,#313),.PCURVE_S1.);
#302 = LINE('',#303,#304);
#303 = CARTESIAN_POINT('',(61.4,-11.,10.6));
#304 = VECTOR('',#305,1.);
#305 = DIRECTION('',(0.,0.,1.));
#306 = PCURVE('',#44,#307);
#307 = DEFINITIONAL_REPRESENTATION('',(#308),#312);
#308 = LINE('',#309,#310);
#309 = CARTESIAN_POINT('',(9.3,136.23989679892));
#310 = VECTOR('',#311,1.);
#311 = DIRECTION('',(1.,0.));
#312 = ( GEOMETRIC_REPRESENTATION_CONTEXT(2) 
PARAMETRIC_REPRESENTATION_CONTEXT() REPRESENTATION_CONTEXT('2D SPACE',''
  ) );
#313 = PCURVE('',#314,#319);
#314 = PLANE('',#315);
#315 = AXIS2_PLACEMENT_3D('',#316,#317,#318);
#316 = CARTESIAN_POINT('',(61.4,-11.,10.6));
#317 = DIRECTION('',(1.,0.,0.));
#318 = DIRECTION('',(0.,0.,1.));
#319 = DEFINITIONAL_REPRESENTATION('',(#320),#324);
#320 = LINE('',#321,#322);
#321 = CARTESIAN_POINT('',(0.,0.));
#322 = VECTOR('',#323,1.);
#323 = DIRECTION('',(1.,0.));
#324 = ( GEOMETRIC_REPRESENTATION_CONTEXT(2) 
PARAMETRIC_REPRESENTATION_CONTEXT() REPRESENTATION_CONTEXT('2D SPACE',''
  ) );
#325 = ORIENTED_EDGE('',*,*,#326,.T.);
#326 = EDGE_CURVE('',#299,#327,#329,.T.);
#327 = VERTEX_POINT('',#328);
#328 = CARTESIAN_POINT('',(64.304293994002,-11.,12.15));
#329 = SURFACE_CURVE('',#330,(#334,#340),.PCURVE_S1.);
#330 = LINE('',#331,#332);
#331 = CARTESIAN_POINT('',(12.947169357418,-11.,41.801049733737));
#332 = VECTOR('',#333,1.);
#333 = DIRECTION('',(0.866025403784,0.,-0.5));
#334 = PCURVE('',#44,#335);
#335 = DEFINITIONAL_REPRESENTATION('',(#336),#339);
#336 = B_SPLINE_CURVE_WITH_KNOTS('',1,(#337,#338),.UNSPECIFIED.,.F.,.F.,
  (2,2),(55.775304548231,59.302099467474),.PIECEWISE_BEZIER_KNOTS.);
#337 = CARTESIAN_POINT('',(12.613397459622,136.08989679892));
#338 = CARTESIAN_POINT('',(10.85,139.14419079292));
#339 = ( GEOMETRIC_REPRESENTATION_CONTEXT(2) 
PARAMETRIC_REPRESENTATION_CONTEXT() REPRESENTATION_CONTEXT('2D SPACE',''
  ) );
#340 = PCURVE('',#341,#346);
#341 = PLANE('',#342);
#342 = AXIS2_PLACEMENT_3D('',#343,#344,#345);
#343 = CARTESIAN_POINT('',(61.25,9.3,13.913397459622));
#344 = DIRECTION('',(0.5,0.,0.866025403784));
#345 = DIRECTION('',(0.866025403784,0.,-0.5));
#346 = DEFINITIONAL_REPRESENTATION('',(#347),#350);
#347 = B_SPLINE_CURVE_WITH_KNOTS('',1,(#348,#349),.UNSPECIFIED.,.F.,.F.,
  (2,2),(55.775304548231,59.302099467474),.PIECEWISE_BEZIER_KNOTS.);
#348 = CARTESIAN_POINT('',(0.,-20.3));
#349 = CARTESIAN_POINT('',(3.526794919243,-20.3));
#350 = ( GEOMETRIC_REPRESENTATION_CONTEXT(2) 
PARAMETRIC_REPRESENTATION_CONTEXT() REPRESENTATION_CONTEXT('2D SPACE',''
  ) );
#351 = ORIENTED_EDGE('',*,*,#352,.T.);
#352 = EDGE_CURVE('',#327,#353,#355,.T.);
#353 = VERTEX_POINT('',#354);
#354 = CARTESIAN_POINT('',(64.989896798926,-11.,12.15));
#355 = SURFACE_CURVE('',#356,(#360,#366),.PCURVE_S1.);
#356 = LINE('',#357,#358);
#357 = CARTESIAN_POINT('',(-5.267801402462,-11.,12.15));
#358 = VECTOR('',#359,1.);
#359 = DIRECTION('',(1.,-0.,0.));
#360 = PCURVE('',#44,#361);
#361 = DEFINITIONAL_REPRESENTATION('',(#362),#365);
#362 = B_SPLINE_CURVE_WITH_KNOTS('',1,(#363,#364),.UNSPECIFIED.,.F.,.F.,
  (2,2),(69.572095396464,70.257698201388),.PIECEWISE_BEZIER_KNOTS.);
#363 = CARTESIAN_POINT('',(10.85,139.14419079292));
#364 = CARTESIAN_POINT('',(10.85,139.82979359785));
#365 = ( GEOMETRIC_REPRESENTATION_CONTEXT(2) 
PARAMETRIC_REPRESENTATION_CONTEXT() REPRESENTATION_CONTEXT('2D SPACE',''
  ) );
#366 = PCURVE('',#367,#372);
#367 = PLANE('',#368);
#368 = AXIS2_PLACEMENT_3D('',#369,#370,#371);
#369 = CARTESIAN_POINT('',(64.304293994002,9.3,12.15));
#370 = DIRECTION('',(-0.,0.,1.));
#371 = DIRECTION('',(1.,0.,0.));
#372 = DEFINITIONAL_REPRESENTATION('',(#373),#376);
#373 = B_SPLINE_CURVE_WITH_KNOTS('',1,(#374,#375),.UNSPECIFIED.,.F.,.F.,
  (2,2),(69.572095396464,70.257698201388),.PIECEWISE_BEZIER_KNOTS.);
#374 = CARTESIAN_POINT('',(0.,-20.3));
#375 = CARTESIAN_POINT('',(0.685602804924,-20.3));
#376 = ( GEOMETRIC_REPRESENTATION_CONTEXT(2) 
PARAMETRIC_REPRESENTATION_CONTEXT() REPRESENTATION_CONTEXT('2D SPACE',''
  ) );
#377 = ORIENTED_EDGE('',*,*,#378,.T.);
#378 = EDGE_CURVE('',#353,#379,#381,.T.);
#379 = VERTEX_POINT('',#380);
#380 = CARTESIAN_POINT('',(64.989896798926,-11.,23.85));
#381 = SURFACE_CURVE('',#382,(#386,#392),.PCURVE_S1.);
#382 = LINE('',#383,#384);
#383 = CARTESIAN_POINT('',(64.989896798926,-11.,6.725));
#384 = VECTOR('',#385,1.);
#385 = DIRECTION('',(0.,-0.,1.));
#386 = PCURVE('',#44,#387);
#387 = DEFINITIONAL_REPRESENTATION('',(#388),#391);
#388 = B_SPLINE_CURVE_WITH_KNOTS('',1,(#389,#390),.UNSPECIFIED.,.F.,.F.,
  (2,2),(5.425,17.125),.PIECEWISE_BEZIER_KNOTS.);
#389 = CARTESIAN_POINT('',(10.85,139.82979359785));
#390 = CARTESIAN_POINT('',(22.55,139.82979359785));
#391 = ( GEOMETRIC_REPRESENTATION_CONTEXT(2) 
PARAMETRIC_REPRESENTATION_CONTEXT() REPRESENTATION_CONTEXT('2D SPACE',''
  ) );
#392 = PCURVE('',#393,#398);
#393 = PLANE('',#394);
#394 = AXIS2_PLACEMENT_3D('',#395,#396,#397);
#395 = CARTESIAN_POINT('',(64.989896798926,9.3,12.15));
#396 = DIRECTION('',(-1.,0.,0.));
#397 = DIRECTION('',(0.,0.,1.));
#398 = DEFINITIONAL_REPRESENTATION('',(#399),#402);
#399 = B_SPLINE_CURVE_WITH_KNOTS('',1,(#400,#401),.UNSPECIFIED.,.F.,.F.,
  (2,2),(5.425,17.125),.PIECEWISE_BEZIER_KNOTS.);
#400 = CARTESIAN_POINT('',(0.,-20.3));
#401 = CARTESIAN_POINT('',(11.7,-20.3));
#402 = ( GEOMETRIC_REPRESENTATION_CONTEXT(2) 
PARAMETRIC_REPRESENTATION_CONTEXT() REPRESENTATION_CONTEXT('2D SPACE',''
  ) );
#403 = ORIENTED_EDGE('',*,*,#404,.T.);
#404 = EDGE_CURVE('',#379,#405,#407,.T.);
#405 = VERTEX_POINT('',#406);
#406 = CARTESIAN_POINT('',(63.078781403375,-11.,23.85));
#407 = SURFACE_CURVE('',#408,(#412,#418),.PCURVE_S1.);
#408 = LINE('',#409,#410);
#409 = CARTESIAN_POINT('',(-4.925,-11.,23.85));
#410 = VECTOR('',#411,1.);
#411 = DIRECTION('',(-1.,0.,1.858973920189E-15));
#412 = PCURVE('',#44,#413);
#413 = DEFINITIONAL_REPRESENTATION('',(#414),#417);
#414 = B_SPLINE_CURVE_WITH_KNOTS('',1,(#415,#416),.UNSPECIFIED.,.F.,.F.,
  (2,2),(-69.91489679892,-68.00378140337),.PIECEWISE_BEZIER_KNOTS.);
#415 = CARTESIAN_POINT('',(22.55,139.82979359785));
#416 = CARTESIAN_POINT('',(22.55,137.9186782023));
#417 = ( GEOMETRIC_REPRESENTATION_CONTEXT(2) 
PARAMETRIC_REPRESENTATION_CONTEXT() REPRESENTATION_CONTEXT('2D SPACE',''
  ) );
#418 = PCURVE('',#419,#424);
#419 = PLANE('',#420);
#420 = AXIS2_PLACEMENT_3D('',#421,#422,#423);
#421 = CARTESIAN_POINT('',(64.989896798926,9.3,23.85));
#422 = DIRECTION('',(-1.858973920189E-15,-0.,-1.));
#423 = DIRECTION('',(-1.,0.,1.858973920189E-15));
#424 = DEFINITIONAL_REPRESENTATION('',(#425),#428);
#425 = B_SPLINE_CURVE_WITH_KNOTS('',1,(#426,#427),.UNSPECIFIED.,.F.,.F.,
  (2,2),(-69.91489679892,-68.00378140337),.PIECEWISE_BEZIER_KNOTS.);
#426 = CARTESIAN_POINT('',(0.,-20.3));
#427 = CARTESIAN_POINT('',(1.911115395551,-20.3));
#428 = ( GEOMETRIC_REPRESENTATION_CONTEXT(2) 
PARAMETRIC_REPRESENTATION_CONTEXT() REPRESENTATION_CONTEXT('2D SPACE',''
  ) );
#429 = ORIENTED_EDGE('',*,*,#430,.T.);
#430 = EDGE_CURVE('',#405,#431,#433,.T.);
#431 = VERTEX_POINT('',#432);
#432 = CARTESIAN_POINT('',(61.4,-11.,22.209713985623));
#433 = SURFACE_CURVE('',#434,(#438,#444),.PCURVE_S1.);
#434 = LINE('',#435,#436);
#435 = CARTESIAN_POINT('',(22.16342795855,-11.,-16.12714168974));
#436 = VECTOR('',#437,1.);
#437 = DIRECTION('',(-0.715259879089,0.,-0.698858573222));
#438 = PCURVE('',#44,#439);
#439 = DEFINITIONAL_REPRESENTATION('',(#440),#443);
#440 = B_SPLINE_CURVE_WITH_KNOTS('',1,(#441,#442),.UNSPECIFIED.,.F.,.F.,
  (2,2),(-57.20347896061,-54.6466720477),.PIECEWISE_BEZIER_KNOTS.);
#441 = CARTESIAN_POINT('',(22.55,137.9186782023));
#442 = CARTESIAN_POINT('',(20.763153568846,136.08989679892));
#443 = ( GEOMETRIC_REPRESENTATION_CONTEXT(2) 
PARAMETRIC_REPRESENTATION_CONTEXT() REPRESENTATION_CONTEXT('2D SPACE',''
  ) );
#444 = PCURVE('',#445,#450);
#445 = PLANE('',#446);
#446 = AXIS2_PLACEMENT_3D('',#447,#448,#449);
#447 = CARTESIAN_POINT('',(63.078781403375,9.3,23.85));
#448 = DIRECTION('',(0.698858573222,0.,-0.715259879089));
#449 = DIRECTION('',(-0.715259879089,0.,-0.698858573222));
#450 = DEFINITIONAL_REPRESENTATION('',(#451),#454);
#451 = B_SPLINE_CURVE_WITH_KNOTS('',1,(#452,#453),.UNSPECIFIED.,.F.,.F.,
  (2,2),(-57.20347896061,-54.6466720477),.PIECEWISE_BEZIER_KNOTS.);
#452 = CARTESIAN_POINT('',(0.,-20.3));
#453 = CARTESIAN_POINT('',(2.556806912901,-20.3));
#454 = ( GEOMETRIC_REPRESENTATION_CONTEXT(2) 
PARAMETRIC_REPRESENTATION_CONTEXT() REPRESENTATION_CONTEXT('2D SPACE',''
  ) );
#455 = ORIENTED_EDGE('',*,*,#456,.T.);
#456 = EDGE_CURVE('',#431,#457,#459,.T.);
#457 = VERTEX_POINT('',#458);
#458 = CARTESIAN_POINT('',(61.4,-11.,25.4));
#459 = SURFACE_CURVE('',#460,(#464,#471),.PCURVE_S1.);
#460 = LINE('',#461,#462);
#461 = CARTESIAN_POINT('',(61.4,-11.,10.6));
#462 = VECTOR('',#463,1.);
#463 = DIRECTION('',(0.,0.,1.));
#464 = PCURVE('',#44,#465);
#465 = DEFINITIONAL_REPRESENTATION('',(#466),#470);
#466 = LINE('',#467,#468);
#467 = CARTESIAN_POINT('',(9.3,136.23989679892));
#468 = VECTOR('',#469,1.);
#469 = DIRECTION('',(1.,0.));
#470 = ( GEOMETRIC_REPRESENTATION_CONTEXT(2) 
PARAMETRIC_REPRESENTATION_CONTEXT() REPRESENTATION_CONTEXT('2D SPACE',''
  ) );
#471 = PCURVE('',#314,#472);
#472 = DEFINITIONAL_REPRESENTATION('',(#473),#477);
#473 = LINE('',#474,#475);
#474 = CARTESIAN_POINT('',(0.,0.));
#475 = VECTOR('',#476,1.);
#476 = DIRECTION('',(1.,0.));
#477 = ( GEOMETRIC_REPRESENTATION_CONTEXT(2) 
PARAMETRIC_REPRESENTATION_CONTEXT() REPRESENTATION_CONTEXT('2D SPACE',''
  ) );
#478 = ORIENTED_EDGE('',*,*,#479,.T.);
#479 = EDGE_CURVE('',#457,#480,#482,.T.);
#480 = VERTEX_POINT('',#481);
#481 = CARTESIAN_POINT('',(64.839896798926,-11.,25.4));
#482 = SURFACE_CURVE('',#483,(#487,#494),.PCURVE_S1.);
#483 = LINE('',#484,#485);
#484 = CARTESIAN_POINT('',(61.4,-11.,25.4));
#485 = VECTOR('',#486,1.);
#486 = DIRECTION('',(1.,0.,0.));
#487 = PCURVE('',#44,#488);
#488 = DEFINITIONAL_REPRESENTATION('',(#489),#493);
#489 = LINE('',#490,#491);
#490 = CARTESIAN_POINT('',(24.1,136.23989679892));
#491 = VECTOR('',#492,1.);
#492 = DIRECTION('',(0.,1.));
#493 = ( GEOMETRIC_REPRESENTATION_CONTEXT(2) 
PARAMETRIC_REPRESENTATION_CONTEXT() REPRESENTATION_CONTEXT('2D SPACE',''
  ) );
#494 = PCURVE('',#495,#500);
#495 = PLANE('',#496);
#496 = AXIS2_PLACEMENT_3D('',#497,#498,#499);
#497 = CARTESIAN_POINT('',(61.4,-11.,25.4));
#498 = DIRECTION('',(0.,0.,1.));
#499 = DIRECTION('',(1.,0.,0.));
#500 = DEFINITIONAL_REPRESENTATION('',(#501),#505);
#501 = LINE('',#502,#503);
#502 = CARTESIAN_POINT('',(0.,0.));
#503 = VECTOR('',#504,1.);
#504 = DIRECTION('',(1.,0.));
#505 = ( GEOMETRIC_REPRESENTATION_CONTEXT(2) 
PARAMETRIC_REPRESENTATION_CONTEXT() REPRESENTATION_CONTEXT('2D SPACE',''
  ) );
#506 = ORIENTED_EDGE('',*,*,#507,.T.);
#507 = EDGE_CURVE('',#480,#508,#510,.T.);
#508 = VERTEX_POINT('',#509);
#509 = CARTESIAN_POINT('',(64.839896798926,-11.,53.5));
#510 = SURFACE_CURVE('',#511,(#515,#522),.PCURVE_S1.);
#511 = LINE('',#512,#513);
#512 = CARTESIAN_POINT('',(64.839896798926,-11.,-5.));
#513 = VECTOR('',#514,1.);
#514 = DIRECTION('',(0.,0.,1.));
#515 = PCURVE('',#44,#516);
#516 = DEFINITIONAL_REPRESENTATION('',(#517),#521);
#517 = LINE('',#518,#519);
#518 = CARTESIAN_POINT('',(-6.3,139.67979359785));
#519 = VECTOR('',#520,1.);
#520 = DIRECTION('',(1.,0.));
#521 = ( GEOMETRIC_REPRESENTATION_CONTEXT(2) 
PARAMETRIC_REPRESENTATION_CONTEXT() REPRESENTATION_CONTEXT('2D SPACE',''
  ) );
#522 = PCURVE('',#523,#528);
#523 = PLANE('',#524);
#524 = AXIS2_PLACEMENT_3D('',#525,#526,#527);
#525 = CARTESIAN_POINT('',(64.839896798926,-11.,-5.));
#526 = DIRECTION('',(1.,0.,0.));
#527 = DIRECTION('',(0.,0.,1.));
#528 = DEFINITIONAL_REPRESENTATION('',(#529),#533);
#529 = LINE('',#530,#531);
#530 = CARTESIAN_POINT('',(0.,0.));
#531 = VECTOR('',#532,1.);
#532 = DIRECTION('',(1.,0.));
#533 = ( GEOMETRIC_REPRESENTATION_CONTEXT(2) 
PARAMETRIC_REPRESENTATION_CONTEXT() REPRESENTATION_CONTEXT('2D SPACE',''
  ) );
#534 = ORIENTED_EDGE('',*,*,#535,.F.);
#535 = EDGE_CURVE('',#536,#508,#538,.T.);
#536 = VERTEX_POINT('',#537);
#537 = CARTESIAN_POINT('',(-64.83989679892,-11.,53.5));
#538 = SURFACE_CURVE('',#539,(#543,#550),.PCURVE_S1.);
#539 = LINE('',#540,#541);
#540 = CARTESIAN_POINT('',(-64.83989679892,-11.,53.5));
#541 = VECTOR('',#542,1.);
#542 = DIRECTION('',(1.,0.,0.));
#543 = PCURVE('',#44,#544);
#544 = DEFINITIONAL_REPRESENTATION('',(#545),#549);
#545 = LINE('',#546,#547);
#546 = CARTESIAN_POINT('',(52.2,10.));
#547 = VECTOR('',#548,1.);
#548 = DIRECTION('',(0.,1.));
#549 = ( GEOMETRIC_REPRESENTATION_CONTEXT(2) 
PARAMETRIC_REPRESENTATION_CONTEXT() REPRESENTATION_CONTEXT('2D SPACE',''
  ) );
#550 = PCURVE('',#551,#556);
#551 = PLANE('',#552);
#552 = AXIS2_PLACEMENT_3D('',#553,#554,#555);
#553 = CARTESIAN_POINT('',(-64.83989679892,-11.,53.5));
#554 = DIRECTION('',(0.,0.,1.));
#555 = DIRECTION('',(1.,0.,0.));
#556 = DEFINITIONAL_REPRESENTATION('',(#557),#561);
#557 = LINE('',#558,#559);
#558 = CARTESIAN_POINT('',(0.,0.));
#559 = VECTOR('',#560,1.);
#560 = DIRECTION('',(1.,0.));
#561 = ( GEOMETRIC_REPRESENTATION_CONTEXT(2) 
PARAMETRIC_REPRESENTATION_CONTEXT() REPRESENTATION_CONTEXT('2D SPACE',''
  ) );
#562 = ORIENTED_EDGE('',*,*,#563,.F.);
#563 = EDGE_CURVE('',#564,#536,#566,.T.);
#564 = VERTEX_POINT('',#565);
#565 = CARTESIAN_POINT('',(-64.83989679892,-11.,25.4));
#566 = SURFACE_CURVE('',#567,(#571,#578),.PCURVE_S1.);
#567 = LINE('',#568,#569);
#568 = CARTESIAN_POINT('',(-64.83989679892,-11.,1.3));
#569 = VECTOR('',#570,1.);
#570 = DIRECTION('',(0.,0.,1.));
#571 = PCURVE('',#44,#572);
#572 = DEFINITIONAL_REPRESENTATION('',(#573),#577);
#573 = LINE('',#574,#575);
#574 = CARTESIAN_POINT('',(0.,10.));
#575 = VECTOR('',#576,1.);
#576 = DIRECTION('',(1.,0.));
#577 = ( GEOMETRIC_REPRESENTATION_CONTEXT(2) 
PARAMETRIC_REPRESENTATION_CONTEXT() REPRESENTATION_CONTEXT('2D SPACE',''
  ) );
#578 = PCURVE('',#579,#584);
#579 = PLANE('',#580);
#580 = AXIS2_PLACEMENT_3D('',#581,#582,#583);
#581 = CARTESIAN_POINT('',(-64.83989679892,-11.,1.3));
#582 = DIRECTION('',(1.,0.,0.));
#583 = DIRECTION('',(0.,0.,1.));
#584 = DEFINITIONAL_REPRESENTATION('',(#585),#589);
#585 = LINE('',#586,#587);
#586 = CARTESIAN_POINT('',(0.,0.));
#587 = VECTOR('',#588,1.);
#588 = DIRECTION('',(1.,0.));
#589 = ( GEOMETRIC_REPRESENTATION_CONTEXT(2) 
PARAMETRIC_REPRESENTATION_CONTEXT() REPRESENTATION_CONTEXT('2D SPACE',''
  ) );
#590 = ORIENTED_EDGE('',*,*,#591,.T.);
#591 = EDGE_CURVE('',#564,#592,#594,.T.);
#592 = VERTEX_POINT('',#593);
#593 = CARTESIAN_POINT('',(-61.4,-11.,25.4));
#594 = SURFACE_CURVE('',#595,(#599,#606),.PCURVE_S1.);
#595 = LINE('',#596,#597);
#596 = CARTESIAN_POINT('',(-65.33989679892,-11.,25.4));
#597 = VECTOR('',#598,1.);
#598 = DIRECTION('',(1.,0.,0.));
#599 = PCURVE('',#44,#600);
#600 = DEFINITIONAL_REPRESENTATION('',(#601),#605);
#601 = LINE('',#602,#603);
#602 = CARTESIAN_POINT('',(24.1,9.5));
#603 = VECTOR('',#604,1.);
#604 = DIRECTION('',(0.,1.));
#605 = ( GEOMETRIC_REPRESENTATION_CONTEXT(2) 
PARAMETRIC_REPRESENTATION_CONTEXT() REPRESENTATION_CONTEXT('2D SPACE',''
  ) );
#606 = PCURVE('',#607,#612);
#607 = PLANE('',#608);
#608 = AXIS2_PLACEMENT_3D('',#609,#610,#611);
#609 = CARTESIAN_POINT('',(-65.33989679892,-11.,25.4));
#610 = DIRECTION('',(0.,0.,1.));
#611 = DIRECTION('',(1.,0.,0.));
#612 = DEFINITIONAL_REPRESENTATION('',(#613),#617);
#613 = LINE('',#614,#615);
#614 = CARTESIAN_POINT('',(0.,0.));
#615 = VECTOR('',#616,1.);
#616 = DIRECTION('',(1.,0.));
#617 = ( GEOMETRIC_REPRESENTATION_CONTEXT(2) 
PARAMETRIC_REPRESENTATION_CONTEXT() REPRESENTATION_CONTEXT('2D SPACE',''
  ) );
#618 = ORIENTED_EDGE('',*,*,#619,.F.);
#619 = EDGE_CURVE('',#620,#592,#622,.T.);
#620 = VERTEX_POINT('',#621);
#621 = CARTESIAN_POINT('',(-61.4,-11.,22.209713985623));
#622 = SURFACE_CURVE('',#623,(#627,#634),.PCURVE_S1.);
#623 = LINE('',#624,#625);
#624 = CARTESIAN_POINT('',(-61.4,-11.,12.3));
#625 = VECTOR('',#626,1.);
#626 = DIRECTION('',(0.,0.,1.));
#627 = PCURVE('',#44,#628);
#628 = DEFINITIONAL_REPRESENTATION('',(#629),#633);
#629 = LINE('',#630,#631);
#630 = CARTESIAN_POINT('',(11.,13.439896798926));
#631 = VECTOR('',#632,1.);
#632 = DIRECTION('',(1.,0.));
#633 = ( GEOMETRIC_REPRESENTATION_CONTEXT(2) 
PARAMETRIC_REPRESENTATION_CONTEXT() REPRESENTATION_CONTEXT('2D SPACE',''
  ) );
#634 = PCURVE('',#635,#640);
#635 = PLANE('',#636);
#636 = AXIS2_PLACEMENT_3D('',#637,#638,#639);
#637 = CARTESIAN_POINT('',(-61.4,-11.,12.3));
#638 = DIRECTION('',(1.,0.,0.));
#639 = DIRECTION('',(0.,0.,1.));
#640 = DEFINITIONAL_REPRESENTATION('',(#641),#645);
#641 = LINE('',#642,#643);
#642 = CARTESIAN_POINT('',(0.,0.));
#643 = VECTOR('',#644,1.);
#644 = DIRECTION('',(1.,0.));
#645 = ( GEOMETRIC_REPRESENTATION_CONTEXT(2) 
PARAMETRIC_REPRESENTATION_CONTEXT() REPRESENTATION_CONTEXT('2D SPACE',''
  ) );
#646 = ORIENTED_EDGE('',*,*,#647,.F.);
#647 = EDGE_CURVE('',#648,#620,#650,.T.);
#648 = VERTEX_POINT('',#649);
#649 = CARTESIAN_POINT('',(-63.07878140337,-11.,23.85));
#650 = SURFACE_CURVE('',#651,(#655,#661),.PCURVE_S1.);
#651 = LINE('',#652,#653);
#652 = CARTESIAN_POINT('',(-60.45127178764,-11.,21.282740637544));
#653 = VECTOR('',#654,1.);
#654 = DIRECTION('',(0.715259879089,0.,-0.698858573222));
#655 = PCURVE('',#44,#656);
#656 = DEFINITIONAL_REPRESENTATION('',(#657),#660);
#657 = B_SPLINE_CURVE_WITH_KNOTS('',1,(#658,#659),.UNSPECIFIED.,.F.,.F.,
  (2,2),(-3.673503425192,-1.116696512291),.PIECEWISE_BEZIER_KNOTS.);
#658 = CARTESIAN_POINT('',(22.55,11.761115395551));
#659 = CARTESIAN_POINT('',(20.763153568846,13.589896798926));
#660 = ( GEOMETRIC_REPRESENTATION_CONTEXT(2) 
PARAMETRIC_REPRESENTATION_CONTEXT() REPRESENTATION_CONTEXT('2D SPACE',''
  ) );
#661 = PCURVE('',#662,#667);
#662 = PLANE('',#663);
#663 = AXIS2_PLACEMENT_3D('',#664,#665,#666);
#664 = CARTESIAN_POINT('',(-63.07878140337,9.3,23.85));
#665 = DIRECTION('',(-0.698858573222,-0.,-0.715259879089));
#666 = DIRECTION('',(-0.715259879089,-0.,0.698858573222));
#667 = DEFINITIONAL_REPRESENTATION('',(#668),#671);
#668 = B_SPLINE_CURVE_WITH_KNOTS('',1,(#669,#670),.UNSPECIFIED.,.F.,.F.,
  (2,2),(-3.673503425192,-1.116696512291),.PIECEWISE_BEZIER_KNOTS.);
#669 = CARTESIAN_POINT('',(0.,-20.3));
#670 = CARTESIAN_POINT('',(-2.556806912901,-20.3));
#671 = ( GEOMETRIC_REPRESENTATION_CONTEXT(2) 
PARAMETRIC_REPRESENTATION_CONTEXT() REPRESENTATION_CONTEXT('2D SPACE',''
  ) );
#672 = ORIENTED_EDGE('',*,*,#673,.F.);
#673 = EDGE_CURVE('',#674,#648,#676,.T.);
#674 = VERTEX_POINT('',#675);
#675 = CARTESIAN_POINT('',(-64.98989679892,-11.,23.85));
#676 = SURFACE_CURVE('',#677,(#681,#687),.PCURVE_S1.);
#677 = LINE('',#678,#679);
#678 = CARTESIAN_POINT('',(-69.91489679892,-11.,23.85));
#679 = VECTOR('',#680,1.);
#680 = DIRECTION('',(1.,-0.,1.858973920189E-15));
#681 = PCURVE('',#44,#682);
#682 = DEFINITIONAL_REPRESENTATION('',(#683),#686);
#683 = B_SPLINE_CURVE_WITH_KNOTS('',1,(#684,#685),.UNSPECIFIED.,.F.,.F.,
  (2,2),(4.925,6.836115395551),.PIECEWISE_BEZIER_KNOTS.);
#684 = CARTESIAN_POINT('',(22.55,9.85));
#685 = CARTESIAN_POINT('',(22.55,11.761115395551));
#686 = ( GEOMETRIC_REPRESENTATION_CONTEXT(2) 
PARAMETRIC_REPRESENTATION_CONTEXT() REPRESENTATION_CONTEXT('2D SPACE',''
  ) );
#687 = PCURVE('',#688,#693);
#688 = PLANE('',#689);
#689 = AXIS2_PLACEMENT_3D('',#690,#691,#692);
#690 = CARTESIAN_POINT('',(-64.98989679892,9.3,23.85));
#691 = DIRECTION('',(1.858973920189E-15,-0.,-1.));
#692 = DIRECTION('',(-1.,0.,-1.858973920189E-15));
#693 = DEFINITIONAL_REPRESENTATION('',(#694),#697);
#694 = B_SPLINE_CURVE_WITH_KNOTS('',1,(#695,#696),.UNSPECIFIED.,.F.,.F.,
  (2,2),(4.925,6.836115395551),.PIECEWISE_BEZIER_KNOTS.);
#695 = CARTESIAN_POINT('',(0.,-20.3));
#696 = CARTESIAN_POINT('',(-1.911115395551,-20.3));
#697 = ( GEOMETRIC_REPRESENTATION_CONTEXT(2) 
PARAMETRIC_REPRESENTATION_CONTEXT() REPRESENTATION_CONTEXT('2D SPACE',''
  ) );
#698 = ORIENTED_EDGE('',*,*,#699,.F.);
#699 = EDGE_CURVE('',#700,#674,#702,.T.);
#700 = VERTEX_POINT('',#701);
#701 = CARTESIAN_POINT('',(-64.98989679892,-11.,12.15));
#702 = SURFACE_CURVE('',#703,(#707,#713),.PCURVE_S1.);
#703 = LINE('',#704,#705);
#704 = CARTESIAN_POINT('',(-64.98989679892,-11.,6.725));
#705 = VECTOR('',#706,1.);
#706 = DIRECTION('',(0.,-0.,1.));
#707 = PCURVE('',#44,#708);
#708 = DEFINITIONAL_REPRESENTATION('',(#709),#712);
#709 = B_SPLINE_CURVE_WITH_KNOTS('',1,(#710,#711),.UNSPECIFIED.,.F.,.F.,
  (2,2),(5.425,17.125),.PIECEWISE_BEZIER_KNOTS.);
#710 = CARTESIAN_POINT('',(10.85,9.85));
#711 = CARTESIAN_POINT('',(22.55,9.85));
#712 = ( GEOMETRIC_REPRESENTATION_CONTEXT(2) 
PARAMETRIC_REPRESENTATION_CONTEXT() REPRESENTATION_CONTEXT('2D SPACE',''
  ) );
#713 = PCURVE('',#714,#719);
#714 = PLANE('',#715);
#715 = AXIS2_PLACEMENT_3D('',#716,#717,#718);
#716 = CARTESIAN_POINT('',(-64.98989679892,9.3,12.15));
#717 = DIRECTION('',(1.,-0.,-0.));
#718 = DIRECTION('',(0.,0.,-1.));
#719 = DEFINITIONAL_REPRESENTATION('',(#720),#723);
#720 = B_SPLINE_CURVE_WITH_KNOTS('',1,(#721,#722),.UNSPECIFIED.,.F.,.F.,
  (2,2),(5.425,17.125),.PIECEWISE_BEZIER_KNOTS.);
#721 = CARTESIAN_POINT('',(0.,-20.3));
#722 = CARTESIAN_POINT('',(-11.7,-20.3));
#723 = ( GEOMETRIC_REPRESENTATION_CONTEXT(2) 
PARAMETRIC_REPRESENTATION_CONTEXT() REPRESENTATION_CONTEXT('2D SPACE',''
  ) );
#724 = ORIENTED_EDGE('',*,*,#725,.F.);
#725 = EDGE_CURVE('',#726,#700,#728,.T.);
#726 = VERTEX_POINT('',#727);
#727 = CARTESIAN_POINT('',(-64.304293994,-11.,12.15));
#728 = SURFACE_CURVE('',#729,(#733,#739),.PCURVE_S1.);
#729 = LINE('',#730,#731);
#730 = CARTESIAN_POINT('',(-69.57209539646,-11.,12.15));
#731 = VECTOR('',#732,1.);
#732 = DIRECTION('',(-1.,0.,0.));
#733 = PCURVE('',#44,#734);
#734 = DEFINITIONAL_REPRESENTATION('',(#735),#738);
#735 = B_SPLINE_CURVE_WITH_KNOTS('',1,(#736,#737),.UNSPECIFIED.,.F.,.F.,
  (2,2),(-5.267801402462,-4.582198597538),.PIECEWISE_BEZIER_KNOTS.);
#736 = CARTESIAN_POINT('',(10.85,10.535602804924));
#737 = CARTESIAN_POINT('',(10.85,9.85));
#738 = ( GEOMETRIC_REPRESENTATION_CONTEXT(2) 
PARAMETRIC_REPRESENTATION_CONTEXT() REPRESENTATION_CONTEXT('2D SPACE',''
  ) );
#739 = PCURVE('',#740,#745);
#740 = PLANE('',#741);
#741 = AXIS2_PLACEMENT_3D('',#742,#743,#744);
#742 = CARTESIAN_POINT('',(-64.304293994,9.3,12.15));
#743 = DIRECTION('',(-0.,-0.,1.));
#744 = DIRECTION('',(1.,0.,0.));
#745 = DEFINITIONAL_REPRESENTATION('',(#746),#749);
#746 = B_SPLINE_CURVE_WITH_KNOTS('',1,(#747,#748),.UNSPECIFIED.,.F.,.F.,
  (2,2),(-5.267801402462,-4.582198597538),.PIECEWISE_BEZIER_KNOTS.);
#747 = CARTESIAN_POINT('',(0.,-20.3));
#748 = CARTESIAN_POINT('',(-0.685602804924,-20.3));
#749 = ( GEOMETRIC_REPRESENTATION_CONTEXT(2) 
PARAMETRIC_REPRESENTATION_CONTEXT() REPRESENTATION_CONTEXT('2D SPACE',''
  ) );
#750 = ORIENTED_EDGE('',*,*,#751,.F.);
#751 = EDGE_CURVE('',#752,#726,#754,.T.);
#752 = VERTEX_POINT('',#753);
#753 = CARTESIAN_POINT('',(-61.4,-11.,13.826794919243));
#754 = SURFACE_CURVE('',#755,(#759,#765),.PCURVE_S1.);
#755 = LINE('',#756,#757);
#756 = CARTESIAN_POINT('',(-69.07709195661,-11.,9.394423811499));
#757 = VECTOR('',#758,1.);
#758 = DIRECTION('',(-0.866025403784,0.,-0.5));
#759 = PCURVE('',#44,#760);
#760 = DEFINITIONAL_REPRESENTATION('',(#761),#764);
#761 = B_SPLINE_CURVE_WITH_KNOTS('',1,(#762,#763),.UNSPECIFIED.,.F.,.F.,
  (2,2),(-9.037947296245,-5.511152377002),.PIECEWISE_BEZIER_KNOTS.);
#762 = CARTESIAN_POINT('',(12.613397459622,13.589896798926));
#763 = CARTESIAN_POINT('',(10.85,10.535602804924));
#764 = ( GEOMETRIC_REPRESENTATION_CONTEXT(2) 
PARAMETRIC_REPRESENTATION_CONTEXT() REPRESENTATION_CONTEXT('2D SPACE',''
  ) );
#765 = PCURVE('',#766,#771);
#766 = PLANE('',#767);
#767 = AXIS2_PLACEMENT_3D('',#768,#769,#770);
#768 = CARTESIAN_POINT('',(-61.25,9.3,13.913397459622));
#769 = DIRECTION('',(-0.5,-0.,0.866025403784));
#770 = DIRECTION('',(0.866025403784,0.,0.5));
#771 = DEFINITIONAL_REPRESENTATION('',(#772),#775);
#772 = B_SPLINE_CURVE_WITH_KNOTS('',1,(#773,#774),.UNSPECIFIED.,.F.,.F.,
  (2,2),(-9.037947296245,-5.511152377002),.PIECEWISE_BEZIER_KNOTS.);
#773 = CARTESIAN_POINT('',(0.,-20.3));
#774 = CARTESIAN_POINT('',(-3.526794919243,-20.3));
#775 = ( GEOMETRIC_REPRESENTATION_CONTEXT(2) 
PARAMETRIC_REPRESENTATION_CONTEXT() REPRESENTATION_CONTEXT('2D SPACE',''
  ) );
#776 = ORIENTED_EDGE('',*,*,#777,.F.);
#777 = EDGE_CURVE('',#778,#752,#780,.T.);
#778 = VERTEX_POINT('',#779);
#779 = CARTESIAN_POINT('',(-61.4,-11.,12.3));
#780 = SURFACE_CURVE('',#781,(#785,#792),.PCURVE_S1.);
#781 = LINE('',#782,#783);
#782 = CARTESIAN_POINT('',(-61.4,-11.,12.3));
#783 = VECTOR('',#784,1.);
#784 = DIRECTION('',(0.,0.,1.));
#785 = PCURVE('',#44,#786);
#786 = DEFINITIONAL_REPRESENTATION('',(#787),#791);
#787 = LINE('',#788,#789);
#788 = CARTESIAN_POINT('',(11.,13.439896798926));
#789 = VECTOR('',#790,1.);
#790 = DIRECTION('',(1.,0.));
#791 = ( GEOMETRIC_REPRESENTATION_CONTEXT(2) 
PARAMETRIC_REPRESENTATION_CONTEXT() REPRESENTATION_CONTEXT('2D SPACE',''
  ) );
#792 = PCURVE('',#635,#793);
#793 = DEFINITIONAL_REPRESENTATION('',(#794),#798);
#794 = LINE('',#795,#796);
#795 = CARTESIAN_POINT('',(0.,0.));
#796 = VECTOR('',#797,1.);
#797 = DIRECTION('',(1.,0.));
#798 = ( GEOMETRIC_REPRESENTATION_CONTEXT(2) 
PARAMETRIC_REPRESENTATION_CONTEXT() REPRESENTATION_CONTEXT('2D SPACE',''
  ) );
#799 = ORIENTED_EDGE('',*,*,#800,.F.);
#800 = EDGE_CURVE('',#801,#778,#803,.T.);
#801 = VERTEX_POINT('',#802);
#802 = CARTESIAN_POINT('',(-61.9,-11.,12.3));
#803 = SURFACE_CURVE('',#804,(#808,#815),.PCURVE_S1.);
#804 = LINE('',#805,#806);
#805 = CARTESIAN_POINT('',(-65.33989679892,-11.,12.3));
#806 = VECTOR('',#807,1.);
#807 = DIRECTION('',(1.,0.,0.));
#808 = PCURVE('',#44,#809);
#809 = DEFINITIONAL_REPRESENTATION('',(#810),#814);
#810 = LINE('',#811,#812);
#811 = CARTESIAN_POINT('',(11.,9.5));
#812 = VECTOR('',#813,1.);
#813 = DIRECTION('',(0.,1.));
#814 = ( GEOMETRIC_REPRESENTATION_CONTEXT(2) 
PARAMETRIC_REPRESENTATION_CONTEXT() REPRESENTATION_CONTEXT('2D SPACE',''
  ) );
#815 = PCURVE('',#816,#821);
#816 = PLANE('',#817);
#817 = AXIS2_PLACEMENT_3D('',#818,#819,#820);
#818 = CARTESIAN_POINT('',(-65.33989679892,-11.,12.3));
#819 = DIRECTION('',(0.,0.,1.));
#820 = DIRECTION('',(1.,0.,0.));
#821 = DEFINITIONAL_REPRESENTATION('',(#822),#826);
#822 = LINE('',#823,#824);
#823 = CARTESIAN_POINT('',(0.,0.));
#824 = VECTOR('',#825,1.);
#825 = DIRECTION('',(1.,0.));
#826 = ( GEOMETRIC_REPRESENTATION_CONTEXT(2) 
PARAMETRIC_REPRESENTATION_CONTEXT() REPRESENTATION_CONTEXT('2D SPACE',''
  ) );
#827 = ORIENTED_EDGE('',*,*,#828,.F.);
#828 = EDGE_CURVE('',#142,#801,#829,.T.);
#829 = SURFACE_CURVE('',#830,(#834,#841),.PCURVE_S1.);
#830 = LINE('',#831,#832);
#831 = CARTESIAN_POINT('',(-61.9,-11.,1.3));
#832 = VECTOR('',#833,1.);
#833 = DIRECTION('',(0.,0.,1.));
#834 = PCURVE('',#44,#835);
#835 = DEFINITIONAL_REPRESENTATION('',(#836),#840);
#836 = LINE('',#837,#838);
#837 = CARTESIAN_POINT('',(0.,12.939896798926));
#838 = VECTOR('',#839,1.);
#839 = DIRECTION('',(1.,0.));
#840 = ( GEOMETRIC_REPRESENTATION_CONTEXT(2) 
PARAMETRIC_REPRESENTATION_CONTEXT() REPRESENTATION_CONTEXT('2D SPACE',''
  ) );
#841 = PCURVE('',#842,#847);
#842 = PLANE('',#843);
#843 = AXIS2_PLACEMENT_3D('',#844,#845,#846);
#844 = CARTESIAN_POINT('',(-61.9,-11.,1.3));
#845 = DIRECTION('',(1.,0.,0.));
#846 = DIRECTION('',(0.,0.,1.));
#847 = DEFINITIONAL_REPRESENTATION('',(#848),#852);
#848 = LINE('',#849,#850);
#849 = CARTESIAN_POINT('',(0.,0.));
#850 = VECTOR('',#851,1.);
#851 = DIRECTION('',(1.,0.));
#852 = ( GEOMETRIC_REPRESENTATION_CONTEXT(2) 
PARAMETRIC_REPRESENTATION_CONTEXT() REPRESENTATION_CONTEXT('2D SPACE',''
  ) );
#853 = FACE_BOUND('',#854,.F.);
#854 = EDGE_LOOP('',(#855));
#855 = ORIENTED_EDGE('',*,*,#856,.T.);
#856 = EDGE_CURVE('',#857,#857,#859,.T.);
#857 = VERTEX_POINT('',#858);
#858 = CARTESIAN_POINT('',(2.05,-11.,58.5));
#859 = SURFACE_CURVE('',#860,(#865,#876),.PCURVE_S1.);
#860 = CIRCLE('',#861,2.05);
#861 = AXIS2_PLACEMENT_3D('',#862,#863,#864);
#862 = CARTESIAN_POINT('',(0.,-11.,58.5));
#863 = DIRECTION('',(0.,-1.,1.110223024625E-16));
#864 = DIRECTION('',(1.,0.,0.));
#865 = PCURVE('',#44,#866);
#866 = DEFINITIONAL_REPRESENTATION('',(#867),#875);
#867 = ( BOUNDED_CURVE() B_SPLINE_CURVE(2,(#868,#869,#870,#871,#872,#873
,#874),.UNSPECIFIED.,.T.,.F.) B_SPLINE_CURVE_WITH_KNOTS((1,2,2,2,2,1),(
    -2.094395102393,0.,2.094395102393,4.188790204786,6.28318530718,
8.377580409573),.UNSPECIFIED.) CURVE() GEOMETRIC_REPRESENTATION_ITEM() 
RATIONAL_B_SPLINE_CURVE((1.,0.5,1.,0.5,1.,0.5,1.)) REPRESENTATION_ITEM(
  '') );
#868 = CARTESIAN_POINT('',(57.2,76.889896798926));
#869 = CARTESIAN_POINT('',(60.750704155516,76.889896798926));
#870 = CARTESIAN_POINT('',(58.975352077758,73.814896798926));
#871 = CARTESIAN_POINT('',(57.2,70.739896798926));
#872 = CARTESIAN_POINT('',(55.424647922242,73.814896798926));
#873 = CARTESIAN_POINT('',(53.649295844484,76.889896798926));
#874 = CARTESIAN_POINT('',(57.2,76.889896798926));
#875 = ( GEOMETRIC_REPRESENTATION_CONTEXT(2) 
PARAMETRIC_REPRESENTATION_CONTEXT() REPRESENTATION_CONTEXT('2D SPACE',''
  ) );
#876 = PCURVE('',#877,#882);
#877 = CYLINDRICAL_SURFACE('',#878,2.05);
#878 = AXIS2_PLACEMENT_3D('',#879,#880,#881);
#879 = CARTESIAN_POINT('',(0.,-9.,58.5));
#880 = DIRECTION('',(-0.,1.,-1.110223024625E-16));
#881 = DIRECTION('',(1.,0.,0.));
#882 = DEFINITIONAL_REPRESENTATION('',(#883),#887);
#883 = LINE('',#884,#885);
#884 = CARTESIAN_POINT('',(-0.,-2.));
#885 = VECTOR('',#886,1.);
#886 = DIRECTION('',(-1.,0.));
#887 = ( GEOMETRIC_REPRESENTATION_CONTEXT(2) 
PARAMETRIC_REPRESENTATION_CONTEXT() REPRESENTATION_CONTEXT('2D SPACE',''
  ) );
#888 = FACE_BOUND('',#889,.F.);
#889 = EDGE_LOOP('',(#890));
#890 = ORIENTED_EDGE('',*,*,#891,.F.);
#891 = EDGE_CURVE('',#892,#892,#894,.T.);
#892 = VERTEX_POINT('',#893);
#893 = CARTESIAN_POINT('',(18.6,-11.,59.35));
#894 = SURFACE_CURVE('',#895,(#900,#907),.PCURVE_S1.);
#895 = CIRCLE('',#896,1.65);
#896 = AXIS2_PLACEMENT_3D('',#897,#898,#899);
#897 = CARTESIAN_POINT('',(16.95,-11.,59.35));
#898 = DIRECTION('',(-0.,1.,1.110223024625E-16));
#899 = DIRECTION('',(1.,0.,0.));
#900 = PCURVE('',#44,#901);
#901 = DEFINITIONAL_REPRESENTATION('',(#902),#906);
#902 = CIRCLE('',#903,1.65);
#903 = AXIS2_PLACEMENT_2D('',#904,#905);
#904 = CARTESIAN_POINT('',(58.05,91.789896798926));
#905 = DIRECTION('',(0.,1.));
#906 = ( GEOMETRIC_REPRESENTATION_CONTEXT(2) 
PARAMETRIC_REPRESENTATION_CONTEXT() REPRESENTATION_CONTEXT('2D SPACE',''
  ) );
#907 = PCURVE('',#908,#913);
#908 = CYLINDRICAL_SURFACE('',#909,1.65);
#909 = AXIS2_PLACEMENT_3D('',#910,#911,#912);
#910 = CARTESIAN_POINT('',(16.95,-11.,59.35));
#911 = DIRECTION('',(-0.,-1.,-1.110223024625E-16));
#912 = DIRECTION('',(1.,0.,0.));
#913 = DEFINITIONAL_REPRESENTATION('',(#914),#918);
#914 = LINE('',#915,#916);
#915 = CARTESIAN_POINT('',(-0.,0.));
#916 = VECTOR('',#917,1.);
#917 = DIRECTION('',(-1.,0.));
#918 = ( GEOMETRIC_REPRESENTATION_CONTEXT(2) 
PARAMETRIC_REPRESENTATION_CONTEXT() REPRESENTATION_CONTEXT('2D SPACE',''
  ) );
#919 = FACE_BOUND('',#920,.F.);
#920 = EDGE_LOOP('',(#921));
#921 = ORIENTED_EDGE('',*,*,#922,.T.);
#922 = EDGE_CURVE('',#923,#923,#925,.T.);
#923 = VERTEX_POINT('',#924);
#924 = CARTESIAN_POINT('',(68.4,-11.,10.));
#925 = SURFACE_CURVE('',#926,(#931,#942),.PCURVE_S1.);
#926 = CIRCLE('',#927,1.2);
#927 = AXIS2_PLACEMENT_3D('',#928,#929,#930);
#928 = CARTESIAN_POINT('',(67.2,-11.,10.));
#929 = DIRECTION('',(0.,-1.,-1.110223024625E-16));
#930 = DIRECTION('',(1.,-0.,0.));
#931 = PCURVE('',#44,#932);
#932 = DEFINITIONAL_REPRESENTATION('',(#933),#941);
#933 = ( BOUNDED_CURVE() B_SPLINE_CURVE(2,(#934,#935,#936,#937,#938,#939
,#940),.UNSPECIFIED.,.T.,.F.) B_SPLINE_CURVE_WITH_KNOTS((1,2,2,2,2,1),(
    -2.094395102393,0.,2.094395102393,4.188790204786,6.28318530718,
8.377580409573),.UNSPECIFIED.) CURVE() GEOMETRIC_REPRESENTATION_ITEM() 
RATIONAL_B_SPLINE_CURVE((1.,0.5,1.,0.5,1.,0.5,1.)) REPRESENTATION_ITEM(
  '') );
#934 = CARTESIAN_POINT('',(8.7,143.23989679892));
#935 = CARTESIAN_POINT('',(10.778460969083,143.23989679892));
#936 = CARTESIAN_POINT('',(9.739230484541,141.43989679892));
#937 = CARTESIAN_POINT('',(8.7,139.63989679892));
#938 = CARTESIAN_POINT('',(7.660769515459,141.43989679892));
#939 = CARTESIAN_POINT('',(6.621539030917,143.23989679892));
#940 = CARTESIAN_POINT('',(8.7,143.23989679892));
#941 = ( GEOMETRIC_REPRESENTATION_CONTEXT(2) 
PARAMETRIC_REPRESENTATION_CONTEXT() REPRESENTATION_CONTEXT('2D SPACE',''
  ) );
#942 = PCURVE('',#943,#948);
#943 = CYLINDRICAL_SURFACE('',#944,1.2);
#944 = AXIS2_PLACEMENT_3D('',#945,#946,#947);
#945 = CARTESIAN_POINT('',(67.2,-12.,10.));
#946 = DIRECTION('',(-0.,-1.,-1.110223024625E-16));
#947 = DIRECTION('',(1.,0.,0.));
#948 = DEFINITIONAL_REPRESENTATION('',(#949),#953);
#949 = LINE('',#950,#951);
#950 = CARTESIAN_POINT('',(-6.28318530718,-1.));
#951 = VECTOR('',#952,1.);
#952 = DIRECTION('',(1.,-0.));
#953 = ( GEOMETRIC_REPRESENTATION_CONTEXT(2) 
PARAMETRIC_REPRESENTATION_CONTEXT() REPRESENTATION_CONTEXT('2D SPACE',''
  ) );
#954 = FACE_BOUND('',#955,.F.);
#955 = EDGE_LOOP('',(#956));
#956 = ORIENTED_EDGE('',*,*,#957,.F.);
#957 = EDGE_CURVE('',#958,#958,#960,.T.);
#958 = VERTEX_POINT('',#959);
#959 = CARTESIAN_POINT('',(72.339896798926,-11.,41.));
#960 = SURFACE_CURVE('',#961,(#966,#973),.PCURVE_S1.);
#961 = CIRCLE('',#962,1.65);
#962 = AXIS2_PLACEMENT_3D('',#963,#964,#965);
#963 = CARTESIAN_POINT('',(70.689896798926,-11.,41.));
#964 = DIRECTION('',(-0.,1.,1.110223024625E-16));
#965 = DIRECTION('',(1.,0.,0.));
#966 = PCURVE('',#44,#967);
#967 = DEFINITIONAL_REPRESENTATION('',(#968),#972);
#968 = CIRCLE('',#969,1.65);
#969 = AXIS2_PLACEMENT_2D('',#970,#971);
#970 = CARTESIAN_POINT('',(39.7,145.52979359785));
#971 = DIRECTION('',(0.,1.));
#972 = ( GEOMETRIC_REPRESENTATION_CONTEXT(2) 
PARAMETRIC_REPRESENTATION_CONTEXT() REPRESENTATION_CONTEXT('2D SPACE',''
  ) );
#973 = PCURVE('',#974,#979);
#974 = CYLINDRICAL_SURFACE('',#975,1.65);
#975 = AXIS2_PLACEMENT_3D('',#976,#977,#978);
#976 = CARTESIAN_POINT('',(70.689896798926,-11.,41.));
#977 = DIRECTION('',(-0.,-1.,-1.110223024625E-16));
#978 = DIRECTION('',(1.,0.,0.));
#979 = DEFINITIONAL_REPRESENTATION('',(#980),#984);
#980 = LINE('',#981,#982);
#981 = CARTESIAN_POINT('',(-0.,0.));
#982 = VECTOR('',#983,1.);
#983 = DIRECTION('',(-1.,0.));
#984 = ( GEOMETRIC_REPRESENTATION_CONTEXT(2) 
PARAMETRIC_REPRESENTATION_CONTEXT() REPRESENTATION_CONTEXT('2D SPACE',''
  ) );
#985 = ADVANCED_FACE('',(#986,#1141),#126,.T.);
#986 = FACE_BOUND('',#987,.T.);
#987 = EDGE_LOOP('',(#988,#1013,#1034,#1035,#1036,#1059,#1087,#1115));
#988 = ORIENTED_EDGE('',*,*,#989,.T.);
#989 = EDGE_CURVE('',#990,#992,#994,.T.);
#990 = VERTEX_POINT('',#991);
#991 = CARTESIAN_POINT('',(74.839896798926,6.5,63.5));
#992 = VERTEX_POINT('',#993);
#993 = CARTESIAN_POINT('',(74.839896798926,11.,63.5));
#994 = SURFACE_CURVE('',#995,(#999,#1006),.PCURVE_S1.);
#995 = LINE('',#996,#997);
#996 = CARTESIAN_POINT('',(74.839896798926,-11.,63.5));
#997 = VECTOR('',#998,1.);
#998 = DIRECTION('',(0.,1.,0.));
#999 = PCURVE('',#126,#1000);
#1000 = DEFINITIONAL_REPRESENTATION('',(#1001),#1005);
#1001 = LINE('',#1002,#1003);
#1002 = CARTESIAN_POINT('',(149.67979359785,0.));
#1003 = VECTOR('',#1004,1.);
#1004 = DIRECTION('',(0.,1.));
#1005 = ( GEOMETRIC_REPRESENTATION_CONTEXT(2) 
PARAMETRIC_REPRESENTATION_CONTEXT() REPRESENTATION_CONTEXT('2D SPACE',''
  ) );
#1006 = PCURVE('',#204,#1007);
#1007 = DEFINITIONAL_REPRESENTATION('',(#1008),#1012);
#1008 = LINE('',#1009,#1010);
#1009 = CARTESIAN_POINT('',(68.5,0.));
#1010 = VECTOR('',#1011,1.);
#1011 = DIRECTION('',(0.,-1.));
#1012 = ( GEOMETRIC_REPRESENTATION_CONTEXT(2) 
PARAMETRIC_REPRESENTATION_CONTEXT() REPRESENTATION_CONTEXT('2D SPACE',''
  ) );
#1013 = ORIENTED_EDGE('',*,*,#1014,.T.);
#1014 = EDGE_CURVE('',#992,#85,#1015,.T.);
#1015 = SURFACE_CURVE('',#1016,(#1020,#1027),.PCURVE_S1.);
#1016 = LINE('',#1017,#1018);
#1017 = CARTESIAN_POINT('',(74.839896798926,11.,63.5));
#1018 = VECTOR('',#1019,1.);
#1019 = DIRECTION('',(-1.,0.,0.));
#1020 = PCURVE('',#126,#1021);
#1021 = DEFINITIONAL_REPRESENTATION('',(#1022),#1026);
#1022 = LINE('',#1023,#1024);
#1023 = CARTESIAN_POINT('',(149.67979359785,22.));
#1024 = VECTOR('',#1025,1.);
#1025 = DIRECTION('',(-1.,0.));
#1026 = ( GEOMETRIC_REPRESENTATION_CONTEXT(2) 
PARAMETRIC_REPRESENTATION_CONTEXT() REPRESENTATION_CONTEXT('2D SPACE',''
  ) );
#1027 = PCURVE('',#100,#1028);
#1028 = DEFINITIONAL_REPRESENTATION('',(#1029),#1033);
#1029 = LINE('',#1030,#1031);
#1030 = CARTESIAN_POINT('',(62.2,149.67979359785));
#1031 = VECTOR('',#1032,1.);
#1032 = DIRECTION('',(0.,-1.));
#1033 = ( GEOMETRIC_REPRESENTATION_CONTEXT(2) 
PARAMETRIC_REPRESENTATION_CONTEXT() REPRESENTATION_CONTEXT('2D SPACE',''
  ) );
#1034 = ORIENTED_EDGE('',*,*,#112,.F.);
#1035 = ORIENTED_EDGE('',*,*,#165,.F.);
#1036 = ORIENTED_EDGE('',*,*,#1037,.T.);
#1037 = EDGE_CURVE('',#166,#1038,#1040,.T.);
#1038 = VERTEX_POINT('',#1039);
#1039 = CARTESIAN_POINT('',(74.839896798926,-6.5,63.5));
#1040 = SURFACE_CURVE('',#1041,(#1045,#1052),.PCURVE_S1.);
#1041 = LINE('',#1042,#1043);
#1042 = CARTESIAN_POINT('',(74.839896798926,-11.,63.5));
#1043 = VECTOR('',#1044,1.);
#1044 = DIRECTION('',(0.,1.,0.));
#1045 = PCURVE('',#126,#1046);
#1046 = DEFINITIONAL_REPRESENTATION('',(#1047),#1051);
#1047 = LINE('',#1048,#1049);
#1048 = CARTESIAN_POINT('',(149.67979359785,0.));
#1049 = VECTOR('',#1050,1.);
#1050 = DIRECTION('',(0.,1.));
#1051 = ( GEOMETRIC_REPRESENTATION_CONTEXT(2) 
PARAMETRIC_REPRESENTATION_CONTEXT() REPRESENTATION_CONTEXT('2D SPACE',''
  ) );
#1052 = PCURVE('',#204,#1053);
#1053 = DEFINITIONAL_REPRESENTATION('',(#1054),#1058);
#1054 = LINE('',#1055,#1056);
#1055 = CARTESIAN_POINT('',(68.5,0.));
#1056 = VECTOR('',#1057,1.);
#1057 = DIRECTION('',(0.,-1.));
#1058 = ( GEOMETRIC_REPRESENTATION_CONTEXT(2) 
PARAMETRIC_REPRESENTATION_CONTEXT() REPRESENTATION_CONTEXT('2D SPACE',''
  ) );
#1059 = ORIENTED_EDGE('',*,*,#1060,.T.);
#1060 = EDGE_CURVE('',#1038,#1061,#1063,.T.);
#1061 = VERTEX_POINT('',#1062);
#1062 = CARTESIAN_POINT('',(5.95,-6.5,63.5));
#1063 = SURFACE_CURVE('',#1064,(#1068,#1075),.PCURVE_S1.);
#1064 = LINE('',#1065,#1066);
#1065 = CARTESIAN_POINT('',(74.839896798926,-6.5,63.5));
#1066 = VECTOR('',#1067,1.);
#1067 = DIRECTION('',(-1.,0.,0.));
#1068 = PCURVE('',#126,#1069);
#1069 = DEFINITIONAL_REPRESENTATION('',(#1070),#1074);
#1070 = LINE('',#1071,#1072);
#1071 = CARTESIAN_POINT('',(149.67979359785,4.5));
#1072 = VECTOR('',#1073,1.);
#1073 = DIRECTION('',(-1.,0.));
#1074 = ( GEOMETRIC_REPRESENTATION_CONTEXT(2) 
PARAMETRIC_REPRESENTATION_CONTEXT() REPRESENTATION_CONTEXT('2D SPACE',''
  ) );
#1075 = PCURVE('',#1076,#1081);
#1076 = PLANE('',#1077);
#1077 = AXIS2_PLACEMENT_3D('',#1078,#1079,#1080);
#1078 = CARTESIAN_POINT('',(5.95,-6.5,55.2));
#1079 = DIRECTION('',(0.,1.,0.));
#1080 = DIRECTION('',(0.,0.,1.));
#1081 = DEFINITIONAL_REPRESENTATION('',(#1082),#1086);
#1082 = LINE('',#1083,#1084);
#1083 = CARTESIAN_POINT('',(8.3,68.889896798926));
#1084 = VECTOR('',#1085,1.);
#1085 = DIRECTION('',(0.,-1.));
#1086 = ( GEOMETRIC_REPRESENTATION_CONTEXT(2) 
PARAMETRIC_REPRESENTATION_CONTEXT() REPRESENTATION_CONTEXT('2D SPACE',''
  ) );
#1087 = ORIENTED_EDGE('',*,*,#1088,.T.);
#1088 = EDGE_CURVE('',#1061,#1089,#1091,.T.);
#1089 = VERTEX_POINT('',#1090);
#1090 = CARTESIAN_POINT('',(5.95,6.5,63.5));
#1091 = SURFACE_CURVE('',#1092,(#1096,#1103),.PCURVE_S1.);
#1092 = LINE('',#1093,#1094);
#1093 = CARTESIAN_POINT('',(5.95,-6.5,63.5));
#1094 = VECTOR('',#1095,1.);
#1095 = DIRECTION('',(0.,1.,0.));
#1096 = PCURVE('',#126,#1097);
#1097 = DEFINITIONAL_REPRESENTATION('',(#1098),#1102);
#1098 = LINE('',#1099,#1100);
#1099 = CARTESIAN_POINT('',(80.789896798926,4.5));
#1100 = VECTOR('',#1101,1.);
#1101 = DIRECTION('',(0.,1.));
#1102 = ( GEOMETRIC_REPRESENTATION_CONTEXT(2) 
PARAMETRIC_REPRESENTATION_CONTEXT() REPRESENTATION_CONTEXT('2D SPACE',''
  ) );
#1103 = PCURVE('',#1104,#1109);
#1104 = PLANE('',#1105);
#1105 = AXIS2_PLACEMENT_3D('',#1106,#1107,#1108);
#1106 = CARTESIAN_POINT('',(5.95,5.401040764009,62.898959235991));
#1107 = DIRECTION('',(-1.,-0.,-0.));
#1108 = DIRECTION('',(0.,0.,-1.));
#1109 = DEFINITIONAL_REPRESENTATION('',(#1110),#1114);
#1110 = LINE('',#1111,#1112);
#1111 = CARTESIAN_POINT('',(-0.601040764009,11.901040764009));
#1112 = VECTOR('',#1113,1.);
#1113 = DIRECTION('',(0.,-1.));
#1114 = ( GEOMETRIC_REPRESENTATION_CONTEXT(2) 
PARAMETRIC_REPRESENTATION_CONTEXT() REPRESENTATION_CONTEXT('2D SPACE',''
  ) );
#1115 = ORIENTED_EDGE('',*,*,#1116,.T.);
#1116 = EDGE_CURVE('',#1089,#990,#1117,.T.);
#1117 = SURFACE_CURVE('',#1118,(#1122,#1129),.PCURVE_S1.);
#1118 = LINE('',#1119,#1120);
#1119 = CARTESIAN_POINT('',(5.95,6.5,63.5));
#1120 = VECTOR('',#1121,1.);
#1121 = DIRECTION('',(1.,0.,0.));
#1122 = PCURVE('',#126,#1123);
#1123 = DEFINITIONAL_REPRESENTATION('',(#1124),#1128);
#1124 = LINE('',#1125,#1126);
#1125 = CARTESIAN_POINT('',(80.789896798926,17.5));
#1126 = VECTOR('',#1127,1.);
#1127 = DIRECTION('',(1.,0.));
#1128 = ( GEOMETRIC_REPRESENTATION_CONTEXT(2) 
PARAMETRIC_REPRESENTATION_CONTEXT() REPRESENTATION_CONTEXT('2D SPACE',''
  ) );
#1129 = PCURVE('',#1130,#1135);
#1130 = PLANE('',#1131);
#1131 = AXIS2_PLACEMENT_3D('',#1132,#1133,#1134);
#1132 = CARTESIAN_POINT('',(5.95,6.5,63.5));
#1133 = DIRECTION('',(0.,0.707106781187,-0.707106781187));
#1134 = DIRECTION('',(0.,-0.707106781187,-0.707106781187));
#1135 = DEFINITIONAL_REPRESENTATION('',(#1136),#1140);
#1136 = LINE('',#1137,#1138);
#1137 = CARTESIAN_POINT('',(0.,0.));
#1138 = VECTOR('',#1139,1.);
#1139 = DIRECTION('',(0.,-1.));
#1140 = ( GEOMETRIC_REPRESENTATION_CONTEXT(2) 
PARAMETRIC_REPRESENTATION_CONTEXT() REPRESENTATION_CONTEXT('2D SPACE',''
  ) );
#1141 = FACE_BOUND('',#1142,.T.);
#1142 = EDGE_LOOP('',(#1143));
#1143 = ORIENTED_EDGE('',*,*,#1144,.T.);
#1144 = EDGE_CURVE('',#1145,#1145,#1147,.T.);
#1145 = VERTEX_POINT('',#1146);
#1146 = CARTESIAN_POINT('',(4.2,0.,63.5));
#1147 = SURFACE_CURVE('',#1148,(#1153,#1164),.PCURVE_S1.);
#1148 = CIRCLE('',#1149,4.2);
#1149 = AXIS2_PLACEMENT_3D('',#1150,#1151,#1152);
#1150 = CARTESIAN_POINT('',(0.,0.,63.5));
#1151 = DIRECTION('',(0.,0.,-1.));
#1152 = DIRECTION('',(1.,0.,0.));
#1153 = PCURVE('',#126,#1154);
#1154 = DEFINITIONAL_REPRESENTATION('',(#1155),#1163);
#1155 = ( BOUNDED_CURVE() B_SPLINE_CURVE(2,(#1156,#1157,#1158,#1159,
#1160,#1161,#1162),.UNSPECIFIED.,.T.,.F.) B_SPLINE_CURVE_WITH_KNOTS((1,2
    ,2,2,2,1),(-2.094395102393,0.,2.094395102393,4.188790204786,
6.28318530718,8.377580409573),.UNSPECIFIED.) CURVE() 
GEOMETRIC_REPRESENTATION_ITEM() RATIONAL_B_SPLINE_CURVE((1.,0.5,1.,0.5,
1.,0.5,1.)) REPRESENTATION_ITEM('') );
#1156 = CARTESIAN_POINT('',(79.039896798926,11.));
#1157 = CARTESIAN_POINT('',(79.039896798926,3.725386608211));
#1158 = CARTESIAN_POINT('',(72.739896798926,7.362693304105));
#1159 = CARTESIAN_POINT('',(66.439896798926,11.));
#1160 = CARTESIAN_POINT('',(72.739896798926,14.637306695895));
#1161 = CARTESIAN_POINT('',(79.039896798926,18.274613391789));
#1162 = CARTESIAN_POINT('',(79.039896798926,11.));
#1163 = ( GEOMETRIC_REPRESENTATION_CONTEXT(2) 
PARAMETRIC_REPRESENTATION_CONTEXT() REPRESENTATION_CONTEXT('2D SPACE',''
  ) );
#1164 = PCURVE('',#1165,#1170);
#1165 = CYLINDRICAL_SURFACE('',#1166,4.2);
#1166 = AXIS2_PLACEMENT_3D('',#1167,#1168,#1169);
#1167 = CARTESIAN_POINT('',(0.,0.,53.));
#1168 = DIRECTION('',(-0.,-0.,-1.));
#1169 = DIRECTION('',(1.,0.,0.));
#1170 = DEFINITIONAL_REPRESENTATION('',(#1171),#1175);
#1171 = LINE('',#1172,#1173);
#1172 = CARTESIAN_POINT('',(-6.28318530718,-10.5));
#1173 = VECTOR('',#1174,1.);
#1174 = DIRECTION('',(1.,-0.));
#1175 = ( GEOMETRIC_REPRESENTATION_CONTEXT(2) 
PARAMETRIC_REPRESENTATION_CONTEXT() REPRESENTATION_CONTEXT('2D SPACE',''
  ) );
#1176 = ADVANCED_FACE('',(#1177,#1529,#1564,#1595,#1656,#1691,#1726,
    #1761),#100,.T.);
#1177 = FACE_BOUND('',#1178,.T.);
#1178 = EDGE_LOOP('',(#1179,#1180,#1203,#1231,#1254,#1277,#1300,#1323,
    #1346,#1369,#1392,#1415,#1438,#1461,#1484,#1507,#1528));
#1179 = ORIENTED_EDGE('',*,*,#1014,.F.);
#1180 = ORIENTED_EDGE('',*,*,#1181,.F.);
#1181 = EDGE_CURVE('',#1182,#992,#1184,.T.);
#1182 = VERTEX_POINT('',#1183);
#1183 = CARTESIAN_POINT('',(74.839896798926,11.,-5.));
#1184 = SURFACE_CURVE('',#1185,(#1189,#1196),.PCURVE_S1.);
#1185 = LINE('',#1186,#1187);
#1186 = CARTESIAN_POINT('',(74.839896798926,11.,-5.));
#1187 = VECTOR('',#1188,1.);
#1188 = DIRECTION('',(0.,0.,1.));
#1189 = PCURVE('',#100,#1190);
#1190 = DEFINITIONAL_REPRESENTATION('',(#1191),#1195);
#1191 = LINE('',#1192,#1193);
#1192 = CARTESIAN_POINT('',(-6.3,149.67979359785));
#1193 = VECTOR('',#1194,1.);
#1194 = DIRECTION('',(1.,0.));
#1195 = ( GEOMETRIC_REPRESENTATION_CONTEXT(2) 
PARAMETRIC_REPRESENTATION_CONTEXT() REPRESENTATION_CONTEXT('2D SPACE',''
  ) );
#1196 = PCURVE('',#204,#1197);
#1197 = DEFINITIONAL_REPRESENTATION('',(#1198),#1202);
#1198 = LINE('',#1199,#1200);
#1199 = CARTESIAN_POINT('',(0.,-22.));
#1200 = VECTOR('',#1201,1.);
#1201 = DIRECTION('',(1.,0.));
#1202 = ( GEOMETRIC_REPRESENTATION_CONTEXT(2) 
PARAMETRIC_REPRESENTATION_CONTEXT() REPRESENTATION_CONTEXT('2D SPACE',''
  ) );
#1203 = ORIENTED_EDGE('',*,*,#1204,.T.);
#1204 = EDGE_CURVE('',#1182,#1205,#1207,.T.);
#1205 = VERTEX_POINT('',#1206);
#1206 = CARTESIAN_POINT('',(61.428763833672,11.,-5.));
#1207 = SURFACE_CURVE('',#1208,(#1212,#1219),.PCURVE_S1.);
#1208 = LINE('',#1209,#1210);
#1209 = CARTESIAN_POINT('',(74.839896798926,11.,-5.));
#1210 = VECTOR('',#1211,1.);
#1211 = DIRECTION('',(-1.,0.,0.));
#1212 = PCURVE('',#100,#1213);
#1213 = DEFINITIONAL_REPRESENTATION('',(#1214),#1218);
#1214 = LINE('',#1215,#1216);
#1215 = CARTESIAN_POINT('',(-6.3,149.67979359785));
#1216 = VECTOR('',#1217,1.);
#1217 = DIRECTION('',(0.,-1.));
#1218 = ( GEOMETRIC_REPRESENTATION_CONTEXT(2) 
PARAMETRIC_REPRESENTATION_CONTEXT() REPRESENTATION_CONTEXT('2D SPACE',''
  ) );
#1219 = PCURVE('',#1220,#1225);
#1220 = PLANE('',#1221);
#1221 = AXIS2_PLACEMENT_3D('',#1222,#1223,#1224);
#1222 = CARTESIAN_POINT('',(64.839896798926,-11.,-5.));
#1223 = DIRECTION('',(0.,0.,1.));
#1224 = DIRECTION('',(1.,0.,0.));
#1225 = DEFINITIONAL_REPRESENTATION('',(#1226),#1230);
#1226 = LINE('',#1227,#1228);
#1227 = CARTESIAN_POINT('',(10.,22.));
#1228 = VECTOR('',#1229,1.);
#1229 = DIRECTION('',(-1.,0.));
#1230 = ( GEOMETRIC_REPRESENTATION_CONTEXT(2) 
PARAMETRIC_REPRESENTATION_CONTEXT() REPRESENTATION_CONTEXT('2D SPACE',''
  ) );
#1231 = ORIENTED_EDGE('',*,*,#1232,.T.);
#1232 = EDGE_CURVE('',#1205,#1233,#1235,.T.);
#1233 = VERTEX_POINT('',#1234);
#1234 = CARTESIAN_POINT('',(61.428763833672,11.,5.333333333333));
#1235 = SURFACE_CURVE('',#1236,(#1240,#1247),.PCURVE_S1.);
#1236 = LINE('',#1237,#1238);
#1237 = CARTESIAN_POINT('',(61.428763833672,11.,-5.));
#1238 = VECTOR('',#1239,1.);
#1239 = DIRECTION('',(0.,0.,1.));
#1240 = PCURVE('',#100,#1241);
#1241 = DEFINITIONAL_REPRESENTATION('',(#1242),#1246);
#1242 = LINE('',#1243,#1244);
#1243 = CARTESIAN_POINT('',(-6.3,136.26866063259));
#1244 = VECTOR('',#1245,1.);
#1245 = DIRECTION('',(1.,0.));
#1246 = ( GEOMETRIC_REPRESENTATION_CONTEXT(2) 
PARAMETRIC_REPRESENTATION_CONTEXT() REPRESENTATION_CONTEXT('2D SPACE',''
  ) );
#1247 = PCURVE('',#258,#1248);
#1248 = DEFINITIONAL_REPRESENTATION('',(#1249),#1253);
#1249 = LINE('',#1250,#1251);
#1250 = CARTESIAN_POINT('',(0.,-22.));
#1251 = VECTOR('',#1252,1.);
#1252 = DIRECTION('',(1.,0.));
#1253 = ( GEOMETRIC_REPRESENTATION_CONTEXT(2) 
PARAMETRIC_REPRESENTATION_CONTEXT() REPRESENTATION_CONTEXT('2D SPACE',''
  ) );
#1254 = ORIENTED_EDGE('',*,*,#1255,.T.);
#1255 = EDGE_CURVE('',#1233,#1256,#1258,.T.);
#1256 = VERTEX_POINT('',#1257);
#1257 = CARTESIAN_POINT('',(61.428763833672,11.,10.6));
#1258 = SURFACE_CURVE('',#1259,(#1263,#1270),.PCURVE_S1.);
#1259 = LINE('',#1260,#1261);
#1260 = CARTESIAN_POINT('',(61.428763833672,11.,-5.));
#1261 = VECTOR('',#1262,1.);
#1262 = DIRECTION('',(0.,0.,1.));
#1263 = PCURVE('',#100,#1264);
#1264 = DEFINITIONAL_REPRESENTATION('',(#1265),#1269);
#1265 = LINE('',#1266,#1267);
#1266 = CARTESIAN_POINT('',(-6.3,136.26866063259));
#1267 = VECTOR('',#1268,1.);
#1268 = DIRECTION('',(1.,0.));
#1269 = ( GEOMETRIC_REPRESENTATION_CONTEXT(2) 
PARAMETRIC_REPRESENTATION_CONTEXT() REPRESENTATION_CONTEXT('2D SPACE',''
  ) );
#1270 = PCURVE('',#258,#1271);
#1271 = DEFINITIONAL_REPRESENTATION('',(#1272),#1276);
#1272 = LINE('',#1273,#1274);
#1273 = CARTESIAN_POINT('',(0.,-22.));
#1274 = VECTOR('',#1275,1.);
#1275 = DIRECTION('',(1.,0.));
#1276 = ( GEOMETRIC_REPRESENTATION_CONTEXT(2) 
PARAMETRIC_REPRESENTATION_CONTEXT() REPRESENTATION_CONTEXT('2D SPACE',''
  ) );
#1277 = ORIENTED_EDGE('',*,*,#1278,.F.);
#1278 = EDGE_CURVE('',#1279,#1256,#1281,.T.);
#1279 = VERTEX_POINT('',#1280);
#1280 = CARTESIAN_POINT('',(61.4,11.,10.6));
#1281 = SURFACE_CURVE('',#1282,(#1286,#1293),.PCURVE_S1.);
#1282 = LINE('',#1283,#1284);
#1283 = CARTESIAN_POINT('',(61.4,11.,10.6));
#1284 = VECTOR('',#1285,1.);
#1285 = DIRECTION('',(1.,0.,0.));
#1286 = PCURVE('',#100,#1287);
#1287 = DEFINITIONAL_REPRESENTATION('',(#1288),#1292);
#1288 = LINE('',#1289,#1290);
#1289 = CARTESIAN_POINT('',(9.3,136.23989679892));
#1290 = VECTOR('',#1291,1.);
#1291 = DIRECTION('',(0.,1.));
#1292 = ( GEOMETRIC_REPRESENTATION_CONTEXT(2) 
PARAMETRIC_REPRESENTATION_CONTEXT() REPRESENTATION_CONTEXT('2D SPACE',''
  ) );
#1293 = PCURVE('',#286,#1294);
#1294 = DEFINITIONAL_REPRESENTATION('',(#1295),#1299);
#1295 = LINE('',#1296,#1297);
#1296 = CARTESIAN_POINT('',(0.,22.));
#1297 = VECTOR('',#1298,1.);
#1298 = DIRECTION('',(1.,0.));
#1299 = ( GEOMETRIC_REPRESENTATION_CONTEXT(2) 
PARAMETRIC_REPRESENTATION_CONTEXT() REPRESENTATION_CONTEXT('2D SPACE',''
  ) );
#1300 = ORIENTED_EDGE('',*,*,#1301,.T.);
#1301 = EDGE_CURVE('',#1279,#1302,#1304,.T.);
#1302 = VERTEX_POINT('',#1303);
#1303 = CARTESIAN_POINT('',(61.4,11.,25.4));
#1304 = SURFACE_CURVE('',#1305,(#1309,#1316),.PCURVE_S1.);
#1305 = LINE('',#1306,#1307);
#1306 = CARTESIAN_POINT('',(61.4,11.,10.6));
#1307 = VECTOR('',#1308,1.);
#1308 = DIRECTION('',(0.,0.,1.));
#1309 = PCURVE('',#100,#1310);
#1310 = DEFINITIONAL_REPRESENTATION('',(#1311),#1315);
#1311 = LINE('',#1312,#1313);
#1312 = CARTESIAN_POINT('',(9.3,136.23989679892));
#1313 = VECTOR('',#1314,1.);
#1314 = DIRECTION('',(1.,0.));
#1315 = ( GEOMETRIC_REPRESENTATION_CONTEXT(2) 
PARAMETRIC_REPRESENTATION_CONTEXT() REPRESENTATION_CONTEXT('2D SPACE',''
  ) );
#1316 = PCURVE('',#314,#1317);
#1317 = DEFINITIONAL_REPRESENTATION('',(#1318),#1322);
#1318 = LINE('',#1319,#1320);
#1319 = CARTESIAN_POINT('',(0.,-22.));
#1320 = VECTOR('',#1321,1.);
#1321 = DIRECTION('',(1.,0.));
#1322 = ( GEOMETRIC_REPRESENTATION_CONTEXT(2) 
PARAMETRIC_REPRESENTATION_CONTEXT() REPRESENTATION_CONTEXT('2D SPACE',''
  ) );
#1323 = ORIENTED_EDGE('',*,*,#1324,.T.);
#1324 = EDGE_CURVE('',#1302,#1325,#1327,.T.);
#1325 = VERTEX_POINT('',#1326);
#1326 = CARTESIAN_POINT('',(64.839896798926,11.,25.4));
#1327 = SURFACE_CURVE('',#1328,(#1332,#1339),.PCURVE_S1.);
#1328 = LINE('',#1329,#1330);
#1329 = CARTESIAN_POINT('',(61.4,11.,25.4));
#1330 = VECTOR('',#1331,1.);
#1331 = DIRECTION('',(1.,0.,0.));
#1332 = PCURVE('',#100,#1333);
#1333 = DEFINITIONAL_REPRESENTATION('',(#1334),#1338);
#1334 = LINE('',#1335,#1336);
#1335 = CARTESIAN_POINT('',(24.1,136.23989679892));
#1336 = VECTOR('',#1337,1.);
#1337 = DIRECTION('',(0.,1.));
#1338 = ( GEOMETRIC_REPRESENTATION_CONTEXT(2) 
PARAMETRIC_REPRESENTATION_CONTEXT() REPRESENTATION_CONTEXT('2D SPACE',''
  ) );
#1339 = PCURVE('',#495,#1340);
#1340 = DEFINITIONAL_REPRESENTATION('',(#1341),#1345);
#1341 = LINE('',#1342,#1343);
#1342 = CARTESIAN_POINT('',(0.,22.));
#1343 = VECTOR('',#1344,1.);
#1344 = DIRECTION('',(1.,0.));
#1345 = ( GEOMETRIC_REPRESENTATION_CONTEXT(2) 
PARAMETRIC_REPRESENTATION_CONTEXT() REPRESENTATION_CONTEXT('2D SPACE',''
  ) );
#1346 = ORIENTED_EDGE('',*,*,#1347,.T.);
#1347 = EDGE_CURVE('',#1325,#1348,#1350,.T.);
#1348 = VERTEX_POINT('',#1349);
#1349 = CARTESIAN_POINT('',(64.839896798926,11.,53.5));
#1350 = SURFACE_CURVE('',#1351,(#1355,#1362),.PCURVE_S1.);
#1351 = LINE('',#1352,#1353);
#1352 = CARTESIAN_POINT('',(64.839896798926,11.,-5.));
#1353 = VECTOR('',#1354,1.);
#1354 = DIRECTION('',(0.,0.,1.));
#1355 = PCURVE('',#100,#1356);
#1356 = DEFINITIONAL_REPRESENTATION('',(#1357),#1361);
#1357 = LINE('',#1358,#1359);
#1358 = CARTESIAN_POINT('',(-6.3,139.67979359785));
#1359 = VECTOR('',#1360,1.);
#1360 = DIRECTION('',(1.,0.));
#1361 = ( GEOMETRIC_REPRESENTATION_CONTEXT(2) 
PARAMETRIC_REPRESENTATION_CONTEXT() REPRESENTATION_CONTEXT('2D SPACE',''
  ) );
#1362 = PCURVE('',#523,#1363);
#1363 = DEFINITIONAL_REPRESENTATION('',(#1364),#1368);
#1364 = LINE('',#1365,#1366);
#1365 = CARTESIAN_POINT('',(0.,-22.));
#1366 = VECTOR('',#1367,1.);
#1367 = DIRECTION('',(1.,0.));
#1368 = ( GEOMETRIC_REPRESENTATION_CONTEXT(2) 
PARAMETRIC_REPRESENTATION_CONTEXT() REPRESENTATION_CONTEXT('2D SPACE',''
  ) );
#1369 = ORIENTED_EDGE('',*,*,#1370,.F.);
#1370 = EDGE_CURVE('',#1371,#1348,#1373,.T.);
#1371 = VERTEX_POINT('',#1372);
#1372 = CARTESIAN_POINT('',(-64.83989679892,11.,53.5));
#1373 = SURFACE_CURVE('',#1374,(#1378,#1385),.PCURVE_S1.);
#1374 = LINE('',#1375,#1376);
#1375 = CARTESIAN_POINT('',(-64.83989679892,11.,53.5));
#1376 = VECTOR('',#1377,1.);
#1377 = DIRECTION('',(1.,0.,0.));
#1378 = PCURVE('',#100,#1379);
#1379 = DEFINITIONAL_REPRESENTATION('',(#1380),#1384);
#1380 = LINE('',#1381,#1382);
#1381 = CARTESIAN_POINT('',(52.2,10.));
#1382 = VECTOR('',#1383,1.);
#1383 = DIRECTION('',(0.,1.));
#1384 = ( GEOMETRIC_REPRESENTATION_CONTEXT(2) 
PARAMETRIC_REPRESENTATION_CONTEXT() REPRESENTATION_CONTEXT('2D SPACE',''
  ) );
#1385 = PCURVE('',#551,#1386);
#1386 = DEFINITIONAL_REPRESENTATION('',(#1387),#1391);
#1387 = LINE('',#1388,#1389);
#1388 = CARTESIAN_POINT('',(0.,22.));
#1389 = VECTOR('',#1390,1.);
#1390 = DIRECTION('',(1.,0.));
#1391 = ( GEOMETRIC_REPRESENTATION_CONTEXT(2) 
PARAMETRIC_REPRESENTATION_CONTEXT() REPRESENTATION_CONTEXT('2D SPACE',''
  ) );
#1392 = ORIENTED_EDGE('',*,*,#1393,.F.);
#1393 = EDGE_CURVE('',#1394,#1371,#1396,.T.);
#1394 = VERTEX_POINT('',#1395);
#1395 = CARTESIAN_POINT('',(-64.83989679892,11.,25.4));
#1396 = SURFACE_CURVE('',#1397,(#1401,#1408),.PCURVE_S1.);
#1397 = LINE('',#1398,#1399);
#1398 = CARTESIAN_POINT('',(-64.83989679892,11.,1.3));
#1399 = VECTOR('',#1400,1.);
#1400 = DIRECTION('',(0.,0.,1.));
#1401 = PCURVE('',#100,#1402);
#1402 = DEFINITIONAL_REPRESENTATION('',(#1403),#1407);
#1403 = LINE('',#1404,#1405);
#1404 = CARTESIAN_POINT('',(0.,10.));
#1405 = VECTOR('',#1406,1.);
#1406 = DIRECTION('',(1.,0.));
#1407 = ( GEOMETRIC_REPRESENTATION_CONTEXT(2) 
PARAMETRIC_REPRESENTATION_CONTEXT() REPRESENTATION_CONTEXT('2D SPACE',''
  ) );
#1408 = PCURVE('',#579,#1409);
#1409 = DEFINITIONAL_REPRESENTATION('',(#1410),#1414);
#1410 = LINE('',#1411,#1412);
#1411 = CARTESIAN_POINT('',(0.,-22.));
#1412 = VECTOR('',#1413,1.);
#1413 = DIRECTION('',(1.,0.));
#1414 = ( GEOMETRIC_REPRESENTATION_CONTEXT(2) 
PARAMETRIC_REPRESENTATION_CONTEXT() REPRESENTATION_CONTEXT('2D SPACE',''
  ) );
#1415 = ORIENTED_EDGE('',*,*,#1416,.T.);
#1416 = EDGE_CURVE('',#1394,#1417,#1419,.T.);
#1417 = VERTEX_POINT('',#1418);
#1418 = CARTESIAN_POINT('',(-61.4,11.,25.4));
#1419 = SURFACE_CURVE('',#1420,(#1424,#1431),.PCURVE_S1.);
#1420 = LINE('',#1421,#1422);
#1421 = CARTESIAN_POINT('',(-65.33989679892,11.,25.4));
#1422 = VECTOR('',#1423,1.);
#1423 = DIRECTION('',(1.,0.,0.));
#1424 = PCURVE('',#100,#1425);
#1425 = DEFINITIONAL_REPRESENTATION('',(#1426),#1430);
#1426 = LINE('',#1427,#1428);
#1427 = CARTESIAN_POINT('',(24.1,9.5));
#1428 = VECTOR('',#1429,1.);
#1429 = DIRECTION('',(0.,1.));
#1430 = ( GEOMETRIC_REPRESENTATION_CONTEXT(2) 
PARAMETRIC_REPRESENTATION_CONTEXT() REPRESENTATION_CONTEXT('2D SPACE',''
  ) );
#1431 = PCURVE('',#607,#1432);
#1432 = DEFINITIONAL_REPRESENTATION('',(#1433),#1437);
#1433 = LINE('',#1434,#1435);
#1434 = CARTESIAN_POINT('',(0.,22.));
#1435 = VECTOR('',#1436,1.);
#1436 = DIRECTION('',(1.,0.));
#1437 = ( GEOMETRIC_REPRESENTATION_CONTEXT(2) 
PARAMETRIC_REPRESENTATION_CONTEXT() REPRESENTATION_CONTEXT('2D SPACE',''
  ) );
#1438 = ORIENTED_EDGE('',*,*,#1439,.F.);
#1439 = EDGE_CURVE('',#1440,#1417,#1442,.T.);
#1440 = VERTEX_POINT('',#1441);
#1441 = CARTESIAN_POINT('',(-61.4,11.,12.3));
#1442 = SURFACE_CURVE('',#1443,(#1447,#1454),.PCURVE_S1.);
#1443 = LINE('',#1444,#1445);
#1444 = CARTESIAN_POINT('',(-61.4,11.,12.3));
#1445 = VECTOR('',#1446,1.);
#1446 = DIRECTION('',(0.,0.,1.));
#1447 = PCURVE('',#100,#1448);
#1448 = DEFINITIONAL_REPRESENTATION('',(#1449),#1453);
#1449 = LINE('',#1450,#1451);
#1450 = CARTESIAN_POINT('',(11.,13.439896798926));
#1451 = VECTOR('',#1452,1.);
#1452 = DIRECTION('',(1.,0.));
#1453 = ( GEOMETRIC_REPRESENTATION_CONTEXT(2) 
PARAMETRIC_REPRESENTATION_CONTEXT() REPRESENTATION_CONTEXT('2D SPACE',''
  ) );
#1454 = PCURVE('',#635,#1455);
#1455 = DEFINITIONAL_REPRESENTATION('',(#1456),#1460);
#1456 = LINE('',#1457,#1458);
#1457 = CARTESIAN_POINT('',(0.,-22.));
#1458 = VECTOR('',#1459,1.);
#1459 = DIRECTION('',(1.,0.));
#1460 = ( GEOMETRIC_REPRESENTATION_CONTEXT(2) 
PARAMETRIC_REPRESENTATION_CONTEXT() REPRESENTATION_CONTEXT('2D SPACE',''
  ) );
#1461 = ORIENTED_EDGE('',*,*,#1462,.F.);
#1462 = EDGE_CURVE('',#1463,#1440,#1465,.T.);
#1463 = VERTEX_POINT('',#1464);
#1464 = CARTESIAN_POINT('',(-61.9,11.,12.3));
#1465 = SURFACE_CURVE('',#1466,(#1470,#1477),.PCURVE_S1.);
#1466 = LINE('',#1467,#1468);
#1467 = CARTESIAN_POINT('',(-65.33989679892,11.,12.3));
#1468 = VECTOR('',#1469,1.);
#1469 = DIRECTION('',(1.,0.,0.));
#1470 = PCURVE('',#100,#1471);
#1471 = DEFINITIONAL_REPRESENTATION('',(#1472),#1476);
#1472 = LINE('',#1473,#1474);
#1473 = CARTESIAN_POINT('',(11.,9.5));
#1474 = VECTOR('',#1475,1.);
#1475 = DIRECTION('',(0.,1.));
#1476 = ( GEOMETRIC_REPRESENTATION_CONTEXT(2) 
PARAMETRIC_REPRESENTATION_CONTEXT() REPRESENTATION_CONTEXT('2D SPACE',''
  ) );
#1477 = PCURVE('',#816,#1478);
#1478 = DEFINITIONAL_REPRESENTATION('',(#1479),#1483);
#1479 = LINE('',#1480,#1481);
#1480 = CARTESIAN_POINT('',(0.,22.));
#1481 = VECTOR('',#1482,1.);
#1482 = DIRECTION('',(1.,0.));
#1483 = ( GEOMETRIC_REPRESENTATION_CONTEXT(2) 
PARAMETRIC_REPRESENTATION_CONTEXT() REPRESENTATION_CONTEXT('2D SPACE',''
  ) );
#1484 = ORIENTED_EDGE('',*,*,#1485,.F.);
#1485 = EDGE_CURVE('',#1486,#1463,#1488,.T.);
#1486 = VERTEX_POINT('',#1487);
#1487 = CARTESIAN_POINT('',(-61.9,11.,1.3));
#1488 = SURFACE_CURVE('',#1489,(#1493,#1500),.PCURVE_S1.);
#1489 = LINE('',#1490,#1491);
#1490 = CARTESIAN_POINT('',(-61.9,11.,1.3));
#1491 = VECTOR('',#1492,1.);
#1492 = DIRECTION('',(0.,0.,1.));
#1493 = PCURVE('',#100,#1494);
#1494 = DEFINITIONAL_REPRESENTATION('',(#1495),#1499);
#1495 = LINE('',#1496,#1497);
#1496 = CARTESIAN_POINT('',(0.,12.939896798926));
#1497 = VECTOR('',#1498,1.);
#1498 = DIRECTION('',(1.,0.));
#1499 = ( GEOMETRIC_REPRESENTATION_CONTEXT(2) 
PARAMETRIC_REPRESENTATION_CONTEXT() REPRESENTATION_CONTEXT('2D SPACE',''
  ) );
#1500 = PCURVE('',#842,#1501);
#1501 = DEFINITIONAL_REPRESENTATION('',(#1502),#1506);
#1502 = LINE('',#1503,#1504);
#1503 = CARTESIAN_POINT('',(0.,-22.));
#1504 = VECTOR('',#1505,1.);
#1505 = DIRECTION('',(1.,0.));
#1506 = ( GEOMETRIC_REPRESENTATION_CONTEXT(2) 
PARAMETRIC_REPRESENTATION_CONTEXT() REPRESENTATION_CONTEXT('2D SPACE',''
  ) );
#1507 = ORIENTED_EDGE('',*,*,#1508,.T.);
#1508 = EDGE_CURVE('',#1486,#57,#1509,.T.);
#1509 = SURFACE_CURVE('',#1510,(#1514,#1521),.PCURVE_S1.);
#1510 = LINE('',#1511,#1512);
#1511 = CARTESIAN_POINT('',(-61.9,11.,1.3));
#1512 = VECTOR('',#1513,1.);
#1513 = DIRECTION('',(-1.,0.,0.));
#1514 = PCURVE('',#100,#1515);
#1515 = DEFINITIONAL_REPRESENTATION('',(#1516),#1520);
#1516 = LINE('',#1517,#1518);
#1517 = CARTESIAN_POINT('',(0.,12.939896798926));
#1518 = VECTOR('',#1519,1.);
#1519 = DIRECTION('',(0.,-1.));
#1520 = ( GEOMETRIC_REPRESENTATION_CONTEXT(2) 
PARAMETRIC_REPRESENTATION_CONTEXT() REPRESENTATION_CONTEXT('2D SPACE',''
  ) );
#1521 = PCURVE('',#72,#1522);
#1522 = DEFINITIONAL_REPRESENTATION('',(#1523),#1527);
#1523 = LINE('',#1524,#1525);
#1524 = CARTESIAN_POINT('',(12.939896798926,22.));
#1525 = VECTOR('',#1526,1.);
#1526 = DIRECTION('',(-1.,0.));
#1527 = ( GEOMETRIC_REPRESENTATION_CONTEXT(2) 
PARAMETRIC_REPRESENTATION_CONTEXT() REPRESENTATION_CONTEXT('2D SPACE',''
  ) );
#1528 = ORIENTED_EDGE('',*,*,#84,.T.);
#1529 = FACE_BOUND('',#1530,.T.);
#1530 = EDGE_LOOP('',(#1531));
#1531 = ORIENTED_EDGE('',*,*,#1532,.T.);
#1532 = EDGE_CURVE('',#1533,#1533,#1535,.T.);
#1533 = VERTEX_POINT('',#1534);
#1534 = CARTESIAN_POINT('',(1.65,11.,58.5));
#1535 = SURFACE_CURVE('',#1536,(#1541,#1552),.PCURVE_S1.);
#1536 = CIRCLE('',#1537,1.65);
#1537 = AXIS2_PLACEMENT_3D('',#1538,#1539,#1540);
#1538 = CARTESIAN_POINT('',(0.,11.,58.5));
#1539 = DIRECTION('',(0.,-1.,1.110223024625E-16));
#1540 = DIRECTION('',(1.,0.,0.));
#1541 = PCURVE('',#100,#1542);
#1542 = DEFINITIONAL_REPRESENTATION('',(#1543),#1551);
#1543 = ( BOUNDED_CURVE() B_SPLINE_CURVE(2,(#1544,#1545,#1546,#1547,
#1548,#1549,#1550),.UNSPECIFIED.,.T.,.F.) B_SPLINE_CURVE_WITH_KNOTS((1,2
    ,2,2,2,1),(-2.094395102393,0.,2.094395102393,4.188790204786,
6.28318530718,8.377580409573),.UNSPECIFIED.) CURVE() 
GEOMETRIC_REPRESENTATION_ITEM() RATIONAL_B_SPLINE_CURVE((1.,0.5,1.,0.5,
1.,0.5,1.)) REPRESENTATION_ITEM('') );
#1544 = CARTESIAN_POINT('',(57.2,76.489896798926));
#1545 = CARTESIAN_POINT('',(60.057883832489,76.489896798926));
#1546 = CARTESIAN_POINT('',(58.628941916244,74.014896798926));
#1547 = CARTESIAN_POINT('',(57.2,71.539896798926));
#1548 = CARTESIAN_POINT('',(55.771058083756,74.014896798926));
#1549 = CARTESIAN_POINT('',(54.342116167511,76.489896798926));
#1550 = CARTESIAN_POINT('',(57.2,76.489896798926));
#1551 = ( GEOMETRIC_REPRESENTATION_CONTEXT(2) 
PARAMETRIC_REPRESENTATION_CONTEXT() REPRESENTATION_CONTEXT('2D SPACE',''
  ) );
#1552 = PCURVE('',#1553,#1558);
#1553 = CYLINDRICAL_SURFACE('',#1554,1.65);
#1554 = AXIS2_PLACEMENT_3D('',#1555,#1556,#1557);
#1555 = CARTESIAN_POINT('',(0.,11.,58.5));
#1556 = DIRECTION('',(-0.,1.,-1.110223024625E-16));
#1557 = DIRECTION('',(1.,0.,0.));
#1558 = DEFINITIONAL_REPRESENTATION('',(#1559),#1563);
#1559 = LINE('',#1560,#1561);
#1560 = CARTESIAN_POINT('',(-0.,0.));
#1561 = VECTOR('',#1562,1.);
#1562 = DIRECTION('',(-1.,0.));
#1563 = ( GEOMETRIC_REPRESENTATION_CONTEXT(2) 
PARAMETRIC_REPRESENTATION_CONTEXT() REPRESENTATION_CONTEXT('2D SPACE',''
  ) );
#1564 = FACE_BOUND('',#1565,.T.);
#1565 = EDGE_LOOP('',(#1566));
#1566 = ORIENTED_EDGE('',*,*,#1567,.F.);
#1567 = EDGE_CURVE('',#1568,#1568,#1570,.T.);
#1568 = VERTEX_POINT('',#1569);
#1569 = CARTESIAN_POINT('',(19.,11.,59.35));
#1570 = SURFACE_CURVE('',#1571,(#1576,#1583),.PCURVE_S1.);
#1571 = CIRCLE('',#1572,2.05);
#1572 = AXIS2_PLACEMENT_3D('',#1573,#1574,#1575);
#1573 = CARTESIAN_POINT('',(16.95,11.,59.35));
#1574 = DIRECTION('',(-0.,1.,1.110223024625E-16));
#1575 = DIRECTION('',(1.,0.,0.));
#1576 = PCURVE('',#100,#1577);
#1577 = DEFINITIONAL_REPRESENTATION('',(#1578),#1582);
#1578 = CIRCLE('',#1579,2.05);
#1579 = AXIS2_PLACEMENT_2D('',#1580,#1581);
#1580 = CARTESIAN_POINT('',(58.05,91.789896798926));
#1581 = DIRECTION('',(0.,1.));
#1582 = ( GEOMETRIC_REPRESENTATION_CONTEXT(2) 
PARAMETRIC_REPRESENTATION_CONTEXT() REPRESENTATION_CONTEXT('2D SPACE',''
  ) );
#1583 = PCURVE('',#1584,#1589);
#1584 = CYLINDRICAL_SURFACE('',#1585,2.05);
#1585 = AXIS2_PLACEMENT_3D('',#1586,#1587,#1588);
#1586 = CARTESIAN_POINT('',(16.95,9.,59.35));
#1587 = DIRECTION('',(-0.,-1.,-1.110223024625E-16));
#1588 = DIRECTION('',(1.,0.,0.));
#1589 = DEFINITIONAL_REPRESENTATION('',(#1590),#1594);
#1590 = LINE('',#1591,#1592);
#1591 = CARTESIAN_POINT('',(-0.,-2.));
#1592 = VECTOR('',#1593,1.);
#1593 = DIRECTION('',(-1.,0.));
#1594 = ( GEOMETRIC_REPRESENTATION_CONTEXT(2) 
PARAMETRIC_REPRESENTATION_CONTEXT() REPRESENTATION_CONTEXT('2D SPACE',''
  ) );
#1595 = FACE_BOUND('',#1596,.T.);
#1596 = EDGE_LOOP('',(#1597,#1630));
#1597 = ORIENTED_EDGE('',*,*,#1598,.T.);
#1598 = EDGE_CURVE('',#1599,#1233,#1601,.T.);
#1599 = VERTEX_POINT('',#1600);
#1600 = CARTESIAN_POINT('',(65.428763833672,11.,5.333333333333));
#1601 = SURFACE_CURVE('',#1602,(#1607,#1618),.PCURVE_S1.);
#1602 = CIRCLE('',#1603,2.);
#1603 = AXIS2_PLACEMENT_3D('',#1604,#1605,#1606);
#1604 = CARTESIAN_POINT('',(63.428763833672,11.,5.333333333333));
#1605 = DIRECTION('',(0.,-1.,-1.110223024625E-16));
#1606 = DIRECTION('',(1.,-0.,0.));
#1607 = PCURVE('',#100,#1608);
#1608 = DEFINITIONAL_REPRESENTATION('',(#1609),#1617);
#1609 = ( BOUNDED_CURVE() B_SPLINE_CURVE(2,(#1610,#1611,#1612,#1613,
#1614,#1615,#1616),.UNSPECIFIED.,.T.,.F.) B_SPLINE_CURVE_WITH_KNOTS((1,2
    ,2,2,2,1),(-2.094395102393,0.,2.094395102393,4.188790204786,
6.28318530718,8.377580409573),.UNSPECIFIED.) CURVE() 
GEOMETRIC_REPRESENTATION_ITEM() RATIONAL_B_SPLINE_CURVE((1.,0.5,1.,0.5,
1.,0.5,1.)) REPRESENTATION_ITEM('') );
#1610 = CARTESIAN_POINT('',(4.033333333333,140.26866063259));
#1611 = CARTESIAN_POINT('',(7.497434948471,140.26866063259));
#1612 = CARTESIAN_POINT('',(5.765384140902,137.26866063259));
#1613 = CARTESIAN_POINT('',(4.033333333333,134.26866063259));
#1614 = CARTESIAN_POINT('',(2.301282525764,137.26866063259));
#1615 = CARTESIAN_POINT('',(0.569231718196,140.26866063259));
#1616 = CARTESIAN_POINT('',(4.033333333333,140.26866063259));
#1617 = ( GEOMETRIC_REPRESENTATION_CONTEXT(2) 
PARAMETRIC_REPRESENTATION_CONTEXT() REPRESENTATION_CONTEXT('2D SPACE',''
  ) );
#1618 = PCURVE('',#1619,#1624);
#1619 = CYLINDRICAL_SURFACE('',#1620,2.);
#1620 = AXIS2_PLACEMENT_3D('',#1621,#1622,#1623);
#1621 = CARTESIAN_POINT('',(63.428763833672,-11.,5.333333333333));
#1622 = DIRECTION('',(-0.,-1.,-1.110223024625E-16));
#1623 = DIRECTION('',(1.,0.,0.));
#1624 = DEFINITIONAL_REPRESENTATION('',(#1625),#1629);
#1625 = LINE('',#1626,#1627);
#1626 = CARTESIAN_POINT('',(-6.28318530718,-22.));
#1627 = VECTOR('',#1628,1.);
#1628 = DIRECTION('',(1.,-0.));
#1629 = ( GEOMETRIC_REPRESENTATION_CONTEXT(2) 
PARAMETRIC_REPRESENTATION_CONTEXT() REPRESENTATION_CONTEXT('2D SPACE',''
  ) );
#1630 = ORIENTED_EDGE('',*,*,#1631,.T.);
#1631 = EDGE_CURVE('',#1233,#1599,#1632,.T.);
#1632 = SURFACE_CURVE('',#1633,(#1638,#1649),.PCURVE_S1.);
#1633 = CIRCLE('',#1634,2.);
#1634 = AXIS2_PLACEMENT_3D('',#1635,#1636,#1637);
#1635 = CARTESIAN_POINT('',(63.428763833672,11.,5.333333333333));
#1636 = DIRECTION('',(0.,-1.,-1.110223024625E-16));
#1637 = DIRECTION('',(1.,-0.,0.));
#1638 = PCURVE('',#100,#1639);
#1639 = DEFINITIONAL_REPRESENTATION('',(#1640),#1648);
#1640 = ( BOUNDED_CURVE() B_SPLINE_CURVE(2,(#1641,#1642,#1643,#1644,
#1645,#1646,#1647),.UNSPECIFIED.,.T.,.F.) B_SPLINE_CURVE_WITH_KNOTS((1,2
    ,2,2,2,1),(-2.094395102393,0.,2.094395102393,4.188790204786,
6.28318530718,8.377580409573),.UNSPECIFIED.) CURVE() 
GEOMETRIC_REPRESENTATION_ITEM() RATIONAL_B_SPLINE_CURVE((1.,0.5,1.,0.5,
1.,0.5,1.)) REPRESENTATION_ITEM('') );
#1641 = CARTESIAN_POINT('',(4.033333333333,140.26866063259));
#1642 = CARTESIAN_POINT('',(7.497434948471,140.26866063259));
#1643 = CARTESIAN_POINT('',(5.765384140902,137.26866063259));
#1644 = CARTESIAN_POINT('',(4.033333333333,134.26866063259));
#1645 = CARTESIAN_POINT('',(2.301282525764,137.26866063259));
#1646 = CARTESIAN_POINT('',(0.569231718196,140.26866063259));
#1647 = CARTESIAN_POINT('',(4.033333333333,140.26866063259));
#1648 = ( GEOMETRIC_REPRESENTATION_CONTEXT(2) 
PARAMETRIC_REPRESENTATION_CONTEXT() REPRESENTATION_CONTEXT('2D SPACE',''
  ) );
#1649 = PCURVE('',#1619,#1650);
#1650 = DEFINITIONAL_REPRESENTATION('',(#1651),#1655);
#1651 = LINE('',#1652,#1653);
#1652 = CARTESIAN_POINT('',(-6.28318530718,-22.));
#1653 = VECTOR('',#1654,1.);
#1654 = DIRECTION('',(1.,-0.));
#1655 = ( GEOMETRIC_REPRESENTATION_CONTEXT(2) 
PARAMETRIC_REPRESENTATION_CONTEXT() REPRESENTATION_CONTEXT('2D SPACE',''
  ) );
#1656 = FACE_BOUND('',#1657,.T.);
#1657 = EDGE_LOOP('',(#1658));
#1658 = ORIENTED_EDGE('',*,*,#1659,.T.);
#1659 = EDGE_CURVE('',#1660,#1660,#1662,.T.);
#1660 = VERTEX_POINT('',#1661);
#1661 = CARTESIAN_POINT('',(68.4,11.,2.));
#1662 = SURFACE_CURVE('',#1663,(#1668,#1679),.PCURVE_S1.);
#1663 = CIRCLE('',#1664,1.2);
#1664 = AXIS2_PLACEMENT_3D('',#1665,#1666,#1667);
#1665 = CARTESIAN_POINT('',(67.2,11.,2.));
#1666 = DIRECTION('',(0.,-1.,-1.110223024625E-16));
#1667 = DIRECTION('',(1.,-0.,0.));
#1668 = PCURVE('',#100,#1669);
#1669 = DEFINITIONAL_REPRESENTATION('',(#1670),#1678);
#1670 = ( BOUNDED_CURVE() B_SPLINE_CURVE(2,(#1671,#1672,#1673,#1674,
#1675,#1676,#1677),.UNSPECIFIED.,.T.,.F.) B_SPLINE_CURVE_WITH_KNOTS((1,2
    ,2,2,2,1),(-2.094395102393,0.,2.094395102393,4.188790204786,
6.28318530718,8.377580409573),.UNSPECIFIED.) CURVE() 
GEOMETRIC_REPRESENTATION_ITEM() RATIONAL_B_SPLINE_CURVE((1.,0.5,1.,0.5,
1.,0.5,1.)) REPRESENTATION_ITEM('') );
#1671 = CARTESIAN_POINT('',(0.7,143.23989679892));
#1672 = CARTESIAN_POINT('',(2.778460969083,143.23989679892));
#1673 = CARTESIAN_POINT('',(1.739230484541,141.43989679892));
#1674 = CARTESIAN_POINT('',(0.7,139.63989679892));
#1675 = CARTESIAN_POINT('',(-0.339230484541,141.43989679892));
#1676 = CARTESIAN_POINT('',(-1.378460969083,143.23989679892));
#1677 = CARTESIAN_POINT('',(0.7,143.23989679892));
#1678 = ( GEOMETRIC_REPRESENTATION_CONTEXT(2) 
PARAMETRIC_REPRESENTATION_CONTEXT() REPRESENTATION_CONTEXT('2D SPACE',''
  ) );
#1679 = PCURVE('',#1680,#1685);
#1680 = CYLINDRICAL_SURFACE('',#1681,1.2);
#1681 = AXIS2_PLACEMENT_3D('',#1682,#1683,#1684);
#1682 = CARTESIAN_POINT('',(67.2,-12.,2.));
#1683 = DIRECTION('',(-0.,-1.,-1.110223024625E-16));
#1684 = DIRECTION('',(1.,0.,0.));
#1685 = DEFINITIONAL_REPRESENTATION('',(#1686),#1690);
#1686 = LINE('',#1687,#1688);
#1687 = CARTESIAN_POINT('',(-6.28318530718,-23.));
#1688 = VECTOR('',#1689,1.);
#1689 = DIRECTION('',(1.,-0.));
#1690 = ( GEOMETRIC_REPRESENTATION_CONTEXT(2) 
PARAMETRIC_REPRESENTATION_CONTEXT() REPRESENTATION_CONTEXT('2D SPACE',''
  ) );
#1691 = FACE_BOUND('',#1692,.T.);
#1692 = EDGE_LOOP('',(#1693));
#1693 = ORIENTED_EDGE('',*,*,#1694,.T.);
#1694 = EDGE_CURVE('',#1695,#1695,#1697,.T.);
#1695 = VERTEX_POINT('',#1696);
#1696 = CARTESIAN_POINT('',(74.339896798926,11.,6.904606503788));
#1697 = SURFACE_CURVE('',#1698,(#1703,#1714),.PCURVE_S1.);
#1698 = CIRCLE('',#1699,2.);
#1699 = AXIS2_PLACEMENT_3D('',#1700,#1701,#1702);
#1700 = CARTESIAN_POINT('',(72.339896798926,11.,6.904606503788));
#1701 = DIRECTION('',(0.,-1.,-1.110223024625E-16));
#1702 = DIRECTION('',(1.,-0.,0.));
#1703 = PCURVE('',#100,#1704);
#1704 = DEFINITIONAL_REPRESENTATION('',(#1705),#1713);
#1705 = ( BOUNDED_CURVE() B_SPLINE_CURVE(2,(#1706,#1707,#1708,#1709,
#1710,#1711,#1712),.UNSPECIFIED.,.T.,.F.) B_SPLINE_CURVE_WITH_KNOTS((1,2
    ,2,2,2,1),(-2.094395102393,0.,2.094395102393,4.188790204786,
6.28318530718,8.377580409573),.UNSPECIFIED.) CURVE() 
GEOMETRIC_REPRESENTATION_ITEM() RATIONAL_B_SPLINE_CURVE((1.,0.5,1.,0.5,
1.,0.5,1.)) REPRESENTATION_ITEM('') );
#1706 = CARTESIAN_POINT('',(5.604606503788,149.17979359785));
#1707 = CARTESIAN_POINT('',(9.068708118926,149.17979359785));
#1708 = CARTESIAN_POINT('',(7.336657311357,146.17979359785));
#1709 = CARTESIAN_POINT('',(5.604606503788,143.17979359785));
#1710 = CARTESIAN_POINT('',(3.872555696219,146.17979359785));
#1711 = CARTESIAN_POINT('',(2.140504888651,149.17979359785));
#1712 = CARTESIAN_POINT('',(5.604606503788,149.17979359785));
#1713 = ( GEOMETRIC_REPRESENTATION_CONTEXT(2) 
PARAMETRIC_REPRESENTATION_CONTEXT() REPRESENTATION_CONTEXT('2D SPACE',''
  ) );
#1714 = PCURVE('',#1715,#1720);
#1715 = CYLINDRICAL_SURFACE('',#1716,2.);
#1716 = AXIS2_PLACEMENT_3D('',#1717,#1718,#1719);
#1717 = CARTESIAN_POINT('',(72.339896798926,10.5,6.904606503788));
#1718 = DIRECTION('',(-0.,-1.,-1.110223024625E-16));
#1719 = DIRECTION('',(1.,0.,0.));
#1720 = DEFINITIONAL_REPRESENTATION('',(#1721),#1725);
#1721 = LINE('',#1722,#1723);
#1722 = CARTESIAN_POINT('',(-6.28318530718,-0.5));
#1723 = VECTOR('',#1724,1.);
#1724 = DIRECTION('',(1.,-0.));
#1725 = ( GEOMETRIC_REPRESENTATION_CONTEXT(2) 
PARAMETRIC_REPRESENTATION_CONTEXT() REPRESENTATION_CONTEXT('2D SPACE',''
  ) );
#1726 = FACE_BOUND('',#1727,.T.);
#1727 = EDGE_LOOP('',(#1728));
#1728 = ORIENTED_EDGE('',*,*,#1729,.T.);
#1729 = EDGE_CURVE('',#1730,#1730,#1732,.T.);
#1730 = VERTEX_POINT('',#1731);
#1731 = CARTESIAN_POINT('',(70.2,11.,10.));
#1732 = SURFACE_CURVE('',#1733,(#1738,#1749),.PCURVE_S1.);
#1733 = CIRCLE('',#1734,3.);
#1734 = AXIS2_PLACEMENT_3D('',#1735,#1736,#1737);
#1735 = CARTESIAN_POINT('',(67.2,11.,10.));
#1736 = DIRECTION('',(0.,-1.,0.));
#1737 = DIRECTION('',(1.,0.,0.));
#1738 = PCURVE('',#100,#1739);
#1739 = DEFINITIONAL_REPRESENTATION('',(#1740),#1748);
#1740 = ( BOUNDED_CURVE() B_SPLINE_CURVE(2,(#1741,#1742,#1743,#1744,
#1745,#1746,#1747),.UNSPECIFIED.,.T.,.F.) B_SPLINE_CURVE_WITH_KNOTS((1,2
    ,2,2,2,1),(-2.094395102393,0.,2.094395102393,4.188790204786,
6.28318530718,8.377580409573),.UNSPECIFIED.) CURVE() 
GEOMETRIC_REPRESENTATION_ITEM() RATIONAL_B_SPLINE_CURVE((1.,0.5,1.,0.5,
1.,0.5,1.)) REPRESENTATION_ITEM('') );
#1741 = CARTESIAN_POINT('',(8.7,145.03989679892));
#1742 = CARTESIAN_POINT('',(13.896152422707,145.03989679892));
#1743 = CARTESIAN_POINT('',(11.298076211353,140.53989679892));
#1744 = CARTESIAN_POINT('',(8.7,136.03989679892));
#1745 = CARTESIAN_POINT('',(6.101923788647,140.53989679892));
#1746 = CARTESIAN_POINT('',(3.503847577293,145.03989679892));
#1747 = CARTESIAN_POINT('',(8.7,145.03989679892));
#1748 = ( GEOMETRIC_REPRESENTATION_CONTEXT(2) 
PARAMETRIC_REPRESENTATION_CONTEXT() REPRESENTATION_CONTEXT('2D SPACE',''
  ) );
#1749 = PCURVE('',#1750,#1755);
#1750 = CYLINDRICAL_SURFACE('',#1751,3.);
#1751 = AXIS2_PLACEMENT_3D('',#1752,#1753,#1754);
#1752 = CARTESIAN_POINT('',(67.2,10.5,10.));
#1753 = DIRECTION('',(0.,-1.,0.));
#1754 = DIRECTION('',(1.,0.,0.));
#1755 = DEFINITIONAL_REPRESENTATION('',(#1756),#1760);
#1756 = LINE('',#1757,#1758);
#1757 = CARTESIAN_POINT('',(0.,-0.5));
#1758 = VECTOR('',#1759,1.);
#1759 = DIRECTION('',(1.,0.));
#1760 = ( GEOMETRIC_REPRESENTATION_CONTEXT(2) 
PARAMETRIC_REPRESENTATION_CONTEXT() REPRESENTATION_CONTEXT('2D SPACE',''
  ) );
#1761 = FACE_BOUND('',#1762,.T.);
#1762 = EDGE_LOOP('',(#1763));
#1763 = ORIENTED_EDGE('',*,*,#1764,.F.);
#1764 = EDGE_CURVE('',#1765,#1765,#1767,.T.);
#1765 = VERTEX_POINT('',#1766);
#1766 = CARTESIAN_POINT('',(72.739896798926,11.,41.));
#1767 = SURFACE_CURVE('',#1768,(#1773,#1780),.PCURVE_S1.);
#1768 = CIRCLE('',#1769,2.05);
#1769 = AXIS2_PLACEMENT_3D('',#1770,#1771,#1772);
#1770 = CARTESIAN_POINT('',(70.689896798926,11.,41.));
#1771 = DIRECTION('',(-0.,1.,1.110223024625E-16));
#1772 = DIRECTION('',(1.,0.,0.));
#1773 = PCURVE('',#100,#1774);
#1774 = DEFINITIONAL_REPRESENTATION('',(#1775),#1779);
#1775 = CIRCLE('',#1776,2.05);
#1776 = AXIS2_PLACEMENT_2D('',#1777,#1778);
#1777 = CARTESIAN_POINT('',(39.7,145.52979359785));
#1778 = DIRECTION('',(0.,1.));
#1779 = ( GEOMETRIC_REPRESENTATION_CONTEXT(2) 
PARAMETRIC_REPRESENTATION_CONTEXT() REPRESENTATION_CONTEXT('2D SPACE',''
  ) );
#1780 = PCURVE('',#1781,#1786);
#1781 = CYLINDRICAL_SURFACE('',#1782,2.05);
#1782 = AXIS2_PLACEMENT_3D('',#1783,#1784,#1785);
#1783 = CARTESIAN_POINT('',(70.689896798926,9.,41.));
#1784 = DIRECTION('',(-0.,-1.,-1.110223024625E-16));
#1785 = DIRECTION('',(1.,0.,0.));
#1786 = DEFINITIONAL_REPRESENTATION('',(#1787),#1791);
#1787 = LINE('',#1788,#1789);
#1788 = CARTESIAN_POINT('',(-0.,-2.));
#1789 = VECTOR('',#1790,1.);
#1790 = DIRECTION('',(-1.,0.));
#1791 = ( GEOMETRIC_REPRESENTATION_CONTEXT(2) 
PARAMETRIC_REPRESENTATION_CONTEXT() REPRESENTATION_CONTEXT('2D SPACE',''
  ) );
#1792 = ADVANCED_FACE('',(#1793,#1819),#72,.F.);
#1793 = FACE_BOUND('',#1794,.F.);
#1794 = EDGE_LOOP('',(#1795,#1796,#1797,#1818));
#1795 = ORIENTED_EDGE('',*,*,#56,.F.);
#1796 = ORIENTED_EDGE('',*,*,#141,.T.);
#1797 = ORIENTED_EDGE('',*,*,#1798,.T.);
#1798 = EDGE_CURVE('',#142,#1486,#1799,.T.);
#1799 = SURFACE_CURVE('',#1800,(#1804,#1811),.PCURVE_S1.);
#1800 = LINE('',#1801,#1802);
#1801 = CARTESIAN_POINT('',(-61.9,-11.,1.3));
#1802 = VECTOR('',#1803,1.);
#1803 = DIRECTION('',(0.,1.,0.));
#1804 = PCURVE('',#72,#1805);
#1805 = DEFINITIONAL_REPRESENTATION('',(#1806),#1810);
#1806 = LINE('',#1807,#1808);
#1807 = CARTESIAN_POINT('',(12.939896798926,0.));
#1808 = VECTOR('',#1809,1.);
#1809 = DIRECTION('',(0.,1.));
#1810 = ( GEOMETRIC_REPRESENTATION_CONTEXT(2) 
PARAMETRIC_REPRESENTATION_CONTEXT() REPRESENTATION_CONTEXT('2D SPACE',''
  ) );
#1811 = PCURVE('',#842,#1812);
#1812 = DEFINITIONAL_REPRESENTATION('',(#1813),#1817);
#1813 = LINE('',#1814,#1815);
#1814 = CARTESIAN_POINT('',(0.,0.));
#1815 = VECTOR('',#1816,1.);
#1816 = DIRECTION('',(0.,-1.));
#1817 = ( GEOMETRIC_REPRESENTATION_CONTEXT(2) 
PARAMETRIC_REPRESENTATION_CONTEXT() REPRESENTATION_CONTEXT('2D SPACE',''
  ) );
#1818 = ORIENTED_EDGE('',*,*,#1508,.T.);
#1819 = FACE_BOUND('',#1820,.F.);
#1820 = EDGE_LOOP('',(#1821));
#1821 = ORIENTED_EDGE('',*,*,#1822,.F.);
#1822 = EDGE_CURVE('',#1823,#1823,#1825,.T.);
#1823 = VERTEX_POINT('',#1824);
#1824 = CARTESIAN_POINT('',(-63.1,0.,1.3));
#1825 = SURFACE_CURVE('',#1826,(#1831,#1838),.PCURVE_S1.);
#1826 = CIRCLE('',#1827,1.1);
#1827 = AXIS2_PLACEMENT_3D('',#1828,#1829,#1830);
#1828 = CARTESIAN_POINT('',(-64.2,0.,1.3));
#1829 = DIRECTION('',(0.,0.,1.));
#1830 = DIRECTION('',(1.,0.,0.));
#1831 = PCURVE('',#72,#1832);
#1832 = DEFINITIONAL_REPRESENTATION('',(#1833),#1837);
#1833 = CIRCLE('',#1834,1.1);
#1834 = AXIS2_PLACEMENT_2D('',#1835,#1836);
#1835 = CARTESIAN_POINT('',(10.639896798926,11.));
#1836 = DIRECTION('',(1.,0.));
#1837 = ( GEOMETRIC_REPRESENTATION_CONTEXT(2) 
PARAMETRIC_REPRESENTATION_CONTEXT() REPRESENTATION_CONTEXT('2D SPACE',''
  ) );
#1838 = PCURVE('',#1839,#1844);
#1839 = CYLINDRICAL_SURFACE('',#1840,1.1);
#1840 = AXIS2_PLACEMENT_3D('',#1841,#1842,#1843);
#1841 = CARTESIAN_POINT('',(-64.2,0.,1.3));
#1842 = DIRECTION('',(-0.,-0.,-1.));
#1843 = DIRECTION('',(1.,0.,0.));
#1844 = DEFINITIONAL_REPRESENTATION('',(#1845),#1849);
#1845 = LINE('',#1846,#1847);
#1846 = CARTESIAN_POINT('',(-0.,0.));
#1847 = VECTOR('',#1848,1.);
#1848 = DIRECTION('',(-1.,0.));
#1849 = ( GEOMETRIC_REPRESENTATION_CONTEXT(2) 
PARAMETRIC_REPRESENTATION_CONTEXT() REPRESENTATION_CONTEXT('2D SPACE',''
  ) );
#1850 = ADVANCED_FACE('',(#1851),#842,.T.);
#1851 = FACE_BOUND('',#1852,.T.);
#1852 = EDGE_LOOP('',(#1853,#1854,#1855,#1856,#1878,#1905,#1931,#1952,
    #1978));
#1853 = ORIENTED_EDGE('',*,*,#828,.F.);
#1854 = ORIENTED_EDGE('',*,*,#1798,.T.);
#1855 = ORIENTED_EDGE('',*,*,#1485,.T.);
#1856 = ORIENTED_EDGE('',*,*,#1857,.T.);
#1857 = EDGE_CURVE('',#1463,#1858,#1860,.T.);
#1858 = VERTEX_POINT('',#1859);
#1859 = CARTESIAN_POINT('',(-61.9,9.3,12.3));
#1860 = SURFACE_CURVE('',#1861,(#1865,#1871),.PCURVE_S1.);
#1861 = LINE('',#1862,#1863);
#1862 = CARTESIAN_POINT('',(-61.9,-11.,12.3));
#1863 = VECTOR('',#1864,1.);
#1864 = DIRECTION('',(0.,-1.,0.));
#1865 = PCURVE('',#842,#1866);
#1866 = DEFINITIONAL_REPRESENTATION('',(#1867),#1870);
#1867 = B_SPLINE_CURVE_WITH_KNOTS('',1,(#1868,#1869),.UNSPECIFIED.,.F.,
  .F.,(2,2),(-22.,0.),.PIECEWISE_BEZIER_KNOTS.);
#1868 = CARTESIAN_POINT('',(11.,-22.));
#1869 = CARTESIAN_POINT('',(11.,0.));
#1870 = ( GEOMETRIC_REPRESENTATION_CONTEXT(2) 
PARAMETRIC_REPRESENTATION_CONTEXT() REPRESENTATION_CONTEXT('2D SPACE',''
  ) );
#1871 = PCURVE('',#816,#1872);
#1872 = DEFINITIONAL_REPRESENTATION('',(#1873),#1877);
#1873 = LINE('',#1874,#1875);
#1874 = CARTESIAN_POINT('',(3.439896798926,0.));
#1875 = VECTOR('',#1876,1.);
#1876 = DIRECTION('',(0.,-1.));
#1877 = ( GEOMETRIC_REPRESENTATION_CONTEXT(2) 
PARAMETRIC_REPRESENTATION_CONTEXT() REPRESENTATION_CONTEXT('2D SPACE',''
  ) );
#1878 = ORIENTED_EDGE('',*,*,#1879,.F.);
#1879 = EDGE_CURVE('',#1880,#1858,#1882,.T.);
#1880 = VERTEX_POINT('',#1881);
#1881 = CARTESIAN_POINT('',(-61.9,9.3,3.));
#1882 = SURFACE_CURVE('',#1883,(#1887,#1893),.PCURVE_S1.);
#1883 = LINE('',#1884,#1885);
#1884 = CARTESIAN_POINT('',(-61.9,9.3,2.15));
#1885 = VECTOR('',#1886,1.);
#1886 = DIRECTION('',(0.,0.,1.));
#1887 = PCURVE('',#842,#1888);
#1888 = DEFINITIONAL_REPRESENTATION('',(#1889),#1892);
#1889 = B_SPLINE_CURVE_WITH_KNOTS('',1,(#1890,#1891),.UNSPECIFIED.,.F.,
  .F.,(2,2),(0.85,10.15),.PIECEWISE_BEZIER_KNOTS.);
#1890 = CARTESIAN_POINT('',(1.7,-20.3));
#1891 = CARTESIAN_POINT('',(11.,-20.3));
#1892 = ( GEOMETRIC_REPRESENTATION_CONTEXT(2) 
PARAMETRIC_REPRESENTATION_CONTEXT() REPRESENTATION_CONTEXT('2D SPACE',''
  ) );
#1893 = PCURVE('',#1894,#1899);
#1894 = PLANE('',#1895);
#1895 = AXIS2_PLACEMENT_3D('',#1896,#1897,#1898);
#1896 = CARTESIAN_POINT('',(-73.13989679892,9.3,3.));
#1897 = DIRECTION('',(0.,1.,0.));
#1898 = DIRECTION('',(0.,0.,1.));
#1899 = DEFINITIONAL_REPRESENTATION('',(#1900),#1904);
#1900 = LINE('',#1901,#1902);
#1901 = CARTESIAN_POINT('',(-0.85,11.239896798926));
#1902 = VECTOR('',#1903,1.);
#1903 = DIRECTION('',(1.,0.));
#1904 = ( GEOMETRIC_REPRESENTATION_CONTEXT(2) 
PARAMETRIC_REPRESENTATION_CONTEXT() REPRESENTATION_CONTEXT('2D SPACE',''
  ) );
#1905 = ORIENTED_EDGE('',*,*,#1906,.T.);
#1906 = EDGE_CURVE('',#1880,#1907,#1909,.T.);
#1907 = VERTEX_POINT('',#1908);
#1908 = CARTESIAN_POINT('',(-61.9,0.,3.));
#1909 = SURFACE_CURVE('',#1910,(#1914,#1920),.PCURVE_S1.);
#1910 = LINE('',#1911,#1912);
#1911 = CARTESIAN_POINT('',(-61.9,-10.15,3.));
#1912 = VECTOR('',#1913,1.);
#1913 = DIRECTION('',(0.,-1.,0.));
#1914 = PCURVE('',#842,#1915);
#1915 = DEFINITIONAL_REPRESENTATION('',(#1916),#1919);
#1916 = B_SPLINE_CURVE_WITH_KNOTS('',1,(#1917,#1918),.UNSPECIFIED.,.F.,
  .F.,(2,2),(-19.45,-0.85),.PIECEWISE_BEZIER_KNOTS.);
#1917 = CARTESIAN_POINT('',(1.7,-20.3));
#1918 = CARTESIAN_POINT('',(1.7,-1.7));
#1919 = ( GEOMETRIC_REPRESENTATION_CONTEXT(2) 
PARAMETRIC_REPRESENTATION_CONTEXT() REPRESENTATION_CONTEXT('2D SPACE',''
  ) );
#1920 = PCURVE('',#1921,#1926);
#1921 = PLANE('',#1922);
#1922 = AXIS2_PLACEMENT_3D('',#1923,#1924,#1925);
#1923 = CARTESIAN_POINT('',(-73.13989679892,-9.3,3.));
#1924 = DIRECTION('',(0.,0.,1.));
#1925 = DIRECTION('',(1.,0.,0.));
#1926 = DEFINITIONAL_REPRESENTATION('',(#1927),#1930);
#1927 = B_SPLINE_CURVE_WITH_KNOTS('',1,(#1928,#1929),.UNSPECIFIED.,.F.,
  .F.,(2,2),(-19.45,-0.85),.PIECEWISE_BEZIER_KNOTS.);
#1928 = CARTESIAN_POINT('',(11.239896798926,18.6));
#1929 = CARTESIAN_POINT('',(11.239896798926,0.));
#1930 = ( GEOMETRIC_REPRESENTATION_CONTEXT(2) 
PARAMETRIC_REPRESENTATION_CONTEXT() REPRESENTATION_CONTEXT('2D SPACE',''
  ) );
#1931 = ORIENTED_EDGE('',*,*,#1932,.T.);
#1932 = EDGE_CURVE('',#1907,#1933,#1935,.T.);
#1933 = VERTEX_POINT('',#1934);
#1934 = CARTESIAN_POINT('',(-61.9,-9.3,3.));
#1935 = SURFACE_CURVE('',#1936,(#1940,#1946),.PCURVE_S1.);
#1936 = LINE('',#1937,#1938);
#1937 = CARTESIAN_POINT('',(-61.9,-10.15,3.));
#1938 = VECTOR('',#1939,1.);
#1939 = DIRECTION('',(0.,-1.,0.));
#1940 = PCURVE('',#842,#1941);
#1941 = DEFINITIONAL_REPRESENTATION('',(#1942),#1945);
#1942 = B_SPLINE_CURVE_WITH_KNOTS('',1,(#1943,#1944),.UNSPECIFIED.,.F.,
  .F.,(2,2),(-19.45,-0.85),.PIECEWISE_BEZIER_KNOTS.);
#1943 = CARTESIAN_POINT('',(1.7,-20.3));
#1944 = CARTESIAN_POINT('',(1.7,-1.7));
#1945 = ( GEOMETRIC_REPRESENTATION_CONTEXT(2) 
PARAMETRIC_REPRESENTATION_CONTEXT() REPRESENTATION_CONTEXT('2D SPACE',''
  ) );
#1946 = PCURVE('',#1921,#1947);
#1947 = DEFINITIONAL_REPRESENTATION('',(#1948),#1951);
#1948 = B_SPLINE_CURVE_WITH_KNOTS('',1,(#1949,#1950),.UNSPECIFIED.,.F.,
  .F.,(2,2),(-19.45,-0.85),.PIECEWISE_BEZIER_KNOTS.);
#1949 = CARTESIAN_POINT('',(11.239896798926,18.6));
#1950 = CARTESIAN_POINT('',(11.239896798926,0.));
#1951 = ( GEOMETRIC_REPRESENTATION_CONTEXT(2) 
PARAMETRIC_REPRESENTATION_CONTEXT() REPRESENTATION_CONTEXT('2D SPACE',''
  ) );
#1952 = ORIENTED_EDGE('',*,*,#1953,.T.);
#1953 = EDGE_CURVE('',#1933,#1954,#1956,.T.);
#1954 = VERTEX_POINT('',#1955);
#1955 = CARTESIAN_POINT('',(-61.9,-9.3,12.3));
#1956 = SURFACE_CURVE('',#1957,(#1961,#1967),.PCURVE_S1.);
#1957 = LINE('',#1958,#1959);
#1958 = CARTESIAN_POINT('',(-61.9,-9.3,2.15));
#1959 = VECTOR('',#1960,1.);
#1960 = DIRECTION('',(0.,0.,1.));
#1961 = PCURVE('',#842,#1962);
#1962 = DEFINITIONAL_REPRESENTATION('',(#1963),#1966);
#1963 = B_SPLINE_CURVE_WITH_KNOTS('',1,(#1964,#1965),.UNSPECIFIED.,.F.,
  .F.,(2,2),(0.85,10.15),.PIECEWISE_BEZIER_KNOTS.);
#1964 = CARTESIAN_POINT('',(1.7,-1.7));
#1965 = CARTESIAN_POINT('',(11.,-1.7));
#1966 = ( GEOMETRIC_REPRESENTATION_CONTEXT(2) 
PARAMETRIC_REPRESENTATION_CONTEXT() REPRESENTATION_CONTEXT('2D SPACE',''
  ) );
#1967 = PCURVE('',#1968,#1973);
#1968 = PLANE('',#1969);
#1969 = AXIS2_PLACEMENT_3D('',#1970,#1971,#1972);
#1970 = CARTESIAN_POINT('',(-73.13989679892,-9.3,3.));
#1971 = DIRECTION('',(0.,1.,0.));
#1972 = DIRECTION('',(0.,0.,1.));
#1973 = DEFINITIONAL_REPRESENTATION('',(#1974),#1977);
#1974 = B_SPLINE_CURVE_WITH_KNOTS('',1,(#1975,#1976),.UNSPECIFIED.,.F.,
  .F.,(2,2),(0.85,10.15),.PIECEWISE_BEZIER_KNOTS.);
#1975 = CARTESIAN_POINT('',(0.,11.239896798926));
#1976 = CARTESIAN_POINT('',(9.3,11.239896798926));
#1977 = ( GEOMETRIC_REPRESENTATION_CONTEXT(2) 
PARAMETRIC_REPRESENTATION_CONTEXT() REPRESENTATION_CONTEXT('2D SPACE',''
  ) );
#1978 = ORIENTED_EDGE('',*,*,#1979,.T.);
#1979 = EDGE_CURVE('',#1954,#801,#1980,.T.);
#1980 = SURFACE_CURVE('',#1981,(#1985,#1991),.PCURVE_S1.);
#1981 = LINE('',#1982,#1983);
#1982 = CARTESIAN_POINT('',(-61.9,-11.,12.3));
#1983 = VECTOR('',#1984,1.);
#1984 = DIRECTION('',(0.,-1.,0.));
#1985 = PCURVE('',#842,#1986);
#1986 = DEFINITIONAL_REPRESENTATION('',(#1987),#1990);
#1987 = B_SPLINE_CURVE_WITH_KNOTS('',1,(#1988,#1989),.UNSPECIFIED.,.F.,
  .F.,(2,2),(-22.,0.),.PIECEWISE_BEZIER_KNOTS.);
#1988 = CARTESIAN_POINT('',(11.,-22.));
#1989 = CARTESIAN_POINT('',(11.,0.));
#1990 = ( GEOMETRIC_REPRESENTATION_CONTEXT(2) 
PARAMETRIC_REPRESENTATION_CONTEXT() REPRESENTATION_CONTEXT('2D SPACE',''
  ) );
#1991 = PCURVE('',#816,#1992);
#1992 = DEFINITIONAL_REPRESENTATION('',(#1993),#1997);
#1993 = LINE('',#1994,#1995);
#1994 = CARTESIAN_POINT('',(3.439896798926,0.));
#1995 = VECTOR('',#1996,1.);
#1996 = DIRECTION('',(0.,-1.));
#1997 = ( GEOMETRIC_REPRESENTATION_CONTEXT(2) 
PARAMETRIC_REPRESENTATION_CONTEXT() REPRESENTATION_CONTEXT('2D SPACE',''
  ) );
#1998 = ADVANCED_FACE('',(#1999),#816,.F.);
#1999 = FACE_BOUND('',#2000,.F.);
#2000 = EDGE_LOOP('',(#2001,#2022,#2023,#2024,#2047,#2069,#2102,#2128,
    #2157,#2179,#2200,#2201));
#2001 = ORIENTED_EDGE('',*,*,#2002,.F.);
#2002 = EDGE_CURVE('',#1440,#778,#2003,.T.);
#2003 = SURFACE_CURVE('',#2004,(#2008,#2015),.PCURVE_S1.);
#2004 = LINE('',#2005,#2006);
#2005 = CARTESIAN_POINT('',(-61.4,11.,12.3));
#2006 = VECTOR('',#2007,1.);
#2007 = DIRECTION('',(0.,-1.,0.));
#2008 = PCURVE('',#816,#2009);
#2009 = DEFINITIONAL_REPRESENTATION('',(#2010),#2014);
#2010 = LINE('',#2011,#2012);
#2011 = CARTESIAN_POINT('',(3.939896798926,22.));
#2012 = VECTOR('',#2013,1.);
#2013 = DIRECTION('',(0.,-1.));
#2014 = ( GEOMETRIC_REPRESENTATION_CONTEXT(2) 
PARAMETRIC_REPRESENTATION_CONTEXT() REPRESENTATION_CONTEXT('2D SPACE',''
  ) );
#2015 = PCURVE('',#635,#2016);
#2016 = DEFINITIONAL_REPRESENTATION('',(#2017),#2021);
#2017 = LINE('',#2018,#2019);
#2018 = CARTESIAN_POINT('',(0.,-22.));
#2019 = VECTOR('',#2020,1.);
#2020 = DIRECTION('',(0.,1.));
#2021 = ( GEOMETRIC_REPRESENTATION_CONTEXT(2) 
PARAMETRIC_REPRESENTATION_CONTEXT() REPRESENTATION_CONTEXT('2D SPACE',''
  ) );
#2022 = ORIENTED_EDGE('',*,*,#1462,.F.);
#2023 = ORIENTED_EDGE('',*,*,#1857,.T.);
#2024 = ORIENTED_EDGE('',*,*,#2025,.F.);
#2025 = EDGE_CURVE('',#2026,#1858,#2028,.T.);
#2026 = VERTEX_POINT('',#2027);
#2027 = CARTESIAN_POINT('',(-64.04448637286,9.3,12.3));
#2028 = SURFACE_CURVE('',#2029,(#2033,#2040),.PCURVE_S1.);
#2029 = LINE('',#2030,#2031);
#2030 = CARTESIAN_POINT('',(-73.13989679892,9.3,12.3));
#2031 = VECTOR('',#2032,1.);
#2032 = DIRECTION('',(1.,0.,0.));
#2033 = PCURVE('',#816,#2034);
#2034 = DEFINITIONAL_REPRESENTATION('',(#2035),#2039);
#2035 = LINE('',#2036,#2037);
#2036 = CARTESIAN_POINT('',(-7.8,20.3));
#2037 = VECTOR('',#2038,1.);
#2038 = DIRECTION('',(1.,0.));
#2039 = ( GEOMETRIC_REPRESENTATION_CONTEXT(2) 
PARAMETRIC_REPRESENTATION_CONTEXT() REPRESENTATION_CONTEXT('2D SPACE',''
  ) );
#2040 = PCURVE('',#1894,#2041);
#2041 = DEFINITIONAL_REPRESENTATION('',(#2042),#2046);
#2042 = LINE('',#2043,#2044);
#2043 = CARTESIAN_POINT('',(9.3,0.));
#2044 = VECTOR('',#2045,1.);
#2045 = DIRECTION('',(0.,1.));
#2046 = ( GEOMETRIC_REPRESENTATION_CONTEXT(2) 
PARAMETRIC_REPRESENTATION_CONTEXT() REPRESENTATION_CONTEXT('2D SPACE',''
  ) );
#2047 = ORIENTED_EDGE('',*,*,#2048,.T.);
#2048 = EDGE_CURVE('',#2026,#2049,#2051,.T.);
#2049 = VERTEX_POINT('',#2050);
#2050 = CARTESIAN_POINT('',(-64.04448637286,2.294736479811,12.3));
#2051 = SURFACE_CURVE('',#2052,(#2056,#2063),.PCURVE_S1.);
#2052 = LINE('',#2053,#2054);
#2053 = CARTESIAN_POINT('',(-64.04448637286,0.,12.3));
#2054 = VECTOR('',#2055,1.);
#2055 = DIRECTION('',(0.,-1.,0.));
#2056 = PCURVE('',#816,#2057);
#2057 = DEFINITIONAL_REPRESENTATION('',(#2058),#2062);
#2058 = LINE('',#2059,#2060);
#2059 = CARTESIAN_POINT('',(1.295410426059,11.));
#2060 = VECTOR('',#2061,1.);
#2061 = DIRECTION('',(0.,-1.));
#2062 = ( GEOMETRIC_REPRESENTATION_CONTEXT(2) 
PARAMETRIC_REPRESENTATION_CONTEXT() REPRESENTATION_CONTEXT('2D SPACE',''
  ) );
#2063 = PCURVE('',#766,#2064);
#2064 = DEFINITIONAL_REPRESENTATION('',(#2065),#2068);
#2065 = B_SPLINE_CURVE_WITH_KNOTS('',1,(#2066,#2067),.UNSPECIFIED.,.F.,
  .F.,(2,2),(-9.3,9.3),.PIECEWISE_BEZIER_KNOTS.);
#2066 = CARTESIAN_POINT('',(-3.226794919243,0.));
#2067 = CARTESIAN_POINT('',(-3.226794919243,-18.6));
#2068 = ( GEOMETRIC_REPRESENTATION_CONTEXT(2) 
PARAMETRIC_REPRESENTATION_CONTEXT() REPRESENTATION_CONTEXT('2D SPACE',''
  ) );
#2069 = ORIENTED_EDGE('',*,*,#2070,.T.);
#2070 = EDGE_CURVE('',#2049,#2071,#2073,.T.);
#2071 = VERTEX_POINT('',#2072);
#2072 = CARTESIAN_POINT('',(-62.57365440327,-1.626345596729,12.3));
#2073 = SURFACE_CURVE('',#2074,(#2079,#2090),.PCURVE_S1.);
#2074 = CIRCLE('',#2075,2.3);
#2075 = AXIS2_PLACEMENT_3D('',#2076,#2077,#2078);
#2076 = CARTESIAN_POINT('',(-64.2,0.,12.3));
#2077 = DIRECTION('',(0.,0.,-1.));
#2078 = DIRECTION('',(1.,0.,0.));
#2079 = PCURVE('',#816,#2080);
#2080 = DEFINITIONAL_REPRESENTATION('',(#2081),#2089);
#2081 = ( BOUNDED_CURVE() B_SPLINE_CURVE(2,(#2082,#2083,#2084,#2085,
#2086,#2087,#2088),.UNSPECIFIED.,.T.,.F.) B_SPLINE_CURVE_WITH_KNOTS((1,2
    ,2,2,2,1),(-2.094395102393,0.,2.094395102393,4.188790204786,
6.28318530718,8.377580409573),.UNSPECIFIED.) CURVE() 
GEOMETRIC_REPRESENTATION_ITEM() RATIONAL_B_SPLINE_CURVE((1.,0.5,1.,0.5,
1.,0.5,1.)) REPRESENTATION_ITEM('') );
#2082 = CARTESIAN_POINT('',(3.439896798926,11.));
#2083 = CARTESIAN_POINT('',(3.439896798926,7.016283142592));
#2084 = CARTESIAN_POINT('',(-1.010320107395E-02,9.008141571296));
#2085 = CARTESIAN_POINT('',(-3.460103201074,11.));
#2086 = CARTESIAN_POINT('',(-1.010320107396E-02,12.991858428704));
#2087 = CARTESIAN_POINT('',(3.439896798926,14.983716857408));
#2088 = CARTESIAN_POINT('',(3.439896798926,11.));
#2089 = ( GEOMETRIC_REPRESENTATION_CONTEXT(2) 
PARAMETRIC_REPRESENTATION_CONTEXT() REPRESENTATION_CONTEXT('2D SPACE',''
  ) );
#2090 = PCURVE('',#2091,#2096);
#2091 = CYLINDRICAL_SURFACE('',#2092,2.3);
#2092 = AXIS2_PLACEMENT_3D('',#2093,#2094,#2095);
#2093 = CARTESIAN_POINT('',(-64.2,0.,11.3));
#2094 = DIRECTION('',(-0.,-0.,-1.));
#2095 = DIRECTION('',(1.,0.,0.));
#2096 = DEFINITIONAL_REPRESENTATION('',(#2097),#2101);
#2097 = LINE('',#2098,#2099);
#2098 = CARTESIAN_POINT('',(-12.56637061435,-1.));
#2099 = VECTOR('',#2100,1.);
#2100 = DIRECTION('',(1.,-0.));
#2101 = ( GEOMETRIC_REPRESENTATION_CONTEXT(2) 
PARAMETRIC_REPRESENTATION_CONTEXT() REPRESENTATION_CONTEXT('2D SPACE',''
  ) );
#2102 = ORIENTED_EDGE('',*,*,#2103,.F.);
#2103 = EDGE_CURVE('',#2104,#2071,#2106,.T.);
#2104 = VERTEX_POINT('',#2105);
#2105 = CARTESIAN_POINT('',(-62.57365440327,-2.871410803072,12.3));
#2106 = SURFACE_CURVE('',#2107,(#2111,#2117),.PCURVE_S1.);
#2107 = LINE('',#2108,#2109);
#2108 = CARTESIAN_POINT('',(-62.57365440327,-15.5,12.3));
#2109 = VECTOR('',#2110,1.);
#2110 = DIRECTION('',(0.,1.,0.));
#2111 = PCURVE('',#816,#2112);
#2112 = DEFINITIONAL_REPRESENTATION('',(#2113),#2116);
#2113 = B_SPLINE_CURVE_WITH_KNOTS('',1,(#2114,#2115),.UNSPECIFIED.,.F.,
  .F.,(2,2),(12.065615047785,13.873654403271),.PIECEWISE_BEZIER_KNOTS.);
#2114 = CARTESIAN_POINT('',(2.766242395655,7.565615047785));
#2115 = CARTESIAN_POINT('',(2.766242395655,9.373654403271));
#2116 = ( GEOMETRIC_REPRESENTATION_CONTEXT(2) 
PARAMETRIC_REPRESENTATION_CONTEXT() REPRESENTATION_CONTEXT('2D SPACE',''
  ) );
#2117 = PCURVE('',#2118,#2123);
#2118 = PLANE('',#2119);
#2119 = AXIS2_PLACEMENT_3D('',#2120,#2121,#2122);
#2120 = CARTESIAN_POINT('',(-62.57365440327,-20.,10.8));
#2121 = DIRECTION('',(1.,0.,0.));
#2122 = DIRECTION('',(0.,0.,1.));
#2123 = DEFINITIONAL_REPRESENTATION('',(#2124),#2127);
#2124 = B_SPLINE_CURVE_WITH_KNOTS('',1,(#2125,#2126),.UNSPECIFIED.,.F.,
  .F.,(2,2),(12.065615047785,13.873654403271),.PIECEWISE_BEZIER_KNOTS.);
#2125 = CARTESIAN_POINT('',(1.5,-16.56561504778));
#2126 = CARTESIAN_POINT('',(1.5,-18.37365440327));
#2127 = ( GEOMETRIC_REPRESENTATION_CONTEXT(2) 
PARAMETRIC_REPRESENTATION_CONTEXT() REPRESENTATION_CONTEXT('2D SPACE',''
  ) );
#2128 = ORIENTED_EDGE('',*,*,#2129,.F.);
#2129 = EDGE_CURVE('',#2130,#2104,#2132,.T.);
#2130 = VERTEX_POINT('',#2131);
#2131 = CARTESIAN_POINT('',(-64.04448637286,-3.296333646914,12.3));
#2132 = SURFACE_CURVE('',#2133,(#2138,#2145),.PCURVE_S1.);
#2133 = CIRCLE('',#2134,3.3);
#2134 = AXIS2_PLACEMENT_3D('',#2135,#2136,#2137);
#2135 = CARTESIAN_POINT('',(-64.2,0.,12.3));
#2136 = DIRECTION('',(0.,0.,1.));
#2137 = DIRECTION('',(1.,0.,-0.));
#2138 = PCURVE('',#816,#2139);
#2139 = DEFINITIONAL_REPRESENTATION('',(#2140),#2144);
#2140 = CIRCLE('',#2141,3.3);
#2141 = AXIS2_PLACEMENT_2D('',#2142,#2143);
#2142 = CARTESIAN_POINT('',(1.139896798926,11.));
#2143 = DIRECTION('',(1.,0.));
#2144 = ( GEOMETRIC_REPRESENTATION_CONTEXT(2) 
PARAMETRIC_REPRESENTATION_CONTEXT() REPRESENTATION_CONTEXT('2D SPACE',''
  ) );
#2145 = PCURVE('',#2146,#2151);
#2146 = CONICAL_SURFACE('',#2147,2.3,0.785398163397);
#2147 = AXIS2_PLACEMENT_3D('',#2148,#2149,#2150);
#2148 = CARTESIAN_POINT('',(-64.2,0.,11.3));
#2149 = DIRECTION('',(0.,0.,1.));
#2150 = DIRECTION('',(1.,0.,0.));
#2151 = DEFINITIONAL_REPRESENTATION('',(#2152),#2156);
#2152 = LINE('',#2153,#2154);
#2153 = CARTESIAN_POINT('',(0.,1.));
#2154 = VECTOR('',#2155,1.);
#2155 = DIRECTION('',(1.,0.));
#2156 = ( GEOMETRIC_REPRESENTATION_CONTEXT(2) 
PARAMETRIC_REPRESENTATION_CONTEXT() REPRESENTATION_CONTEXT('2D SPACE',''
  ) );
#2157 = ORIENTED_EDGE('',*,*,#2158,.T.);
#2158 = EDGE_CURVE('',#2130,#2159,#2161,.T.);
#2159 = VERTEX_POINT('',#2160);
#2160 = CARTESIAN_POINT('',(-64.04448637286,-9.3,12.3));
#2161 = SURFACE_CURVE('',#2162,(#2166,#2173),.PCURVE_S1.);
#2162 = LINE('',#2163,#2164);
#2163 = CARTESIAN_POINT('',(-64.04448637286,0.,12.3));
#2164 = VECTOR('',#2165,1.);
#2165 = DIRECTION('',(0.,-1.,0.));
#2166 = PCURVE('',#816,#2167);
#2167 = DEFINITIONAL_REPRESENTATION('',(#2168),#2172);
#2168 = LINE('',#2169,#2170);
#2169 = CARTESIAN_POINT('',(1.295410426059,11.));
#2170 = VECTOR('',#2171,1.);
#2171 = DIRECTION('',(0.,-1.));
#2172 = ( GEOMETRIC_REPRESENTATION_CONTEXT(2) 
PARAMETRIC_REPRESENTATION_CONTEXT() REPRESENTATION_CONTEXT('2D SPACE',''
  ) );
#2173 = PCURVE('',#766,#2174);
#2174 = DEFINITIONAL_REPRESENTATION('',(#2175),#2178);
#2175 = B_SPLINE_CURVE_WITH_KNOTS('',1,(#2176,#2177),.UNSPECIFIED.,.F.,
  .F.,(2,2),(-9.3,9.3),.PIECEWISE_BEZIER_KNOTS.);
#2176 = CARTESIAN_POINT('',(-3.226794919243,0.));
#2177 = CARTESIAN_POINT('',(-3.226794919243,-18.6));
#2178 = ( GEOMETRIC_REPRESENTATION_CONTEXT(2) 
PARAMETRIC_REPRESENTATION_CONTEXT() REPRESENTATION_CONTEXT('2D SPACE',''
  ) );
#2179 = ORIENTED_EDGE('',*,*,#2180,.T.);
#2180 = EDGE_CURVE('',#2159,#1954,#2181,.T.);
#2181 = SURFACE_CURVE('',#2182,(#2186,#2193),.PCURVE_S1.);
#2182 = LINE('',#2183,#2184);
#2183 = CARTESIAN_POINT('',(-73.13989679892,-9.3,12.3));
#2184 = VECTOR('',#2185,1.);
#2185 = DIRECTION('',(1.,0.,0.));
#2186 = PCURVE('',#816,#2187);
#2187 = DEFINITIONAL_REPRESENTATION('',(#2188),#2192);
#2188 = LINE('',#2189,#2190);
#2189 = CARTESIAN_POINT('',(-7.8,1.7));
#2190 = VECTOR('',#2191,1.);
#2191 = DIRECTION('',(1.,0.));
#2192 = ( GEOMETRIC_REPRESENTATION_CONTEXT(2) 
PARAMETRIC_REPRESENTATION_CONTEXT() REPRESENTATION_CONTEXT('2D SPACE',''
  ) );
#2193 = PCURVE('',#1968,#2194);
#2194 = DEFINITIONAL_REPRESENTATION('',(#2195),#2199);
#2195 = LINE('',#2196,#2197);
#2196 = CARTESIAN_POINT('',(9.3,0.));
#2197 = VECTOR('',#2198,1.);
#2198 = DIRECTION('',(0.,1.));
#2199 = ( GEOMETRIC_REPRESENTATION_CONTEXT(2) 
PARAMETRIC_REPRESENTATION_CONTEXT() REPRESENTATION_CONTEXT('2D SPACE',''
  ) );
#2200 = ORIENTED_EDGE('',*,*,#1979,.T.);
#2201 = ORIENTED_EDGE('',*,*,#800,.T.);
#2202 = ADVANCED_FACE('',(#2203),#635,.T.);
#2203 = FACE_BOUND('',#2204,.T.);
#2204 = EDGE_LOOP('',(#2205,#2206,#2207,#2208,#2229,#2230,#2251,#2273));
#2205 = ORIENTED_EDGE('',*,*,#777,.F.);
#2206 = ORIENTED_EDGE('',*,*,#2002,.F.);
#2207 = ORIENTED_EDGE('',*,*,#1439,.T.);
#2208 = ORIENTED_EDGE('',*,*,#2209,.F.);
#2209 = EDGE_CURVE('',#592,#1417,#2210,.T.);
#2210 = SURFACE_CURVE('',#2211,(#2215,#2222),.PCURVE_S1.);
#2211 = LINE('',#2212,#2213);
#2212 = CARTESIAN_POINT('',(-61.4,-11.,25.4));
#2213 = VECTOR('',#2214,1.);
#2214 = DIRECTION('',(0.,1.,0.));
#2215 = PCURVE('',#635,#2216);
#2216 = DEFINITIONAL_REPRESENTATION('',(#2217),#2221);
#2217 = LINE('',#2218,#2219);
#2218 = CARTESIAN_POINT('',(13.1,0.));
#2219 = VECTOR('',#2220,1.);
#2220 = DIRECTION('',(0.,-1.));
#2221 = ( GEOMETRIC_REPRESENTATION_CONTEXT(2) 
PARAMETRIC_REPRESENTATION_CONTEXT() REPRESENTATION_CONTEXT('2D SPACE',''
  ) );
#2222 = PCURVE('',#607,#2223);
#2223 = DEFINITIONAL_REPRESENTATION('',(#2224),#2228);
#2224 = LINE('',#2225,#2226);
#2225 = CARTESIAN_POINT('',(3.939896798926,0.));
#2226 = VECTOR('',#2227,1.);
#2227 = DIRECTION('',(0.,1.));
#2228 = ( GEOMETRIC_REPRESENTATION_CONTEXT(2) 
PARAMETRIC_REPRESENTATION_CONTEXT() REPRESENTATION_CONTEXT('2D SPACE',''
  ) );
#2229 = ORIENTED_EDGE('',*,*,#619,.F.);
#2230 = ORIENTED_EDGE('',*,*,#2231,.F.);
#2231 = EDGE_CURVE('',#2232,#620,#2234,.T.);
#2232 = VERTEX_POINT('',#2233);
#2233 = CARTESIAN_POINT('',(-61.4,9.3,22.209713985623));
#2234 = SURFACE_CURVE('',#2235,(#2239,#2245),.PCURVE_S1.);
#2235 = LINE('',#2236,#2237);
#2236 = CARTESIAN_POINT('',(-61.4,-0.85,22.209713985623));
#2237 = VECTOR('',#2238,1.);
#2238 = DIRECTION('',(0.,-1.,0.));
#2239 = PCURVE('',#635,#2240);
#2240 = DEFINITIONAL_REPRESENTATION('',(#2241),#2244);
#2241 = B_SPLINE_CURVE_WITH_KNOTS('',1,(#2242,#2243),.UNSPECIFIED.,.F.,
  .F.,(2,2),(-10.15,10.15),.PIECEWISE_BEZIER_KNOTS.);
#2242 = CARTESIAN_POINT('',(9.909713985623,-20.3));
#2243 = CARTESIAN_POINT('',(9.909713985623,0.));
#2244 = ( GEOMETRIC_REPRESENTATION_CONTEXT(2) 
PARAMETRIC_REPRESENTATION_CONTEXT() REPRESENTATION_CONTEXT('2D SPACE',''
  ) );
#2245 = PCURVE('',#662,#2246);
#2246 = DEFINITIONAL_REPRESENTATION('',(#2247),#2250);
#2247 = B_SPLINE_CURVE_WITH_KNOTS('',1,(#2248,#2249),.UNSPECIFIED.,.F.,
  .F.,(2,2),(-10.15,10.15),.PIECEWISE_BEZIER_KNOTS.);
#2248 = CARTESIAN_POINT('',(-2.347092927278,0.));
#2249 = CARTESIAN_POINT('',(-2.347092927278,-20.3));
#2250 = ( GEOMETRIC_REPRESENTATION_CONTEXT(2) 
PARAMETRIC_REPRESENTATION_CONTEXT() REPRESENTATION_CONTEXT('2D SPACE',''
  ) );
#2251 = ORIENTED_EDGE('',*,*,#2252,.F.);
#2252 = EDGE_CURVE('',#2253,#2232,#2255,.T.);
#2253 = VERTEX_POINT('',#2254);
#2254 = CARTESIAN_POINT('',(-61.4,9.3,13.826794919243));
#2255 = SURFACE_CURVE('',#2256,(#2260,#2266),.PCURVE_S1.);
#2256 = LINE('',#2257,#2258);
#2257 = CARTESIAN_POINT('',(-61.4,9.3,15.188985648941));
#2258 = VECTOR('',#2259,1.);
#2259 = DIRECTION('',(0.,-0.,1.));
#2260 = PCURVE('',#635,#2261);
#2261 = DEFINITIONAL_REPRESENTATION('',(#2262),#2265);
#2262 = B_SPLINE_CURVE_WITH_KNOTS('',1,(#2263,#2264),.UNSPECIFIED.,.F.,
  .F.,(2,2),(-2.888985648941,8.661014351059),.PIECEWISE_BEZIER_KNOTS.);
#2263 = CARTESIAN_POINT('',(0.,-20.3));
#2264 = CARTESIAN_POINT('',(11.55,-20.3));
#2265 = ( GEOMETRIC_REPRESENTATION_CONTEXT(2) 
PARAMETRIC_REPRESENTATION_CONTEXT() REPRESENTATION_CONTEXT('2D SPACE',''
  ) );
#2266 = PCURVE('',#1894,#2267);
#2267 = DEFINITIONAL_REPRESENTATION('',(#2268),#2272);
#2268 = LINE('',#2269,#2270);
#2269 = CARTESIAN_POINT('',(12.188985648941,11.739896798926));
#2270 = VECTOR('',#2271,1.);
#2271 = DIRECTION('',(1.,0.));
#2272 = ( GEOMETRIC_REPRESENTATION_CONTEXT(2) 
PARAMETRIC_REPRESENTATION_CONTEXT() REPRESENTATION_CONTEXT('2D SPACE',''
  ) );
#2273 = ORIENTED_EDGE('',*,*,#2274,.F.);
#2274 = EDGE_CURVE('',#752,#2253,#2275,.T.);
#2275 = SURFACE_CURVE('',#2276,(#2280,#2286),.PCURVE_S1.);
#2276 = LINE('',#2277,#2278);
#2277 = CARTESIAN_POINT('',(-61.4,-0.85,13.826794919243));
#2278 = VECTOR('',#2279,1.);
#2279 = DIRECTION('',(-0.,1.,0.));
#2280 = PCURVE('',#635,#2281);
#2281 = DEFINITIONAL_REPRESENTATION('',(#2282),#2285);
#2282 = B_SPLINE_CURVE_WITH_KNOTS('',1,(#2283,#2284),.UNSPECIFIED.,.F.,
  .F.,(2,2),(-10.15,10.15),.PIECEWISE_BEZIER_KNOTS.);
#2283 = CARTESIAN_POINT('',(1.526794919243,0.));
#2284 = CARTESIAN_POINT('',(1.526794919243,-20.3));
#2285 = ( GEOMETRIC_REPRESENTATION_CONTEXT(2) 
PARAMETRIC_REPRESENTATION_CONTEXT() REPRESENTATION_CONTEXT('2D SPACE',''
  ) );
#2286 = PCURVE('',#766,#2287);
#2287 = DEFINITIONAL_REPRESENTATION('',(#2288),#2291);
#2288 = B_SPLINE_CURVE_WITH_KNOTS('',1,(#2289,#2290),.UNSPECIFIED.,.F.,
  .F.,(2,2),(-10.15,10.15),.PIECEWISE_BEZIER_KNOTS.);
#2289 = CARTESIAN_POINT('',(-0.173205080757,-20.3));
#2290 = CARTESIAN_POINT('',(-0.173205080757,0.));
#2291 = ( GEOMETRIC_REPRESENTATION_CONTEXT(2) 
PARAMETRIC_REPRESENTATION_CONTEXT() REPRESENTATION_CONTEXT('2D SPACE',''
  ) );
#2292 = ADVANCED_FACE('',(#2293),#766,.T.);
#2293 = FACE_BOUND('',#2294,.F.);
#2294 = EDGE_LOOP('',(#2295,#2316,#2317,#2318,#2341,#2360,#2361,#2392,
    #2418,#2452,#2479,#2514,#2544,#2566,#2595,#2621,#2646));
#2295 = ORIENTED_EDGE('',*,*,#2296,.F.);
#2296 = EDGE_CURVE('',#2253,#2026,#2297,.T.);
#2297 = SURFACE_CURVE('',#2298,(#2302,#2309),.PCURVE_S1.);
#2298 = LINE('',#2299,#2300);
#2299 = CARTESIAN_POINT('',(-61.25,9.3,13.913397459622));
#2300 = VECTOR('',#2301,1.);
#2301 = DIRECTION('',(-0.866025403784,-0.,-0.5));
#2302 = PCURVE('',#766,#2303);
#2303 = DEFINITIONAL_REPRESENTATION('',(#2304),#2308);
#2304 = LINE('',#2305,#2306);
#2305 = CARTESIAN_POINT('',(0.,-0.));
#2306 = VECTOR('',#2307,1.);
#2307 = DIRECTION('',(-1.,0.));
#2308 = ( GEOMETRIC_REPRESENTATION_CONTEXT(2) 
PARAMETRIC_REPRESENTATION_CONTEXT() REPRESENTATION_CONTEXT('2D SPACE',''
  ) );
#2309 = PCURVE('',#1894,#2310);
#2310 = DEFINITIONAL_REPRESENTATION('',(#2311),#2315);
#2311 = LINE('',#2312,#2313);
#2312 = CARTESIAN_POINT('',(10.913397459622,11.889896798926));
#2313 = VECTOR('',#2314,1.);
#2314 = DIRECTION('',(-0.5,-0.866025403784));
#2315 = ( GEOMETRIC_REPRESENTATION_CONTEXT(2) 
PARAMETRIC_REPRESENTATION_CONTEXT() REPRESENTATION_CONTEXT('2D SPACE',''
  ) );
#2316 = ORIENTED_EDGE('',*,*,#2274,.F.);
#2317 = ORIENTED_EDGE('',*,*,#751,.T.);
#2318 = ORIENTED_EDGE('',*,*,#2319,.F.);
#2319 = EDGE_CURVE('',#2320,#726,#2322,.T.);
#2320 = VERTEX_POINT('',#2321);
#2321 = CARTESIAN_POINT('',(-64.304293994,-9.3,12.15));
#2322 = SURFACE_CURVE('',#2323,(#2327,#2334),.PCURVE_S1.);
#2323 = LINE('',#2324,#2325);
#2324 = CARTESIAN_POINT('',(-64.304293994,9.3,12.15));
#2325 = VECTOR('',#2326,1.);
#2326 = DIRECTION('',(-0.,-1.,-0.));
#2327 = PCURVE('',#766,#2328);
#2328 = DEFINITIONAL_REPRESENTATION('',(#2329),#2333);
#2329 = LINE('',#2330,#2331);
#2330 = CARTESIAN_POINT('',(-3.526794919243,0.));
#2331 = VECTOR('',#2332,1.);
#2332 = DIRECTION('',(-0.,-1.));
#2333 = ( GEOMETRIC_REPRESENTATION_CONTEXT(2) 
PARAMETRIC_REPRESENTATION_CONTEXT() REPRESENTATION_CONTEXT('2D SPACE',''
  ) );
#2334 = PCURVE('',#740,#2335);
#2335 = DEFINITIONAL_REPRESENTATION('',(#2336),#2340);
#2336 = LINE('',#2337,#2338);
#2337 = CARTESIAN_POINT('',(0.,-0.));
#2338 = VECTOR('',#2339,1.);
#2339 = DIRECTION('',(-0.,-1.));
#2340 = ( GEOMETRIC_REPRESENTATION_CONTEXT(2) 
PARAMETRIC_REPRESENTATION_CONTEXT() REPRESENTATION_CONTEXT('2D SPACE',''
  ) );
#2341 = ORIENTED_EDGE('',*,*,#2342,.T.);
#2342 = EDGE_CURVE('',#2320,#2159,#2343,.T.);
#2343 = SURFACE_CURVE('',#2344,(#2348,#2354),.PCURVE_S1.);
#2344 = LINE('',#2345,#2346);
#2345 = CARTESIAN_POINT('',(-68.07153116,-9.3,9.974984608108));
#2346 = VECTOR('',#2347,1.);
#2347 = DIRECTION('',(0.866025403784,-0.,0.5));
#2348 = PCURVE('',#766,#2349);
#2349 = DEFINITIONAL_REPRESENTATION('',(#2350),#2353);
#2350 = B_SPLINE_CURVE_WITH_KNOTS('',1,(#2351,#2352),.UNSPECIFIED.,.F.,
  .F.,(2,2),(4.350030783785,4.650030783785),.PIECEWISE_BEZIER_KNOTS.);
#2351 = CARTESIAN_POINT('',(-3.526794919243,-18.6));
#2352 = CARTESIAN_POINT('',(-3.226794919243,-18.6));
#2353 = ( GEOMETRIC_REPRESENTATION_CONTEXT(2) 
PARAMETRIC_REPRESENTATION_CONTEXT() REPRESENTATION_CONTEXT('2D SPACE',''
  ) );
#2354 = PCURVE('',#1968,#2355);
#2355 = DEFINITIONAL_REPRESENTATION('',(#2356),#2359);
#2356 = B_SPLINE_CURVE_WITH_KNOTS('',1,(#2357,#2358),.UNSPECIFIED.,.F.,
  .F.,(2,2),(4.350030783785,4.650030783785),.PIECEWISE_BEZIER_KNOTS.);
#2357 = CARTESIAN_POINT('',(9.15,8.835602804924));
#2358 = CARTESIAN_POINT('',(9.3,9.095410426059));
#2359 = ( GEOMETRIC_REPRESENTATION_CONTEXT(2) 
PARAMETRIC_REPRESENTATION_CONTEXT() REPRESENTATION_CONTEXT('2D SPACE',''
  ) );
#2360 = ORIENTED_EDGE('',*,*,#2158,.F.);
#2361 = ORIENTED_EDGE('',*,*,#2362,.F.);
#2362 = EDGE_CURVE('',#2363,#2130,#2365,.T.);
#2363 = VERTEX_POINT('',#2364);
#2364 = CARTESIAN_POINT('',(-63.17846096908,-3.660117212373,12.8));
#2365 = SURFACE_CURVE('',#2366,(#2371,#2382),.PCURVE_S1.);
#2366 = ELLIPSE('',#2367,5.560254037844,3.93169333528);
#2367 = AXIS2_PLACEMENT_3D('',#2368,#2369,#2370);
#2368 = CARTESIAN_POINT('',(-61.41987298107,0.,13.815321248268));
#2369 = DIRECTION('',(0.5,0.,-0.866025403784));
#2370 = DIRECTION('',(0.866025403784,0.,0.5));
#2371 = PCURVE('',#766,#2372);
#2372 = DEFINITIONAL_REPRESENTATION('',(#2373),#2381);
#2373 = ( BOUNDED_CURVE() B_SPLINE_CURVE(2,(#2374,#2375,#2376,#2377,
#2378,#2379,#2380),.UNSPECIFIED.,.T.,.F.) B_SPLINE_CURVE_WITH_KNOTS((1,2
    ,2,2,2,1),(-2.094395102393,0.,2.094395102393,4.188790204786,
6.28318530718,8.377580409573),.UNSPECIFIED.) CURVE() 
GEOMETRIC_REPRESENTATION_ITEM() RATIONAL_B_SPLINE_CURVE((1.,0.5,1.,0.5,
1.,0.5,1.)) REPRESENTATION_ITEM('') );
#2374 = CARTESIAN_POINT('',(5.364101615138,-9.3));
#2375 = CARTESIAN_POINT('',(5.364101615138,-16.10989261648));
#2376 = CARTESIAN_POINT('',(-2.976279441629,-12.70494630824));
#2377 = CARTESIAN_POINT('',(-11.31666049839,-9.3));
#2378 = CARTESIAN_POINT('',(-2.976279441629,-5.895053691758));
#2379 = CARTESIAN_POINT('',(5.364101615138,-2.490107383516));
#2380 = CARTESIAN_POINT('',(5.364101615138,-9.3));
#2381 = ( GEOMETRIC_REPRESENTATION_CONTEXT(2) 
PARAMETRIC_REPRESENTATION_CONTEXT() REPRESENTATION_CONTEXT('2D SPACE',''
  ) );
#2382 = PCURVE('',#2146,#2383);
#2383 = DEFINITIONAL_REPRESENTATION('',(#2384),#2391);
#2384 = B_SPLINE_CURVE_WITH_KNOTS('',5,(#2385,#2386,#2387,#2388,#2389,
    #2390),.UNSPECIFIED.,.F.,.F.,(6,6),(1.944651247532,2.290713845234),
  .PIECEWISE_BEZIER_KNOTS.);
#2385 = CARTESIAN_POINT('',(4.984562999201,1.5));
#2386 = CARTESIAN_POINT('',(4.912951840834,1.32087151416));
#2387 = CARTESIAN_POINT('',(4.837120218142,1.147822664545));
#2388 = CARTESIAN_POINT('',(4.756601607098,0.98264161461));
#2389 = CARTESIAN_POINT('',(4.670890216975,0.826993127111));
#2390 = CARTESIAN_POINT('',(4.579645026843,0.682320508076));
#2391 = ( GEOMETRIC_REPRESENTATION_CONTEXT(2) 
PARAMETRIC_REPRESENTATION_CONTEXT() REPRESENTATION_CONTEXT('2D SPACE',''
  ) );
#2392 = ORIENTED_EDGE('',*,*,#2393,.F.);
#2393 = EDGE_CURVE('',#2394,#2363,#2396,.T.);
#2394 = VERTEX_POINT('',#2395);
#2395 = CARTESIAN_POINT('',(-63.17846096908,-0.804026124148,12.8));
#2396 = SURFACE_CURVE('',#2397,(#2401,#2407),.PCURVE_S1.);
#2397 = LINE('',#2398,#2399);
#2398 = CARTESIAN_POINT('',(-63.17846096908,4.65,12.8));
#2399 = VECTOR('',#2400,1.);
#2400 = DIRECTION('',(0.,-1.,0.));
#2401 = PCURVE('',#766,#2402);
#2402 = DEFINITIONAL_REPRESENTATION('',(#2403),#2406);
#2403 = B_SPLINE_CURVE_WITH_KNOTS('',1,(#2404,#2405),.UNSPECIFIED.,.F.,
  .F.,(2,2),(2.35,8.45),.PIECEWISE_BEZIER_KNOTS.);
#2404 = CARTESIAN_POINT('',(-2.226794919243,-7.));
#2405 = CARTESIAN_POINT('',(-2.226794919243,-13.1));
#2406 = ( GEOMETRIC_REPRESENTATION_CONTEXT(2) 
PARAMETRIC_REPRESENTATION_CONTEXT() REPRESENTATION_CONTEXT('2D SPACE',''
  ) );
#2407 = PCURVE('',#2408,#2413);
#2408 = PLANE('',#2409);
#2409 = AXIS2_PLACEMENT_3D('',#2410,#2411,#2412);
#2410 = CARTESIAN_POINT('',(-64.2,1.290626075881E-16,12.8));
#2411 = DIRECTION('',(0.,0.,1.));
#2412 = DIRECTION('',(1.,0.,-0.));
#2413 = DEFINITIONAL_REPRESENTATION('',(#2414),#2417);
#2414 = B_SPLINE_CURVE_WITH_KNOTS('',1,(#2415,#2416),.UNSPECIFIED.,.F.,
  .F.,(2,2),(2.35,8.45),.PIECEWISE_BEZIER_KNOTS.);
#2415 = CARTESIAN_POINT('',(1.021539030917,2.3));
#2416 = CARTESIAN_POINT('',(1.021539030917,-3.8));
#2417 = ( GEOMETRIC_REPRESENTATION_CONTEXT(2) 
PARAMETRIC_REPRESENTATION_CONTEXT() REPRESENTATION_CONTEXT('2D SPACE',''
  ) );
#2418 = ORIENTED_EDGE('',*,*,#2419,.F.);
#2419 = EDGE_CURVE('',#2420,#2394,#2422,.T.);
#2420 = VERTEX_POINT('',#2421);
#2421 = CARTESIAN_POINT('',(-64.04448637286,-1.290664755766,12.3));
#2422 = SURFACE_CURVE('',#2423,(#2428,#2435),.PCURVE_S1.);
#2423 = ELLIPSE('',#2424,1.501110699893,1.3);
#2424 = AXIS2_PLACEMENT_3D('',#2425,#2426,#2427);
#2425 = CARTESIAN_POINT('',(-64.2,0.,12.210214165512));
#2426 = DIRECTION('',(-0.5,-0.,0.866025403784));
#2427 = DIRECTION('',(-0.866025403784,0.,-0.5));
#2428 = PCURVE('',#766,#2429);
#2429 = DEFINITIONAL_REPRESENTATION('',(#2430),#2434);
#2430 = ELLIPSE('',#2431,1.501110699893,1.3);
#2431 = AXIS2_PLACEMENT_2D('',#2432,#2433);
#2432 = CARTESIAN_POINT('',(-3.406366588219,-9.3));
#2433 = DIRECTION('',(-1.,0.));
#2434 = ( GEOMETRIC_REPRESENTATION_CONTEXT(2) 
PARAMETRIC_REPRESENTATION_CONTEXT() REPRESENTATION_CONTEXT('2D SPACE',''
  ) );
#2435 = PCURVE('',#2436,#2441);
#2436 = CYLINDRICAL_SURFACE('',#2437,1.3);
#2437 = AXIS2_PLACEMENT_3D('',#2438,#2439,#2440);
#2438 = CARTESIAN_POINT('',(-64.2,0.,10.8));
#2439 = DIRECTION('',(-0.,-0.,-1.));
#2440 = DIRECTION('',(1.,0.,0.));
#2441 = DEFINITIONAL_REPRESENTATION('',(#2442),#2451);
#2442 = B_SPLINE_CURVE_WITH_KNOTS('',7,(#2443,#2444,#2445,#2446,#2447,
    #2448,#2449,#2450),.UNSPECIFIED.,.F.,.F.,(8,8),(1.262292562997,
    2.474784972593),.PIECEWISE_BEZIER_KNOTS.);
#2443 = CARTESIAN_POINT('',(-4.403885216587,-1.182320508076));
#2444 = CARTESIAN_POINT('',(-4.577098417958,-1.306188877949));
#2445 = CARTESIAN_POINT('',(-4.750311619329,-1.438034241154));
#2446 = CARTESIAN_POINT('',(-4.923524820701,-1.571786727847));
#2447 = CARTESIAN_POINT('',(-5.096738022069,-1.700788986614));
#2448 = CARTESIAN_POINT('',(-5.269951223441,-1.818543594942));
#2449 = CARTESIAN_POINT('',(-5.443164424812,-1.919594350002));
#2450 = CARTESIAN_POINT('',(-5.616377626183,-2.0000006));
#2451 = ( GEOMETRIC_REPRESENTATION_CONTEXT(2) 
PARAMETRIC_REPRESENTATION_CONTEXT() REPRESENTATION_CONTEXT('2D SPACE',''
  ) );
#2452 = ORIENTED_EDGE('',*,*,#2453,.F.);
#2453 = EDGE_CURVE('',#2454,#2420,#2456,.T.);
#2454 = VERTEX_POINT('',#2455);
#2455 = CARTESIAN_POINT('',(-64.04448637286,-1.088951565395,12.3));
#2456 = SURFACE_CURVE('',#2457,(#2461,#2467),.PCURVE_S1.);
#2457 = LINE('',#2458,#2459);
#2458 = CARTESIAN_POINT('',(-64.04448637286,0.,12.3));
#2459 = VECTOR('',#2460,1.);
#2460 = DIRECTION('',(0.,-1.,0.));
#2461 = PCURVE('',#766,#2462);
#2462 = DEFINITIONAL_REPRESENTATION('',(#2463),#2466);
#2463 = B_SPLINE_CURVE_WITH_KNOTS('',1,(#2464,#2465),.UNSPECIFIED.,.F.,
  .F.,(2,2),(-9.3,9.3),.PIECEWISE_BEZIER_KNOTS.);
#2464 = CARTESIAN_POINT('',(-3.226794919243,0.));
#2465 = CARTESIAN_POINT('',(-3.226794919243,-18.6));
#2466 = ( GEOMETRIC_REPRESENTATION_CONTEXT(2) 
PARAMETRIC_REPRESENTATION_CONTEXT() REPRESENTATION_CONTEXT('2D SPACE',''
  ) );
#2467 = PCURVE('',#2468,#2473);
#2468 = PLANE('',#2469);
#2469 = AXIS2_PLACEMENT_3D('',#2470,#2471,#2472);
#2470 = CARTESIAN_POINT('',(-65.33989679892,-11.,12.3));
#2471 = DIRECTION('',(0.,0.,1.));
#2472 = DIRECTION('',(1.,0.,0.));
#2473 = DEFINITIONAL_REPRESENTATION('',(#2474),#2478);
#2474 = LINE('',#2475,#2476);
#2475 = CARTESIAN_POINT('',(1.295410426059,11.));
#2476 = VECTOR('',#2477,1.);
#2477 = DIRECTION('',(0.,-1.));
#2478 = ( GEOMETRIC_REPRESENTATION_CONTEXT(2) 
PARAMETRIC_REPRESENTATION_CONTEXT() REPRESENTATION_CONTEXT('2D SPACE',''
  ) );
#2479 = ORIENTED_EDGE('',*,*,#2480,.T.);
#2480 = EDGE_CURVE('',#2454,#2481,#2483,.T.);
#2481 = VERTEX_POINT('',#2482);
#2482 = CARTESIAN_POINT('',(-63.1,0.,12.845299461621));
#2483 = SURFACE_CURVE('',#2484,(#2489,#2496),.PCURVE_S1.);
#2484 = ELLIPSE('',#2485,1.270170592217,1.1);
#2485 = AXIS2_PLACEMENT_3D('',#2486,#2487,#2488);
#2486 = CARTESIAN_POINT('',(-64.2,0.,12.210214165512));
#2487 = DIRECTION('',(-0.5,-0.,0.866025403784));
#2488 = DIRECTION('',(-0.866025403784,0.,-0.5));
#2489 = PCURVE('',#766,#2490);
#2490 = DEFINITIONAL_REPRESENTATION('',(#2491),#2495);
#2491 = ELLIPSE('',#2492,1.270170592217,1.1);
#2492 = AXIS2_PLACEMENT_2D('',#2493,#2494);
#2493 = CARTESIAN_POINT('',(-3.406366588219,-9.3));
#2494 = DIRECTION('',(-1.,0.));
#2495 = ( GEOMETRIC_REPRESENTATION_CONTEXT(2) 
PARAMETRIC_REPRESENTATION_CONTEXT() REPRESENTATION_CONTEXT('2D SPACE',''
  ) );
#2496 = PCURVE('',#2497,#2502);
#2497 = CYLINDRICAL_SURFACE('',#2498,1.1);
#2498 = AXIS2_PLACEMENT_3D('',#2499,#2500,#2501);
#2499 = CARTESIAN_POINT('',(-64.2,0.,1.3));
#2500 = DIRECTION('',(-0.,-0.,-1.));
#2501 = DIRECTION('',(1.,0.,0.));
#2502 = DEFINITIONAL_REPRESENTATION('',(#2503),#2513);
#2503 = B_SPLINE_CURVE_WITH_KNOTS('',8,(#2504,#2505,#2506,#2507,#2508,
    #2509,#2510,#2511,#2512),.UNSPECIFIED.,.F.,.F.,(9,9),(1.712647589747
    ,3.14159265359),.PIECEWISE_BEZIER_KNOTS.);
#2504 = CARTESIAN_POINT('',(-4.854240243331,-10.99999999413));
#2505 = CARTESIAN_POINT('',(-5.032858376307,-11.11229838702));
#2506 = CARTESIAN_POINT('',(-5.211476509284,-11.22132300856));
#2507 = CARTESIAN_POINT('',(-5.390094642263,-11.32161426774));
#2508 = CARTESIAN_POINT('',(-5.568712775247,-11.40793532191));
#2509 = CARTESIAN_POINT('',(-5.747330908236,-11.47583001286));
#2510 = CARTESIAN_POINT('',(-5.925949041216,-11.52214273375));
#2511 = CARTESIAN_POINT('',(-6.104567174199,-11.54529946162));
#2512 = CARTESIAN_POINT('',(-6.28318530718,-11.54529946162));
#2513 = ( GEOMETRIC_REPRESENTATION_CONTEXT(2) 
PARAMETRIC_REPRESENTATION_CONTEXT() REPRESENTATION_CONTEXT('2D SPACE',''
  ) );
#2514 = ORIENTED_EDGE('',*,*,#2515,.T.);
#2515 = EDGE_CURVE('',#2481,#2516,#2518,.T.);
#2516 = VERTEX_POINT('',#2517);
#2517 = CARTESIAN_POINT('',(-64.04448637286,1.088951565395,12.3));
#2518 = SURFACE_CURVE('',#2519,(#2524,#2531),.PCURVE_S1.);
#2519 = ELLIPSE('',#2520,1.270170592217,1.1);
#2520 = AXIS2_PLACEMENT_3D('',#2521,#2522,#2523);
#2521 = CARTESIAN_POINT('',(-64.2,0.,12.210214165512));
#2522 = DIRECTION('',(-0.5,-0.,0.866025403784));
#2523 = DIRECTION('',(-0.866025403784,0.,-0.5));
#2524 = PCURVE('',#766,#2525);
#2525 = DEFINITIONAL_REPRESENTATION('',(#2526),#2530);
#2526 = ELLIPSE('',#2527,1.270170592217,1.1);
#2527 = AXIS2_PLACEMENT_2D('',#2528,#2529);
#2528 = CARTESIAN_POINT('',(-3.406366588219,-9.3));
#2529 = DIRECTION('',(-1.,0.));
#2530 = ( GEOMETRIC_REPRESENTATION_CONTEXT(2) 
PARAMETRIC_REPRESENTATION_CONTEXT() REPRESENTATION_CONTEXT('2D SPACE',''
  ) );
#2531 = PCURVE('',#2497,#2532);
#2532 = DEFINITIONAL_REPRESENTATION('',(#2533),#2543);
#2533 = B_SPLINE_CURVE_WITH_KNOTS('',8,(#2534,#2535,#2536,#2537,#2538,
    #2539,#2540,#2541,#2542),.UNSPECIFIED.,.F.,.F.,(9,9),(3.14159265359,
    4.570537717433),.PIECEWISE_BEZIER_KNOTS.);
#2534 = CARTESIAN_POINT('',(-6.28318530718,-11.54529946162));
#2535 = CARTESIAN_POINT('',(-6.46180344016,-11.54529946162));
#2536 = CARTESIAN_POINT('',(-6.640421573141,-11.52214273374));
#2537 = CARTESIAN_POINT('',(-6.81903970612,-11.47583001287));
#2538 = CARTESIAN_POINT('',(-6.9976578391,-11.40793532191));
#2539 = CARTESIAN_POINT('',(-7.17627597208,-11.32161426773));
#2540 = CARTESIAN_POINT('',(-7.35489410506,-11.22132300857));
#2541 = CARTESIAN_POINT('',(-7.533512238041,-11.11229838702));
#2542 = CARTESIAN_POINT('',(-7.712130371022,-10.99999999413));
#2543 = ( GEOMETRIC_REPRESENTATION_CONTEXT(2) 
PARAMETRIC_REPRESENTATION_CONTEXT() REPRESENTATION_CONTEXT('2D SPACE',''
  ) );
#2544 = ORIENTED_EDGE('',*,*,#2545,.F.);
#2545 = EDGE_CURVE('',#2546,#2516,#2548,.T.);
#2546 = VERTEX_POINT('',#2547);
#2547 = CARTESIAN_POINT('',(-64.04448637286,1.290664755766,12.3));
#2548 = SURFACE_CURVE('',#2549,(#2553,#2559),.PCURVE_S1.);
#2549 = LINE('',#2550,#2551);
#2550 = CARTESIAN_POINT('',(-64.04448637286,0.,12.3));
#2551 = VECTOR('',#2552,1.);
#2552 = DIRECTION('',(0.,-1.,0.));
#2553 = PCURVE('',#766,#2554);
#2554 = DEFINITIONAL_REPRESENTATION('',(#2555),#2558);
#2555 = B_SPLINE_CURVE_WITH_KNOTS('',1,(#2556,#2557),.UNSPECIFIED.,.F.,
  .F.,(2,2),(-9.3,9.3),.PIECEWISE_BEZIER_KNOTS.);
#2556 = CARTESIAN_POINT('',(-3.226794919243,0.));
#2557 = CARTESIAN_POINT('',(-3.226794919243,-18.6));
#2558 = ( GEOMETRIC_REPRESENTATION_CONTEXT(2) 
PARAMETRIC_REPRESENTATION_CONTEXT() REPRESENTATION_CONTEXT('2D SPACE',''
  ) );
#2559 = PCURVE('',#2468,#2560);
#2560 = DEFINITIONAL_REPRESENTATION('',(#2561),#2565);
#2561 = LINE('',#2562,#2563);
#2562 = CARTESIAN_POINT('',(1.295410426059,11.));
#2563 = VECTOR('',#2564,1.);
#2564 = DIRECTION('',(0.,-1.));
#2565 = ( GEOMETRIC_REPRESENTATION_CONTEXT(2) 
PARAMETRIC_REPRESENTATION_CONTEXT() REPRESENTATION_CONTEXT('2D SPACE',''
  ) );
#2566 = ORIENTED_EDGE('',*,*,#2567,.F.);
#2567 = EDGE_CURVE('',#2568,#2546,#2570,.T.);
#2568 = VERTEX_POINT('',#2569);
#2569 = CARTESIAN_POINT('',(-63.17846096908,0.804026124148,12.8));
#2570 = SURFACE_CURVE('',#2571,(#2576,#2583),.PCURVE_S1.);
#2571 = ELLIPSE('',#2572,1.501110699893,1.3);
#2572 = AXIS2_PLACEMENT_3D('',#2573,#2574,#2575);
#2573 = CARTESIAN_POINT('',(-64.2,0.,12.210214165512));
#2574 = DIRECTION('',(-0.5,-0.,0.866025403784));
#2575 = DIRECTION('',(-0.866025403784,0.,-0.5));
#2576 = PCURVE('',#766,#2577);
#2577 = DEFINITIONAL_REPRESENTATION('',(#2578),#2582);
#2578 = ELLIPSE('',#2579,1.501110699893,1.3);
#2579 = AXIS2_PLACEMENT_2D('',#2580,#2581);
#2580 = CARTESIAN_POINT('',(-3.406366588219,-9.3));
#2581 = DIRECTION('',(-1.,0.));
#2582 = ( GEOMETRIC_REPRESENTATION_CONTEXT(2) 
PARAMETRIC_REPRESENTATION_CONTEXT() REPRESENTATION_CONTEXT('2D SPACE',''
  ) );
#2583 = PCURVE('',#2436,#2584);
#2584 = DEFINITIONAL_REPRESENTATION('',(#2585),#2594);
#2585 = B_SPLINE_CURVE_WITH_KNOTS('',7,(#2586,#2587,#2588,#2589,#2590,
    #2591,#2592,#2593),.UNSPECIFIED.,.F.,.F.,(8,8),(3.808400334587,
    5.020892744183),.PIECEWISE_BEZIER_KNOTS.);
#2586 = CARTESIAN_POINT('',(-0.666807680997,-2.0000006));
#2587 = CARTESIAN_POINT('',(-0.840020882368,-1.919594350002));
#2588 = CARTESIAN_POINT('',(-1.013234083739,-1.818543594942));
#2589 = CARTESIAN_POINT('',(-1.186447285109,-1.700788986613));
#2590 = CARTESIAN_POINT('',(-1.35966048648,-1.571786727848));
#2591 = CARTESIAN_POINT('',(-1.532873687851,-1.438034241154));
#2592 = CARTESIAN_POINT('',(-1.706086889222,-1.306188877949));
#2593 = CARTESIAN_POINT('',(-1.879300090593,-1.182320508076));
#2594 = ( GEOMETRIC_REPRESENTATION_CONTEXT(2) 
PARAMETRIC_REPRESENTATION_CONTEXT() REPRESENTATION_CONTEXT('2D SPACE',''
  ) );
#2595 = ORIENTED_EDGE('',*,*,#2596,.F.);
#2596 = EDGE_CURVE('',#2597,#2568,#2599,.T.);
#2597 = VERTEX_POINT('',#2598);
#2598 = CARTESIAN_POINT('',(-63.17846096908,2.060693574579,12.8));
#2599 = SURFACE_CURVE('',#2600,(#2604,#2610),.PCURVE_S1.);
#2600 = LINE('',#2601,#2602);
#2601 = CARTESIAN_POINT('',(-63.17846096908,4.65,12.8));
#2602 = VECTOR('',#2603,1.);
#2603 = DIRECTION('',(0.,-1.,0.));
#2604 = PCURVE('',#766,#2605);
#2605 = DEFINITIONAL_REPRESENTATION('',(#2606),#2609);
#2606 = B_SPLINE_CURVE_WITH_KNOTS('',1,(#2607,#2608),.UNSPECIFIED.,.F.,
  .F.,(2,2),(2.35,8.45),.PIECEWISE_BEZIER_KNOTS.);
#2607 = CARTESIAN_POINT('',(-2.226794919243,-7.));
#2608 = CARTESIAN_POINT('',(-2.226794919243,-13.1));
#2609 = ( GEOMETRIC_REPRESENTATION_CONTEXT(2) 
PARAMETRIC_REPRESENTATION_CONTEXT() REPRESENTATION_CONTEXT('2D SPACE',''
  ) );
#2610 = PCURVE('',#2611,#2616);
#2611 = PLANE('',#2612);
#2612 = AXIS2_PLACEMENT_3D('',#2613,#2614,#2615);
#2613 = CARTESIAN_POINT('',(-64.2,1.290626075881E-16,12.8));
#2614 = DIRECTION('',(0.,0.,1.));
#2615 = DIRECTION('',(1.,0.,-0.));
#2616 = DEFINITIONAL_REPRESENTATION('',(#2617),#2620);
#2617 = B_SPLINE_CURVE_WITH_KNOTS('',1,(#2618,#2619),.UNSPECIFIED.,.F.,
  .F.,(2,2),(2.35,8.45),.PIECEWISE_BEZIER_KNOTS.);
#2618 = CARTESIAN_POINT('',(1.021539030917,2.3));
#2619 = CARTESIAN_POINT('',(1.021539030917,-3.8));
#2620 = ( GEOMETRIC_REPRESENTATION_CONTEXT(2) 
PARAMETRIC_REPRESENTATION_CONTEXT() REPRESENTATION_CONTEXT('2D SPACE',''
  ) );
#2621 = ORIENTED_EDGE('',*,*,#2622,.T.);
#2622 = EDGE_CURVE('',#2597,#2049,#2623,.T.);
#2623 = SURFACE_CURVE('',#2624,(#2629,#2636),.PCURVE_S1.);
#2624 = ELLIPSE('',#2625,2.655811238272,2.3);
#2625 = AXIS2_PLACEMENT_3D('',#2626,#2627,#2628);
#2626 = CARTESIAN_POINT('',(-64.2,0.,12.210214165512));
#2627 = DIRECTION('',(-0.5,-0.,0.866025403784));
#2628 = DIRECTION('',(-0.866025403784,0.,-0.5));
#2629 = PCURVE('',#766,#2630);
#2630 = DEFINITIONAL_REPRESENTATION('',(#2631),#2635);
#2631 = ELLIPSE('',#2632,2.655811238272,2.3);
#2632 = AXIS2_PLACEMENT_2D('',#2633,#2634);
#2633 = CARTESIAN_POINT('',(-3.406366588219,-9.3));
#2634 = DIRECTION('',(-1.,0.));
#2635 = ( GEOMETRIC_REPRESENTATION_CONTEXT(2) 
PARAMETRIC_REPRESENTATION_CONTEXT() REPRESENTATION_CONTEXT('2D SPACE',''
  ) );
#2636 = PCURVE('',#2091,#2637);
#2637 = DEFINITIONAL_REPRESENTATION('',(#2638),#2645);
#2638 = B_SPLINE_CURVE_WITH_KNOTS('',5,(#2639,#2640,#2641,#2642,#2643,
    #2644),.UNSPECIFIED.,.F.,.F.,(6,6),(4.252166046288,4.884861661983),
  .PIECEWISE_BEZIER_KNOTS.);
#2639 = CARTESIAN_POINT('',(-7.393758699878,-1.5000006));
#2640 = CARTESIAN_POINT('',(-7.520297823017,-1.349451729461));
#2641 = CARTESIAN_POINT('',(-7.646836946156,-1.187098633107));
#2642 = CARTESIAN_POINT('',(-7.773376069295,-1.017960105395));
#2643 = CARTESIAN_POINT('',(-7.899915192434,-0.847859500376));
#2644 = CARTESIAN_POINT('',(-8.026454315573,-0.682320508076));
#2645 = ( GEOMETRIC_REPRESENTATION_CONTEXT(2) 
PARAMETRIC_REPRESENTATION_CONTEXT() REPRESENTATION_CONTEXT('2D SPACE',''
  ) );
#2646 = ORIENTED_EDGE('',*,*,#2048,.F.);
#2647 = ADVANCED_FACE('',(#2648),#740,.T.);
#2648 = FACE_BOUND('',#2649,.F.);
#2649 = EDGE_LOOP('',(#2650,#2671,#2672,#2673));
#2650 = ORIENTED_EDGE('',*,*,#2651,.T.);
#2651 = EDGE_CURVE('',#2652,#2320,#2654,.T.);
#2652 = VERTEX_POINT('',#2653);
#2653 = CARTESIAN_POINT('',(-64.98989679892,-9.3,12.15));
#2654 = SURFACE_CURVE('',#2655,(#2659,#2665),.PCURVE_S1.);
#2655 = LINE('',#2656,#2657);
#2656 = CARTESIAN_POINT('',(-68.72209539646,-9.3,12.15));
#2657 = VECTOR('',#2658,1.);
#2658 = DIRECTION('',(1.,-0.,0.));
#2659 = PCURVE('',#740,#2660);
#2660 = DEFINITIONAL_REPRESENTATION('',(#2661),#2664);
#2661 = B_SPLINE_CURVE_WITH_KNOTS('',1,(#2662,#2663),.UNSPECIFIED.,.F.,
  .F.,(2,2),(3.732198597538,4.417801402462),.PIECEWISE_BEZIER_KNOTS.);
#2662 = CARTESIAN_POINT('',(-0.685602804924,-18.6));
#2663 = CARTESIAN_POINT('',(0.,-18.6));
#2664 = ( GEOMETRIC_REPRESENTATION_CONTEXT(2) 
PARAMETRIC_REPRESENTATION_CONTEXT() REPRESENTATION_CONTEXT('2D SPACE',''
  ) );
#2665 = PCURVE('',#1968,#2666);
#2666 = DEFINITIONAL_REPRESENTATION('',(#2667),#2670);
#2667 = B_SPLINE_CURVE_WITH_KNOTS('',1,(#2668,#2669),.UNSPECIFIED.,.F.,
  .F.,(2,2),(3.732198597538,4.417801402462),.PIECEWISE_BEZIER_KNOTS.);
#2668 = CARTESIAN_POINT('',(9.15,8.15));
#2669 = CARTESIAN_POINT('',(9.15,8.835602804924));
#2670 = ( GEOMETRIC_REPRESENTATION_CONTEXT(2) 
PARAMETRIC_REPRESENTATION_CONTEXT() REPRESENTATION_CONTEXT('2D SPACE',''
  ) );
#2671 = ORIENTED_EDGE('',*,*,#2319,.T.);
#2672 = ORIENTED_EDGE('',*,*,#725,.T.);
#2673 = ORIENTED_EDGE('',*,*,#2674,.F.);
#2674 = EDGE_CURVE('',#2652,#700,#2675,.T.);
#2675 = SURFACE_CURVE('',#2676,(#2680,#2687),.PCURVE_S1.);
#2676 = LINE('',#2677,#2678);
#2677 = CARTESIAN_POINT('',(-64.98989679892,9.3,12.15));
#2678 = VECTOR('',#2679,1.);
#2679 = DIRECTION('',(-0.,-1.,-0.));
#2680 = PCURVE('',#740,#2681);
#2681 = DEFINITIONAL_REPRESENTATION('',(#2682),#2686);
#2682 = LINE('',#2683,#2684);
#2683 = CARTESIAN_POINT('',(-0.685602804924,0.));
#2684 = VECTOR('',#2685,1.);
#2685 = DIRECTION('',(-0.,-1.));
#2686 = ( GEOMETRIC_REPRESENTATION_CONTEXT(2) 
PARAMETRIC_REPRESENTATION_CONTEXT() REPRESENTATION_CONTEXT('2D SPACE',''
  ) );
#2687 = PCURVE('',#714,#2688);
#2688 = DEFINITIONAL_REPRESENTATION('',(#2689),#2693);
#2689 = LINE('',#2690,#2691);
#2690 = CARTESIAN_POINT('',(-0.,0.));
#2691 = VECTOR('',#2692,1.);
#2692 = DIRECTION('',(-0.,-1.));
#2693 = ( GEOMETRIC_REPRESENTATION_CONTEXT(2) 
PARAMETRIC_REPRESENTATION_CONTEXT() REPRESENTATION_CONTEXT('2D SPACE',''
  ) );
#2694 = ADVANCED_FACE('',(#2695),#714,.T.);
#2695 = FACE_BOUND('',#2696,.F.);
#2696 = EDGE_LOOP('',(#2697,#2722,#2748,#2769,#2790,#2811,#2837,#2863,
    #2889,#2910,#2931,#2952,#2973,#3001,#3022,#3041,#3042,#3043));
#2697 = ORIENTED_EDGE('',*,*,#2698,.F.);
#2698 = EDGE_CURVE('',#2699,#2701,#2703,.T.);
#2699 = VERTEX_POINT('',#2700);
#2700 = CARTESIAN_POINT('',(-64.98989679892,9.3,12.3));
#2701 = VERTEX_POINT('',#2702);
#2702 = CARTESIAN_POINT('',(-64.98989679892,9.3,23.85));
#2703 = SURFACE_CURVE('',#2704,(#2708,#2715),.PCURVE_S1.);
#2704 = LINE('',#2705,#2706);
#2705 = CARTESIAN_POINT('',(-64.98989679892,9.3,12.15));
#2706 = VECTOR('',#2707,1.);
#2707 = DIRECTION('',(-0.,-0.,1.));
#2708 = PCURVE('',#714,#2709);
#2709 = DEFINITIONAL_REPRESENTATION('',(#2710),#2714);
#2710 = LINE('',#2711,#2712);
#2711 = CARTESIAN_POINT('',(-0.,0.));
#2712 = VECTOR('',#2713,1.);
#2713 = DIRECTION('',(-1.,0.));
#2714 = ( GEOMETRIC_REPRESENTATION_CONTEXT(2) 
PARAMETRIC_REPRESENTATION_CONTEXT() REPRESENTATION_CONTEXT('2D SPACE',''
  ) );
#2715 = PCURVE('',#1894,#2716);
#2716 = DEFINITIONAL_REPRESENTATION('',(#2717),#2721);
#2717 = LINE('',#2718,#2719);
#2718 = CARTESIAN_POINT('',(9.15,8.15));
#2719 = VECTOR('',#2720,1.);
#2720 = DIRECTION('',(1.,0.));
#2721 = ( GEOMETRIC_REPRESENTATION_CONTEXT(2) 
PARAMETRIC_REPRESENTATION_CONTEXT() REPRESENTATION_CONTEXT('2D SPACE',''
  ) );
#2722 = ORIENTED_EDGE('',*,*,#2723,.F.);
#2723 = EDGE_CURVE('',#2724,#2699,#2726,.T.);
#2724 = VERTEX_POINT('',#2725);
#2725 = CARTESIAN_POINT('',(-64.98989679892,2.160107184157,12.3));
#2726 = SURFACE_CURVE('',#2727,(#2731,#2737),.PCURVE_S1.);
#2727 = LINE('',#2728,#2729);
#2728 = CARTESIAN_POINT('',(-64.98989679892,0.,12.3));
#2729 = VECTOR('',#2730,1.);
#2730 = DIRECTION('',(0.,1.,-0.));
#2731 = PCURVE('',#714,#2732);
#2732 = DEFINITIONAL_REPRESENTATION('',(#2733),#2736);
#2733 = B_SPLINE_CURVE_WITH_KNOTS('',1,(#2734,#2735),.UNSPECIFIED.,.F.,
  .F.,(2,2),(-9.3,9.3),.PIECEWISE_BEZIER_KNOTS.);
#2734 = CARTESIAN_POINT('',(-0.15,-18.6));
#2735 = CARTESIAN_POINT('',(-0.15,0.));
#2736 = ( GEOMETRIC_REPRESENTATION_CONTEXT(2) 
PARAMETRIC_REPRESENTATION_CONTEXT() REPRESENTATION_CONTEXT('2D SPACE',''
  ) );
#2737 = PCURVE('',#2738,#2743);
#2738 = PLANE('',#2739);
#2739 = AXIS2_PLACEMENT_3D('',#2740,#2741,#2742);
#2740 = CARTESIAN_POINT('',(-73.13989679892,-9.3,12.3));
#2741 = DIRECTION('',(0.,0.,1.));
#2742 = DIRECTION('',(1.,0.,0.));
#2743 = DEFINITIONAL_REPRESENTATION('',(#2744),#2747);
#2744 = B_SPLINE_CURVE_WITH_KNOTS('',1,(#2745,#2746),.UNSPECIFIED.,.F.,
  .F.,(2,2),(-9.3,9.3),.PIECEWISE_BEZIER_KNOTS.);
#2745 = CARTESIAN_POINT('',(8.15,0.));
#2746 = CARTESIAN_POINT('',(8.15,18.6));
#2747 = ( GEOMETRIC_REPRESENTATION_CONTEXT(2) 
PARAMETRIC_REPRESENTATION_CONTEXT() REPRESENTATION_CONTEXT('2D SPACE',''
  ) );
#2748 = ORIENTED_EDGE('',*,*,#2749,.F.);
#2749 = EDGE_CURVE('',#2750,#2724,#2752,.T.);
#2750 = VERTEX_POINT('',#2751);
#2751 = CARTESIAN_POINT('',(-64.98989679892,2.160107184157,12.8));
#2752 = SURFACE_CURVE('',#2753,(#2757,#2763),.PCURVE_S1.);
#2753 = LINE('',#2754,#2755);
#2754 = CARTESIAN_POINT('',(-64.98989679892,2.160107184157,11.3));
#2755 = VECTOR('',#2756,1.);
#2756 = DIRECTION('',(-0.,-0.,-1.));
#2757 = PCURVE('',#714,#2758);
#2758 = DEFINITIONAL_REPRESENTATION('',(#2759),#2762);
#2759 = B_SPLINE_CURVE_WITH_KNOTS('',1,(#2760,#2761),.UNSPECIFIED.,.F.,
  .F.,(2,2),(-1.5000006,5.999999999062E-07),.PIECEWISE_BEZIER_KNOTS.);
#2760 = CARTESIAN_POINT('',(-0.6500006,-7.139892815843));
#2761 = CARTESIAN_POINT('',(0.8500006,-7.139892815843));
#2762 = ( GEOMETRIC_REPRESENTATION_CONTEXT(2) 
PARAMETRIC_REPRESENTATION_CONTEXT() REPRESENTATION_CONTEXT('2D SPACE',''
  ) );
#2763 = PCURVE('',#2091,#2764);
#2764 = DEFINITIONAL_REPRESENTATION('',(#2765),#2768);
#2765 = B_SPLINE_CURVE_WITH_KNOTS('',1,(#2766,#2767),.UNSPECIFIED.,.F.,
  .F.,(2,2),(-1.5000006,5.999999999062E-07),.PIECEWISE_BEZIER_KNOTS.);
#2766 = CARTESIAN_POINT('',(-8.204551843379,-1.5000006));
#2767 = CARTESIAN_POINT('',(-8.204551843379,5.999999999062E-07));
#2768 = ( GEOMETRIC_REPRESENTATION_CONTEXT(2) 
PARAMETRIC_REPRESENTATION_CONTEXT() REPRESENTATION_CONTEXT('2D SPACE',''
  ) );
#2769 = ORIENTED_EDGE('',*,*,#2770,.F.);
#2770 = EDGE_CURVE('',#2771,#2750,#2773,.T.);
#2771 = VERTEX_POINT('',#2772);
#2772 = CARTESIAN_POINT('',(-64.98989679892,1.032503291543,12.8));
#2773 = SURFACE_CURVE('',#2774,(#2778,#2784),.PCURVE_S1.);
#2774 = LINE('',#2775,#2776);
#2775 = CARTESIAN_POINT('',(-64.98989679892,4.65,12.8));
#2776 = VECTOR('',#2777,1.);
#2777 = DIRECTION('',(0.,1.,-0.));
#2778 = PCURVE('',#714,#2779);
#2779 = DEFINITIONAL_REPRESENTATION('',(#2780),#2783);
#2780 = B_SPLINE_CURVE_WITH_KNOTS('',1,(#2781,#2782),.UNSPECIFIED.,.F.,
  .F.,(2,2),(-8.45,-2.35),.PIECEWISE_BEZIER_KNOTS.);
#2781 = CARTESIAN_POINT('',(-0.65,-13.1));
#2782 = CARTESIAN_POINT('',(-0.65,-7.));
#2783 = ( GEOMETRIC_REPRESENTATION_CONTEXT(2) 
PARAMETRIC_REPRESENTATION_CONTEXT() REPRESENTATION_CONTEXT('2D SPACE',''
  ) );
#2784 = PCURVE('',#2611,#2785);
#2785 = DEFINITIONAL_REPRESENTATION('',(#2786),#2789);
#2786 = B_SPLINE_CURVE_WITH_KNOTS('',1,(#2787,#2788),.UNSPECIFIED.,.F.,
  .F.,(2,2),(-8.45,-2.35),.PIECEWISE_BEZIER_KNOTS.);
#2787 = CARTESIAN_POINT('',(-0.789896798926,-3.8));
#2788 = CARTESIAN_POINT('',(-0.789896798926,2.3));
#2789 = ( GEOMETRIC_REPRESENTATION_CONTEXT(2) 
PARAMETRIC_REPRESENTATION_CONTEXT() REPRESENTATION_CONTEXT('2D SPACE',''
  ) );
#2790 = ORIENTED_EDGE('',*,*,#2791,.T.);
#2791 = EDGE_CURVE('',#2771,#2792,#2794,.T.);
#2792 = VERTEX_POINT('',#2793);
#2793 = CARTESIAN_POINT('',(-64.98989679892,1.032503291542,12.3));
#2794 = SURFACE_CURVE('',#2795,(#2799,#2805),.PCURVE_S1.);
#2795 = LINE('',#2796,#2797);
#2796 = CARTESIAN_POINT('',(-64.98989679892,1.032503291543,10.8));
#2797 = VECTOR('',#2798,1.);
#2798 = DIRECTION('',(-0.,-0.,-1.));
#2799 = PCURVE('',#714,#2800);
#2800 = DEFINITIONAL_REPRESENTATION('',(#2801),#2804);
#2801 = B_SPLINE_CURVE_WITH_KNOTS('',1,(#2802,#2803),.UNSPECIFIED.,.F.,
  .F.,(2,2),(-2.0000006,-0.4999994),.PIECEWISE_BEZIER_KNOTS.);
#2802 = CARTESIAN_POINT('',(-0.6500006,-8.267496708457));
#2803 = CARTESIAN_POINT('',(0.8500006,-8.267496708457));
#2804 = ( GEOMETRIC_REPRESENTATION_CONTEXT(2) 
PARAMETRIC_REPRESENTATION_CONTEXT() REPRESENTATION_CONTEXT('2D SPACE',''
  ) );
#2805 = PCURVE('',#2436,#2806);
#2806 = DEFINITIONAL_REPRESENTATION('',(#2807),#2810);
#2807 = B_SPLINE_CURVE_WITH_KNOTS('',1,(#2808,#2809),.UNSPECIFIED.,.F.,
  .F.,(2,2),(-2.0000006,-0.4999994),.PIECEWISE_BEZIER_KNOTS.);
#2808 = CARTESIAN_POINT('',(-2.223847937863,-2.0000006));
#2809 = CARTESIAN_POINT('',(-2.223847937863,-0.4999994));
#2810 = ( GEOMETRIC_REPRESENTATION_CONTEXT(2) 
PARAMETRIC_REPRESENTATION_CONTEXT() REPRESENTATION_CONTEXT('2D SPACE',''
  ) );
#2811 = ORIENTED_EDGE('',*,*,#2812,.F.);
#2812 = EDGE_CURVE('',#2813,#2792,#2815,.T.);
#2813 = VERTEX_POINT('',#2814);
#2814 = CARTESIAN_POINT('',(-64.98989679892,0.765547547214,12.3));
#2815 = SURFACE_CURVE('',#2816,(#2820,#2826),.PCURVE_S1.);
#2816 = LINE('',#2817,#2818);
#2817 = CARTESIAN_POINT('',(-64.98989679892,0.,12.3));
#2818 = VECTOR('',#2819,1.);
#2819 = DIRECTION('',(0.,1.,-0.));
#2820 = PCURVE('',#714,#2821);
#2821 = DEFINITIONAL_REPRESENTATION('',(#2822),#2825);
#2822 = B_SPLINE_CURVE_WITH_KNOTS('',1,(#2823,#2824),.UNSPECIFIED.,.F.,
  .F.,(2,2),(-9.3,9.3),.PIECEWISE_BEZIER_KNOTS.);
#2823 = CARTESIAN_POINT('',(-0.15,-18.6));
#2824 = CARTESIAN_POINT('',(-0.15,0.));
#2825 = ( GEOMETRIC_REPRESENTATION_CONTEXT(2) 
PARAMETRIC_REPRESENTATION_CONTEXT() REPRESENTATION_CONTEXT('2D SPACE',''
  ) );
#2826 = PCURVE('',#2827,#2832);
#2827 = PLANE('',#2828);
#2828 = AXIS2_PLACEMENT_3D('',#2829,#2830,#2831);
#2829 = CARTESIAN_POINT('',(-73.13989679892,-9.3,12.3));
#2830 = DIRECTION('',(0.,0.,1.));
#2831 = DIRECTION('',(1.,0.,0.));
#2832 = DEFINITIONAL_REPRESENTATION('',(#2833),#2836);
#2833 = B_SPLINE_CURVE_WITH_KNOTS('',1,(#2834,#2835),.UNSPECIFIED.,.F.,
  .F.,(2,2),(-9.3,9.3),.PIECEWISE_BEZIER_KNOTS.);
#2834 = CARTESIAN_POINT('',(8.15,0.));
#2835 = CARTESIAN_POINT('',(8.15,18.6));
#2836 = ( GEOMETRIC_REPRESENTATION_CONTEXT(2) 
PARAMETRIC_REPRESENTATION_CONTEXT() REPRESENTATION_CONTEXT('2D SPACE',''
  ) );
#2837 = ORIENTED_EDGE('',*,*,#2838,.F.);
#2838 = EDGE_CURVE('',#2839,#2813,#2841,.T.);
#2839 = VERTEX_POINT('',#2840);
#2840 = CARTESIAN_POINT('',(-64.98989679892,0.765547547215,22.3));
#2841 = SURFACE_CURVE('',#2842,(#2846,#2852),.PCURVE_S1.);
#2842 = LINE('',#2843,#2844);
#2843 = CARTESIAN_POINT('',(-64.98989679892,0.765547547215,1.3));
#2844 = VECTOR('',#2845,1.);
#2845 = DIRECTION('',(-0.,-0.,-1.));
#2846 = PCURVE('',#714,#2847);
#2847 = DEFINITIONAL_REPRESENTATION('',(#2848),#2851);
#2848 = B_SPLINE_CURVE_WITH_KNOTS('',1,(#2849,#2850),.UNSPECIFIED.,.F.,
  .F.,(2,2),(-21.0000006,-9.68),.PIECEWISE_BEZIER_KNOTS.);
#2849 = CARTESIAN_POINT('',(-10.1500006,-8.534452452785));
#2850 = CARTESIAN_POINT('',(1.17,-8.534452452785));
#2851 = ( GEOMETRIC_REPRESENTATION_CONTEXT(2) 
PARAMETRIC_REPRESENTATION_CONTEXT() REPRESENTATION_CONTEXT('2D SPACE',''
  ) );
#2852 = PCURVE('',#2853,#2858);
#2853 = CYLINDRICAL_SURFACE('',#2854,1.1);
#2854 = AXIS2_PLACEMENT_3D('',#2855,#2856,#2857);
#2855 = CARTESIAN_POINT('',(-64.2,0.,1.3));
#2856 = DIRECTION('',(-0.,-0.,-1.));
#2857 = DIRECTION('',(1.,0.,0.));
#2858 = DEFINITIONAL_REPRESENTATION('',(#2859),#2862);
#2859 = B_SPLINE_CURVE_WITH_KNOTS('',1,(#2860,#2861),.UNSPECIFIED.,.F.,
  .F.,(2,2),(-21.0000006,-9.68),.PIECEWISE_BEZIER_KNOTS.);
#2860 = CARTESIAN_POINT('',(-2.371847421203,-21.0000006));
#2861 = CARTESIAN_POINT('',(-2.371847421203,-9.68));
#2862 = ( GEOMETRIC_REPRESENTATION_CONTEXT(2) 
PARAMETRIC_REPRESENTATION_CONTEXT() REPRESENTATION_CONTEXT('2D SPACE',''
  ) );
#2863 = ORIENTED_EDGE('',*,*,#2864,.F.);
#2864 = EDGE_CURVE('',#2865,#2839,#2867,.T.);
#2865 = VERTEX_POINT('',#2866);
#2866 = CARTESIAN_POINT('',(-64.98989679892,-0.765547547215,22.3));
#2867 = SURFACE_CURVE('',#2868,(#2872,#2878),.PCURVE_S1.);
#2868 = LINE('',#2869,#2870);
#2869 = CARTESIAN_POINT('',(-64.98989679892,4.65,22.3));
#2870 = VECTOR('',#2871,1.);
#2871 = DIRECTION('',(0.,1.,-0.));
#2872 = PCURVE('',#714,#2873);
#2873 = DEFINITIONAL_REPRESENTATION('',(#2874),#2877);
#2874 = B_SPLINE_CURVE_WITH_KNOTS('',1,(#2875,#2876),.UNSPECIFIED.,.F.,
  .F.,(2,2),(-5.75,-3.55),.PIECEWISE_BEZIER_KNOTS.);
#2875 = CARTESIAN_POINT('',(-10.15,-10.4));
#2876 = CARTESIAN_POINT('',(-10.15,-8.2));
#2877 = ( GEOMETRIC_REPRESENTATION_CONTEXT(2) 
PARAMETRIC_REPRESENTATION_CONTEXT() REPRESENTATION_CONTEXT('2D SPACE',''
  ) );
#2878 = PCURVE('',#2879,#2884);
#2879 = PLANE('',#2880);
#2880 = AXIS2_PLACEMENT_3D('',#2881,#2882,#2883);
#2881 = CARTESIAN_POINT('',(-64.2,-4.490371596874E-17,22.3));
#2882 = DIRECTION('',(0.,0.,1.));
#2883 = DIRECTION('',(1.,0.,-0.));
#2884 = DEFINITIONAL_REPRESENTATION('',(#2885),#2888);
#2885 = B_SPLINE_CURVE_WITH_KNOTS('',1,(#2886,#2887),.UNSPECIFIED.,.F.,
  .F.,(2,2),(-5.75,-3.55),.PIECEWISE_BEZIER_KNOTS.);
#2886 = CARTESIAN_POINT('',(-0.789896798926,-1.1));
#2887 = CARTESIAN_POINT('',(-0.789896798926,1.1));
#2888 = ( GEOMETRIC_REPRESENTATION_CONTEXT(2) 
PARAMETRIC_REPRESENTATION_CONTEXT() REPRESENTATION_CONTEXT('2D SPACE',''
  ) );
#2889 = ORIENTED_EDGE('',*,*,#2890,.T.);
#2890 = EDGE_CURVE('',#2865,#2891,#2893,.T.);
#2891 = VERTEX_POINT('',#2892);
#2892 = CARTESIAN_POINT('',(-64.98989679892,-0.765547547214,12.3));
#2893 = SURFACE_CURVE('',#2894,(#2898,#2904),.PCURVE_S1.);
#2894 = LINE('',#2895,#2896);
#2895 = CARTESIAN_POINT('',(-64.98989679892,-0.765547547215,1.3));
#2896 = VECTOR('',#2897,1.);
#2897 = DIRECTION('',(-0.,-0.,-1.));
#2898 = PCURVE('',#714,#2899);
#2899 = DEFINITIONAL_REPRESENTATION('',(#2900),#2903);
#2900 = B_SPLINE_CURVE_WITH_KNOTS('',1,(#2901,#2902),.UNSPECIFIED.,.F.,
  .F.,(2,2),(-21.0000006,-9.68),.PIECEWISE_BEZIER_KNOTS.);
#2901 = CARTESIAN_POINT('',(-10.1500006,-10.06554754721));
#2902 = CARTESIAN_POINT('',(1.17,-10.06554754721));
#2903 = ( GEOMETRIC_REPRESENTATION_CONTEXT(2) 
PARAMETRIC_REPRESENTATION_CONTEXT() REPRESENTATION_CONTEXT('2D SPACE',''
  ) );
#2904 = PCURVE('',#2853,#2905);
#2905 = DEFINITIONAL_REPRESENTATION('',(#2906),#2909);
#2906 = B_SPLINE_CURVE_WITH_KNOTS('',1,(#2907,#2908),.UNSPECIFIED.,.F.,
  .F.,(2,2),(-21.0000006,-9.68),.PIECEWISE_BEZIER_KNOTS.);
#2907 = CARTESIAN_POINT('',(-3.911337885977,-21.0000006));
#2908 = CARTESIAN_POINT('',(-3.911337885977,-9.68));
#2909 = ( GEOMETRIC_REPRESENTATION_CONTEXT(2) 
PARAMETRIC_REPRESENTATION_CONTEXT() REPRESENTATION_CONTEXT('2D SPACE',''
  ) );
#2910 = ORIENTED_EDGE('',*,*,#2911,.F.);
#2911 = EDGE_CURVE('',#2912,#2891,#2914,.T.);
#2912 = VERTEX_POINT('',#2913);
#2913 = CARTESIAN_POINT('',(-64.98989679892,-1.032503291542,12.3));
#2914 = SURFACE_CURVE('',#2915,(#2919,#2925),.PCURVE_S1.);
#2915 = LINE('',#2916,#2917);
#2916 = CARTESIAN_POINT('',(-64.98989679892,0.,12.3));
#2917 = VECTOR('',#2918,1.);
#2918 = DIRECTION('',(0.,1.,-0.));
#2919 = PCURVE('',#714,#2920);
#2920 = DEFINITIONAL_REPRESENTATION('',(#2921),#2924);
#2921 = B_SPLINE_CURVE_WITH_KNOTS('',1,(#2922,#2923),.UNSPECIFIED.,.F.,
  .F.,(2,2),(-9.3,9.3),.PIECEWISE_BEZIER_KNOTS.);
#2922 = CARTESIAN_POINT('',(-0.15,-18.6));
#2923 = CARTESIAN_POINT('',(-0.15,0.));
#2924 = ( GEOMETRIC_REPRESENTATION_CONTEXT(2) 
PARAMETRIC_REPRESENTATION_CONTEXT() REPRESENTATION_CONTEXT('2D SPACE',''
  ) );
#2925 = PCURVE('',#2827,#2926);
#2926 = DEFINITIONAL_REPRESENTATION('',(#2927),#2930);
#2927 = B_SPLINE_CURVE_WITH_KNOTS('',1,(#2928,#2929),.UNSPECIFIED.,.F.,
  .F.,(2,2),(-9.3,9.3),.PIECEWISE_BEZIER_KNOTS.);
#2928 = CARTESIAN_POINT('',(8.15,0.));
#2929 = CARTESIAN_POINT('',(8.15,18.6));
#2930 = ( GEOMETRIC_REPRESENTATION_CONTEXT(2) 
PARAMETRIC_REPRESENTATION_CONTEXT() REPRESENTATION_CONTEXT('2D SPACE',''
  ) );
#2931 = ORIENTED_EDGE('',*,*,#2932,.F.);
#2932 = EDGE_CURVE('',#2933,#2912,#2935,.T.);
#2933 = VERTEX_POINT('',#2934);
#2934 = CARTESIAN_POINT('',(-64.98989679892,-1.032503291543,12.8));
#2935 = SURFACE_CURVE('',#2936,(#2940,#2946),.PCURVE_S1.);
#2936 = LINE('',#2937,#2938);
#2937 = CARTESIAN_POINT('',(-64.98989679892,-1.032503291543,10.8));
#2938 = VECTOR('',#2939,1.);
#2939 = DIRECTION('',(-0.,-0.,-1.));
#2940 = PCURVE('',#714,#2941);
#2941 = DEFINITIONAL_REPRESENTATION('',(#2942),#2945);
#2942 = B_SPLINE_CURVE_WITH_KNOTS('',1,(#2943,#2944),.UNSPECIFIED.,.F.,
  .F.,(2,2),(-2.0000006,-0.4999994),.PIECEWISE_BEZIER_KNOTS.);
#2943 = CARTESIAN_POINT('',(-0.6500006,-10.33250329154));
#2944 = CARTESIAN_POINT('',(0.8500006,-10.33250329154));
#2945 = ( GEOMETRIC_REPRESENTATION_CONTEXT(2) 
PARAMETRIC_REPRESENTATION_CONTEXT() REPRESENTATION_CONTEXT('2D SPACE',''
  ) );
#2946 = PCURVE('',#2436,#2947);
#2947 = DEFINITIONAL_REPRESENTATION('',(#2948),#2951);
#2948 = B_SPLINE_CURVE_WITH_KNOTS('',1,(#2949,#2950),.UNSPECIFIED.,.F.,
  .F.,(2,2),(-2.0000006,-0.4999994),.PIECEWISE_BEZIER_KNOTS.);
#2949 = CARTESIAN_POINT('',(-4.059337369317,-2.0000006));
#2950 = CARTESIAN_POINT('',(-4.059337369317,-0.4999994));
#2951 = ( GEOMETRIC_REPRESENTATION_CONTEXT(2) 
PARAMETRIC_REPRESENTATION_CONTEXT() REPRESENTATION_CONTEXT('2D SPACE',''
  ) );
#2952 = ORIENTED_EDGE('',*,*,#2953,.F.);
#2953 = EDGE_CURVE('',#2954,#2933,#2956,.T.);
#2954 = VERTEX_POINT('',#2955);
#2955 = CARTESIAN_POINT('',(-64.98989679892,-3.716996508883,12.8));
#2956 = SURFACE_CURVE('',#2957,(#2961,#2967),.PCURVE_S1.);
#2957 = LINE('',#2958,#2959);
#2958 = CARTESIAN_POINT('',(-64.98989679892,4.65,12.8));
#2959 = VECTOR('',#2960,1.);
#2960 = DIRECTION('',(0.,1.,-0.));
#2961 = PCURVE('',#714,#2962);
#2962 = DEFINITIONAL_REPRESENTATION('',(#2963),#2966);
#2963 = B_SPLINE_CURVE_WITH_KNOTS('',1,(#2964,#2965),.UNSPECIFIED.,.F.,
  .F.,(2,2),(-8.45,-2.35),.PIECEWISE_BEZIER_KNOTS.);
#2964 = CARTESIAN_POINT('',(-0.65,-13.1));
#2965 = CARTESIAN_POINT('',(-0.65,-7.));
#2966 = ( GEOMETRIC_REPRESENTATION_CONTEXT(2) 
PARAMETRIC_REPRESENTATION_CONTEXT() REPRESENTATION_CONTEXT('2D SPACE',''
  ) );
#2967 = PCURVE('',#2408,#2968);
#2968 = DEFINITIONAL_REPRESENTATION('',(#2969),#2972);
#2969 = B_SPLINE_CURVE_WITH_KNOTS('',1,(#2970,#2971),.UNSPECIFIED.,.F.,
  .F.,(2,2),(-8.45,-2.35),.PIECEWISE_BEZIER_KNOTS.);
#2970 = CARTESIAN_POINT('',(-0.789896798926,-3.8));
#2971 = CARTESIAN_POINT('',(-0.789896798926,2.3));
#2972 = ( GEOMETRIC_REPRESENTATION_CONTEXT(2) 
PARAMETRIC_REPRESENTATION_CONTEXT() REPRESENTATION_CONTEXT('2D SPACE',''
  ) );
#2973 = ORIENTED_EDGE('',*,*,#2974,.T.);
#2974 = EDGE_CURVE('',#2954,#2975,#2977,.T.);
#2975 = VERTEX_POINT('',#2976);
#2976 = CARTESIAN_POINT('',(-64.98989679892,-3.204069763137,12.3));
#2977 = SURFACE_CURVE('',#2978,(#2983,#2990),.PCURVE_S1.);
#2978 = HYPERBOLA('',#2979,0.789896798926,0.789896798926);
#2979 = AXIS2_PLACEMENT_3D('',#2980,#2981,#2982);
#2980 = CARTESIAN_POINT('',(-64.98989679892,0.,9.));
#2981 = DIRECTION('',(-1.,0.,0.));
#2982 = DIRECTION('',(0.,0.,1.));
#2983 = PCURVE('',#714,#2984);
#2984 = DEFINITIONAL_REPRESENTATION('',(#2985),#2989);
#2985 = ( BOUNDED_CURVE() B_SPLINE_CURVE(2,(#2986,#2987,#2988),
.UNSPECIFIED.,.F.,.F.) B_SPLINE_CURVE_WITH_KNOTS((3,3),(-2.253019634091,
-1.731025774391),.PIECEWISE_BEZIER_KNOTS.) CURVE() 
GEOMETRIC_REPRESENTATION_ITEM() RATIONAL_B_SPLINE_CURVE((1.,
1.034253482091,1.)) REPRESENTATION_ITEM('') );
#2986 = CARTESIAN_POINT('',(-0.65,-13.01699650888));
#2987 = CARTESIAN_POINT('',(0.29868068602,-12.0471310279));
#2988 = CARTESIAN_POINT('',(0.85,-11.46010718415));
#2989 = ( GEOMETRIC_REPRESENTATION_CONTEXT(2) 
PARAMETRIC_REPRESENTATION_CONTEXT() REPRESENTATION_CONTEXT('2D SPACE',''
  ) );
#2990 = PCURVE('',#2146,#2991);
#2991 = DEFINITIONAL_REPRESENTATION('',(#2992),#3000);
#2992 = B_SPLINE_CURVE_WITH_KNOTS('',6,(#2993,#2994,#2995,#2996,#2997,
    #2998,#2999),.UNSPECIFIED.,.F.,.F.,(7,7),(-2.253019634091,
    -1.731025774391),.PIECEWISE_BEZIER_KNOTS.);
#2993 = CARTESIAN_POINT('',(4.502994567574,1.5));
#2994 = CARTESIAN_POINT('',(4.484910300958,1.176625107639));
#2995 = CARTESIAN_POINT('',(4.464979323052,0.887764007829));
#2996 = CARTESIAN_POINT('',(4.442976369525,0.629011341976));
#2997 = CARTESIAN_POINT('',(4.418645909939,0.396744211099));
#2998 = CARTESIAN_POINT('',(4.391697124519,0.187927114404));
#2999 = CARTESIAN_POINT('',(4.36181877098,0.));
#3000 = ( GEOMETRIC_REPRESENTATION_CONTEXT(2) 
PARAMETRIC_REPRESENTATION_CONTEXT() REPRESENTATION_CONTEXT('2D SPACE',''
  ) );
#3001 = ORIENTED_EDGE('',*,*,#3002,.F.);
#3002 = EDGE_CURVE('',#3003,#2975,#3005,.T.);
#3003 = VERTEX_POINT('',#3004);
#3004 = CARTESIAN_POINT('',(-64.98989679892,-9.3,12.3));
#3005 = SURFACE_CURVE('',#3006,(#3010,#3016),.PCURVE_S1.);
#3006 = LINE('',#3007,#3008);
#3007 = CARTESIAN_POINT('',(-64.98989679892,0.,12.3));
#3008 = VECTOR('',#3009,1.);
#3009 = DIRECTION('',(0.,1.,-0.));
#3010 = PCURVE('',#714,#3011);
#3011 = DEFINITIONAL_REPRESENTATION('',(#3012),#3015);
#3012 = B_SPLINE_CURVE_WITH_KNOTS('',1,(#3013,#3014),.UNSPECIFIED.,.F.,
  .F.,(2,2),(-9.3,9.3),.PIECEWISE_BEZIER_KNOTS.);
#3013 = CARTESIAN_POINT('',(-0.15,-18.6));
#3014 = CARTESIAN_POINT('',(-0.15,0.));
#3015 = ( GEOMETRIC_REPRESENTATION_CONTEXT(2) 
PARAMETRIC_REPRESENTATION_CONTEXT() REPRESENTATION_CONTEXT('2D SPACE',''
  ) );
#3016 = PCURVE('',#2738,#3017);
#3017 = DEFINITIONAL_REPRESENTATION('',(#3018),#3021);
#3018 = B_SPLINE_CURVE_WITH_KNOTS('',1,(#3019,#3020),.UNSPECIFIED.,.F.,
  .F.,(2,2),(-9.3,9.3),.PIECEWISE_BEZIER_KNOTS.);
#3019 = CARTESIAN_POINT('',(8.15,0.));
#3020 = CARTESIAN_POINT('',(8.15,18.6));
#3021 = ( GEOMETRIC_REPRESENTATION_CONTEXT(2) 
PARAMETRIC_REPRESENTATION_CONTEXT() REPRESENTATION_CONTEXT('2D SPACE',''
  ) );
#3022 = ORIENTED_EDGE('',*,*,#3023,.T.);
#3023 = EDGE_CURVE('',#3003,#2652,#3024,.T.);
#3024 = SURFACE_CURVE('',#3025,(#3029,#3035),.PCURVE_S1.);
#3025 = LINE('',#3026,#3027);
#3026 = CARTESIAN_POINT('',(-64.98989679892,-9.3,7.575));
#3027 = VECTOR('',#3028,1.);
#3028 = DIRECTION('',(0.,0.,-1.));
#3029 = PCURVE('',#714,#3030);
#3030 = DEFINITIONAL_REPRESENTATION('',(#3031),#3034);
#3031 = B_SPLINE_CURVE_WITH_KNOTS('',1,(#3032,#3033),.UNSPECIFIED.,.F.,
  .F.,(2,2),(-4.725,-4.575),.PIECEWISE_BEZIER_KNOTS.);
#3032 = CARTESIAN_POINT('',(-0.15,-18.6));
#3033 = CARTESIAN_POINT('',(0.,-18.6));
#3034 = ( GEOMETRIC_REPRESENTATION_CONTEXT(2) 
PARAMETRIC_REPRESENTATION_CONTEXT() REPRESENTATION_CONTEXT('2D SPACE',''
  ) );
#3035 = PCURVE('',#1968,#3036);
#3036 = DEFINITIONAL_REPRESENTATION('',(#3037),#3040);
#3037 = B_SPLINE_CURVE_WITH_KNOTS('',1,(#3038,#3039),.UNSPECIFIED.,.F.,
  .F.,(2,2),(-4.725,-4.575),.PIECEWISE_BEZIER_KNOTS.);
#3038 = CARTESIAN_POINT('',(9.3,8.15));
#3039 = CARTESIAN_POINT('',(9.15,8.15));
#3040 = ( GEOMETRIC_REPRESENTATION_CONTEXT(2) 
PARAMETRIC_REPRESENTATION_CONTEXT() REPRESENTATION_CONTEXT('2D SPACE',''
  ) );
#3041 = ORIENTED_EDGE('',*,*,#2674,.T.);
#3042 = ORIENTED_EDGE('',*,*,#699,.T.);
#3043 = ORIENTED_EDGE('',*,*,#3044,.F.);
#3044 = EDGE_CURVE('',#2701,#674,#3045,.T.);
#3045 = SURFACE_CURVE('',#3046,(#3050,#3057),.PCURVE_S1.);
#3046 = LINE('',#3047,#3048);
#3047 = CARTESIAN_POINT('',(-64.98989679892,9.3,23.85));
#3048 = VECTOR('',#3049,1.);
#3049 = DIRECTION('',(-0.,-1.,-0.));
#3050 = PCURVE('',#714,#3051);
#3051 = DEFINITIONAL_REPRESENTATION('',(#3052),#3056);
#3052 = LINE('',#3053,#3054);
#3053 = CARTESIAN_POINT('',(-11.7,0.));
#3054 = VECTOR('',#3055,1.);
#3055 = DIRECTION('',(-0.,-1.));
#3056 = ( GEOMETRIC_REPRESENTATION_CONTEXT(2) 
PARAMETRIC_REPRESENTATION_CONTEXT() REPRESENTATION_CONTEXT('2D SPACE',''
  ) );
#3057 = PCURVE('',#688,#3058);
#3058 = DEFINITIONAL_REPRESENTATION('',(#3059),#3063);
#3059 = LINE('',#3060,#3061);
#3060 = CARTESIAN_POINT('',(-0.,0.));
#3061 = VECTOR('',#3062,1.);
#3062 = DIRECTION('',(-0.,-1.));
#3063 = ( GEOMETRIC_REPRESENTATION_CONTEXT(2) 
PARAMETRIC_REPRESENTATION_CONTEXT() REPRESENTATION_CONTEXT('2D SPACE',''
  ) );
#3064 = ADVANCED_FACE('',(#3065),#688,.T.);
#3065 = FACE_BOUND('',#3066,.F.);
#3066 = EDGE_LOOP('',(#3067,#3090,#3091,#3092));
#3067 = ORIENTED_EDGE('',*,*,#3068,.F.);
#3068 = EDGE_CURVE('',#2701,#3069,#3071,.T.);
#3069 = VERTEX_POINT('',#3070);
#3070 = CARTESIAN_POINT('',(-63.07878140337,9.3,23.85));
#3071 = SURFACE_CURVE('',#3072,(#3076,#3083),.PCURVE_S1.);
#3072 = LINE('',#3073,#3074);
#3073 = CARTESIAN_POINT('',(-64.98989679892,9.3,23.85));
#3074 = VECTOR('',#3075,1.);
#3075 = DIRECTION('',(1.,-0.,1.858973920189E-15));
#3076 = PCURVE('',#688,#3077);
#3077 = DEFINITIONAL_REPRESENTATION('',(#3078),#3082);
#3078 = LINE('',#3079,#3080);
#3079 = CARTESIAN_POINT('',(-0.,0.));
#3080 = VECTOR('',#3081,1.);
#3081 = DIRECTION('',(-1.,0.));
#3082 = ( GEOMETRIC_REPRESENTATION_CONTEXT(2) 
PARAMETRIC_REPRESENTATION_CONTEXT() REPRESENTATION_CONTEXT('2D SPACE',''
  ) );
#3083 = PCURVE('',#1894,#3084);
#3084 = DEFINITIONAL_REPRESENTATION('',(#3085),#3089);
#3085 = LINE('',#3086,#3087);
#3086 = CARTESIAN_POINT('',(20.85,8.15));
#3087 = VECTOR('',#3088,1.);
#3088 = DIRECTION('',(1.858973920189E-15,1.));
#3089 = ( GEOMETRIC_REPRESENTATION_CONTEXT(2) 
PARAMETRIC_REPRESENTATION_CONTEXT() REPRESENTATION_CONTEXT('2D SPACE',''
  ) );
#3090 = ORIENTED_EDGE('',*,*,#3044,.T.);
#3091 = ORIENTED_EDGE('',*,*,#673,.T.);
#3092 = ORIENTED_EDGE('',*,*,#3093,.F.);
#3093 = EDGE_CURVE('',#3069,#648,#3094,.T.);
#3094 = SURFACE_CURVE('',#3095,(#3099,#3106),.PCURVE_S1.);
#3095 = LINE('',#3096,#3097);
#3096 = CARTESIAN_POINT('',(-63.07878140337,9.3,23.85));
#3097 = VECTOR('',#3098,1.);
#3098 = DIRECTION('',(-0.,-1.,-0.));
#3099 = PCURVE('',#688,#3100);
#3100 = DEFINITIONAL_REPRESENTATION('',(#3101),#3105);
#3101 = LINE('',#3102,#3103);
#3102 = CARTESIAN_POINT('',(-1.911115395551,0.));
#3103 = VECTOR('',#3104,1.);
#3104 = DIRECTION('',(-0.,-1.));
#3105 = ( GEOMETRIC_REPRESENTATION_CONTEXT(2) 
PARAMETRIC_REPRESENTATION_CONTEXT() REPRESENTATION_CONTEXT('2D SPACE',''
  ) );
#3106 = PCURVE('',#662,#3107);
#3107 = DEFINITIONAL_REPRESENTATION('',(#3108),#3112);
#3108 = LINE('',#3109,#3110);
#3109 = CARTESIAN_POINT('',(-0.,0.));
#3110 = VECTOR('',#3111,1.);
#3111 = DIRECTION('',(-0.,-1.));
#3112 = ( GEOMETRIC_REPRESENTATION_CONTEXT(2) 
PARAMETRIC_REPRESENTATION_CONTEXT() REPRESENTATION_CONTEXT('2D SPACE',''
  ) );
#3113 = ADVANCED_FACE('',(#3114),#662,.T.);
#3114 = FACE_BOUND('',#3115,.F.);
#3115 = EDGE_LOOP('',(#3116,#3137,#3138,#3139));
#3116 = ORIENTED_EDGE('',*,*,#3117,.F.);
#3117 = EDGE_CURVE('',#3069,#2232,#3118,.T.);
#3118 = SURFACE_CURVE('',#3119,(#3123,#3130),.PCURVE_S1.);
#3119 = LINE('',#3120,#3121);
#3120 = CARTESIAN_POINT('',(-63.07878140337,9.3,23.85));
#3121 = VECTOR('',#3122,1.);
#3122 = DIRECTION('',(0.715259879089,0.,-0.698858573222));
#3123 = PCURVE('',#662,#3124);
#3124 = DEFINITIONAL_REPRESENTATION('',(#3125),#3129);
#3125 = LINE('',#3126,#3127);
#3126 = CARTESIAN_POINT('',(-0.,0.));
#3127 = VECTOR('',#3128,1.);
#3128 = DIRECTION('',(-1.,0.));
#3129 = ( GEOMETRIC_REPRESENTATION_CONTEXT(2) 
PARAMETRIC_REPRESENTATION_CONTEXT() REPRESENTATION_CONTEXT('2D SPACE',''
  ) );
#3130 = PCURVE('',#1894,#3131);
#3131 = DEFINITIONAL_REPRESENTATION('',(#3132),#3136);
#3132 = LINE('',#3133,#3134);
#3133 = CARTESIAN_POINT('',(20.85,10.061115395551));
#3134 = VECTOR('',#3135,1.);
#3135 = DIRECTION('',(-0.698858573222,0.715259879089));
#3136 = ( GEOMETRIC_REPRESENTATION_CONTEXT(2) 
PARAMETRIC_REPRESENTATION_CONTEXT() REPRESENTATION_CONTEXT('2D SPACE',''
  ) );
#3137 = ORIENTED_EDGE('',*,*,#3093,.T.);
#3138 = ORIENTED_EDGE('',*,*,#647,.T.);
#3139 = ORIENTED_EDGE('',*,*,#2231,.F.);
#3140 = ADVANCED_FACE('',(#3141),#607,.T.);
#3141 = FACE_BOUND('',#3142,.T.);
#3142 = EDGE_LOOP('',(#3143,#3144,#3163,#3164));
#3143 = ORIENTED_EDGE('',*,*,#1416,.F.);
#3144 = ORIENTED_EDGE('',*,*,#3145,.T.);
#3145 = EDGE_CURVE('',#1394,#564,#3146,.T.);
#3146 = SURFACE_CURVE('',#3147,(#3151,#3157),.PCURVE_S1.);
#3147 = LINE('',#3148,#3149);
#3148 = CARTESIAN_POINT('',(-64.83989679892,-11.,25.4));
#3149 = VECTOR('',#3150,1.);
#3150 = DIRECTION('',(0.,-1.,0.));
#3151 = PCURVE('',#607,#3152);
#3152 = DEFINITIONAL_REPRESENTATION('',(#3153),#3156);
#3153 = B_SPLINE_CURVE_WITH_KNOTS('',1,(#3154,#3155),.UNSPECIFIED.,.F.,
  .F.,(2,2),(-22.,0.),.PIECEWISE_BEZIER_KNOTS.);
#3154 = CARTESIAN_POINT('',(0.5,22.));
#3155 = CARTESIAN_POINT('',(0.5,0.));
#3156 = ( GEOMETRIC_REPRESENTATION_CONTEXT(2) 
PARAMETRIC_REPRESENTATION_CONTEXT() REPRESENTATION_CONTEXT('2D SPACE',''
  ) );
#3157 = PCURVE('',#579,#3158);
#3158 = DEFINITIONAL_REPRESENTATION('',(#3159),#3162);
#3159 = B_SPLINE_CURVE_WITH_KNOTS('',1,(#3160,#3161),.UNSPECIFIED.,.F.,
  .F.,(2,2),(-22.,0.),.PIECEWISE_BEZIER_KNOTS.);
#3160 = CARTESIAN_POINT('',(24.1,-22.));
#3161 = CARTESIAN_POINT('',(24.1,0.));
#3162 = ( GEOMETRIC_REPRESENTATION_CONTEXT(2) 
PARAMETRIC_REPRESENTATION_CONTEXT() REPRESENTATION_CONTEXT('2D SPACE',''
  ) );
#3163 = ORIENTED_EDGE('',*,*,#591,.T.);
#3164 = ORIENTED_EDGE('',*,*,#2209,.T.);
#3165 = ADVANCED_FACE('',(#3166),#579,.T.);
#3166 = FACE_BOUND('',#3167,.T.);
#3167 = EDGE_LOOP('',(#3168,#3169,#3170,#3171));
#3168 = ORIENTED_EDGE('',*,*,#563,.F.);
#3169 = ORIENTED_EDGE('',*,*,#3145,.F.);
#3170 = ORIENTED_EDGE('',*,*,#1393,.T.);
#3171 = ORIENTED_EDGE('',*,*,#3172,.F.);
#3172 = EDGE_CURVE('',#536,#1371,#3173,.T.);
#3173 = SURFACE_CURVE('',#3174,(#3178,#3185),.PCURVE_S1.);
#3174 = LINE('',#3175,#3176);
#3175 = CARTESIAN_POINT('',(-64.83989679892,-11.,53.5));
#3176 = VECTOR('',#3177,1.);
#3177 = DIRECTION('',(0.,1.,0.));
#3178 = PCURVE('',#579,#3179);
#3179 = DEFINITIONAL_REPRESENTATION('',(#3180),#3184);
#3180 = LINE('',#3181,#3182);
#3181 = CARTESIAN_POINT('',(52.2,0.));
#3182 = VECTOR('',#3183,1.);
#3183 = DIRECTION('',(0.,-1.));
#3184 = ( GEOMETRIC_REPRESENTATION_CONTEXT(2) 
PARAMETRIC_REPRESENTATION_CONTEXT() REPRESENTATION_CONTEXT('2D SPACE',''
  ) );
#3185 = PCURVE('',#551,#3186);
#3186 = DEFINITIONAL_REPRESENTATION('',(#3187),#3191);
#3187 = LINE('',#3188,#3189);
#3188 = CARTESIAN_POINT('',(0.,0.));
#3189 = VECTOR('',#3190,1.);
#3190 = DIRECTION('',(0.,1.));
#3191 = ( GEOMETRIC_REPRESENTATION_CONTEXT(2) 
PARAMETRIC_REPRESENTATION_CONTEXT() REPRESENTATION_CONTEXT('2D SPACE',''
  ) );
#3192 = ADVANCED_FACE('',(#3193,#3219),#551,.F.);
#3193 = FACE_BOUND('',#3194,.F.);
#3194 = EDGE_LOOP('',(#3195,#3196,#3197,#3218));
#3195 = ORIENTED_EDGE('',*,*,#3172,.F.);
#3196 = ORIENTED_EDGE('',*,*,#535,.T.);
#3197 = ORIENTED_EDGE('',*,*,#3198,.T.);
#3198 = EDGE_CURVE('',#508,#1348,#3199,.T.);
#3199 = SURFACE_CURVE('',#3200,(#3204,#3211),.PCURVE_S1.);
#3200 = LINE('',#3201,#3202);
#3201 = CARTESIAN_POINT('',(64.839896798926,-11.,53.5));
#3202 = VECTOR('',#3203,1.);
#3203 = DIRECTION('',(0.,1.,0.));
#3204 = PCURVE('',#551,#3205);
#3205 = DEFINITIONAL_REPRESENTATION('',(#3206),#3210);
#3206 = LINE('',#3207,#3208);
#3207 = CARTESIAN_POINT('',(129.67979359785,0.));
#3208 = VECTOR('',#3209,1.);
#3209 = DIRECTION('',(0.,1.));
#3210 = ( GEOMETRIC_REPRESENTATION_CONTEXT(2) 
PARAMETRIC_REPRESENTATION_CONTEXT() REPRESENTATION_CONTEXT('2D SPACE',''
  ) );
#3211 = PCURVE('',#523,#3212);
#3212 = DEFINITIONAL_REPRESENTATION('',(#3213),#3217);
#3213 = LINE('',#3214,#3215);
#3214 = CARTESIAN_POINT('',(58.5,0.));
#3215 = VECTOR('',#3216,1.);
#3216 = DIRECTION('',(0.,-1.));
#3217 = ( GEOMETRIC_REPRESENTATION_CONTEXT(2) 
PARAMETRIC_REPRESENTATION_CONTEXT() REPRESENTATION_CONTEXT('2D SPACE',''
  ) );
#3218 = ORIENTED_EDGE('',*,*,#1370,.F.);
#3219 = FACE_BOUND('',#3220,.F.);
#3220 = EDGE_LOOP('',(#3221));
#3221 = ORIENTED_EDGE('',*,*,#3222,.T.);
#3222 = EDGE_CURVE('',#3223,#3223,#3225,.T.);
#3223 = VERTEX_POINT('',#3224);
#3224 = CARTESIAN_POINT('',(4.2,0.,53.5));
#3225 = SURFACE_CURVE('',#3226,(#3231,#3242),.PCURVE_S1.);
#3226 = CIRCLE('',#3227,4.2);
#3227 = AXIS2_PLACEMENT_3D('',#3228,#3229,#3230);
#3228 = CARTESIAN_POINT('',(0.,0.,53.5));
#3229 = DIRECTION('',(0.,0.,-1.));
#3230 = DIRECTION('',(1.,0.,0.));
#3231 = PCURVE('',#551,#3232);
#3232 = DEFINITIONAL_REPRESENTATION('',(#3233),#3241);
#3233 = ( BOUNDED_CURVE() B_SPLINE_CURVE(2,(#3234,#3235,#3236,#3237,
#3238,#3239,#3240),.UNSPECIFIED.,.T.,.F.) B_SPLINE_CURVE_WITH_KNOTS((1,2
    ,2,2,2,1),(-2.094395102393,0.,2.094395102393,4.188790204786,
6.28318530718,8.377580409573),.UNSPECIFIED.) CURVE() 
GEOMETRIC_REPRESENTATION_ITEM() RATIONAL_B_SPLINE_CURVE((1.,0.5,1.,0.5,
1.,0.5,1.)) REPRESENTATION_ITEM('') );
#3234 = CARTESIAN_POINT('',(69.039896798926,11.));
#3235 = CARTESIAN_POINT('',(69.039896798926,3.725386608211));
#3236 = CARTESIAN_POINT('',(62.739896798926,7.362693304105));
#3237 = CARTESIAN_POINT('',(56.439896798926,11.));
#3238 = CARTESIAN_POINT('',(62.739896798926,14.637306695895));
#3239 = CARTESIAN_POINT('',(69.039896798926,18.274613391789));
#3240 = CARTESIAN_POINT('',(69.039896798926,11.));
#3241 = ( GEOMETRIC_REPRESENTATION_CONTEXT(2) 
PARAMETRIC_REPRESENTATION_CONTEXT() REPRESENTATION_CONTEXT('2D SPACE',''
  ) );
#3242 = PCURVE('',#1165,#3243);
#3243 = DEFINITIONAL_REPRESENTATION('',(#3244),#3248);
#3244 = LINE('',#3245,#3246);
#3245 = CARTESIAN_POINT('',(-6.28318530718,-0.5));
#3246 = VECTOR('',#3247,1.);
#3247 = DIRECTION('',(1.,-0.));
#3248 = ( GEOMETRIC_REPRESENTATION_CONTEXT(2) 
PARAMETRIC_REPRESENTATION_CONTEXT() REPRESENTATION_CONTEXT('2D SPACE',''
  ) );
#3249 = ADVANCED_FACE('',(#3250),#523,.F.);
#3250 = FACE_BOUND('',#3251,.F.);
#3251 = EDGE_LOOP('',(#3252,#3253,#3272,#3273));
#3252 = ORIENTED_EDGE('',*,*,#507,.F.);
#3253 = ORIENTED_EDGE('',*,*,#3254,.F.);
#3254 = EDGE_CURVE('',#1325,#480,#3255,.T.);
#3255 = SURFACE_CURVE('',#3256,(#3260,#3266),.PCURVE_S1.);
#3256 = LINE('',#3257,#3258);
#3257 = CARTESIAN_POINT('',(64.839896798926,-11.,25.4));
#3258 = VECTOR('',#3259,1.);
#3259 = DIRECTION('',(0.,-1.,0.));
#3260 = PCURVE('',#523,#3261);
#3261 = DEFINITIONAL_REPRESENTATION('',(#3262),#3265);
#3262 = B_SPLINE_CURVE_WITH_KNOTS('',1,(#3263,#3264),.UNSPECIFIED.,.F.,
  .F.,(2,2),(-22.,0.),.PIECEWISE_BEZIER_KNOTS.);
#3263 = CARTESIAN_POINT('',(30.4,-22.));
#3264 = CARTESIAN_POINT('',(30.4,0.));
#3265 = ( GEOMETRIC_REPRESENTATION_CONTEXT(2) 
PARAMETRIC_REPRESENTATION_CONTEXT() REPRESENTATION_CONTEXT('2D SPACE',''
  ) );
#3266 = PCURVE('',#495,#3267);
#3267 = DEFINITIONAL_REPRESENTATION('',(#3268),#3271);
#3268 = B_SPLINE_CURVE_WITH_KNOTS('',1,(#3269,#3270),.UNSPECIFIED.,.F.,
  .F.,(2,2),(-22.,0.),.PIECEWISE_BEZIER_KNOTS.);
#3269 = CARTESIAN_POINT('',(3.439896798926,22.));
#3270 = CARTESIAN_POINT('',(3.439896798926,0.));
#3271 = ( GEOMETRIC_REPRESENTATION_CONTEXT(2) 
PARAMETRIC_REPRESENTATION_CONTEXT() REPRESENTATION_CONTEXT('2D SPACE',''
  ) );
#3272 = ORIENTED_EDGE('',*,*,#1347,.T.);
#3273 = ORIENTED_EDGE('',*,*,#3198,.F.);
#3274 = ADVANCED_FACE('',(#3275),#495,.T.);
#3275 = FACE_BOUND('',#3276,.T.);
#3276 = EDGE_LOOP('',(#3277,#3278,#3299,#3300));
#3277 = ORIENTED_EDGE('',*,*,#1324,.F.);
#3278 = ORIENTED_EDGE('',*,*,#3279,.F.);
#3279 = EDGE_CURVE('',#457,#1302,#3280,.T.);
#3280 = SURFACE_CURVE('',#3281,(#3285,#3292),.PCURVE_S1.);
#3281 = LINE('',#3282,#3283);
#3282 = CARTESIAN_POINT('',(61.4,-11.,25.4));
#3283 = VECTOR('',#3284,1.);
#3284 = DIRECTION('',(0.,1.,0.));
#3285 = PCURVE('',#495,#3286);
#3286 = DEFINITIONAL_REPRESENTATION('',(#3287),#3291);
#3287 = LINE('',#3288,#3289);
#3288 = CARTESIAN_POINT('',(0.,0.));
#3289 = VECTOR('',#3290,1.);
#3290 = DIRECTION('',(0.,1.));
#3291 = ( GEOMETRIC_REPRESENTATION_CONTEXT(2) 
PARAMETRIC_REPRESENTATION_CONTEXT() REPRESENTATION_CONTEXT('2D SPACE',''
  ) );
#3292 = PCURVE('',#314,#3293);
#3293 = DEFINITIONAL_REPRESENTATION('',(#3294),#3298);
#3294 = LINE('',#3295,#3296);
#3295 = CARTESIAN_POINT('',(14.8,0.));
#3296 = VECTOR('',#3297,1.);
#3297 = DIRECTION('',(0.,-1.));
#3298 = ( GEOMETRIC_REPRESENTATION_CONTEXT(2) 
PARAMETRIC_REPRESENTATION_CONTEXT() REPRESENTATION_CONTEXT('2D SPACE',''
  ) );
#3299 = ORIENTED_EDGE('',*,*,#479,.T.);
#3300 = ORIENTED_EDGE('',*,*,#3254,.F.);
#3301 = ADVANCED_FACE('',(#3302),#314,.F.);
#3302 = FACE_BOUND('',#3303,.F.);
#3303 = EDGE_LOOP('',(#3304,#3305,#3326,#3327,#3328,#3329,#3350,#3376));
#3304 = ORIENTED_EDGE('',*,*,#298,.F.);
#3305 = ORIENTED_EDGE('',*,*,#3306,.T.);
#3306 = EDGE_CURVE('',#271,#1279,#3307,.T.);
#3307 = SURFACE_CURVE('',#3308,(#3312,#3319),.PCURVE_S1.);
#3308 = LINE('',#3309,#3310);
#3309 = CARTESIAN_POINT('',(61.4,-11.,10.6));
#3310 = VECTOR('',#3311,1.);
#3311 = DIRECTION('',(0.,1.,0.));
#3312 = PCURVE('',#314,#3313);
#3313 = DEFINITIONAL_REPRESENTATION('',(#3314),#3318);
#3314 = LINE('',#3315,#3316);
#3315 = CARTESIAN_POINT('',(0.,0.));
#3316 = VECTOR('',#3317,1.);
#3317 = DIRECTION('',(0.,-1.));
#3318 = ( GEOMETRIC_REPRESENTATION_CONTEXT(2) 
PARAMETRIC_REPRESENTATION_CONTEXT() REPRESENTATION_CONTEXT('2D SPACE',''
  ) );
#3319 = PCURVE('',#286,#3320);
#3320 = DEFINITIONAL_REPRESENTATION('',(#3321),#3325);
#3321 = LINE('',#3322,#3323);
#3322 = CARTESIAN_POINT('',(0.,0.));
#3323 = VECTOR('',#3324,1.);
#3324 = DIRECTION('',(0.,1.));
#3325 = ( GEOMETRIC_REPRESENTATION_CONTEXT(2) 
PARAMETRIC_REPRESENTATION_CONTEXT() REPRESENTATION_CONTEXT('2D SPACE',''
  ) );
#3326 = ORIENTED_EDGE('',*,*,#1301,.T.);
#3327 = ORIENTED_EDGE('',*,*,#3279,.F.);
#3328 = ORIENTED_EDGE('',*,*,#456,.F.);
#3329 = ORIENTED_EDGE('',*,*,#3330,.T.);
#3330 = EDGE_CURVE('',#431,#3331,#3333,.T.);
#3331 = VERTEX_POINT('',#3332);
#3332 = CARTESIAN_POINT('',(61.4,9.3,22.209713985623));
#3333 = SURFACE_CURVE('',#3334,(#3338,#3344),.PCURVE_S1.);
#3334 = LINE('',#3335,#3336);
#3335 = CARTESIAN_POINT('',(61.4,-0.85,22.209713985623));
#3336 = VECTOR('',#3337,1.);
#3337 = DIRECTION('',(-0.,1.,0.));
#3338 = PCURVE('',#314,#3339);
#3339 = DEFINITIONAL_REPRESENTATION('',(#3340),#3343);
#3340 = B_SPLINE_CURVE_WITH_KNOTS('',1,(#3341,#3342),.UNSPECIFIED.,.F.,
  .F.,(2,2),(-10.15,10.15),.PIECEWISE_BEZIER_KNOTS.);
#3341 = CARTESIAN_POINT('',(11.609713985623,0.));
#3342 = CARTESIAN_POINT('',(11.609713985623,-20.3));
#3343 = ( GEOMETRIC_REPRESENTATION_CONTEXT(2) 
PARAMETRIC_REPRESENTATION_CONTEXT() REPRESENTATION_CONTEXT('2D SPACE',''
  ) );
#3344 = PCURVE('',#445,#3345);
#3345 = DEFINITIONAL_REPRESENTATION('',(#3346),#3349);
#3346 = B_SPLINE_CURVE_WITH_KNOTS('',1,(#3347,#3348),.UNSPECIFIED.,.F.,
  .F.,(2,2),(-10.15,10.15),.PIECEWISE_BEZIER_KNOTS.);
#3347 = CARTESIAN_POINT('',(2.347092927278,-20.3));
#3348 = CARTESIAN_POINT('',(2.347092927278,0.));
#3349 = ( GEOMETRIC_REPRESENTATION_CONTEXT(2) 
PARAMETRIC_REPRESENTATION_CONTEXT() REPRESENTATION_CONTEXT('2D SPACE',''
  ) );
#3350 = ORIENTED_EDGE('',*,*,#3351,.T.);
#3351 = EDGE_CURVE('',#3331,#3352,#3354,.T.);
#3352 = VERTEX_POINT('',#3353);
#3353 = CARTESIAN_POINT('',(61.4,9.3,13.826794919243));
#3354 = SURFACE_CURVE('',#3355,(#3359,#3365),.PCURVE_S1.);
#3355 = LINE('',#3356,#3357);
#3356 = CARTESIAN_POINT('',(61.4,9.3,14.338985648941));
#3357 = VECTOR('',#3358,1.);
#3358 = DIRECTION('',(0.,0.,-1.));
#3359 = PCURVE('',#314,#3360);
#3360 = DEFINITIONAL_REPRESENTATION('',(#3361),#3364);
#3361 = B_SPLINE_CURVE_WITH_KNOTS('',1,(#3362,#3363),.UNSPECIFIED.,.F.,
  .F.,(2,2),(-9.511014351059,2.188985648941),.PIECEWISE_BEZIER_KNOTS.);
#3362 = CARTESIAN_POINT('',(13.25,-20.3));
#3363 = CARTESIAN_POINT('',(1.55,-20.3));
#3364 = ( GEOMETRIC_REPRESENTATION_CONTEXT(2) 
PARAMETRIC_REPRESENTATION_CONTEXT() REPRESENTATION_CONTEXT('2D SPACE',''
  ) );
#3365 = PCURVE('',#3366,#3371);
#3366 = PLANE('',#3367);
#3367 = AXIS2_PLACEMENT_3D('',#3368,#3369,#3370);
#3368 = CARTESIAN_POINT('',(63.322581175235,9.3,18.077971297881));
#3369 = DIRECTION('',(-0.,-1.,-0.));
#3370 = DIRECTION('',(0.,0.,-1.));
#3371 = DEFINITIONAL_REPRESENTATION('',(#3372),#3375);
#3372 = B_SPLINE_CURVE_WITH_KNOTS('',1,(#3373,#3374),.UNSPECIFIED.,.F.,
  .F.,(2,2),(-9.511014351059,2.188985648941),.PIECEWISE_BEZIER_KNOTS.);
#3373 = CARTESIAN_POINT('',(-5.772028702119,-1.922581175235));
#3374 = CARTESIAN_POINT('',(5.927971297881,-1.922581175235));
#3375 = ( GEOMETRIC_REPRESENTATION_CONTEXT(2) 
PARAMETRIC_REPRESENTATION_CONTEXT() REPRESENTATION_CONTEXT('2D SPACE',''
  ) );
#3376 = ORIENTED_EDGE('',*,*,#3377,.T.);
#3377 = EDGE_CURVE('',#3352,#299,#3378,.T.);
#3378 = SURFACE_CURVE('',#3379,(#3383,#3389),.PCURVE_S1.);
#3379 = LINE('',#3380,#3381);
#3380 = CARTESIAN_POINT('',(61.4,-0.85,13.826794919243));
#3381 = VECTOR('',#3382,1.);
#3382 = DIRECTION('',(0.,-1.,0.));
#3383 = PCURVE('',#314,#3384);
#3384 = DEFINITIONAL_REPRESENTATION('',(#3385),#3388);
#3385 = B_SPLINE_CURVE_WITH_KNOTS('',1,(#3386,#3387),.UNSPECIFIED.,.F.,
  .F.,(2,2),(-10.15,10.15),.PIECEWISE_BEZIER_KNOTS.);
#3386 = CARTESIAN_POINT('',(3.226794919243,-20.3));
#3387 = CARTESIAN_POINT('',(3.226794919243,0.));
#3388 = ( GEOMETRIC_REPRESENTATION_CONTEXT(2) 
PARAMETRIC_REPRESENTATION_CONTEXT() REPRESENTATION_CONTEXT('2D SPACE',''
  ) );
#3389 = PCURVE('',#341,#3390);
#3390 = DEFINITIONAL_REPRESENTATION('',(#3391),#3394);
#3391 = B_SPLINE_CURVE_WITH_KNOTS('',1,(#3392,#3393),.UNSPECIFIED.,.F.,
  .F.,(2,2),(-10.15,10.15),.PIECEWISE_BEZIER_KNOTS.);
#3392 = CARTESIAN_POINT('',(0.173205080757,0.));
#3393 = CARTESIAN_POINT('',(0.173205080757,-20.3));
#3394 = ( GEOMETRIC_REPRESENTATION_CONTEXT(2) 
PARAMETRIC_REPRESENTATION_CONTEXT() REPRESENTATION_CONTEXT('2D SPACE',''
  ) );
#3395 = ADVANCED_FACE('',(#3396),#445,.T.);
#3396 = FACE_BOUND('',#3397,.T.);
#3397 = EDGE_LOOP('',(#3398,#3421,#3442,#3443));
#3398 = ORIENTED_EDGE('',*,*,#3399,.F.);
#3399 = EDGE_CURVE('',#3400,#3331,#3402,.T.);
#3400 = VERTEX_POINT('',#3401);
#3401 = CARTESIAN_POINT('',(63.078781403375,9.3,23.85));
#3402 = SURFACE_CURVE('',#3403,(#3407,#3414),.PCURVE_S1.);
#3403 = LINE('',#3404,#3405);
#3404 = CARTESIAN_POINT('',(63.078781403375,9.3,23.85));
#3405 = VECTOR('',#3406,1.);
#3406 = DIRECTION('',(-0.715259879089,0.,-0.698858573222));
#3407 = PCURVE('',#445,#3408);
#3408 = DEFINITIONAL_REPRESENTATION('',(#3409),#3413);
#3409 = LINE('',#3410,#3411);
#3410 = CARTESIAN_POINT('',(0.,0.));
#3411 = VECTOR('',#3412,1.);
#3412 = DIRECTION('',(1.,0.));
#3413 = ( GEOMETRIC_REPRESENTATION_CONTEXT(2) 
PARAMETRIC_REPRESENTATION_CONTEXT() REPRESENTATION_CONTEXT('2D SPACE',''
  ) );
#3414 = PCURVE('',#3366,#3415);
#3415 = DEFINITIONAL_REPRESENTATION('',(#3416),#3420);
#3416 = LINE('',#3417,#3418);
#3417 = CARTESIAN_POINT('',(-5.772028702119,-0.24379977186));
#3418 = VECTOR('',#3419,1.);
#3419 = DIRECTION('',(0.698858573222,-0.715259879089));
#3420 = ( GEOMETRIC_REPRESENTATION_CONTEXT(2) 
PARAMETRIC_REPRESENTATION_CONTEXT() REPRESENTATION_CONTEXT('2D SPACE',''
  ) );
#3421 = ORIENTED_EDGE('',*,*,#3422,.T.);
#3422 = EDGE_CURVE('',#3400,#405,#3423,.T.);
#3423 = SURFACE_CURVE('',#3424,(#3428,#3435),.PCURVE_S1.);
#3424 = LINE('',#3425,#3426);
#3425 = CARTESIAN_POINT('',(63.078781403375,9.3,23.85));
#3426 = VECTOR('',#3427,1.);
#3427 = DIRECTION('',(0.,-1.,0.));
#3428 = PCURVE('',#445,#3429);
#3429 = DEFINITIONAL_REPRESENTATION('',(#3430),#3434);
#3430 = LINE('',#3431,#3432);
#3431 = CARTESIAN_POINT('',(0.,0.));
#3432 = VECTOR('',#3433,1.);
#3433 = DIRECTION('',(-0.,-1.));
#3434 = ( GEOMETRIC_REPRESENTATION_CONTEXT(2) 
PARAMETRIC_REPRESENTATION_CONTEXT() REPRESENTATION_CONTEXT('2D SPACE',''
  ) );
#3435 = PCURVE('',#419,#3436);
#3436 = DEFINITIONAL_REPRESENTATION('',(#3437),#3441);
#3437 = LINE('',#3438,#3439);
#3438 = CARTESIAN_POINT('',(1.911115395551,0.));
#3439 = VECTOR('',#3440,1.);
#3440 = DIRECTION('',(0.,-1.));
#3441 = ( GEOMETRIC_REPRESENTATION_CONTEXT(2) 
PARAMETRIC_REPRESENTATION_CONTEXT() REPRESENTATION_CONTEXT('2D SPACE',''
  ) );
#3442 = ORIENTED_EDGE('',*,*,#430,.T.);
#3443 = ORIENTED_EDGE('',*,*,#3330,.T.);
#3444 = ADVANCED_FACE('',(#3445),#419,.T.);
#3445 = FACE_BOUND('',#3446,.T.);
#3446 = EDGE_LOOP('',(#3447,#3470,#3491,#3492));
#3447 = ORIENTED_EDGE('',*,*,#3448,.F.);
#3448 = EDGE_CURVE('',#3449,#3400,#3451,.T.);
#3449 = VERTEX_POINT('',#3450);
#3450 = CARTESIAN_POINT('',(64.989896798926,9.3,23.85));
#3451 = SURFACE_CURVE('',#3452,(#3456,#3463),.PCURVE_S1.);
#3452 = LINE('',#3453,#3454);
#3453 = CARTESIAN_POINT('',(64.989896798926,9.3,23.85));
#3454 = VECTOR('',#3455,1.);
#3455 = DIRECTION('',(-1.,0.,1.858973920189E-15));
#3456 = PCURVE('',#419,#3457);
#3457 = DEFINITIONAL_REPRESENTATION('',(#3458),#3462);
#3458 = LINE('',#3459,#3460);
#3459 = CARTESIAN_POINT('',(0.,0.));
#3460 = VECTOR('',#3461,1.);
#3461 = DIRECTION('',(1.,0.));
#3462 = ( GEOMETRIC_REPRESENTATION_CONTEXT(2) 
PARAMETRIC_REPRESENTATION_CONTEXT() REPRESENTATION_CONTEXT('2D SPACE',''
  ) );
#3463 = PCURVE('',#3366,#3464);
#3464 = DEFINITIONAL_REPRESENTATION('',(#3465),#3469);
#3465 = LINE('',#3466,#3467);
#3466 = CARTESIAN_POINT('',(-5.772028702119,1.667315623691));
#3467 = VECTOR('',#3468,1.);
#3468 = DIRECTION('',(-1.858973920189E-15,-1.));
#3469 = ( GEOMETRIC_REPRESENTATION_CONTEXT(2) 
PARAMETRIC_REPRESENTATION_CONTEXT() REPRESENTATION_CONTEXT('2D SPACE',''
  ) );
#3470 = ORIENTED_EDGE('',*,*,#3471,.T.);
#3471 = EDGE_CURVE('',#3449,#379,#3472,.T.);
#3472 = SURFACE_CURVE('',#3473,(#3477,#3484),.PCURVE_S1.);
#3473 = LINE('',#3474,#3475);
#3474 = CARTESIAN_POINT('',(64.989896798926,9.3,23.85));
#3475 = VECTOR('',#3476,1.);
#3476 = DIRECTION('',(0.,-1.,0.));
#3477 = PCURVE('',#419,#3478);
#3478 = DEFINITIONAL_REPRESENTATION('',(#3479),#3483);
#3479 = LINE('',#3480,#3481);
#3480 = CARTESIAN_POINT('',(0.,0.));
#3481 = VECTOR('',#3482,1.);
#3482 = DIRECTION('',(0.,-1.));
#3483 = ( GEOMETRIC_REPRESENTATION_CONTEXT(2) 
PARAMETRIC_REPRESENTATION_CONTEXT() REPRESENTATION_CONTEXT('2D SPACE',''
  ) );
#3484 = PCURVE('',#393,#3485);
#3485 = DEFINITIONAL_REPRESENTATION('',(#3486),#3490);
#3486 = LINE('',#3487,#3488);
#3487 = CARTESIAN_POINT('',(11.7,0.));
#3488 = VECTOR('',#3489,1.);
#3489 = DIRECTION('',(0.,-1.));
#3490 = ( GEOMETRIC_REPRESENTATION_CONTEXT(2) 
PARAMETRIC_REPRESENTATION_CONTEXT() REPRESENTATION_CONTEXT('2D SPACE',''
  ) );
#3491 = ORIENTED_EDGE('',*,*,#404,.T.);
#3492 = ORIENTED_EDGE('',*,*,#3422,.F.);
#3493 = ADVANCED_FACE('',(#3494),#393,.T.);
#3494 = FACE_BOUND('',#3495,.T.);
#3495 = EDGE_LOOP('',(#3496,#3519,#3540,#3541));
#3496 = ORIENTED_EDGE('',*,*,#3497,.F.);
#3497 = EDGE_CURVE('',#3498,#3449,#3500,.T.);
#3498 = VERTEX_POINT('',#3499);
#3499 = CARTESIAN_POINT('',(64.989896798926,9.3,12.15));
#3500 = SURFACE_CURVE('',#3501,(#3505,#3512),.PCURVE_S1.);
#3501 = LINE('',#3502,#3503);
#3502 = CARTESIAN_POINT('',(64.989896798926,9.3,12.15));
#3503 = VECTOR('',#3504,1.);
#3504 = DIRECTION('',(0.,0.,1.));
#3505 = PCURVE('',#393,#3506);
#3506 = DEFINITIONAL_REPRESENTATION('',(#3507),#3511);
#3507 = LINE('',#3508,#3509);
#3508 = CARTESIAN_POINT('',(0.,0.));
#3509 = VECTOR('',#3510,1.);
#3510 = DIRECTION('',(1.,0.));
#3511 = ( GEOMETRIC_REPRESENTATION_CONTEXT(2) 
PARAMETRIC_REPRESENTATION_CONTEXT() REPRESENTATION_CONTEXT('2D SPACE',''
  ) );
#3512 = PCURVE('',#3366,#3513);
#3513 = DEFINITIONAL_REPRESENTATION('',(#3514),#3518);
#3514 = LINE('',#3515,#3516);
#3515 = CARTESIAN_POINT('',(5.927971297881,1.667315623691));
#3516 = VECTOR('',#3517,1.);
#3517 = DIRECTION('',(-1.,0.));
#3518 = ( GEOMETRIC_REPRESENTATION_CONTEXT(2) 
PARAMETRIC_REPRESENTATION_CONTEXT() REPRESENTATION_CONTEXT('2D SPACE',''
  ) );
#3519 = ORIENTED_EDGE('',*,*,#3520,.T.);
#3520 = EDGE_CURVE('',#3498,#353,#3521,.T.);
#3521 = SURFACE_CURVE('',#3522,(#3526,#3533),.PCURVE_S1.);
#3522 = LINE('',#3523,#3524);
#3523 = CARTESIAN_POINT('',(64.989896798926,9.3,12.15));
#3524 = VECTOR('',#3525,1.);
#3525 = DIRECTION('',(0.,-1.,0.));
#3526 = PCURVE('',#393,#3527);
#3527 = DEFINITIONAL_REPRESENTATION('',(#3528),#3532);
#3528 = LINE('',#3529,#3530);
#3529 = CARTESIAN_POINT('',(0.,0.));
#3530 = VECTOR('',#3531,1.);
#3531 = DIRECTION('',(0.,-1.));
#3532 = ( GEOMETRIC_REPRESENTATION_CONTEXT(2) 
PARAMETRIC_REPRESENTATION_CONTEXT() REPRESENTATION_CONTEXT('2D SPACE',''
  ) );
#3533 = PCURVE('',#367,#3534);
#3534 = DEFINITIONAL_REPRESENTATION('',(#3535),#3539);
#3535 = LINE('',#3536,#3537);
#3536 = CARTESIAN_POINT('',(0.685602804924,0.));
#3537 = VECTOR('',#3538,1.);
#3538 = DIRECTION('',(0.,-1.));
#3539 = ( GEOMETRIC_REPRESENTATION_CONTEXT(2) 
PARAMETRIC_REPRESENTATION_CONTEXT() REPRESENTATION_CONTEXT('2D SPACE',''
  ) );
#3540 = ORIENTED_EDGE('',*,*,#378,.T.);
#3541 = ORIENTED_EDGE('',*,*,#3471,.F.);
#3542 = ADVANCED_FACE('',(#3543),#367,.T.);
#3543 = FACE_BOUND('',#3544,.T.);
#3544 = EDGE_LOOP('',(#3545,#3568,#3589,#3590));
#3545 = ORIENTED_EDGE('',*,*,#3546,.F.);
#3546 = EDGE_CURVE('',#3547,#3498,#3549,.T.);
#3547 = VERTEX_POINT('',#3548);
#3548 = CARTESIAN_POINT('',(64.304293994002,9.3,12.15));
#3549 = SURFACE_CURVE('',#3550,(#3554,#3561),.PCURVE_S1.);
#3550 = LINE('',#3551,#3552);
#3551 = CARTESIAN_POINT('',(64.304293994002,9.3,12.15));
#3552 = VECTOR('',#3553,1.);
#3553 = DIRECTION('',(1.,0.,0.));
#3554 = PCURVE('',#367,#3555);
#3555 = DEFINITIONAL_REPRESENTATION('',(#3556),#3560);
#3556 = LINE('',#3557,#3558);
#3557 = CARTESIAN_POINT('',(0.,0.));
#3558 = VECTOR('',#3559,1.);
#3559 = DIRECTION('',(1.,0.));
#3560 = ( GEOMETRIC_REPRESENTATION_CONTEXT(2) 
PARAMETRIC_REPRESENTATION_CONTEXT() REPRESENTATION_CONTEXT('2D SPACE',''
  ) );
#3561 = PCURVE('',#3366,#3562);
#3562 = DEFINITIONAL_REPRESENTATION('',(#3563),#3567);
#3563 = LINE('',#3564,#3565);
#3564 = CARTESIAN_POINT('',(5.927971297881,0.981712818767));
#3565 = VECTOR('',#3566,1.);
#3566 = DIRECTION('',(0.,1.));
#3567 = ( GEOMETRIC_REPRESENTATION_CONTEXT(2) 
PARAMETRIC_REPRESENTATION_CONTEXT() REPRESENTATION_CONTEXT('2D SPACE',''
  ) );
#3568 = ORIENTED_EDGE('',*,*,#3569,.T.);
#3569 = EDGE_CURVE('',#3547,#327,#3570,.T.);
#3570 = SURFACE_CURVE('',#3571,(#3575,#3582),.PCURVE_S1.);
#3571 = LINE('',#3572,#3573);
#3572 = CARTESIAN_POINT('',(64.304293994002,9.3,12.15));
#3573 = VECTOR('',#3574,1.);
#3574 = DIRECTION('',(0.,-1.,0.));
#3575 = PCURVE('',#367,#3576);
#3576 = DEFINITIONAL_REPRESENTATION('',(#3577),#3581);
#3577 = LINE('',#3578,#3579);
#3578 = CARTESIAN_POINT('',(0.,0.));
#3579 = VECTOR('',#3580,1.);
#3580 = DIRECTION('',(0.,-1.));
#3581 = ( GEOMETRIC_REPRESENTATION_CONTEXT(2) 
PARAMETRIC_REPRESENTATION_CONTEXT() REPRESENTATION_CONTEXT('2D SPACE',''
  ) );
#3582 = PCURVE('',#341,#3583);
#3583 = DEFINITIONAL_REPRESENTATION('',(#3584),#3588);
#3584 = LINE('',#3585,#3586);
#3585 = CARTESIAN_POINT('',(3.526794919243,0.));
#3586 = VECTOR('',#3587,1.);
#3587 = DIRECTION('',(0.,-1.));
#3588 = ( GEOMETRIC_REPRESENTATION_CONTEXT(2) 
PARAMETRIC_REPRESENTATION_CONTEXT() REPRESENTATION_CONTEXT('2D SPACE',''
  ) );
#3589 = ORIENTED_EDGE('',*,*,#352,.T.);
#3590 = ORIENTED_EDGE('',*,*,#3520,.F.);
#3591 = ADVANCED_FACE('',(#3592),#341,.T.);
#3592 = FACE_BOUND('',#3593,.T.);
#3593 = EDGE_LOOP('',(#3594,#3615,#3616,#3617));
#3594 = ORIENTED_EDGE('',*,*,#3595,.F.);
#3595 = EDGE_CURVE('',#3352,#3547,#3596,.T.);
#3596 = SURFACE_CURVE('',#3597,(#3601,#3608),.PCURVE_S1.);
#3597 = LINE('',#3598,#3599);
#3598 = CARTESIAN_POINT('',(61.25,9.3,13.913397459622));
#3599 = VECTOR('',#3600,1.);
#3600 = DIRECTION('',(0.866025403784,0.,-0.5));
#3601 = PCURVE('',#341,#3602);
#3602 = DEFINITIONAL_REPRESENTATION('',(#3603),#3607);
#3603 = LINE('',#3604,#3605);
#3604 = CARTESIAN_POINT('',(0.,0.));
#3605 = VECTOR('',#3606,1.);
#3606 = DIRECTION('',(1.,0.));
#3607 = ( GEOMETRIC_REPRESENTATION_CONTEXT(2) 
PARAMETRIC_REPRESENTATION_CONTEXT() REPRESENTATION_CONTEXT('2D SPACE',''
  ) );
#3608 = PCURVE('',#3366,#3609);
#3609 = DEFINITIONAL_REPRESENTATION('',(#3610),#3614);
#3610 = LINE('',#3611,#3612);
#3611 = CARTESIAN_POINT('',(4.16457383826,-2.072581175235));
#3612 = VECTOR('',#3613,1.);
#3613 = DIRECTION('',(0.5,0.866025403784));
#3614 = ( GEOMETRIC_REPRESENTATION_CONTEXT(2) 
PARAMETRIC_REPRESENTATION_CONTEXT() REPRESENTATION_CONTEXT('2D SPACE',''
  ) );
#3615 = ORIENTED_EDGE('',*,*,#3377,.T.);
#3616 = ORIENTED_EDGE('',*,*,#326,.T.);
#3617 = ORIENTED_EDGE('',*,*,#3569,.F.);
#3618 = ADVANCED_FACE('',(#3619),#286,.F.);
#3619 = FACE_BOUND('',#3620,.F.);
#3620 = EDGE_LOOP('',(#3621,#3622,#3623,#3624));
#3621 = ORIENTED_EDGE('',*,*,#1278,.F.);
#3622 = ORIENTED_EDGE('',*,*,#3306,.F.);
#3623 = ORIENTED_EDGE('',*,*,#270,.T.);
#3624 = ORIENTED_EDGE('',*,*,#3625,.F.);
#3625 = EDGE_CURVE('',#1256,#243,#3626,.T.);
#3626 = SURFACE_CURVE('',#3627,(#3631,#3637),.PCURVE_S1.);
#3627 = LINE('',#3628,#3629);
#3628 = CARTESIAN_POINT('',(61.428763833672,-11.,10.6));
#3629 = VECTOR('',#3630,1.);
#3630 = DIRECTION('',(0.,-1.,0.));
#3631 = PCURVE('',#286,#3632);
#3632 = DEFINITIONAL_REPRESENTATION('',(#3633),#3636);
#3633 = B_SPLINE_CURVE_WITH_KNOTS('',1,(#3634,#3635),.UNSPECIFIED.,.F.,
  .F.,(2,2),(-22.,0.),.PIECEWISE_BEZIER_KNOTS.);
#3634 = CARTESIAN_POINT('',(2.876383367175E-02,22.));
#3635 = CARTESIAN_POINT('',(2.876383367175E-02,0.));
#3636 = ( GEOMETRIC_REPRESENTATION_CONTEXT(2) 
PARAMETRIC_REPRESENTATION_CONTEXT() REPRESENTATION_CONTEXT('2D SPACE',''
  ) );
#3637 = PCURVE('',#258,#3638);
#3638 = DEFINITIONAL_REPRESENTATION('',(#3639),#3643);
#3639 = LINE('',#3640,#3641);
#3640 = CARTESIAN_POINT('',(15.6,0.));
#3641 = VECTOR('',#3642,1.);
#3642 = DIRECTION('',(0.,1.));
#3643 = ( GEOMETRIC_REPRESENTATION_CONTEXT(2) 
PARAMETRIC_REPRESENTATION_CONTEXT() REPRESENTATION_CONTEXT('2D SPACE',''
  ) );
#3644 = ADVANCED_FACE('',(#3645),#258,.F.);
#3645 = FACE_BOUND('',#3646,.F.);
#3646 = EDGE_LOOP('',(#3647,#3648,#3649,#3650,#3671,#3692));
#3647 = ORIENTED_EDGE('',*,*,#1255,.T.);
#3648 = ORIENTED_EDGE('',*,*,#3625,.T.);
#3649 = ORIENTED_EDGE('',*,*,#242,.T.);
#3650 = ORIENTED_EDGE('',*,*,#3651,.T.);
#3651 = EDGE_CURVE('',#217,#3652,#3654,.T.);
#3652 = VERTEX_POINT('',#3653);
#3653 = CARTESIAN_POINT('',(61.428763833672,2.,-5.));
#3654 = SURFACE_CURVE('',#3655,(#3659,#3665),.PCURVE_S1.);
#3655 = LINE('',#3656,#3657);
#3656 = CARTESIAN_POINT('',(61.428763833672,36.25,-39.25));
#3657 = VECTOR('',#3658,1.);
#3658 = DIRECTION('',(0.,0.707106781187,-0.707106781187));
#3659 = PCURVE('',#258,#3660);
#3660 = DEFINITIONAL_REPRESENTATION('',(#3661),#3664);
#3661 = B_SPLINE_CURVE_WITH_KNOTS('',1,(#3662,#3663),.UNSPECIFIED.,.F.,
  .F.,(2,2),(-66.82159082212,-48.43681451127),.PIECEWISE_BEZIER_KNOTS.);
#3662 = CARTESIAN_POINT('',(13.,0.));
#3663 = CARTESIAN_POINT('',(0.,-13.));
#3664 = ( GEOMETRIC_REPRESENTATION_CONTEXT(2) 
PARAMETRIC_REPRESENTATION_CONTEXT() REPRESENTATION_CONTEXT('2D SPACE',''
  ) );
#3665 = PCURVE('',#231,#3666);
#3666 = DEFINITIONAL_REPRESENTATION('',(#3667),#3670);
#3667 = B_SPLINE_CURVE_WITH_KNOTS('',1,(#3668,#3669),.UNSPECIFIED.,.F.,
  .F.,(2,2),(-66.82159082212,-48.43681451127),.PIECEWISE_BEZIER_KNOTS.);
#3668 = CARTESIAN_POINT('',(124.45079348883,-1.428763833672));
#3669 = CARTESIAN_POINT('',(106.06601717798,-1.428763833672));
#3670 = ( GEOMETRIC_REPRESENTATION_CONTEXT(2) 
PARAMETRIC_REPRESENTATION_CONTEXT() REPRESENTATION_CONTEXT('2D SPACE',''
  ) );
#3671 = ORIENTED_EDGE('',*,*,#3672,.T.);
#3672 = EDGE_CURVE('',#3652,#1205,#3673,.T.);
#3673 = SURFACE_CURVE('',#3674,(#3678,#3685),.PCURVE_S1.);
#3674 = LINE('',#3675,#3676);
#3675 = CARTESIAN_POINT('',(61.428763833672,-11.,-5.));
#3676 = VECTOR('',#3677,1.);
#3677 = DIRECTION('',(0.,1.,0.));
#3678 = PCURVE('',#258,#3679);
#3679 = DEFINITIONAL_REPRESENTATION('',(#3680),#3684);
#3680 = LINE('',#3681,#3682);
#3681 = CARTESIAN_POINT('',(0.,0.));
#3682 = VECTOR('',#3683,1.);
#3683 = DIRECTION('',(0.,-1.));
#3684 = ( GEOMETRIC_REPRESENTATION_CONTEXT(2) 
PARAMETRIC_REPRESENTATION_CONTEXT() REPRESENTATION_CONTEXT('2D SPACE',''
  ) );
#3685 = PCURVE('',#1220,#3686);
#3686 = DEFINITIONAL_REPRESENTATION('',(#3687),#3691);
#3687 = LINE('',#3688,#3689);
#3688 = CARTESIAN_POINT('',(-3.411132965254,0.));
#3689 = VECTOR('',#3690,1.);
#3690 = DIRECTION('',(0.,1.));
#3691 = ( GEOMETRIC_REPRESENTATION_CONTEXT(2) 
PARAMETRIC_REPRESENTATION_CONTEXT() REPRESENTATION_CONTEXT('2D SPACE',''
  ) );
#3692 = ORIENTED_EDGE('',*,*,#1232,.T.);
#3693 = ADVANCED_FACE('',(#3694,#3944),#231,.T.);
#3694 = FACE_BOUND('',#3695,.T.);
#3695 = EDGE_LOOP('',(#3696,#3717,#3718,#3719,#3740,#3768,#3794,#3822,
    #3843,#3871,#3897,#3925));
#3696 = ORIENTED_EDGE('',*,*,#3697,.F.);
#3697 = EDGE_CURVE('',#189,#3698,#3700,.T.);
#3698 = VERTEX_POINT('',#3699);
#3699 = CARTESIAN_POINT('',(74.839896798926,2.,-5.));
#3700 = SURFACE_CURVE('',#3701,(#3705,#3711),.PCURVE_S1.);
#3701 = LINE('',#3702,#3703);
#3702 = CARTESIAN_POINT('',(74.839896798926,36.25,-39.25));
#3703 = VECTOR('',#3704,1.);
#3704 = DIRECTION('',(0.,0.707106781187,-0.707106781187));
#3705 = PCURVE('',#231,#3706);
#3706 = DEFINITIONAL_REPRESENTATION('',(#3707),#3710);
#3707 = B_SPLINE_CURVE_WITH_KNOTS('',1,(#3708,#3709),.UNSPECIFIED.,.F.,
  .F.,(2,2),(-66.82159082212,-48.43681451127),.PIECEWISE_BEZIER_KNOTS.);
#3708 = CARTESIAN_POINT('',(124.45079348883,-14.83989679892));
#3709 = CARTESIAN_POINT('',(106.06601717798,-14.83989679892));
#3710 = ( GEOMETRIC_REPRESENTATION_CONTEXT(2) 
PARAMETRIC_REPRESENTATION_CONTEXT() REPRESENTATION_CONTEXT('2D SPACE',''
  ) );
#3711 = PCURVE('',#204,#3712);
#3712 = DEFINITIONAL_REPRESENTATION('',(#3713),#3716);
#3713 = B_SPLINE_CURVE_WITH_KNOTS('',1,(#3714,#3715),.UNSPECIFIED.,.F.,
  .F.,(2,2),(-66.82159082212,-48.43681451127),.PIECEWISE_BEZIER_KNOTS.);
#3714 = CARTESIAN_POINT('',(13.,0.));
#3715 = CARTESIAN_POINT('',(0.,-13.));
#3716 = ( GEOMETRIC_REPRESENTATION_CONTEXT(2) 
PARAMETRIC_REPRESENTATION_CONTEXT() REPRESENTATION_CONTEXT('2D SPACE',''
  ) );
#3717 = ORIENTED_EDGE('',*,*,#216,.T.);
#3718 = ORIENTED_EDGE('',*,*,#3651,.T.);
#3719 = ORIENTED_EDGE('',*,*,#3720,.T.);
#3720 = EDGE_CURVE('',#3652,#3721,#3723,.T.);
#3721 = VERTEX_POINT('',#3722);
#3722 = CARTESIAN_POINT('',(62.285786437627,2.,-5.));
#3723 = SURFACE_CURVE('',#3724,(#3728,#3734),.PCURVE_S1.);
#3724 = LINE('',#3725,#3726);
#3725 = CARTESIAN_POINT('',(62.419948399463,2.,-5.));
#3726 = VECTOR('',#3727,1.);
#3727 = DIRECTION('',(1.,0.,-0.));
#3728 = PCURVE('',#231,#3729);
#3729 = DEFINITIONAL_REPRESENTATION('',(#3730),#3733);
#3730 = B_SPLINE_CURVE_WITH_KNOTS('',1,(#3731,#3732),.UNSPECIFIED.,.F.,
  .F.,(2,2),(-0.991184565791,12.419948399463),.PIECEWISE_BEZIER_KNOTS.);
#3731 = CARTESIAN_POINT('',(106.06601717798,-1.428763833672));
#3732 = CARTESIAN_POINT('',(106.06601717798,-14.83989679892));
#3733 = ( GEOMETRIC_REPRESENTATION_CONTEXT(2) 
PARAMETRIC_REPRESENTATION_CONTEXT() REPRESENTATION_CONTEXT('2D SPACE',''
  ) );
#3734 = PCURVE('',#1220,#3735);
#3735 = DEFINITIONAL_REPRESENTATION('',(#3736),#3739);
#3736 = B_SPLINE_CURVE_WITH_KNOTS('',1,(#3737,#3738),.UNSPECIFIED.,.F.,
  .F.,(2,2),(-0.991184565791,12.419948399463),.PIECEWISE_BEZIER_KNOTS.);
#3737 = CARTESIAN_POINT('',(-3.411132965254,13.));
#3738 = CARTESIAN_POINT('',(10.,13.));
#3739 = ( GEOMETRIC_REPRESENTATION_CONTEXT(2) 
PARAMETRIC_REPRESENTATION_CONTEXT() REPRESENTATION_CONTEXT('2D SPACE',''
  ) );
#3740 = ORIENTED_EDGE('',*,*,#3741,.T.);
#3741 = EDGE_CURVE('',#3721,#3742,#3744,.T.);
#3742 = VERTEX_POINT('',#3743);
#3743 = CARTESIAN_POINT('',(62.285786437627,-9.45,6.45));
#3744 = SURFACE_CURVE('',#3745,(#3749,#3756),.PCURVE_S1.);
#3745 = LINE('',#3746,#3747);
#3746 = CARTESIAN_POINT('',(62.285786437627,9.142135623731,
    -12.14213562373));
#3747 = VECTOR('',#3748,1.);
#3748 = DIRECTION('',(0.,-0.707106781187,0.707106781187));
#3749 = PCURVE('',#231,#3750);
#3750 = DEFINITIONAL_REPRESENTATION('',(#3751),#3755);
#3751 = LINE('',#3752,#3753);
#3752 = CARTESIAN_POINT('',(95.965512114594,-2.285786437627));
#3753 = VECTOR('',#3754,1.);
#3754 = DIRECTION('',(1.,0.));
#3755 = ( GEOMETRIC_REPRESENTATION_CONTEXT(2) 
PARAMETRIC_REPRESENTATION_CONTEXT() REPRESENTATION_CONTEXT('2D SPACE',''
  ) );
#3756 = PCURVE('',#3757,#3762);
#3757 = PLANE('',#3758);
#3758 = AXIS2_PLACEMENT_3D('',#3759,#3760,#3761);
#3759 = CARTESIAN_POINT('',(63.7,-6.,1.));
#3760 = DIRECTION('',(-0.707106781187,-0.5,-0.5));
#3761 = DIRECTION('',(-0.707106781187,0.5,0.5));
#3762 = DEFINITIONAL_REPRESENTATION('',(#3763),#3767);
#3763 = LINE('',#3764,#3765);
#3764 = CARTESIAN_POINT('',(2.,20.));
#3765 = VECTOR('',#3766,1.);
#3766 = DIRECTION('',(0.,-1.));
#3767 = ( GEOMETRIC_REPRESENTATION_CONTEXT(2) 
PARAMETRIC_REPRESENTATION_CONTEXT() REPRESENTATION_CONTEXT('2D SPACE',''
  ) );
#3768 = ORIENTED_EDGE('',*,*,#3769,.T.);
#3769 = EDGE_CURVE('',#3742,#3770,#3772,.T.);
#3770 = VERTEX_POINT('',#3771);
#3771 = CARTESIAN_POINT('',(65.114213562373,-9.45,6.45));
#3772 = SURFACE_CURVE('',#3773,(#3777,#3783),.PCURVE_S1.);
#3773 = LINE('',#3774,#3775);
#3774 = CARTESIAN_POINT('',(-188.15,-9.45,6.45));
#3775 = VECTOR('',#3776,1.);
#3776 = DIRECTION('',(1.,0.,0.));
#3777 = PCURVE('',#231,#3778);
#3778 = DEFINITIONAL_REPRESENTATION('',(#3779),#3782);
#3779 = B_SPLINE_CURVE_WITH_KNOTS('',1,(#3780,#3781),.UNSPECIFIED.,.F.,
  .F.,(2,2),(250.43578643762,253.26421356237),.PIECEWISE_BEZIER_KNOTS.);
#3780 = CARTESIAN_POINT('',(122.25876246715,-2.285786437627));
#3781 = CARTESIAN_POINT('',(122.25876246715,-5.114213562373));
#3782 = ( GEOMETRIC_REPRESENTATION_CONTEXT(2) 
PARAMETRIC_REPRESENTATION_CONTEXT() REPRESENTATION_CONTEXT('2D SPACE',''
  ) );
#3783 = PCURVE('',#3784,#3789);
#3784 = PLANE('',#3785);
#3785 = AXIS2_PLACEMENT_3D('',#3786,#3787,#3788);
#3786 = CARTESIAN_POINT('',(-436.3,-363.0033905932,-347.1033905932));
#3787 = DIRECTION('',(0.,0.707106781187,-0.707106781187));
#3788 = DIRECTION('',(0.,0.707106781187,0.707106781187));
#3789 = DEFINITIONAL_REPRESENTATION('',(#3790),#3793);
#3790 = B_SPLINE_CURVE_WITH_KNOTS('',1,(#3791,#3792),.UNSPECIFIED.,.F.,
  .F.,(2,2),(250.43578643762,253.26421356237),.PIECEWISE_BEZIER_KNOTS.);
#3791 = CARTESIAN_POINT('',(500.,498.58578643762));
#3792 = CARTESIAN_POINT('',(500.,501.41421356237));
#3793 = ( GEOMETRIC_REPRESENTATION_CONTEXT(2) 
PARAMETRIC_REPRESENTATION_CONTEXT() REPRESENTATION_CONTEXT('2D SPACE',''
  ) );
#3794 = ORIENTED_EDGE('',*,*,#3795,.T.);
#3795 = EDGE_CURVE('',#3770,#3796,#3798,.T.);
#3796 = VERTEX_POINT('',#3797);
#3797 = CARTESIAN_POINT('',(65.114213562373,2.,-5.));
#3798 = SURFACE_CURVE('',#3799,(#3803,#3810),.PCURVE_S1.);
#3799 = LINE('',#3800,#3801);
#3800 = CARTESIAN_POINT('',(65.114213562373,-19.14213562373,
    16.142135623731));
#3801 = VECTOR('',#3802,1.);
#3802 = DIRECTION('',(0.,0.707106781187,-0.707106781187));
#3803 = PCURVE('',#231,#3804);
#3804 = DEFINITIONAL_REPRESENTATION('',(#3805),#3809);
#3805 = LINE('',#3806,#3807);
#3806 = CARTESIAN_POINT('',(135.96551211459,-5.114213562373));
#3807 = VECTOR('',#3808,1.);
#3808 = DIRECTION('',(-1.,-0.));
#3809 = ( GEOMETRIC_REPRESENTATION_CONTEXT(2) 
PARAMETRIC_REPRESENTATION_CONTEXT() REPRESENTATION_CONTEXT('2D SPACE',''
  ) );
#3810 = PCURVE('',#3811,#3816);
#3811 = PLANE('',#3812);
#3812 = AXIS2_PLACEMENT_3D('',#3813,#3814,#3815);
#3813 = CARTESIAN_POINT('',(65.114213562373,-5.,2.));
#3814 = DIRECTION('',(0.707106781187,-0.5,-0.5));
#3815 = DIRECTION('',(-0.707106781187,-0.5,-0.5));
#3816 = DEFINITIONAL_REPRESENTATION('',(#3817),#3821);
#3817 = LINE('',#3818,#3819);
#3818 = CARTESIAN_POINT('',(0.,-20.));
#3819 = VECTOR('',#3820,1.);
#3820 = DIRECTION('',(0.,1.));
#3821 = ( GEOMETRIC_REPRESENTATION_CONTEXT(2) 
PARAMETRIC_REPRESENTATION_CONTEXT() REPRESENTATION_CONTEXT('2D SPACE',''
  ) );
#3822 = ORIENTED_EDGE('',*,*,#3823,.T.);
#3823 = EDGE_CURVE('',#3796,#3824,#3826,.T.);
#3824 = VERTEX_POINT('',#3825);
#3825 = CARTESIAN_POINT('',(70.085786437627,2.,-5.));
#3826 = SURFACE_CURVE('',#3827,(#3831,#3837),.PCURVE_S1.);
#3827 = LINE('',#3828,#3829);
#3828 = CARTESIAN_POINT('',(62.419948399463,2.,-5.));
#3829 = VECTOR('',#3830,1.);
#3830 = DIRECTION('',(1.,0.,-0.));
#3831 = PCURVE('',#231,#3832);
#3832 = DEFINITIONAL_REPRESENTATION('',(#3833),#3836);
#3833 = B_SPLINE_CURVE_WITH_KNOTS('',1,(#3834,#3835),.UNSPECIFIED.,.F.,
  .F.,(2,2),(-0.991184565791,12.419948399463),.PIECEWISE_BEZIER_KNOTS.);
#3834 = CARTESIAN_POINT('',(106.06601717798,-1.428763833672));
#3835 = CARTESIAN_POINT('',(106.06601717798,-14.83989679892));
#3836 = ( GEOMETRIC_REPRESENTATION_CONTEXT(2) 
PARAMETRIC_REPRESENTATION_CONTEXT() REPRESENTATION_CONTEXT('2D SPACE',''
  ) );
#3837 = PCURVE('',#1220,#3838);
#3838 = DEFINITIONAL_REPRESENTATION('',(#3839),#3842);
#3839 = B_SPLINE_CURVE_WITH_KNOTS('',1,(#3840,#3841),.UNSPECIFIED.,.F.,
  .F.,(2,2),(-0.991184565791,12.419948399463),.PIECEWISE_BEZIER_KNOTS.);
#3840 = CARTESIAN_POINT('',(-3.411132965254,13.));
#3841 = CARTESIAN_POINT('',(10.,13.));
#3842 = ( GEOMETRIC_REPRESENTATION_CONTEXT(2) 
PARAMETRIC_REPRESENTATION_CONTEXT() REPRESENTATION_CONTEXT('2D SPACE',''
  ) );
#3843 = ORIENTED_EDGE('',*,*,#3844,.T.);
#3844 = EDGE_CURVE('',#3824,#3845,#3847,.T.);
#3845 = VERTEX_POINT('',#3846);
#3846 = CARTESIAN_POINT('',(70.085786437627,-9.45,6.45));
#3847 = SURFACE_CURVE('',#3848,(#3852,#3859),.PCURVE_S1.);
#3848 = LINE('',#3849,#3850);
#3849 = CARTESIAN_POINT('',(70.085786437627,9.142135623731,
    -12.14213562373));
#3850 = VECTOR('',#3851,1.);
#3851 = DIRECTION('',(0.,-0.707106781187,0.707106781187));
#3852 = PCURVE('',#231,#3853);
#3853 = DEFINITIONAL_REPRESENTATION('',(#3854),#3858);
#3854 = LINE('',#3855,#3856);
#3855 = CARTESIAN_POINT('',(95.965512114594,-10.08578643762));
#3856 = VECTOR('',#3857,1.);
#3857 = DIRECTION('',(1.,0.));
#3858 = ( GEOMETRIC_REPRESENTATION_CONTEXT(2) 
PARAMETRIC_REPRESENTATION_CONTEXT() REPRESENTATION_CONTEXT('2D SPACE',''
  ) );
#3859 = PCURVE('',#3860,#3865);
#3860 = PLANE('',#3861);
#3861 = AXIS2_PLACEMENT_3D('',#3862,#3863,#3864);
#3862 = CARTESIAN_POINT('',(71.5,-6.,1.));
#3863 = DIRECTION('',(-0.707106781187,-0.5,-0.5));
#3864 = DIRECTION('',(-0.707106781187,0.5,0.5));
#3865 = DEFINITIONAL_REPRESENTATION('',(#3866),#3870);
#3866 = LINE('',#3867,#3868);
#3867 = CARTESIAN_POINT('',(2.,20.));
#3868 = VECTOR('',#3869,1.);
#3869 = DIRECTION('',(0.,-1.));
#3870 = ( GEOMETRIC_REPRESENTATION_CONTEXT(2) 
PARAMETRIC_REPRESENTATION_CONTEXT() REPRESENTATION_CONTEXT('2D SPACE',''
  ) );
#3871 = ORIENTED_EDGE('',*,*,#3872,.T.);
#3872 = EDGE_CURVE('',#3845,#3873,#3875,.T.);
#3873 = VERTEX_POINT('',#3874);
#3874 = CARTESIAN_POINT('',(72.914213562373,-9.45,6.45));
#3875 = SURFACE_CURVE('',#3876,(#3880,#3886),.PCURVE_S1.);
#3876 = LINE('',#3877,#3878);
#3877 = CARTESIAN_POINT('',(-184.25,-9.45,6.45));
#3878 = VECTOR('',#3879,1.);
#3879 = DIRECTION('',(1.,0.,0.));
#3880 = PCURVE('',#231,#3881);
#3881 = DEFINITIONAL_REPRESENTATION('',(#3882),#3885);
#3882 = B_SPLINE_CURVE_WITH_KNOTS('',1,(#3883,#3884),.UNSPECIFIED.,.F.,
  .F.,(2,2),(254.33578643762,257.16421356237),.PIECEWISE_BEZIER_KNOTS.);
#3883 = CARTESIAN_POINT('',(122.25876246715,-10.08578643762));
#3884 = CARTESIAN_POINT('',(122.25876246715,-12.91421356237));
#3885 = ( GEOMETRIC_REPRESENTATION_CONTEXT(2) 
PARAMETRIC_REPRESENTATION_CONTEXT() REPRESENTATION_CONTEXT('2D SPACE',''
  ) );
#3886 = PCURVE('',#3887,#3892);
#3887 = PLANE('',#3888);
#3888 = AXIS2_PLACEMENT_3D('',#3889,#3890,#3891);
#3889 = CARTESIAN_POINT('',(-428.5,-363.0033905932,-347.1033905932));
#3890 = DIRECTION('',(0.,0.707106781187,-0.707106781187));
#3891 = DIRECTION('',(0.,0.707106781187,0.707106781187));
#3892 = DEFINITIONAL_REPRESENTATION('',(#3893),#3896);
#3893 = B_SPLINE_CURVE_WITH_KNOTS('',1,(#3894,#3895),.UNSPECIFIED.,.F.,
  .F.,(2,2),(254.33578643762,257.16421356237),.PIECEWISE_BEZIER_KNOTS.);
#3894 = CARTESIAN_POINT('',(500.,498.58578643762));
#3895 = CARTESIAN_POINT('',(500.,501.41421356237));
#3896 = ( GEOMETRIC_REPRESENTATION_CONTEXT(2) 
PARAMETRIC_REPRESENTATION_CONTEXT() REPRESENTATION_CONTEXT('2D SPACE',''
  ) );
#3897 = ORIENTED_EDGE('',*,*,#3898,.T.);
#3898 = EDGE_CURVE('',#3873,#3899,#3901,.T.);
#3899 = VERTEX_POINT('',#3900);
#3900 = CARTESIAN_POINT('',(72.914213562373,2.,-5.));
#3901 = SURFACE_CURVE('',#3902,(#3906,#3913),.PCURVE_S1.);
#3902 = LINE('',#3903,#3904);
#3903 = CARTESIAN_POINT('',(72.914213562373,-19.14213562373,
    16.142135623731));
#3904 = VECTOR('',#3905,1.);
#3905 = DIRECTION('',(0.,0.707106781187,-0.707106781187));
#3906 = PCURVE('',#231,#3907);
#3907 = DEFINITIONAL_REPRESENTATION('',(#3908),#3912);
#3908 = LINE('',#3909,#3910);
#3909 = CARTESIAN_POINT('',(135.96551211459,-12.91421356237));
#3910 = VECTOR('',#3911,1.);
#3911 = DIRECTION('',(-1.,-0.));
#3912 = ( GEOMETRIC_REPRESENTATION_CONTEXT(2) 
PARAMETRIC_REPRESENTATION_CONTEXT() REPRESENTATION_CONTEXT('2D SPACE',''
  ) );
#3913 = PCURVE('',#3914,#3919);
#3914 = PLANE('',#3915);
#3915 = AXIS2_PLACEMENT_3D('',#3916,#3917,#3918);
#3916 = CARTESIAN_POINT('',(72.914213562373,-5.,2.));
#3917 = DIRECTION('',(0.707106781187,-0.5,-0.5));
#3918 = DIRECTION('',(-0.707106781187,-0.5,-0.5));
#3919 = DEFINITIONAL_REPRESENTATION('',(#3920),#3924);
#3920 = LINE('',#3921,#3922);
#3921 = CARTESIAN_POINT('',(0.,-20.));
#3922 = VECTOR('',#3923,1.);
#3923 = DIRECTION('',(0.,1.));
#3924 = ( GEOMETRIC_REPRESENTATION_CONTEXT(2) 
PARAMETRIC_REPRESENTATION_CONTEXT() REPRESENTATION_CONTEXT('2D SPACE',''
  ) );
#3925 = ORIENTED_EDGE('',*,*,#3926,.T.);
#3926 = EDGE_CURVE('',#3899,#3698,#3927,.T.);
#3927 = SURFACE_CURVE('',#3928,(#3932,#3938),.PCURVE_S1.);
#3928 = LINE('',#3929,#3930);
#3929 = CARTESIAN_POINT('',(62.419948399463,2.,-5.));
#3930 = VECTOR('',#3931,1.);
#3931 = DIRECTION('',(1.,0.,-0.));
#3932 = PCURVE('',#231,#3933);
#3933 = DEFINITIONAL_REPRESENTATION('',(#3934),#3937);
#3934 = B_SPLINE_CURVE_WITH_KNOTS('',1,(#3935,#3936),.UNSPECIFIED.,.F.,
  .F.,(2,2),(-0.991184565791,12.419948399463),.PIECEWISE_BEZIER_KNOTS.);
#3935 = CARTESIAN_POINT('',(106.06601717798,-1.428763833672));
#3936 = CARTESIAN_POINT('',(106.06601717798,-14.83989679892));
#3937 = ( GEOMETRIC_REPRESENTATION_CONTEXT(2) 
PARAMETRIC_REPRESENTATION_CONTEXT() REPRESENTATION_CONTEXT('2D SPACE',''
  ) );
#3938 = PCURVE('',#1220,#3939);
#3939 = DEFINITIONAL_REPRESENTATION('',(#3940),#3943);
#3940 = B_SPLINE_CURVE_WITH_KNOTS('',1,(#3941,#3942),.UNSPECIFIED.,.F.,
  .F.,(2,2),(-0.991184565791,12.419948399463),.PIECEWISE_BEZIER_KNOTS.);
#3941 = CARTESIAN_POINT('',(-3.411132965254,13.));
#3942 = CARTESIAN_POINT('',(10.,13.));
#3943 = ( GEOMETRIC_REPRESENTATION_CONTEXT(2) 
PARAMETRIC_REPRESENTATION_CONTEXT() REPRESENTATION_CONTEXT('2D SPACE',''
  ) );
#3944 = FACE_BOUND('',#3945,.T.);
#3945 = EDGE_LOOP('',(#3946));
#3946 = ORIENTED_EDGE('',*,*,#3947,.F.);
#3947 = EDGE_CURVE('',#3948,#3948,#3950,.T.);
#3948 = VERTEX_POINT('',#3949);
#3949 = CARTESIAN_POINT('',(68.4,-5.,2.));
#3950 = SURFACE_CURVE('',#3951,(#3956,#3963),.PCURVE_S1.);
#3951 = ELLIPSE('',#3952,1.697056274848,1.2);
#3952 = AXIS2_PLACEMENT_3D('',#3953,#3954,#3955);
#3953 = CARTESIAN_POINT('',(67.2,-5.,2.));
#3954 = DIRECTION('',(0.,-0.707106781187,-0.707106781187));
#3955 = DIRECTION('',(0.,-0.707106781187,0.707106781187));
#3956 = PCURVE('',#231,#3957);
#3957 = DEFINITIONAL_REPRESENTATION('',(#3958),#3962);
#3958 = ELLIPSE('',#3959,1.697056274848,1.2);
#3959 = AXIS2_PLACEMENT_2D('',#3960,#3961);
#3960 = CARTESIAN_POINT('',(115.96551211459,-7.2));
#3961 = DIRECTION('',(1.,0.));
#3962 = ( GEOMETRIC_REPRESENTATION_CONTEXT(2) 
PARAMETRIC_REPRESENTATION_CONTEXT() REPRESENTATION_CONTEXT('2D SPACE',''
  ) );
#3963 = PCURVE('',#1680,#3964);
#3964 = DEFINITIONAL_REPRESENTATION('',(#3965),#3996);
#3965 = B_SPLINE_CURVE_WITH_KNOTS('',8,(#3966,#3967,#3968,#3969,#3970,
    #3971,#3972,#3973,#3974,#3975,#3976,#3977,#3978,#3979,#3980,#3981,
    #3982,#3983,#3984,#3985,#3986,#3987,#3988,#3989,#3990,#3991,#3992,
    #3993,#3994,#3995),.UNSPECIFIED.,.F.,.F.,(9,7,7,7,9),(4.712388980385
    ,6.28318530718,7.461282552276,9.22842841992,10.995574287564),
  .UNSPECIFIED.);
#3966 = CARTESIAN_POINT('',(-6.28318530718,-7.));
#3967 = CARTESIAN_POINT('',(-6.08683576633,-6.764380550981));
#3968 = CARTESIAN_POINT('',(-5.890486225482,-6.528761922036));
#3969 = CARTESIAN_POINT('',(-5.694136684631,-6.306980762977));
#3970 = CARTESIAN_POINT('',(-5.497787143783,-6.112894401762));
#3971 = CARTESIAN_POINT('',(-5.301437602935,-5.958615024207));
#3972 = CARTESIAN_POINT('',(-5.105088062083,-5.852873805349));
#3973 = CARTESIAN_POINT('',(-4.908738521234,-5.8));
#3974 = CARTESIAN_POINT('',(-4.565126824748,-5.8));
#3975 = CARTESIAN_POINT('',(-4.417864669111,-5.829741102276));
#3976 = CARTESIAN_POINT('',(-4.270602513474,-5.889222574179));
#3977 = CARTESIAN_POINT('',(-4.123340357837,-5.977070673239));
#3978 = CARTESIAN_POINT('',(-3.9760782022,-6.09052981182));
#3979 = CARTESIAN_POINT('',(-3.828816046562,-6.225635388399));
#3980 = CARTESIAN_POINT('',(-3.681553890926,-6.377516891354));
#3981 = CARTESIAN_POINT('',(-3.313398501833,-6.785674365874));
#3982 = CARTESIAN_POINT('',(-3.092505268378,-7.056177165944));
#3983 = CARTESIAN_POINT('',(-2.871612034914,-7.334077974567));
#3984 = CARTESIAN_POINT('',(-2.650718801457,-7.598510453921));
#3985 = CARTESIAN_POINT('',(-2.429825568004,-7.828755217004));
#3986 = CARTESIAN_POINT('',(-2.208932334555,-8.007884791306));
#3987 = CARTESIAN_POINT('',(-1.9880391011,-8.125229378029));
#3988 = CARTESIAN_POINT('',(-1.546252634189,-8.228655294939));
#3989 = CARTESIAN_POINT('',(-1.325359400733,-8.214736682365));
#3990 = CARTESIAN_POINT('',(-1.104466167279,-8.1313426372));
#3991 = CARTESIAN_POINT('',(-0.883572933821,-7.98145532456));
#3992 = CARTESIAN_POINT('',(-0.662679700364,-7.775505973405));
#3993 = CARTESIAN_POINT('',(-0.441786466911,-7.530143906993));
#3994 = CARTESIAN_POINT('',(-0.220893233456,-7.265071880147));
#3995 = CARTESIAN_POINT('',(-7.586524001605E-15,-7.));
#3996 = ( GEOMETRIC_REPRESENTATION_CONTEXT(2) 
PARAMETRIC_REPRESENTATION_CONTEXT() REPRESENTATION_CONTEXT('2D SPACE',''
  ) );
#3997 = ADVANCED_FACE('',(#3998),#204,.T.);
#3998 = FACE_BOUND('',#3999,.T.);
#3999 = EDGE_LOOP('',(#4000,#4001,#4002,#4003,#4024,#4025,#4026,#4054,
    #4082));
#4000 = ORIENTED_EDGE('',*,*,#1037,.F.);
#4001 = ORIENTED_EDGE('',*,*,#188,.F.);
#4002 = ORIENTED_EDGE('',*,*,#3697,.T.);
#4003 = ORIENTED_EDGE('',*,*,#4004,.T.);
#4004 = EDGE_CURVE('',#3698,#1182,#4005,.T.);
#4005 = SURFACE_CURVE('',#4006,(#4010,#4017),.PCURVE_S1.);
#4006 = LINE('',#4007,#4008);
#4007 = CARTESIAN_POINT('',(74.839896798926,-11.,-5.));
#4008 = VECTOR('',#4009,1.);
#4009 = DIRECTION('',(0.,1.,0.));
#4010 = PCURVE('',#204,#4011);
#4011 = DEFINITIONAL_REPRESENTATION('',(#4012),#4016);
#4012 = LINE('',#4013,#4014);
#4013 = CARTESIAN_POINT('',(0.,0.));
#4014 = VECTOR('',#4015,1.);
#4015 = DIRECTION('',(0.,-1.));
#4016 = ( GEOMETRIC_REPRESENTATION_CONTEXT(2) 
PARAMETRIC_REPRESENTATION_CONTEXT() REPRESENTATION_CONTEXT('2D SPACE',''
  ) );
#4017 = PCURVE('',#1220,#4018);
#4018 = DEFINITIONAL_REPRESENTATION('',(#4019),#4023);
#4019 = LINE('',#4020,#4021);
#4020 = CARTESIAN_POINT('',(10.,0.));
#4021 = VECTOR('',#4022,1.);
#4022 = DIRECTION('',(0.,1.));
#4023 = ( GEOMETRIC_REPRESENTATION_CONTEXT(2) 
PARAMETRIC_REPRESENTATION_CONTEXT() REPRESENTATION_CONTEXT('2D SPACE',''
  ) );
#4024 = ORIENTED_EDGE('',*,*,#1181,.T.);
#4025 = ORIENTED_EDGE('',*,*,#989,.F.);
#4026 = ORIENTED_EDGE('',*,*,#4027,.F.);
#4027 = EDGE_CURVE('',#4028,#990,#4030,.T.);
#4028 = VERTEX_POINT('',#4029);
#4029 = CARTESIAN_POINT('',(74.839896798926,6.5,30.));
#4030 = SURFACE_CURVE('',#4031,(#4035,#4042),.PCURVE_S1.);
#4031 = LINE('',#4032,#4033);
#4032 = CARTESIAN_POINT('',(74.839896798926,6.5,30.));
#4033 = VECTOR('',#4034,1.);
#4034 = DIRECTION('',(0.,0.,1.));
#4035 = PCURVE('',#204,#4036);
#4036 = DEFINITIONAL_REPRESENTATION('',(#4037),#4041);
#4037 = LINE('',#4038,#4039);
#4038 = CARTESIAN_POINT('',(35.,-17.5));
#4039 = VECTOR('',#4040,1.);
#4040 = DIRECTION('',(1.,0.));
#4041 = ( GEOMETRIC_REPRESENTATION_CONTEXT(2) 
PARAMETRIC_REPRESENTATION_CONTEXT() REPRESENTATION_CONTEXT('2D SPACE',''
  ) );
#4042 = PCURVE('',#4043,#4048);
#4043 = PLANE('',#4044);
#4044 = AXIS2_PLACEMENT_3D('',#4045,#4046,#4047);
#4045 = CARTESIAN_POINT('',(74.839896798926,6.5,30.));
#4046 = DIRECTION('',(0.707106781187,-0.707106781187,0.));
#4047 = DIRECTION('',(-0.707106781187,-0.707106781187,0.));
#4048 = DEFINITIONAL_REPRESENTATION('',(#4049),#4053);
#4049 = LINE('',#4050,#4051);
#4050 = CARTESIAN_POINT('',(0.,0.));
#4051 = VECTOR('',#4052,1.);
#4052 = DIRECTION('',(0.,-1.));
#4053 = ( GEOMETRIC_REPRESENTATION_CONTEXT(2) 
PARAMETRIC_REPRESENTATION_CONTEXT() REPRESENTATION_CONTEXT('2D SPACE',''
  ) );
#4054 = ORIENTED_EDGE('',*,*,#4055,.T.);
#4055 = EDGE_CURVE('',#4028,#4056,#4058,.T.);
#4056 = VERTEX_POINT('',#4057);
#4057 = CARTESIAN_POINT('',(74.839896798926,-6.5,30.));
#4058 = SURFACE_CURVE('',#4059,(#4063,#4070),.PCURVE_S1.);
#4059 = LINE('',#4060,#4061);
#4060 = CARTESIAN_POINT('',(74.839896798926,6.5,30.));
#4061 = VECTOR('',#4062,1.);
#4062 = DIRECTION('',(0.,-1.,0.));
#4063 = PCURVE('',#204,#4064);
#4064 = DEFINITIONAL_REPRESENTATION('',(#4065),#4069);
#4065 = LINE('',#4066,#4067);
#4066 = CARTESIAN_POINT('',(35.,-17.5));
#4067 = VECTOR('',#4068,1.);
#4068 = DIRECTION('',(0.,1.));
#4069 = ( GEOMETRIC_REPRESENTATION_CONTEXT(2) 
PARAMETRIC_REPRESENTATION_CONTEXT() REPRESENTATION_CONTEXT('2D SPACE',''
  ) );
#4070 = PCURVE('',#4071,#4076);
#4071 = PLANE('',#4072);
#4072 = AXIS2_PLACEMENT_3D('',#4073,#4074,#4075);
#4073 = CARTESIAN_POINT('',(66.539896798926,-6.5,30.));
#4074 = DIRECTION('',(0.,0.,1.));
#4075 = DIRECTION('',(1.,0.,0.));
#4076 = DEFINITIONAL_REPRESENTATION('',(#4077),#4081);
#4077 = LINE('',#4078,#4079);
#4078 = CARTESIAN_POINT('',(8.3,13.));
#4079 = VECTOR('',#4080,1.);
#4080 = DIRECTION('',(0.,-1.));
#4081 = ( GEOMETRIC_REPRESENTATION_CONTEXT(2) 
PARAMETRIC_REPRESENTATION_CONTEXT() REPRESENTATION_CONTEXT('2D SPACE',''
  ) );
#4082 = ORIENTED_EDGE('',*,*,#4083,.T.);
#4083 = EDGE_CURVE('',#4056,#1038,#4084,.T.);
#4084 = SURFACE_CURVE('',#4085,(#4089,#4096),.PCURVE_S1.);
#4085 = LINE('',#4086,#4087);
#4086 = CARTESIAN_POINT('',(74.839896798926,-6.5,30.));
#4087 = VECTOR('',#4088,1.);
#4088 = DIRECTION('',(0.,0.,1.));
#4089 = PCURVE('',#204,#4090);
#4090 = DEFINITIONAL_REPRESENTATION('',(#4091),#4095);
#4091 = LINE('',#4092,#4093);
#4092 = CARTESIAN_POINT('',(35.,-4.5));
#4093 = VECTOR('',#4094,1.);
#4094 = DIRECTION('',(1.,0.));
#4095 = ( GEOMETRIC_REPRESENTATION_CONTEXT(2) 
PARAMETRIC_REPRESENTATION_CONTEXT() REPRESENTATION_CONTEXT('2D SPACE',''
  ) );
#4096 = PCURVE('',#1076,#4097);
#4097 = DEFINITIONAL_REPRESENTATION('',(#4098),#4102);
#4098 = LINE('',#4099,#4100);
#4099 = CARTESIAN_POINT('',(-25.2,68.889896798926));
#4100 = VECTOR('',#4101,1.);
#4101 = DIRECTION('',(1.,0.));
#4102 = ( GEOMETRIC_REPRESENTATION_CONTEXT(2) 
PARAMETRIC_REPRESENTATION_CONTEXT() REPRESENTATION_CONTEXT('2D SPACE',''
  ) );
#4103 = ADVANCED_FACE('',(#4104),#877,.F.);
#4104 = FACE_BOUND('',#4105,.T.);
#4105 = EDGE_LOOP('',(#4106,#4129,#4130,#4131));
#4106 = ORIENTED_EDGE('',*,*,#4107,.T.);
#4107 = EDGE_CURVE('',#4108,#857,#4110,.T.);
#4108 = VERTEX_POINT('',#4109);
#4109 = CARTESIAN_POINT('',(2.05,-9.,58.5));
#4110 = SEAM_CURVE('',#4111,(#4115,#4122),.PCURVE_S1.);
#4111 = LINE('',#4112,#4113);
#4112 = CARTESIAN_POINT('',(2.05,-9.,58.5));
#4113 = VECTOR('',#4114,1.);
#4114 = DIRECTION('',(0.,-1.,1.110223024625E-16));
#4115 = PCURVE('',#877,#4116);
#4116 = DEFINITIONAL_REPRESENTATION('',(#4117),#4121);
#4117 = LINE('',#4118,#4119);
#4118 = CARTESIAN_POINT('',(-0.,0.));
#4119 = VECTOR('',#4120,1.);
#4120 = DIRECTION('',(-0.,-1.));
#4121 = ( GEOMETRIC_REPRESENTATION_CONTEXT(2) 
PARAMETRIC_REPRESENTATION_CONTEXT() REPRESENTATION_CONTEXT('2D SPACE',''
  ) );
#4122 = PCURVE('',#877,#4123);
#4123 = DEFINITIONAL_REPRESENTATION('',(#4124),#4128);
#4124 = LINE('',#4125,#4126);
#4125 = CARTESIAN_POINT('',(-6.28318530718,0.));
#4126 = VECTOR('',#4127,1.);
#4127 = DIRECTION('',(-0.,-1.));
#4128 = ( GEOMETRIC_REPRESENTATION_CONTEXT(2) 
PARAMETRIC_REPRESENTATION_CONTEXT() REPRESENTATION_CONTEXT('2D SPACE',''
  ) );
#4129 = ORIENTED_EDGE('',*,*,#856,.T.);
#4130 = ORIENTED_EDGE('',*,*,#4107,.F.);
#4131 = ORIENTED_EDGE('',*,*,#4132,.F.);
#4132 = EDGE_CURVE('',#4108,#4108,#4133,.T.);
#4133 = SURFACE_CURVE('',#4134,(#4139,#4146),.PCURVE_S1.);
#4134 = CIRCLE('',#4135,2.05);
#4135 = AXIS2_PLACEMENT_3D('',#4136,#4137,#4138);
#4136 = CARTESIAN_POINT('',(0.,-9.,58.5));
#4137 = DIRECTION('',(0.,-1.,1.110223024625E-16));
#4138 = DIRECTION('',(1.,0.,0.));
#4139 = PCURVE('',#877,#4140);
#4140 = DEFINITIONAL_REPRESENTATION('',(#4141),#4145);
#4141 = LINE('',#4142,#4143);
#4142 = CARTESIAN_POINT('',(-0.,0.));
#4143 = VECTOR('',#4144,1.);
#4144 = DIRECTION('',(-1.,0.));
#4145 = ( GEOMETRIC_REPRESENTATION_CONTEXT(2) 
PARAMETRIC_REPRESENTATION_CONTEXT() REPRESENTATION_CONTEXT('2D SPACE',''
  ) );
#4146 = PCURVE('',#4147,#4152);
#4147 = PLANE('',#4148);
#4148 = AXIS2_PLACEMENT_3D('',#4149,#4150,#4151);
#4149 = CARTESIAN_POINT('',(-8.338049588655E-17,-9.,58.5));
#4150 = DIRECTION('',(0.,-1.,1.110223024625E-16));
#4151 = DIRECTION('',(1.,0.,0.));
#4152 = DEFINITIONAL_REPRESENTATION('',(#4153),#4157);
#4153 = CIRCLE('',#4154,2.05);
#4154 = AXIS2_PLACEMENT_2D('',#4155,#4156);
#4155 = CARTESIAN_POINT('',(8.338049588655E-17,0.));
#4156 = DIRECTION('',(1.,0.));
#4157 = ( GEOMETRIC_REPRESENTATION_CONTEXT(2) 
PARAMETRIC_REPRESENTATION_CONTEXT() REPRESENTATION_CONTEXT('2D SPACE',''
  ) );
#4158 = ADVANCED_FACE('',(#4159),#908,.F.);
#4159 = FACE_BOUND('',#4160,.T.);
#4160 = EDGE_LOOP('',(#4161,#4184,#4211,#4212));
#4161 = ORIENTED_EDGE('',*,*,#4162,.T.);
#4162 = EDGE_CURVE('',#892,#4163,#4165,.T.);
#4163 = VERTEX_POINT('',#4164);
#4164 = CARTESIAN_POINT('',(18.6,-7.5,59.35));
#4165 = SEAM_CURVE('',#4166,(#4170,#4177),.PCURVE_S1.);
#4166 = LINE('',#4167,#4168);
#4167 = CARTESIAN_POINT('',(18.6,-11.,59.35));
#4168 = VECTOR('',#4169,1.);
#4169 = DIRECTION('',(0.,1.,1.110223024625E-16));
#4170 = PCURVE('',#908,#4171);
#4171 = DEFINITIONAL_REPRESENTATION('',(#4172),#4176);
#4172 = LINE('',#4173,#4174);
#4173 = CARTESIAN_POINT('',(-0.,0.));
#4174 = VECTOR('',#4175,1.);
#4175 = DIRECTION('',(-0.,-1.));
#4176 = ( GEOMETRIC_REPRESENTATION_CONTEXT(2) 
PARAMETRIC_REPRESENTATION_CONTEXT() REPRESENTATION_CONTEXT('2D SPACE',''
  ) );
#4177 = PCURVE('',#908,#4178);
#4178 = DEFINITIONAL_REPRESENTATION('',(#4179),#4183);
#4179 = LINE('',#4180,#4181);
#4180 = CARTESIAN_POINT('',(-6.28318530718,0.));
#4181 = VECTOR('',#4182,1.);
#4182 = DIRECTION('',(-0.,-1.));
#4183 = ( GEOMETRIC_REPRESENTATION_CONTEXT(2) 
PARAMETRIC_REPRESENTATION_CONTEXT() REPRESENTATION_CONTEXT('2D SPACE',''
  ) );
#4184 = ORIENTED_EDGE('',*,*,#4185,.T.);
#4185 = EDGE_CURVE('',#4163,#4163,#4186,.T.);
#4186 = SURFACE_CURVE('',#4187,(#4192,#4199),.PCURVE_S1.);
#4187 = CIRCLE('',#4188,1.65);
#4188 = AXIS2_PLACEMENT_3D('',#4189,#4190,#4191);
#4189 = CARTESIAN_POINT('',(16.95,-7.5,59.35));
#4190 = DIRECTION('',(-0.,1.,1.110223024625E-16));
#4191 = DIRECTION('',(1.,0.,0.));
#4192 = PCURVE('',#908,#4193);
#4193 = DEFINITIONAL_REPRESENTATION('',(#4194),#4198);
#4194 = LINE('',#4195,#4196);
#4195 = CARTESIAN_POINT('',(-0.,-3.5));
#4196 = VECTOR('',#4197,1.);
#4197 = DIRECTION('',(-1.,0.));
#4198 = ( GEOMETRIC_REPRESENTATION_CONTEXT(2) 
PARAMETRIC_REPRESENTATION_CONTEXT() REPRESENTATION_CONTEXT('2D SPACE',''
  ) );
#4199 = PCURVE('',#4200,#4205);
#4200 = CONICAL_SURFACE('',#4201,1.65,0.785398163397);
#4201 = AXIS2_PLACEMENT_3D('',#4202,#4203,#4204);
#4202 = CARTESIAN_POINT('',(16.95,-7.5,59.35));
#4203 = DIRECTION('',(-0.,-1.,-1.110223024625E-16));
#4204 = DIRECTION('',(1.,0.,0.));
#4205 = DEFINITIONAL_REPRESENTATION('',(#4206),#4210);
#4206 = LINE('',#4207,#4208);
#4207 = CARTESIAN_POINT('',(-0.,-0.));
#4208 = VECTOR('',#4209,1.);
#4209 = DIRECTION('',(-1.,-0.));
#4210 = ( GEOMETRIC_REPRESENTATION_CONTEXT(2) 
PARAMETRIC_REPRESENTATION_CONTEXT() REPRESENTATION_CONTEXT('2D SPACE',''
  ) );
#4211 = ORIENTED_EDGE('',*,*,#4162,.F.);
#4212 = ORIENTED_EDGE('',*,*,#891,.F.);
#4213 = ADVANCED_FACE('',(#4214),#943,.F.);
#4214 = FACE_BOUND('',#4215,.T.);
#4215 = EDGE_LOOP('',(#4216,#4239,#4240,#4241));
#4216 = ORIENTED_EDGE('',*,*,#4217,.F.);
#4217 = EDGE_CURVE('',#923,#4218,#4220,.T.);
#4218 = VERTEX_POINT('',#4219);
#4219 = CARTESIAN_POINT('',(68.4,8.5,10.));
#4220 = SEAM_CURVE('',#4221,(#4225,#4232),.PCURVE_S1.);
#4221 = LINE('',#4222,#4223);
#4222 = CARTESIAN_POINT('',(68.4,-12.,10.));
#4223 = VECTOR('',#4224,1.);
#4224 = DIRECTION('',(0.,1.,1.110223024625E-16));
#4225 = PCURVE('',#943,#4226);
#4226 = DEFINITIONAL_REPRESENTATION('',(#4227),#4231);
#4227 = LINE('',#4228,#4229);
#4228 = CARTESIAN_POINT('',(-6.28318530718,0.));
#4229 = VECTOR('',#4230,1.);
#4230 = DIRECTION('',(-0.,-1.));
#4231 = ( GEOMETRIC_REPRESENTATION_CONTEXT(2) 
PARAMETRIC_REPRESENTATION_CONTEXT() REPRESENTATION_CONTEXT('2D SPACE',''
  ) );
#4232 = PCURVE('',#943,#4233);
#4233 = DEFINITIONAL_REPRESENTATION('',(#4234),#4238);
#4234 = LINE('',#4235,#4236);
#4235 = CARTESIAN_POINT('',(-0.,0.));
#4236 = VECTOR('',#4237,1.);
#4237 = DIRECTION('',(-0.,-1.));
#4238 = ( GEOMETRIC_REPRESENTATION_CONTEXT(2) 
PARAMETRIC_REPRESENTATION_CONTEXT() REPRESENTATION_CONTEXT('2D SPACE',''
  ) );
#4239 = ORIENTED_EDGE('',*,*,#922,.T.);
#4240 = ORIENTED_EDGE('',*,*,#4217,.T.);
#4241 = ORIENTED_EDGE('',*,*,#4242,.F.);
#4242 = EDGE_CURVE('',#4218,#4218,#4243,.T.);
#4243 = SURFACE_CURVE('',#4244,(#4249,#4256),.PCURVE_S1.);
#4244 = CIRCLE('',#4245,1.2);
#4245 = AXIS2_PLACEMENT_3D('',#4246,#4247,#4248);
#4246 = CARTESIAN_POINT('',(67.2,8.5,10.));
#4247 = DIRECTION('',(0.,-1.,-1.110223024625E-16));
#4248 = DIRECTION('',(1.,-0.,0.));
#4249 = PCURVE('',#943,#4250);
#4250 = DEFINITIONAL_REPRESENTATION('',(#4251),#4255);
#4251 = LINE('',#4252,#4253);
#4252 = CARTESIAN_POINT('',(-6.28318530718,-20.5));
#4253 = VECTOR('',#4254,1.);
#4254 = DIRECTION('',(1.,-0.));
#4255 = ( GEOMETRIC_REPRESENTATION_CONTEXT(2) 
PARAMETRIC_REPRESENTATION_CONTEXT() REPRESENTATION_CONTEXT('2D SPACE',''
  ) );
#4256 = PCURVE('',#4257,#4262);
#4257 = PLANE('',#4258);
#4258 = AXIS2_PLACEMENT_3D('',#4259,#4260,#4261);
#4259 = CARTESIAN_POINT('',(67.2,8.5,10.));
#4260 = DIRECTION('',(0.,-1.,1.110223024625E-16));
#4261 = DIRECTION('',(1.,0.,0.));
#4262 = DEFINITIONAL_REPRESENTATION('',(#4263),#4267);
#4263 = CIRCLE('',#4264,1.2);
#4264 = AXIS2_PLACEMENT_2D('',#4265,#4266);
#4265 = CARTESIAN_POINT('',(0.,1.7763568394E-15));
#4266 = DIRECTION('',(1.,0.));
#4267 = ( GEOMETRIC_REPRESENTATION_CONTEXT(2) 
PARAMETRIC_REPRESENTATION_CONTEXT() REPRESENTATION_CONTEXT('2D SPACE',''
  ) );
#4268 = ADVANCED_FACE('',(#4269),#974,.F.);
#4269 = FACE_BOUND('',#4270,.T.);
#4270 = EDGE_LOOP('',(#4271,#4294,#4321,#4322));
#4271 = ORIENTED_EDGE('',*,*,#4272,.T.);
#4272 = EDGE_CURVE('',#958,#4273,#4275,.T.);
#4273 = VERTEX_POINT('',#4274);
#4274 = CARTESIAN_POINT('',(72.339896798926,-7.5,41.));
#4275 = SEAM_CURVE('',#4276,(#4280,#4287),.PCURVE_S1.);
#4276 = LINE('',#4277,#4278);
#4277 = CARTESIAN_POINT('',(72.339896798926,-11.,41.));
#4278 = VECTOR('',#4279,1.);
#4279 = DIRECTION('',(0.,1.,1.110223024625E-16));
#4280 = PCURVE('',#974,#4281);
#4281 = DEFINITIONAL_REPRESENTATION('',(#4282),#4286);
#4282 = LINE('',#4283,#4284);
#4283 = CARTESIAN_POINT('',(-0.,0.));
#4284 = VECTOR('',#4285,1.);
#4285 = DIRECTION('',(-0.,-1.));
#4286 = ( GEOMETRIC_REPRESENTATION_CONTEXT(2) 
PARAMETRIC_REPRESENTATION_CONTEXT() REPRESENTATION_CONTEXT('2D SPACE',''
  ) );
#4287 = PCURVE('',#974,#4288);
#4288 = DEFINITIONAL_REPRESENTATION('',(#4289),#4293);
#4289 = LINE('',#4290,#4291);
#4290 = CARTESIAN_POINT('',(-6.28318530718,0.));
#4291 = VECTOR('',#4292,1.);
#4292 = DIRECTION('',(-0.,-1.));
#4293 = ( GEOMETRIC_REPRESENTATION_CONTEXT(2) 
PARAMETRIC_REPRESENTATION_CONTEXT() REPRESENTATION_CONTEXT('2D SPACE',''
  ) );
#4294 = ORIENTED_EDGE('',*,*,#4295,.T.);
#4295 = EDGE_CURVE('',#4273,#4273,#4296,.T.);
#4296 = SURFACE_CURVE('',#4297,(#4302,#4309),.PCURVE_S1.);
#4297 = CIRCLE('',#4298,1.65);
#4298 = AXIS2_PLACEMENT_3D('',#4299,#4300,#4301);
#4299 = CARTESIAN_POINT('',(70.689896798926,-7.5,41.));
#4300 = DIRECTION('',(-0.,1.,1.110223024625E-16));
#4301 = DIRECTION('',(1.,0.,0.));
#4302 = PCURVE('',#974,#4303);
#4303 = DEFINITIONAL_REPRESENTATION('',(#4304),#4308);
#4304 = LINE('',#4305,#4306);
#4305 = CARTESIAN_POINT('',(-0.,-3.5));
#4306 = VECTOR('',#4307,1.);
#4307 = DIRECTION('',(-1.,0.));
#4308 = ( GEOMETRIC_REPRESENTATION_CONTEXT(2) 
PARAMETRIC_REPRESENTATION_CONTEXT() REPRESENTATION_CONTEXT('2D SPACE',''
  ) );
#4309 = PCURVE('',#4310,#4315);
#4310 = CONICAL_SURFACE('',#4311,1.65,0.785398163397);
#4311 = AXIS2_PLACEMENT_3D('',#4312,#4313,#4314);
#4312 = CARTESIAN_POINT('',(70.689896798926,-7.5,41.));
#4313 = DIRECTION('',(-0.,-1.,-1.110223024625E-16));
#4314 = DIRECTION('',(1.,0.,0.));
#4315 = DEFINITIONAL_REPRESENTATION('',(#4316),#4320);
#4316 = LINE('',#4317,#4318);
#4317 = CARTESIAN_POINT('',(-0.,-0.));
#4318 = VECTOR('',#4319,1.);
#4319 = DIRECTION('',(-1.,-0.));
#4320 = ( GEOMETRIC_REPRESENTATION_CONTEXT(2) 
PARAMETRIC_REPRESENTATION_CONTEXT() REPRESENTATION_CONTEXT('2D SPACE',''
  ) );
#4321 = ORIENTED_EDGE('',*,*,#4272,.F.);
#4322 = ORIENTED_EDGE('',*,*,#957,.F.);
#4323 = ADVANCED_FACE('',(#4324,#4540,#4575),#1076,.T.);
#4324 = FACE_BOUND('',#4325,.T.);
#4325 = EDGE_LOOP('',(#4326,#4356,#4384,#4405,#4406,#4407,#4430,#4458,
    #4486,#4514));
#4326 = ORIENTED_EDGE('',*,*,#4327,.F.);
#4327 = EDGE_CURVE('',#4328,#4330,#4332,.T.);
#4328 = VERTEX_POINT('',#4329);
#4329 = CARTESIAN_POINT('',(28.95,-6.5,55.2));
#4330 = VERTEX_POINT('',#4331);
#4331 = CARTESIAN_POINT('',(28.95,-6.5,61.8));
#4332 = SURFACE_CURVE('',#4333,(#4337,#4344),.PCURVE_S1.);
#4333 = LINE('',#4334,#4335);
#4334 = CARTESIAN_POINT('',(28.95,-6.5,55.2));
#4335 = VECTOR('',#4336,1.);
#4336 = DIRECTION('',(0.,0.,1.));
#4337 = PCURVE('',#1076,#4338);
#4338 = DEFINITIONAL_REPRESENTATION('',(#4339),#4343);
#4339 = LINE('',#4340,#4341);
#4340 = CARTESIAN_POINT('',(0.,23.));
#4341 = VECTOR('',#4342,1.);
#4342 = DIRECTION('',(1.,0.));
#4343 = ( GEOMETRIC_REPRESENTATION_CONTEXT(2) 
PARAMETRIC_REPRESENTATION_CONTEXT() REPRESENTATION_CONTEXT('2D SPACE',''
  ) );
#4344 = PCURVE('',#4345,#4350);
#4345 = PLANE('',#4346);
#4346 = AXIS2_PLACEMENT_3D('',#4347,#4348,#4349);
#4347 = CARTESIAN_POINT('',(28.95,-6.5,55.2));
#4348 = DIRECTION('',(1.,0.,0.));
#4349 = DIRECTION('',(0.,0.,1.));
#4350 = DEFINITIONAL_REPRESENTATION('',(#4351),#4355);
#4351 = LINE('',#4352,#4353);
#4352 = CARTESIAN_POINT('',(0.,0.));
#4353 = VECTOR('',#4354,1.);
#4354 = DIRECTION('',(1.,0.));
#4355 = ( GEOMETRIC_REPRESENTATION_CONTEXT(2) 
PARAMETRIC_REPRESENTATION_CONTEXT() REPRESENTATION_CONTEXT('2D SPACE',''
  ) );
#4356 = ORIENTED_EDGE('',*,*,#4357,.F.);
#4357 = EDGE_CURVE('',#4358,#4328,#4360,.T.);
#4358 = VERTEX_POINT('',#4359);
#4359 = CARTESIAN_POINT('',(5.95,-6.5,55.2));
#4360 = SURFACE_CURVE('',#4361,(#4365,#4372),.PCURVE_S1.);
#4361 = LINE('',#4362,#4363);
#4362 = CARTESIAN_POINT('',(5.95,-6.5,55.2));
#4363 = VECTOR('',#4364,1.);
#4364 = DIRECTION('',(1.,0.,0.));
#4365 = PCURVE('',#1076,#4366);
#4366 = DEFINITIONAL_REPRESENTATION('',(#4367),#4371);
#4367 = LINE('',#4368,#4369);
#4368 = CARTESIAN_POINT('',(0.,0.));
#4369 = VECTOR('',#4370,1.);
#4370 = DIRECTION('',(0.,1.));
#4371 = ( GEOMETRIC_REPRESENTATION_CONTEXT(2) 
PARAMETRIC_REPRESENTATION_CONTEXT() REPRESENTATION_CONTEXT('2D SPACE',''
  ) );
#4372 = PCURVE('',#4373,#4378);
#4373 = PLANE('',#4374);
#4374 = AXIS2_PLACEMENT_3D('',#4375,#4376,#4377);
#4375 = CARTESIAN_POINT('',(5.95,-6.5,55.2));
#4376 = DIRECTION('',(0.,0.,1.));
#4377 = DIRECTION('',(1.,0.,0.));
#4378 = DEFINITIONAL_REPRESENTATION('',(#4379),#4383);
#4379 = LINE('',#4380,#4381);
#4380 = CARTESIAN_POINT('',(0.,0.));
#4381 = VECTOR('',#4382,1.);
#4382 = DIRECTION('',(1.,0.));
#4383 = ( GEOMETRIC_REPRESENTATION_CONTEXT(2) 
PARAMETRIC_REPRESENTATION_CONTEXT() REPRESENTATION_CONTEXT('2D SPACE',''
  ) );
#4384 = ORIENTED_EDGE('',*,*,#4385,.T.);
#4385 = EDGE_CURVE('',#4358,#1061,#4386,.T.);
#4386 = SURFACE_CURVE('',#4387,(#4391,#4398),.PCURVE_S1.);
#4387 = LINE('',#4388,#4389);
#4388 = CARTESIAN_POINT('',(5.95,-6.5,55.2));
#4389 = VECTOR('',#4390,1.);
#4390 = DIRECTION('',(0.,0.,1.));
#4391 = PCURVE('',#1076,#4392);
#4392 = DEFINITIONAL_REPRESENTATION('',(#4393),#4397);
#4393 = LINE('',#4394,#4395);
#4394 = CARTESIAN_POINT('',(0.,0.));
#4395 = VECTOR('',#4396,1.);
#4396 = DIRECTION('',(1.,0.));
#4397 = ( GEOMETRIC_REPRESENTATION_CONTEXT(2) 
PARAMETRIC_REPRESENTATION_CONTEXT() REPRESENTATION_CONTEXT('2D SPACE',''
  ) );
#4398 = PCURVE('',#1104,#4399);
#4399 = DEFINITIONAL_REPRESENTATION('',(#4400),#4404);
#4400 = LINE('',#4401,#4402);
#4401 = CARTESIAN_POINT('',(7.698959235991,11.901040764009));
#4402 = VECTOR('',#4403,1.);
#4403 = DIRECTION('',(-1.,0.));
#4404 = ( GEOMETRIC_REPRESENTATION_CONTEXT(2) 
PARAMETRIC_REPRESENTATION_CONTEXT() REPRESENTATION_CONTEXT('2D SPACE',''
  ) );
#4405 = ORIENTED_EDGE('',*,*,#1060,.F.);
#4406 = ORIENTED_EDGE('',*,*,#4083,.F.);
#4407 = ORIENTED_EDGE('',*,*,#4408,.F.);
#4408 = EDGE_CURVE('',#4409,#4056,#4411,.T.);
#4409 = VERTEX_POINT('',#4410);
#4410 = CARTESIAN_POINT('',(66.539896798926,-6.5,30.));
#4411 = SURFACE_CURVE('',#4412,(#4416,#4423),.PCURVE_S1.);
#4412 = LINE('',#4413,#4414);
#4413 = CARTESIAN_POINT('',(66.539896798926,-6.5,30.));
#4414 = VECTOR('',#4415,1.);
#4415 = DIRECTION('',(1.,0.,0.));
#4416 = PCURVE('',#1076,#4417);
#4417 = DEFINITIONAL_REPRESENTATION('',(#4418),#4422);
#4418 = LINE('',#4419,#4420);
#4419 = CARTESIAN_POINT('',(-25.2,60.589896798926));
#4420 = VECTOR('',#4421,1.);
#4421 = DIRECTION('',(0.,1.));
#4422 = ( GEOMETRIC_REPRESENTATION_CONTEXT(2) 
PARAMETRIC_REPRESENTATION_CONTEXT() REPRESENTATION_CONTEXT('2D SPACE',''
  ) );
#4423 = PCURVE('',#4071,#4424);
#4424 = DEFINITIONAL_REPRESENTATION('',(#4425),#4429);
#4425 = LINE('',#4426,#4427);
#4426 = CARTESIAN_POINT('',(0.,0.));
#4427 = VECTOR('',#4428,1.);
#4428 = DIRECTION('',(1.,0.));
#4429 = ( GEOMETRIC_REPRESENTATION_CONTEXT(2) 
PARAMETRIC_REPRESENTATION_CONTEXT() REPRESENTATION_CONTEXT('2D SPACE',''
  ) );
#4430 = ORIENTED_EDGE('',*,*,#4431,.T.);
#4431 = EDGE_CURVE('',#4409,#4432,#4434,.T.);
#4432 = VERTEX_POINT('',#4433);
#4433 = CARTESIAN_POINT('',(66.539896798926,-6.5,60.));
#4434 = SURFACE_CURVE('',#4435,(#4439,#4446),.PCURVE_S1.);
#4435 = LINE('',#4436,#4437);
#4436 = CARTESIAN_POINT('',(66.539896798926,-6.5,30.));
#4437 = VECTOR('',#4438,1.);
#4438 = DIRECTION('',(0.,0.,1.));
#4439 = PCURVE('',#1076,#4440);
#4440 = DEFINITIONAL_REPRESENTATION('',(#4441),#4445);
#4441 = LINE('',#4442,#4443);
#4442 = CARTESIAN_POINT('',(-25.2,60.589896798926));
#4443 = VECTOR('',#4444,1.);
#4444 = DIRECTION('',(1.,0.));
#4445 = ( GEOMETRIC_REPRESENTATION_CONTEXT(2) 
PARAMETRIC_REPRESENTATION_CONTEXT() REPRESENTATION_CONTEXT('2D SPACE',''
  ) );
#4446 = PCURVE('',#4447,#4452);
#4447 = PLANE('',#4448);
#4448 = AXIS2_PLACEMENT_3D('',#4449,#4450,#4451);
#4449 = CARTESIAN_POINT('',(66.539896798926,-6.5,30.));
#4450 = DIRECTION('',(1.,0.,0.));
#4451 = DIRECTION('',(0.,0.,1.));
#4452 = DEFINITIONAL_REPRESENTATION('',(#4453),#4457);
#4453 = LINE('',#4454,#4455);
#4454 = CARTESIAN_POINT('',(0.,0.));
#4455 = VECTOR('',#4456,1.);
#4456 = DIRECTION('',(1.,0.));
#4457 = ( GEOMETRIC_REPRESENTATION_CONTEXT(2) 
PARAMETRIC_REPRESENTATION_CONTEXT() REPRESENTATION_CONTEXT('2D SPACE',''
  ) );
#4458 = ORIENTED_EDGE('',*,*,#4459,.T.);
#4459 = EDGE_CURVE('',#4432,#4460,#4462,.T.);
#4460 = VERTEX_POINT('',#4461);
#4461 = CARTESIAN_POINT('',(73.139896798926,-6.5,60.));
#4462 = SURFACE_CURVE('',#4463,(#4467,#4474),.PCURVE_S1.);
#4463 = LINE('',#4464,#4465);
#4464 = CARTESIAN_POINT('',(66.539896798926,-6.5,60.));
#4465 = VECTOR('',#4466,1.);
#4466 = DIRECTION('',(1.,0.,0.));
#4467 = PCURVE('',#1076,#4468);
#4468 = DEFINITIONAL_REPRESENTATION('',(#4469),#4473);
#4469 = LINE('',#4470,#4471);
#4470 = CARTESIAN_POINT('',(4.8,60.589896798926));
#4471 = VECTOR('',#4472,1.);
#4472 = DIRECTION('',(0.,1.));
#4473 = ( GEOMETRIC_REPRESENTATION_CONTEXT(2) 
PARAMETRIC_REPRESENTATION_CONTEXT() REPRESENTATION_CONTEXT('2D SPACE',''
  ) );
#4474 = PCURVE('',#4475,#4480);
#4475 = PLANE('',#4476);
#4476 = AXIS2_PLACEMENT_3D('',#4477,#4478,#4479);
#4477 = CARTESIAN_POINT('',(66.539896798926,-6.5,60.));
#4478 = DIRECTION('',(0.,0.,1.));
#4479 = DIRECTION('',(1.,0.,0.));
#4480 = DEFINITIONAL_REPRESENTATION('',(#4481),#4485);
#4481 = LINE('',#4482,#4483);
#4482 = CARTESIAN_POINT('',(0.,0.));
#4483 = VECTOR('',#4484,1.);
#4484 = DIRECTION('',(1.,0.));
#4485 = ( GEOMETRIC_REPRESENTATION_CONTEXT(2) 
PARAMETRIC_REPRESENTATION_CONTEXT() REPRESENTATION_CONTEXT('2D SPACE',''
  ) );
#4486 = ORIENTED_EDGE('',*,*,#4487,.T.);
#4487 = EDGE_CURVE('',#4460,#4488,#4490,.T.);
#4488 = VERTEX_POINT('',#4489);
#4489 = CARTESIAN_POINT('',(73.139896798926,-6.5,61.8));
#4490 = SURFACE_CURVE('',#4491,(#4495,#4502),.PCURVE_S1.);
#4491 = LINE('',#4492,#4493);
#4492 = CARTESIAN_POINT('',(73.139896798926,-6.5,30.));
#4493 = VECTOR('',#4494,1.);
#4494 = DIRECTION('',(0.,0.,1.));
#4495 = PCURVE('',#1076,#4496);
#4496 = DEFINITIONAL_REPRESENTATION('',(#4497),#4501);
#4497 = LINE('',#4498,#4499);
#4498 = CARTESIAN_POINT('',(-25.2,67.189896798926));
#4499 = VECTOR('',#4500,1.);
#4500 = DIRECTION('',(1.,0.));
#4501 = ( GEOMETRIC_REPRESENTATION_CONTEXT(2) 
PARAMETRIC_REPRESENTATION_CONTEXT() REPRESENTATION_CONTEXT('2D SPACE',''
  ) );
#4502 = PCURVE('',#4503,#4508);
#4503 = PLANE('',#4504);
#4504 = AXIS2_PLACEMENT_3D('',#4505,#4506,#4507);
#4505 = CARTESIAN_POINT('',(73.139896798926,-6.5,30.));
#4506 = DIRECTION('',(1.,0.,0.));
#4507 = DIRECTION('',(0.,0.,1.));
#4508 = DEFINITIONAL_REPRESENTATION('',(#4509),#4513);
#4509 = LINE('',#4510,#4511);
#4510 = CARTESIAN_POINT('',(0.,0.));
#4511 = VECTOR('',#4512,1.);
#4512 = DIRECTION('',(1.,0.));
#4513 = ( GEOMETRIC_REPRESENTATION_CONTEXT(2) 
PARAMETRIC_REPRESENTATION_CONTEXT() REPRESENTATION_CONTEXT('2D SPACE',''
  ) );
#4514 = ORIENTED_EDGE('',*,*,#4515,.F.);
#4515 = EDGE_CURVE('',#4330,#4488,#4516,.T.);
#4516 = SURFACE_CURVE('',#4517,(#4521,#4528),.PCURVE_S1.);
#4517 = LINE('',#4518,#4519);
#4518 = CARTESIAN_POINT('',(5.95,-6.5,61.8));
#4519 = VECTOR('',#4520,1.);
#4520 = DIRECTION('',(1.,0.,0.));
#4521 = PCURVE('',#1076,#4522);
#4522 = DEFINITIONAL_REPRESENTATION('',(#4523),#4527);
#4523 = LINE('',#4524,#4525);
#4524 = CARTESIAN_POINT('',(6.6,0.));
#4525 = VECTOR('',#4526,1.);
#4526 = DIRECTION('',(0.,1.));
#4527 = ( GEOMETRIC_REPRESENTATION_CONTEXT(2) 
PARAMETRIC_REPRESENTATION_CONTEXT() REPRESENTATION_CONTEXT('2D SPACE',''
  ) );
#4528 = PCURVE('',#4529,#4534);
#4529 = PLANE('',#4530);
#4530 = AXIS2_PLACEMENT_3D('',#4531,#4532,#4533);
#4531 = CARTESIAN_POINT('',(5.95,-6.5,61.8));
#4532 = DIRECTION('',(0.,0.,1.));
#4533 = DIRECTION('',(1.,0.,0.));
#4534 = DEFINITIONAL_REPRESENTATION('',(#4535),#4539);
#4535 = LINE('',#4536,#4537);
#4536 = CARTESIAN_POINT('',(0.,0.));
#4537 = VECTOR('',#4538,1.);
#4538 = DIRECTION('',(1.,0.));
#4539 = ( GEOMETRIC_REPRESENTATION_CONTEXT(2) 
PARAMETRIC_REPRESENTATION_CONTEXT() REPRESENTATION_CONTEXT('2D SPACE',''
  ) );
#4540 = FACE_BOUND('',#4541,.T.);
#4541 = EDGE_LOOP('',(#4542));
#4542 = ORIENTED_EDGE('',*,*,#4543,.T.);
#4543 = EDGE_CURVE('',#4544,#4544,#4546,.T.);
#4544 = VERTEX_POINT('',#4545);
#4545 = CARTESIAN_POINT('',(18.15,-6.5,59.35));
#4546 = SURFACE_CURVE('',#4547,(#4552,#4563),.PCURVE_S1.);
#4547 = CIRCLE('',#4548,1.2);
#4548 = AXIS2_PLACEMENT_3D('',#4549,#4550,#4551);
#4549 = CARTESIAN_POINT('',(16.95,-6.5,59.35));
#4550 = DIRECTION('',(0.,-1.,-1.110223024625E-16));
#4551 = DIRECTION('',(1.,-0.,0.));
#4552 = PCURVE('',#1076,#4553);
#4553 = DEFINITIONAL_REPRESENTATION('',(#4554),#4562);
#4554 = ( BOUNDED_CURVE() B_SPLINE_CURVE(2,(#4555,#4556,#4557,#4558,
#4559,#4560,#4561),.UNSPECIFIED.,.T.,.F.) B_SPLINE_CURVE_WITH_KNOTS((1,2
    ,2,2,2,1),(-2.094395102393,0.,2.094395102393,4.188790204786,
6.28318530718,8.377580409573),.UNSPECIFIED.) CURVE() 
GEOMETRIC_REPRESENTATION_ITEM() RATIONAL_B_SPLINE_CURVE((1.,0.5,1.,0.5,
1.,0.5,1.)) REPRESENTATION_ITEM('') );
#4555 = CARTESIAN_POINT('',(4.15,12.2));
#4556 = CARTESIAN_POINT('',(6.228460969083,12.2));
#4557 = CARTESIAN_POINT('',(5.189230484541,10.4));
#4558 = CARTESIAN_POINT('',(4.15,8.6));
#4559 = CARTESIAN_POINT('',(3.110769515459,10.4));
#4560 = CARTESIAN_POINT('',(2.071539030917,12.2));
#4561 = CARTESIAN_POINT('',(4.15,12.2));
#4562 = ( GEOMETRIC_REPRESENTATION_CONTEXT(2) 
PARAMETRIC_REPRESENTATION_CONTEXT() REPRESENTATION_CONTEXT('2D SPACE',''
  ) );
#4563 = PCURVE('',#4564,#4569);
#4564 = CYLINDRICAL_SURFACE('',#4565,1.2);
#4565 = AXIS2_PLACEMENT_3D('',#4566,#4567,#4568);
#4566 = CARTESIAN_POINT('',(16.95,-12.,59.35));
#4567 = DIRECTION('',(-0.,-1.,-1.110223024625E-16));
#4568 = DIRECTION('',(1.,0.,0.));
#4569 = DEFINITIONAL_REPRESENTATION('',(#4570),#4574);
#4570 = LINE('',#4571,#4572);
#4571 = CARTESIAN_POINT('',(-6.28318530718,-5.5));
#4572 = VECTOR('',#4573,1.);
#4573 = DIRECTION('',(1.,-0.));
#4574 = ( GEOMETRIC_REPRESENTATION_CONTEXT(2) 
PARAMETRIC_REPRESENTATION_CONTEXT() REPRESENTATION_CONTEXT('2D SPACE',''
  ) );
#4575 = FACE_BOUND('',#4576,.T.);
#4576 = EDGE_LOOP('',(#4577));
#4577 = ORIENTED_EDGE('',*,*,#4578,.T.);
#4578 = EDGE_CURVE('',#4579,#4579,#4581,.T.);
#4579 = VERTEX_POINT('',#4580);
#4580 = CARTESIAN_POINT('',(71.889896798926,-6.5,41.));
#4581 = SURFACE_CURVE('',#4582,(#4587,#4598),.PCURVE_S1.);
#4582 = CIRCLE('',#4583,1.2);
#4583 = AXIS2_PLACEMENT_3D('',#4584,#4585,#4586);
#4584 = CARTESIAN_POINT('',(70.689896798926,-6.5,41.));
#4585 = DIRECTION('',(0.,-1.,-1.110223024625E-16));
#4586 = DIRECTION('',(1.,-0.,0.));
#4587 = PCURVE('',#1076,#4588);
#4588 = DEFINITIONAL_REPRESENTATION('',(#4589),#4597);
#4589 = ( BOUNDED_CURVE() B_SPLINE_CURVE(2,(#4590,#4591,#4592,#4593,
#4594,#4595,#4596),.UNSPECIFIED.,.T.,.F.) B_SPLINE_CURVE_WITH_KNOTS((1,2
    ,2,2,2,1),(-2.094395102393,0.,2.094395102393,4.188790204786,
6.28318530718,8.377580409573),.UNSPECIFIED.) CURVE() 
GEOMETRIC_REPRESENTATION_ITEM() RATIONAL_B_SPLINE_CURVE((1.,0.5,1.,0.5,
1.,0.5,1.)) REPRESENTATION_ITEM('') );
#4590 = CARTESIAN_POINT('',(-14.2,65.939896798926));
#4591 = CARTESIAN_POINT('',(-12.12153903091,65.939896798926));
#4592 = CARTESIAN_POINT('',(-13.16076951545,64.139896798926));
#4593 = CARTESIAN_POINT('',(-14.2,62.339896798926));
#4594 = CARTESIAN_POINT('',(-15.23923048454,64.139896798926));
#4595 = CARTESIAN_POINT('',(-16.27846096908,65.939896798926));
#4596 = CARTESIAN_POINT('',(-14.2,65.939896798926));
#4597 = ( GEOMETRIC_REPRESENTATION_CONTEXT(2) 
PARAMETRIC_REPRESENTATION_CONTEXT() REPRESENTATION_CONTEXT('2D SPACE',''
  ) );
#4598 = PCURVE('',#4599,#4604);
#4599 = CYLINDRICAL_SURFACE('',#4600,1.2);
#4600 = AXIS2_PLACEMENT_3D('',#4601,#4602,#4603);
#4601 = CARTESIAN_POINT('',(70.689896798926,-12.,41.));
#4602 = DIRECTION('',(-0.,-1.,-1.110223024625E-16));
#4603 = DIRECTION('',(1.,0.,0.));
#4604 = DEFINITIONAL_REPRESENTATION('',(#4605),#4609);
#4605 = LINE('',#4606,#4607);
#4606 = CARTESIAN_POINT('',(-6.28318530718,-5.5));
#4607 = VECTOR('',#4608,1.);
#4608 = DIRECTION('',(1.,-0.));
#4609 = ( GEOMETRIC_REPRESENTATION_CONTEXT(2) 
PARAMETRIC_REPRESENTATION_CONTEXT() REPRESENTATION_CONTEXT('2D SPACE',''
  ) );
#4610 = ADVANCED_FACE('',(#4611),#1104,.F.);
#4611 = FACE_BOUND('',#4612,.F.);
#4612 = EDGE_LOOP('',(#4613,#4636,#4664,#4685,#4686));
#4613 = ORIENTED_EDGE('',*,*,#4614,.T.);
#4614 = EDGE_CURVE('',#1089,#4615,#4617,.T.);
#4615 = VERTEX_POINT('',#4616);
#4616 = CARTESIAN_POINT('',(5.95,4.8,61.8));
#4617 = SURFACE_CURVE('',#4618,(#4622,#4629),.PCURVE_S1.);
#4618 = LINE('',#4619,#4620);
#4619 = CARTESIAN_POINT('',(5.95,6.5,63.5));
#4620 = VECTOR('',#4621,1.);
#4621 = DIRECTION('',(0.,-0.707106781187,-0.707106781187));
#4622 = PCURVE('',#1104,#4623);
#4623 = DEFINITIONAL_REPRESENTATION('',(#4624),#4628);
#4624 = LINE('',#4625,#4626);
#4625 = CARTESIAN_POINT('',(-0.601040764009,-1.098959235991));
#4626 = VECTOR('',#4627,1.);
#4627 = DIRECTION('',(0.707106781187,0.707106781187));
#4628 = ( GEOMETRIC_REPRESENTATION_CONTEXT(2) 
PARAMETRIC_REPRESENTATION_CONTEXT() REPRESENTATION_CONTEXT('2D SPACE',''
  ) );
#4629 = PCURVE('',#1130,#4630);
#4630 = DEFINITIONAL_REPRESENTATION('',(#4631),#4635);
#4631 = LINE('',#4632,#4633);
#4632 = CARTESIAN_POINT('',(0.,0.));
#4633 = VECTOR('',#4634,1.);
#4634 = DIRECTION('',(1.,0.));
#4635 = ( GEOMETRIC_REPRESENTATION_CONTEXT(2) 
PARAMETRIC_REPRESENTATION_CONTEXT() REPRESENTATION_CONTEXT('2D SPACE',''
  ) );
#4636 = ORIENTED_EDGE('',*,*,#4637,.T.);
#4637 = EDGE_CURVE('',#4615,#4638,#4640,.T.);
#4638 = VERTEX_POINT('',#4639);
#4639 = CARTESIAN_POINT('',(5.95,4.8,55.2));
#4640 = SURFACE_CURVE('',#4641,(#4645,#4652),.PCURVE_S1.);
#4641 = LINE('',#4642,#4643);
#4642 = CARTESIAN_POINT('',(5.95,4.8,63.5));
#4643 = VECTOR('',#4644,1.);
#4644 = DIRECTION('',(0.,0.,-1.));
#4645 = PCURVE('',#1104,#4646);
#4646 = DEFINITIONAL_REPRESENTATION('',(#4647),#4651);
#4647 = LINE('',#4648,#4649);
#4648 = CARTESIAN_POINT('',(-0.601040764009,0.601040764009));
#4649 = VECTOR('',#4650,1.);
#4650 = DIRECTION('',(1.,0.));
#4651 = ( GEOMETRIC_REPRESENTATION_CONTEXT(2) 
PARAMETRIC_REPRESENTATION_CONTEXT() REPRESENTATION_CONTEXT('2D SPACE',''
  ) );
#4652 = PCURVE('',#4653,#4658);
#4653 = PLANE('',#4654);
#4654 = AXIS2_PLACEMENT_3D('',#4655,#4656,#4657);
#4655 = CARTESIAN_POINT('',(5.95,4.8,55.2));
#4656 = DIRECTION('',(0.,1.,0.));
#4657 = DIRECTION('',(0.,0.,1.));
#4658 = DEFINITIONAL_REPRESENTATION('',(#4659),#4663);
#4659 = LINE('',#4660,#4661);
#4660 = CARTESIAN_POINT('',(8.3,0.));
#4661 = VECTOR('',#4662,1.);
#4662 = DIRECTION('',(-1.,0.));
#4663 = ( GEOMETRIC_REPRESENTATION_CONTEXT(2) 
PARAMETRIC_REPRESENTATION_CONTEXT() REPRESENTATION_CONTEXT('2D SPACE',''
  ) );
#4664 = ORIENTED_EDGE('',*,*,#4665,.F.);
#4665 = EDGE_CURVE('',#4358,#4638,#4666,.T.);
#4666 = SURFACE_CURVE('',#4667,(#4671,#4678),.PCURVE_S1.);
#4667 = LINE('',#4668,#4669);
#4668 = CARTESIAN_POINT('',(5.95,-6.5,55.2));
#4669 = VECTOR('',#4670,1.);
#4670 = DIRECTION('',(0.,1.,0.));
#4671 = PCURVE('',#1104,#4672);
#4672 = DEFINITIONAL_REPRESENTATION('',(#4673),#4677);
#4673 = LINE('',#4674,#4675);
#4674 = CARTESIAN_POINT('',(7.698959235991,11.901040764009));
#4675 = VECTOR('',#4676,1.);
#4676 = DIRECTION('',(0.,-1.));
#4677 = ( GEOMETRIC_REPRESENTATION_CONTEXT(2) 
PARAMETRIC_REPRESENTATION_CONTEXT() REPRESENTATION_CONTEXT('2D SPACE',''
  ) );
#4678 = PCURVE('',#4373,#4679);
#4679 = DEFINITIONAL_REPRESENTATION('',(#4680),#4684);
#4680 = LINE('',#4681,#4682);
#4681 = CARTESIAN_POINT('',(0.,0.));
#4682 = VECTOR('',#4683,1.);
#4683 = DIRECTION('',(0.,1.));
#4684 = ( GEOMETRIC_REPRESENTATION_CONTEXT(2) 
PARAMETRIC_REPRESENTATION_CONTEXT() REPRESENTATION_CONTEXT('2D SPACE',''
  ) );
#4685 = ORIENTED_EDGE('',*,*,#4385,.T.);
#4686 = ORIENTED_EDGE('',*,*,#1088,.T.);
#4687 = ADVANCED_FACE('',(#4688),#1130,.F.);
#4688 = FACE_BOUND('',#4689,.F.);
#4689 = EDGE_LOOP('',(#4690,#4691,#4692,#4713,#4736));
#4690 = ORIENTED_EDGE('',*,*,#4614,.F.);
#4691 = ORIENTED_EDGE('',*,*,#1116,.T.);
#4692 = ORIENTED_EDGE('',*,*,#4693,.T.);
#4693 = EDGE_CURVE('',#990,#4694,#4696,.T.);
#4694 = VERTEX_POINT('',#4695);
#4695 = CARTESIAN_POINT('',(73.139896798926,4.8,61.8));
#4696 = SURFACE_CURVE('',#4697,(#4701,#4707),.PCURVE_S1.);
#4697 = LINE('',#4698,#4699);
#4698 = CARTESIAN_POINT('',(57.774913999105,-10.56498279982,
    46.435017200179));
#4699 = VECTOR('',#4700,1.);
#4700 = DIRECTION('',(-0.57735026919,-0.57735026919,-0.57735026919));
#4701 = PCURVE('',#1130,#4702);
#4702 = DEFINITIONAL_REPRESENTATION('',(#4703),#4706);
#4703 = B_SPLINE_CURVE_WITH_KNOTS('',1,(#4704,#4705),.UNSPECIFIED.,.F.,
  .F.,(2,2),(-29.55741723957,-26.61293086671),.PIECEWISE_BEZIER_KNOTS.);
#4704 = CARTESIAN_POINT('',(-3.552713678801E-15,-68.88989679892));
#4705 = CARTESIAN_POINT('',(2.404163056034,-67.18989679892));
#4706 = ( GEOMETRIC_REPRESENTATION_CONTEXT(2) 
PARAMETRIC_REPRESENTATION_CONTEXT() REPRESENTATION_CONTEXT('2D SPACE',''
  ) );
#4707 = PCURVE('',#4043,#4708);
#4708 = DEFINITIONAL_REPRESENTATION('',(#4709),#4712);
#4709 = B_SPLINE_CURVE_WITH_KNOTS('',1,(#4710,#4711),.UNSPECIFIED.,.F.,
  .F.,(2,2),(-29.55741723957,-26.61293086671),.PIECEWISE_BEZIER_KNOTS.);
#4710 = CARTESIAN_POINT('',(-3.552713678801E-15,-33.5));
#4711 = CARTESIAN_POINT('',(2.404163056034,-31.8));
#4712 = ( GEOMETRIC_REPRESENTATION_CONTEXT(2) 
PARAMETRIC_REPRESENTATION_CONTEXT() REPRESENTATION_CONTEXT('2D SPACE',''
  ) );
#4713 = ORIENTED_EDGE('',*,*,#4714,.F.);
#4714 = EDGE_CURVE('',#4715,#4694,#4717,.T.);
#4715 = VERTEX_POINT('',#4716);
#4716 = CARTESIAN_POINT('',(28.95,4.8,61.8));
#4717 = SURFACE_CURVE('',#4718,(#4722,#4729),.PCURVE_S1.);
#4718 = LINE('',#4719,#4720);
#4719 = CARTESIAN_POINT('',(5.95,4.8,61.8));
#4720 = VECTOR('',#4721,1.);
#4721 = DIRECTION('',(1.,0.,0.));
#4722 = PCURVE('',#1130,#4723);
#4723 = DEFINITIONAL_REPRESENTATION('',(#4724),#4728);
#4724 = LINE('',#4725,#4726);
#4725 = CARTESIAN_POINT('',(2.404163056034,0.));
#4726 = VECTOR('',#4727,1.);
#4727 = DIRECTION('',(0.,-1.));
#4728 = ( GEOMETRIC_REPRESENTATION_CONTEXT(2) 
PARAMETRIC_REPRESENTATION_CONTEXT() REPRESENTATION_CONTEXT('2D SPACE',''
  ) );
#4729 = PCURVE('',#4529,#4730);
#4730 = DEFINITIONAL_REPRESENTATION('',(#4731),#4735);
#4731 = LINE('',#4732,#4733);
#4732 = CARTESIAN_POINT('',(0.,11.3));
#4733 = VECTOR('',#4734,1.);
#4734 = DIRECTION('',(1.,0.));
#4735 = ( GEOMETRIC_REPRESENTATION_CONTEXT(2) 
PARAMETRIC_REPRESENTATION_CONTEXT() REPRESENTATION_CONTEXT('2D SPACE',''
  ) );
#4736 = ORIENTED_EDGE('',*,*,#4737,.F.);
#4737 = EDGE_CURVE('',#4615,#4715,#4738,.T.);
#4738 = SURFACE_CURVE('',#4739,(#4743,#4750),.PCURVE_S1.);
#4739 = LINE('',#4740,#4741);
#4740 = CARTESIAN_POINT('',(5.95,4.8,61.8));
#4741 = VECTOR('',#4742,1.);
#4742 = DIRECTION('',(1.,0.,0.));
#4743 = PCURVE('',#1130,#4744);
#4744 = DEFINITIONAL_REPRESENTATION('',(#4745),#4749);
#4745 = LINE('',#4746,#4747);
#4746 = CARTESIAN_POINT('',(2.404163056034,0.));
#4747 = VECTOR('',#4748,1.);
#4748 = DIRECTION('',(0.,-1.));
#4749 = ( GEOMETRIC_REPRESENTATION_CONTEXT(2) 
PARAMETRIC_REPRESENTATION_CONTEXT() REPRESENTATION_CONTEXT('2D SPACE',''
  ) );
#4750 = PCURVE('',#4653,#4751);
#4751 = DEFINITIONAL_REPRESENTATION('',(#4752),#4756);
#4752 = LINE('',#4753,#4754);
#4753 = CARTESIAN_POINT('',(6.6,0.));
#4754 = VECTOR('',#4755,1.);
#4755 = DIRECTION('',(0.,1.));
#4756 = ( GEOMETRIC_REPRESENTATION_CONTEXT(2) 
PARAMETRIC_REPRESENTATION_CONTEXT() REPRESENTATION_CONTEXT('2D SPACE',''
  ) );
#4757 = ADVANCED_FACE('',(#4758,#4784,#4937),#1165,.F.);
#4758 = FACE_BOUND('',#4759,.T.);
#4759 = EDGE_LOOP('',(#4760,#4781,#4782,#4783));
#4760 = ORIENTED_EDGE('',*,*,#4761,.F.);
#4761 = EDGE_CURVE('',#3223,#1145,#4762,.T.);
#4762 = SEAM_CURVE('',#4763,(#4767,#4774),.PCURVE_S1.);
#4763 = LINE('',#4764,#4765);
#4764 = CARTESIAN_POINT('',(4.2,0.,53.));
#4765 = VECTOR('',#4766,1.);
#4766 = DIRECTION('',(0.,0.,1.));
#4767 = PCURVE('',#1165,#4768);
#4768 = DEFINITIONAL_REPRESENTATION('',(#4769),#4773);
#4769 = LINE('',#4770,#4771);
#4770 = CARTESIAN_POINT('',(-6.28318530718,0.));
#4771 = VECTOR('',#4772,1.);
#4772 = DIRECTION('',(-0.,-1.));
#4773 = ( GEOMETRIC_REPRESENTATION_CONTEXT(2) 
PARAMETRIC_REPRESENTATION_CONTEXT() REPRESENTATION_CONTEXT('2D SPACE',''
  ) );
#4774 = PCURVE('',#1165,#4775);
#4775 = DEFINITIONAL_REPRESENTATION('',(#4776),#4780);
#4776 = LINE('',#4777,#4778);
#4777 = CARTESIAN_POINT('',(-0.,0.));
#4778 = VECTOR('',#4779,1.);
#4779 = DIRECTION('',(-0.,-1.));
#4780 = ( GEOMETRIC_REPRESENTATION_CONTEXT(2) 
PARAMETRIC_REPRESENTATION_CONTEXT() REPRESENTATION_CONTEXT('2D SPACE',''
  ) );
#4781 = ORIENTED_EDGE('',*,*,#3222,.T.);
#4782 = ORIENTED_EDGE('',*,*,#4761,.T.);
#4783 = ORIENTED_EDGE('',*,*,#1144,.F.);
#4784 = FACE_BOUND('',#4785,.T.);
#4785 = EDGE_LOOP('',(#4786));
#4786 = ORIENTED_EDGE('',*,*,#4787,.T.);
#4787 = EDGE_CURVE('',#4788,#4788,#4790,.T.);
#4788 = VERTEX_POINT('',#4789);
#4789 = CARTESIAN_POINT('',(1.2,4.0249223595,58.5));
#4790 = SURFACE_CURVE('',#4791,(#4836,#4884),.PCURVE_S1.);
#4791 = B_SPLINE_CURVE_WITH_KNOTS('',7,(#4792,#4793,#4794,#4795,#4796,
    #4797,#4798,#4799,#4800,#4801,#4802,#4803,#4804,#4805,#4806,#4807,
    #4808,#4809,#4810,#4811,#4812,#4813,#4814,#4815,#4816,#4817,#4818,
    #4819,#4820,#4821,#4822,#4823,#4824,#4825,#4826,#4827,#4828,#4829,
    #4830,#4831,#4832,#4833,#4834,#4835),.UNSPECIFIED.,.T.,.F.,(8,6,6,6,
    6,6,6,8),(0.,0.150277921248,0.287216503478,0.424814611332,
    0.575801701008,0.70456381765,0.830832465131,1.),.UNSPECIFIED.);
#4792 = CARTESIAN_POINT('',(1.2,4.0249223595,58.5));
#4793 = CARTESIAN_POINT('',(1.2,4.0249223595,58.354547148943));
#4794 = CARTESIAN_POINT('',(1.179431375377,4.031054758661,
    58.209211958359));
#4795 = CARTESIAN_POINT('',(1.138352310913,4.043302006256,
    58.066223243291));
#4796 = CARTESIAN_POINT('',(1.076499254507,4.061022716855,
    57.928029499486));
#4797 = CARTESIAN_POINT('',(0.993590061343,4.082865486003,
    57.797573656777));
#4798 = CARTESIAN_POINT('',(0.889531945382,4.106677081693,
    57.678481350839));
#4799 = CARTESIAN_POINT('',(0.651347737716,4.150793255551,
    57.481438237863));
#4800 = CARTESIAN_POINT('',(0.516984437703,4.171910435116,
    57.397690494262));
#4801 = CARTESIAN_POINT('',(0.364760228473,4.190171759457,
    57.332963313451));
#4802 = CARTESIAN_POINT('',(0.200197005328,4.202123018915,
    57.293006242158));
#4803 = CARTESIAN_POINT('',(3.01127958822E-02,4.205608689639,
    57.280784328821));
#4804 = CARTESIAN_POINT('',(-0.138285691437,4.200791915445,
    57.296582685123));
#4805 = CARTESIAN_POINT('',(-0.459341316861,4.177921742202,
    57.379015758983));
#4806 = CARTESIAN_POINT('',(-0.60713640504,4.160145903234,
    57.444666511462));
#4807 = CARTESIAN_POINT('',(-0.739047544107,4.138300580531,
    57.529950873399));
#4808 = CARTESIAN_POINT('',(-0.853470326227,4.11499996283,
    57.630740157462));
#4809 = CARTESIAN_POINT('',(-0.949494980536,4.092626760005,
    57.74320619029));
#4810 = CARTESIAN_POINT('',(-1.026830280442,4.07300197702,
    57.863763834148));
#4811 = CARTESIAN_POINT('',(-1.150491959762,4.039907682072,
    58.126558279576));
#4812 = CARTESIAN_POINT('',(-1.194389410519,4.026870111019,
    58.272570547743));
#4813 = CARTESIAN_POINT('',(-1.216531013481,4.019833798053,
    58.423633683729));
#4814 = CARTESIAN_POINT('',(-1.216531013484,4.019833798052,
    58.576366316267));
#4815 = CARTESIAN_POINT('',(-1.194389410518,4.026870111019,
    58.727429452262));
#4816 = CARTESIAN_POINT('',(-1.150491959761,4.039907682072,
    58.873441720425));
#4817 = CARTESIAN_POINT('',(-1.030616592149,4.071988685618,
    59.128189843897));
#4818 = CARTESIAN_POINT('',(-0.959471781087,4.090090122922,
    59.241035243117));
#4819 = CARTESIAN_POINT('',(-0.872143253077,4.110622637328,
    59.346934191246));
#4820 = CARTESIAN_POINT('',(-0.768776377921,4.132168726038,
    59.443115347124));
#4821 = CARTESIAN_POINT('',(-0.649926169894,4.152882147466,
    59.526548158741));
#4822 = CARTESIAN_POINT('',(-0.516644732748,4.170672610484,
    59.593886619461));
#4823 = CARTESIAN_POINT('',(-0.227819931636,4.196273092724,
    59.687731486103));
#4824 = CARTESIAN_POINT('',(-7.470163739625E-02,4.204097144233,
    59.714371844595));
#4825 = CARTESIAN_POINT('',(8.31914923051E-02,4.205209148163,
    59.717515458451));
#4826 = CARTESIAN_POINT('',(0.239616124439,4.198781079264,
    59.696205408959));
#4827 = CARTESIAN_POINT('',(0.388383951556,4.185861140394,
    59.651927213856));
#4828 = CARTESIAN_POINT('',(0.524061369712,4.168913969148,
    59.588669281367));
#4829 = CARTESIAN_POINT('',(0.802328838061,4.125804883042,
    59.412075376075));
#4830 = CARTESIAN_POINT('',(0.93565090506,4.09784251514,59.286460443872)
  );
#4831 = CARTESIAN_POINT('',(1.041849148347,4.070890541508,
    59.143955889837));
#4832 = CARTESIAN_POINT('',(1.121068754135,4.048456246877,58.99002944745
    ));
#4833 = CARTESIAN_POINT('',(1.173672441749,4.032771420605,
    58.829026028385));
#4834 = CARTESIAN_POINT('',(1.2,4.0249223595,58.664561078573));
#4835 = CARTESIAN_POINT('',(1.2,4.0249223595,58.5));
#4836 = PCURVE('',#1165,#4837);
#4837 = DEFINITIONAL_REPRESENTATION('',(#4838),#4883);
#4838 = B_SPLINE_CURVE_WITH_KNOTS('',7,(#4839,#4840,#4841,#4842,#4843,
    #4844,#4845,#4846,#4847,#4848,#4849,#4850,#4851,#4852,#4853,#4854,
    #4855,#4856,#4857,#4858,#4859,#4860,#4861,#4862,#4863,#4864,#4865,
    #4866,#4867,#4868,#4869,#4870,#4871,#4872,#4873,#4874,#4875,#4876,
    #4877,#4878,#4879,#4880,#4881,#4882),.UNSPECIFIED.,.T.,.F.,(8,6,6,6,
    6,6,6,8),(0.,0.150277921248,0.287216503478,0.424814611332,
    0.575801701008,0.70456381765,0.830832465131,1.),.UNSPECIFIED.);
#4839 = CARTESIAN_POINT('',(-1.281044625359,-5.5));
#4840 = CARTESIAN_POINT('',(-1.281044625359,-5.354547148943));
#4841 = CARTESIAN_POINT('',(-1.286154976989,-5.209211958359));
#4842 = CARTESIAN_POINT('',(-1.296360962383,-5.066223243291));
#4843 = CARTESIAN_POINT('',(-1.311679948439,-4.928029499486));
#4844 = CARTESIAN_POINT('',(-1.332082354481,-4.797573656777));
#4845 = CARTESIAN_POINT('',(-1.357476232579,-4.678481350839));
#4846 = CARTESIAN_POINT('',(-1.415151310402,-4.481438237863));
#4847 = CARTESIAN_POINT('',(-1.447523009318,-4.397690494262));
#4848 = CARTESIAN_POINT('',(-1.483987855007,-4.332963313451));
#4849 = CARTESIAN_POINT('',(-1.523184527011,-4.293006242158));
#4850 = CARTESIAN_POINT('',(-1.5636095534,-4.280784328821));
#4851 = CARTESIAN_POINT('',(-1.603684799055,-4.296582685123));
#4852 = CARTESIAN_POINT('',(-1.680320314554,-4.379015758983));
#4853 = CARTESIAN_POINT('',(-1.715721387758,-4.444666511462));
#4854 = CARTESIAN_POINT('',(-1.747511645043,-4.529950873399));
#4855 = CARTESIAN_POINT('',(-1.775292580553,-4.630740157462));
#4856 = CARTESIAN_POINT('',(-1.798760362734,-4.74320619029));
#4857 = CARTESIAN_POINT('',(-1.817755572165,-4.863763834148));
#4858 = CARTESIAN_POINT('',(-1.848234964937,-5.126558279576));
#4859 = CARTESIAN_POINT('',(-1.859133868698,-5.272570547743));
#4860 = CARTESIAN_POINT('',(-1.864666549938,-5.423633683729));
#4861 = CARTESIAN_POINT('',(-1.864666549939,-5.576366316267));
#4862 = CARTESIAN_POINT('',(-1.859133868697,-5.727429452262));
#4863 = CARTESIAN_POINT('',(-1.848234964937,-5.873441720425));
#4864 = CARTESIAN_POINT('',(-1.818688799679,-6.128189843897));
#4865 = CARTESIAN_POINT('',(-1.801211185926,-6.241035243117));
#4866 = CARTESIAN_POINT('',(-1.779857681025,-6.346934191246));
#4867 = CARTESIAN_POINT('',(-1.75473377231,-6.443115347124));
#4868 = CARTESIAN_POINT('',(-1.726041927017,-6.52654815874));
#4869 = CARTESIAN_POINT('',(-1.694058210935,-6.593886619461));
#4870 = CARTESIAN_POINT('',(-1.625020793615,-6.687731486103));
#4871 = CARTESIAN_POINT('',(-1.58854187098,-6.714371844595));
#4872 = CARTESIAN_POINT('',(-1.551006877764,-6.717515458451));
#4873 = CARTESIAN_POINT('',(-1.513807503601,-6.696205408959));
#4874 = CARTESIAN_POINT('',(-1.478294148152,-6.651927213856));
#4875 = CARTESIAN_POINT('',(-1.445753179169,-6.588669281367));
#4876 = CARTESIAN_POINT('',(-1.378708681285,-6.412075376075));
#4877 = CARTESIAN_POINT('',(-1.346320367962,-6.286460443872));
#4878 = CARTESIAN_POINT('',(-1.3202578063,-6.143955889837));
#4879 = CARTESIAN_POINT('',(-1.300654979605,-5.99002944745));
#4880 = CARTESIAN_POINT('',(-1.287585822808,-5.829026028385));
#4881 = CARTESIAN_POINT('',(-1.281044625359,-5.664561078573));
#4882 = CARTESIAN_POINT('',(-1.281044625359,-5.5));
#4883 = ( GEOMETRIC_REPRESENTATION_CONTEXT(2) 
PARAMETRIC_REPRESENTATION_CONTEXT() REPRESENTATION_CONTEXT('2D SPACE',''
  ) );
#4884 = PCURVE('',#4885,#4890);
#4885 = CYLINDRICAL_SURFACE('',#4886,1.2);
#4886 = AXIS2_PLACEMENT_3D('',#4887,#4888,#4889);
#4887 = CARTESIAN_POINT('',(0.,-12.,58.5));
#4888 = DIRECTION('',(-0.,-1.,-1.110223024625E-16));
#4889 = DIRECTION('',(1.,0.,0.));
#4890 = DEFINITIONAL_REPRESENTATION('',(#4891),#4936);
#4891 = B_SPLINE_CURVE_WITH_KNOTS('',7,(#4892,#4893,#4894,#4895,#4896,
    #4897,#4898,#4899,#4900,#4901,#4902,#4903,#4904,#4905,#4906,#4907,
    #4908,#4909,#4910,#4911,#4912,#4913,#4914,#4915,#4916,#4917,#4918,
    #4919,#4920,#4921,#4922,#4923,#4924,#4925,#4926,#4927,#4928,#4929,
    #4930,#4931,#4932,#4933,#4934,#4935),.UNSPECIFIED.,.F.,.F.,(8,6,6,6,
    6,6,6,8),(0.,0.150277921248,0.287216503478,0.424814611332,
    0.575801701008,0.70456381765,0.830832465131,1.),.UNSPECIFIED.);
#4892 = CARTESIAN_POINT('',(0.,-16.0249223595));
#4893 = CARTESIAN_POINT('',(-0.121210709215,-16.0249223595));
#4894 = CARTESIAN_POINT('',(-0.242323292752,-16.03105475866));
#4895 = CARTESIAN_POINT('',(-0.364389440946,-16.04330200625));
#4896 = CARTESIAN_POINT('',(-0.488256408569,-16.06102271685));
#4897 = CARTESIAN_POINT('',(-0.614786738346,-16.082865486));
#4898 = CARTESIAN_POINT('',(-0.744862235682,-16.10667708169));
#4899 = CARTESIAN_POINT('',(-1.002465646892,-16.15079325555));
#4900 = CARTESIAN_POINT('',(-1.133226183006,-16.17191043511));
#4901 = CARTESIAN_POINT('',(-1.268371158925,-16.19017175945));
#4902 = CARTESIAN_POINT('',(-1.406119802376,-16.20212301891));
#4903 = CARTESIAN_POINT('',(-1.545146697087,-16.20560868963));
#4904 = CARTESIAN_POINT('',(-1.684343302333,-16.20079191544));
#4905 = CARTESIAN_POINT('',(-1.960567756007,-16.1779217422));
#4906 = CARTESIAN_POINT('',(-2.093467098053,-16.16014590323));
#4907 = CARTESIAN_POINT('',(-2.221944573124,-16.13830058053));
#4908 = CARTESIAN_POINT('',(-2.346640906999,-16.11499996283));
#4909 = CARTESIAN_POINT('',(-2.468026696466,-16.09262676));
#4910 = CARTESIAN_POINT('',(-2.586369161041,-16.07300197702));
#4911 = CARTESIAN_POINT('',(-2.828399249104,-16.03990768207));
#4912 = CARTESIAN_POINT('',(-2.954071375244,-16.02687011101));
#4913 = CARTESIAN_POINT('',(-3.079148868188,-16.01983379805));
#4914 = CARTESIAN_POINT('',(-3.204036438989,-16.01983379805));
#4915 = CARTESIAN_POINT('',(-3.329113931939,-16.02687011101));
#4916 = CARTESIAN_POINT('',(-3.454786058077,-16.03990768207));
#4917 = CARTESIAN_POINT('',(-3.689405593727,-16.07198868561));
#4918 = CARTESIAN_POINT('',(-3.799736586092,-16.09009012292));
#4919 = CARTESIAN_POINT('',(-3.91263083915,-16.11062263732));
#4920 = CARTESIAN_POINT('',(-4.028398234305,-16.13216872603));
#4921 = CARTESIAN_POINT('',(-4.147482966867,-16.15288214746));
#4922 = CARTESIAN_POINT('',(-4.270455728062,-16.17067261048));
#4923 = CARTESIAN_POINT('',(-4.523529367889,-16.19627309272));
#4924 = CARTESIAN_POINT('',(-4.651742676525,-16.20409714423));
#4925 = CARTESIAN_POINT('',(-4.780904965044,-16.20520914816));
#4926 = CARTESIAN_POINT('',(-4.909699392583,-16.19878107926));
#4927 = CARTESIAN_POINT('',(-5.036783524047,-16.18586114039));
#4928 = CARTESIAN_POINT('',(-5.160493555779,-16.16891396914));
#4929 = CARTESIAN_POINT('',(-5.435137506255,-16.12580488304));
#4930 = CARTESIAN_POINT('',(-5.585034777183,-16.09784251514));
#4931 = CARTESIAN_POINT('',(-5.729733328386,-16.0708905415));
#4932 = CARTESIAN_POINT('',(-5.870611889081,-16.04845624687));
#4933 = CARTESIAN_POINT('',(-6.00899788303,-16.0327714206));
#4934 = CARTESIAN_POINT('',(-6.146051075036,-16.0249223595));
#4935 = CARTESIAN_POINT('',(-6.28318530718,-16.0249223595));
#4936 = ( GEOMETRIC_REPRESENTATION_CONTEXT(2) 
PARAMETRIC_REPRESENTATION_CONTEXT() REPRESENTATION_CONTEXT('2D SPACE',''
  ) );
#4937 = FACE_BOUND('',#4938,.T.);
#4938 = EDGE_LOOP('',(#4939));
#4939 = ORIENTED_EDGE('',*,*,#4940,.F.);
#4940 = EDGE_CURVE('',#4941,#4941,#4943,.T.);
#4941 = VERTEX_POINT('',#4942);
#4942 = CARTESIAN_POINT('',(1.2,-4.0249223595,58.5));
#4943 = SURFACE_CURVE('',#4944,(#4989,#5037),.PCURVE_S1.);
#4944 = B_SPLINE_CURVE_WITH_KNOTS('',7,(#4945,#4946,#4947,#4948,#4949,
    #4950,#4951,#4952,#4953,#4954,#4955,#4956,#4957,#4958,#4959,#4960,
    #4961,#4962,#4963,#4964,#4965,#4966,#4967,#4968,#4969,#4970,#4971,
    #4972,#4973,#4974,#4975,#4976,#4977,#4978,#4979,#4980,#4981,#4982,
    #4983,#4984,#4985,#4986,#4987,#4988),.UNSPECIFIED.,.T.,.F.,(8,6,6,6,
    6,6,6,8),(0.,0.15027792359,0.287216507951,0.424814617947,
    0.575801709974,0.704563825882,0.830832469845,1.),.UNSPECIFIED.);
#4945 = CARTESIAN_POINT('',(1.2,-4.0249223595,58.5));
#4946 = CARTESIAN_POINT('',(1.2,-4.0249223595,58.354547148941));
#4947 = CARTESIAN_POINT('',(1.179431375376,-4.031054758661,
    58.20921195836));
#4948 = CARTESIAN_POINT('',(1.138352310914,-4.043302006256,
    58.066223243294));
#4949 = CARTESIAN_POINT('',(1.076499254508,-4.061022716855,
    57.928029499484));
#4950 = CARTESIAN_POINT('',(0.993590061339,-4.082865486003,
    57.797573656775));
#4951 = CARTESIAN_POINT('',(0.889531945384,-4.106677081693,
    57.67848135084));
#4952 = CARTESIAN_POINT('',(0.651347737716,-4.150793255551,
    57.481438237863));
#4953 = CARTESIAN_POINT('',(0.516984437703,-4.171910435116,
    57.397690494263));
#4954 = CARTESIAN_POINT('',(0.364760228473,-4.190171759457,
    57.332963313451));
#4955 = CARTESIAN_POINT('',(0.200197005328,-4.202123018915,
    57.293006242158));
#4956 = CARTESIAN_POINT('',(3.011279588222E-02,-4.205608689639,
    57.280784328821));
#4957 = CARTESIAN_POINT('',(-0.138285691437,-4.200791915445,
    57.296582685123));
#4958 = CARTESIAN_POINT('',(-0.459341316861,-4.177921742202,
    57.379015758983));
#4959 = CARTESIAN_POINT('',(-0.60713640504,-4.160145903234,
    57.444666511462));
#4960 = CARTESIAN_POINT('',(-0.739047544107,-4.138300580531,
    57.529950873399));
#4961 = CARTESIAN_POINT('',(-0.853470326227,-4.11499996283,
    57.630740157462));
#4962 = CARTESIAN_POINT('',(-0.949494980536,-4.092626760005,
    57.74320619029));
#4963 = CARTESIAN_POINT('',(-1.026830280442,-4.07300197702,
    57.863763834148));
#4964 = CARTESIAN_POINT('',(-1.150491959762,-4.039907682072,
    58.126558279577));
#4965 = CARTESIAN_POINT('',(-1.19438941052,-4.026870111019,
    58.272570547744));
#4966 = CARTESIAN_POINT('',(-1.216531013481,-4.019833798053,
    58.423633683731));
#4967 = CARTESIAN_POINT('',(-1.216531013484,-4.019833798052,
    58.576366316266));
#4968 = CARTESIAN_POINT('',(-1.194389410518,-4.026870111019,
    58.727429452259));
#4969 = CARTESIAN_POINT('',(-1.150491959762,-4.039907682072,
    58.873441720423));
#4970 = CARTESIAN_POINT('',(-1.030616593322,-4.071988685305,
    59.128189841405));
#4971 = CARTESIAN_POINT('',(-0.959471778895,-4.09009012374,
    59.241035249637));
#4972 = CARTESIAN_POINT('',(-0.872143251925,-4.1106226367,
    59.346934184907));
#4973 = CARTESIAN_POINT('',(-0.768776385131,-4.132168725758,
    59.443115348414));
#4974 = CARTESIAN_POINT('',(-0.649926161933,-4.152882148125,
    59.526548160585));
#4975 = CARTESIAN_POINT('',(-0.51664473598,-4.170672610197,
    59.593886618411));
#4976 = CARTESIAN_POINT('',(-0.227819931636,-4.196273092723,
    59.687731486103));
#4977 = CARTESIAN_POINT('',(-7.470163739572E-02,-4.204097144233,
    59.714371844595));
#4978 = CARTESIAN_POINT('',(8.319149230402E-02,-4.205209148163,
    59.717515458452));
#4979 = CARTESIAN_POINT('',(0.23961612444,-4.198781079264,
    59.696205408959));
#4980 = CARTESIAN_POINT('',(0.388383951556,-4.185861140394,
    59.651927213857));
#4981 = CARTESIAN_POINT('',(0.524061369713,-4.168913969148,
    59.588669281367));
#4982 = CARTESIAN_POINT('',(0.802328838061,-4.125804883042,
    59.412075376074));
#4983 = CARTESIAN_POINT('',(0.93565090506,-4.09784251514,59.286460443872
    ));
#4984 = CARTESIAN_POINT('',(1.041849148348,-4.070890541508,
    59.143955889836));
#4985 = CARTESIAN_POINT('',(1.121068754135,-4.048456246877,
    58.990029447451));
#4986 = CARTESIAN_POINT('',(1.173672441749,-4.032771420605,
    58.829026028385));
#4987 = CARTESIAN_POINT('',(1.2,-4.0249223595,58.664561078573));
#4988 = CARTESIAN_POINT('',(1.2,-4.0249223595,58.5));
#4989 = PCURVE('',#1165,#4990);
#4990 = DEFINITIONAL_REPRESENTATION('',(#4991),#5036);
#4991 = B_SPLINE_CURVE_WITH_KNOTS('',7,(#4992,#4993,#4994,#4995,#4996,
    #4997,#4998,#4999,#5000,#5001,#5002,#5003,#5004,#5005,#5006,#5007,
    #5008,#5009,#5010,#5011,#5012,#5013,#5014,#5015,#5016,#5017,#5018,
    #5019,#5020,#5021,#5022,#5023,#5024,#5025,#5026,#5027,#5028,#5029,
    #5030,#5031,#5032,#5033,#5034,#5035),.UNSPECIFIED.,.T.,.F.,(8,6,6,6,
    6,6,6,8),(0.,0.15027792359,0.287216507951,0.424814617947,
    0.575801709974,0.704563825882,0.830832469845,1.),.UNSPECIFIED.);
#4992 = CARTESIAN_POINT('',(-5.002140681821,-5.5));
#4993 = CARTESIAN_POINT('',(-5.002140681821,-5.354547148941));
#4994 = CARTESIAN_POINT('',(-4.997030330191,-5.20921195836));
#4995 = CARTESIAN_POINT('',(-4.986824344797,-5.066223243294));
#4996 = CARTESIAN_POINT('',(-4.971505358741,-4.928029499484));
#4997 = CARTESIAN_POINT('',(-4.951102952698,-4.797573656775));
#4998 = CARTESIAN_POINT('',(-4.925709074601,-4.67848135084));
#4999 = CARTESIAN_POINT('',(-4.868033996778,-4.481438237863));
#5000 = CARTESIAN_POINT('',(-4.835662297861,-4.397690494263));
#5001 = CARTESIAN_POINT('',(-4.799197452173,-4.33296331345));
#5002 = CARTESIAN_POINT('',(-4.760000780168,-4.293006242158));
#5003 = CARTESIAN_POINT('',(-4.719575753779,-4.280784328821));
#5004 = CARTESIAN_POINT('',(-4.679500508125,-4.296582685123));
#5005 = CARTESIAN_POINT('',(-4.602864992625,-4.379015758983));
#5006 = CARTESIAN_POINT('',(-4.567463919421,-4.444666511462));
#5007 = CARTESIAN_POINT('',(-4.535673662137,-4.529950873399));
#5008 = CARTESIAN_POINT('',(-4.507892726626,-4.630740157462));
#5009 = CARTESIAN_POINT('',(-4.484424944446,-4.74320619029));
#5010 = CARTESIAN_POINT('',(-4.465429735015,-4.863763834148));
#5011 = CARTESIAN_POINT('',(-4.434950342242,-5.126558279577));
#5012 = CARTESIAN_POINT('',(-4.424051438482,-5.272570547744));
#5013 = CARTESIAN_POINT('',(-4.418518757242,-5.423633683731));
#5014 = CARTESIAN_POINT('',(-4.418518757241,-5.576366316266));
#5015 = CARTESIAN_POINT('',(-4.424051438482,-5.727429452259));
#5016 = CARTESIAN_POINT('',(-4.434950342242,-5.873441720423));
#5017 = CARTESIAN_POINT('',(-4.464496507211,-6.128189841405));
#5018 = CARTESIAN_POINT('',(-4.481974121803,-6.241035249637));
#5019 = CARTESIAN_POINT('',(-4.503327626402,-6.346934184907));
#5020 = CARTESIAN_POINT('',(-4.52845153316,-6.443115348414));
#5021 = CARTESIAN_POINT('',(-4.557143382063,-6.526548160585));
#5022 = CARTESIAN_POINT('',(-4.589127095472,-6.593886618411));
#5023 = CARTESIAN_POINT('',(-4.658164513565,-6.687731486103));
#5024 = CARTESIAN_POINT('',(-4.6946434362,-6.714371844595));
#5025 = CARTESIAN_POINT('',(-4.732178429415,-6.717515458451));
#5026 = CARTESIAN_POINT('',(-4.769377803579,-6.696205408959));
#5027 = CARTESIAN_POINT('',(-4.804891159028,-6.651927213856));
#5028 = CARTESIAN_POINT('',(-4.837432128011,-6.588669281367));
#5029 = CARTESIAN_POINT('',(-4.904476625894,-6.412075376074));
#5030 = CARTESIAN_POINT('',(-4.936864939218,-6.286460443872));
#5031 = CARTESIAN_POINT('',(-4.96292750088,-6.143955889836));
#5032 = CARTESIAN_POINT('',(-4.982530327575,-5.990029447451));
#5033 = CARTESIAN_POINT('',(-4.995599484372,-5.829026028385));
#5034 = CARTESIAN_POINT('',(-5.002140681821,-5.664561078573));
#5035 = CARTESIAN_POINT('',(-5.002140681821,-5.5));
#5036 = ( GEOMETRIC_REPRESENTATION_CONTEXT(2) 
PARAMETRIC_REPRESENTATION_CONTEXT() REPRESENTATION_CONTEXT('2D SPACE',''
  ) );
#5037 = PCURVE('',#5038,#5043);
#5038 = CYLINDRICAL_SURFACE('',#5039,1.2);
#5039 = AXIS2_PLACEMENT_3D('',#5040,#5041,#5042);
#5040 = CARTESIAN_POINT('',(0.,-12.,58.5));
#5041 = DIRECTION('',(-0.,-1.,-1.110223024625E-16));
#5042 = DIRECTION('',(1.,0.,0.));
#5043 = DEFINITIONAL_REPRESENTATION('',(#5044),#5089);
#5044 = B_SPLINE_CURVE_WITH_KNOTS('',7,(#5045,#5046,#5047,#5048,#5049,
    #5050,#5051,#5052,#5053,#5054,#5055,#5056,#5057,#5058,#5059,#5060,
    #5061,#5062,#5063,#5064,#5065,#5066,#5067,#5068,#5069,#5070,#5071,
    #5072,#5073,#5074,#5075,#5076,#5077,#5078,#5079,#5080,#5081,#5082,
    #5083,#5084,#5085,#5086,#5087,#5088),.UNSPECIFIED.,.F.,.F.,(8,6,6,6,
    6,6,6,8),(0.,0.15027792359,0.287216507951,0.424814617947,
    0.575801709974,0.704563825882,0.830832469845,1.),.UNSPECIFIED.);
#5045 = CARTESIAN_POINT('',(0.,-7.9750776405));
#5046 = CARTESIAN_POINT('',(-0.121210709216,-7.9750776405));
#5047 = CARTESIAN_POINT('',(-0.242323292751,-7.968945241339));
#5048 = CARTESIAN_POINT('',(-0.364389440945,-7.956697993744));
#5049 = CARTESIAN_POINT('',(-0.488256408569,-7.938977283145));
#5050 = CARTESIAN_POINT('',(-0.614786738349,-7.917134513997));
#5051 = CARTESIAN_POINT('',(-0.74486223568,-7.893322918307));
#5052 = CARTESIAN_POINT('',(-1.002465646892,-7.849206744449));
#5053 = CARTESIAN_POINT('',(-1.133226183006,-7.828089564884));
#5054 = CARTESIAN_POINT('',(-1.268371158926,-7.809828240543));
#5055 = CARTESIAN_POINT('',(-1.406119802376,-7.797876981085));
#5056 = CARTESIAN_POINT('',(-1.545146697087,-7.794391310361));
#5057 = CARTESIAN_POINT('',(-1.684343302334,-7.799208084555));
#5058 = CARTESIAN_POINT('',(-1.960567756007,-7.822078257798));
#5059 = CARTESIAN_POINT('',(-2.093467098053,-7.839854096766));
#5060 = CARTESIAN_POINT('',(-2.221944573124,-7.861699419469));
#5061 = CARTESIAN_POINT('',(-2.346640906999,-7.88500003717));
#5062 = CARTESIAN_POINT('',(-2.468026696466,-7.907373239995));
#5063 = CARTESIAN_POINT('',(-2.586369161041,-7.92699802298));
#5064 = CARTESIAN_POINT('',(-2.828399249105,-7.960092317928));
#5065 = CARTESIAN_POINT('',(-2.954071375245,-7.973129888981));
#5066 = CARTESIAN_POINT('',(-3.079148868188,-7.980166201947));
#5067 = CARTESIAN_POINT('',(-3.204036438989,-7.980166201948));
#5068 = CARTESIAN_POINT('',(-3.329113931937,-7.973129888981));
#5069 = CARTESIAN_POINT('',(-3.454786058075,-7.960092317928));
#5070 = CARTESIAN_POINT('',(-3.689405591432,-7.928011314695));
#5071 = CARTESIAN_POINT('',(-3.799736591404,-7.90990987626));
#5072 = CARTESIAN_POINT('',(-3.912630836259,-7.8893773633));
#5073 = CARTESIAN_POINT('',(-4.028398230167,-7.867831274242));
#5074 = CARTESIAN_POINT('',(-4.147482973343,-7.847117851875));
#5075 = CARTESIAN_POINT('',(-4.27045572523,-7.829327389803));
#5076 = CARTESIAN_POINT('',(-4.523529367889,-7.803726907277));
#5077 = CARTESIAN_POINT('',(-4.651742676526,-7.795902855767));
#5078 = CARTESIAN_POINT('',(-4.780904965043,-7.794790851837));
#5079 = CARTESIAN_POINT('',(-4.909699392584,-7.801218920736));
#5080 = CARTESIAN_POINT('',(-5.036783524047,-7.814138859606));
#5081 = CARTESIAN_POINT('',(-5.160493555779,-7.831086030852));
#5082 = CARTESIAN_POINT('',(-5.435137506255,-7.874195116958));
#5083 = CARTESIAN_POINT('',(-5.585034777183,-7.90215748486));
#5084 = CARTESIAN_POINT('',(-5.729733328387,-7.929109458492));
#5085 = CARTESIAN_POINT('',(-5.870611889081,-7.951543753123));
#5086 = CARTESIAN_POINT('',(-6.00899788303,-7.967228579395));
#5087 = CARTESIAN_POINT('',(-6.146051075036,-7.9750776405));
#5088 = CARTESIAN_POINT('',(-6.28318530718,-7.9750776405));
#5089 = ( GEOMETRIC_REPRESENTATION_CONTEXT(2) 
PARAMETRIC_REPRESENTATION_CONTEXT() REPRESENTATION_CONTEXT('2D SPACE',''
  ) );
#5090 = ADVANCED_FACE('',(#5091),#1220,.F.);
#5091 = FACE_BOUND('',#5092,.F.);
#5092 = EDGE_LOOP('',(#5093,#5094,#5095,#5096,#5097,#5098,#5119,#5138,
    #5139,#5160));
#5093 = ORIENTED_EDGE('',*,*,#3926,.T.);
#5094 = ORIENTED_EDGE('',*,*,#4004,.T.);
#5095 = ORIENTED_EDGE('',*,*,#1204,.T.);
#5096 = ORIENTED_EDGE('',*,*,#3672,.F.);
#5097 = ORIENTED_EDGE('',*,*,#3720,.T.);
#5098 = ORIENTED_EDGE('',*,*,#5099,.F.);
#5099 = EDGE_CURVE('',#5100,#3721,#5102,.T.);
#5100 = VERTEX_POINT('',#5101);
#5101 = CARTESIAN_POINT('',(63.7,0.,-5.));
#5102 = SURFACE_CURVE('',#5103,(#5107,#5113),.PCURVE_S1.);
#5103 = LINE('',#5104,#5105);
#5104 = CARTESIAN_POINT('',(67.896921226545,-5.935342918791,-5.));
#5105 = VECTOR('',#5106,1.);
#5106 = DIRECTION('',(-0.57735026919,0.816496580928,0.));
#5107 = PCURVE('',#1220,#5108);
#5108 = DEFINITIONAL_REPRESENTATION('',(#5109),#5112);
#5109 = B_SPLINE_CURVE_WITH_KNOTS('',1,(#5110,#5111),.UNSPECIFIED.,.F.,
  .F.,(2,2),(7.26928079974,9.718770542523),.PIECEWISE_BEZIER_KNOTS.);
#5110 = CARTESIAN_POINT('',(-1.139896798926,11.));
#5111 = CARTESIAN_POINT('',(-2.554110361299,13.));
#5112 = ( GEOMETRIC_REPRESENTATION_CONTEXT(2) 
PARAMETRIC_REPRESENTATION_CONTEXT() REPRESENTATION_CONTEXT('2D SPACE',''
  ) );
#5113 = PCURVE('',#3757,#5114);
#5114 = DEFINITIONAL_REPRESENTATION('',(#5115),#5118);
#5115 = B_SPLINE_CURVE_WITH_KNOTS('',1,(#5116,#5117),.UNSPECIFIED.,.F.,
  .F.,(2,2),(7.26928079974,9.718770542523),.PIECEWISE_BEZIER_KNOTS.);
#5116 = CARTESIAN_POINT('',(0.,8.485281374239));
#5117 = CARTESIAN_POINT('',(2.,9.899494936612));
#5118 = ( GEOMETRIC_REPRESENTATION_CONTEXT(2) 
PARAMETRIC_REPRESENTATION_CONTEXT() REPRESENTATION_CONTEXT('2D SPACE',''
  ) );
#5119 = ORIENTED_EDGE('',*,*,#5120,.F.);
#5120 = EDGE_CURVE('',#3796,#5100,#5121,.T.);
#5121 = SURFACE_CURVE('',#5122,(#5126,#5132),.PCURVE_S1.);
#5122 = LINE('',#5123,#5124);
#5123 = CARTESIAN_POINT('',(60.354448893888,-4.731323747876,-5.));
#5124 = VECTOR('',#5125,1.);
#5125 = DIRECTION('',(-0.57735026919,-0.816496580928,0.));
#5126 = PCURVE('',#1220,#5127);
#5127 = DEFINITIONAL_REPRESENTATION('',(#5128),#5131);
#5128 = B_SPLINE_CURVE_WITH_KNOTS('',1,(#5129,#5130),.UNSPECIFIED.,.F.,
  .F.,(2,2),(-8.244154237887,-5.794664495104),.PIECEWISE_BEZIER_KNOTS.);
#5129 = CARTESIAN_POINT('',(0.274316763447,13.));
#5130 = CARTESIAN_POINT('',(-1.139896798926,11.));
#5131 = ( GEOMETRIC_REPRESENTATION_CONTEXT(2) 
PARAMETRIC_REPRESENTATION_CONTEXT() REPRESENTATION_CONTEXT('2D SPACE',''
  ) );
#5132 = PCURVE('',#3811,#5133);
#5133 = DEFINITIONAL_REPRESENTATION('',(#5134),#5137);
#5134 = B_SPLINE_CURVE_WITH_KNOTS('',1,(#5135,#5136),.UNSPECIFIED.,.F.,
  .F.,(2,2),(-8.244154237887,-5.794664495104),.PIECEWISE_BEZIER_KNOTS.);
#5135 = CARTESIAN_POINT('',(0.,9.899494936612));
#5136 = CARTESIAN_POINT('',(2.,8.485281374239));
#5137 = ( GEOMETRIC_REPRESENTATION_CONTEXT(2) 
PARAMETRIC_REPRESENTATION_CONTEXT() REPRESENTATION_CONTEXT('2D SPACE',''
  ) );
#5138 = ORIENTED_EDGE('',*,*,#3823,.T.);
#5139 = ORIENTED_EDGE('',*,*,#5140,.F.);
#5140 = EDGE_CURVE('',#5141,#3824,#5143,.T.);
#5141 = VERTEX_POINT('',#5142);
#5142 = CARTESIAN_POINT('',(71.5,0.,-5.));
#5143 = SURFACE_CURVE('',#5144,(#5148,#5154),.PCURVE_S1.);
#5144 = LINE('',#5145,#5146);
#5145 = CARTESIAN_POINT('',(74.396921226545,-4.096865287706,-5.));
#5146 = VECTOR('',#5147,1.);
#5147 = DIRECTION('',(-0.57735026919,0.816496580928,0.));
#5148 = PCURVE('',#1220,#5149);
#5149 = DEFINITIONAL_REPRESENTATION('',(#5150),#5153);
#5150 = B_SPLINE_CURVE_WITH_KNOTS('',1,(#5151,#5152),.UNSPECIFIED.,.F.,
  .F.,(2,2),(5.0176147499,7.467104492683),.PIECEWISE_BEZIER_KNOTS.);
#5151 = CARTESIAN_POINT('',(6.660103201074,11.));
#5152 = CARTESIAN_POINT('',(5.245889638701,13.));
#5153 = ( GEOMETRIC_REPRESENTATION_CONTEXT(2) 
PARAMETRIC_REPRESENTATION_CONTEXT() REPRESENTATION_CONTEXT('2D SPACE',''
  ) );
#5154 = PCURVE('',#3860,#5155);
#5155 = DEFINITIONAL_REPRESENTATION('',(#5156),#5159);
#5156 = B_SPLINE_CURVE_WITH_KNOTS('',1,(#5157,#5158),.UNSPECIFIED.,.F.,
  .F.,(2,2),(5.0176147499,7.467104492683),.PIECEWISE_BEZIER_KNOTS.);
#5157 = CARTESIAN_POINT('',(0.,8.485281374239));
#5158 = CARTESIAN_POINT('',(2.,9.899494936612));
#5159 = ( GEOMETRIC_REPRESENTATION_CONTEXT(2) 
PARAMETRIC_REPRESENTATION_CONTEXT() REPRESENTATION_CONTEXT('2D SPACE',''
  ) );
#5160 = ORIENTED_EDGE('',*,*,#5161,.F.);
#5161 = EDGE_CURVE('',#3899,#5141,#5162,.T.);
#5162 = SURFACE_CURVE('',#5163,(#5167,#5173),.PCURVE_S1.);
#5163 = LINE('',#5164,#5165);
#5164 = CARTESIAN_POINT('',(66.854448893888,-6.569801378961,-5.));
#5165 = VECTOR('',#5166,1.);
#5166 = DIRECTION('',(-0.57735026919,-0.816496580928,0.));
#5167 = PCURVE('',#1220,#5168);
#5168 = DEFINITIONAL_REPRESENTATION('',(#5169),#5172);
#5169 = B_SPLINE_CURVE_WITH_KNOTS('',1,(#5170,#5171),.UNSPECIFIED.,.F.,
  .F.,(2,2),(-10.49582028772,-8.046330544943),.PIECEWISE_BEZIER_KNOTS.);
#5170 = CARTESIAN_POINT('',(8.074316763447,13.));
#5171 = CARTESIAN_POINT('',(6.660103201074,11.));
#5172 = ( GEOMETRIC_REPRESENTATION_CONTEXT(2) 
PARAMETRIC_REPRESENTATION_CONTEXT() REPRESENTATION_CONTEXT('2D SPACE',''
  ) );
#5173 = PCURVE('',#3914,#5174);
#5174 = DEFINITIONAL_REPRESENTATION('',(#5175),#5178);
#5175 = B_SPLINE_CURVE_WITH_KNOTS('',1,(#5176,#5177),.UNSPECIFIED.,.F.,
  .F.,(2,2),(-10.49582028772,-8.046330544943),.PIECEWISE_BEZIER_KNOTS.);
#5176 = CARTESIAN_POINT('',(-1.7763568394E-15,9.899494936612));
#5177 = CARTESIAN_POINT('',(2.,8.485281374239));
#5178 = ( GEOMETRIC_REPRESENTATION_CONTEXT(2) 
PARAMETRIC_REPRESENTATION_CONTEXT() REPRESENTATION_CONTEXT('2D SPACE',''
  ) );
#5179 = ADVANCED_FACE('',(#5180),#1553,.F.);
#5180 = FACE_BOUND('',#5181,.T.);
#5181 = EDGE_LOOP('',(#5182,#5205,#5232,#5233));
#5182 = ORIENTED_EDGE('',*,*,#5183,.T.);
#5183 = EDGE_CURVE('',#1533,#5184,#5186,.T.);
#5184 = VERTEX_POINT('',#5185);
#5185 = CARTESIAN_POINT('',(1.65,7.5,58.5));
#5186 = SEAM_CURVE('',#5187,(#5191,#5198),.PCURVE_S1.);
#5187 = LINE('',#5188,#5189);
#5188 = CARTESIAN_POINT('',(1.65,11.,58.5));
#5189 = VECTOR('',#5190,1.);
#5190 = DIRECTION('',(0.,-1.,1.110223024625E-16));
#5191 = PCURVE('',#1553,#5192);
#5192 = DEFINITIONAL_REPRESENTATION('',(#5193),#5197);
#5193 = LINE('',#5194,#5195);
#5194 = CARTESIAN_POINT('',(-0.,0.));
#5195 = VECTOR('',#5196,1.);
#5196 = DIRECTION('',(-0.,-1.));
#5197 = ( GEOMETRIC_REPRESENTATION_CONTEXT(2) 
PARAMETRIC_REPRESENTATION_CONTEXT() REPRESENTATION_CONTEXT('2D SPACE',''
  ) );
#5198 = PCURVE('',#1553,#5199);
#5199 = DEFINITIONAL_REPRESENTATION('',(#5200),#5204);
#5200 = LINE('',#5201,#5202);
#5201 = CARTESIAN_POINT('',(-6.28318530718,0.));
#5202 = VECTOR('',#5203,1.);
#5203 = DIRECTION('',(-0.,-1.));
#5204 = ( GEOMETRIC_REPRESENTATION_CONTEXT(2) 
PARAMETRIC_REPRESENTATION_CONTEXT() REPRESENTATION_CONTEXT('2D SPACE',''
  ) );
#5205 = ORIENTED_EDGE('',*,*,#5206,.T.);
#5206 = EDGE_CURVE('',#5184,#5184,#5207,.T.);
#5207 = SURFACE_CURVE('',#5208,(#5213,#5220),.PCURVE_S1.);
#5208 = CIRCLE('',#5209,1.65);
#5209 = AXIS2_PLACEMENT_3D('',#5210,#5211,#5212);
#5210 = CARTESIAN_POINT('',(0.,7.5,58.5));
#5211 = DIRECTION('',(0.,-1.,1.110223024625E-16));
#5212 = DIRECTION('',(1.,0.,0.));
#5213 = PCURVE('',#1553,#5214);
#5214 = DEFINITIONAL_REPRESENTATION('',(#5215),#5219);
#5215 = LINE('',#5216,#5217);
#5216 = CARTESIAN_POINT('',(-0.,-3.5));
#5217 = VECTOR('',#5218,1.);
#5218 = DIRECTION('',(-1.,0.));
#5219 = ( GEOMETRIC_REPRESENTATION_CONTEXT(2) 
PARAMETRIC_REPRESENTATION_CONTEXT() REPRESENTATION_CONTEXT('2D SPACE',''
  ) );
#5220 = PCURVE('',#5221,#5226);
#5221 = PLANE('',#5222);
#5222 = AXIS2_PLACEMENT_3D('',#5223,#5224,#5225);
#5223 = CARTESIAN_POINT('',(-1.035939494348E-16,7.5,58.5));
#5224 = DIRECTION('',(0.,-1.,1.110223024625E-16));
#5225 = DIRECTION('',(1.,0.,0.));
#5226 = DEFINITIONAL_REPRESENTATION('',(#5227),#5231);
#5227 = CIRCLE('',#5228,1.65);
#5228 = AXIS2_PLACEMENT_2D('',#5229,#5230);
#5229 = CARTESIAN_POINT('',(1.035939494348E-16,0.));
#5230 = DIRECTION('',(1.,0.));
#5231 = ( GEOMETRIC_REPRESENTATION_CONTEXT(2) 
PARAMETRIC_REPRESENTATION_CONTEXT() REPRESENTATION_CONTEXT('2D SPACE',''
  ) );
#5232 = ORIENTED_EDGE('',*,*,#5183,.F.);
#5233 = ORIENTED_EDGE('',*,*,#1532,.F.);
#5234 = ADVANCED_FACE('',(#5235),#1584,.F.);
#5235 = FACE_BOUND('',#5236,.T.);
#5236 = EDGE_LOOP('',(#5237,#5260,#5261,#5262));
#5237 = ORIENTED_EDGE('',*,*,#5238,.T.);
#5238 = EDGE_CURVE('',#5239,#1568,#5241,.T.);
#5239 = VERTEX_POINT('',#5240);
#5240 = CARTESIAN_POINT('',(19.,9.,59.35));
#5241 = SEAM_CURVE('',#5242,(#5246,#5253),.PCURVE_S1.);
#5242 = LINE('',#5243,#5244);
#5243 = CARTESIAN_POINT('',(19.,9.,59.35));
#5244 = VECTOR('',#5245,1.);
#5245 = DIRECTION('',(0.,1.,1.110223024625E-16));
#5246 = PCURVE('',#1584,#5247);
#5247 = DEFINITIONAL_REPRESENTATION('',(#5248),#5252);
#5248 = LINE('',#5249,#5250);
#5249 = CARTESIAN_POINT('',(-0.,0.));
#5250 = VECTOR('',#5251,1.);
#5251 = DIRECTION('',(-0.,-1.));
#5252 = ( GEOMETRIC_REPRESENTATION_CONTEXT(2) 
PARAMETRIC_REPRESENTATION_CONTEXT() REPRESENTATION_CONTEXT('2D SPACE',''
  ) );
#5253 = PCURVE('',#1584,#5254);
#5254 = DEFINITIONAL_REPRESENTATION('',(#5255),#5259);
#5255 = LINE('',#5256,#5257);
#5256 = CARTESIAN_POINT('',(-6.28318530718,0.));
#5257 = VECTOR('',#5258,1.);
#5258 = DIRECTION('',(-0.,-1.));
#5259 = ( GEOMETRIC_REPRESENTATION_CONTEXT(2) 
PARAMETRIC_REPRESENTATION_CONTEXT() REPRESENTATION_CONTEXT('2D SPACE',''
  ) );
#5260 = ORIENTED_EDGE('',*,*,#1567,.T.);
#5261 = ORIENTED_EDGE('',*,*,#5238,.F.);
#5262 = ORIENTED_EDGE('',*,*,#5263,.F.);
#5263 = EDGE_CURVE('',#5239,#5239,#5264,.T.);
#5264 = SURFACE_CURVE('',#5265,(#5270,#5277),.PCURVE_S1.);
#5265 = CIRCLE('',#5266,2.05);
#5266 = AXIS2_PLACEMENT_3D('',#5267,#5268,#5269);
#5267 = CARTESIAN_POINT('',(16.95,9.,59.35));
#5268 = DIRECTION('',(-0.,1.,1.110223024625E-16));
#5269 = DIRECTION('',(1.,0.,0.));
#5270 = PCURVE('',#1584,#5271);
#5271 = DEFINITIONAL_REPRESENTATION('',(#5272),#5276);
#5272 = LINE('',#5273,#5274);
#5273 = CARTESIAN_POINT('',(-0.,0.));
#5274 = VECTOR('',#5275,1.);
#5275 = DIRECTION('',(-1.,0.));
#5276 = ( GEOMETRIC_REPRESENTATION_CONTEXT(2) 
PARAMETRIC_REPRESENTATION_CONTEXT() REPRESENTATION_CONTEXT('2D SPACE',''
  ) );
#5277 = PCURVE('',#5278,#5283);
#5278 = PLANE('',#5279);
#5279 = AXIS2_PLACEMENT_3D('',#5280,#5281,#5282);
#5280 = CARTESIAN_POINT('',(16.95,9.,59.35));
#5281 = DIRECTION('',(0.,1.,1.110223024625E-16));
#5282 = DIRECTION('',(1.,0.,0.));
#5283 = DEFINITIONAL_REPRESENTATION('',(#5284),#5288);
#5284 = CIRCLE('',#5285,2.05);
#5285 = AXIS2_PLACEMENT_2D('',#5286,#5287);
#5286 = CARTESIAN_POINT('',(0.,0.));
#5287 = DIRECTION('',(1.,0.));
#5288 = ( GEOMETRIC_REPRESENTATION_CONTEXT(2) 
PARAMETRIC_REPRESENTATION_CONTEXT() REPRESENTATION_CONTEXT('2D SPACE',''
  ) );
#5289 = ADVANCED_FACE('',(#5290),#1619,.T.);
#5290 = FACE_BOUND('',#5291,.F.);
#5291 = EDGE_LOOP('',(#5292,#5293,#5316,#5343,#5344));
#5292 = ORIENTED_EDGE('',*,*,#1631,.T.);
#5293 = ORIENTED_EDGE('',*,*,#5294,.T.);
#5294 = EDGE_CURVE('',#1599,#5295,#5297,.T.);
#5295 = VERTEX_POINT('',#5296);
#5296 = CARTESIAN_POINT('',(65.428763833672,14.5,5.333333333333));
#5297 = SEAM_CURVE('',#5298,(#5302,#5309),.PCURVE_S1.);
#5298 = LINE('',#5299,#5300);
#5299 = CARTESIAN_POINT('',(65.428763833672,-11.,5.333333333333));
#5300 = VECTOR('',#5301,1.);
#5301 = DIRECTION('',(0.,1.,1.110223024625E-16));
#5302 = PCURVE('',#1619,#5303);
#5303 = DEFINITIONAL_REPRESENTATION('',(#5304),#5308);
#5304 = LINE('',#5305,#5306);
#5305 = CARTESIAN_POINT('',(-6.28318530718,0.));
#5306 = VECTOR('',#5307,1.);
#5307 = DIRECTION('',(-0.,-1.));
#5308 = ( GEOMETRIC_REPRESENTATION_CONTEXT(2) 
PARAMETRIC_REPRESENTATION_CONTEXT() REPRESENTATION_CONTEXT('2D SPACE',''
  ) );
#5309 = PCURVE('',#1619,#5310);
#5310 = DEFINITIONAL_REPRESENTATION('',(#5311),#5315);
#5311 = LINE('',#5312,#5313);
#5312 = CARTESIAN_POINT('',(-0.,0.));
#5313 = VECTOR('',#5314,1.);
#5314 = DIRECTION('',(-0.,-1.));
#5315 = ( GEOMETRIC_REPRESENTATION_CONTEXT(2) 
PARAMETRIC_REPRESENTATION_CONTEXT() REPRESENTATION_CONTEXT('2D SPACE',''
  ) );
#5316 = ORIENTED_EDGE('',*,*,#5317,.T.);
#5317 = EDGE_CURVE('',#5295,#5295,#5318,.T.);
#5318 = SURFACE_CURVE('',#5319,(#5324,#5331),.PCURVE_S1.);
#5319 = CIRCLE('',#5320,2.);
#5320 = AXIS2_PLACEMENT_3D('',#5321,#5322,#5323);
#5321 = CARTESIAN_POINT('',(63.428763833672,14.5,5.333333333333));
#5322 = DIRECTION('',(-0.,1.,1.110223024625E-16));
#5323 = DIRECTION('',(1.,0.,0.));
#5324 = PCURVE('',#1619,#5325);
#5325 = DEFINITIONAL_REPRESENTATION('',(#5326),#5330);
#5326 = LINE('',#5327,#5328);
#5327 = CARTESIAN_POINT('',(-0.,-25.5));
#5328 = VECTOR('',#5329,1.);
#5329 = DIRECTION('',(-1.,0.));
#5330 = ( GEOMETRIC_REPRESENTATION_CONTEXT(2) 
PARAMETRIC_REPRESENTATION_CONTEXT() REPRESENTATION_CONTEXT('2D SPACE',''
  ) );
#5331 = PCURVE('',#5332,#5337);
#5332 = PLANE('',#5333);
#5333 = AXIS2_PLACEMENT_3D('',#5334,#5335,#5336);
#5334 = CARTESIAN_POINT('',(63.428763833672,14.5,5.333333333333));
#5335 = DIRECTION('',(0.,1.,1.110223024625E-16));
#5336 = DIRECTION('',(1.,0.,0.));
#5337 = DEFINITIONAL_REPRESENTATION('',(#5338),#5342);
#5338 = CIRCLE('',#5339,2.);
#5339 = AXIS2_PLACEMENT_2D('',#5340,#5341);
#5340 = CARTESIAN_POINT('',(0.,0.));
#5341 = DIRECTION('',(1.,0.));
#5342 = ( GEOMETRIC_REPRESENTATION_CONTEXT(2) 
PARAMETRIC_REPRESENTATION_CONTEXT() REPRESENTATION_CONTEXT('2D SPACE',''
  ) );
#5343 = ORIENTED_EDGE('',*,*,#5294,.F.);
#5344 = ORIENTED_EDGE('',*,*,#1598,.T.);
#5345 = ADVANCED_FACE('',(#5346),#1680,.F.);
#5346 = FACE_BOUND('',#5347,.T.);
#5347 = EDGE_LOOP('',(#5348,#5349,#5370,#5371));
#5348 = ORIENTED_EDGE('',*,*,#3947,.T.);
#5349 = ORIENTED_EDGE('',*,*,#5350,.T.);
#5350 = EDGE_CURVE('',#3948,#1660,#5351,.T.);
#5351 = SEAM_CURVE('',#5352,(#5356,#5363),.PCURVE_S1.);
#5352 = LINE('',#5353,#5354);
#5353 = CARTESIAN_POINT('',(68.4,-12.,2.));
#5354 = VECTOR('',#5355,1.);
#5355 = DIRECTION('',(0.,1.,1.110223024625E-16));
#5356 = PCURVE('',#1680,#5357);
#5357 = DEFINITIONAL_REPRESENTATION('',(#5358),#5362);
#5358 = LINE('',#5359,#5360);
#5359 = CARTESIAN_POINT('',(-6.28318530718,0.));
#5360 = VECTOR('',#5361,1.);
#5361 = DIRECTION('',(-0.,-1.));
#5362 = ( GEOMETRIC_REPRESENTATION_CONTEXT(2) 
PARAMETRIC_REPRESENTATION_CONTEXT() REPRESENTATION_CONTEXT('2D SPACE',''
  ) );
#5363 = PCURVE('',#1680,#5364);
#5364 = DEFINITIONAL_REPRESENTATION('',(#5365),#5369);
#5365 = LINE('',#5366,#5367);
#5366 = CARTESIAN_POINT('',(-0.,0.));
#5367 = VECTOR('',#5368,1.);
#5368 = DIRECTION('',(-0.,-1.));
#5369 = ( GEOMETRIC_REPRESENTATION_CONTEXT(2) 
PARAMETRIC_REPRESENTATION_CONTEXT() REPRESENTATION_CONTEXT('2D SPACE',''
  ) );
#5370 = ORIENTED_EDGE('',*,*,#1659,.F.);
#5371 = ORIENTED_EDGE('',*,*,#5350,.F.);
#5372 = ADVANCED_FACE('',(#5373,#5427,#5670),#1715,.T.);
#5373 = FACE_BOUND('',#5374,.F.);
#5374 = EDGE_LOOP('',(#5375,#5398,#5399,#5400));
#5375 = ORIENTED_EDGE('',*,*,#5376,.F.);
#5376 = EDGE_CURVE('',#1695,#5377,#5379,.T.);
#5377 = VERTEX_POINT('',#5378);
#5378 = CARTESIAN_POINT('',(74.339896798926,14.5,6.904606503788));
#5379 = SEAM_CURVE('',#5380,(#5384,#5391),.PCURVE_S1.);
#5380 = LINE('',#5381,#5382);
#5381 = CARTESIAN_POINT('',(74.339896798926,10.5,6.904606503788));
#5382 = VECTOR('',#5383,1.);
#5383 = DIRECTION('',(0.,1.,1.110223024625E-16));
#5384 = PCURVE('',#1715,#5385);
#5385 = DEFINITIONAL_REPRESENTATION('',(#5386),#5390);
#5386 = LINE('',#5387,#5388);
#5387 = CARTESIAN_POINT('',(-6.28318530718,0.));
#5388 = VECTOR('',#5389,1.);
#5389 = DIRECTION('',(-0.,-1.));
#5390 = ( GEOMETRIC_REPRESENTATION_CONTEXT(2) 
PARAMETRIC_REPRESENTATION_CONTEXT() REPRESENTATION_CONTEXT('2D SPACE',''
  ) );
#5391 = PCURVE('',#1715,#5392);
#5392 = DEFINITIONAL_REPRESENTATION('',(#5393),#5397);
#5393 = LINE('',#5394,#5395);
#5394 = CARTESIAN_POINT('',(-0.,0.));
#5395 = VECTOR('',#5396,1.);
#5396 = DIRECTION('',(-0.,-1.));
#5397 = ( GEOMETRIC_REPRESENTATION_CONTEXT(2) 
PARAMETRIC_REPRESENTATION_CONTEXT() REPRESENTATION_CONTEXT('2D SPACE',''
  ) );
#5398 = ORIENTED_EDGE('',*,*,#1694,.T.);
#5399 = ORIENTED_EDGE('',*,*,#5376,.T.);
#5400 = ORIENTED_EDGE('',*,*,#5401,.T.);
#5401 = EDGE_CURVE('',#5377,#5377,#5402,.T.);
#5402 = SURFACE_CURVE('',#5403,(#5408,#5415),.PCURVE_S1.);
#5403 = CIRCLE('',#5404,2.);
#5404 = AXIS2_PLACEMENT_3D('',#5405,#5406,#5407);
#5405 = CARTESIAN_POINT('',(72.339896798926,14.5,6.904606503788));
#5406 = DIRECTION('',(-0.,1.,1.110223024625E-16));
#5407 = DIRECTION('',(1.,0.,0.));
#5408 = PCURVE('',#1715,#5409);
#5409 = DEFINITIONAL_REPRESENTATION('',(#5410),#5414);
#5410 = LINE('',#5411,#5412);
#5411 = CARTESIAN_POINT('',(-0.,-4.));
#5412 = VECTOR('',#5413,1.);
#5413 = DIRECTION('',(-1.,0.));
#5414 = ( GEOMETRIC_REPRESENTATION_CONTEXT(2) 
PARAMETRIC_REPRESENTATION_CONTEXT() REPRESENTATION_CONTEXT('2D SPACE',''
  ) );
#5415 = PCURVE('',#5416,#5421);
#5416 = PLANE('',#5417);
#5417 = AXIS2_PLACEMENT_3D('',#5418,#5419,#5420);
#5418 = CARTESIAN_POINT('',(72.339896798926,14.5,6.904606503788));
#5419 = DIRECTION('',(0.,1.,1.110223024625E-16));
#5420 = DIRECTION('',(1.,0.,0.));
#5421 = DEFINITIONAL_REPRESENTATION('',(#5422),#5426);
#5422 = CIRCLE('',#5423,2.);
#5423 = AXIS2_PLACEMENT_2D('',#5424,#5425);
#5424 = CARTESIAN_POINT('',(0.,0.));
#5425 = DIRECTION('',(1.,0.));
#5426 = ( GEOMETRIC_REPRESENTATION_CONTEXT(2) 
PARAMETRIC_REPRESENTATION_CONTEXT() REPRESENTATION_CONTEXT('2D SPACE',''
  ) );
#5427 = FACE_BOUND('',#5428,.F.);
#5428 = EDGE_LOOP('',(#5429));
#5429 = ORIENTED_EDGE('',*,*,#5430,.F.);
#5430 = EDGE_CURVE('',#5431,#5431,#5433,.T.);
#5431 = VERTEX_POINT('',#5432);
#5432 = CARTESIAN_POINT('',(70.561753889411,13.,7.820143391818));
#5433 = SURFACE_CURVE('',#5434,(#5509,#5587),.PCURVE_S1.);
#5434 = B_SPLINE_CURVE_WITH_KNOTS('',5,(#5435,#5436,#5437,#5438,#5439,
    #5440,#5441,#5442,#5443,#5444,#5445,#5446,#5447,#5448,#5449,#5450,
    #5451,#5452,#5453,#5454,#5455,#5456,#5457,#5458,#5459,#5460,#5461,
    #5462,#5463,#5464,#5465,#5466,#5467,#5468,#5469,#5470,#5471,#5472,
    #5473,#5474,#5475,#5476,#5477,#5478,#5479,#5480,#5481,#5482,#5483,
    #5484,#5485,#5486,#5487,#5488,#5489,#5490,#5491,#5492,#5493,#5494,
    #5495,#5496,#5497,#5498,#5499,#5500,#5501,#5502,#5503,#5504,#5505,
    #5506,#5507,#5508),.UNSPECIFIED.,.T.,.F.,(6,4,4,4,4,4,4,4,4,4,4,4,4,
    4,4,4,4,4,6),(0.,6.472449502224E-02,0.141211419427,0.172316671629,
    0.199603692141,0.248968698904,0.300835334058,0.356892718397,
    0.43450054385,0.499444137227,0.564571068431,0.641121371159,
    0.672252397685,0.699562028672,0.748967940092,0.800877552792,
    0.856981387203,0.934653519776,1.),.UNSPECIFIED.);
#5435 = CARTESIAN_POINT('',(70.561753889411,13.,7.820143391818));
#5436 = CARTESIAN_POINT('',(70.561753889411,13.058256114439,
    7.820143391818));
#5437 = CARTESIAN_POINT('',(70.56454737213,13.116490153899,
    7.825567790444));
#5438 = CARTESIAN_POINT('',(70.570127658799,13.174076554979,
    7.836410467608));
#5439 = CARTESIAN_POINT('',(70.578600515881,13.230371755109,
    7.852446464083));
#5440 = CARTESIAN_POINT('',(70.603721076692,13.348925728969,
    7.897825078982));
#5441 = CARTESIAN_POINT('',(70.621580647676,13.410438226326,
    7.929067975872));
#5442 = CARTESIAN_POINT('',(70.643959356157,13.468242494108,
    7.966315584478));
#5443 = CARTESIAN_POINT('',(70.67125451975,13.521281042029,
    8.008609021638));
#5444 = CARTESIAN_POINT('',(70.716935681878,13.587578789818,
    8.073590916847));
#5445 = CARTESIAN_POINT('',(70.730998710979,13.605768757187,
    8.093022976647));
#5446 = CARTESIAN_POINT('',(70.74593010924,13.622896288557,
    8.113014195602));
#5447 = CARTESIAN_POINT('',(70.761734795266,13.638879307254,
    8.133474652109));
#5448 = CARTESIAN_POINT('',(70.793039589089,13.666587223274,
    8.172589501868));
#5449 = CARTESIAN_POINT('',(70.808339012348,13.678594132737,
    8.191157847041));
#5450 = CARTESIAN_POINT('',(70.824299112518,13.689599432984,
    8.209942422958));
#5451 = CARTESIAN_POINT('',(70.840902860049,13.699549662142,
    8.228870365635));
#5452 = CARTESIAN_POINT('',(70.889284545599,13.724406553013,
    8.28224082827));
#5453 = CARTESIAN_POINT('',(70.922489258306,13.736819323813,
    8.316866917957));
#5454 = CARTESIAN_POINT('',(70.957514983474,13.745307952826,
    8.351227164784));
#5455 = CARTESIAN_POINT('',(70.994023501501,13.749702997513,
    8.38484005593));
#5456 = CARTESIAN_POINT('',(71.071051527179,13.750286784431,
    8.451459527493));
#5457 = CARTESIAN_POINT('',(71.111625952644,13.746047952524,
    8.484301928462));
#5458 = CARTESIAN_POINT('',(71.152807009258,13.737277458411,
    8.515417909361));
#5459 = CARTESIAN_POINT('',(71.193982799871,13.724168093829,
    8.544498762906));
#5460 = CARTESIAN_POINT('',(71.278323924163,13.688668428288,
    8.600432629811));
#5461 = CARTESIAN_POINT('',(71.321369310905,13.665618865437,
    8.626907613831));
#5462 = CARTESIAN_POINT('',(71.363060809387,13.63836596453,
    8.650736493025));
#5463 = CARTESIAN_POINT('',(71.402800304175,13.607384131045,
    8.671974826795));
#5464 = CARTESIAN_POINT('',(71.491643479878,13.525941790343,
    8.716733018183));
#5465 = CARTESIAN_POINT('',(71.538540905167,13.472510476038,
    8.73802428129));
#5466 = CARTESIAN_POINT('',(71.579605460596,13.414127220893,
    8.755062325438));
#5467 = CARTESIAN_POINT('',(71.613902157827,13.35189618239,
    8.768407810066));
#5468 = CARTESIAN_POINT('',(71.663288406503,13.232451933118,
    8.786833315354));
#5469 = CARTESIAN_POINT('',(71.68060864399,13.17605445931,8.7929101044)
  );
#5470 = CARTESIAN_POINT('',(71.692340866621,13.118345666823,
    8.796882966678));
#5471 = CARTESIAN_POINT('',(71.698274140758,13.05997383115,
    8.798892749817));
#5472 = CARTESIAN_POINT('',(71.698524139897,12.942998923952,
    8.798977409846));
#5473 = CARTESIAN_POINT('',(71.692807932593,12.884440693861,
    8.797041122529));
#5474 = CARTESIAN_POINT('',(71.681255196842,12.826529962558,
    8.793133378167));
#5475 = CARTESIAN_POINT('',(71.664074995849,12.769920840994,
    8.787114453436));
#5476 = CARTESIAN_POINT('',(71.615350732919,12.651074271031,
    8.768962230257));
#5477 = CARTESIAN_POINT('',(71.58180322979,12.589561773673,
    8.755937334263));
#5478 = CARTESIAN_POINT('',(71.541646811667,12.531757505892,
    8.739334532583));
#5479 = CARTESIAN_POINT('',(71.495770774845,12.478718957971,
    8.718618596015));
#5480 = CARTESIAN_POINT('',(71.424728806688,12.412421210182,
    8.683087566776));
#5481 = CARTESIAN_POINT('',(71.403424799509,12.394231242813,
    8.672064272639));
#5482 = CARTESIAN_POINT('',(71.381438947483,12.377103711443,
    8.660265213352));
#5483 = CARTESIAN_POINT('',(71.358859446369,12.361120692745,
    8.647672179155));
#5484 = CARTESIAN_POINT('',(71.315531709496,12.333412776726,
    8.622519270665));
#5485 = CARTESIAN_POINT('',(71.29489835327,12.321405867263,
    8.610145087647));
#5486 = CARTESIAN_POINT('',(71.273953107236,12.310400567016,
    8.597149636197));
#5487 = CARTESIAN_POINT('',(71.252770555855,12.300450337858,
    8.58353894323));
#5488 = CARTESIAN_POINT('',(71.192810631523,12.275593446987,
    8.543613997988));
#5489 = CARTESIAN_POINT('',(71.153639968371,12.263180676187,
    8.515916016451));
#5490 = CARTESIAN_POINT('',(71.114461940068,12.254692047174,
    8.486377734784));
#5491 = CARTESIAN_POINT('',(71.075802923376,12.250297002487,
    8.455262163632));
#5492 = CARTESIAN_POINT('',(70.998489198692,12.249713215569,
    8.388974467136));
#5493 = CARTESIAN_POINT('',(70.959988701334,12.253952047476,
    8.353723665636));
#5494 = CARTESIAN_POINT('',(70.923105471871,12.262722541589,
    8.317616726199));
#5495 = CARTESIAN_POINT('',(70.888235612898,12.275831906171,
    8.281212952896));
#5496 = CARTESIAN_POINT('',(70.820403786291,12.311331571712,
    8.206107253956));
#5497 = CARTESIAN_POINT('',(70.787833463253,12.334381134563,
    8.167467842008));
#5498 = CARTESIAN_POINT('',(70.758080876318,12.36163403547,
    8.129774605214));
#5499 = CARTESIAN_POINT('',(70.731179850135,12.392615868955,
    8.093627280863));
#5500 = CARTESIAN_POINT('',(70.673731764059,12.474058209657,
    8.012410761784));
#5501 = CARTESIAN_POINT('',(70.645716057065,12.527489523962,
    7.969192634278));
#5502 = CARTESIAN_POINT('',(70.622772145933,12.585872779107,
    7.931111541819));
#5503 = CARTESIAN_POINT('',(70.604484345786,12.64810381761,
    7.899175327787));
#5504 = CARTESIAN_POINT('',(70.578870766301,12.767840314437,
    7.852957815384));
#5505 = CARTESIAN_POINT('',(70.570261113418,12.824551604479,
    7.836669830504));
#5506 = CARTESIAN_POINT('',(70.564591952781,12.882584797561,
    7.825654325668));
#5507 = CARTESIAN_POINT('',(70.561753889411,12.941280994619,
    7.820143391818));
#5508 = CARTESIAN_POINT('',(70.561753889411,13.,7.820143391818));
#5509 = PCURVE('',#1715,#5510);
#5510 = DEFINITIONAL_REPRESENTATION('',(#5511),#5586);
#5511 = B_SPLINE_CURVE_WITH_KNOTS('',5,(#5512,#5513,#5514,#5515,#5516,
    #5517,#5518,#5519,#5520,#5521,#5522,#5523,#5524,#5525,#5526,#5527,
    #5528,#5529,#5530,#5531,#5532,#5533,#5534,#5535,#5536,#5537,#5538,
    #5539,#5540,#5541,#5542,#5543,#5544,#5545,#5546,#5547,#5548,#5549,
    #5550,#5551,#5552,#5553,#5554,#5555,#5556,#5557,#5558,#5559,#5560,
    #5561,#5562,#5563,#5564,#5565,#5566,#5567,#5568,#5569,#5570,#5571,
    #5572,#5573,#5574,#5575,#5576,#5577,#5578,#5579,#5580,#5581,#5582,
    #5583,#5584,#5585),.UNSPECIFIED.,.T.,.F.,(6,4,4,4,4,4,4,4,4,4,4,4,4,
    4,4,4,4,4,6),(0.,6.472449502224E-02,0.141211419427,0.172316671629,
    0.199603692141,0.248968698904,0.300835334058,0.356892718397,
    0.43450054385,0.499444137227,0.564571068431,0.641121371159,
    0.672252397685,0.699562028672,0.748967940092,0.800877552792,
    0.856981387203,0.934653519776,1.),.UNSPECIFIED.);
#5512 = CARTESIAN_POINT('',(-3.61707624051,-2.5));
#5513 = CARTESIAN_POINT('',(-3.61707624051,-2.558256114439));
#5514 = CARTESIAN_POINT('',(-3.620126880483,-2.616490153899));
#5515 = CARTESIAN_POINT('',(-3.626224458325,-2.674076554979));
#5516 = CARTESIAN_POINT('',(-3.635291197956,-2.730371755109));
#5517 = CARTESIAN_POINT('',(-3.661225062234,-2.848925728969));
#5518 = CARTESIAN_POINT('',(-3.679217104922,-2.910438226326));
#5519 = CARTESIAN_POINT('',(-3.700935501442,-2.968242494108));
#5520 = CARTESIAN_POINT('',(-3.726083857709,-3.021281042029));
#5521 = CARTESIAN_POINT('',(-3.765799771642,-3.087578789818));
#5522 = CARTESIAN_POINT('',(-3.77779211809,-3.105768757187));
#5523 = CARTESIAN_POINT('',(-3.790266024248,-3.122896288557));
#5524 = CARTESIAN_POINT('',(-3.803191005552,-3.138879307254));
#5525 = CARTESIAN_POINT('',(-3.828240763975,-3.166587223274));
#5526 = CARTESIAN_POINT('',(-3.840269240001,-3.178594132737));
#5527 = CARTESIAN_POINT('',(-3.852591927577,-3.189599432984));
#5528 = CARTESIAN_POINT('',(-3.865179429608,-3.199549662142));
#5529 = CARTESIAN_POINT('',(-3.901197459046,-3.224406553013));
#5530 = CARTESIAN_POINT('',(-3.925175137044,-3.236819323813));
#5531 = CARTESIAN_POINT('',(-3.94969168337,-3.245307952826));
#5532 = CARTESIAN_POINT('',(-3.974492468708,-3.249702997513));
#5533 = CARTESIAN_POINT('',(-4.02541267769,-3.250286784431));
#5534 = CARTESIAN_POINT('',(-4.051499085823,-3.246047952524));
#5535 = CARTESIAN_POINT('',(-4.077287474941,-3.237277458411));
#5536 = CARTESIAN_POINT('',(-4.102481547217,-3.224168093829));
#5537 = CARTESIAN_POINT('',(-4.153082986707,-3.188668428288));
#5538 = CARTESIAN_POINT('',(-4.178335853358,-3.165618865437));
#5539 = CARTESIAN_POINT('',(-4.202331643992,-3.13836596453));
#5540 = CARTESIAN_POINT('',(-4.224854549638,-3.107384131045));
#5541 = CARTESIAN_POINT('',(-4.274594889316,-3.025941790343));
#5542 = CARTESIAN_POINT('',(-4.300325727345,-2.972510476038));
#5543 = CARTESIAN_POINT('',(-4.322546303227,-2.914127220893));
#5544 = CARTESIAN_POINT('',(-4.34094547269,-2.85189618239));
#5545 = CARTESIAN_POINT('',(-4.367301215914,-2.732451933118));
#5546 = CARTESIAN_POINT('',(-4.376477183736,-2.67605445931));
#5547 = CARTESIAN_POINT('',(-4.382670884617,-2.618345666823));
#5548 = CARTESIAN_POINT('',(-4.385803011317,-2.55997383115));
#5549 = CARTESIAN_POINT('',(-4.385934983748,-2.442998923952));
#5550 = CARTESIAN_POINT('',(-4.382917445207,-2.384440693861));
#5551 = CARTESIAN_POINT('',(-4.376819179154,-2.326529962558));
#5552 = CARTESIAN_POINT('',(-4.367718837903,-2.269920840994));
#5553 = CARTESIAN_POINT('',(-4.341720967777,-2.151074271031));
#5554 = CARTESIAN_POINT('',(-4.323728925089,-2.089561773673));
#5555 = CARTESIAN_POINT('',(-4.302010528569,-2.031757505892));
#5556 = CARTESIAN_POINT('',(-4.276862172302,-1.978718957971));
#5557 = CARTESIAN_POINT('',(-4.237146258369,-1.912421210182));
#5558 = CARTESIAN_POINT('',(-4.225153911921,-1.894231242813));
#5559 = CARTESIAN_POINT('',(-4.212680005763,-1.877103711443));
#5560 = CARTESIAN_POINT('',(-4.199755024458,-1.861120692745));
#5561 = CARTESIAN_POINT('',(-4.174705266036,-1.833412776726));
#5562 = CARTESIAN_POINT('',(-4.16267679001,-1.821405867263));
#5563 = CARTESIAN_POINT('',(-4.150354102433,-1.810400567016));
#5564 = CARTESIAN_POINT('',(-4.137766600403,-1.800450337858));
#5565 = CARTESIAN_POINT('',(-4.101748570965,-1.775593446987));
#5566 = CARTESIAN_POINT('',(-4.077770892967,-1.763180676187));
#5567 = CARTESIAN_POINT('',(-4.053254346641,-1.754692047174));
#5568 = CARTESIAN_POINT('',(-4.028453561303,-1.750297002487));
#5569 = CARTESIAN_POINT('',(-3.977533352321,-1.749713215569));
#5570 = CARTESIAN_POINT('',(-3.951446944188,-1.753952047476));
#5571 = CARTESIAN_POINT('',(-3.92565855507,-1.762722541589));
#5572 = CARTESIAN_POINT('',(-3.900464482794,-1.775831906171));
#5573 = CARTESIAN_POINT('',(-3.849863043304,-1.811331571712));
#5574 = CARTESIAN_POINT('',(-3.824610176653,-1.834381134563));
#5575 = CARTESIAN_POINT('',(-3.800614386019,-1.86163403547));
#5576 = CARTESIAN_POINT('',(-3.778091480373,-1.892615868955));
#5577 = CARTESIAN_POINT('',(-3.728351140695,-1.974058209657));
#5578 = CARTESIAN_POINT('',(-3.702620302666,-2.027489523962));
#5579 = CARTESIAN_POINT('',(-3.680399726784,-2.085872779107));
#5580 = CARTESIAN_POINT('',(-3.66200055732,-2.14810381761));
#5581 = CARTESIAN_POINT('',(-3.635580328769,-2.267840314437));
#5582 = CARTESIAN_POINT('',(-3.626370313475,-2.324551604479));
#5583 = CARTESIAN_POINT('',(-3.620175548646,-2.382584797561));
#5584 = CARTESIAN_POINT('',(-3.61707624051,-2.441280994619));
#5585 = CARTESIAN_POINT('',(-3.61707624051,-2.5));
#5586 = ( GEOMETRIC_REPRESENTATION_CONTEXT(2) 
PARAMETRIC_REPRESENTATION_CONTEXT() REPRESENTATION_CONTEXT('2D SPACE',''
  ) );
#5587 = PCURVE('',#5588,#5593);
#5588 = CYLINDRICAL_SURFACE('',#5589,0.75);
#5589 = AXIS2_PLACEMENT_3D('',#5590,#5591,#5592);
#5590 = CARTESIAN_POINT('',(70.904334911373,13.,8.571688405497));
#5591 = DIRECTION('',(0.652528130706,0.,-0.757764500777));
#5592 = DIRECTION('',(-0.757764500777,0.,-0.652528130706));
#5593 = DEFINITIONAL_REPRESENTATION('',(#5594),#5669);
#5594 = B_SPLINE_CURVE_WITH_KNOTS('',5,(#5595,#5596,#5597,#5598,#5599,
    #5600,#5601,#5602,#5603,#5604,#5605,#5606,#5607,#5608,#5609,#5610,
    #5611,#5612,#5613,#5614,#5615,#5616,#5617,#5618,#5619,#5620,#5621,
    #5622,#5623,#5624,#5625,#5626,#5627,#5628,#5629,#5630,#5631,#5632,
    #5633,#5634,#5635,#5636,#5637,#5638,#5639,#5640,#5641,#5642,#5643,
    #5644,#5645,#5646,#5647,#5648,#5649,#5650,#5651,#5652,#5653,#5654,
    #5655,#5656,#5657,#5658,#5659,#5660,#5661,#5662,#5663,#5664,#5665,
    #5666,#5667,#5668),.UNSPECIFIED.,.F.,.F.,(6,4,4,4,4,4,4,4,4,4,4,4,4,
    4,4,4,4,4,6),(0.,6.472449502224E-02,0.141211419427,0.172316671629,
    0.199603692141,0.248968698904,0.300835334058,0.356892718397,
    0.43450054385,0.499444137227,0.564571068431,0.641121371159,
    0.672252397685,0.699562028672,0.748967940092,0.800877552792,
    0.856981387203,0.934653519776,1.),.UNSPECIFIED.);
#5595 = CARTESIAN_POINT('',(0.,0.345950378226));
#5596 = CARTESIAN_POINT('',(7.767481925216E-02,0.345950378226));
#5597 = CARTESIAN_POINT('',(0.155320429701,0.343662787565));
#5598 = CARTESIAN_POINT('',(0.233077658706,0.339087885746));
#5599 = CARTESIAN_POINT('',(0.311065152459,0.332465154477));
#5600 = CARTESIAN_POINT('',(0.481927053504,0.3144707236));
#5601 = CARTESIAN_POINT('',(0.574973276609,0.302449837904));
#5602 = CARTESIAN_POINT('',(0.668812554097,0.288827659177));
#5603 = CARTESIAN_POINT('',(0.763736915014,0.274590055957));
#5604 = CARTESIAN_POINT('',(0.899233864667,0.255157325908));
#5605 = CARTESIAN_POINT('',(0.938638157795,0.249608922905));
#5606 = CARTESIAN_POINT('',(0.978277263837,0.24420344425));
#5607 = CARTESIAN_POINT('',(1.018158092669,0.239012238868));
#5608 = CARTESIAN_POINT('',(1.093498133164,0.229799652863));
#5609 = CARTESIAN_POINT('',(1.128899614064,0.225712524112));
#5610 = CARTESIAN_POINT('',(1.164483250896,0.22189265365));
#5611 = CARTESIAN_POINT('',(1.200239952233,0.218384142956));
#5612 = CARTESIAN_POINT('',(1.301154432326,0.209512311814));
#5613 = CARTESIAN_POINT('',(1.366732353339,0.204940899361));
#5614 = CARTESIAN_POINT('',(1.432683687836,0.201759195049));
#5615 = CARTESIAN_POINT('',(1.49884724142,0.200111374393));
#5616 = CARTESIAN_POINT('',(1.634636382624,0.19989245739));
#5617 = CARTESIAN_POINT('',(1.704171565722,0.201481605818));
#5618 = CARTESIAN_POINT('',(1.77348393198,0.204774817979));
#5619 = CARTESIAN_POINT('',(1.842387433112,0.209606741189));
#5620 = CARTESIAN_POINT('',(1.98438724503,0.222256998633));
#5621 = CARTESIAN_POINT('',(2.057352358547,0.23028352133));
#5622 = CARTESIAN_POINT('',(2.1295598889,0.239431718155));
#5623 = CARTESIAN_POINT('',(2.201008526269,0.249269201017));
#5624 = CARTESIAN_POINT('',(2.369402482859,0.273325703832));
#5625 = CARTESIAN_POINT('',(2.465716406324,0.287793829731));
#5626 = CARTESIAN_POINT('',(2.560901809355,0.301678782305));
#5627 = CARTESIAN_POINT('',(2.655262301975,0.313945607543));
#5628 = CARTESIAN_POINT('',(2.827628145047,0.332209330257));
#5629 = CARTESIAN_POINT('',(2.905822238985,0.338906497431));
#5630 = CARTESIAN_POINT('',(2.983782002854,0.343551608733));
#5631 = CARTESIAN_POINT('',(3.061627373499,0.345900294697));
#5632 = CARTESIAN_POINT('',(3.217594257642,0.345999273804));
#5633 = CARTESIAN_POINT('',(3.295656353502,0.343736537528));
#5634 = CARTESIAN_POINT('',(3.373830165753,0.339159202419));
#5635 = CARTESIAN_POINT('',(3.452236111821,0.332509565475));
#5636 = CARTESIAN_POINT('',(3.623519707094,0.3144707236));
#5637 = CARTESIAN_POINT('',(3.716565930199,0.302449837904));
#5638 = CARTESIAN_POINT('',(3.810405207687,0.288827659177));
#5639 = CARTESIAN_POINT('',(3.905329568603,0.274590055957));
#5640 = CARTESIAN_POINT('',(4.040826518257,0.255157325908));
#5641 = CARTESIAN_POINT('',(4.080230811384,0.249608922905));
#5642 = CARTESIAN_POINT('',(4.119869917427,0.24420344425));
#5643 = CARTESIAN_POINT('',(4.159750746258,0.239012238868));
#5644 = CARTESIAN_POINT('',(4.235090786754,0.229799652863));
#5645 = CARTESIAN_POINT('',(4.270492267654,0.225712524112));
#5646 = CARTESIAN_POINT('',(4.306075904486,0.22189265365));
#5647 = CARTESIAN_POINT('',(4.341832605823,0.218384142956));
#5648 = CARTESIAN_POINT('',(4.442747085915,0.209512311814));
#5649 = CARTESIAN_POINT('',(4.508325006929,0.204940899361));
#5650 = CARTESIAN_POINT('',(4.574276341426,0.201759195049));
#5651 = CARTESIAN_POINT('',(4.64043989501,0.200111374393));
#5652 = CARTESIAN_POINT('',(4.776229036213,0.19989245739));
#5653 = CARTESIAN_POINT('',(4.845764219312,0.201481605818));
#5654 = CARTESIAN_POINT('',(4.91507658557,0.204774817979));
#5655 = CARTESIAN_POINT('',(4.983980086702,0.209606741189));
#5656 = CARTESIAN_POINT('',(5.12597989862,0.222256998633));
#5657 = CARTESIAN_POINT('',(5.198945012137,0.23028352133));
#5658 = CARTESIAN_POINT('',(5.27115254249,0.239431718155));
#5659 = CARTESIAN_POINT('',(5.342601179859,0.249269201017));
#5660 = CARTESIAN_POINT('',(5.510995136449,0.273325703832));
#5661 = CARTESIAN_POINT('',(5.607309059914,0.287793829731));
#5662 = CARTESIAN_POINT('',(5.702494462945,0.301678782305));
#5663 = CARTESIAN_POINT('',(5.796854955564,0.313945607543));
#5664 = CARTESIAN_POINT('',(5.969642530923,0.332254016614));
#5665 = CARTESIAN_POINT('',(6.048255108942,0.338978432644));
#5666 = CARTESIAN_POINT('',(6.126631467585,0.343626304374));
#5667 = CARTESIAN_POINT('',(6.204893300005,0.345950378226));
#5668 = CARTESIAN_POINT('',(6.28318530718,0.345950378226));
#5669 = ( GEOMETRIC_REPRESENTATION_CONTEXT(2) 
PARAMETRIC_REPRESENTATION_CONTEXT() REPRESENTATION_CONTEXT('2D SPACE',''
  ) );
#5670 = FACE_BOUND('',#5671,.F.);
#5671 = EDGE_LOOP('',(#5672));
#5672 = ORIENTED_EDGE('',*,*,#5673,.T.);
#5673 = EDGE_CURVE('',#5674,#5674,#5676,.T.);
#5674 = VERTEX_POINT('',#5675);
#5675 = CARTESIAN_POINT('',(72.981392957276,13.,5.0102774197));
#5676 = SURFACE_CURVE('',#5677,(#5752,#5830),.PCURVE_S1.);
#5677 = B_SPLINE_CURVE_WITH_KNOTS('',5,(#5678,#5679,#5680,#5681,#5682,
    #5683,#5684,#5685,#5686,#5687,#5688,#5689,#5690,#5691,#5692,#5693,
    #5694,#5695,#5696,#5697,#5698,#5699,#5700,#5701,#5702,#5703,#5704,
    #5705,#5706,#5707,#5708,#5709,#5710,#5711,#5712,#5713,#5714,#5715,
    #5716,#5717,#5718,#5719,#5720,#5721,#5722,#5723,#5724,#5725,#5726,
    #5727,#5728,#5729,#5730,#5731,#5732,#5733,#5734,#5735,#5736,#5737,
    #5738,#5739,#5740,#5741,#5742,#5743,#5744,#5745,#5746,#5747,#5748,
    #5749,#5750,#5751),.UNSPECIFIED.,.T.,.F.,(6,4,4,4,4,4,4,4,4,4,4,4,4,
    4,4,4,4,4,6),(0.,6.472449502211E-02,0.141211419426,0.172316671628,
    0.199603692141,0.248968698904,0.300835334057,0.356892718397,
    0.434500543849,0.499444137227,0.564571068431,0.641121371159,
    0.672252397685,0.699562028672,0.748967940091,0.800877552792,
    0.856981387203,0.934653519776,1.),.UNSPECIFIED.);
#5678 = CARTESIAN_POINT('',(72.981392957276,13.,5.0102774197));
#5679 = CARTESIAN_POINT('',(72.981392957276,13.058256114439,5.0102774197
    ));
#5680 = CARTESIAN_POINT('',(72.987171874509,13.116490153899,
    5.012234908336));
#5681 = CARTESIAN_POINT('',(72.998722665443,13.174076554979,
    5.016144189114));
#5682 = CARTESIAN_POINT('',(73.015838559436,13.230371755109,
    5.02214324428));
#5683 = CARTESIAN_POINT('',(73.064442864933,13.348925728969,
    5.04025077732));
#5684 = CARTESIAN_POINT('',(73.097990368062,13.410438226326,
    5.053275673314));
#5685 = CARTESIAN_POINT('',(73.138146786186,13.468242494108,
    5.069878474993));
#5686 = CARTESIAN_POINT('',(73.184022823007,13.521281042029,
    5.090594411562));
#5687 = CARTESIAN_POINT('',(73.255064791164,13.587578789818,
    5.126125440801));
#5688 = CARTESIAN_POINT('',(73.276368798343,13.605768757187,
    5.137148734938));
#5689 = CARTESIAN_POINT('',(73.29835465037,13.622896288557,
    5.148947794224));
#5690 = CARTESIAN_POINT('',(73.320934151483,13.638879307255,
    5.161540828422));
#5691 = CARTESIAN_POINT('',(73.364261888356,13.666587223274,
    5.186693736911));
#5692 = CARTESIAN_POINT('',(73.384895244582,13.678594132737,
    5.199067919929));
#5693 = CARTESIAN_POINT('',(73.405840490616,13.689599432984,
    5.212063371379));
#5694 = CARTESIAN_POINT('',(73.427023041998,13.699549662142,
    5.225674064346));
#5695 = CARTESIAN_POINT('',(73.486982966329,13.724406553013,
    5.265599009589));
#5696 = CARTESIAN_POINT('',(73.526153629481,13.736819323813,
    5.293296991126));
#5697 = CARTESIAN_POINT('',(73.565331657784,13.745307952826,
    5.322835272792));
#5698 = CARTESIAN_POINT('',(73.603990674476,13.749702997513,
    5.353950843945));
#5699 = CARTESIAN_POINT('',(73.68130439916,13.750286784431,
    5.420238540441));
#5700 = CARTESIAN_POINT('',(73.719804896518,13.746047952524,
    5.45548934194));
#5701 = CARTESIAN_POINT('',(73.756688125981,13.737277458411,
    5.491596281378));
#5702 = CARTESIAN_POINT('',(73.791557984954,13.724168093829,
    5.528000054681));
#5703 = CARTESIAN_POINT('',(73.859389811561,13.688668428288,
    5.60310575362));
#5704 = CARTESIAN_POINT('',(73.891960134599,13.665618865437,
    5.641745165569));
#5705 = CARTESIAN_POINT('',(73.921712721534,13.63836596453,
    5.679438402363));
#5706 = CARTESIAN_POINT('',(73.948613747717,13.607384131045,
    5.715585726713));
#5707 = CARTESIAN_POINT('',(74.006061833793,13.525941790343,
    5.796802245792));
#5708 = CARTESIAN_POINT('',(74.034077540787,13.472510476038,
    5.840020373298));
#5709 = CARTESIAN_POINT('',(74.057021451919,13.414127220893,
    5.878101465758));
#5710 = CARTESIAN_POINT('',(74.075309252066,13.35189618239,
    5.910037679789));
#5711 = CARTESIAN_POINT('',(74.100860315057,13.232451933118,
    5.956142386528));
#5712 = CARTESIAN_POINT('',(74.109440372591,13.17605445931,
    5.972368926654));
#5713 = CARTESIAN_POINT('',(74.115110463633,13.118345666823,
    5.983381589825));
#5714 = CARTESIAN_POINT('',(74.117978570445,13.059973831149,
    5.988950874658));
#5715 = CARTESIAN_POINT('',(74.118099396282,12.942998923952,
    5.989185540394));
#5716 = CARTESIAN_POINT('',(74.115336187122,12.884440693861,
    5.983820010629));
#5717 = CARTESIAN_POINT('',(74.109757131215,12.826529962558,
    5.97297518216));
#5718 = CARTESIAN_POINT('',(74.101255080553,12.769920840994,
    5.95687853979));
#5719 = CARTESIAN_POINT('',(74.07607252116,12.651074271031,
    5.911387928595));
#5720 = CARTESIAN_POINT('',(74.058212950176,12.589561773673,
    5.880145031704));
#5721 = CARTESIAN_POINT('',(74.035834241695,12.531757505892,
    5.842897423099));
#5722 = CARTESIAN_POINT('',(74.008539078103,12.478718957971,
    5.800603985938));
#5723 = CARTESIAN_POINT('',(73.962857915974,12.412421210182,
    5.73562209073));
#5724 = CARTESIAN_POINT('',(73.948794886873,12.394231242813,
    5.71619003093));
#5725 = CARTESIAN_POINT('',(73.933863488612,12.377103711443,
    5.696198811975));
#5726 = CARTESIAN_POINT('',(73.918058802586,12.361120692746,
    5.675738355468));
#5727 = CARTESIAN_POINT('',(73.886754008763,12.333412776726,
    5.636623505709));
#5728 = CARTESIAN_POINT('',(73.871454585504,12.321405867263,
    5.618055160535));
#5729 = CARTESIAN_POINT('',(73.855494485334,12.310400567016,
    5.599270584619));
#5730 = CARTESIAN_POINT('',(73.838890737803,12.300450337858,
    5.580342641941));
#5731 = CARTESIAN_POINT('',(73.790509052253,12.275593446987,
    5.526972179307));
#5732 = CARTESIAN_POINT('',(73.757304339547,12.263180676187,
    5.49234608962));
#5733 = CARTESIAN_POINT('',(73.722278614378,12.254692047174,
    5.457985842793));
#5734 = CARTESIAN_POINT('',(73.685770096351,12.250297002487,
    5.424372951647));
#5735 = CARTESIAN_POINT('',(73.608742070673,12.249713215569,
    5.357753480084));
#5736 = CARTESIAN_POINT('',(73.568167645208,12.253952047476,
    5.324911079115));
#5737 = CARTESIAN_POINT('',(73.526986588594,12.262722541589,
    5.293795098216));
#5738 = CARTESIAN_POINT('',(73.485810797981,12.275831906171,
    5.264714244671));
#5739 = CARTESIAN_POINT('',(73.401469673689,12.311331571712,
    5.208780377765));
#5740 = CARTESIAN_POINT('',(73.358424286947,12.334381134563,
    5.182305393746));
#5741 = CARTESIAN_POINT('',(73.316732788465,12.36163403547,
    5.158476514552));
#5742 = CARTESIAN_POINT('',(73.276993293677,12.392615868955,
    5.137238180781));
#5743 = CARTESIAN_POINT('',(73.188150117974,12.474058209657,
    5.092479989394));
#5744 = CARTESIAN_POINT('',(73.141252692685,12.527489523962,
    5.071188726286));
#5745 = CARTESIAN_POINT('',(73.100188137256,12.585872779107,
    5.054150682138));
#5746 = CARTESIAN_POINT('',(73.065891440025,12.64810381761,
    5.040805197511));
#5747 = CARTESIAN_POINT('',(73.016384356645,12.767840314437,
    5.022334610028));
#5748 = CARTESIAN_POINT('',(72.998998962518,12.824551604479,
    5.016237672659));
#5749 = CARTESIAN_POINT('',(72.987264067779,12.88258479756,
    5.012266152225));
#5750 = CARTESIAN_POINT('',(72.981392957276,12.941280994619,5.0102774197
    ));
#5751 = CARTESIAN_POINT('',(72.981392957276,13.,5.0102774197));
#5752 = PCURVE('',#1715,#5753);
#5753 = DEFINITIONAL_REPRESENTATION('',(#5754),#5829);
#5754 = B_SPLINE_CURVE_WITH_KNOTS('',5,(#5755,#5756,#5757,#5758,#5759,
    #5760,#5761,#5762,#5763,#5764,#5765,#5766,#5767,#5768,#5769,#5770,
    #5771,#5772,#5773,#5774,#5775,#5776,#5777,#5778,#5779,#5780,#5781,
    #5782,#5783,#5784,#5785,#5786,#5787,#5788,#5789,#5790,#5791,#5792,
    #5793,#5794,#5795,#5796,#5797,#5798,#5799,#5800,#5801,#5802,#5803,
    #5804,#5805,#5806,#5807,#5808,#5809,#5810,#5811,#5812,#5813,#5814,
    #5815,#5816,#5817,#5818,#5819,#5820,#5821,#5822,#5823,#5824,#5825,
    #5826,#5827,#5828),.UNSPECIFIED.,.F.,.F.,(6,4,4,4,4,4,4,4,4,4,4,4,4,
    4,4,4,4,4,6),(0.,6.472449502211E-02,0.141211419426,0.172316671628,
    0.199603692141,0.248968698904,0.300835334057,0.356892718397,
    0.434500543849,0.499444137227,0.564571068431,0.641121371159,
    0.672252397685,0.699562028672,0.748967940091,0.800877552792,
    0.856981387203,0.934653519776,1.),.UNSPECIFIED.);
#5755 = CARTESIAN_POINT('',(-1.244277135911,-2.5));
#5756 = CARTESIAN_POINT('',(-1.244277135911,-2.558256114439));
#5757 = CARTESIAN_POINT('',(-1.241226495938,-2.616490153899));
#5758 = CARTESIAN_POINT('',(-1.235128918096,-2.674076554979));
#5759 = CARTESIAN_POINT('',(-1.226062178465,-2.730371755109));
#5760 = CARTESIAN_POINT('',(-1.200128314187,-2.848925728969));
#5761 = CARTESIAN_POINT('',(-1.182136271499,-2.910438226326));
#5762 = CARTESIAN_POINT('',(-1.160417874979,-2.968242494108));
#5763 = CARTESIAN_POINT('',(-1.135269518713,-3.021281042029));
#5764 = CARTESIAN_POINT('',(-1.095553604779,-3.087578789818));
#5765 = CARTESIAN_POINT('',(-1.083561258331,-3.105768757187));
#5766 = CARTESIAN_POINT('',(-1.071087352173,-3.122896288557));
#5767 = CARTESIAN_POINT('',(-1.058162370869,-3.138879307255));
#5768 = CARTESIAN_POINT('',(-1.033112612446,-3.166587223274));
#5769 = CARTESIAN_POINT('',(-1.02108413642,-3.178594132737));
#5770 = CARTESIAN_POINT('',(-1.008761448844,-3.189599432984));
#5771 = CARTESIAN_POINT('',(-0.996173946813,-3.199549662142));
#5772 = CARTESIAN_POINT('',(-0.960155917375,-3.224406553013));
#5773 = CARTESIAN_POINT('',(-0.936178239377,-3.236819323813));
#5774 = CARTESIAN_POINT('',(-0.911661693052,-3.245307952826));
#5775 = CARTESIAN_POINT('',(-0.886860907713,-3.249702997513));
#5776 = CARTESIAN_POINT('',(-0.835940698731,-3.250286784431));
#5777 = CARTESIAN_POINT('',(-0.809854290598,-3.246047952524));
#5778 = CARTESIAN_POINT('',(-0.78406590148,-3.237277458411));
#5779 = CARTESIAN_POINT('',(-0.758871829204,-3.224168093829));
#5780 = CARTESIAN_POINT('',(-0.708270389714,-3.188668428288));
#5781 = CARTESIAN_POINT('',(-0.683017523064,-3.165618865437));
#5782 = CARTESIAN_POINT('',(-0.659021732429,-3.13836596453));
#5783 = CARTESIAN_POINT('',(-0.636498826784,-3.107384131045));
#5784 = CARTESIAN_POINT('',(-0.586758487106,-3.025941790343));
#5785 = CARTESIAN_POINT('',(-0.561027649076,-2.972510476038));
#5786 = CARTESIAN_POINT('',(-0.538807073194,-2.914127220893));
#5787 = CARTESIAN_POINT('',(-0.520407903731,-2.85189618239));
#5788 = CARTESIAN_POINT('',(-0.494052160507,-2.732451933118));
#5789 = CARTESIAN_POINT('',(-0.484876192685,-2.67605445931));
#5790 = CARTESIAN_POINT('',(-0.478682491804,-2.618345666823));
#5791 = CARTESIAN_POINT('',(-0.475550365104,-2.559973831149));
#5792 = CARTESIAN_POINT('',(-0.475418392673,-2.442998923952));
#5793 = CARTESIAN_POINT('',(-0.478435931214,-2.384440693861));
#5794 = CARTESIAN_POINT('',(-0.484534197267,-2.326529962558));
#5795 = CARTESIAN_POINT('',(-0.493634538518,-2.269920840994));
#5796 = CARTESIAN_POINT('',(-0.519632408645,-2.151074271031));
#5797 = CARTESIAN_POINT('',(-0.537624451332,-2.089561773673));
#5798 = CARTESIAN_POINT('',(-0.559342847852,-2.031757505892));
#5799 = CARTESIAN_POINT('',(-0.584491204119,-1.978718957971));
#5800 = CARTESIAN_POINT('',(-0.624207118052,-1.912421210182));
#5801 = CARTESIAN_POINT('',(-0.6361994645,-1.894231242813));
#5802 = CARTESIAN_POINT('',(-0.648673370658,-1.877103711443));
#5803 = CARTESIAN_POINT('',(-0.661598351963,-1.861120692746));
#5804 = CARTESIAN_POINT('',(-0.686648110385,-1.833412776726));
#5805 = CARTESIAN_POINT('',(-0.698676586411,-1.821405867263));
#5806 = CARTESIAN_POINT('',(-0.710999273988,-1.810400567016));
#5807 = CARTESIAN_POINT('',(-0.723586776018,-1.800450337858));
#5808 = CARTESIAN_POINT('',(-0.759604805456,-1.775593446987));
#5809 = CARTESIAN_POINT('',(-0.783582483454,-1.763180676187));
#5810 = CARTESIAN_POINT('',(-0.80809902978,-1.754692047174));
#5811 = CARTESIAN_POINT('',(-0.832899815118,-1.750297002487));
#5812 = CARTESIAN_POINT('',(-0.8838200241,-1.749713215569));
#5813 = CARTESIAN_POINT('',(-0.909906432233,-1.753952047476));
#5814 = CARTESIAN_POINT('',(-0.935694821351,-1.762722541589));
#5815 = CARTESIAN_POINT('',(-0.960888893627,-1.775831906171));
#5816 = CARTESIAN_POINT('',(-1.011490333117,-1.811331571712));
#5817 = CARTESIAN_POINT('',(-1.036743199768,-1.834381134563));
#5818 = CARTESIAN_POINT('',(-1.060738990402,-1.86163403547));
#5819 = CARTESIAN_POINT('',(-1.083261896048,-1.892615868955));
#5820 = CARTESIAN_POINT('',(-1.133002235726,-1.974058209657));
#5821 = CARTESIAN_POINT('',(-1.158733073755,-2.027489523962));
#5822 = CARTESIAN_POINT('',(-1.180953649637,-2.085872779107));
#5823 = CARTESIAN_POINT('',(-1.199352819101,-2.14810381761));
#5824 = CARTESIAN_POINT('',(-1.225773047652,-2.267840314437));
#5825 = CARTESIAN_POINT('',(-1.234983062946,-2.324551604479));
#5826 = CARTESIAN_POINT('',(-1.241177827775,-2.38258479756));
#5827 = CARTESIAN_POINT('',(-1.244277135911,-2.441280994619));
#5828 = CARTESIAN_POINT('',(-1.244277135911,-2.5));
#5829 = ( GEOMETRIC_REPRESENTATION_CONTEXT(2) 
PARAMETRIC_REPRESENTATION_CONTEXT() REPRESENTATION_CONTEXT('2D SPACE',''
  ) );
#5830 = PCURVE('',#5588,#5831);
#5831 = DEFINITIONAL_REPRESENTATION('',(#5832),#5907);
#5832 = B_SPLINE_CURVE_WITH_KNOTS('',5,(#5833,#5834,#5835,#5836,#5837,
    #5838,#5839,#5840,#5841,#5842,#5843,#5844,#5845,#5846,#5847,#5848,
    #5849,#5850,#5851,#5852,#5853,#5854,#5855,#5856,#5857,#5858,#5859,
    #5860,#5861,#5862,#5863,#5864,#5865,#5866,#5867,#5868,#5869,#5870,
    #5871,#5872,#5873,#5874,#5875,#5876,#5877,#5878,#5879,#5880,#5881,
    #5882,#5883,#5884,#5885,#5886,#5887,#5888,#5889,#5890,#5891,#5892,
    #5893,#5894,#5895,#5896,#5897,#5898,#5899,#5900,#5901,#5902,#5903,
    #5904,#5905,#5906),.UNSPECIFIED.,.F.,.F.,(6,4,4,4,4,4,4,4,4,4,4,4,4,
    4,4,4,4,4,6),(0.,6.472449502211E-02,0.141211419426,0.172316671628,
    0.199603692141,0.248968698904,0.300835334057,0.356892718397,
    0.434500543849,0.499444137227,0.564571068431,0.641121371159,
    0.672252397685,0.699562028672,0.748967940091,0.800877552792,
    0.856981387203,0.934653519776,1.),.UNSPECIFIED.);
#5833 = CARTESIAN_POINT('',(0.,4.054049621774));
#5834 = CARTESIAN_POINT('',(7.767481925217E-02,4.054049621774));
#5835 = CARTESIAN_POINT('',(0.155320429701,4.056337212435));
#5836 = CARTESIAN_POINT('',(0.233077658706,4.060912114254));
#5837 = CARTESIAN_POINT('',(0.311065152459,4.067534845523));
#5838 = CARTESIAN_POINT('',(0.481927053504,4.0855292764));
#5839 = CARTESIAN_POINT('',(0.574973276609,4.097550162096));
#5840 = CARTESIAN_POINT('',(0.668812554097,4.111172340823));
#5841 = CARTESIAN_POINT('',(0.763736915014,4.125409944043));
#5842 = CARTESIAN_POINT('',(0.899233864667,4.144842674092));
#5843 = CARTESIAN_POINT('',(0.938638157795,4.150391077095));
#5844 = CARTESIAN_POINT('',(0.978277263837,4.15579655575));
#5845 = CARTESIAN_POINT('',(1.018158092669,4.160987761132));
#5846 = CARTESIAN_POINT('',(1.093498133164,4.170200347137));
#5847 = CARTESIAN_POINT('',(1.128899614064,4.174287475888));
#5848 = CARTESIAN_POINT('',(1.164483250896,4.17810734635));
#5849 = CARTESIAN_POINT('',(1.200239952233,4.181615857044));
#5850 = CARTESIAN_POINT('',(1.301154432326,4.190487688186));
#5851 = CARTESIAN_POINT('',(1.366732353339,4.195059100639));
#5852 = CARTESIAN_POINT('',(1.432683687836,4.198240804951));
#5853 = CARTESIAN_POINT('',(1.49884724142,4.199888625607));
#5854 = CARTESIAN_POINT('',(1.634636382624,4.20010754261));
#5855 = CARTESIAN_POINT('',(1.704171565722,4.198518394182));
#5856 = CARTESIAN_POINT('',(1.77348393198,4.195225182021));
#5857 = CARTESIAN_POINT('',(1.842387433112,4.190393258811));
#5858 = CARTESIAN_POINT('',(1.98438724503,4.177743001367));
#5859 = CARTESIAN_POINT('',(2.057352358547,4.16971647867));
#5860 = CARTESIAN_POINT('',(2.1295598889,4.160568281845));
#5861 = CARTESIAN_POINT('',(2.201008526269,4.150730798983));
#5862 = CARTESIAN_POINT('',(2.369402482859,4.126674296168));
#5863 = CARTESIAN_POINT('',(2.465716406324,4.112206170269));
#5864 = CARTESIAN_POINT('',(2.560901809355,4.098321217695));
#5865 = CARTESIAN_POINT('',(2.655262301975,4.086054392457));
#5866 = CARTESIAN_POINT('',(2.827628145047,4.067790669743));
#5867 = CARTESIAN_POINT('',(2.905822238985,4.061093502569));
#5868 = CARTESIAN_POINT('',(2.983782002854,4.056448391267));
#5869 = CARTESIAN_POINT('',(3.061627373499,4.054099705303));
#5870 = CARTESIAN_POINT('',(3.217594257642,4.054000726196));
#5871 = CARTESIAN_POINT('',(3.295656353502,4.056263462472));
#5872 = CARTESIAN_POINT('',(3.373830165753,4.060840797581));
#5873 = CARTESIAN_POINT('',(3.452236111822,4.067490434525));
#5874 = CARTESIAN_POINT('',(3.623519707094,4.0855292764));
#5875 = CARTESIAN_POINT('',(3.716565930199,4.097550162096));
#5876 = CARTESIAN_POINT('',(3.810405207687,4.111172340823));
#5877 = CARTESIAN_POINT('',(3.905329568603,4.125409944043));
#5878 = CARTESIAN_POINT('',(4.040826518257,4.144842674092));
#5879 = CARTESIAN_POINT('',(4.080230811384,4.150391077095));
#5880 = CARTESIAN_POINT('',(4.119869917427,4.15579655575));
#5881 = CARTESIAN_POINT('',(4.159750746258,4.160987761132));
#5882 = CARTESIAN_POINT('',(4.235090786754,4.170200347137));
#5883 = CARTESIAN_POINT('',(4.270492267654,4.174287475888));
#5884 = CARTESIAN_POINT('',(4.306075904486,4.17810734635));
#5885 = CARTESIAN_POINT('',(4.341832605823,4.181615857044));
#5886 = CARTESIAN_POINT('',(4.442747085915,4.190487688186));
#5887 = CARTESIAN_POINT('',(4.508325006929,4.195059100639));
#5888 = CARTESIAN_POINT('',(4.574276341426,4.198240804951));
#5889 = CARTESIAN_POINT('',(4.64043989501,4.199888625607));
#5890 = CARTESIAN_POINT('',(4.776229036213,4.20010754261));
#5891 = CARTESIAN_POINT('',(4.845764219312,4.198518394182));
#5892 = CARTESIAN_POINT('',(4.91507658557,4.195225182021));
#5893 = CARTESIAN_POINT('',(4.983980086701,4.190393258811));
#5894 = CARTESIAN_POINT('',(5.12597989862,4.177743001367));
#5895 = CARTESIAN_POINT('',(5.198945012137,4.16971647867));
#5896 = CARTESIAN_POINT('',(5.27115254249,4.160568281845));
#5897 = CARTESIAN_POINT('',(5.342601179859,4.150730798983));
#5898 = CARTESIAN_POINT('',(5.510995136449,4.126674296168));
#5899 = CARTESIAN_POINT('',(5.607309059914,4.112206170269));
#5900 = CARTESIAN_POINT('',(5.702494462945,4.098321217695));
#5901 = CARTESIAN_POINT('',(5.796854955564,4.086054392457));
#5902 = CARTESIAN_POINT('',(5.969642530923,4.067745983386));
#5903 = CARTESIAN_POINT('',(6.048255108942,4.061021567356));
#5904 = CARTESIAN_POINT('',(6.126631467584,4.056373695626));
#5905 = CARTESIAN_POINT('',(6.204893300005,4.054049621774));
#5906 = CARTESIAN_POINT('',(6.28318530718,4.054049621774));
#5907 = ( GEOMETRIC_REPRESENTATION_CONTEXT(2) 
PARAMETRIC_REPRESENTATION_CONTEXT() REPRESENTATION_CONTEXT('2D SPACE',''
  ) );
#5908 = ADVANCED_FACE('',(#5909),#1750,.T.);
#5909 = FACE_BOUND('',#5910,.T.);
#5910 = EDGE_LOOP('',(#5911,#5912,#5935,#5962));
#5911 = ORIENTED_EDGE('',*,*,#1729,.F.);
#5912 = ORIENTED_EDGE('',*,*,#5913,.T.);
#5913 = EDGE_CURVE('',#1730,#5914,#5916,.T.);
#5914 = VERTEX_POINT('',#5915);
#5915 = CARTESIAN_POINT('',(70.2,12.,10.));
#5916 = SEAM_CURVE('',#5917,(#5921,#5928),.PCURVE_S1.);
#5917 = LINE('',#5918,#5919);
#5918 = CARTESIAN_POINT('',(70.2,10.5,10.));
#5919 = VECTOR('',#5920,1.);
#5920 = DIRECTION('',(-0.,1.,-0.));
#5921 = PCURVE('',#1750,#5922);
#5922 = DEFINITIONAL_REPRESENTATION('',(#5923),#5927);
#5923 = LINE('',#5924,#5925);
#5924 = CARTESIAN_POINT('',(6.28318530718,0.));
#5925 = VECTOR('',#5926,1.);
#5926 = DIRECTION('',(0.,-1.));
#5927 = ( GEOMETRIC_REPRESENTATION_CONTEXT(2) 
PARAMETRIC_REPRESENTATION_CONTEXT() REPRESENTATION_CONTEXT('2D SPACE',''
  ) );
#5928 = PCURVE('',#1750,#5929);
#5929 = DEFINITIONAL_REPRESENTATION('',(#5930),#5934);
#5930 = LINE('',#5931,#5932);
#5931 = CARTESIAN_POINT('',(0.,0.));
#5932 = VECTOR('',#5933,1.);
#5933 = DIRECTION('',(0.,-1.));
#5934 = ( GEOMETRIC_REPRESENTATION_CONTEXT(2) 
PARAMETRIC_REPRESENTATION_CONTEXT() REPRESENTATION_CONTEXT('2D SPACE',''
  ) );
#5935 = ORIENTED_EDGE('',*,*,#5936,.T.);
#5936 = EDGE_CURVE('',#5914,#5914,#5937,.T.);
#5937 = SURFACE_CURVE('',#5938,(#5943,#5950),.PCURVE_S1.);
#5938 = CIRCLE('',#5939,3.);
#5939 = AXIS2_PLACEMENT_3D('',#5940,#5941,#5942);
#5940 = CARTESIAN_POINT('',(67.2,12.,10.));
#5941 = DIRECTION('',(0.,-1.,0.));
#5942 = DIRECTION('',(1.,0.,0.));
#5943 = PCURVE('',#1750,#5944);
#5944 = DEFINITIONAL_REPRESENTATION('',(#5945),#5949);
#5945 = LINE('',#5946,#5947);
#5946 = CARTESIAN_POINT('',(0.,-1.5));
#5947 = VECTOR('',#5948,1.);
#5948 = DIRECTION('',(1.,0.));
#5949 = ( GEOMETRIC_REPRESENTATION_CONTEXT(2) 
PARAMETRIC_REPRESENTATION_CONTEXT() REPRESENTATION_CONTEXT('2D SPACE',''
  ) );
#5950 = PCURVE('',#5951,#5956);
#5951 = PLANE('',#5952);
#5952 = AXIS2_PLACEMENT_3D('',#5953,#5954,#5955);
#5953 = CARTESIAN_POINT('',(67.2,12.,10.));
#5954 = DIRECTION('',(-0.,-1.,-0.));
#5955 = DIRECTION('',(0.,0.,-1.));
#5956 = DEFINITIONAL_REPRESENTATION('',(#5957),#5961);
#5957 = CIRCLE('',#5958,3.);
#5958 = AXIS2_PLACEMENT_2D('',#5959,#5960);
#5959 = CARTESIAN_POINT('',(0.,0.));
#5960 = DIRECTION('',(0.,1.));
#5961 = ( GEOMETRIC_REPRESENTATION_CONTEXT(2) 
PARAMETRIC_REPRESENTATION_CONTEXT() REPRESENTATION_CONTEXT('2D SPACE',''
  ) );
#5962 = ORIENTED_EDGE('',*,*,#5913,.F.);
#5963 = ADVANCED_FACE('',(#5964),#1781,.F.);
#5964 = FACE_BOUND('',#5965,.T.);
#5965 = EDGE_LOOP('',(#5966,#5989,#5990,#5991));
#5966 = ORIENTED_EDGE('',*,*,#5967,.T.);
#5967 = EDGE_CURVE('',#5968,#1765,#5970,.T.);
#5968 = VERTEX_POINT('',#5969);
#5969 = CARTESIAN_POINT('',(72.739896798926,9.,41.));
#5970 = SEAM_CURVE('',#5971,(#5975,#5982),.PCURVE_S1.);
#5971 = LINE('',#5972,#5973);
#5972 = CARTESIAN_POINT('',(72.739896798926,9.,41.));
#5973 = VECTOR('',#5974,1.);
#5974 = DIRECTION('',(0.,1.,1.110223024625E-16));
#5975 = PCURVE('',#1781,#5976);
#5976 = DEFINITIONAL_REPRESENTATION('',(#5977),#5981);
#5977 = LINE('',#5978,#5979);
#5978 = CARTESIAN_POINT('',(-0.,0.));
#5979 = VECTOR('',#5980,1.);
#5980 = DIRECTION('',(-0.,-1.));
#5981 = ( GEOMETRIC_REPRESENTATION_CONTEXT(2) 
PARAMETRIC_REPRESENTATION_CONTEXT() REPRESENTATION_CONTEXT('2D SPACE',''
  ) );
#5982 = PCURVE('',#1781,#5983);
#5983 = DEFINITIONAL_REPRESENTATION('',(#5984),#5988);
#5984 = LINE('',#5985,#5986);
#5985 = CARTESIAN_POINT('',(-6.28318530718,0.));
#5986 = VECTOR('',#5987,1.);
#5987 = DIRECTION('',(-0.,-1.));
#5988 = ( GEOMETRIC_REPRESENTATION_CONTEXT(2) 
PARAMETRIC_REPRESENTATION_CONTEXT() REPRESENTATION_CONTEXT('2D SPACE',''
  ) );
#5989 = ORIENTED_EDGE('',*,*,#1764,.T.);
#5990 = ORIENTED_EDGE('',*,*,#5967,.F.);
#5991 = ORIENTED_EDGE('',*,*,#5992,.F.);
#5992 = EDGE_CURVE('',#5968,#5968,#5993,.T.);
#5993 = SURFACE_CURVE('',#5994,(#5999,#6006),.PCURVE_S1.);
#5994 = CIRCLE('',#5995,2.05);
#5995 = AXIS2_PLACEMENT_3D('',#5996,#5997,#5998);
#5996 = CARTESIAN_POINT('',(70.689896798926,9.,41.));
#5997 = DIRECTION('',(-0.,1.,1.110223024625E-16));
#5998 = DIRECTION('',(1.,0.,0.));
#5999 = PCURVE('',#1781,#6000);
#6000 = DEFINITIONAL_REPRESENTATION('',(#6001),#6005);
#6001 = LINE('',#6002,#6003);
#6002 = CARTESIAN_POINT('',(-0.,0.));
#6003 = VECTOR('',#6004,1.);
#6004 = DIRECTION('',(-1.,0.));
#6005 = ( GEOMETRIC_REPRESENTATION_CONTEXT(2) 
PARAMETRIC_REPRESENTATION_CONTEXT() REPRESENTATION_CONTEXT('2D SPACE',''
  ) );
#6006 = PCURVE('',#6007,#6012);
#6007 = PLANE('',#6008);
#6008 = AXIS2_PLACEMENT_3D('',#6009,#6010,#6011);
#6009 = CARTESIAN_POINT('',(70.689896798926,9.,41.));
#6010 = DIRECTION('',(0.,1.,1.110223024625E-16));
#6011 = DIRECTION('',(1.,0.,0.));
#6012 = DEFINITIONAL_REPRESENTATION('',(#6013),#6017);
#6013 = CIRCLE('',#6014,2.05);
#6014 = AXIS2_PLACEMENT_2D('',#6015,#6016);
#6015 = CARTESIAN_POINT('',(0.,0.));
#6016 = DIRECTION('',(1.,0.));
#6017 = ( GEOMETRIC_REPRESENTATION_CONTEXT(2) 
PARAMETRIC_REPRESENTATION_CONTEXT() REPRESENTATION_CONTEXT('2D SPACE',''
  ) );
#6018 = ADVANCED_FACE('',(#6019),#1839,.F.);
#6019 = FACE_BOUND('',#6020,.T.);
#6020 = EDGE_LOOP('',(#6021,#6022,#6045,#6076));
#6021 = ORIENTED_EDGE('',*,*,#1822,.F.);
#6022 = ORIENTED_EDGE('',*,*,#6023,.T.);
#6023 = EDGE_CURVE('',#1823,#6024,#6026,.T.);
#6024 = VERTEX_POINT('',#6025);
#6025 = CARTESIAN_POINT('',(-63.1,0.,3.));
#6026 = SEAM_CURVE('',#6027,(#6031,#6038),.PCURVE_S1.);
#6027 = LINE('',#6028,#6029);
#6028 = CARTESIAN_POINT('',(-63.1,0.,1.3));
#6029 = VECTOR('',#6030,1.);
#6030 = DIRECTION('',(0.,0.,1.));
#6031 = PCURVE('',#1839,#6032);
#6032 = DEFINITIONAL_REPRESENTATION('',(#6033),#6037);
#6033 = LINE('',#6034,#6035);
#6034 = CARTESIAN_POINT('',(-6.28318530718,0.));
#6035 = VECTOR('',#6036,1.);
#6036 = DIRECTION('',(-0.,-1.));
#6037 = ( GEOMETRIC_REPRESENTATION_CONTEXT(2) 
PARAMETRIC_REPRESENTATION_CONTEXT() REPRESENTATION_CONTEXT('2D SPACE',''
  ) );
#6038 = PCURVE('',#1839,#6039);
#6039 = DEFINITIONAL_REPRESENTATION('',(#6040),#6044);
#6040 = LINE('',#6041,#6042);
#6041 = CARTESIAN_POINT('',(-0.,0.));
#6042 = VECTOR('',#6043,1.);
#6043 = DIRECTION('',(-0.,-1.));
#6044 = ( GEOMETRIC_REPRESENTATION_CONTEXT(2) 
PARAMETRIC_REPRESENTATION_CONTEXT() REPRESENTATION_CONTEXT('2D SPACE',''
  ) );
#6045 = ORIENTED_EDGE('',*,*,#6046,.F.);
#6046 = EDGE_CURVE('',#6024,#6024,#6047,.T.);
#6047 = SURFACE_CURVE('',#6048,(#6053,#6060),.PCURVE_S1.);
#6048 = CIRCLE('',#6049,1.1);
#6049 = AXIS2_PLACEMENT_3D('',#6050,#6051,#6052);
#6050 = CARTESIAN_POINT('',(-64.2,0.,3.));
#6051 = DIRECTION('',(0.,0.,-1.));
#6052 = DIRECTION('',(1.,0.,0.));
#6053 = PCURVE('',#1839,#6054);
#6054 = DEFINITIONAL_REPRESENTATION('',(#6055),#6059);
#6055 = LINE('',#6056,#6057);
#6056 = CARTESIAN_POINT('',(-6.28318530718,-1.7));
#6057 = VECTOR('',#6058,1.);
#6058 = DIRECTION('',(1.,-0.));
#6059 = ( GEOMETRIC_REPRESENTATION_CONTEXT(2) 
PARAMETRIC_REPRESENTATION_CONTEXT() REPRESENTATION_CONTEXT('2D SPACE',''
  ) );
#6060 = PCURVE('',#6061,#6066);
#6061 = PLANE('',#6062);
#6062 = AXIS2_PLACEMENT_3D('',#6063,#6064,#6065);
#6063 = CARTESIAN_POINT('',(-73.13989679892,-9.3,3.));
#6064 = DIRECTION('',(0.,0.,1.));
#6065 = DIRECTION('',(1.,0.,0.));
#6066 = DEFINITIONAL_REPRESENTATION('',(#6067),#6075);
#6067 = ( BOUNDED_CURVE() B_SPLINE_CURVE(2,(#6068,#6069,#6070,#6071,
#6072,#6073,#6074),.UNSPECIFIED.,.T.,.F.) B_SPLINE_CURVE_WITH_KNOTS((1,2
    ,2,2,2,1),(-2.094395102393,0.,2.094395102393,4.188790204786,
6.28318530718,8.377580409573),.UNSPECIFIED.) CURVE() 
GEOMETRIC_REPRESENTATION_ITEM() RATIONAL_B_SPLINE_CURVE((1.,0.5,1.,0.5,
1.,0.5,1.)) REPRESENTATION_ITEM('') );
#6068 = CARTESIAN_POINT('',(10.039896798926,9.3));
#6069 = CARTESIAN_POINT('',(10.039896798926,7.394744111674));
#6070 = CARTESIAN_POINT('',(8.389896798926,8.347372055837));
#6071 = CARTESIAN_POINT('',(6.739896798926,9.3));
#6072 = CARTESIAN_POINT('',(8.389896798926,10.252627944163));
#6073 = CARTESIAN_POINT('',(10.039896798926,11.205255888326));
#6074 = CARTESIAN_POINT('',(10.039896798926,9.3));
#6075 = ( GEOMETRIC_REPRESENTATION_CONTEXT(2) 
PARAMETRIC_REPRESENTATION_CONTEXT() REPRESENTATION_CONTEXT('2D SPACE',''
  ) );
#6076 = ORIENTED_EDGE('',*,*,#6023,.F.);
#6077 = ADVANCED_FACE('',(#6078),#1968,.T.);
#6078 = FACE_BOUND('',#6079,.T.);
#6079 = EDGE_LOOP('',(#6080,#6103,#6131,#6152,#6153,#6154,#6155,#6156));
#6080 = ORIENTED_EDGE('',*,*,#6081,.F.);
#6081 = EDGE_CURVE('',#6082,#1933,#6084,.T.);
#6082 = VERTEX_POINT('',#6083);
#6083 = CARTESIAN_POINT('',(-73.13989679892,-9.3,3.));
#6084 = SURFACE_CURVE('',#6085,(#6089,#6096),.PCURVE_S1.);
#6085 = LINE('',#6086,#6087);
#6086 = CARTESIAN_POINT('',(-73.13989679892,-9.3,3.));
#6087 = VECTOR('',#6088,1.);
#6088 = DIRECTION('',(1.,0.,0.));
#6089 = PCURVE('',#1968,#6090);
#6090 = DEFINITIONAL_REPRESENTATION('',(#6091),#6095);
#6091 = LINE('',#6092,#6093);
#6092 = CARTESIAN_POINT('',(0.,0.));
#6093 = VECTOR('',#6094,1.);
#6094 = DIRECTION('',(0.,1.));
#6095 = ( GEOMETRIC_REPRESENTATION_CONTEXT(2) 
PARAMETRIC_REPRESENTATION_CONTEXT() REPRESENTATION_CONTEXT('2D SPACE',''
  ) );
#6096 = PCURVE('',#1921,#6097);
#6097 = DEFINITIONAL_REPRESENTATION('',(#6098),#6102);
#6098 = LINE('',#6099,#6100);
#6099 = CARTESIAN_POINT('',(0.,0.));
#6100 = VECTOR('',#6101,1.);
#6101 = DIRECTION('',(1.,0.));
#6102 = ( GEOMETRIC_REPRESENTATION_CONTEXT(2) 
PARAMETRIC_REPRESENTATION_CONTEXT() REPRESENTATION_CONTEXT('2D SPACE',''
  ) );
#6103 = ORIENTED_EDGE('',*,*,#6104,.T.);
#6104 = EDGE_CURVE('',#6082,#6105,#6107,.T.);
#6105 = VERTEX_POINT('',#6106);
#6106 = CARTESIAN_POINT('',(-73.13989679892,-9.3,12.3));
#6107 = SURFACE_CURVE('',#6108,(#6112,#6119),.PCURVE_S1.);
#6108 = LINE('',#6109,#6110);
#6109 = CARTESIAN_POINT('',(-73.13989679892,-9.3,3.));
#6110 = VECTOR('',#6111,1.);
#6111 = DIRECTION('',(0.,0.,1.));
#6112 = PCURVE('',#1968,#6113);
#6113 = DEFINITIONAL_REPRESENTATION('',(#6114),#6118);
#6114 = LINE('',#6115,#6116);
#6115 = CARTESIAN_POINT('',(0.,0.));
#6116 = VECTOR('',#6117,1.);
#6117 = DIRECTION('',(1.,0.));
#6118 = ( GEOMETRIC_REPRESENTATION_CONTEXT(2) 
PARAMETRIC_REPRESENTATION_CONTEXT() REPRESENTATION_CONTEXT('2D SPACE',''
  ) );
#6119 = PCURVE('',#6120,#6125);
#6120 = PLANE('',#6121);
#6121 = AXIS2_PLACEMENT_3D('',#6122,#6123,#6124);
#6122 = CARTESIAN_POINT('',(-73.13989679892,-9.3,3.));
#6123 = DIRECTION('',(1.,0.,0.));
#6124 = DIRECTION('',(0.,0.,1.));
#6125 = DEFINITIONAL_REPRESENTATION('',(#6126),#6130);
#6126 = LINE('',#6127,#6128);
#6127 = CARTESIAN_POINT('',(0.,0.));
#6128 = VECTOR('',#6129,1.);
#6129 = DIRECTION('',(1.,0.));
#6130 = ( GEOMETRIC_REPRESENTATION_CONTEXT(2) 
PARAMETRIC_REPRESENTATION_CONTEXT() REPRESENTATION_CONTEXT('2D SPACE',''
  ) );
#6131 = ORIENTED_EDGE('',*,*,#6132,.T.);
#6132 = EDGE_CURVE('',#6105,#3003,#6133,.T.);
#6133 = SURFACE_CURVE('',#6134,(#6138,#6145),.PCURVE_S1.);
#6134 = LINE('',#6135,#6136);
#6135 = CARTESIAN_POINT('',(-73.13989679892,-9.3,12.3));
#6136 = VECTOR('',#6137,1.);
#6137 = DIRECTION('',(1.,0.,0.));
#6138 = PCURVE('',#1968,#6139);
#6139 = DEFINITIONAL_REPRESENTATION('',(#6140),#6144);
#6140 = LINE('',#6141,#6142);
#6141 = CARTESIAN_POINT('',(9.3,0.));
#6142 = VECTOR('',#6143,1.);
#6143 = DIRECTION('',(0.,1.));
#6144 = ( GEOMETRIC_REPRESENTATION_CONTEXT(2) 
PARAMETRIC_REPRESENTATION_CONTEXT() REPRESENTATION_CONTEXT('2D SPACE',''
  ) );
#6145 = PCURVE('',#2738,#6146);
#6146 = DEFINITIONAL_REPRESENTATION('',(#6147),#6151);
#6147 = LINE('',#6148,#6149);
#6148 = CARTESIAN_POINT('',(0.,0.));
#6149 = VECTOR('',#6150,1.);
#6150 = DIRECTION('',(1.,0.));
#6151 = ( GEOMETRIC_REPRESENTATION_CONTEXT(2) 
PARAMETRIC_REPRESENTATION_CONTEXT() REPRESENTATION_CONTEXT('2D SPACE',''
  ) );
#6152 = ORIENTED_EDGE('',*,*,#3023,.T.);
#6153 = ORIENTED_EDGE('',*,*,#2651,.T.);
#6154 = ORIENTED_EDGE('',*,*,#2342,.T.);
#6155 = ORIENTED_EDGE('',*,*,#2180,.T.);
#6156 = ORIENTED_EDGE('',*,*,#1953,.F.);
#6157 = ADVANCED_FACE('',(#6158,#6207),#1921,.T.);
#6158 = FACE_BOUND('',#6159,.T.);
#6159 = EDGE_LOOP('',(#6160,#6183,#6204,#6205,#6206));
#6160 = ORIENTED_EDGE('',*,*,#6161,.F.);
#6161 = EDGE_CURVE('',#6162,#1880,#6164,.T.);
#6162 = VERTEX_POINT('',#6163);
#6163 = CARTESIAN_POINT('',(-73.13989679892,9.3,3.));
#6164 = SURFACE_CURVE('',#6165,(#6169,#6176),.PCURVE_S1.);
#6165 = LINE('',#6166,#6167);
#6166 = CARTESIAN_POINT('',(-73.13989679892,9.3,3.));
#6167 = VECTOR('',#6168,1.);
#6168 = DIRECTION('',(1.,0.,0.));
#6169 = PCURVE('',#1921,#6170);
#6170 = DEFINITIONAL_REPRESENTATION('',(#6171),#6175);
#6171 = LINE('',#6172,#6173);
#6172 = CARTESIAN_POINT('',(0.,18.6));
#6173 = VECTOR('',#6174,1.);
#6174 = DIRECTION('',(1.,0.));
#6175 = ( GEOMETRIC_REPRESENTATION_CONTEXT(2) 
PARAMETRIC_REPRESENTATION_CONTEXT() REPRESENTATION_CONTEXT('2D SPACE',''
  ) );
#6176 = PCURVE('',#1894,#6177);
#6177 = DEFINITIONAL_REPRESENTATION('',(#6178),#6182);
#6178 = LINE('',#6179,#6180);
#6179 = CARTESIAN_POINT('',(0.,0.));
#6180 = VECTOR('',#6181,1.);
#6181 = DIRECTION('',(0.,1.));
#6182 = ( GEOMETRIC_REPRESENTATION_CONTEXT(2) 
PARAMETRIC_REPRESENTATION_CONTEXT() REPRESENTATION_CONTEXT('2D SPACE',''
  ) );
#6183 = ORIENTED_EDGE('',*,*,#6184,.F.);
#6184 = EDGE_CURVE('',#6082,#6162,#6185,.T.);
#6185 = SURFACE_CURVE('',#6186,(#6190,#6197),.PCURVE_S1.);
#6186 = LINE('',#6187,#6188);
#6187 = CARTESIAN_POINT('',(-73.13989679892,-9.3,3.));
#6188 = VECTOR('',#6189,1.);
#6189 = DIRECTION('',(0.,1.,0.));
#6190 = PCURVE('',#1921,#6191);
#6191 = DEFINITIONAL_REPRESENTATION('',(#6192),#6196);
#6192 = LINE('',#6193,#6194);
#6193 = CARTESIAN_POINT('',(0.,0.));
#6194 = VECTOR('',#6195,1.);
#6195 = DIRECTION('',(0.,1.));
#6196 = ( GEOMETRIC_REPRESENTATION_CONTEXT(2) 
PARAMETRIC_REPRESENTATION_CONTEXT() REPRESENTATION_CONTEXT('2D SPACE',''
  ) );
#6197 = PCURVE('',#6120,#6198);
#6198 = DEFINITIONAL_REPRESENTATION('',(#6199),#6203);
#6199 = LINE('',#6200,#6201);
#6200 = CARTESIAN_POINT('',(0.,0.));
#6201 = VECTOR('',#6202,1.);
#6202 = DIRECTION('',(0.,-1.));
#6203 = ( GEOMETRIC_REPRESENTATION_CONTEXT(2) 
PARAMETRIC_REPRESENTATION_CONTEXT() REPRESENTATION_CONTEXT('2D SPACE',''
  ) );
#6204 = ORIENTED_EDGE('',*,*,#6081,.T.);
#6205 = ORIENTED_EDGE('',*,*,#1932,.F.);
#6206 = ORIENTED_EDGE('',*,*,#1906,.F.);
#6207 = FACE_BOUND('',#6208,.T.);
#6208 = EDGE_LOOP('',(#6209,#6242,#6270,#6296,#6325));
#6209 = ORIENTED_EDGE('',*,*,#6210,.T.);
#6210 = EDGE_CURVE('',#6211,#1907,#6213,.T.);
#6211 = VERTEX_POINT('',#6212);
#6212 = CARTESIAN_POINT('',(-65.82634559672,-1.626345596729,3.));
#6213 = SURFACE_CURVE('',#6214,(#6219,#6230),.PCURVE_S1.);
#6214 = CIRCLE('',#6215,2.3);
#6215 = AXIS2_PLACEMENT_3D('',#6216,#6217,#6218);
#6216 = CARTESIAN_POINT('',(-64.2,0.,3.));
#6217 = DIRECTION('',(0.,0.,-1.));
#6218 = DIRECTION('',(1.,0.,0.));
#6219 = PCURVE('',#1921,#6220);
#6220 = DEFINITIONAL_REPRESENTATION('',(#6221),#6229);
#6221 = ( BOUNDED_CURVE() B_SPLINE_CURVE(2,(#6222,#6223,#6224,#6225,
#6226,#6227,#6228),.UNSPECIFIED.,.T.,.F.) B_SPLINE_CURVE_WITH_KNOTS((1,2
    ,2,2,2,1),(-2.094395102393,0.,2.094395102393,4.188790204786,
6.28318530718,8.377580409573),.UNSPECIFIED.) CURVE() 
GEOMETRIC_REPRESENTATION_ITEM() RATIONAL_B_SPLINE_CURVE((1.,0.5,1.,0.5,
1.,0.5,1.)) REPRESENTATION_ITEM('') );
#6222 = CARTESIAN_POINT('',(11.239896798926,9.3));
#6223 = CARTESIAN_POINT('',(11.239896798926,5.316283142592));
#6224 = CARTESIAN_POINT('',(7.789896798926,7.308141571296));
#6225 = CARTESIAN_POINT('',(4.339896798926,9.3));
#6226 = CARTESIAN_POINT('',(7.789896798926,11.291858428704));
#6227 = CARTESIAN_POINT('',(11.239896798926,13.283716857408));
#6228 = CARTESIAN_POINT('',(11.239896798926,9.3));
#6229 = ( GEOMETRIC_REPRESENTATION_CONTEXT(2) 
PARAMETRIC_REPRESENTATION_CONTEXT() REPRESENTATION_CONTEXT('2D SPACE',''
  ) );
#6230 = PCURVE('',#6231,#6236);
#6231 = CYLINDRICAL_SURFACE('',#6232,2.3);
#6232 = AXIS2_PLACEMENT_3D('',#6233,#6234,#6235);
#6233 = CARTESIAN_POINT('',(-64.2,0.,2.5));
#6234 = DIRECTION('',(-0.,-0.,-1.));
#6235 = DIRECTION('',(1.,0.,0.));
#6236 = DEFINITIONAL_REPRESENTATION('',(#6237),#6241);
#6237 = LINE('',#6238,#6239);
#6238 = CARTESIAN_POINT('',(-12.56637061435,-0.5));
#6239 = VECTOR('',#6240,1.);
#6240 = DIRECTION('',(1.,-0.));
#6241 = ( GEOMETRIC_REPRESENTATION_CONTEXT(2) 
PARAMETRIC_REPRESENTATION_CONTEXT() REPRESENTATION_CONTEXT('2D SPACE',''
  ) );
#6242 = ORIENTED_EDGE('',*,*,#6243,.T.);
#6243 = EDGE_CURVE('',#1907,#6244,#6246,.T.);
#6244 = VERTEX_POINT('',#6245);
#6245 = CARTESIAN_POINT('',(-62.57365440327,-1.626345596729,3.));
#6246 = SURFACE_CURVE('',#6247,(#6252,#6263),.PCURVE_S1.);
#6247 = CIRCLE('',#6248,2.3);
#6248 = AXIS2_PLACEMENT_3D('',#6249,#6250,#6251);
#6249 = CARTESIAN_POINT('',(-64.2,0.,3.));
#6250 = DIRECTION('',(0.,0.,-1.));
#6251 = DIRECTION('',(1.,0.,0.));
#6252 = PCURVE('',#1921,#6253);
#6253 = DEFINITIONAL_REPRESENTATION('',(#6254),#6262);
#6254 = ( BOUNDED_CURVE() B_SPLINE_CURVE(2,(#6255,#6256,#6257,#6258,
#6259,#6260,#6261),.UNSPECIFIED.,.T.,.F.) B_SPLINE_CURVE_WITH_KNOTS((1,2
    ,2,2,2,1),(-2.094395102393,0.,2.094395102393,4.188790204786,
6.28318530718,8.377580409573),.UNSPECIFIED.) CURVE() 
GEOMETRIC_REPRESENTATION_ITEM() RATIONAL_B_SPLINE_CURVE((1.,0.5,1.,0.5,
1.,0.5,1.)) REPRESENTATION_ITEM('') );
#6255 = CARTESIAN_POINT('',(11.239896798926,9.3));
#6256 = CARTESIAN_POINT('',(11.239896798926,5.316283142592));
#6257 = CARTESIAN_POINT('',(7.789896798926,7.308141571296));
#6258 = CARTESIAN_POINT('',(4.339896798926,9.3));
#6259 = CARTESIAN_POINT('',(7.789896798926,11.291858428704));
#6260 = CARTESIAN_POINT('',(11.239896798926,13.283716857408));
#6261 = CARTESIAN_POINT('',(11.239896798926,9.3));
#6262 = ( GEOMETRIC_REPRESENTATION_CONTEXT(2) 
PARAMETRIC_REPRESENTATION_CONTEXT() REPRESENTATION_CONTEXT('2D SPACE',''
  ) );
#6263 = PCURVE('',#6231,#6264);
#6264 = DEFINITIONAL_REPRESENTATION('',(#6265),#6269);
#6265 = LINE('',#6266,#6267);
#6266 = CARTESIAN_POINT('',(-12.56637061435,-0.5));
#6267 = VECTOR('',#6268,1.);
#6268 = DIRECTION('',(1.,-0.));
#6269 = ( GEOMETRIC_REPRESENTATION_CONTEXT(2) 
PARAMETRIC_REPRESENTATION_CONTEXT() REPRESENTATION_CONTEXT('2D SPACE',''
  ) );
#6270 = ORIENTED_EDGE('',*,*,#6271,.F.);
#6271 = EDGE_CURVE('',#6272,#6244,#6274,.T.);
#6272 = VERTEX_POINT('',#6273);
#6273 = CARTESIAN_POINT('',(-62.57365440327,-2.871410803072,3.));
#6274 = SURFACE_CURVE('',#6275,(#6279,#6285),.PCURVE_S1.);
#6275 = LINE('',#6276,#6277);
#6276 = CARTESIAN_POINT('',(-62.57365440327,-14.65,3.));
#6277 = VECTOR('',#6278,1.);
#6278 = DIRECTION('',(0.,1.,0.));
#6279 = PCURVE('',#1921,#6280);
#6280 = DEFINITIONAL_REPRESENTATION('',(#6281),#6284);
#6281 = B_SPLINE_CURVE_WITH_KNOTS('',1,(#6282,#6283),.UNSPECIFIED.,.F.,
  .F.,(2,2),(11.215615047785,13.023654403271),.PIECEWISE_BEZIER_KNOTS.);
#6282 = CARTESIAN_POINT('',(10.566242395655,5.865615047785));
#6283 = CARTESIAN_POINT('',(10.566242395655,7.673654403271));
#6284 = ( GEOMETRIC_REPRESENTATION_CONTEXT(2) 
PARAMETRIC_REPRESENTATION_CONTEXT() REPRESENTATION_CONTEXT('2D SPACE',''
  ) );
#6285 = PCURVE('',#6286,#6291);
#6286 = PLANE('',#6287);
#6287 = AXIS2_PLACEMENT_3D('',#6288,#6289,#6290);
#6288 = CARTESIAN_POINT('',(-62.57365440327,-20.,2.));
#6289 = DIRECTION('',(1.,0.,0.));
#6290 = DIRECTION('',(0.,0.,1.));
#6291 = DEFINITIONAL_REPRESENTATION('',(#6292),#6295);
#6292 = B_SPLINE_CURVE_WITH_KNOTS('',1,(#6293,#6294),.UNSPECIFIED.,.F.,
  .F.,(2,2),(11.215615047785,13.023654403271),.PIECEWISE_BEZIER_KNOTS.);
#6293 = CARTESIAN_POINT('',(1.,-16.56561504778));
#6294 = CARTESIAN_POINT('',(1.,-18.37365440327));
#6295 = ( GEOMETRIC_REPRESENTATION_CONTEXT(2) 
PARAMETRIC_REPRESENTATION_CONTEXT() REPRESENTATION_CONTEXT('2D SPACE',''
  ) );
#6296 = ORIENTED_EDGE('',*,*,#6297,.F.);
#6297 = EDGE_CURVE('',#6298,#6272,#6300,.T.);
#6298 = VERTEX_POINT('',#6299);
#6299 = CARTESIAN_POINT('',(-65.82634559672,-2.871410803072,3.));
#6300 = SURFACE_CURVE('',#6301,(#6306,#6313),.PCURVE_S1.);
#6301 = CIRCLE('',#6302,3.3);
#6302 = AXIS2_PLACEMENT_3D('',#6303,#6304,#6305);
#6303 = CARTESIAN_POINT('',(-64.2,0.,3.));
#6304 = DIRECTION('',(0.,0.,1.));
#6305 = DIRECTION('',(1.,0.,-0.));
#6306 = PCURVE('',#1921,#6307);
#6307 = DEFINITIONAL_REPRESENTATION('',(#6308),#6312);
#6308 = CIRCLE('',#6309,3.3);
#6309 = AXIS2_PLACEMENT_2D('',#6310,#6311);
#6310 = CARTESIAN_POINT('',(8.939896798926,9.3));
#6311 = DIRECTION('',(1.,0.));
#6312 = ( GEOMETRIC_REPRESENTATION_CONTEXT(2) 
PARAMETRIC_REPRESENTATION_CONTEXT() REPRESENTATION_CONTEXT('2D SPACE',''
  ) );
#6313 = PCURVE('',#6314,#6319);
#6314 = CONICAL_SURFACE('',#6315,3.8,0.785398163397);
#6315 = AXIS2_PLACEMENT_3D('',#6316,#6317,#6318);
#6316 = CARTESIAN_POINT('',(-64.2,0.,2.5));
#6317 = DIRECTION('',(-0.,-0.,-1.));
#6318 = DIRECTION('',(1.,0.,0.));
#6319 = DEFINITIONAL_REPRESENTATION('',(#6320),#6324);
#6320 = LINE('',#6321,#6322);
#6321 = CARTESIAN_POINT('',(-0.,-0.5));
#6322 = VECTOR('',#6323,1.);
#6323 = DIRECTION('',(-1.,-0.));
#6324 = ( GEOMETRIC_REPRESENTATION_CONTEXT(2) 
PARAMETRIC_REPRESENTATION_CONTEXT() REPRESENTATION_CONTEXT('2D SPACE',''
  ) );
#6325 = ORIENTED_EDGE('',*,*,#6326,.T.);
#6326 = EDGE_CURVE('',#6298,#6211,#6327,.T.);
#6327 = SURFACE_CURVE('',#6328,(#6332,#6338),.PCURVE_S1.);
#6328 = LINE('',#6329,#6330);
#6329 = CARTESIAN_POINT('',(-65.82634559672,-14.65,3.));
#6330 = VECTOR('',#6331,1.);
#6331 = DIRECTION('',(0.,1.,0.));
#6332 = PCURVE('',#1921,#6333);
#6333 = DEFINITIONAL_REPRESENTATION('',(#6334),#6337);
#6334 = B_SPLINE_CURVE_WITH_KNOTS('',1,(#6335,#6336),.UNSPECIFIED.,.F.,
  .F.,(2,2),(11.215615047785,13.023654403271),.PIECEWISE_BEZIER_KNOTS.);
#6335 = CARTESIAN_POINT('',(7.313551202197,5.865615047785));
#6336 = CARTESIAN_POINT('',(7.313551202197,7.673654403271));
#6337 = ( GEOMETRIC_REPRESENTATION_CONTEXT(2) 
PARAMETRIC_REPRESENTATION_CONTEXT() REPRESENTATION_CONTEXT('2D SPACE',''
  ) );
#6338 = PCURVE('',#6339,#6344);
#6339 = PLANE('',#6340);
#6340 = AXIS2_PLACEMENT_3D('',#6341,#6342,#6343);
#6341 = CARTESIAN_POINT('',(-65.82634559672,-20.,2.));
#6342 = DIRECTION('',(1.,0.,0.));
#6343 = DIRECTION('',(0.,0.,1.));
#6344 = DEFINITIONAL_REPRESENTATION('',(#6345),#6348);
#6345 = B_SPLINE_CURVE_WITH_KNOTS('',1,(#6346,#6347),.UNSPECIFIED.,.F.,
  .F.,(2,2),(11.215615047785,13.023654403271),.PIECEWISE_BEZIER_KNOTS.);
#6346 = CARTESIAN_POINT('',(1.,-16.56561504778));
#6347 = CARTESIAN_POINT('',(1.,-18.37365440327));
#6348 = ( GEOMETRIC_REPRESENTATION_CONTEXT(2) 
PARAMETRIC_REPRESENTATION_CONTEXT() REPRESENTATION_CONTEXT('2D SPACE',''
  ) );
#6349 = ADVANCED_FACE('',(#6350),#1894,.F.);
#6350 = FACE_BOUND('',#6351,.F.);
#6351 = EDGE_LOOP('',(#6352,#6353,#6376,#6397,#6398,#6399,#6400,#6401,
    #6402,#6403));
#6352 = ORIENTED_EDGE('',*,*,#6161,.F.);
#6353 = ORIENTED_EDGE('',*,*,#6354,.T.);
#6354 = EDGE_CURVE('',#6162,#6355,#6357,.T.);
#6355 = VERTEX_POINT('',#6356);
#6356 = CARTESIAN_POINT('',(-73.13989679892,9.3,12.3));
#6357 = SURFACE_CURVE('',#6358,(#6362,#6369),.PCURVE_S1.);
#6358 = LINE('',#6359,#6360);
#6359 = CARTESIAN_POINT('',(-73.13989679892,9.3,3.));
#6360 = VECTOR('',#6361,1.);
#6361 = DIRECTION('',(0.,0.,1.));
#6362 = PCURVE('',#1894,#6363);
#6363 = DEFINITIONAL_REPRESENTATION('',(#6364),#6368);
#6364 = LINE('',#6365,#6366);
#6365 = CARTESIAN_POINT('',(0.,0.));
#6366 = VECTOR('',#6367,1.);
#6367 = DIRECTION('',(1.,0.));
#6368 = ( GEOMETRIC_REPRESENTATION_CONTEXT(2) 
PARAMETRIC_REPRESENTATION_CONTEXT() REPRESENTATION_CONTEXT('2D SPACE',''
  ) );
#6369 = PCURVE('',#6120,#6370);
#6370 = DEFINITIONAL_REPRESENTATION('',(#6371),#6375);
#6371 = LINE('',#6372,#6373);
#6372 = CARTESIAN_POINT('',(0.,-18.6));
#6373 = VECTOR('',#6374,1.);
#6374 = DIRECTION('',(1.,0.));
#6375 = ( GEOMETRIC_REPRESENTATION_CONTEXT(2) 
PARAMETRIC_REPRESENTATION_CONTEXT() REPRESENTATION_CONTEXT('2D SPACE',''
  ) );
#6376 = ORIENTED_EDGE('',*,*,#6377,.T.);
#6377 = EDGE_CURVE('',#6355,#2699,#6378,.T.);
#6378 = SURFACE_CURVE('',#6379,(#6383,#6390),.PCURVE_S1.);
#6379 = LINE('',#6380,#6381);
#6380 = CARTESIAN_POINT('',(-73.13989679892,9.3,12.3));
#6381 = VECTOR('',#6382,1.);
#6382 = DIRECTION('',(1.,0.,0.));
#6383 = PCURVE('',#1894,#6384);
#6384 = DEFINITIONAL_REPRESENTATION('',(#6385),#6389);
#6385 = LINE('',#6386,#6387);
#6386 = CARTESIAN_POINT('',(9.3,0.));
#6387 = VECTOR('',#6388,1.);
#6388 = DIRECTION('',(0.,1.));
#6389 = ( GEOMETRIC_REPRESENTATION_CONTEXT(2) 
PARAMETRIC_REPRESENTATION_CONTEXT() REPRESENTATION_CONTEXT('2D SPACE',''
  ) );
#6390 = PCURVE('',#2738,#6391);
#6391 = DEFINITIONAL_REPRESENTATION('',(#6392),#6396);
#6392 = LINE('',#6393,#6394);
#6393 = CARTESIAN_POINT('',(0.,18.6));
#6394 = VECTOR('',#6395,1.);
#6395 = DIRECTION('',(1.,0.));
#6396 = ( GEOMETRIC_REPRESENTATION_CONTEXT(2) 
PARAMETRIC_REPRESENTATION_CONTEXT() REPRESENTATION_CONTEXT('2D SPACE',''
  ) );
#6397 = ORIENTED_EDGE('',*,*,#2698,.T.);
#6398 = ORIENTED_EDGE('',*,*,#3068,.T.);
#6399 = ORIENTED_EDGE('',*,*,#3117,.T.);
#6400 = ORIENTED_EDGE('',*,*,#2252,.F.);
#6401 = ORIENTED_EDGE('',*,*,#2296,.T.);
#6402 = ORIENTED_EDGE('',*,*,#2025,.T.);
#6403 = ORIENTED_EDGE('',*,*,#1879,.F.);
#6404 = ADVANCED_FACE('',(#6405),#2146,.T.);
#6405 = FACE_BOUND('',#6406,.T.);
#6406 = EDGE_LOOP('',(#6407,#6442,#6471,#6497,#6498,#6499,#6521,#6522));
#6407 = ORIENTED_EDGE('',*,*,#6408,.F.);
#6408 = EDGE_CURVE('',#6409,#6411,#6413,.T.);
#6409 = VERTEX_POINT('',#6410);
#6410 = CARTESIAN_POINT('',(-65.82634559672,-1.626345596729,11.3));
#6411 = VERTEX_POINT('',#6412);
#6412 = CARTESIAN_POINT('',(-65.82634559672,-2.871410803072,12.3));
#6413 = SURFACE_CURVE('',#6414,(#6419,#6430),.PCURVE_S1.);
#6414 = HYPERBOLA('',#6415,1.626345596729,1.626345596729);
#6415 = AXIS2_PLACEMENT_3D('',#6416,#6417,#6418);
#6416 = CARTESIAN_POINT('',(-65.82634559672,0.,9.));
#6417 = DIRECTION('',(1.,0.,0.));
#6418 = DIRECTION('',(-0.,0.,1.));
#6419 = PCURVE('',#2146,#6420);
#6420 = DEFINITIONAL_REPRESENTATION('',(#6421),#6429);
#6421 = B_SPLINE_CURVE_WITH_KNOTS('',6,(#6422,#6423,#6424,#6425,#6426,
    #6427,#6428),.UNSPECIFIED.,.F.,.F.,(7,7),(0.88137358702,
    1.492509813755),.PIECEWISE_BEZIER_KNOTS.);
#6422 = CARTESIAN_POINT('',(3.926990816987,0.));
#6423 = CARTESIAN_POINT('',(3.999013912013,0.165653118559));
#6424 = CARTESIAN_POINT('',(4.064812364373,0.359940363723));
#6425 = CARTESIAN_POINT('',(4.124384940877,0.585954584151));
#6426 = CARTESIAN_POINT('',(4.178124630264,0.847682636314));
#6427 = CARTESIAN_POINT('',(4.226533211929,1.150187156525));
#6428 = CARTESIAN_POINT('',(4.270126137866,1.5));
#6429 = ( GEOMETRIC_REPRESENTATION_CONTEXT(2) 
PARAMETRIC_REPRESENTATION_CONTEXT() REPRESENTATION_CONTEXT('2D SPACE',''
  ) );
#6430 = PCURVE('',#6431,#6436);
#6431 = PLANE('',#6432);
#6432 = AXIS2_PLACEMENT_3D('',#6433,#6434,#6435);
#6433 = CARTESIAN_POINT('',(-65.82634559672,-20.,10.8));
#6434 = DIRECTION('',(1.,0.,0.));
#6435 = DIRECTION('',(0.,0.,1.));
#6436 = DEFINITIONAL_REPRESENTATION('',(#6437),#6441);
#6437 = HYPERBOLA('',#6438,1.626345596729,1.626345596729);
#6438 = AXIS2_PLACEMENT_2D('',#6439,#6440);
#6439 = CARTESIAN_POINT('',(-1.8,-20.));
#6440 = DIRECTION('',(1.,0.));
#6441 = ( GEOMETRIC_REPRESENTATION_CONTEXT(2) 
PARAMETRIC_REPRESENTATION_CONTEXT() REPRESENTATION_CONTEXT('2D SPACE',''
  ) );
#6442 = ORIENTED_EDGE('',*,*,#6443,.T.);
#6443 = EDGE_CURVE('',#6409,#6444,#6446,.T.);
#6444 = VERTEX_POINT('',#6445);
#6445 = CARTESIAN_POINT('',(-62.57365440327,-1.626345596729,11.3));
#6446 = SURFACE_CURVE('',#6447,(#6452,#6459),.PCURVE_S1.);
#6447 = CIRCLE('',#6448,2.3);
#6448 = AXIS2_PLACEMENT_3D('',#6449,#6450,#6451);
#6449 = CARTESIAN_POINT('',(-64.2,0.,11.3));
#6450 = DIRECTION('',(0.,0.,1.));
#6451 = DIRECTION('',(1.,0.,0.));
#6452 = PCURVE('',#2146,#6453);
#6453 = DEFINITIONAL_REPRESENTATION('',(#6454),#6458);
#6454 = LINE('',#6455,#6456);
#6455 = CARTESIAN_POINT('',(0.,0.));
#6456 = VECTOR('',#6457,1.);
#6457 = DIRECTION('',(1.,0.));
#6458 = ( GEOMETRIC_REPRESENTATION_CONTEXT(2) 
PARAMETRIC_REPRESENTATION_CONTEXT() REPRESENTATION_CONTEXT('2D SPACE',''
  ) );
#6459 = PCURVE('',#6460,#6465);
#6460 = PLANE('',#6461);
#6461 = AXIS2_PLACEMENT_3D('',#6462,#6463,#6464);
#6462 = CARTESIAN_POINT('',(-64.2,1.290626075881E-16,11.3));
#6463 = DIRECTION('',(0.,0.,1.));
#6464 = DIRECTION('',(1.,0.,-0.));
#6465 = DEFINITIONAL_REPRESENTATION('',(#6466),#6470);
#6466 = CIRCLE('',#6467,2.3);
#6467 = AXIS2_PLACEMENT_2D('',#6468,#6469);
#6468 = CARTESIAN_POINT('',(0.,-1.290626075881E-16));
#6469 = DIRECTION('',(1.,0.));
#6470 = ( GEOMETRIC_REPRESENTATION_CONTEXT(2) 
PARAMETRIC_REPRESENTATION_CONTEXT() REPRESENTATION_CONTEXT('2D SPACE',''
  ) );
#6471 = ORIENTED_EDGE('',*,*,#6472,.T.);
#6472 = EDGE_CURVE('',#6444,#2104,#6473,.T.);
#6473 = SURFACE_CURVE('',#6474,(#6479,#6490),.PCURVE_S1.);
#6474 = HYPERBOLA('',#6475,1.626345596729,1.626345596729);
#6475 = AXIS2_PLACEMENT_3D('',#6476,#6477,#6478);
#6476 = CARTESIAN_POINT('',(-62.57365440327,0.,9.));
#6477 = DIRECTION('',(1.,0.,0.));
#6478 = DIRECTION('',(-0.,0.,1.));
#6479 = PCURVE('',#2146,#6480);
#6480 = DEFINITIONAL_REPRESENTATION('',(#6481),#6489);
#6481 = B_SPLINE_CURVE_WITH_KNOTS('',6,(#6482,#6483,#6484,#6485,#6486,
    #6487,#6488),.UNSPECIFIED.,.F.,.F.,(7,7),(0.88137358702,
    1.492509813755),.PIECEWISE_BEZIER_KNOTS.);
#6482 = CARTESIAN_POINT('',(5.497787143782,2.22044604925E-16));
#6483 = CARTESIAN_POINT('',(5.425764048757,0.165653118559));
#6484 = CARTESIAN_POINT('',(5.359965596396,0.359940363723));
#6485 = CARTESIAN_POINT('',(5.300393019892,0.585954584151));
#6486 = CARTESIAN_POINT('',(5.246653330505,0.847682636314));
#6487 = CARTESIAN_POINT('',(5.19824474884,1.150187156525));
#6488 = CARTESIAN_POINT('',(5.154651822904,1.5));
#6489 = ( GEOMETRIC_REPRESENTATION_CONTEXT(2) 
PARAMETRIC_REPRESENTATION_CONTEXT() REPRESENTATION_CONTEXT('2D SPACE',''
  ) );
#6490 = PCURVE('',#2118,#6491);
#6491 = DEFINITIONAL_REPRESENTATION('',(#6492),#6496);
#6492 = HYPERBOLA('',#6493,1.626345596729,1.626345596729);
#6493 = AXIS2_PLACEMENT_2D('',#6494,#6495);
#6494 = CARTESIAN_POINT('',(-1.8,-20.));
#6495 = DIRECTION('',(1.,0.));
#6496 = ( GEOMETRIC_REPRESENTATION_CONTEXT(2) 
PARAMETRIC_REPRESENTATION_CONTEXT() REPRESENTATION_CONTEXT('2D SPACE',''
  ) );
#6497 = ORIENTED_EDGE('',*,*,#2129,.F.);
#6498 = ORIENTED_EDGE('',*,*,#2362,.F.);
#6499 = ORIENTED_EDGE('',*,*,#6500,.F.);
#6500 = EDGE_CURVE('',#2954,#2363,#6501,.T.);
#6501 = SURFACE_CURVE('',#6502,(#6507,#6514),.PCURVE_S1.);
#6502 = CIRCLE('',#6503,3.8);
#6503 = AXIS2_PLACEMENT_3D('',#6504,#6505,#6506);
#6504 = CARTESIAN_POINT('',(-64.2,0.,12.8));
#6505 = DIRECTION('',(0.,0.,1.));
#6506 = DIRECTION('',(1.,0.,0.));
#6507 = PCURVE('',#2146,#6508);
#6508 = DEFINITIONAL_REPRESENTATION('',(#6509),#6513);
#6509 = LINE('',#6510,#6511);
#6510 = CARTESIAN_POINT('',(0.,1.5));
#6511 = VECTOR('',#6512,1.);
#6512 = DIRECTION('',(1.,0.));
#6513 = ( GEOMETRIC_REPRESENTATION_CONTEXT(2) 
PARAMETRIC_REPRESENTATION_CONTEXT() REPRESENTATION_CONTEXT('2D SPACE',''
  ) );
#6514 = PCURVE('',#2408,#6515);
#6515 = DEFINITIONAL_REPRESENTATION('',(#6516),#6520);
#6516 = CIRCLE('',#6517,3.8);
#6517 = AXIS2_PLACEMENT_2D('',#6518,#6519);
#6518 = CARTESIAN_POINT('',(0.,-1.290626075881E-16));
#6519 = DIRECTION('',(1.,0.));
#6520 = ( GEOMETRIC_REPRESENTATION_CONTEXT(2) 
PARAMETRIC_REPRESENTATION_CONTEXT() REPRESENTATION_CONTEXT('2D SPACE',''
  ) );
#6521 = ORIENTED_EDGE('',*,*,#2974,.T.);
#6522 = ORIENTED_EDGE('',*,*,#6523,.F.);
#6523 = EDGE_CURVE('',#6411,#2975,#6524,.T.);
#6524 = SURFACE_CURVE('',#6525,(#6530,#6537),.PCURVE_S1.);
#6525 = CIRCLE('',#6526,3.3);
#6526 = AXIS2_PLACEMENT_3D('',#6527,#6528,#6529);
#6527 = CARTESIAN_POINT('',(-64.2,0.,12.3));
#6528 = DIRECTION('',(0.,0.,1.));
#6529 = DIRECTION('',(1.,0.,-0.));
#6530 = PCURVE('',#2146,#6531);
#6531 = DEFINITIONAL_REPRESENTATION('',(#6532),#6536);
#6532 = LINE('',#6533,#6534);
#6533 = CARTESIAN_POINT('',(0.,1.));
#6534 = VECTOR('',#6535,1.);
#6535 = DIRECTION('',(1.,0.));
#6536 = ( GEOMETRIC_REPRESENTATION_CONTEXT(2) 
PARAMETRIC_REPRESENTATION_CONTEXT() REPRESENTATION_CONTEXT('2D SPACE',''
  ) );
#6537 = PCURVE('',#2738,#6538);
#6538 = DEFINITIONAL_REPRESENTATION('',(#6539),#6543);
#6539 = CIRCLE('',#6540,3.3);
#6540 = AXIS2_PLACEMENT_2D('',#6541,#6542);
#6541 = CARTESIAN_POINT('',(8.939896798926,9.3));
#6542 = DIRECTION('',(1.,0.));
#6543 = ( GEOMETRIC_REPRESENTATION_CONTEXT(2) 
PARAMETRIC_REPRESENTATION_CONTEXT() REPRESENTATION_CONTEXT('2D SPACE',''
  ) );
#6544 = ADVANCED_FACE('',(#6545),#2118,.T.);
#6545 = FACE_BOUND('',#6546,.T.);
#6546 = EDGE_LOOP('',(#6547,#6548,#6569));
#6547 = ORIENTED_EDGE('',*,*,#6472,.F.);
#6548 = ORIENTED_EDGE('',*,*,#6549,.F.);
#6549 = EDGE_CURVE('',#2071,#6444,#6550,.T.);
#6550 = SURFACE_CURVE('',#6551,(#6555,#6562),.PCURVE_S1.);
#6551 = LINE('',#6552,#6553);
#6552 = CARTESIAN_POINT('',(-62.57365440327,-1.626345596729,11.3));
#6553 = VECTOR('',#6554,1.);
#6554 = DIRECTION('',(-0.,-0.,-1.));
#6555 = PCURVE('',#2118,#6556);
#6556 = DEFINITIONAL_REPRESENTATION('',(#6557),#6561);
#6557 = LINE('',#6558,#6559);
#6558 = CARTESIAN_POINT('',(0.5,-18.37365440327));
#6559 = VECTOR('',#6560,1.);
#6560 = DIRECTION('',(-1.,0.));
#6561 = ( GEOMETRIC_REPRESENTATION_CONTEXT(2) 
PARAMETRIC_REPRESENTATION_CONTEXT() REPRESENTATION_CONTEXT('2D SPACE',''
  ) );
#6562 = PCURVE('',#2091,#6563);
#6563 = DEFINITIONAL_REPRESENTATION('',(#6564),#6568);
#6564 = LINE('',#6565,#6566);
#6565 = CARTESIAN_POINT('',(-5.497787143782,0.));
#6566 = VECTOR('',#6567,1.);
#6567 = DIRECTION('',(-0.,1.));
#6568 = ( GEOMETRIC_REPRESENTATION_CONTEXT(2) 
PARAMETRIC_REPRESENTATION_CONTEXT() REPRESENTATION_CONTEXT('2D SPACE',''
  ) );
#6569 = ORIENTED_EDGE('',*,*,#2103,.F.);
#6570 = ADVANCED_FACE('',(#6571),#2091,.T.);
#6571 = FACE_BOUND('',#6572,.F.);
#6572 = EDGE_LOOP('',(#6573,#6595,#6596,#6597,#6598,#6624,#6625,#6653));
#6573 = ORIENTED_EDGE('',*,*,#6574,.F.);
#6574 = EDGE_CURVE('',#6444,#6409,#6575,.T.);
#6575 = SURFACE_CURVE('',#6576,(#6581,#6588),.PCURVE_S1.);
#6576 = CIRCLE('',#6577,2.3);
#6577 = AXIS2_PLACEMENT_3D('',#6578,#6579,#6580);
#6578 = CARTESIAN_POINT('',(-64.2,0.,11.3));
#6579 = DIRECTION('',(0.,0.,1.));
#6580 = DIRECTION('',(0.707106781187,-0.707106781187,0.));
#6581 = PCURVE('',#2091,#6582);
#6582 = DEFINITIONAL_REPRESENTATION('',(#6583),#6587);
#6583 = LINE('',#6584,#6585);
#6584 = CARTESIAN_POINT('',(-5.497787143782,0.));
#6585 = VECTOR('',#6586,1.);
#6586 = DIRECTION('',(-1.,0.));
#6587 = ( GEOMETRIC_REPRESENTATION_CONTEXT(2) 
PARAMETRIC_REPRESENTATION_CONTEXT() REPRESENTATION_CONTEXT('2D SPACE',''
  ) );
#6588 = PCURVE('',#6460,#6589);
#6589 = DEFINITIONAL_REPRESENTATION('',(#6590),#6594);
#6590 = CIRCLE('',#6591,2.3);
#6591 = AXIS2_PLACEMENT_2D('',#6592,#6593);
#6592 = CARTESIAN_POINT('',(0.,-1.290626075881E-16));
#6593 = DIRECTION('',(0.707106781187,-0.707106781187));
#6594 = ( GEOMETRIC_REPRESENTATION_CONTEXT(2) 
PARAMETRIC_REPRESENTATION_CONTEXT() REPRESENTATION_CONTEXT('2D SPACE',''
  ) );
#6595 = ORIENTED_EDGE('',*,*,#6549,.F.);
#6596 = ORIENTED_EDGE('',*,*,#2070,.F.);
#6597 = ORIENTED_EDGE('',*,*,#2622,.F.);
#6598 = ORIENTED_EDGE('',*,*,#6599,.F.);
#6599 = EDGE_CURVE('',#2750,#2597,#6600,.T.);
#6600 = SURFACE_CURVE('',#6601,(#6606,#6613),.PCURVE_S1.);
#6601 = CIRCLE('',#6602,2.3);
#6602 = AXIS2_PLACEMENT_3D('',#6603,#6604,#6605);
#6603 = CARTESIAN_POINT('',(-64.2,0.,12.8));
#6604 = DIRECTION('',(-0.,0.,-1.));
#6605 = DIRECTION('',(-0.707106781187,-0.707106781187,0.));
#6606 = PCURVE('',#2091,#6607);
#6607 = DEFINITIONAL_REPRESENTATION('',(#6608),#6612);
#6608 = LINE('',#6609,#6610);
#6609 = CARTESIAN_POINT('',(-10.21017612416,-1.5));
#6610 = VECTOR('',#6611,1.);
#6611 = DIRECTION('',(1.,-0.));
#6612 = ( GEOMETRIC_REPRESENTATION_CONTEXT(2) 
PARAMETRIC_REPRESENTATION_CONTEXT() REPRESENTATION_CONTEXT('2D SPACE',''
  ) );
#6613 = PCURVE('',#2611,#6614);
#6614 = DEFINITIONAL_REPRESENTATION('',(#6615),#6623);
#6615 = ( BOUNDED_CURVE() B_SPLINE_CURVE(2,(#6616,#6617,#6618,#6619,
#6620,#6621,#6622),.UNSPECIFIED.,.T.,.F.) B_SPLINE_CURVE_WITH_KNOTS((1,2
    ,2,2,2,1),(-2.094395102393,0.,2.094395102393,4.188790204786,
6.28318530718,8.377580409573),.UNSPECIFIED.) CURVE() 
GEOMETRIC_REPRESENTATION_ITEM() RATIONAL_B_SPLINE_CURVE((1.,0.5,1.,0.5,
1.,0.5,1.)) REPRESENTATION_ITEM('') );
#6616 = CARTESIAN_POINT('',(-1.626345596729,-1.626345596729));
#6617 = CARTESIAN_POINT('',(-4.44325880093,1.190567607472));
#6618 = CARTESIAN_POINT('',(-0.595283803736,2.221629400465));
#6619 = CARTESIAN_POINT('',(3.252691193458,3.252691193458));
#6620 = CARTESIAN_POINT('',(2.221629400465,-0.595283803736));
#6621 = CARTESIAN_POINT('',(1.190567607472,-4.44325880093));
#6622 = CARTESIAN_POINT('',(-1.626345596729,-1.626345596729));
#6623 = ( GEOMETRIC_REPRESENTATION_CONTEXT(2) 
PARAMETRIC_REPRESENTATION_CONTEXT() REPRESENTATION_CONTEXT('2D SPACE',''
  ) );
#6624 = ORIENTED_EDGE('',*,*,#2749,.T.);
#6625 = ORIENTED_EDGE('',*,*,#6626,.F.);
#6626 = EDGE_CURVE('',#6627,#2724,#6629,.T.);
#6627 = VERTEX_POINT('',#6628);
#6628 = CARTESIAN_POINT('',(-65.82634559672,-1.626345596729,12.3));
#6629 = SURFACE_CURVE('',#6630,(#6635,#6642),.PCURVE_S1.);
#6630 = CIRCLE('',#6631,2.3);
#6631 = AXIS2_PLACEMENT_3D('',#6632,#6633,#6634);
#6632 = CARTESIAN_POINT('',(-64.2,0.,12.3));
#6633 = DIRECTION('',(0.,0.,-1.));
#6634 = DIRECTION('',(1.,0.,0.));
#6635 = PCURVE('',#2091,#6636);
#6636 = DEFINITIONAL_REPRESENTATION('',(#6637),#6641);
#6637 = LINE('',#6638,#6639);
#6638 = CARTESIAN_POINT('',(-12.56637061435,-1.));
#6639 = VECTOR('',#6640,1.);
#6640 = DIRECTION('',(1.,-0.));
#6641 = ( GEOMETRIC_REPRESENTATION_CONTEXT(2) 
PARAMETRIC_REPRESENTATION_CONTEXT() REPRESENTATION_CONTEXT('2D SPACE',''
  ) );
#6642 = PCURVE('',#2738,#6643);
#6643 = DEFINITIONAL_REPRESENTATION('',(#6644),#6652);
#6644 = ( BOUNDED_CURVE() B_SPLINE_CURVE(2,(#6645,#6646,#6647,#6648,
#6649,#6650,#6651),.UNSPECIFIED.,.T.,.F.) B_SPLINE_CURVE_WITH_KNOTS((1,2
    ,2,2,2,1),(-2.094395102393,0.,2.094395102393,4.188790204786,
6.28318530718,8.377580409573),.UNSPECIFIED.) CURVE() 
GEOMETRIC_REPRESENTATION_ITEM() RATIONAL_B_SPLINE_CURVE((1.,0.5,1.,0.5,
1.,0.5,1.)) REPRESENTATION_ITEM('') );
#6645 = CARTESIAN_POINT('',(11.239896798926,9.3));
#6646 = CARTESIAN_POINT('',(11.239896798926,5.316283142592));
#6647 = CARTESIAN_POINT('',(7.789896798926,7.308141571296));
#6648 = CARTESIAN_POINT('',(4.339896798926,9.3));
#6649 = CARTESIAN_POINT('',(7.789896798926,11.291858428704));
#6650 = CARTESIAN_POINT('',(11.239896798926,13.283716857408));
#6651 = CARTESIAN_POINT('',(11.239896798926,9.3));
#6652 = ( GEOMETRIC_REPRESENTATION_CONTEXT(2) 
PARAMETRIC_REPRESENTATION_CONTEXT() REPRESENTATION_CONTEXT('2D SPACE',''
  ) );
#6653 = ORIENTED_EDGE('',*,*,#6654,.T.);
#6654 = EDGE_CURVE('',#6627,#6409,#6655,.T.);
#6655 = SURFACE_CURVE('',#6656,(#6660,#6667),.PCURVE_S1.);
#6656 = LINE('',#6657,#6658);
#6657 = CARTESIAN_POINT('',(-65.82634559672,-1.626345596729,11.3));
#6658 = VECTOR('',#6659,1.);
#6659 = DIRECTION('',(-0.,-0.,-1.));
#6660 = PCURVE('',#2091,#6661);
#6661 = DEFINITIONAL_REPRESENTATION('',(#6662),#6666);
#6662 = LINE('',#6663,#6664);
#6663 = CARTESIAN_POINT('',(-10.21017612416,0.));
#6664 = VECTOR('',#6665,1.);
#6665 = DIRECTION('',(-0.,1.));
#6666 = ( GEOMETRIC_REPRESENTATION_CONTEXT(2) 
PARAMETRIC_REPRESENTATION_CONTEXT() REPRESENTATION_CONTEXT('2D SPACE',''
  ) );
#6667 = PCURVE('',#6431,#6668);
#6668 = DEFINITIONAL_REPRESENTATION('',(#6669),#6673);
#6669 = LINE('',#6670,#6671);
#6670 = CARTESIAN_POINT('',(0.5,-18.37365440327));
#6671 = VECTOR('',#6672,1.);
#6672 = DIRECTION('',(-1.,0.));
#6673 = ( GEOMETRIC_REPRESENTATION_CONTEXT(2) 
PARAMETRIC_REPRESENTATION_CONTEXT() REPRESENTATION_CONTEXT('2D SPACE',''
  ) );
#6674 = ADVANCED_FACE('',(#6675),#2611,.T.);
#6675 = FACE_BOUND('',#6676,.T.);
#6676 = EDGE_LOOP('',(#6677,#6678,#6679,#6705));
#6677 = ORIENTED_EDGE('',*,*,#6599,.F.);
#6678 = ORIENTED_EDGE('',*,*,#2770,.F.);
#6679 = ORIENTED_EDGE('',*,*,#6680,.T.);
#6680 = EDGE_CURVE('',#2771,#2568,#6681,.T.);
#6681 = SURFACE_CURVE('',#6682,(#6687,#6698),.PCURVE_S1.);
#6682 = CIRCLE('',#6683,1.3);
#6683 = AXIS2_PLACEMENT_3D('',#6684,#6685,#6686);
#6684 = CARTESIAN_POINT('',(-64.2,0.,12.8));
#6685 = DIRECTION('',(0.,0.,-1.));
#6686 = DIRECTION('',(1.,0.,0.));
#6687 = PCURVE('',#2611,#6688);
#6688 = DEFINITIONAL_REPRESENTATION('',(#6689),#6697);
#6689 = ( BOUNDED_CURVE() B_SPLINE_CURVE(2,(#6690,#6691,#6692,#6693,
#6694,#6695,#6696),.UNSPECIFIED.,.T.,.F.) B_SPLINE_CURVE_WITH_KNOTS((1,2
    ,2,2,2,1),(-2.094395102393,0.,2.094395102393,4.188790204786,
6.28318530718,8.377580409573),.UNSPECIFIED.) CURVE() 
GEOMETRIC_REPRESENTATION_ITEM() RATIONAL_B_SPLINE_CURVE((1.,0.5,1.,0.5,
1.,0.5,1.)) REPRESENTATION_ITEM('') );
#6690 = CARTESIAN_POINT('',(1.3,-1.290626075881E-16));
#6691 = CARTESIAN_POINT('',(1.3,-2.25166604984));
#6692 = CARTESIAN_POINT('',(-0.65,-1.12583302492));
#6693 = CARTESIAN_POINT('',(-2.6,-4.474707753664E-16));
#6694 = CARTESIAN_POINT('',(-0.65,1.12583302492));
#6695 = CARTESIAN_POINT('',(1.3,2.25166604984));
#6696 = CARTESIAN_POINT('',(1.3,-1.290626075881E-16));
#6697 = ( GEOMETRIC_REPRESENTATION_CONTEXT(2) 
PARAMETRIC_REPRESENTATION_CONTEXT() REPRESENTATION_CONTEXT('2D SPACE',''
  ) );
#6698 = PCURVE('',#2436,#6699);
#6699 = DEFINITIONAL_REPRESENTATION('',(#6700),#6704);
#6700 = LINE('',#6701,#6702);
#6701 = CARTESIAN_POINT('',(-6.28318530718,-2.));
#6702 = VECTOR('',#6703,1.);
#6703 = DIRECTION('',(1.,-0.));
#6704 = ( GEOMETRIC_REPRESENTATION_CONTEXT(2) 
PARAMETRIC_REPRESENTATION_CONTEXT() REPRESENTATION_CONTEXT('2D SPACE',''
  ) );
#6705 = ORIENTED_EDGE('',*,*,#2596,.F.);
#6706 = ADVANCED_FACE('',(#6707),#2436,.F.);
#6707 = FACE_BOUND('',#6708,.T.);
#6708 = EDGE_LOOP('',(#6709,#6734,#6760,#6761,#6787,#6788,#6789,#6790,
    #6816,#6817,#6843,#6844));
#6709 = ORIENTED_EDGE('',*,*,#6710,.F.);
#6710 = EDGE_CURVE('',#6711,#6713,#6715,.T.);
#6711 = VERTEX_POINT('',#6712);
#6712 = CARTESIAN_POINT('',(-62.9,0.,11.3));
#6713 = VERTEX_POINT('',#6714);
#6714 = CARTESIAN_POINT('',(-62.9,0.,12.3));
#6715 = SEAM_CURVE('',#6716,(#6720,#6727),.PCURVE_S1.);
#6716 = LINE('',#6717,#6718);
#6717 = CARTESIAN_POINT('',(-62.9,0.,10.8));
#6718 = VECTOR('',#6719,1.);
#6719 = DIRECTION('',(0.,0.,1.));
#6720 = PCURVE('',#2436,#6721);
#6721 = DEFINITIONAL_REPRESENTATION('',(#6722),#6726);
#6722 = LINE('',#6723,#6724);
#6723 = CARTESIAN_POINT('',(-6.28318530718,0.));
#6724 = VECTOR('',#6725,1.);
#6725 = DIRECTION('',(-0.,-1.));
#6726 = ( GEOMETRIC_REPRESENTATION_CONTEXT(2) 
PARAMETRIC_REPRESENTATION_CONTEXT() REPRESENTATION_CONTEXT('2D SPACE',''
  ) );
#6727 = PCURVE('',#2436,#6728);
#6728 = DEFINITIONAL_REPRESENTATION('',(#6729),#6733);
#6729 = LINE('',#6730,#6731);
#6730 = CARTESIAN_POINT('',(-0.,0.));
#6731 = VECTOR('',#6732,1.);
#6732 = DIRECTION('',(-0.,-1.));
#6733 = ( GEOMETRIC_REPRESENTATION_CONTEXT(2) 
PARAMETRIC_REPRESENTATION_CONTEXT() REPRESENTATION_CONTEXT('2D SPACE',''
  ) );
#6734 = ORIENTED_EDGE('',*,*,#6735,.T.);
#6735 = EDGE_CURVE('',#6711,#6711,#6736,.T.);
#6736 = SURFACE_CURVE('',#6737,(#6742,#6749),.PCURVE_S1.);
#6737 = CIRCLE('',#6738,1.3);
#6738 = AXIS2_PLACEMENT_3D('',#6739,#6740,#6741);
#6739 = CARTESIAN_POINT('',(-64.2,0.,11.3));
#6740 = DIRECTION('',(0.,0.,-1.));
#6741 = DIRECTION('',(1.,0.,0.));
#6742 = PCURVE('',#2436,#6743);
#6743 = DEFINITIONAL_REPRESENTATION('',(#6744),#6748);
#6744 = LINE('',#6745,#6746);
#6745 = CARTESIAN_POINT('',(-6.28318530718,-0.5));
#6746 = VECTOR('',#6747,1.);
#6747 = DIRECTION('',(1.,-0.));
#6748 = ( GEOMETRIC_REPRESENTATION_CONTEXT(2) 
PARAMETRIC_REPRESENTATION_CONTEXT() REPRESENTATION_CONTEXT('2D SPACE',''
  ) );
#6749 = PCURVE('',#6460,#6750);
#6750 = DEFINITIONAL_REPRESENTATION('',(#6751),#6759);
#6751 = ( BOUNDED_CURVE() B_SPLINE_CURVE(2,(#6752,#6753,#6754,#6755,
#6756,#6757,#6758),.UNSPECIFIED.,.T.,.F.) B_SPLINE_CURVE_WITH_KNOTS((1,2
    ,2,2,2,1),(-2.094395102393,0.,2.094395102393,4.188790204786,
6.28318530718,8.377580409573),.UNSPECIFIED.) CURVE() 
GEOMETRIC_REPRESENTATION_ITEM() RATIONAL_B_SPLINE_CURVE((1.,0.5,1.,0.5,
1.,0.5,1.)) REPRESENTATION_ITEM('') );
#6752 = CARTESIAN_POINT('',(1.3,-1.290626075881E-16));
#6753 = CARTESIAN_POINT('',(1.3,-2.25166604984));
#6754 = CARTESIAN_POINT('',(-0.65,-1.12583302492));
#6755 = CARTESIAN_POINT('',(-2.6,-4.474707753664E-16));
#6756 = CARTESIAN_POINT('',(-0.65,1.12583302492));
#6757 = CARTESIAN_POINT('',(1.3,2.25166604984));
#6758 = CARTESIAN_POINT('',(1.3,-1.290626075881E-16));
#6759 = ( GEOMETRIC_REPRESENTATION_CONTEXT(2) 
PARAMETRIC_REPRESENTATION_CONTEXT() REPRESENTATION_CONTEXT('2D SPACE',''
  ) );
#6760 = ORIENTED_EDGE('',*,*,#6710,.T.);
#6761 = ORIENTED_EDGE('',*,*,#6762,.F.);
#6762 = EDGE_CURVE('',#2546,#6713,#6763,.T.);
#6763 = SURFACE_CURVE('',#6764,(#6769,#6776),.PCURVE_S1.);
#6764 = CIRCLE('',#6765,1.3);
#6765 = AXIS2_PLACEMENT_3D('',#6766,#6767,#6768);
#6766 = CARTESIAN_POINT('',(-64.2,0.,12.3));
#6767 = DIRECTION('',(0.,0.,-1.));
#6768 = DIRECTION('',(1.,0.,0.));
#6769 = PCURVE('',#2436,#6770);
#6770 = DEFINITIONAL_REPRESENTATION('',(#6771),#6775);
#6771 = LINE('',#6772,#6773);
#6772 = CARTESIAN_POINT('',(-6.28318530718,-1.5));
#6773 = VECTOR('',#6774,1.);
#6774 = DIRECTION('',(1.,-0.));
#6775 = ( GEOMETRIC_REPRESENTATION_CONTEXT(2) 
PARAMETRIC_REPRESENTATION_CONTEXT() REPRESENTATION_CONTEXT('2D SPACE',''
  ) );
#6776 = PCURVE('',#2468,#6777);
#6777 = DEFINITIONAL_REPRESENTATION('',(#6778),#6786);
#6778 = ( BOUNDED_CURVE() B_SPLINE_CURVE(2,(#6779,#6780,#6781,#6782,
#6783,#6784,#6785),.UNSPECIFIED.,.T.,.F.) B_SPLINE_CURVE_WITH_KNOTS((1,2
    ,2,2,2,1),(-2.094395102393,0.,2.094395102393,4.188790204786,
6.28318530718,8.377580409573),.UNSPECIFIED.) CURVE() 
GEOMETRIC_REPRESENTATION_ITEM() RATIONAL_B_SPLINE_CURVE((1.,0.5,1.,0.5,
1.,0.5,1.)) REPRESENTATION_ITEM('') );
#6779 = CARTESIAN_POINT('',(2.439896798926,11.));
#6780 = CARTESIAN_POINT('',(2.439896798926,8.74833395016));
#6781 = CARTESIAN_POINT('',(0.489896798926,9.87416697508));
#6782 = CARTESIAN_POINT('',(-1.460103201074,11.));
#6783 = CARTESIAN_POINT('',(0.489896798926,12.12583302492));
#6784 = CARTESIAN_POINT('',(2.439896798926,13.25166604984));
#6785 = CARTESIAN_POINT('',(2.439896798926,11.));
#6786 = ( GEOMETRIC_REPRESENTATION_CONTEXT(2) 
PARAMETRIC_REPRESENTATION_CONTEXT() REPRESENTATION_CONTEXT('2D SPACE',''
  ) );
#6787 = ORIENTED_EDGE('',*,*,#2567,.F.);
#6788 = ORIENTED_EDGE('',*,*,#6680,.F.);
#6789 = ORIENTED_EDGE('',*,*,#2791,.T.);
#6790 = ORIENTED_EDGE('',*,*,#6791,.F.);
#6791 = EDGE_CURVE('',#2912,#2792,#6792,.T.);
#6792 = SURFACE_CURVE('',#6793,(#6798,#6805),.PCURVE_S1.);
#6793 = CIRCLE('',#6794,1.3);
#6794 = AXIS2_PLACEMENT_3D('',#6795,#6796,#6797);
#6795 = CARTESIAN_POINT('',(-64.2,0.,12.3));
#6796 = DIRECTION('',(0.,0.,-1.));
#6797 = DIRECTION('',(1.,0.,0.));
#6798 = PCURVE('',#2436,#6799);
#6799 = DEFINITIONAL_REPRESENTATION('',(#6800),#6804);
#6800 = LINE('',#6801,#6802);
#6801 = CARTESIAN_POINT('',(-6.28318530718,-1.5));
#6802 = VECTOR('',#6803,1.);
#6803 = DIRECTION('',(1.,-0.));
#6804 = ( GEOMETRIC_REPRESENTATION_CONTEXT(2) 
PARAMETRIC_REPRESENTATION_CONTEXT() REPRESENTATION_CONTEXT('2D SPACE',''
  ) );
#6805 = PCURVE('',#2827,#6806);
#6806 = DEFINITIONAL_REPRESENTATION('',(#6807),#6815);
#6807 = ( BOUNDED_CURVE() B_SPLINE_CURVE(2,(#6808,#6809,#6810,#6811,
#6812,#6813,#6814),.UNSPECIFIED.,.T.,.F.) B_SPLINE_CURVE_WITH_KNOTS((1,2
    ,2,2,2,1),(-2.094395102393,0.,2.094395102393,4.188790204786,
6.28318530718,8.377580409573),.UNSPECIFIED.) CURVE() 
GEOMETRIC_REPRESENTATION_ITEM() RATIONAL_B_SPLINE_CURVE((1.,0.5,1.,0.5,
1.,0.5,1.)) REPRESENTATION_ITEM('') );
#6808 = CARTESIAN_POINT('',(10.239896798926,9.3));
#6809 = CARTESIAN_POINT('',(10.239896798926,7.04833395016));
#6810 = CARTESIAN_POINT('',(8.289896798926,8.17416697508));
#6811 = CARTESIAN_POINT('',(6.339896798926,9.3));
#6812 = CARTESIAN_POINT('',(8.289896798926,10.42583302492));
#6813 = CARTESIAN_POINT('',(10.239896798926,11.55166604984));
#6814 = CARTESIAN_POINT('',(10.239896798926,9.3));
#6815 = ( GEOMETRIC_REPRESENTATION_CONTEXT(2) 
PARAMETRIC_REPRESENTATION_CONTEXT() REPRESENTATION_CONTEXT('2D SPACE',''
  ) );
#6816 = ORIENTED_EDGE('',*,*,#2932,.F.);
#6817 = ORIENTED_EDGE('',*,*,#6818,.F.);
#6818 = EDGE_CURVE('',#2394,#2933,#6819,.T.);
#6819 = SURFACE_CURVE('',#6820,(#6825,#6832),.PCURVE_S1.);
#6820 = CIRCLE('',#6821,1.3);
#6821 = AXIS2_PLACEMENT_3D('',#6822,#6823,#6824);
#6822 = CARTESIAN_POINT('',(-64.2,0.,12.8));
#6823 = DIRECTION('',(0.,0.,-1.));
#6824 = DIRECTION('',(1.,0.,0.));
#6825 = PCURVE('',#2436,#6826);
#6826 = DEFINITIONAL_REPRESENTATION('',(#6827),#6831);
#6827 = LINE('',#6828,#6829);
#6828 = CARTESIAN_POINT('',(-6.28318530718,-2.));
#6829 = VECTOR('',#6830,1.);
#6830 = DIRECTION('',(1.,-0.));
#6831 = ( GEOMETRIC_REPRESENTATION_CONTEXT(2) 
PARAMETRIC_REPRESENTATION_CONTEXT() REPRESENTATION_CONTEXT('2D SPACE',''
  ) );
#6832 = PCURVE('',#2408,#6833);
#6833 = DEFINITIONAL_REPRESENTATION('',(#6834),#6842);
#6834 = ( BOUNDED_CURVE() B_SPLINE_CURVE(2,(#6835,#6836,#6837,#6838,
#6839,#6840,#6841),.UNSPECIFIED.,.T.,.F.) B_SPLINE_CURVE_WITH_KNOTS((1,2
    ,2,2,2,1),(-2.094395102393,0.,2.094395102393,4.188790204786,
6.28318530718,8.377580409573),.UNSPECIFIED.) CURVE() 
GEOMETRIC_REPRESENTATION_ITEM() RATIONAL_B_SPLINE_CURVE((1.,0.5,1.,0.5,
1.,0.5,1.)) REPRESENTATION_ITEM('') );
#6835 = CARTESIAN_POINT('',(1.3,-1.290626075881E-16));
#6836 = CARTESIAN_POINT('',(1.3,-2.25166604984));
#6837 = CARTESIAN_POINT('',(-0.65,-1.12583302492));
#6838 = CARTESIAN_POINT('',(-2.6,-4.474707753664E-16));
#6839 = CARTESIAN_POINT('',(-0.65,1.12583302492));
#6840 = CARTESIAN_POINT('',(1.3,2.25166604984));
#6841 = CARTESIAN_POINT('',(1.3,-1.290626075881E-16));
#6842 = ( GEOMETRIC_REPRESENTATION_CONTEXT(2) 
PARAMETRIC_REPRESENTATION_CONTEXT() REPRESENTATION_CONTEXT('2D SPACE',''
  ) );
#6843 = ORIENTED_EDGE('',*,*,#2419,.F.);
#6844 = ORIENTED_EDGE('',*,*,#6845,.F.);
#6845 = EDGE_CURVE('',#6713,#2420,#6846,.T.);
#6846 = SURFACE_CURVE('',#6847,(#6852,#6859),.PCURVE_S1.);
#6847 = CIRCLE('',#6848,1.3);
#6848 = AXIS2_PLACEMENT_3D('',#6849,#6850,#6851);
#6849 = CARTESIAN_POINT('',(-64.2,0.,12.3));
#6850 = DIRECTION('',(0.,0.,-1.));
#6851 = DIRECTION('',(1.,0.,0.));
#6852 = PCURVE('',#2436,#6853);
#6853 = DEFINITIONAL_REPRESENTATION('',(#6854),#6858);
#6854 = LINE('',#6855,#6856);
#6855 = CARTESIAN_POINT('',(-6.28318530718,-1.5));
#6856 = VECTOR('',#6857,1.);
#6857 = DIRECTION('',(1.,-0.));
#6858 = ( GEOMETRIC_REPRESENTATION_CONTEXT(2) 
PARAMETRIC_REPRESENTATION_CONTEXT() REPRESENTATION_CONTEXT('2D SPACE',''
  ) );
#6859 = PCURVE('',#2468,#6860);
#6860 = DEFINITIONAL_REPRESENTATION('',(#6861),#6869);
#6861 = ( BOUNDED_CURVE() B_SPLINE_CURVE(2,(#6862,#6863,#6864,#6865,
#6866,#6867,#6868),.UNSPECIFIED.,.T.,.F.) B_SPLINE_CURVE_WITH_KNOTS((1,2
    ,2,2,2,1),(-2.094395102393,0.,2.094395102393,4.188790204786,
6.28318530718,8.377580409573),.UNSPECIFIED.) CURVE() 
GEOMETRIC_REPRESENTATION_ITEM() RATIONAL_B_SPLINE_CURVE((1.,0.5,1.,0.5,
1.,0.5,1.)) REPRESENTATION_ITEM('') );
#6862 = CARTESIAN_POINT('',(2.439896798926,11.));
#6863 = CARTESIAN_POINT('',(2.439896798926,8.74833395016));
#6864 = CARTESIAN_POINT('',(0.489896798926,9.87416697508));
#6865 = CARTESIAN_POINT('',(-1.460103201074,11.));
#6866 = CARTESIAN_POINT('',(0.489896798926,12.12583302492));
#6867 = CARTESIAN_POINT('',(2.439896798926,13.25166604984));
#6868 = CARTESIAN_POINT('',(2.439896798926,11.));
#6869 = ( GEOMETRIC_REPRESENTATION_CONTEXT(2) 
PARAMETRIC_REPRESENTATION_CONTEXT() REPRESENTATION_CONTEXT('2D SPACE',''
  ) );
#6870 = ADVANCED_FACE('',(#6871),#2468,.F.);
#6871 = FACE_BOUND('',#6872,.F.);
#6872 = EDGE_LOOP('',(#6873,#6874,#6875,#6897,#6898));
#6873 = ORIENTED_EDGE('',*,*,#6762,.F.);
#6874 = ORIENTED_EDGE('',*,*,#2545,.T.);
#6875 = ORIENTED_EDGE('',*,*,#6876,.F.);
#6876 = EDGE_CURVE('',#2454,#2516,#6877,.T.);
#6877 = SURFACE_CURVE('',#6878,(#6883,#6890),.PCURVE_S1.);
#6878 = CIRCLE('',#6879,1.1);
#6879 = AXIS2_PLACEMENT_3D('',#6880,#6881,#6882);
#6880 = CARTESIAN_POINT('',(-64.2,0.,12.3));
#6881 = DIRECTION('',(-0.,0.,1.));
#6882 = DIRECTION('',(0.141376024666,-0.989955968541,0.));
#6883 = PCURVE('',#2468,#6884);
#6884 = DEFINITIONAL_REPRESENTATION('',(#6885),#6889);
#6885 = CIRCLE('',#6886,1.1);
#6886 = AXIS2_PLACEMENT_2D('',#6887,#6888);
#6887 = CARTESIAN_POINT('',(1.139896798926,11.));
#6888 = DIRECTION('',(0.141376024666,-0.989955968541));
#6889 = ( GEOMETRIC_REPRESENTATION_CONTEXT(2) 
PARAMETRIC_REPRESENTATION_CONTEXT() REPRESENTATION_CONTEXT('2D SPACE',''
  ) );
#6890 = PCURVE('',#2497,#6891);
#6891 = DEFINITIONAL_REPRESENTATION('',(#6892),#6896);
#6892 = LINE('',#6893,#6894);
#6893 = CARTESIAN_POINT('',(-4.854240243337,-11.));
#6894 = VECTOR('',#6895,1.);
#6895 = DIRECTION('',(-1.,-0.));
#6896 = ( GEOMETRIC_REPRESENTATION_CONTEXT(2) 
PARAMETRIC_REPRESENTATION_CONTEXT() REPRESENTATION_CONTEXT('2D SPACE',''
  ) );
#6897 = ORIENTED_EDGE('',*,*,#2453,.T.);
#6898 = ORIENTED_EDGE('',*,*,#6845,.F.);
#6899 = ADVANCED_FACE('',(#6900),#2497,.F.);
#6900 = FACE_BOUND('',#6901,.T.);
#6901 = EDGE_LOOP('',(#6902,#6903,#6904));
#6902 = ORIENTED_EDGE('',*,*,#6876,.F.);
#6903 = ORIENTED_EDGE('',*,*,#2480,.T.);
#6904 = ORIENTED_EDGE('',*,*,#2515,.T.);
#6905 = ADVANCED_FACE('',(#6906),#2408,.T.);
#6906 = FACE_BOUND('',#6907,.T.);
#6907 = EDGE_LOOP('',(#6908,#6909,#6910,#6911));
#6908 = ORIENTED_EDGE('',*,*,#2953,.F.);
#6909 = ORIENTED_EDGE('',*,*,#6500,.T.);
#6910 = ORIENTED_EDGE('',*,*,#2393,.F.);
#6911 = ORIENTED_EDGE('',*,*,#6818,.T.);
#6912 = ADVANCED_FACE('',(#6913),#2738,.F.);
#6913 = FACE_BOUND('',#6914,.F.);
#6914 = EDGE_LOOP('',(#6915,#6916,#6937,#6938,#6939,#6940,#6959,#6960));
#6915 = ORIENTED_EDGE('',*,*,#6377,.F.);
#6916 = ORIENTED_EDGE('',*,*,#6917,.F.);
#6917 = EDGE_CURVE('',#6105,#6355,#6918,.T.);
#6918 = SURFACE_CURVE('',#6919,(#6923,#6930),.PCURVE_S1.);
#6919 = LINE('',#6920,#6921);
#6920 = CARTESIAN_POINT('',(-73.13989679892,-9.3,12.3));
#6921 = VECTOR('',#6922,1.);
#6922 = DIRECTION('',(0.,1.,0.));
#6923 = PCURVE('',#2738,#6924);
#6924 = DEFINITIONAL_REPRESENTATION('',(#6925),#6929);
#6925 = LINE('',#6926,#6927);
#6926 = CARTESIAN_POINT('',(0.,0.));
#6927 = VECTOR('',#6928,1.);
#6928 = DIRECTION('',(0.,1.));
#6929 = ( GEOMETRIC_REPRESENTATION_CONTEXT(2) 
PARAMETRIC_REPRESENTATION_CONTEXT() REPRESENTATION_CONTEXT('2D SPACE',''
  ) );
#6930 = PCURVE('',#6120,#6931);
#6931 = DEFINITIONAL_REPRESENTATION('',(#6932),#6936);
#6932 = LINE('',#6933,#6934);
#6933 = CARTESIAN_POINT('',(9.3,0.));
#6934 = VECTOR('',#6935,1.);
#6935 = DIRECTION('',(0.,-1.));
#6936 = ( GEOMETRIC_REPRESENTATION_CONTEXT(2) 
PARAMETRIC_REPRESENTATION_CONTEXT() REPRESENTATION_CONTEXT('2D SPACE',''
  ) );
#6937 = ORIENTED_EDGE('',*,*,#6132,.T.);
#6938 = ORIENTED_EDGE('',*,*,#3002,.T.);
#6939 = ORIENTED_EDGE('',*,*,#6523,.F.);
#6940 = ORIENTED_EDGE('',*,*,#6941,.T.);
#6941 = EDGE_CURVE('',#6411,#6627,#6942,.T.);
#6942 = SURFACE_CURVE('',#6943,(#6947,#6953),.PCURVE_S1.);
#6943 = LINE('',#6944,#6945);
#6944 = CARTESIAN_POINT('',(-65.82634559672,-14.65,12.3));
#6945 = VECTOR('',#6946,1.);
#6946 = DIRECTION('',(0.,1.,0.));
#6947 = PCURVE('',#2738,#6948);
#6948 = DEFINITIONAL_REPRESENTATION('',(#6949),#6952);
#6949 = B_SPLINE_CURVE_WITH_KNOTS('',1,(#6950,#6951),.UNSPECIFIED.,.F.,
  .F.,(2,2),(11.215615047785,13.023654403271),.PIECEWISE_BEZIER_KNOTS.);
#6950 = CARTESIAN_POINT('',(7.313551202197,5.865615047785));
#6951 = CARTESIAN_POINT('',(7.313551202197,7.673654403271));
#6952 = ( GEOMETRIC_REPRESENTATION_CONTEXT(2) 
PARAMETRIC_REPRESENTATION_CONTEXT() REPRESENTATION_CONTEXT('2D SPACE',''
  ) );
#6953 = PCURVE('',#6431,#6954);
#6954 = DEFINITIONAL_REPRESENTATION('',(#6955),#6958);
#6955 = B_SPLINE_CURVE_WITH_KNOTS('',1,(#6956,#6957),.UNSPECIFIED.,.F.,
  .F.,(2,2),(11.215615047785,13.023654403271),.PIECEWISE_BEZIER_KNOTS.);
#6956 = CARTESIAN_POINT('',(1.5,-16.56561504778));
#6957 = CARTESIAN_POINT('',(1.5,-18.37365440327));
#6958 = ( GEOMETRIC_REPRESENTATION_CONTEXT(2) 
PARAMETRIC_REPRESENTATION_CONTEXT() REPRESENTATION_CONTEXT('2D SPACE',''
  ) );
#6959 = ORIENTED_EDGE('',*,*,#6626,.T.);
#6960 = ORIENTED_EDGE('',*,*,#2723,.T.);
#6961 = ADVANCED_FACE('',(#6962),#2827,.F.);
#6962 = FACE_BOUND('',#6963,.F.);
#6963 = EDGE_LOOP('',(#6964,#6965,#6966,#6992));
#6964 = ORIENTED_EDGE('',*,*,#6791,.F.);
#6965 = ORIENTED_EDGE('',*,*,#2911,.T.);
#6966 = ORIENTED_EDGE('',*,*,#6967,.T.);
#6967 = EDGE_CURVE('',#2891,#2813,#6968,.T.);
#6968 = SURFACE_CURVE('',#6969,(#6974,#6985),.PCURVE_S1.);
#6969 = CIRCLE('',#6970,1.1);
#6970 = AXIS2_PLACEMENT_3D('',#6971,#6972,#6973);
#6971 = CARTESIAN_POINT('',(-64.2,0.,12.3));
#6972 = DIRECTION('',(0.,0.,-1.));
#6973 = DIRECTION('',(1.,0.,0.));
#6974 = PCURVE('',#2827,#6975);
#6975 = DEFINITIONAL_REPRESENTATION('',(#6976),#6984);
#6976 = ( BOUNDED_CURVE() B_SPLINE_CURVE(2,(#6977,#6978,#6979,#6980,
#6981,#6982,#6983),.UNSPECIFIED.,.T.,.F.) B_SPLINE_CURVE_WITH_KNOTS((1,2
    ,2,2,2,1),(-2.094395102393,0.,2.094395102393,4.188790204786,
6.28318530718,8.377580409573),.UNSPECIFIED.) CURVE() 
GEOMETRIC_REPRESENTATION_ITEM() RATIONAL_B_SPLINE_CURVE((1.,0.5,1.,0.5,
1.,0.5,1.)) REPRESENTATION_ITEM('') );
#6977 = CARTESIAN_POINT('',(10.039896798926,9.3));
#6978 = CARTESIAN_POINT('',(10.039896798926,7.394744111674));
#6979 = CARTESIAN_POINT('',(8.389896798926,8.347372055837));
#6980 = CARTESIAN_POINT('',(6.739896798926,9.3));
#6981 = CARTESIAN_POINT('',(8.389896798926,10.252627944163));
#6982 = CARTESIAN_POINT('',(10.039896798926,11.205255888326));
#6983 = CARTESIAN_POINT('',(10.039896798926,9.3));
#6984 = ( GEOMETRIC_REPRESENTATION_CONTEXT(2) 
PARAMETRIC_REPRESENTATION_CONTEXT() REPRESENTATION_CONTEXT('2D SPACE',''
  ) );
#6985 = PCURVE('',#2853,#6986);
#6986 = DEFINITIONAL_REPRESENTATION('',(#6987),#6991);
#6987 = LINE('',#6988,#6989);
#6988 = CARTESIAN_POINT('',(-6.28318530718,-11.));
#6989 = VECTOR('',#6990,1.);
#6990 = DIRECTION('',(1.,-0.));
#6991 = ( GEOMETRIC_REPRESENTATION_CONTEXT(2) 
PARAMETRIC_REPRESENTATION_CONTEXT() REPRESENTATION_CONTEXT('2D SPACE',''
  ) );
#6992 = ORIENTED_EDGE('',*,*,#2812,.T.);
#6993 = ADVANCED_FACE('',(#6994),#2853,.F.);
#6994 = FACE_BOUND('',#6995,.T.);
#6995 = EDGE_LOOP('',(#6996,#6997,#7019,#7020));
#6996 = ORIENTED_EDGE('',*,*,#2838,.F.);
#6997 = ORIENTED_EDGE('',*,*,#6998,.T.);
#6998 = EDGE_CURVE('',#2839,#2865,#6999,.T.);
#6999 = SURFACE_CURVE('',#7000,(#7005,#7012),.PCURVE_S1.);
#7000 = CIRCLE('',#7001,1.1);
#7001 = AXIS2_PLACEMENT_3D('',#7002,#7003,#7004);
#7002 = CARTESIAN_POINT('',(-64.2,0.,22.3));
#7003 = DIRECTION('',(0.,0.,1.));
#7004 = DIRECTION('',(1.,0.,0.));
#7005 = PCURVE('',#2853,#7006);
#7006 = DEFINITIONAL_REPRESENTATION('',(#7007),#7011);
#7007 = LINE('',#7008,#7009);
#7008 = CARTESIAN_POINT('',(-0.,-21.));
#7009 = VECTOR('',#7010,1.);
#7010 = DIRECTION('',(-1.,0.));
#7011 = ( GEOMETRIC_REPRESENTATION_CONTEXT(2) 
PARAMETRIC_REPRESENTATION_CONTEXT() REPRESENTATION_CONTEXT('2D SPACE',''
  ) );
#7012 = PCURVE('',#2879,#7013);
#7013 = DEFINITIONAL_REPRESENTATION('',(#7014),#7018);
#7014 = CIRCLE('',#7015,1.1);
#7015 = AXIS2_PLACEMENT_2D('',#7016,#7017);
#7016 = CARTESIAN_POINT('',(0.,4.490371596874E-17));
#7017 = DIRECTION('',(1.,0.));
#7018 = ( GEOMETRIC_REPRESENTATION_CONTEXT(2) 
PARAMETRIC_REPRESENTATION_CONTEXT() REPRESENTATION_CONTEXT('2D SPACE',''
  ) );
#7019 = ORIENTED_EDGE('',*,*,#2890,.T.);
#7020 = ORIENTED_EDGE('',*,*,#6967,.T.);
#7021 = ADVANCED_FACE('',(#7022),#2879,.F.);
#7022 = FACE_BOUND('',#7023,.F.);
#7023 = EDGE_LOOP('',(#7024,#7025));
#7024 = ORIENTED_EDGE('',*,*,#2864,.T.);
#7025 = ORIENTED_EDGE('',*,*,#6998,.T.);
#7026 = ADVANCED_FACE('',(#7027),#3366,.T.);
#7027 = FACE_BOUND('',#7028,.T.);
#7028 = EDGE_LOOP('',(#7029,#7030,#7031,#7032,#7033,#7034));
#7029 = ORIENTED_EDGE('',*,*,#3351,.T.);
#7030 = ORIENTED_EDGE('',*,*,#3595,.T.);
#7031 = ORIENTED_EDGE('',*,*,#3546,.T.);
#7032 = ORIENTED_EDGE('',*,*,#3497,.T.);
#7033 = ORIENTED_EDGE('',*,*,#3448,.T.);
#7034 = ORIENTED_EDGE('',*,*,#3399,.T.);
#7035 = ADVANCED_FACE('',(#7036),#3914,.T.);
#7036 = FACE_BOUND('',#7037,.T.);
#7037 = EDGE_LOOP('',(#7038,#7039,#7062,#7083));
#7038 = ORIENTED_EDGE('',*,*,#3898,.F.);
#7039 = ORIENTED_EDGE('',*,*,#7040,.F.);
#7040 = EDGE_CURVE('',#7041,#3873,#7043,.T.);
#7041 = VERTEX_POINT('',#7042);
#7042 = CARTESIAN_POINT('',(71.5,-10.45,5.45));
#7043 = SURFACE_CURVE('',#7044,(#7048,#7055),.PCURVE_S1.);
#7044 = LINE('',#7045,#7046);
#7045 = CARTESIAN_POINT('',(-177.4393398282,-186.4766952966,
    -170.5766952966));
#7046 = VECTOR('',#7047,1.);
#7047 = DIRECTION('',(0.707106781187,0.5,0.5));
#7048 = PCURVE('',#3914,#7049);
#7049 = DEFINITIONAL_REPRESENTATION('',(#7050),#7054);
#7050 = LINE('',#7051,#7052);
#7051 = CARTESIAN_POINT('',(354.05339059327,-6.29325035256));
#7052 = VECTOR('',#7053,1.);
#7053 = DIRECTION('',(-1.,0.));
#7054 = ( GEOMETRIC_REPRESENTATION_CONTEXT(2) 
PARAMETRIC_REPRESENTATION_CONTEXT() REPRESENTATION_CONTEXT('2D SPACE',''
  ) );
#7055 = PCURVE('',#3887,#7056);
#7056 = DEFINITIONAL_REPRESENTATION('',(#7057),#7061);
#7057 = LINE('',#7058,#7059);
#7058 = CARTESIAN_POINT('',(249.6464466094,251.06066017178));
#7059 = VECTOR('',#7060,1.);
#7060 = DIRECTION('',(0.707106781187,0.707106781187));
#7061 = ( GEOMETRIC_REPRESENTATION_CONTEXT(2) 
PARAMETRIC_REPRESENTATION_CONTEXT() REPRESENTATION_CONTEXT('2D SPACE',''
  ) );
#7062 = ORIENTED_EDGE('',*,*,#7063,.F.);
#7063 = EDGE_CURVE('',#5141,#7041,#7064,.T.);
#7064 = SURFACE_CURVE('',#7065,(#7069,#7076),.PCURVE_S1.);
#7065 = LINE('',#7066,#7067);
#7066 = CARTESIAN_POINT('',(71.5,8.142135623731,-13.14213562373));
#7067 = VECTOR('',#7068,1.);
#7068 = DIRECTION('',(0.,-0.707106781187,0.707106781187));
#7069 = PCURVE('',#3914,#7070);
#7070 = DEFINITIONAL_REPRESENTATION('',(#7071),#7075);
#7071 = LINE('',#7072,#7073);
#7072 = CARTESIAN_POINT('',(2.,20.));
#7073 = VECTOR('',#7074,1.);
#7074 = DIRECTION('',(0.,-1.));
#7075 = ( GEOMETRIC_REPRESENTATION_CONTEXT(2) 
PARAMETRIC_REPRESENTATION_CONTEXT() REPRESENTATION_CONTEXT('2D SPACE',''
  ) );
#7076 = PCURVE('',#3860,#7077);
#7077 = DEFINITIONAL_REPRESENTATION('',(#7078),#7082);
#7078 = LINE('',#7079,#7080);
#7079 = CARTESIAN_POINT('',(0.,20.));
#7080 = VECTOR('',#7081,1.);
#7081 = DIRECTION('',(0.,-1.));
#7082 = ( GEOMETRIC_REPRESENTATION_CONTEXT(2) 
PARAMETRIC_REPRESENTATION_CONTEXT() REPRESENTATION_CONTEXT('2D SPACE',''
  ) );
#7083 = ORIENTED_EDGE('',*,*,#5161,.F.);
#7084 = ADVANCED_FACE('',(#7085),#3887,.F.);
#7085 = FACE_BOUND('',#7086,.F.);
#7086 = EDGE_LOOP('',(#7087,#7088,#7089));
#7087 = ORIENTED_EDGE('',*,*,#3872,.T.);
#7088 = ORIENTED_EDGE('',*,*,#7040,.F.);
#7089 = ORIENTED_EDGE('',*,*,#7090,.F.);
#7090 = EDGE_CURVE('',#3845,#7041,#7091,.T.);
#7091 = SURFACE_CURVE('',#7092,(#7096,#7103),.PCURVE_S1.);
#7092 = LINE('',#7093,#7094);
#7093 = CARTESIAN_POINT('',(71.146446609407,-10.2,5.7));
#7094 = VECTOR('',#7095,1.);
#7095 = DIRECTION('',(0.707106781187,-0.5,-0.5));
#7096 = PCURVE('',#3887,#7097);
#7097 = DEFINITIONAL_REPRESENTATION('',(#7098),#7102);
#7098 = LINE('',#7099,#7100);
#7099 = CARTESIAN_POINT('',(498.93933982822,499.6464466094));
#7100 = VECTOR('',#7101,1.);
#7101 = DIRECTION('',(-0.707106781187,0.707106781187));
#7102 = ( GEOMETRIC_REPRESENTATION_CONTEXT(2) 
PARAMETRIC_REPRESENTATION_CONTEXT() REPRESENTATION_CONTEXT('2D SPACE',''
  ) );
#7103 = PCURVE('',#3860,#7104);
#7104 = DEFINITIONAL_REPRESENTATION('',(#7105),#7109);
#7105 = LINE('',#7106,#7107);
#7106 = CARTESIAN_POINT('',(0.5,-6.29325035256));
#7107 = VECTOR('',#7108,1.);
#7108 = DIRECTION('',(-1.,0.));
#7109 = ( GEOMETRIC_REPRESENTATION_CONTEXT(2) 
PARAMETRIC_REPRESENTATION_CONTEXT() REPRESENTATION_CONTEXT('2D SPACE',''
  ) );
#7110 = ADVANCED_FACE('',(#7111),#3860,.T.);
#7111 = FACE_BOUND('',#7112,.T.);
#7112 = EDGE_LOOP('',(#7113,#7114,#7115,#7116));
#7113 = ORIENTED_EDGE('',*,*,#5140,.F.);
#7114 = ORIENTED_EDGE('',*,*,#7063,.T.);
#7115 = ORIENTED_EDGE('',*,*,#7090,.F.);
#7116 = ORIENTED_EDGE('',*,*,#3844,.F.);
#7117 = ADVANCED_FACE('',(#7118),#3811,.T.);
#7118 = FACE_BOUND('',#7119,.T.);
#7119 = EDGE_LOOP('',(#7120,#7121,#7144,#7165));
#7120 = ORIENTED_EDGE('',*,*,#3795,.F.);
#7121 = ORIENTED_EDGE('',*,*,#7122,.F.);
#7122 = EDGE_CURVE('',#7123,#3770,#7125,.T.);
#7123 = VERTEX_POINT('',#7124);
#7124 = CARTESIAN_POINT('',(63.7,-10.45,5.45));
#7125 = SURFACE_CURVE('',#7126,(#7130,#7137),.PCURVE_S1.);
#7126 = LINE('',#7127,#7128);
#7127 = CARTESIAN_POINT('',(-185.2393398282,-186.4766952966,
    -170.5766952966));
#7128 = VECTOR('',#7129,1.);
#7129 = DIRECTION('',(0.707106781187,0.5,0.5));
#7130 = PCURVE('',#3811,#7131);
#7131 = DEFINITIONAL_REPRESENTATION('',(#7132),#7136);
#7132 = LINE('',#7133,#7134);
#7133 = CARTESIAN_POINT('',(354.05339059327,-6.29325035256));
#7134 = VECTOR('',#7135,1.);
#7135 = DIRECTION('',(-1.,0.));
#7136 = ( GEOMETRIC_REPRESENTATION_CONTEXT(2) 
PARAMETRIC_REPRESENTATION_CONTEXT() REPRESENTATION_CONTEXT('2D SPACE',''
  ) );
#7137 = PCURVE('',#3784,#7138);
#7138 = DEFINITIONAL_REPRESENTATION('',(#7139),#7143);
#7139 = LINE('',#7140,#7141);
#7140 = CARTESIAN_POINT('',(249.6464466094,251.06066017178));
#7141 = VECTOR('',#7142,1.);
#7142 = DIRECTION('',(0.707106781187,0.707106781187));
#7143 = ( GEOMETRIC_REPRESENTATION_CONTEXT(2) 
PARAMETRIC_REPRESENTATION_CONTEXT() REPRESENTATION_CONTEXT('2D SPACE',''
  ) );
#7144 = ORIENTED_EDGE('',*,*,#7145,.F.);
#7145 = EDGE_CURVE('',#5100,#7123,#7146,.T.);
#7146 = SURFACE_CURVE('',#7147,(#7151,#7158),.PCURVE_S1.);
#7147 = LINE('',#7148,#7149);
#7148 = CARTESIAN_POINT('',(63.7,8.142135623731,-13.14213562373));
#7149 = VECTOR('',#7150,1.);
#7150 = DIRECTION('',(0.,-0.707106781187,0.707106781187));
#7151 = PCURVE('',#3811,#7152);
#7152 = DEFINITIONAL_REPRESENTATION('',(#7153),#7157);
#7153 = LINE('',#7154,#7155);
#7154 = CARTESIAN_POINT('',(2.,20.));
#7155 = VECTOR('',#7156,1.);
#7156 = DIRECTION('',(0.,-1.));
#7157 = ( GEOMETRIC_REPRESENTATION_CONTEXT(2) 
PARAMETRIC_REPRESENTATION_CONTEXT() REPRESENTATION_CONTEXT('2D SPACE',''
  ) );
#7158 = PCURVE('',#3757,#7159);
#7159 = DEFINITIONAL_REPRESENTATION('',(#7160),#7164);
#7160 = LINE('',#7161,#7162);
#7161 = CARTESIAN_POINT('',(0.,20.));
#7162 = VECTOR('',#7163,1.);
#7163 = DIRECTION('',(0.,-1.));
#7164 = ( GEOMETRIC_REPRESENTATION_CONTEXT(2) 
PARAMETRIC_REPRESENTATION_CONTEXT() REPRESENTATION_CONTEXT('2D SPACE',''
  ) );
#7165 = ORIENTED_EDGE('',*,*,#5120,.F.);
#7166 = ADVANCED_FACE('',(#7167),#3784,.F.);
#7167 = FACE_BOUND('',#7168,.F.);
#7168 = EDGE_LOOP('',(#7169,#7170,#7171));
#7169 = ORIENTED_EDGE('',*,*,#3769,.T.);
#7170 = ORIENTED_EDGE('',*,*,#7122,.F.);
#7171 = ORIENTED_EDGE('',*,*,#7172,.F.);
#7172 = EDGE_CURVE('',#3742,#7123,#7173,.T.);
#7173 = SURFACE_CURVE('',#7174,(#7178,#7185),.PCURVE_S1.);
#7174 = LINE('',#7175,#7176);
#7175 = CARTESIAN_POINT('',(63.346446609407,-10.2,5.7));
#7176 = VECTOR('',#7177,1.);
#7177 = DIRECTION('',(0.707106781187,-0.5,-0.5));
#7178 = PCURVE('',#3784,#7179);
#7179 = DEFINITIONAL_REPRESENTATION('',(#7180),#7184);
#7180 = LINE('',#7181,#7182);
#7181 = CARTESIAN_POINT('',(498.93933982822,499.6464466094));
#7182 = VECTOR('',#7183,1.);
#7183 = DIRECTION('',(-0.707106781187,0.707106781187));
#7184 = ( GEOMETRIC_REPRESENTATION_CONTEXT(2) 
PARAMETRIC_REPRESENTATION_CONTEXT() REPRESENTATION_CONTEXT('2D SPACE',''
  ) );
#7185 = PCURVE('',#3757,#7186);
#7186 = DEFINITIONAL_REPRESENTATION('',(#7187),#7191);
#7187 = LINE('',#7188,#7189);
#7188 = CARTESIAN_POINT('',(0.5,-6.29325035256));
#7189 = VECTOR('',#7190,1.);
#7190 = DIRECTION('',(-1.,0.));
#7191 = ( GEOMETRIC_REPRESENTATION_CONTEXT(2) 
PARAMETRIC_REPRESENTATION_CONTEXT() REPRESENTATION_CONTEXT('2D SPACE',''
  ) );
#7192 = ADVANCED_FACE('',(#7193),#3757,.T.);
#7193 = FACE_BOUND('',#7194,.T.);
#7194 = EDGE_LOOP('',(#7195,#7196,#7197,#7198));
#7195 = ORIENTED_EDGE('',*,*,#5099,.F.);
#7196 = ORIENTED_EDGE('',*,*,#7145,.T.);
#7197 = ORIENTED_EDGE('',*,*,#7172,.F.);
#7198 = ORIENTED_EDGE('',*,*,#3741,.F.);
#7199 = ADVANCED_FACE('',(#7200),#4043,.T.);
#7200 = FACE_BOUND('',#7201,.T.);
#7201 = EDGE_LOOP('',(#7202,#7225,#7226,#7227,#7250));
#7202 = ORIENTED_EDGE('',*,*,#7203,.F.);
#7203 = EDGE_CURVE('',#4028,#7204,#7206,.T.);
#7204 = VERTEX_POINT('',#7205);
#7205 = CARTESIAN_POINT('',(73.139896798926,4.8,30.));
#7206 = SURFACE_CURVE('',#7207,(#7211,#7218),.PCURVE_S1.);
#7207 = LINE('',#7208,#7209);
#7208 = CARTESIAN_POINT('',(74.839896798926,6.5,30.));
#7209 = VECTOR('',#7210,1.);
#7210 = DIRECTION('',(-0.707106781187,-0.707106781187,0.));
#7211 = PCURVE('',#4043,#7212);
#7212 = DEFINITIONAL_REPRESENTATION('',(#7213),#7217);
#7213 = LINE('',#7214,#7215);
#7214 = CARTESIAN_POINT('',(0.,0.));
#7215 = VECTOR('',#7216,1.);
#7216 = DIRECTION('',(1.,0.));
#7217 = ( GEOMETRIC_REPRESENTATION_CONTEXT(2) 
PARAMETRIC_REPRESENTATION_CONTEXT() REPRESENTATION_CONTEXT('2D SPACE',''
  ) );
#7218 = PCURVE('',#4071,#7219);
#7219 = DEFINITIONAL_REPRESENTATION('',(#7220),#7224);
#7220 = LINE('',#7221,#7222);
#7221 = CARTESIAN_POINT('',(8.3,13.));
#7222 = VECTOR('',#7223,1.);
#7223 = DIRECTION('',(-0.707106781187,-0.707106781187));
#7224 = ( GEOMETRIC_REPRESENTATION_CONTEXT(2) 
PARAMETRIC_REPRESENTATION_CONTEXT() REPRESENTATION_CONTEXT('2D SPACE',''
  ) );
#7225 = ORIENTED_EDGE('',*,*,#4027,.T.);
#7226 = ORIENTED_EDGE('',*,*,#4693,.T.);
#7227 = ORIENTED_EDGE('',*,*,#7228,.F.);
#7228 = EDGE_CURVE('',#7229,#4694,#7231,.T.);
#7229 = VERTEX_POINT('',#7230);
#7230 = CARTESIAN_POINT('',(73.139896798926,4.8,60.));
#7231 = SURFACE_CURVE('',#7232,(#7236,#7243),.PCURVE_S1.);
#7232 = LINE('',#7233,#7234);
#7233 = CARTESIAN_POINT('',(73.139896798926,4.8,30.));
#7234 = VECTOR('',#7235,1.);
#7235 = DIRECTION('',(0.,0.,1.));
#7236 = PCURVE('',#4043,#7237);
#7237 = DEFINITIONAL_REPRESENTATION('',(#7238),#7242);
#7238 = LINE('',#7239,#7240);
#7239 = CARTESIAN_POINT('',(2.404163056034,0.));
#7240 = VECTOR('',#7241,1.);
#7241 = DIRECTION('',(0.,-1.));
#7242 = ( GEOMETRIC_REPRESENTATION_CONTEXT(2) 
PARAMETRIC_REPRESENTATION_CONTEXT() REPRESENTATION_CONTEXT('2D SPACE',''
  ) );
#7243 = PCURVE('',#4503,#7244);
#7244 = DEFINITIONAL_REPRESENTATION('',(#7245),#7249);
#7245 = LINE('',#7246,#7247);
#7246 = CARTESIAN_POINT('',(0.,-11.3));
#7247 = VECTOR('',#7248,1.);
#7248 = DIRECTION('',(1.,0.));
#7249 = ( GEOMETRIC_REPRESENTATION_CONTEXT(2) 
PARAMETRIC_REPRESENTATION_CONTEXT() REPRESENTATION_CONTEXT('2D SPACE',''
  ) );
#7250 = ORIENTED_EDGE('',*,*,#7251,.F.);
#7251 = EDGE_CURVE('',#7204,#7229,#7252,.T.);
#7252 = SURFACE_CURVE('',#7253,(#7257,#7264),.PCURVE_S1.);
#7253 = LINE('',#7254,#7255);
#7254 = CARTESIAN_POINT('',(73.139896798926,4.8,30.));
#7255 = VECTOR('',#7256,1.);
#7256 = DIRECTION('',(0.,0.,1.));
#7257 = PCURVE('',#4043,#7258);
#7258 = DEFINITIONAL_REPRESENTATION('',(#7259),#7263);
#7259 = LINE('',#7260,#7261);
#7260 = CARTESIAN_POINT('',(2.404163056034,0.));
#7261 = VECTOR('',#7262,1.);
#7262 = DIRECTION('',(0.,-1.));
#7263 = ( GEOMETRIC_REPRESENTATION_CONTEXT(2) 
PARAMETRIC_REPRESENTATION_CONTEXT() REPRESENTATION_CONTEXT('2D SPACE',''
  ) );
#7264 = PCURVE('',#7265,#7270);
#7265 = PLANE('',#7266);
#7266 = AXIS2_PLACEMENT_3D('',#7267,#7268,#7269);
#7267 = CARTESIAN_POINT('',(5.95,4.8,55.2));
#7268 = DIRECTION('',(0.,1.,0.));
#7269 = DIRECTION('',(0.,0.,1.));
#7270 = DEFINITIONAL_REPRESENTATION('',(#7271),#7275);
#7271 = LINE('',#7272,#7273);
#7272 = CARTESIAN_POINT('',(-25.2,67.189896798926));
#7273 = VECTOR('',#7274,1.);
#7274 = DIRECTION('',(1.,0.));
#7275 = ( GEOMETRIC_REPRESENTATION_CONTEXT(2) 
PARAMETRIC_REPRESENTATION_CONTEXT() REPRESENTATION_CONTEXT('2D SPACE',''
  ) );
#7276 = ADVANCED_FACE('',(#7277),#4071,.T.);
#7277 = FACE_BOUND('',#7278,.T.);
#7278 = EDGE_LOOP('',(#7279,#7302,#7323,#7324,#7325));
#7279 = ORIENTED_EDGE('',*,*,#7280,.T.);
#7280 = EDGE_CURVE('',#7204,#7281,#7283,.T.);
#7281 = VERTEX_POINT('',#7282);
#7282 = CARTESIAN_POINT('',(66.539896798926,4.8,30.));
#7283 = SURFACE_CURVE('',#7284,(#7288,#7295),.PCURVE_S1.);
#7284 = LINE('',#7285,#7286);
#7285 = CARTESIAN_POINT('',(74.839896798926,4.8,30.));
#7286 = VECTOR('',#7287,1.);
#7287 = DIRECTION('',(-1.,0.,0.));
#7288 = PCURVE('',#4071,#7289);
#7289 = DEFINITIONAL_REPRESENTATION('',(#7290),#7294);
#7290 = LINE('',#7291,#7292);
#7291 = CARTESIAN_POINT('',(8.3,11.3));
#7292 = VECTOR('',#7293,1.);
#7293 = DIRECTION('',(-1.,0.));
#7294 = ( GEOMETRIC_REPRESENTATION_CONTEXT(2) 
PARAMETRIC_REPRESENTATION_CONTEXT() REPRESENTATION_CONTEXT('2D SPACE',''
  ) );
#7295 = PCURVE('',#7265,#7296);
#7296 = DEFINITIONAL_REPRESENTATION('',(#7297),#7301);
#7297 = LINE('',#7298,#7299);
#7298 = CARTESIAN_POINT('',(-25.2,68.889896798926));
#7299 = VECTOR('',#7300,1.);
#7300 = DIRECTION('',(0.,-1.));
#7301 = ( GEOMETRIC_REPRESENTATION_CONTEXT(2) 
PARAMETRIC_REPRESENTATION_CONTEXT() REPRESENTATION_CONTEXT('2D SPACE',''
  ) );
#7302 = ORIENTED_EDGE('',*,*,#7303,.F.);
#7303 = EDGE_CURVE('',#4409,#7281,#7304,.T.);
#7304 = SURFACE_CURVE('',#7305,(#7309,#7316),.PCURVE_S1.);
#7305 = LINE('',#7306,#7307);
#7306 = CARTESIAN_POINT('',(66.539896798926,-6.5,30.));
#7307 = VECTOR('',#7308,1.);
#7308 = DIRECTION('',(0.,1.,0.));
#7309 = PCURVE('',#4071,#7310);
#7310 = DEFINITIONAL_REPRESENTATION('',(#7311),#7315);
#7311 = LINE('',#7312,#7313);
#7312 = CARTESIAN_POINT('',(0.,0.));
#7313 = VECTOR('',#7314,1.);
#7314 = DIRECTION('',(0.,1.));
#7315 = ( GEOMETRIC_REPRESENTATION_CONTEXT(2) 
PARAMETRIC_REPRESENTATION_CONTEXT() REPRESENTATION_CONTEXT('2D SPACE',''
  ) );
#7316 = PCURVE('',#4447,#7317);
#7317 = DEFINITIONAL_REPRESENTATION('',(#7318),#7322);
#7318 = LINE('',#7319,#7320);
#7319 = CARTESIAN_POINT('',(0.,0.));
#7320 = VECTOR('',#7321,1.);
#7321 = DIRECTION('',(0.,-1.));
#7322 = ( GEOMETRIC_REPRESENTATION_CONTEXT(2) 
PARAMETRIC_REPRESENTATION_CONTEXT() REPRESENTATION_CONTEXT('2D SPACE',''
  ) );
#7323 = ORIENTED_EDGE('',*,*,#4408,.T.);
#7324 = ORIENTED_EDGE('',*,*,#4055,.F.);
#7325 = ORIENTED_EDGE('',*,*,#7203,.T.);
#7326 = ADVANCED_FACE('',(#7327,#7330),#4147,.T.);
#7327 = FACE_BOUND('',#7328,.T.);
#7328 = EDGE_LOOP('',(#7329));
#7329 = ORIENTED_EDGE('',*,*,#4132,.T.);
#7330 = FACE_BOUND('',#7331,.T.);
#7331 = EDGE_LOOP('',(#7332));
#7332 = ORIENTED_EDGE('',*,*,#7333,.F.);
#7333 = EDGE_CURVE('',#7334,#7334,#7336,.T.);
#7334 = VERTEX_POINT('',#7335);
#7335 = CARTESIAN_POINT('',(1.2,-9.,58.5));
#7336 = SURFACE_CURVE('',#7337,(#7342,#7349),.PCURVE_S1.);
#7337 = CIRCLE('',#7338,1.2);
#7338 = AXIS2_PLACEMENT_3D('',#7339,#7340,#7341);
#7339 = CARTESIAN_POINT('',(0.,-9.,58.5));
#7340 = DIRECTION('',(0.,-1.,-1.110223024625E-16));
#7341 = DIRECTION('',(1.,-0.,0.));
#7342 = PCURVE('',#4147,#7343);
#7343 = DEFINITIONAL_REPRESENTATION('',(#7344),#7348);
#7344 = CIRCLE('',#7345,1.2);
#7345 = AXIS2_PLACEMENT_2D('',#7346,#7347);
#7346 = CARTESIAN_POINT('',(8.338049588655E-17,0.));
#7347 = DIRECTION('',(1.,0.));
#7348 = ( GEOMETRIC_REPRESENTATION_CONTEXT(2) 
PARAMETRIC_REPRESENTATION_CONTEXT() REPRESENTATION_CONTEXT('2D SPACE',''
  ) );
#7349 = PCURVE('',#5038,#7350);
#7350 = DEFINITIONAL_REPRESENTATION('',(#7351),#7355);
#7351 = LINE('',#7352,#7353);
#7352 = CARTESIAN_POINT('',(-6.28318530718,-3.));
#7353 = VECTOR('',#7354,1.);
#7354 = DIRECTION('',(1.,-0.));
#7355 = ( GEOMETRIC_REPRESENTATION_CONTEXT(2) 
PARAMETRIC_REPRESENTATION_CONTEXT() REPRESENTATION_CONTEXT('2D SPACE',''
  ) );
#7356 = ADVANCED_FACE('',(#7357),#4200,.F.);
#7357 = FACE_BOUND('',#7358,.F.);
#7358 = EDGE_LOOP('',(#7359,#7360,#7380,#7402));
#7359 = ORIENTED_EDGE('',*,*,#4185,.T.);
#7360 = ORIENTED_EDGE('',*,*,#7361,.T.);
#7361 = EDGE_CURVE('',#4163,#7362,#7364,.T.);
#7362 = VERTEX_POINT('',#7363);
#7363 = CARTESIAN_POINT('',(18.15,-7.05,59.35));
#7364 = SEAM_CURVE('',#7365,(#7368,#7374),.PCURVE_S1.);
#7365 = B_SPLINE_CURVE_WITH_KNOTS('',1,(#7366,#7367),.UNSPECIFIED.,.F.,
  .F.,(2,2),(0.,1.),.PIECEWISE_BEZIER_KNOTS.);
#7366 = CARTESIAN_POINT('',(18.6,-7.5,59.35));
#7367 = CARTESIAN_POINT('',(18.15,-7.05,59.35));
#7368 = PCURVE('',#4200,#7369);
#7369 = DEFINITIONAL_REPRESENTATION('',(#7370),#7373);
#7370 = B_SPLINE_CURVE_WITH_KNOTS('',1,(#7371,#7372),.UNSPECIFIED.,.F.,
  .F.,(2,2),(0.,1.),.PIECEWISE_BEZIER_KNOTS.);
#7371 = CARTESIAN_POINT('',(-6.28318530718,0.));
#7372 = CARTESIAN_POINT('',(-6.28318530718,-0.45));
#7373 = ( GEOMETRIC_REPRESENTATION_CONTEXT(2) 
PARAMETRIC_REPRESENTATION_CONTEXT() REPRESENTATION_CONTEXT('2D SPACE',''
  ) );
#7374 = PCURVE('',#4200,#7375);
#7375 = DEFINITIONAL_REPRESENTATION('',(#7376),#7379);
#7376 = B_SPLINE_CURVE_WITH_KNOTS('',1,(#7377,#7378),.UNSPECIFIED.,.F.,
  .F.,(2,2),(0.,1.),.PIECEWISE_BEZIER_KNOTS.);
#7377 = CARTESIAN_POINT('',(0.,0.));
#7378 = CARTESIAN_POINT('',(0.,-0.45));
#7379 = ( GEOMETRIC_REPRESENTATION_CONTEXT(2) 
PARAMETRIC_REPRESENTATION_CONTEXT() REPRESENTATION_CONTEXT('2D SPACE',''
  ) );
#7380 = ORIENTED_EDGE('',*,*,#7381,.F.);
#7381 = EDGE_CURVE('',#7362,#7362,#7382,.T.);
#7382 = SURFACE_CURVE('',#7383,(#7388,#7395),.PCURVE_S1.);
#7383 = CIRCLE('',#7384,1.2);
#7384 = AXIS2_PLACEMENT_3D('',#7385,#7386,#7387);
#7385 = CARTESIAN_POINT('',(16.95,-7.05,59.35));
#7386 = DIRECTION('',(-0.,1.,1.110223024625E-16));
#7387 = DIRECTION('',(1.,0.,0.));
#7388 = PCURVE('',#4200,#7389);
#7389 = DEFINITIONAL_REPRESENTATION('',(#7390),#7394);
#7390 = LINE('',#7391,#7392);
#7391 = CARTESIAN_POINT('',(-0.,-0.45));
#7392 = VECTOR('',#7393,1.);
#7393 = DIRECTION('',(-1.,-0.));
#7394 = ( GEOMETRIC_REPRESENTATION_CONTEXT(2) 
PARAMETRIC_REPRESENTATION_CONTEXT() REPRESENTATION_CONTEXT('2D SPACE',''
  ) );
#7395 = PCURVE('',#4564,#7396);
#7396 = DEFINITIONAL_REPRESENTATION('',(#7397),#7401);
#7397 = LINE('',#7398,#7399);
#7398 = CARTESIAN_POINT('',(-0.,-4.95));
#7399 = VECTOR('',#7400,1.);
#7400 = DIRECTION('',(-1.,0.));
#7401 = ( GEOMETRIC_REPRESENTATION_CONTEXT(2) 
PARAMETRIC_REPRESENTATION_CONTEXT() REPRESENTATION_CONTEXT('2D SPACE',''
  ) );
#7402 = ORIENTED_EDGE('',*,*,#7361,.F.);
#7403 = ADVANCED_FACE('',(#7404,#7435),#4257,.F.);
#7404 = FACE_BOUND('',#7405,.F.);
#7405 = EDGE_LOOP('',(#7406));
#7406 = ORIENTED_EDGE('',*,*,#7407,.T.);
#7407 = EDGE_CURVE('',#7408,#7408,#7410,.T.);
#7408 = VERTEX_POINT('',#7409);
#7409 = CARTESIAN_POINT('',(68.85,8.5,10.));
#7410 = SURFACE_CURVE('',#7411,(#7416,#7423),.PCURVE_S1.);
#7411 = CIRCLE('',#7412,1.65);
#7412 = AXIS2_PLACEMENT_3D('',#7413,#7414,#7415);
#7413 = CARTESIAN_POINT('',(67.2,8.5,10.));
#7414 = DIRECTION('',(0.,-1.,1.110223024625E-16));
#7415 = DIRECTION('',(1.,0.,0.));
#7416 = PCURVE('',#4257,#7417);
#7417 = DEFINITIONAL_REPRESENTATION('',(#7418),#7422);
#7418 = CIRCLE('',#7419,1.65);
#7419 = AXIS2_PLACEMENT_2D('',#7420,#7421);
#7420 = CARTESIAN_POINT('',(0.,0.));
#7421 = DIRECTION('',(1.,0.));
#7422 = ( GEOMETRIC_REPRESENTATION_CONTEXT(2) 
PARAMETRIC_REPRESENTATION_CONTEXT() REPRESENTATION_CONTEXT('2D SPACE',''
  ) );
#7423 = PCURVE('',#7424,#7429);
#7424 = CYLINDRICAL_SURFACE('',#7425,1.65);
#7425 = AXIS2_PLACEMENT_3D('',#7426,#7427,#7428);
#7426 = CARTESIAN_POINT('',(67.2,12.,10.));
#7427 = DIRECTION('',(-0.,1.,-1.110223024625E-16));
#7428 = DIRECTION('',(1.,0.,0.));
#7429 = DEFINITIONAL_REPRESENTATION('',(#7430),#7434);
#7430 = LINE('',#7431,#7432);
#7431 = CARTESIAN_POINT('',(-0.,-3.5));
#7432 = VECTOR('',#7433,1.);
#7433 = DIRECTION('',(-1.,0.));
#7434 = ( GEOMETRIC_REPRESENTATION_CONTEXT(2) 
PARAMETRIC_REPRESENTATION_CONTEXT() REPRESENTATION_CONTEXT('2D SPACE',''
  ) );
#7435 = FACE_BOUND('',#7436,.F.);
#7436 = EDGE_LOOP('',(#7437));
#7437 = ORIENTED_EDGE('',*,*,#4242,.F.);
#7438 = ADVANCED_FACE('',(#7439),#4310,.F.);
#7439 = FACE_BOUND('',#7440,.F.);
#7440 = EDGE_LOOP('',(#7441,#7442,#7462,#7484));
#7441 = ORIENTED_EDGE('',*,*,#4295,.T.);
#7442 = ORIENTED_EDGE('',*,*,#7443,.T.);
#7443 = EDGE_CURVE('',#4273,#7444,#7446,.T.);
#7444 = VERTEX_POINT('',#7445);
#7445 = CARTESIAN_POINT('',(71.889896798926,-7.05,41.));
#7446 = SEAM_CURVE('',#7447,(#7450,#7456),.PCURVE_S1.);
#7447 = B_SPLINE_CURVE_WITH_KNOTS('',1,(#7448,#7449),.UNSPECIFIED.,.F.,
  .F.,(2,2),(0.,1.),.PIECEWISE_BEZIER_KNOTS.);
#7448 = CARTESIAN_POINT('',(72.339896798926,-7.5,41.));
#7449 = CARTESIAN_POINT('',(71.889896798926,-7.05,41.));
#7450 = PCURVE('',#4310,#7451);
#7451 = DEFINITIONAL_REPRESENTATION('',(#7452),#7455);
#7452 = B_SPLINE_CURVE_WITH_KNOTS('',1,(#7453,#7454),.UNSPECIFIED.,.F.,
  .F.,(2,2),(0.,1.),.PIECEWISE_BEZIER_KNOTS.);
#7453 = CARTESIAN_POINT('',(-6.28318530718,0.));
#7454 = CARTESIAN_POINT('',(-6.28318530718,-0.45));
#7455 = ( GEOMETRIC_REPRESENTATION_CONTEXT(2) 
PARAMETRIC_REPRESENTATION_CONTEXT() REPRESENTATION_CONTEXT('2D SPACE',''
  ) );
#7456 = PCURVE('',#4310,#7457);
#7457 = DEFINITIONAL_REPRESENTATION('',(#7458),#7461);
#7458 = B_SPLINE_CURVE_WITH_KNOTS('',1,(#7459,#7460),.UNSPECIFIED.,.F.,
  .F.,(2,2),(0.,1.),.PIECEWISE_BEZIER_KNOTS.);
#7459 = CARTESIAN_POINT('',(0.,0.));
#7460 = CARTESIAN_POINT('',(0.,-0.45));
#7461 = ( GEOMETRIC_REPRESENTATION_CONTEXT(2) 
PARAMETRIC_REPRESENTATION_CONTEXT() REPRESENTATION_CONTEXT('2D SPACE',''
  ) );
#7462 = ORIENTED_EDGE('',*,*,#7463,.F.);
#7463 = EDGE_CURVE('',#7444,#7444,#7464,.T.);
#7464 = SURFACE_CURVE('',#7465,(#7470,#7477),.PCURVE_S1.);
#7465 = CIRCLE('',#7466,1.2);
#7466 = AXIS2_PLACEMENT_3D('',#7467,#7468,#7469);
#7467 = CARTESIAN_POINT('',(70.689896798926,-7.05,41.));
#7468 = DIRECTION('',(-0.,1.,1.110223024625E-16));
#7469 = DIRECTION('',(1.,0.,0.));
#7470 = PCURVE('',#4310,#7471);
#7471 = DEFINITIONAL_REPRESENTATION('',(#7472),#7476);
#7472 = LINE('',#7473,#7474);
#7473 = CARTESIAN_POINT('',(-0.,-0.45));
#7474 = VECTOR('',#7475,1.);
#7475 = DIRECTION('',(-1.,-0.));
#7476 = ( GEOMETRIC_REPRESENTATION_CONTEXT(2) 
PARAMETRIC_REPRESENTATION_CONTEXT() REPRESENTATION_CONTEXT('2D SPACE',''
  ) );
#7477 = PCURVE('',#4599,#7478);
#7478 = DEFINITIONAL_REPRESENTATION('',(#7479),#7483);
#7479 = LINE('',#7480,#7481);
#7480 = CARTESIAN_POINT('',(-0.,-4.95));
#7481 = VECTOR('',#7482,1.);
#7482 = DIRECTION('',(-1.,0.));
#7483 = ( GEOMETRIC_REPRESENTATION_CONTEXT(2) 
PARAMETRIC_REPRESENTATION_CONTEXT() REPRESENTATION_CONTEXT('2D SPACE',''
  ) );
#7484 = ORIENTED_EDGE('',*,*,#7443,.F.);
#7485 = ADVANCED_FACE('',(#7486),#4345,.F.);
#7486 = FACE_BOUND('',#7487,.F.);
#7487 = EDGE_LOOP('',(#7488,#7489,#7512,#7533));
#7488 = ORIENTED_EDGE('',*,*,#4327,.F.);
#7489 = ORIENTED_EDGE('',*,*,#7490,.T.);
#7490 = EDGE_CURVE('',#4328,#7491,#7493,.T.);
#7491 = VERTEX_POINT('',#7492);
#7492 = CARTESIAN_POINT('',(28.95,4.8,55.2));
#7493 = SURFACE_CURVE('',#7494,(#7498,#7505),.PCURVE_S1.);
#7494 = LINE('',#7495,#7496);
#7495 = CARTESIAN_POINT('',(28.95,-6.5,55.2));
#7496 = VECTOR('',#7497,1.);
#7497 = DIRECTION('',(0.,1.,0.));
#7498 = PCURVE('',#4345,#7499);
#7499 = DEFINITIONAL_REPRESENTATION('',(#7500),#7504);
#7500 = LINE('',#7501,#7502);
#7501 = CARTESIAN_POINT('',(0.,0.));
#7502 = VECTOR('',#7503,1.);
#7503 = DIRECTION('',(0.,-1.));
#7504 = ( GEOMETRIC_REPRESENTATION_CONTEXT(2) 
PARAMETRIC_REPRESENTATION_CONTEXT() REPRESENTATION_CONTEXT('2D SPACE',''
  ) );
#7505 = PCURVE('',#4373,#7506);
#7506 = DEFINITIONAL_REPRESENTATION('',(#7507),#7511);
#7507 = LINE('',#7508,#7509);
#7508 = CARTESIAN_POINT('',(23.,0.));
#7509 = VECTOR('',#7510,1.);
#7510 = DIRECTION('',(0.,1.));
#7511 = ( GEOMETRIC_REPRESENTATION_CONTEXT(2) 
PARAMETRIC_REPRESENTATION_CONTEXT() REPRESENTATION_CONTEXT('2D SPACE',''
  ) );
#7512 = ORIENTED_EDGE('',*,*,#7513,.T.);
#7513 = EDGE_CURVE('',#7491,#4715,#7514,.T.);
#7514 = SURFACE_CURVE('',#7515,(#7519,#7526),.PCURVE_S1.);
#7515 = LINE('',#7516,#7517);
#7516 = CARTESIAN_POINT('',(28.95,4.8,55.2));
#7517 = VECTOR('',#7518,1.);
#7518 = DIRECTION('',(0.,0.,1.));
#7519 = PCURVE('',#4345,#7520);
#7520 = DEFINITIONAL_REPRESENTATION('',(#7521),#7525);
#7521 = LINE('',#7522,#7523);
#7522 = CARTESIAN_POINT('',(0.,-11.3));
#7523 = VECTOR('',#7524,1.);
#7524 = DIRECTION('',(1.,0.));
#7525 = ( GEOMETRIC_REPRESENTATION_CONTEXT(2) 
PARAMETRIC_REPRESENTATION_CONTEXT() REPRESENTATION_CONTEXT('2D SPACE',''
  ) );
#7526 = PCURVE('',#4653,#7527);
#7527 = DEFINITIONAL_REPRESENTATION('',(#7528),#7532);
#7528 = LINE('',#7529,#7530);
#7529 = CARTESIAN_POINT('',(0.,23.));
#7530 = VECTOR('',#7531,1.);
#7531 = DIRECTION('',(1.,0.));
#7532 = ( GEOMETRIC_REPRESENTATION_CONTEXT(2) 
PARAMETRIC_REPRESENTATION_CONTEXT() REPRESENTATION_CONTEXT('2D SPACE',''
  ) );
#7533 = ORIENTED_EDGE('',*,*,#7534,.T.);
#7534 = EDGE_CURVE('',#4715,#4330,#7535,.T.);
#7535 = SURFACE_CURVE('',#7536,(#7540,#7546),.PCURVE_S1.);
#7536 = LINE('',#7537,#7538);
#7537 = CARTESIAN_POINT('',(28.95,-6.5,61.8));
#7538 = VECTOR('',#7539,1.);
#7539 = DIRECTION('',(0.,-1.,0.));
#7540 = PCURVE('',#4345,#7541);
#7541 = DEFINITIONAL_REPRESENTATION('',(#7542),#7545);
#7542 = B_SPLINE_CURVE_WITH_KNOTS('',1,(#7543,#7544),.UNSPECIFIED.,.F.,
  .F.,(2,2),(-11.3,0.),.PIECEWISE_BEZIER_KNOTS.);
#7543 = CARTESIAN_POINT('',(6.6,-11.3));
#7544 = CARTESIAN_POINT('',(6.6,0.));
#7545 = ( GEOMETRIC_REPRESENTATION_CONTEXT(2) 
PARAMETRIC_REPRESENTATION_CONTEXT() REPRESENTATION_CONTEXT('2D SPACE',''
  ) );
#7546 = PCURVE('',#4529,#7547);
#7547 = DEFINITIONAL_REPRESENTATION('',(#7548),#7551);
#7548 = B_SPLINE_CURVE_WITH_KNOTS('',1,(#7549,#7550),.UNSPECIFIED.,.F.,
  .F.,(2,2),(-11.3,0.),.PIECEWISE_BEZIER_KNOTS.);
#7549 = CARTESIAN_POINT('',(23.,11.3));
#7550 = CARTESIAN_POINT('',(23.,0.));
#7551 = ( GEOMETRIC_REPRESENTATION_CONTEXT(2) 
PARAMETRIC_REPRESENTATION_CONTEXT() REPRESENTATION_CONTEXT('2D SPACE',''
  ) );
#7552 = ADVANCED_FACE('',(#7553),#4373,.T.);
#7553 = FACE_BOUND('',#7554,.T.);
#7554 = EDGE_LOOP('',(#7555,#7556,#7557,#7558));
#7555 = ORIENTED_EDGE('',*,*,#4665,.F.);
#7556 = ORIENTED_EDGE('',*,*,#4357,.T.);
#7557 = ORIENTED_EDGE('',*,*,#7490,.T.);
#7558 = ORIENTED_EDGE('',*,*,#7559,.F.);
#7559 = EDGE_CURVE('',#4638,#7491,#7560,.T.);
#7560 = SURFACE_CURVE('',#7561,(#7565,#7572),.PCURVE_S1.);
#7561 = LINE('',#7562,#7563);
#7562 = CARTESIAN_POINT('',(5.95,4.8,55.2));
#7563 = VECTOR('',#7564,1.);
#7564 = DIRECTION('',(1.,0.,0.));
#7565 = PCURVE('',#4373,#7566);
#7566 = DEFINITIONAL_REPRESENTATION('',(#7567),#7571);
#7567 = LINE('',#7568,#7569);
#7568 = CARTESIAN_POINT('',(0.,11.3));
#7569 = VECTOR('',#7570,1.);
#7570 = DIRECTION('',(1.,0.));
#7571 = ( GEOMETRIC_REPRESENTATION_CONTEXT(2) 
PARAMETRIC_REPRESENTATION_CONTEXT() REPRESENTATION_CONTEXT('2D SPACE',''
  ) );
#7572 = PCURVE('',#4653,#7573);
#7573 = DEFINITIONAL_REPRESENTATION('',(#7574),#7578);
#7574 = LINE('',#7575,#7576);
#7575 = CARTESIAN_POINT('',(0.,0.));
#7576 = VECTOR('',#7577,1.);
#7577 = DIRECTION('',(0.,1.));
#7578 = ( GEOMETRIC_REPRESENTATION_CONTEXT(2) 
PARAMETRIC_REPRESENTATION_CONTEXT() REPRESENTATION_CONTEXT('2D SPACE',''
  ) );
#7579 = ADVANCED_FACE('',(#7580),#4529,.T.);
#7580 = FACE_BOUND('',#7581,.T.);
#7581 = EDGE_LOOP('',(#7582,#7583,#7584,#7585));
#7582 = ORIENTED_EDGE('',*,*,#4714,.F.);
#7583 = ORIENTED_EDGE('',*,*,#7534,.T.);
#7584 = ORIENTED_EDGE('',*,*,#4515,.T.);
#7585 = ORIENTED_EDGE('',*,*,#7586,.T.);
#7586 = EDGE_CURVE('',#4488,#4694,#7587,.T.);
#7587 = SURFACE_CURVE('',#7588,(#7592,#7598),.PCURVE_S1.);
#7588 = LINE('',#7589,#7590);
#7589 = CARTESIAN_POINT('',(73.139896798926,-6.5,61.8));
#7590 = VECTOR('',#7591,1.);
#7591 = DIRECTION('',(0.,1.,0.));
#7592 = PCURVE('',#4529,#7593);
#7593 = DEFINITIONAL_REPRESENTATION('',(#7594),#7597);
#7594 = B_SPLINE_CURVE_WITH_KNOTS('',1,(#7595,#7596),.UNSPECIFIED.,.F.,
  .F.,(2,2),(0.,11.3),.PIECEWISE_BEZIER_KNOTS.);
#7595 = CARTESIAN_POINT('',(67.189896798926,0.));
#7596 = CARTESIAN_POINT('',(67.189896798926,11.3));
#7597 = ( GEOMETRIC_REPRESENTATION_CONTEXT(2) 
PARAMETRIC_REPRESENTATION_CONTEXT() REPRESENTATION_CONTEXT('2D SPACE',''
  ) );
#7598 = PCURVE('',#4503,#7599);
#7599 = DEFINITIONAL_REPRESENTATION('',(#7600),#7603);
#7600 = B_SPLINE_CURVE_WITH_KNOTS('',1,(#7601,#7602),.UNSPECIFIED.,.F.,
  .F.,(2,2),(0.,11.3),.PIECEWISE_BEZIER_KNOTS.);
#7601 = CARTESIAN_POINT('',(31.8,0.));
#7602 = CARTESIAN_POINT('',(31.8,-11.3));
#7603 = ( GEOMETRIC_REPRESENTATION_CONTEXT(2) 
PARAMETRIC_REPRESENTATION_CONTEXT() REPRESENTATION_CONTEXT('2D SPACE',''
  ) );
#7604 = ADVANCED_FACE('',(#7605),#4503,.T.);
#7605 = FACE_BOUND('',#7606,.T.);
#7606 = EDGE_LOOP('',(#7607,#7608,#7627,#7628));
#7607 = ORIENTED_EDGE('',*,*,#4487,.F.);
#7608 = ORIENTED_EDGE('',*,*,#7609,.T.);
#7609 = EDGE_CURVE('',#4460,#7229,#7610,.T.);
#7610 = SURFACE_CURVE('',#7611,(#7615,#7621),.PCURVE_S1.);
#7611 = LINE('',#7612,#7613);
#7612 = CARTESIAN_POINT('',(73.139896798926,-6.5,60.));
#7613 = VECTOR('',#7614,1.);
#7614 = DIRECTION('',(0.,1.,0.));
#7615 = PCURVE('',#4503,#7616);
#7616 = DEFINITIONAL_REPRESENTATION('',(#7617),#7620);
#7617 = B_SPLINE_CURVE_WITH_KNOTS('',1,(#7618,#7619),.UNSPECIFIED.,.F.,
  .F.,(2,2),(0.,11.3),.PIECEWISE_BEZIER_KNOTS.);
#7618 = CARTESIAN_POINT('',(30.,0.));
#7619 = CARTESIAN_POINT('',(30.,-11.3));
#7620 = ( GEOMETRIC_REPRESENTATION_CONTEXT(2) 
PARAMETRIC_REPRESENTATION_CONTEXT() REPRESENTATION_CONTEXT('2D SPACE',''
  ) );
#7621 = PCURVE('',#4475,#7622);
#7622 = DEFINITIONAL_REPRESENTATION('',(#7623),#7626);
#7623 = B_SPLINE_CURVE_WITH_KNOTS('',1,(#7624,#7625),.UNSPECIFIED.,.F.,
  .F.,(2,2),(0.,11.3),.PIECEWISE_BEZIER_KNOTS.);
#7624 = CARTESIAN_POINT('',(6.6,0.));
#7625 = CARTESIAN_POINT('',(6.6,11.3));
#7626 = ( GEOMETRIC_REPRESENTATION_CONTEXT(2) 
PARAMETRIC_REPRESENTATION_CONTEXT() REPRESENTATION_CONTEXT('2D SPACE',''
  ) );
#7627 = ORIENTED_EDGE('',*,*,#7228,.T.);
#7628 = ORIENTED_EDGE('',*,*,#7586,.F.);
#7629 = ADVANCED_FACE('',(#7630),#4475,.F.);
#7630 = FACE_BOUND('',#7631,.F.);
#7631 = EDGE_LOOP('',(#7632,#7655,#7676,#7677));
#7632 = ORIENTED_EDGE('',*,*,#7633,.F.);
#7633 = EDGE_CURVE('',#7634,#7229,#7636,.T.);
#7634 = VERTEX_POINT('',#7635);
#7635 = CARTESIAN_POINT('',(66.539896798926,4.8,60.));
#7636 = SURFACE_CURVE('',#7637,(#7641,#7648),.PCURVE_S1.);
#7637 = LINE('',#7638,#7639);
#7638 = CARTESIAN_POINT('',(66.539896798926,4.8,60.));
#7639 = VECTOR('',#7640,1.);
#7640 = DIRECTION('',(1.,0.,0.));
#7641 = PCURVE('',#4475,#7642);
#7642 = DEFINITIONAL_REPRESENTATION('',(#7643),#7647);
#7643 = LINE('',#7644,#7645);
#7644 = CARTESIAN_POINT('',(0.,11.3));
#7645 = VECTOR('',#7646,1.);
#7646 = DIRECTION('',(1.,0.));
#7647 = ( GEOMETRIC_REPRESENTATION_CONTEXT(2) 
PARAMETRIC_REPRESENTATION_CONTEXT() REPRESENTATION_CONTEXT('2D SPACE',''
  ) );
#7648 = PCURVE('',#7265,#7649);
#7649 = DEFINITIONAL_REPRESENTATION('',(#7650),#7654);
#7650 = LINE('',#7651,#7652);
#7651 = CARTESIAN_POINT('',(4.8,60.589896798926));
#7652 = VECTOR('',#7653,1.);
#7653 = DIRECTION('',(0.,1.));
#7654 = ( GEOMETRIC_REPRESENTATION_CONTEXT(2) 
PARAMETRIC_REPRESENTATION_CONTEXT() REPRESENTATION_CONTEXT('2D SPACE',''
  ) );
#7655 = ORIENTED_EDGE('',*,*,#7656,.F.);
#7656 = EDGE_CURVE('',#4432,#7634,#7657,.T.);
#7657 = SURFACE_CURVE('',#7658,(#7662,#7669),.PCURVE_S1.);
#7658 = LINE('',#7659,#7660);
#7659 = CARTESIAN_POINT('',(66.539896798926,-6.5,60.));
#7660 = VECTOR('',#7661,1.);
#7661 = DIRECTION('',(0.,1.,0.));
#7662 = PCURVE('',#4475,#7663);
#7663 = DEFINITIONAL_REPRESENTATION('',(#7664),#7668);
#7664 = LINE('',#7665,#7666);
#7665 = CARTESIAN_POINT('',(0.,0.));
#7666 = VECTOR('',#7667,1.);
#7667 = DIRECTION('',(0.,1.));
#7668 = ( GEOMETRIC_REPRESENTATION_CONTEXT(2) 
PARAMETRIC_REPRESENTATION_CONTEXT() REPRESENTATION_CONTEXT('2D SPACE',''
  ) );
#7669 = PCURVE('',#4447,#7670);
#7670 = DEFINITIONAL_REPRESENTATION('',(#7671),#7675);
#7671 = LINE('',#7672,#7673);
#7672 = CARTESIAN_POINT('',(30.,0.));
#7673 = VECTOR('',#7674,1.);
#7674 = DIRECTION('',(0.,-1.));
#7675 = ( GEOMETRIC_REPRESENTATION_CONTEXT(2) 
PARAMETRIC_REPRESENTATION_CONTEXT() REPRESENTATION_CONTEXT('2D SPACE',''
  ) );
#7676 = ORIENTED_EDGE('',*,*,#4459,.T.);
#7677 = ORIENTED_EDGE('',*,*,#7609,.T.);
#7678 = ADVANCED_FACE('',(#7679),#4447,.T.);
#7679 = FACE_BOUND('',#7680,.T.);
#7680 = EDGE_LOOP('',(#7681,#7682,#7683,#7704));
#7681 = ORIENTED_EDGE('',*,*,#4431,.F.);
#7682 = ORIENTED_EDGE('',*,*,#7303,.T.);
#7683 = ORIENTED_EDGE('',*,*,#7684,.T.);
#7684 = EDGE_CURVE('',#7281,#7634,#7685,.T.);
#7685 = SURFACE_CURVE('',#7686,(#7690,#7697),.PCURVE_S1.);
#7686 = LINE('',#7687,#7688);
#7687 = CARTESIAN_POINT('',(66.539896798926,4.8,30.));
#7688 = VECTOR('',#7689,1.);
#7689 = DIRECTION('',(0.,0.,1.));
#7690 = PCURVE('',#4447,#7691);
#7691 = DEFINITIONAL_REPRESENTATION('',(#7692),#7696);
#7692 = LINE('',#7693,#7694);
#7693 = CARTESIAN_POINT('',(0.,-11.3));
#7694 = VECTOR('',#7695,1.);
#7695 = DIRECTION('',(1.,0.));
#7696 = ( GEOMETRIC_REPRESENTATION_CONTEXT(2) 
PARAMETRIC_REPRESENTATION_CONTEXT() REPRESENTATION_CONTEXT('2D SPACE',''
  ) );
#7697 = PCURVE('',#7265,#7698);
#7698 = DEFINITIONAL_REPRESENTATION('',(#7699),#7703);
#7699 = LINE('',#7700,#7701);
#7700 = CARTESIAN_POINT('',(-25.2,60.589896798926));
#7701 = VECTOR('',#7702,1.);
#7702 = DIRECTION('',(1.,0.));
#7703 = ( GEOMETRIC_REPRESENTATION_CONTEXT(2) 
PARAMETRIC_REPRESENTATION_CONTEXT() REPRESENTATION_CONTEXT('2D SPACE',''
  ) );
#7704 = ORIENTED_EDGE('',*,*,#7656,.F.);
#7705 = ADVANCED_FACE('',(#7706),#4564,.F.);
#7706 = FACE_BOUND('',#7707,.T.);
#7707 = EDGE_LOOP('',(#7708,#7709,#7730,#7731));
#7708 = ORIENTED_EDGE('',*,*,#7381,.F.);
#7709 = ORIENTED_EDGE('',*,*,#7710,.T.);
#7710 = EDGE_CURVE('',#7362,#4544,#7711,.T.);
#7711 = SEAM_CURVE('',#7712,(#7716,#7723),.PCURVE_S1.);
#7712 = LINE('',#7713,#7714);
#7713 = CARTESIAN_POINT('',(18.15,-12.,59.35));
#7714 = VECTOR('',#7715,1.);
#7715 = DIRECTION('',(0.,1.,1.110223024625E-16));
#7716 = PCURVE('',#4564,#7717);
#7717 = DEFINITIONAL_REPRESENTATION('',(#7718),#7722);
#7718 = LINE('',#7719,#7720);
#7719 = CARTESIAN_POINT('',(-6.28318530718,0.));
#7720 = VECTOR('',#7721,1.);
#7721 = DIRECTION('',(-0.,-1.));
#7722 = ( GEOMETRIC_REPRESENTATION_CONTEXT(2) 
PARAMETRIC_REPRESENTATION_CONTEXT() REPRESENTATION_CONTEXT('2D SPACE',''
  ) );
#7723 = PCURVE('',#4564,#7724);
#7724 = DEFINITIONAL_REPRESENTATION('',(#7725),#7729);
#7725 = LINE('',#7726,#7727);
#7726 = CARTESIAN_POINT('',(-0.,0.));
#7727 = VECTOR('',#7728,1.);
#7728 = DIRECTION('',(-0.,-1.));
#7729 = ( GEOMETRIC_REPRESENTATION_CONTEXT(2) 
PARAMETRIC_REPRESENTATION_CONTEXT() REPRESENTATION_CONTEXT('2D SPACE',''
  ) );
#7730 = ORIENTED_EDGE('',*,*,#4543,.F.);
#7731 = ORIENTED_EDGE('',*,*,#7710,.F.);
#7732 = ADVANCED_FACE('',(#7733),#4599,.F.);
#7733 = FACE_BOUND('',#7734,.T.);
#7734 = EDGE_LOOP('',(#7735,#7736,#7757,#7758));
#7735 = ORIENTED_EDGE('',*,*,#7463,.F.);
#7736 = ORIENTED_EDGE('',*,*,#7737,.T.);
#7737 = EDGE_CURVE('',#7444,#4579,#7738,.T.);
#7738 = SEAM_CURVE('',#7739,(#7743,#7750),.PCURVE_S1.);
#7739 = LINE('',#7740,#7741);
#7740 = CARTESIAN_POINT('',(71.889896798926,-12.,41.));
#7741 = VECTOR('',#7742,1.);
#7742 = DIRECTION('',(0.,1.,1.110223024625E-16));
#7743 = PCURVE('',#4599,#7744);
#7744 = DEFINITIONAL_REPRESENTATION('',(#7745),#7749);
#7745 = LINE('',#7746,#7747);
#7746 = CARTESIAN_POINT('',(-6.28318530718,0.));
#7747 = VECTOR('',#7748,1.);
#7748 = DIRECTION('',(-0.,-1.));
#7749 = ( GEOMETRIC_REPRESENTATION_CONTEXT(2) 
PARAMETRIC_REPRESENTATION_CONTEXT() REPRESENTATION_CONTEXT('2D SPACE',''
  ) );
#7750 = PCURVE('',#4599,#7751);
#7751 = DEFINITIONAL_REPRESENTATION('',(#7752),#7756);
#7752 = LINE('',#7753,#7754);
#7753 = CARTESIAN_POINT('',(-0.,0.));
#7754 = VECTOR('',#7755,1.);
#7755 = DIRECTION('',(-0.,-1.));
#7756 = ( GEOMETRIC_REPRESENTATION_CONTEXT(2) 
PARAMETRIC_REPRESENTATION_CONTEXT() REPRESENTATION_CONTEXT('2D SPACE',''
  ) );
#7757 = ORIENTED_EDGE('',*,*,#4578,.F.);
#7758 = ORIENTED_EDGE('',*,*,#7737,.F.);
#7759 = ADVANCED_FACE('',(#7760,#7766),#4653,.F.);
#7760 = FACE_BOUND('',#7761,.F.);
#7761 = EDGE_LOOP('',(#7762,#7763,#7764,#7765));
#7762 = ORIENTED_EDGE('',*,*,#7513,.F.);
#7763 = ORIENTED_EDGE('',*,*,#7559,.F.);
#7764 = ORIENTED_EDGE('',*,*,#4637,.F.);
#7765 = ORIENTED_EDGE('',*,*,#4737,.T.);
#7766 = FACE_BOUND('',#7767,.F.);
#7767 = EDGE_LOOP('',(#7768));
#7768 = ORIENTED_EDGE('',*,*,#7769,.T.);
#7769 = EDGE_CURVE('',#7770,#7770,#7772,.T.);
#7770 = VERTEX_POINT('',#7771);
#7771 = CARTESIAN_POINT('',(18.15,4.8,59.35));
#7772 = SURFACE_CURVE('',#7773,(#7778,#7789),.PCURVE_S1.);
#7773 = CIRCLE('',#7774,1.2);
#7774 = AXIS2_PLACEMENT_3D('',#7775,#7776,#7777);
#7775 = CARTESIAN_POINT('',(16.95,4.8,59.35));
#7776 = DIRECTION('',(0.,-1.,-1.110223024625E-16));
#7777 = DIRECTION('',(1.,-0.,0.));
#7778 = PCURVE('',#4653,#7779);
#7779 = DEFINITIONAL_REPRESENTATION('',(#7780),#7788);
#7780 = ( BOUNDED_CURVE() B_SPLINE_CURVE(2,(#7781,#7782,#7783,#7784,
#7785,#7786,#7787),.UNSPECIFIED.,.T.,.F.) B_SPLINE_CURVE_WITH_KNOTS((1,2
    ,2,2,2,1),(-2.094395102393,0.,2.094395102393,4.188790204786,
6.28318530718,8.377580409573),.UNSPECIFIED.) CURVE() 
GEOMETRIC_REPRESENTATION_ITEM() RATIONAL_B_SPLINE_CURVE((1.,0.5,1.,0.5,
1.,0.5,1.)) REPRESENTATION_ITEM('') );
#7781 = CARTESIAN_POINT('',(4.15,12.2));
#7782 = CARTESIAN_POINT('',(6.228460969083,12.2));
#7783 = CARTESIAN_POINT('',(5.189230484541,10.4));
#7784 = CARTESIAN_POINT('',(4.15,8.6));
#7785 = CARTESIAN_POINT('',(3.110769515459,10.4));
#7786 = CARTESIAN_POINT('',(2.071539030917,12.2));
#7787 = CARTESIAN_POINT('',(4.15,12.2));
#7788 = ( GEOMETRIC_REPRESENTATION_CONTEXT(2) 
PARAMETRIC_REPRESENTATION_CONTEXT() REPRESENTATION_CONTEXT('2D SPACE',''
  ) );
#7789 = PCURVE('',#7790,#7795);
#7790 = CYLINDRICAL_SURFACE('',#7791,1.2);
#7791 = AXIS2_PLACEMENT_3D('',#7792,#7793,#7794);
#7792 = CARTESIAN_POINT('',(16.95,-12.,59.35));
#7793 = DIRECTION('',(-0.,-1.,-1.110223024625E-16));
#7794 = DIRECTION('',(1.,0.,0.));
#7795 = DEFINITIONAL_REPRESENTATION('',(#7796),#7800);
#7796 = LINE('',#7797,#7798);
#7797 = CARTESIAN_POINT('',(-6.28318530718,-16.8));
#7798 = VECTOR('',#7799,1.);
#7799 = DIRECTION('',(1.,-0.));
#7800 = ( GEOMETRIC_REPRESENTATION_CONTEXT(2) 
PARAMETRIC_REPRESENTATION_CONTEXT() REPRESENTATION_CONTEXT('2D SPACE',''
  ) );
#7801 = ADVANCED_FACE('',(#7802),#4885,.F.);
#7802 = FACE_BOUND('',#7803,.T.);
#7803 = EDGE_LOOP('',(#7804,#7827,#7828,#7829));
#7804 = ORIENTED_EDGE('',*,*,#7805,.F.);
#7805 = EDGE_CURVE('',#4788,#7806,#7808,.T.);
#7806 = VERTEX_POINT('',#7807);
#7807 = CARTESIAN_POINT('',(1.2,7.5,58.5));
#7808 = SEAM_CURVE('',#7809,(#7813,#7820),.PCURVE_S1.);
#7809 = LINE('',#7810,#7811);
#7810 = CARTESIAN_POINT('',(1.2,-12.,58.5));
#7811 = VECTOR('',#7812,1.);
#7812 = DIRECTION('',(0.,1.,1.110223024625E-16));
#7813 = PCURVE('',#4885,#7814);
#7814 = DEFINITIONAL_REPRESENTATION('',(#7815),#7819);
#7815 = LINE('',#7816,#7817);
#7816 = CARTESIAN_POINT('',(-6.28318530718,0.));
#7817 = VECTOR('',#7818,1.);
#7818 = DIRECTION('',(-0.,-1.));
#7819 = ( GEOMETRIC_REPRESENTATION_CONTEXT(2) 
PARAMETRIC_REPRESENTATION_CONTEXT() REPRESENTATION_CONTEXT('2D SPACE',''
  ) );
#7820 = PCURVE('',#4885,#7821);
#7821 = DEFINITIONAL_REPRESENTATION('',(#7822),#7826);
#7822 = LINE('',#7823,#7824);
#7823 = CARTESIAN_POINT('',(-0.,0.));
#7824 = VECTOR('',#7825,1.);
#7825 = DIRECTION('',(-0.,-1.));
#7826 = ( GEOMETRIC_REPRESENTATION_CONTEXT(2) 
PARAMETRIC_REPRESENTATION_CONTEXT() REPRESENTATION_CONTEXT('2D SPACE',''
  ) );
#7827 = ORIENTED_EDGE('',*,*,#4787,.F.);
#7828 = ORIENTED_EDGE('',*,*,#7805,.T.);
#7829 = ORIENTED_EDGE('',*,*,#7830,.F.);
#7830 = EDGE_CURVE('',#7806,#7806,#7831,.T.);
#7831 = SURFACE_CURVE('',#7832,(#7837,#7844),.PCURVE_S1.);
#7832 = CIRCLE('',#7833,1.2);
#7833 = AXIS2_PLACEMENT_3D('',#7834,#7835,#7836);
#7834 = CARTESIAN_POINT('',(0.,7.5,58.5));
#7835 = DIRECTION('',(0.,-1.,-1.110223024625E-16));
#7836 = DIRECTION('',(1.,-0.,0.));
#7837 = PCURVE('',#4885,#7838);
#7838 = DEFINITIONAL_REPRESENTATION('',(#7839),#7843);
#7839 = LINE('',#7840,#7841);
#7840 = CARTESIAN_POINT('',(-6.28318530718,-19.5));
#7841 = VECTOR('',#7842,1.);
#7842 = DIRECTION('',(1.,-0.));
#7843 = ( GEOMETRIC_REPRESENTATION_CONTEXT(2) 
PARAMETRIC_REPRESENTATION_CONTEXT() REPRESENTATION_CONTEXT('2D SPACE',''
  ) );
#7844 = PCURVE('',#5221,#7845);
#7845 = DEFINITIONAL_REPRESENTATION('',(#7846),#7850);
#7846 = CIRCLE('',#7847,1.2);
#7847 = AXIS2_PLACEMENT_2D('',#7848,#7849);
#7848 = CARTESIAN_POINT('',(1.035939494348E-16,0.));
#7849 = DIRECTION('',(1.,0.));
#7850 = ( GEOMETRIC_REPRESENTATION_CONTEXT(2) 
PARAMETRIC_REPRESENTATION_CONTEXT() REPRESENTATION_CONTEXT('2D SPACE',''
  ) );
#7851 = ADVANCED_FACE('',(#7852),#5038,.F.);
#7852 = FACE_BOUND('',#7853,.T.);
#7853 = EDGE_LOOP('',(#7854,#7855,#7876,#7877));
#7854 = ORIENTED_EDGE('',*,*,#7333,.T.);
#7855 = ORIENTED_EDGE('',*,*,#7856,.T.);
#7856 = EDGE_CURVE('',#7334,#4941,#7857,.T.);
#7857 = SEAM_CURVE('',#7858,(#7862,#7869),.PCURVE_S1.);
#7858 = LINE('',#7859,#7860);
#7859 = CARTESIAN_POINT('',(1.2,-12.,58.5));
#7860 = VECTOR('',#7861,1.);
#7861 = DIRECTION('',(0.,1.,1.110223024625E-16));
#7862 = PCURVE('',#5038,#7863);
#7863 = DEFINITIONAL_REPRESENTATION('',(#7864),#7868);
#7864 = LINE('',#7865,#7866);
#7865 = CARTESIAN_POINT('',(-6.28318530718,0.));
#7866 = VECTOR('',#7867,1.);
#7867 = DIRECTION('',(-0.,-1.));
#7868 = ( GEOMETRIC_REPRESENTATION_CONTEXT(2) 
PARAMETRIC_REPRESENTATION_CONTEXT() REPRESENTATION_CONTEXT('2D SPACE',''
  ) );
#7869 = PCURVE('',#5038,#7870);
#7870 = DEFINITIONAL_REPRESENTATION('',(#7871),#7875);
#7871 = LINE('',#7872,#7873);
#7872 = CARTESIAN_POINT('',(-0.,0.));
#7873 = VECTOR('',#7874,1.);
#7874 = DIRECTION('',(-0.,-1.));
#7875 = ( GEOMETRIC_REPRESENTATION_CONTEXT(2) 
PARAMETRIC_REPRESENTATION_CONTEXT() REPRESENTATION_CONTEXT('2D SPACE',''
  ) );
#7876 = ORIENTED_EDGE('',*,*,#4940,.T.);
#7877 = ORIENTED_EDGE('',*,*,#7856,.F.);
#7878 = ADVANCED_FACE('',(#7879,#7882),#5221,.F.);
#7879 = FACE_BOUND('',#7880,.F.);
#7880 = EDGE_LOOP('',(#7881));
#7881 = ORIENTED_EDGE('',*,*,#5206,.T.);
#7882 = FACE_BOUND('',#7883,.F.);
#7883 = EDGE_LOOP('',(#7884));
#7884 = ORIENTED_EDGE('',*,*,#7830,.F.);
#7885 = ADVANCED_FACE('',(#7886,#7889),#5278,.T.);
#7886 = FACE_BOUND('',#7887,.T.);
#7887 = EDGE_LOOP('',(#7888));
#7888 = ORIENTED_EDGE('',*,*,#5263,.T.);
#7889 = FACE_BOUND('',#7890,.T.);
#7890 = EDGE_LOOP('',(#7891));
#7891 = ORIENTED_EDGE('',*,*,#7892,.T.);
#7892 = EDGE_CURVE('',#7893,#7893,#7895,.T.);
#7893 = VERTEX_POINT('',#7894);
#7894 = CARTESIAN_POINT('',(18.15,9.,59.35));
#7895 = SURFACE_CURVE('',#7896,(#7901,#7912),.PCURVE_S1.);
#7896 = CIRCLE('',#7897,1.2);
#7897 = AXIS2_PLACEMENT_3D('',#7898,#7899,#7900);
#7898 = CARTESIAN_POINT('',(16.95,9.,59.35));
#7899 = DIRECTION('',(0.,-1.,-1.110223024625E-16));
#7900 = DIRECTION('',(1.,-0.,0.));
#7901 = PCURVE('',#5278,#7902);
#7902 = DEFINITIONAL_REPRESENTATION('',(#7903),#7911);
#7903 = ( BOUNDED_CURVE() B_SPLINE_CURVE(2,(#7904,#7905,#7906,#7907,
#7908,#7909,#7910),.UNSPECIFIED.,.T.,.F.) B_SPLINE_CURVE_WITH_KNOTS((1,2
    ,2,2,2,1),(-2.094395102393,0.,2.094395102393,4.188790204786,
6.28318530718,8.377580409573),.UNSPECIFIED.) CURVE() 
GEOMETRIC_REPRESENTATION_ITEM() RATIONAL_B_SPLINE_CURVE((1.,0.5,1.,0.5,
1.,0.5,1.)) REPRESENTATION_ITEM('') );
#7904 = CARTESIAN_POINT('',(1.2,0.));
#7905 = CARTESIAN_POINT('',(1.2,-2.078460969083));
#7906 = CARTESIAN_POINT('',(-0.6,-1.039230484541));
#7907 = CARTESIAN_POINT('',(-2.4,-2.939152317954E-16));
#7908 = CARTESIAN_POINT('',(-0.6,1.039230484541));
#7909 = CARTESIAN_POINT('',(1.2,2.078460969083));
#7910 = CARTESIAN_POINT('',(1.2,0.));
#7911 = ( GEOMETRIC_REPRESENTATION_CONTEXT(2) 
PARAMETRIC_REPRESENTATION_CONTEXT() REPRESENTATION_CONTEXT('2D SPACE',''
  ) );
#7912 = PCURVE('',#7790,#7913);
#7913 = DEFINITIONAL_REPRESENTATION('',(#7914),#7918);
#7914 = LINE('',#7915,#7916);
#7915 = CARTESIAN_POINT('',(-6.28318530718,-21.));
#7916 = VECTOR('',#7917,1.);
#7917 = DIRECTION('',(1.,-0.));
#7918 = ( GEOMETRIC_REPRESENTATION_CONTEXT(2) 
PARAMETRIC_REPRESENTATION_CONTEXT() REPRESENTATION_CONTEXT('2D SPACE',''
  ) );
#7919 = ADVANCED_FACE('',(#7920),#5332,.T.);
#7920 = FACE_BOUND('',#7921,.T.);
#7921 = EDGE_LOOP('',(#7922));
#7922 = ORIENTED_EDGE('',*,*,#5317,.T.);
#7923 = ADVANCED_FACE('',(#7924),#5416,.T.);
#7924 = FACE_BOUND('',#7925,.T.);
#7925 = EDGE_LOOP('',(#7926));
#7926 = ORIENTED_EDGE('',*,*,#5401,.T.);
#7927 = ADVANCED_FACE('',(#7928),#5588,.F.);
#7928 = FACE_BOUND('',#7929,.F.);
#7929 = EDGE_LOOP('',(#7930,#7931,#7952,#7953));
#7930 = ORIENTED_EDGE('',*,*,#5673,.F.);
#7931 = ORIENTED_EDGE('',*,*,#7932,.F.);
#7932 = EDGE_CURVE('',#5431,#5674,#7933,.T.);
#7933 = SEAM_CURVE('',#7934,(#7938,#7945),.PCURVE_S1.);
#7934 = LINE('',#7935,#7936);
#7935 = CARTESIAN_POINT('',(70.33601153579,13.,8.082292307468));
#7936 = VECTOR('',#7937,1.);
#7937 = DIRECTION('',(0.652528130706,0.,-0.757764500777));
#7938 = PCURVE('',#5588,#7939);
#7939 = DEFINITIONAL_REPRESENTATION('',(#7940),#7944);
#7940 = LINE('',#7941,#7942);
#7941 = CARTESIAN_POINT('',(6.28318530718,-0.));
#7942 = VECTOR('',#7943,1.);
#7943 = DIRECTION('',(0.,1.));
#7944 = ( GEOMETRIC_REPRESENTATION_CONTEXT(2) 
PARAMETRIC_REPRESENTATION_CONTEXT() REPRESENTATION_CONTEXT('2D SPACE',''
  ) );
#7945 = PCURVE('',#5588,#7946);
#7946 = DEFINITIONAL_REPRESENTATION('',(#7947),#7951);
#7947 = LINE('',#7948,#7949);
#7948 = CARTESIAN_POINT('',(0.,-0.));
#7949 = VECTOR('',#7950,1.);
#7950 = DIRECTION('',(0.,1.));
#7951 = ( GEOMETRIC_REPRESENTATION_CONTEXT(2) 
PARAMETRIC_REPRESENTATION_CONTEXT() REPRESENTATION_CONTEXT('2D SPACE',''
  ) );
#7952 = ORIENTED_EDGE('',*,*,#5430,.T.);
#7953 = ORIENTED_EDGE('',*,*,#7932,.T.);
#7954 = ADVANCED_FACE('',(#7955,#7958),#5951,.F.);
#7955 = FACE_BOUND('',#7956,.F.);
#7956 = EDGE_LOOP('',(#7957));
#7957 = ORIENTED_EDGE('',*,*,#5936,.T.);
#7958 = FACE_BOUND('',#7959,.F.);
#7959 = EDGE_LOOP('',(#7960));
#7960 = ORIENTED_EDGE('',*,*,#7961,.F.);
#7961 = EDGE_CURVE('',#7962,#7962,#7964,.T.);
#7962 = VERTEX_POINT('',#7963);
#7963 = CARTESIAN_POINT('',(68.85,12.,10.));
#7964 = SURFACE_CURVE('',#7965,(#7970,#7977),.PCURVE_S1.);
#7965 = CIRCLE('',#7966,1.65);
#7966 = AXIS2_PLACEMENT_3D('',#7967,#7968,#7969);
#7967 = CARTESIAN_POINT('',(67.2,12.,10.));
#7968 = DIRECTION('',(0.,-1.,1.110223024625E-16));
#7969 = DIRECTION('',(1.,0.,0.));
#7970 = PCURVE('',#5951,#7971);
#7971 = DEFINITIONAL_REPRESENTATION('',(#7972),#7976);
#7972 = CIRCLE('',#7973,1.65);
#7973 = AXIS2_PLACEMENT_2D('',#7974,#7975);
#7974 = CARTESIAN_POINT('',(0.,0.));
#7975 = DIRECTION('',(0.,1.));
#7976 = ( GEOMETRIC_REPRESENTATION_CONTEXT(2) 
PARAMETRIC_REPRESENTATION_CONTEXT() REPRESENTATION_CONTEXT('2D SPACE',''
  ) );
#7977 = PCURVE('',#7424,#7978);
#7978 = DEFINITIONAL_REPRESENTATION('',(#7979),#7983);
#7979 = LINE('',#7980,#7981);
#7980 = CARTESIAN_POINT('',(-0.,0.));
#7981 = VECTOR('',#7982,1.);
#7982 = DIRECTION('',(-1.,0.));
#7983 = ( GEOMETRIC_REPRESENTATION_CONTEXT(2) 
PARAMETRIC_REPRESENTATION_CONTEXT() REPRESENTATION_CONTEXT('2D SPACE',''
  ) );
#7984 = ADVANCED_FACE('',(#7985,#7988),#6007,.T.);
#7985 = FACE_BOUND('',#7986,.T.);
#7986 = EDGE_LOOP('',(#7987));
#7987 = ORIENTED_EDGE('',*,*,#5992,.T.);
#7988 = FACE_BOUND('',#7989,.T.);
#7989 = EDGE_LOOP('',(#7990));
#7990 = ORIENTED_EDGE('',*,*,#7991,.T.);
#7991 = EDGE_CURVE('',#7992,#7992,#7994,.T.);
#7992 = VERTEX_POINT('',#7993);
#7993 = CARTESIAN_POINT('',(71.889896798926,9.,41.));
#7994 = SURFACE_CURVE('',#7995,(#8000,#8011),.PCURVE_S1.);
#7995 = CIRCLE('',#7996,1.2);
#7996 = AXIS2_PLACEMENT_3D('',#7997,#7998,#7999);
#7997 = CARTESIAN_POINT('',(70.689896798926,9.,41.));
#7998 = DIRECTION('',(0.,-1.,-1.110223024625E-16));
#7999 = DIRECTION('',(1.,-0.,0.));
#8000 = PCURVE('',#6007,#8001);
#8001 = DEFINITIONAL_REPRESENTATION('',(#8002),#8010);
#8002 = ( BOUNDED_CURVE() B_SPLINE_CURVE(2,(#8003,#8004,#8005,#8006,
#8007,#8008,#8009),.UNSPECIFIED.,.T.,.F.) B_SPLINE_CURVE_WITH_KNOTS((1,2
    ,2,2,2,1),(-2.094395102393,0.,2.094395102393,4.188790204786,
6.28318530718,8.377580409573),.UNSPECIFIED.) CURVE() 
GEOMETRIC_REPRESENTATION_ITEM() RATIONAL_B_SPLINE_CURVE((1.,0.5,1.,0.5,
1.,0.5,1.)) REPRESENTATION_ITEM('') );
#8003 = CARTESIAN_POINT('',(1.2,0.));
#8004 = CARTESIAN_POINT('',(1.2,-2.078460969083));
#8005 = CARTESIAN_POINT('',(-0.6,-1.039230484541));
#8006 = CARTESIAN_POINT('',(-2.4,-2.939152317954E-16));
#8007 = CARTESIAN_POINT('',(-0.6,1.039230484541));
#8008 = CARTESIAN_POINT('',(1.2,2.078460969083));
#8009 = CARTESIAN_POINT('',(1.2,0.));
#8010 = ( GEOMETRIC_REPRESENTATION_CONTEXT(2) 
PARAMETRIC_REPRESENTATION_CONTEXT() REPRESENTATION_CONTEXT('2D SPACE',''
  ) );
#8011 = PCURVE('',#8012,#8017);
#8012 = CYLINDRICAL_SURFACE('',#8013,1.2);
#8013 = AXIS2_PLACEMENT_3D('',#8014,#8015,#8016);
#8014 = CARTESIAN_POINT('',(70.689896798926,-12.,41.));
#8015 = DIRECTION('',(-0.,-1.,-1.110223024625E-16));
#8016 = DIRECTION('',(1.,0.,0.));
#8017 = DEFINITIONAL_REPRESENTATION('',(#8018),#8022);
#8018 = LINE('',#8019,#8020);
#8019 = CARTESIAN_POINT('',(-6.28318530718,-21.));
#8020 = VECTOR('',#8021,1.);
#8021 = DIRECTION('',(1.,-0.));
#8022 = ( GEOMETRIC_REPRESENTATION_CONTEXT(2) 
PARAMETRIC_REPRESENTATION_CONTEXT() REPRESENTATION_CONTEXT('2D SPACE',''
  ) );
#8023 = ADVANCED_FACE('',(#8024,#8059),#6061,.T.);
#8024 = FACE_BOUND('',#8025,.T.);
#8025 = EDGE_LOOP('',(#8026));
#8026 = ORIENTED_EDGE('',*,*,#8027,.F.);
#8027 = EDGE_CURVE('',#8028,#8028,#8030,.T.);
#8028 = VERTEX_POINT('',#8029);
#8029 = CARTESIAN_POINT('',(-62.9,0.,3.));
#8030 = SURFACE_CURVE('',#8031,(#8036,#8047),.PCURVE_S1.);
#8031 = CIRCLE('',#8032,1.3);
#8032 = AXIS2_PLACEMENT_3D('',#8033,#8034,#8035);
#8033 = CARTESIAN_POINT('',(-64.2,0.,3.));
#8034 = DIRECTION('',(0.,0.,-1.));
#8035 = DIRECTION('',(1.,0.,0.));
#8036 = PCURVE('',#6061,#8037);
#8037 = DEFINITIONAL_REPRESENTATION('',(#8038),#8046);
#8038 = ( BOUNDED_CURVE() B_SPLINE_CURVE(2,(#8039,#8040,#8041,#8042,
#8043,#8044,#8045),.UNSPECIFIED.,.T.,.F.) B_SPLINE_CURVE_WITH_KNOTS((1,2
    ,2,2,2,1),(-2.094395102393,0.,2.094395102393,4.188790204786,
6.28318530718,8.377580409573),.UNSPECIFIED.) CURVE() 
GEOMETRIC_REPRESENTATION_ITEM() RATIONAL_B_SPLINE_CURVE((1.,0.5,1.,0.5,
1.,0.5,1.)) REPRESENTATION_ITEM('') );
#8039 = CARTESIAN_POINT('',(10.239896798926,9.3));
#8040 = CARTESIAN_POINT('',(10.239896798926,7.04833395016));
#8041 = CARTESIAN_POINT('',(8.289896798926,8.17416697508));
#8042 = CARTESIAN_POINT('',(6.339896798926,9.3));
#8043 = CARTESIAN_POINT('',(8.289896798926,10.42583302492));
#8044 = CARTESIAN_POINT('',(10.239896798926,11.55166604984));
#8045 = CARTESIAN_POINT('',(10.239896798926,9.3));
#8046 = ( GEOMETRIC_REPRESENTATION_CONTEXT(2) 
PARAMETRIC_REPRESENTATION_CONTEXT() REPRESENTATION_CONTEXT('2D SPACE',''
  ) );
#8047 = PCURVE('',#8048,#8053);
#8048 = CYLINDRICAL_SURFACE('',#8049,1.3);
#8049 = AXIS2_PLACEMENT_3D('',#8050,#8051,#8052);
#8050 = CARTESIAN_POINT('',(-64.2,0.,2.));
#8051 = DIRECTION('',(-0.,-0.,-1.));
#8052 = DIRECTION('',(1.,0.,0.));
#8053 = DEFINITIONAL_REPRESENTATION('',(#8054),#8058);
#8054 = LINE('',#8055,#8056);
#8055 = CARTESIAN_POINT('',(-6.28318530718,-1.));
#8056 = VECTOR('',#8057,1.);
#8057 = DIRECTION('',(1.,-0.));
#8058 = ( GEOMETRIC_REPRESENTATION_CONTEXT(2) 
PARAMETRIC_REPRESENTATION_CONTEXT() REPRESENTATION_CONTEXT('2D SPACE',''
  ) );
#8059 = FACE_BOUND('',#8060,.T.);
#8060 = EDGE_LOOP('',(#8061));
#8061 = ORIENTED_EDGE('',*,*,#6046,.T.);
#8062 = ADVANCED_FACE('',(#8063),#6120,.T.);
#8063 = FACE_BOUND('',#8064,.T.);
#8064 = EDGE_LOOP('',(#8065,#8066,#8067,#8068));
#8065 = ORIENTED_EDGE('',*,*,#6104,.F.);
#8066 = ORIENTED_EDGE('',*,*,#6184,.T.);
#8067 = ORIENTED_EDGE('',*,*,#6354,.T.);
#8068 = ORIENTED_EDGE('',*,*,#6917,.F.);
#8069 = ADVANCED_FACE('',(#8070),#6231,.T.);
#8070 = FACE_BOUND('',#8071,.F.);
#8071 = EDGE_LOOP('',(#8072,#8073,#8096,#8129,#8150));
#8072 = ORIENTED_EDGE('',*,*,#6243,.T.);
#8073 = ORIENTED_EDGE('',*,*,#8074,.F.);
#8074 = EDGE_CURVE('',#8075,#6244,#8077,.T.);
#8075 = VERTEX_POINT('',#8076);
#8076 = CARTESIAN_POINT('',(-62.57365440327,-1.626345596729,4.));
#8077 = SURFACE_CURVE('',#8078,(#8082,#8089),.PCURVE_S1.);
#8078 = LINE('',#8079,#8080);
#8079 = CARTESIAN_POINT('',(-62.57365440327,-1.626345596729,2.5));
#8080 = VECTOR('',#8081,1.);
#8081 = DIRECTION('',(-0.,-0.,-1.));
#8082 = PCURVE('',#6231,#8083);
#8083 = DEFINITIONAL_REPRESENTATION('',(#8084),#8088);
#8084 = LINE('',#8085,#8086);
#8085 = CARTESIAN_POINT('',(-5.497787143782,0.));
#8086 = VECTOR('',#8087,1.);
#8087 = DIRECTION('',(-0.,1.));
#8088 = ( GEOMETRIC_REPRESENTATION_CONTEXT(2) 
PARAMETRIC_REPRESENTATION_CONTEXT() REPRESENTATION_CONTEXT('2D SPACE',''
  ) );
#8089 = PCURVE('',#6286,#8090);
#8090 = DEFINITIONAL_REPRESENTATION('',(#8091),#8095);
#8091 = LINE('',#8092,#8093);
#8092 = CARTESIAN_POINT('',(0.5,-18.37365440327));
#8093 = VECTOR('',#8094,1.);
#8094 = DIRECTION('',(-1.,0.));
#8095 = ( GEOMETRIC_REPRESENTATION_CONTEXT(2) 
PARAMETRIC_REPRESENTATION_CONTEXT() REPRESENTATION_CONTEXT('2D SPACE',''
  ) );
#8096 = ORIENTED_EDGE('',*,*,#8097,.F.);
#8097 = EDGE_CURVE('',#8098,#8075,#8100,.T.);
#8098 = VERTEX_POINT('',#8099);
#8099 = CARTESIAN_POINT('',(-65.82634559672,-1.626345596729,4.));
#8100 = SURFACE_CURVE('',#8101,(#8106,#8113),.PCURVE_S1.);
#8101 = CIRCLE('',#8102,2.3);
#8102 = AXIS2_PLACEMENT_3D('',#8103,#8104,#8105);
#8103 = CARTESIAN_POINT('',(-64.2,0.,4.));
#8104 = DIRECTION('',(-0.,0.,-1.));
#8105 = DIRECTION('',(-0.707106781187,-0.707106781187,0.));
#8106 = PCURVE('',#6231,#8107);
#8107 = DEFINITIONAL_REPRESENTATION('',(#8108),#8112);
#8108 = LINE('',#8109,#8110);
#8109 = CARTESIAN_POINT('',(-10.21017612416,-1.5));
#8110 = VECTOR('',#8111,1.);
#8111 = DIRECTION('',(1.,-0.));
#8112 = ( GEOMETRIC_REPRESENTATION_CONTEXT(2) 
PARAMETRIC_REPRESENTATION_CONTEXT() REPRESENTATION_CONTEXT('2D SPACE',''
  ) );
#8113 = PCURVE('',#8114,#8119);
#8114 = PLANE('',#8115);
#8115 = AXIS2_PLACEMENT_3D('',#8116,#8117,#8118);
#8116 = CARTESIAN_POINT('',(-64.2,1.290626075881E-16,4.));
#8117 = DIRECTION('',(0.,0.,1.));
#8118 = DIRECTION('',(1.,0.,-0.));
#8119 = DEFINITIONAL_REPRESENTATION('',(#8120),#8128);
#8120 = ( BOUNDED_CURVE() B_SPLINE_CURVE(2,(#8121,#8122,#8123,#8124,
#8125,#8126,#8127),.UNSPECIFIED.,.T.,.F.) B_SPLINE_CURVE_WITH_KNOTS((1,2
    ,2,2,2,1),(-2.094395102393,0.,2.094395102393,4.188790204786,
6.28318530718,8.377580409573),.UNSPECIFIED.) CURVE() 
GEOMETRIC_REPRESENTATION_ITEM() RATIONAL_B_SPLINE_CURVE((1.,0.5,1.,0.5,
1.,0.5,1.)) REPRESENTATION_ITEM('') );
#8121 = CARTESIAN_POINT('',(-1.626345596729,-1.626345596729));
#8122 = CARTESIAN_POINT('',(-4.44325880093,1.190567607472));
#8123 = CARTESIAN_POINT('',(-0.595283803736,2.221629400465));
#8124 = CARTESIAN_POINT('',(3.252691193458,3.252691193458));
#8125 = CARTESIAN_POINT('',(2.221629400465,-0.595283803736));
#8126 = CARTESIAN_POINT('',(1.190567607472,-4.44325880093));
#8127 = CARTESIAN_POINT('',(-1.626345596729,-1.626345596729));
#8128 = ( GEOMETRIC_REPRESENTATION_CONTEXT(2) 
PARAMETRIC_REPRESENTATION_CONTEXT() REPRESENTATION_CONTEXT('2D SPACE',''
  ) );
#8129 = ORIENTED_EDGE('',*,*,#8130,.T.);
#8130 = EDGE_CURVE('',#8098,#6211,#8131,.T.);
#8131 = SURFACE_CURVE('',#8132,(#8136,#8143),.PCURVE_S1.);
#8132 = LINE('',#8133,#8134);
#8133 = CARTESIAN_POINT('',(-65.82634559672,-1.626345596729,2.5));
#8134 = VECTOR('',#8135,1.);
#8135 = DIRECTION('',(-0.,-0.,-1.));
#8136 = PCURVE('',#6231,#8137);
#8137 = DEFINITIONAL_REPRESENTATION('',(#8138),#8142);
#8138 = LINE('',#8139,#8140);
#8139 = CARTESIAN_POINT('',(-10.21017612416,0.));
#8140 = VECTOR('',#8141,1.);
#8141 = DIRECTION('',(-0.,1.));
#8142 = ( GEOMETRIC_REPRESENTATION_CONTEXT(2) 
PARAMETRIC_REPRESENTATION_CONTEXT() REPRESENTATION_CONTEXT('2D SPACE',''
  ) );
#8143 = PCURVE('',#6339,#8144);
#8144 = DEFINITIONAL_REPRESENTATION('',(#8145),#8149);
#8145 = LINE('',#8146,#8147);
#8146 = CARTESIAN_POINT('',(0.5,-18.37365440327));
#8147 = VECTOR('',#8148,1.);
#8148 = DIRECTION('',(-1.,0.));
#8149 = ( GEOMETRIC_REPRESENTATION_CONTEXT(2) 
PARAMETRIC_REPRESENTATION_CONTEXT() REPRESENTATION_CONTEXT('2D SPACE',''
  ) );
#8150 = ORIENTED_EDGE('',*,*,#6210,.T.);
#8151 = ADVANCED_FACE('',(#8152),#6339,.F.);
#8152 = FACE_BOUND('',#8153,.F.);
#8153 = EDGE_LOOP('',(#8154,#8180,#8181));
#8154 = ORIENTED_EDGE('',*,*,#8155,.F.);
#8155 = EDGE_CURVE('',#6298,#8098,#8156,.T.);
#8156 = SURFACE_CURVE('',#8157,(#8162,#8169),.PCURVE_S1.);
#8157 = HYPERBOLA('',#8158,1.626345596729,1.626345596729);
#8158 = AXIS2_PLACEMENT_3D('',#8159,#8160,#8161);
#8159 = CARTESIAN_POINT('',(-65.82634559672,0.,6.3));
#8160 = DIRECTION('',(1.,0.,0.));
#8161 = DIRECTION('',(0.,0.,-1.));
#8162 = PCURVE('',#6339,#8163);
#8163 = DEFINITIONAL_REPRESENTATION('',(#8164),#8168);
#8164 = HYPERBOLA('',#8165,1.626345596729,1.626345596729);
#8165 = AXIS2_PLACEMENT_2D('',#8166,#8167);
#8166 = CARTESIAN_POINT('',(4.3,-20.));
#8167 = DIRECTION('',(-1.,0.));
#8168 = ( GEOMETRIC_REPRESENTATION_CONTEXT(2) 
PARAMETRIC_REPRESENTATION_CONTEXT() REPRESENTATION_CONTEXT('2D SPACE',''
  ) );
#8169 = PCURVE('',#6314,#8170);
#8170 = DEFINITIONAL_REPRESENTATION('',(#8171),#8179);
#8171 = B_SPLINE_CURVE_WITH_KNOTS('',6,(#8172,#8173,#8174,#8175,#8176,
    #8177,#8178),.UNSPECIFIED.,.F.,.F.,(7,7),(-1.492509813755,
    -0.88137358702),.PIECEWISE_BEZIER_KNOTS.);
#8172 = CARTESIAN_POINT('',(-4.270126137866,-1.554312234475E-15));
#8173 = CARTESIAN_POINT('',(-4.226533211929,-0.349812843475));
#8174 = CARTESIAN_POINT('',(-4.178124630264,-0.652317363686));
#8175 = CARTESIAN_POINT('',(-4.124384940877,-0.914045415849));
#8176 = CARTESIAN_POINT('',(-4.064812364374,-1.140059636277));
#8177 = CARTESIAN_POINT('',(-3.999013912013,-1.334346881441));
#8178 = CARTESIAN_POINT('',(-3.926990816987,-1.5));
#8179 = ( GEOMETRIC_REPRESENTATION_CONTEXT(2) 
PARAMETRIC_REPRESENTATION_CONTEXT() REPRESENTATION_CONTEXT('2D SPACE',''
  ) );
#8180 = ORIENTED_EDGE('',*,*,#6326,.T.);
#8181 = ORIENTED_EDGE('',*,*,#8130,.F.);
#8182 = ADVANCED_FACE('',(#8183),#6314,.T.);
#8183 = FACE_BOUND('',#8184,.T.);
#8184 = EDGE_LOOP('',(#8185,#8186,#8187,#8213));
#8185 = ORIENTED_EDGE('',*,*,#8155,.F.);
#8186 = ORIENTED_EDGE('',*,*,#6297,.T.);
#8187 = ORIENTED_EDGE('',*,*,#8188,.T.);
#8188 = EDGE_CURVE('',#6272,#8075,#8189,.T.);
#8189 = SURFACE_CURVE('',#8190,(#8195,#8206),.PCURVE_S1.);
#8190 = HYPERBOLA('',#8191,1.626345596729,1.626345596729);
#8191 = AXIS2_PLACEMENT_3D('',#8192,#8193,#8194);
#8192 = CARTESIAN_POINT('',(-62.57365440327,0.,6.3));
#8193 = DIRECTION('',(1.,0.,0.));
#8194 = DIRECTION('',(0.,0.,-1.));
#8195 = PCURVE('',#6314,#8196);
#8196 = DEFINITIONAL_REPRESENTATION('',(#8197),#8205);
#8197 = B_SPLINE_CURVE_WITH_KNOTS('',6,(#8198,#8199,#8200,#8201,#8202,
    #8203,#8204),.UNSPECIFIED.,.F.,.F.,(7,7),(-1.492509813755,
    -0.88137358702),.PIECEWISE_BEZIER_KNOTS.);
#8198 = CARTESIAN_POINT('',(-5.154651822904,-6.661338147751E-16));
#8199 = CARTESIAN_POINT('',(-5.19824474884,-0.349812843475));
#8200 = CARTESIAN_POINT('',(-5.246653330505,-0.652317363686));
#8201 = CARTESIAN_POINT('',(-5.300393019892,-0.914045415849));
#8202 = CARTESIAN_POINT('',(-5.359965596396,-1.140059636277));
#8203 = CARTESIAN_POINT('',(-5.425764048757,-1.334346881441));
#8204 = CARTESIAN_POINT('',(-5.497787143782,-1.5));
#8205 = ( GEOMETRIC_REPRESENTATION_CONTEXT(2) 
PARAMETRIC_REPRESENTATION_CONTEXT() REPRESENTATION_CONTEXT('2D SPACE',''
  ) );
#8206 = PCURVE('',#6286,#8207);
#8207 = DEFINITIONAL_REPRESENTATION('',(#8208),#8212);
#8208 = HYPERBOLA('',#8209,1.626345596729,1.626345596729);
#8209 = AXIS2_PLACEMENT_2D('',#8210,#8211);
#8210 = CARTESIAN_POINT('',(4.3,-20.));
#8211 = DIRECTION('',(-1.,0.));
#8212 = ( GEOMETRIC_REPRESENTATION_CONTEXT(2) 
PARAMETRIC_REPRESENTATION_CONTEXT() REPRESENTATION_CONTEXT('2D SPACE',''
  ) );
#8213 = ORIENTED_EDGE('',*,*,#8214,.F.);
#8214 = EDGE_CURVE('',#8098,#8075,#8215,.T.);
#8215 = SURFACE_CURVE('',#8216,(#8221,#8228),.PCURVE_S1.);
#8216 = CIRCLE('',#8217,2.3);
#8217 = AXIS2_PLACEMENT_3D('',#8218,#8219,#8220);
#8218 = CARTESIAN_POINT('',(-64.2,0.,4.));
#8219 = DIRECTION('',(0.,0.,1.));
#8220 = DIRECTION('',(1.,0.,0.));
#8221 = PCURVE('',#6314,#8222);
#8222 = DEFINITIONAL_REPRESENTATION('',(#8223),#8227);
#8223 = LINE('',#8224,#8225);
#8224 = CARTESIAN_POINT('',(-0.,-1.5));
#8225 = VECTOR('',#8226,1.);
#8226 = DIRECTION('',(-1.,-0.));
#8227 = ( GEOMETRIC_REPRESENTATION_CONTEXT(2) 
PARAMETRIC_REPRESENTATION_CONTEXT() REPRESENTATION_CONTEXT('2D SPACE',''
  ) );
#8228 = PCURVE('',#8114,#8229);
#8229 = DEFINITIONAL_REPRESENTATION('',(#8230),#8234);
#8230 = CIRCLE('',#8231,2.3);
#8231 = AXIS2_PLACEMENT_2D('',#8232,#8233);
#8232 = CARTESIAN_POINT('',(0.,-1.290626075881E-16));
#8233 = DIRECTION('',(1.,0.));
#8234 = ( GEOMETRIC_REPRESENTATION_CONTEXT(2) 
PARAMETRIC_REPRESENTATION_CONTEXT() REPRESENTATION_CONTEXT('2D SPACE',''
  ) );
#8235 = ADVANCED_FACE('',(#8236),#6286,.T.);
#8236 = FACE_BOUND('',#8237,.T.);
#8237 = EDGE_LOOP('',(#8238,#8239,#8240));
#8238 = ORIENTED_EDGE('',*,*,#8188,.F.);
#8239 = ORIENTED_EDGE('',*,*,#6271,.T.);
#8240 = ORIENTED_EDGE('',*,*,#8074,.F.);
#8241 = ADVANCED_FACE('',(#8242),#6431,.F.);
#8242 = FACE_BOUND('',#8243,.F.);
#8243 = EDGE_LOOP('',(#8244,#8245,#8246));
#8244 = ORIENTED_EDGE('',*,*,#6408,.F.);
#8245 = ORIENTED_EDGE('',*,*,#6654,.F.);
#8246 = ORIENTED_EDGE('',*,*,#6941,.F.);
#8247 = ADVANCED_FACE('',(#8248,#8252),#6460,.F.);
#8248 = FACE_BOUND('',#8249,.F.);
#8249 = EDGE_LOOP('',(#8250,#8251));
#8250 = ORIENTED_EDGE('',*,*,#6574,.T.);
#8251 = ORIENTED_EDGE('',*,*,#6443,.T.);
#8252 = FACE_BOUND('',#8253,.F.);
#8253 = EDGE_LOOP('',(#8254));
#8254 = ORIENTED_EDGE('',*,*,#6735,.T.);
#8255 = ADVANCED_FACE('',(#8256,#8262),#7265,.F.);
#8256 = FACE_BOUND('',#8257,.F.);
#8257 = EDGE_LOOP('',(#8258,#8259,#8260,#8261));
#8258 = ORIENTED_EDGE('',*,*,#7633,.T.);
#8259 = ORIENTED_EDGE('',*,*,#7251,.F.);
#8260 = ORIENTED_EDGE('',*,*,#7280,.T.);
#8261 = ORIENTED_EDGE('',*,*,#7684,.T.);
#8262 = FACE_BOUND('',#8263,.F.);
#8263 = EDGE_LOOP('',(#8264));
#8264 = ORIENTED_EDGE('',*,*,#8265,.T.);
#8265 = EDGE_CURVE('',#8266,#8266,#8268,.T.);
#8266 = VERTEX_POINT('',#8267);
#8267 = CARTESIAN_POINT('',(71.889896798926,4.8,41.));
#8268 = SURFACE_CURVE('',#8269,(#8274,#8285),.PCURVE_S1.);
#8269 = CIRCLE('',#8270,1.2);
#8270 = AXIS2_PLACEMENT_3D('',#8271,#8272,#8273);
#8271 = CARTESIAN_POINT('',(70.689896798926,4.8,41.));
#8272 = DIRECTION('',(0.,-1.,-1.110223024625E-16));
#8273 = DIRECTION('',(1.,-0.,0.));
#8274 = PCURVE('',#7265,#8275);
#8275 = DEFINITIONAL_REPRESENTATION('',(#8276),#8284);
#8276 = ( BOUNDED_CURVE() B_SPLINE_CURVE(2,(#8277,#8278,#8279,#8280,
#8281,#8282,#8283),.UNSPECIFIED.,.T.,.F.) B_SPLINE_CURVE_WITH_KNOTS((1,2
    ,2,2,2,1),(-2.094395102393,0.,2.094395102393,4.188790204786,
6.28318530718,8.377580409573),.UNSPECIFIED.) CURVE() 
GEOMETRIC_REPRESENTATION_ITEM() RATIONAL_B_SPLINE_CURVE((1.,0.5,1.,0.5,
1.,0.5,1.)) REPRESENTATION_ITEM('') );
#8277 = CARTESIAN_POINT('',(-14.2,65.939896798926));
#8278 = CARTESIAN_POINT('',(-12.12153903091,65.939896798926));
#8279 = CARTESIAN_POINT('',(-13.16076951545,64.139896798926));
#8280 = CARTESIAN_POINT('',(-14.2,62.339896798926));
#8281 = CARTESIAN_POINT('',(-15.23923048454,64.139896798926));
#8282 = CARTESIAN_POINT('',(-16.27846096908,65.939896798926));
#8283 = CARTESIAN_POINT('',(-14.2,65.939896798926));
#8284 = ( GEOMETRIC_REPRESENTATION_CONTEXT(2) 
PARAMETRIC_REPRESENTATION_CONTEXT() REPRESENTATION_CONTEXT('2D SPACE',''
  ) );
#8285 = PCURVE('',#8012,#8286);
#8286 = DEFINITIONAL_REPRESENTATION('',(#8287),#8291);
#8287 = LINE('',#8288,#8289);
#8288 = CARTESIAN_POINT('',(-6.28318530718,-16.8));
#8289 = VECTOR('',#8290,1.);
#8290 = DIRECTION('',(1.,-0.));
#8291 = ( GEOMETRIC_REPRESENTATION_CONTEXT(2) 
PARAMETRIC_REPRESENTATION_CONTEXT() REPRESENTATION_CONTEXT('2D SPACE',''
  ) );
#8292 = ADVANCED_FACE('',(#8293),#7424,.F.);
#8293 = FACE_BOUND('',#8294,.T.);
#8294 = EDGE_LOOP('',(#8295,#8316,#8317,#8318));
#8295 = ORIENTED_EDGE('',*,*,#8296,.T.);
#8296 = EDGE_CURVE('',#7962,#7408,#8297,.T.);
#8297 = SEAM_CURVE('',#8298,(#8302,#8309),.PCURVE_S1.);
#8298 = LINE('',#8299,#8300);
#8299 = CARTESIAN_POINT('',(68.85,12.,10.));
#8300 = VECTOR('',#8301,1.);
#8301 = DIRECTION('',(0.,-1.,1.110223024625E-16));
#8302 = PCURVE('',#7424,#8303);
#8303 = DEFINITIONAL_REPRESENTATION('',(#8304),#8308);
#8304 = LINE('',#8305,#8306);
#8305 = CARTESIAN_POINT('',(-0.,0.));
#8306 = VECTOR('',#8307,1.);
#8307 = DIRECTION('',(-0.,-1.));
#8308 = ( GEOMETRIC_REPRESENTATION_CONTEXT(2) 
PARAMETRIC_REPRESENTATION_CONTEXT() REPRESENTATION_CONTEXT('2D SPACE',''
  ) );
#8309 = PCURVE('',#7424,#8310);
#8310 = DEFINITIONAL_REPRESENTATION('',(#8311),#8315);
#8311 = LINE('',#8312,#8313);
#8312 = CARTESIAN_POINT('',(-6.28318530718,0.));
#8313 = VECTOR('',#8314,1.);
#8314 = DIRECTION('',(-0.,-1.));
#8315 = ( GEOMETRIC_REPRESENTATION_CONTEXT(2) 
PARAMETRIC_REPRESENTATION_CONTEXT() REPRESENTATION_CONTEXT('2D SPACE',''
  ) );
#8316 = ORIENTED_EDGE('',*,*,#7407,.T.);
#8317 = ORIENTED_EDGE('',*,*,#8296,.F.);
#8318 = ORIENTED_EDGE('',*,*,#7961,.F.);
#8319 = ADVANCED_FACE('',(#8320),#7790,.F.);
#8320 = FACE_BOUND('',#8321,.T.);
#8321 = EDGE_LOOP('',(#8322,#8343,#8344,#8345));
#8322 = ORIENTED_EDGE('',*,*,#8323,.F.);
#8323 = EDGE_CURVE('',#7770,#7893,#8324,.T.);
#8324 = SEAM_CURVE('',#8325,(#8329,#8336),.PCURVE_S1.);
#8325 = LINE('',#8326,#8327);
#8326 = CARTESIAN_POINT('',(18.15,-12.,59.35));
#8327 = VECTOR('',#8328,1.);
#8328 = DIRECTION('',(0.,1.,1.110223024625E-16));
#8329 = PCURVE('',#7790,#8330);
#8330 = DEFINITIONAL_REPRESENTATION('',(#8331),#8335);
#8331 = LINE('',#8332,#8333);
#8332 = CARTESIAN_POINT('',(-6.28318530718,0.));
#8333 = VECTOR('',#8334,1.);
#8334 = DIRECTION('',(-0.,-1.));
#8335 = ( GEOMETRIC_REPRESENTATION_CONTEXT(2) 
PARAMETRIC_REPRESENTATION_CONTEXT() REPRESENTATION_CONTEXT('2D SPACE',''
  ) );
#8336 = PCURVE('',#7790,#8337);
#8337 = DEFINITIONAL_REPRESENTATION('',(#8338),#8342);
#8338 = LINE('',#8339,#8340);
#8339 = CARTESIAN_POINT('',(-0.,0.));
#8340 = VECTOR('',#8341,1.);
#8341 = DIRECTION('',(-0.,-1.));
#8342 = ( GEOMETRIC_REPRESENTATION_CONTEXT(2) 
PARAMETRIC_REPRESENTATION_CONTEXT() REPRESENTATION_CONTEXT('2D SPACE',''
  ) );
#8343 = ORIENTED_EDGE('',*,*,#7769,.T.);
#8344 = ORIENTED_EDGE('',*,*,#8323,.T.);
#8345 = ORIENTED_EDGE('',*,*,#7892,.F.);
#8346 = ADVANCED_FACE('',(#8347),#8012,.F.);
#8347 = FACE_BOUND('',#8348,.T.);
#8348 = EDGE_LOOP('',(#8349,#8370,#8371,#8372));
#8349 = ORIENTED_EDGE('',*,*,#8350,.F.);
#8350 = EDGE_CURVE('',#8266,#7992,#8351,.T.);
#8351 = SEAM_CURVE('',#8352,(#8356,#8363),.PCURVE_S1.);
#8352 = LINE('',#8353,#8354);
#8353 = CARTESIAN_POINT('',(71.889896798926,-12.,41.));
#8354 = VECTOR('',#8355,1.);
#8355 = DIRECTION('',(0.,1.,1.110223024625E-16));
#8356 = PCURVE('',#8012,#8357);
#8357 = DEFINITIONAL_REPRESENTATION('',(#8358),#8362);
#8358 = LINE('',#8359,#8360);
#8359 = CARTESIAN_POINT('',(-6.28318530718,0.));
#8360 = VECTOR('',#8361,1.);
#8361 = DIRECTION('',(-0.,-1.));
#8362 = ( GEOMETRIC_REPRESENTATION_CONTEXT(2) 
PARAMETRIC_REPRESENTATION_CONTEXT() REPRESENTATION_CONTEXT('2D SPACE',''
  ) );
#8363 = PCURVE('',#8012,#8364);
#8364 = DEFINITIONAL_REPRESENTATION('',(#8365),#8369);
#8365 = LINE('',#8366,#8367);
#8366 = CARTESIAN_POINT('',(-0.,0.));
#8367 = VECTOR('',#8368,1.);
#8368 = DIRECTION('',(-0.,-1.));
#8369 = ( GEOMETRIC_REPRESENTATION_CONTEXT(2) 
PARAMETRIC_REPRESENTATION_CONTEXT() REPRESENTATION_CONTEXT('2D SPACE',''
  ) );
#8370 = ORIENTED_EDGE('',*,*,#8265,.T.);
#8371 = ORIENTED_EDGE('',*,*,#8350,.T.);
#8372 = ORIENTED_EDGE('',*,*,#7991,.F.);
#8373 = ADVANCED_FACE('',(#8374),#8048,.F.);
#8374 = FACE_BOUND('',#8375,.T.);
#8375 = EDGE_LOOP('',(#8376,#8377,#8400,#8426));
#8376 = ORIENTED_EDGE('',*,*,#8027,.T.);
#8377 = ORIENTED_EDGE('',*,*,#8378,.T.);
#8378 = EDGE_CURVE('',#8028,#8379,#8381,.T.);
#8379 = VERTEX_POINT('',#8380);
#8380 = CARTESIAN_POINT('',(-62.9,0.,4.));
#8381 = SEAM_CURVE('',#8382,(#8386,#8393),.PCURVE_S1.);
#8382 = LINE('',#8383,#8384);
#8383 = CARTESIAN_POINT('',(-62.9,0.,2.));
#8384 = VECTOR('',#8385,1.);
#8385 = DIRECTION('',(0.,0.,1.));
#8386 = PCURVE('',#8048,#8387);
#8387 = DEFINITIONAL_REPRESENTATION('',(#8388),#8392);
#8388 = LINE('',#8389,#8390);
#8389 = CARTESIAN_POINT('',(-6.28318530718,0.));
#8390 = VECTOR('',#8391,1.);
#8391 = DIRECTION('',(-0.,-1.));
#8392 = ( GEOMETRIC_REPRESENTATION_CONTEXT(2) 
PARAMETRIC_REPRESENTATION_CONTEXT() REPRESENTATION_CONTEXT('2D SPACE',''
  ) );
#8393 = PCURVE('',#8048,#8394);
#8394 = DEFINITIONAL_REPRESENTATION('',(#8395),#8399);
#8395 = LINE('',#8396,#8397);
#8396 = CARTESIAN_POINT('',(-0.,0.));
#8397 = VECTOR('',#8398,1.);
#8398 = DIRECTION('',(-0.,-1.));
#8399 = ( GEOMETRIC_REPRESENTATION_CONTEXT(2) 
PARAMETRIC_REPRESENTATION_CONTEXT() REPRESENTATION_CONTEXT('2D SPACE',''
  ) );
#8400 = ORIENTED_EDGE('',*,*,#8401,.F.);
#8401 = EDGE_CURVE('',#8379,#8379,#8402,.T.);
#8402 = SURFACE_CURVE('',#8403,(#8408,#8415),.PCURVE_S1.);
#8403 = CIRCLE('',#8404,1.3);
#8404 = AXIS2_PLACEMENT_3D('',#8405,#8406,#8407);
#8405 = CARTESIAN_POINT('',(-64.2,0.,4.));
#8406 = DIRECTION('',(0.,0.,-1.));
#8407 = DIRECTION('',(1.,0.,0.));
#8408 = PCURVE('',#8048,#8409);
#8409 = DEFINITIONAL_REPRESENTATION('',(#8410),#8414);
#8410 = LINE('',#8411,#8412);
#8411 = CARTESIAN_POINT('',(-6.28318530718,-2.));
#8412 = VECTOR('',#8413,1.);
#8413 = DIRECTION('',(1.,-0.));
#8414 = ( GEOMETRIC_REPRESENTATION_CONTEXT(2) 
PARAMETRIC_REPRESENTATION_CONTEXT() REPRESENTATION_CONTEXT('2D SPACE',''
  ) );
#8415 = PCURVE('',#8114,#8416);
#8416 = DEFINITIONAL_REPRESENTATION('',(#8417),#8425);
#8417 = ( BOUNDED_CURVE() B_SPLINE_CURVE(2,(#8418,#8419,#8420,#8421,
#8422,#8423,#8424),.UNSPECIFIED.,.T.,.F.) B_SPLINE_CURVE_WITH_KNOTS((1,2
    ,2,2,2,1),(-2.094395102393,0.,2.094395102393,4.188790204786,
6.28318530718,8.377580409573),.UNSPECIFIED.) CURVE() 
GEOMETRIC_REPRESENTATION_ITEM() RATIONAL_B_SPLINE_CURVE((1.,0.5,1.,0.5,
1.,0.5,1.)) REPRESENTATION_ITEM('') );
#8418 = CARTESIAN_POINT('',(1.3,-1.290626075881E-16));
#8419 = CARTESIAN_POINT('',(1.3,-2.25166604984));
#8420 = CARTESIAN_POINT('',(-0.65,-1.12583302492));
#8421 = CARTESIAN_POINT('',(-2.6,-4.474707753664E-16));
#8422 = CARTESIAN_POINT('',(-0.65,1.12583302492));
#8423 = CARTESIAN_POINT('',(1.3,2.25166604984));
#8424 = CARTESIAN_POINT('',(1.3,-1.290626075881E-16));
#8425 = ( GEOMETRIC_REPRESENTATION_CONTEXT(2) 
PARAMETRIC_REPRESENTATION_CONTEXT() REPRESENTATION_CONTEXT('2D SPACE',''
  ) );
#8426 = ORIENTED_EDGE('',*,*,#8378,.F.);
#8427 = ADVANCED_FACE('',(#8428,#8432),#8114,.T.);
#8428 = FACE_BOUND('',#8429,.T.);
#8429 = EDGE_LOOP('',(#8430,#8431));
#8430 = ORIENTED_EDGE('',*,*,#8097,.F.);
#8431 = ORIENTED_EDGE('',*,*,#8214,.T.);
#8432 = FACE_BOUND('',#8433,.T.);
#8433 = EDGE_LOOP('',(#8434));
#8434 = ORIENTED_EDGE('',*,*,#8401,.T.);
#8435 = ( GEOMETRIC_REPRESENTATION_CONTEXT(3) 
GLOBAL_UNCERTAINTY_ASSIGNED_CONTEXT((#8439)) 
GLOBAL_UNIT_ASSIGNED_CONTEXT((#8436,#8437,#8438)) REPRESENTATION_CONTEXT
('Context #1','3D Context with UNIT and UNCERTAINTY') );
#8436 = ( LENGTH_UNIT() NAMED_UNIT(*) SI_UNIT(.MILLI.,.METRE.) );
#8437 = ( NAMED_UNIT(*) PLANE_ANGLE_UNIT() SI_UNIT($,.RADIAN.) );
#8438 = ( NAMED_UNIT(*) SI_UNIT($,.STERADIAN.) SOLID_ANGLE_UNIT() );
#8439 = UNCERTAINTY_MEASURE_WITH_UNIT(LENGTH_MEASURE(1.E-07),#8436,
  'distance_accuracy_value','confusion accuracy');
#8440 = PRODUCT_RELATED_PRODUCT_CATEGORY('part',$,(#7));
ENDSEC;
END-ISO-10303-21;
