ISO-10303-21;
HEADER;
FILE_DESCRIPTION(('Open CASCADE Model'),'2;1');
FILE_NAME('Open CASCADE Shape Model','2026-05-06T18:52:32',('Author'),(
    'Open CASCADE'),'Open CASCADE STEP processor 7.8','Open CASCADE 7.8'
  ,'Unknown');
FILE_SCHEMA(('AUTOMOTIVE_DESIGN { 1 0 10303 214 1 1 1 1 }'));
ENDSEC;
DATA;
#1 = APPLICATION_PROTOCOL_DEFINITION('international standard',
  'automotive_design',2000,#2);
#2 = APPLICATION_CONTEXT(
  'core data for automotive mechanical design processes');
#3 = SHAPE_DEFINITION_REPRESENTATION(#4,#10);
#4 = PRODUCT_DEFINITION_SHAPE('','',#5);
#5 = PRODUCT_DEFINITION('design','',#6,#9);
#6 = PRODUCT_DEFINITION_FORMATION('','',#7);
#7 = PRODUCT('Open CASCADE STEP translator 7.8 7',
  'Open CASCADE STEP translator 7.8 7','',(#8));
#8 = PRODUCT_CONTEXT('',#2,'mechanical');
#9 = PRODUCT_DEFINITION_CONTEXT('part definition',#2,'design');
#10 = ADVANCED_BREP_SHAPE_REPRESENTATION('',(#11,#15),#2242);
#11 = AXIS2_PLACEMENT_3D('',#12,#13,#14);
#12 = CARTESIAN_POINT('',(0.,0.,0.));
#13 = DIRECTION('',(0.,0.,1.));
#14 = DIRECTION('',(1.,0.,-0.));
#15 = MANIFOLD_SOLID_BREP('',#16);
#16 = CLOSED_SHELL('',(#17,#137,#569,#619,#970,#995,#1067,#1366,#1526,
    #1573,#1668,#1695,#1722,#1875,#1949,#2024,#2073,#2100,#2149,#2176,
    #2182,#2209,#2216,#2220,#2227,#2235));
#17 = ADVANCED_FACE('',(#18),#32,.F.);
#18 = FACE_BOUND('',#19,.F.);
#19 = EDGE_LOOP('',(#20,#55,#83,#111));
#20 = ORIENTED_EDGE('',*,*,#21,.F.);
#21 = EDGE_CURVE('',#22,#24,#26,.T.);
#22 = VERTEX_POINT('',#23);
#23 = CARTESIAN_POINT('',(58.446257121513,15.5,-13.5));
#24 = VERTEX_POINT('',#25);
#25 = CARTESIAN_POINT('',(58.446257121513,15.5,-11.5));
#26 = SURFACE_CURVE('',#27,(#31,#43),.PCURVE_S1.);
#27 = LINE('',#28,#29);
#28 = CARTESIAN_POINT('',(58.446257121513,15.5,-13.5));
#29 = VECTOR('',#30,1.);
#30 = DIRECTION('',(0.,0.,1.));
#31 = PCURVE('',#32,#37);
#32 = PLANE('',#33);
#33 = AXIS2_PLACEMENT_3D('',#34,#35,#36);
#34 = CARTESIAN_POINT('',(58.446257121513,15.5,-13.5));
#35 = DIRECTION('',(1.,0.,0.));
#36 = DIRECTION('',(0.,0.,1.));
#37 = DEFINITIONAL_REPRESENTATION('',(#38),#42);
#38 = LINE('',#39,#40);
#39 = CARTESIAN_POINT('',(0.,0.));
#40 = VECTOR('',#41,1.);
#41 = DIRECTION('',(1.,0.));
#42 = ( GEOMETRIC_REPRESENTATION_CONTEXT(2) 
PARAMETRIC_REPRESENTATION_CONTEXT() REPRESENTATION_CONTEXT('2D SPACE',''
  ) );
#43 = PCURVE('',#44,#49);
#44 = PLANE('',#45);
#45 = AXIS2_PLACEMENT_3D('',#46,#47,#48);
#46 = CARTESIAN_POINT('',(58.446257121513,15.5,-13.5));
#47 = DIRECTION('',(0.,1.,0.));
#48 = DIRECTION('',(0.,0.,1.));
#49 = DEFINITIONAL_REPRESENTATION('',(#50),#54);
#50 = LINE('',#51,#52);
#51 = CARTESIAN_POINT('',(0.,0.));
#52 = VECTOR('',#53,1.);
#53 = DIRECTION('',(1.,0.));
#54 = ( GEOMETRIC_REPRESENTATION_CONTEXT(2) 
PARAMETRIC_REPRESENTATION_CONTEXT() REPRESENTATION_CONTEXT('2D SPACE',''
  ) );
#55 = ORIENTED_EDGE('',*,*,#56,.T.);
#56 = EDGE_CURVE('',#22,#57,#59,.T.);
#57 = VERTEX_POINT('',#58);
#58 = CARTESIAN_POINT('',(58.446257121513,26.5,-13.5));
#59 = SURFACE_CURVE('',#60,(#64,#71),.PCURVE_S1.);
#60 = LINE('',#61,#62);
#61 = CARTESIAN_POINT('',(58.446257121513,15.5,-13.5));
#62 = VECTOR('',#63,1.);
#63 = DIRECTION('',(0.,1.,0.));
#64 = PCURVE('',#32,#65);
#65 = DEFINITIONAL_REPRESENTATION('',(#66),#70);
#66 = LINE('',#67,#68);
#67 = CARTESIAN_POINT('',(0.,0.));
#68 = VECTOR('',#69,1.);
#69 = DIRECTION('',(0.,-1.));
#70 = ( GEOMETRIC_REPRESENTATION_CONTEXT(2) 
PARAMETRIC_REPRESENTATION_CONTEXT() REPRESENTATION_CONTEXT('2D SPACE',''
  ) );
#71 = PCURVE('',#72,#77);
#72 = PLANE('',#73);
#73 = AXIS2_PLACEMENT_3D('',#74,#75,#76);
#74 = CARTESIAN_POINT('',(58.446257121513,15.5,-13.5));
#75 = DIRECTION('',(0.,0.,1.));
#76 = DIRECTION('',(1.,0.,0.));
#77 = DEFINITIONAL_REPRESENTATION('',(#78),#82);
#78 = LINE('',#79,#80);
#79 = CARTESIAN_POINT('',(0.,0.));
#80 = VECTOR('',#81,1.);
#81 = DIRECTION('',(0.,1.));
#82 = ( GEOMETRIC_REPRESENTATION_CONTEXT(2) 
PARAMETRIC_REPRESENTATION_CONTEXT() REPRESENTATION_CONTEXT('2D SPACE',''
  ) );
#83 = ORIENTED_EDGE('',*,*,#84,.T.);
#84 = EDGE_CURVE('',#57,#85,#87,.T.);
#85 = VERTEX_POINT('',#86);
#86 = CARTESIAN_POINT('',(58.446257121513,26.5,-11.5));
#87 = SURFACE_CURVE('',#88,(#92,#99),.PCURVE_S1.);
#88 = LINE('',#89,#90);
#89 = CARTESIAN_POINT('',(58.446257121513,26.5,-13.5));
#90 = VECTOR('',#91,1.);
#91 = DIRECTION('',(0.,0.,1.));
#92 = PCURVE('',#32,#93);
#93 = DEFINITIONAL_REPRESENTATION('',(#94),#98);
#94 = LINE('',#95,#96);
#95 = CARTESIAN_POINT('',(0.,-11.));
#96 = VECTOR('',#97,1.);
#97 = DIRECTION('',(1.,0.));
#98 = ( GEOMETRIC_REPRESENTATION_CONTEXT(2) 
PARAMETRIC_REPRESENTATION_CONTEXT() REPRESENTATION_CONTEXT('2D SPACE',''
  ) );
#99 = PCURVE('',#100,#105);
#100 = PLANE('',#101);
#101 = AXIS2_PLACEMENT_3D('',#102,#103,#104);
#102 = CARTESIAN_POINT('',(58.446257121513,26.5,-13.5));
#103 = DIRECTION('',(0.,1.,0.));
#104 = DIRECTION('',(0.,0.,1.));
#105 = DEFINITIONAL_REPRESENTATION('',(#106),#110);
#106 = LINE('',#107,#108);
#107 = CARTESIAN_POINT('',(0.,0.));
#108 = VECTOR('',#109,1.);
#109 = DIRECTION('',(1.,0.));
#110 = ( GEOMETRIC_REPRESENTATION_CONTEXT(2) 
PARAMETRIC_REPRESENTATION_CONTEXT() REPRESENTATION_CONTEXT('2D SPACE',''
  ) );
#111 = ORIENTED_EDGE('',*,*,#112,.F.);
#112 = EDGE_CURVE('',#24,#85,#113,.T.);
#113 = SURFACE_CURVE('',#114,(#118,#125),.PCURVE_S1.);
#114 = LINE('',#115,#116);
#115 = CARTESIAN_POINT('',(58.446257121513,15.5,-11.5));
#116 = VECTOR('',#117,1.);
#117 = DIRECTION('',(0.,1.,0.));
#118 = PCURVE('',#32,#119);
#119 = DEFINITIONAL_REPRESENTATION('',(#120),#124);
#120 = LINE('',#121,#122);
#121 = CARTESIAN_POINT('',(2.,0.));
#122 = VECTOR('',#123,1.);
#123 = DIRECTION('',(0.,-1.));
#124 = ( GEOMETRIC_REPRESENTATION_CONTEXT(2) 
PARAMETRIC_REPRESENTATION_CONTEXT() REPRESENTATION_CONTEXT('2D SPACE',''
  ) );
#125 = PCURVE('',#126,#131);
#126 = PLANE('',#127);
#127 = AXIS2_PLACEMENT_3D('',#128,#129,#130);
#128 = CARTESIAN_POINT('',(58.446257121513,15.5,-11.5));
#129 = DIRECTION('',(0.,0.,1.));
#130 = DIRECTION('',(1.,0.,0.));
#131 = DEFINITIONAL_REPRESENTATION('',(#132),#136);
#132 = LINE('',#133,#134);
#133 = CARTESIAN_POINT('',(0.,0.));
#134 = VECTOR('',#135,1.);
#135 = DIRECTION('',(0.,1.));
#136 = ( GEOMETRIC_REPRESENTATION_CONTEXT(2) 
PARAMETRIC_REPRESENTATION_CONTEXT() REPRESENTATION_CONTEXT('2D SPACE',''
  ) );
#137 = ADVANCED_FACE('',(#138),#44,.F.);
#138 = FACE_BOUND('',#139,.F.);
#139 = EDGE_LOOP('',(#140,#163,#164,#187,#215,#258,#286,#319,#347,#375,
    #403,#431,#464,#492,#515,#543));
#140 = ORIENTED_EDGE('',*,*,#141,.F.);
#141 = EDGE_CURVE('',#22,#142,#144,.T.);
#142 = VERTEX_POINT('',#143);
#143 = CARTESIAN_POINT('',(69.767949192431,15.5,-13.5));
#144 = SURFACE_CURVE('',#145,(#149,#156),.PCURVE_S1.);
#145 = LINE('',#146,#147);
#146 = CARTESIAN_POINT('',(58.446257121513,15.5,-13.5));
#147 = VECTOR('',#148,1.);
#148 = DIRECTION('',(1.,0.,0.));
#149 = PCURVE('',#44,#150);
#150 = DEFINITIONAL_REPRESENTATION('',(#151),#155);
#151 = LINE('',#152,#153);
#152 = CARTESIAN_POINT('',(0.,0.));
#153 = VECTOR('',#154,1.);
#154 = DIRECTION('',(0.,1.));
#155 = ( GEOMETRIC_REPRESENTATION_CONTEXT(2) 
PARAMETRIC_REPRESENTATION_CONTEXT() REPRESENTATION_CONTEXT('2D SPACE',''
  ) );
#156 = PCURVE('',#72,#157);
#157 = DEFINITIONAL_REPRESENTATION('',(#158),#162);
#158 = LINE('',#159,#160);
#159 = CARTESIAN_POINT('',(3.552713678801E-15,0.));
#160 = VECTOR('',#161,1.);
#161 = DIRECTION('',(1.,0.));
#162 = ( GEOMETRIC_REPRESENTATION_CONTEXT(2) 
PARAMETRIC_REPRESENTATION_CONTEXT() REPRESENTATION_CONTEXT('2D SPACE',''
  ) );
#163 = ORIENTED_EDGE('',*,*,#21,.T.);
#164 = ORIENTED_EDGE('',*,*,#165,.T.);
#165 = EDGE_CURVE('',#24,#166,#168,.T.);
#166 = VERTEX_POINT('',#167);
#167 = CARTESIAN_POINT('',(64.154111325776,15.5,-11.5));
#168 = SURFACE_CURVE('',#169,(#173,#180),.PCURVE_S1.);
#169 = LINE('',#170,#171);
#170 = CARTESIAN_POINT('',(58.446257121513,15.5,-11.5));
#171 = VECTOR('',#172,1.);
#172 = DIRECTION('',(1.,0.,0.));
#173 = PCURVE('',#44,#174);
#174 = DEFINITIONAL_REPRESENTATION('',(#175),#179);
#175 = LINE('',#176,#177);
#176 = CARTESIAN_POINT('',(2.,0.));
#177 = VECTOR('',#178,1.);
#178 = DIRECTION('',(0.,1.));
#179 = ( GEOMETRIC_REPRESENTATION_CONTEXT(2) 
PARAMETRIC_REPRESENTATION_CONTEXT() REPRESENTATION_CONTEXT('2D SPACE',''
  ) );
#180 = PCURVE('',#126,#181);
#181 = DEFINITIONAL_REPRESENTATION('',(#182),#186);
#182 = LINE('',#183,#184);
#183 = CARTESIAN_POINT('',(0.,0.));
#184 = VECTOR('',#185,1.);
#185 = DIRECTION('',(1.,0.));
#186 = ( GEOMETRIC_REPRESENTATION_CONTEXT(2) 
PARAMETRIC_REPRESENTATION_CONTEXT() REPRESENTATION_CONTEXT('2D SPACE',''
  ) );
#187 = ORIENTED_EDGE('',*,*,#188,.F.);
#188 = EDGE_CURVE('',#189,#166,#191,.T.);
#189 = VERTEX_POINT('',#190);
#190 = CARTESIAN_POINT('',(64.154111327406,15.500000000393,
    0.508564255416));
#191 = SURFACE_CURVE('',#192,(#196,#203),.PCURVE_S1.);
#192 = LINE('',#193,#194);
#193 = CARTESIAN_POINT('',(64.154111325776,15.5,1.5));
#194 = VECTOR('',#195,1.);
#195 = DIRECTION('',(-0.,-0.,-1.));
#196 = PCURVE('',#44,#197);
#197 = DEFINITIONAL_REPRESENTATION('',(#198),#202);
#198 = LINE('',#199,#200);
#199 = CARTESIAN_POINT('',(15.,5.707854204263));
#200 = VECTOR('',#201,1.);
#201 = DIRECTION('',(-1.,0.));
#202 = ( GEOMETRIC_REPRESENTATION_CONTEXT(2) 
PARAMETRIC_REPRESENTATION_CONTEXT() REPRESENTATION_CONTEXT('2D SPACE',''
  ) );
#203 = PCURVE('',#204,#209);
#204 = CYLINDRICAL_SURFACE('',#205,66.);
#205 = AXIS2_PLACEMENT_3D('',#206,#207,#208);
#206 = CARTESIAN_POINT('',(-6.039613253961E-14,-3.19744231092E-14,1.5));
#207 = DIRECTION('',(0.,0.,1.));
#208 = DIRECTION('',(0.972031989784,0.234848484848,-0.));
#209 = DEFINITIONAL_REPRESENTATION('',(#210),#214);
#210 = LINE('',#211,#212);
#211 = CARTESIAN_POINT('',(0.,0.));
#212 = VECTOR('',#213,1.);
#213 = DIRECTION('',(0.,-1.));
#214 = ( GEOMETRIC_REPRESENTATION_CONTEXT(2) 
PARAMETRIC_REPRESENTATION_CONTEXT() REPRESENTATION_CONTEXT('2D SPACE',''
  ) );
#215 = ORIENTED_EDGE('',*,*,#216,.F.);
#216 = EDGE_CURVE('',#217,#189,#219,.T.);
#217 = VERTEX_POINT('',#218);
#218 = CARTESIAN_POINT('',(69.799713463612,15.499999999368,
    0.636549286437));
#219 = SURFACE_CURVE('',#220,(#229,#241),.PCURVE_S1.);
#220 = B_SPLINE_CURVE_WITH_KNOTS('',4,(#221,#222,#223,#224,#225,#226,
    #227,#228),.UNSPECIFIED.,.F.,.F.,(5,3,5),(0.,0.502695540096,1.),
  .UNSPECIFIED.);
#221 = CARTESIAN_POINT('',(69.799713466461,15.5,0.636549283332));
#222 = CARTESIAN_POINT('',(69.090188115558,15.5,0.621707819959));
#223 = CARTESIAN_POINT('',(68.38066879147,15.5,0.606481976024));
#224 = CARTESIAN_POINT('',(67.671156074761,15.5,0.590849439796));
#225 = CARTESIAN_POINT('',(66.259754310895,15.5,0.558890982443));
#226 = CARTESIAN_POINT('',(65.557865109281,15.5,0.542574267826));
#227 = CARTESIAN_POINT('',(64.855983810462,15.5,0.525808621863));
#228 = CARTESIAN_POINT('',(64.154111325776,15.5,0.508564257376));
#229 = PCURVE('',#44,#230);
#230 = DEFINITIONAL_REPRESENTATION('',(#231),#240);
#231 = B_SPLINE_CURVE_WITH_KNOTS('',4,(#232,#233,#234,#235,#236,#237,
    #238,#239),.UNSPECIFIED.,.F.,.F.,(5,3,5),(0.,0.502695540096,1.),
  .UNSPECIFIED.);
#232 = CARTESIAN_POINT('',(14.136549283332,11.353456344948));
#233 = CARTESIAN_POINT('',(14.121707819959,10.643930994046));
#234 = CARTESIAN_POINT('',(14.106481976024,9.934411669958));
#235 = CARTESIAN_POINT('',(14.090849439796,9.224898953249));
#236 = CARTESIAN_POINT('',(14.058890982443,7.813497189382));
#237 = CARTESIAN_POINT('',(14.042574267826,7.111607987769));
#238 = CARTESIAN_POINT('',(14.025808621863,6.409726688949));
#239 = CARTESIAN_POINT('',(14.008564257376,5.707854204263));
#240 = ( GEOMETRIC_REPRESENTATION_CONTEXT(2) 
PARAMETRIC_REPRESENTATION_CONTEXT() REPRESENTATION_CONTEXT('2D SPACE',''
  ) );
#241 = PCURVE('',#242,#247);
#242 = B_SPLINE_SURFACE_WITH_KNOTS('',1,1,(
    (#243,#244)
    ,(#245,#246
  )),.UNSPECIFIED.,.F.,.F.,.F.,(2,2),(2,2),(0.,7.5),(0.,1.),
  .PIECEWISE_BEZIER_KNOTS.);
#243 = CARTESIAN_POINT('',(64.668904918473,6.552307734339,1.45));
#244 = CARTESIAN_POINT('',(61.893432808283,19.854545454545,0.));
#245 = CARTESIAN_POINT('',(72.130701639835,7.308343242147,1.45));
#246 = CARTESIAN_POINT('',(69.0349827477,22.145454545455,0.));
#247 = DEFINITIONAL_REPRESENTATION('',(#248),#257);
#248 = B_SPLINE_CURVE_WITH_KNOTS('',4,(#249,#250,#251,#252,#253,#254,
    #255,#256),.UNSPECIFIED.,.F.,.F.,(5,3,5),(0.,0.502695540096,1.),
  .UNSPECIFIED.);
#249 = CARTESIAN_POINT('',(6.887932154863,0.561000494552));
#250 = CARTESIAN_POINT('',(6.18953838755,0.571235986534));
#251 = CARTESIAN_POINT('',(5.491150552497,0.581736567886));
#252 = CARTESIAN_POINT('',(4.792769221162,0.592517627727));
#253 = CARTESIAN_POINT('',(3.403510622007,0.614557943143));
#254 = CARTESIAN_POINT('',(2.712633202154,0.625810848406));
#255 = CARTESIAN_POINT('',(2.021763561111,0.637373365328));
#256 = CARTESIAN_POINT('',(1.330902595917,0.649266030491));
#257 = ( GEOMETRIC_REPRESENTATION_CONTEXT(2) 
PARAMETRIC_REPRESENTATION_CONTEXT() REPRESENTATION_CONTEXT('2D SPACE',''
  ) );
#258 = ORIENTED_EDGE('',*,*,#259,.T.);
#259 = EDGE_CURVE('',#217,#260,#262,.T.);
#260 = VERTEX_POINT('',#261);
#261 = CARTESIAN_POINT('',(69.799713466461,15.5,-11.4468971067));
#262 = SURFACE_CURVE('',#263,(#267,#274),.PCURVE_S1.);
#263 = LINE('',#264,#265);
#264 = CARTESIAN_POINT('',(69.799713466461,15.5,1.5));
#265 = VECTOR('',#266,1.);
#266 = DIRECTION('',(-0.,-0.,-1.));
#267 = PCURVE('',#44,#268);
#268 = DEFINITIONAL_REPRESENTATION('',(#269),#273);
#269 = LINE('',#270,#271);
#270 = CARTESIAN_POINT('',(15.,11.353456344948));
#271 = VECTOR('',#272,1.);
#272 = DIRECTION('',(-1.,0.));
#273 = ( GEOMETRIC_REPRESENTATION_CONTEXT(2) 
PARAMETRIC_REPRESENTATION_CONTEXT() REPRESENTATION_CONTEXT('2D SPACE',''
  ) );
#274 = PCURVE('',#275,#280);
#275 = CYLINDRICAL_SURFACE('',#276,71.500000000004);
#276 = AXIS2_PLACEMENT_3D('',#277,#278,#279);
#277 = CARTESIAN_POINT('',(-4.249045559845E-12,-1.30384592012E-12,1.5));
#278 = DIRECTION('',(-0.,-0.,1.));
#279 = DIRECTION('',(0.928780851238,0.370629370629,0.));
#280 = DEFINITIONAL_REPRESENTATION('',(#281),#285);
#281 = LINE('',#282,#283);
#282 = CARTESIAN_POINT('',(-0.161168444488,0.));
#283 = VECTOR('',#284,1.);
#284 = DIRECTION('',(-0.,-1.));
#285 = ( GEOMETRIC_REPRESENTATION_CONTEXT(2) 
PARAMETRIC_REPRESENTATION_CONTEXT() REPRESENTATION_CONTEXT('2D SPACE',''
  ) );
#286 = ORIENTED_EDGE('',*,*,#287,.T.);
#287 = EDGE_CURVE('',#260,#288,#290,.T.);
#288 = VERTEX_POINT('',#289);
#289 = CARTESIAN_POINT('',(69.767949192431,15.5,-11.5));
#290 = SURFACE_CURVE('',#291,(#296,#307),.PCURVE_S1.);
#291 = CIRCLE('',#292,2.);
#292 = AXIS2_PLACEMENT_3D('',#293,#294,#295);
#293 = CARTESIAN_POINT('',(71.5,15.5,-12.5));
#294 = DIRECTION('',(0.,-1.,-1.110223024625E-16));
#295 = DIRECTION('',(1.,-0.,0.));
#296 = PCURVE('',#44,#297);
#297 = DEFINITIONAL_REPRESENTATION('',(#298),#306);
#298 = ( BOUNDED_CURVE() B_SPLINE_CURVE(2,(#299,#300,#301,#302,#303,#304
,#305),.UNSPECIFIED.,.T.,.F.) B_SPLINE_CURVE_WITH_KNOTS((1,2,2,2,2,1),(
    -2.094395102393,0.,2.094395102393,4.188790204786,6.28318530718,
8.377580409573),.UNSPECIFIED.) CURVE() GEOMETRIC_REPRESENTATION_ITEM() 
RATIONAL_B_SPLINE_CURVE((1.,0.5,1.,0.5,1.,0.5,1.)) REPRESENTATION_ITEM(
  '') );
#299 = CARTESIAN_POINT('',(1.,15.053742878487));
#300 = CARTESIAN_POINT('',(4.464101615138,15.053742878487));
#301 = CARTESIAN_POINT('',(2.732050807569,12.053742878487));
#302 = CARTESIAN_POINT('',(1.,9.053742878487));
#303 = CARTESIAN_POINT('',(-0.732050807569,12.053742878487));
#304 = CARTESIAN_POINT('',(-2.464101615138,15.053742878487));
#305 = CARTESIAN_POINT('',(1.,15.053742878487));
#306 = ( GEOMETRIC_REPRESENTATION_CONTEXT(2) 
PARAMETRIC_REPRESENTATION_CONTEXT() REPRESENTATION_CONTEXT('2D SPACE',''
  ) );
#307 = PCURVE('',#308,#313);
#308 = CYLINDRICAL_SURFACE('',#309,2.);
#309 = AXIS2_PLACEMENT_3D('',#310,#311,#312);
#310 = CARTESIAN_POINT('',(71.5,12.5,-12.5));
#311 = DIRECTION('',(-0.,-1.,-1.110223024625E-16));
#312 = DIRECTION('',(1.,0.,0.));
#313 = DEFINITIONAL_REPRESENTATION('',(#314),#318);
#314 = LINE('',#315,#316);
#315 = CARTESIAN_POINT('',(-6.28318530718,-3.));
#316 = VECTOR('',#317,1.);
#317 = DIRECTION('',(1.,-0.));
#318 = ( GEOMETRIC_REPRESENTATION_CONTEXT(2) 
PARAMETRIC_REPRESENTATION_CONTEXT() REPRESENTATION_CONTEXT('2D SPACE',''
  ) );
#319 = ORIENTED_EDGE('',*,*,#320,.T.);
#320 = EDGE_CURVE('',#288,#321,#323,.T.);
#321 = VERTEX_POINT('',#322);
#322 = CARTESIAN_POINT('',(73.232050807569,15.5,-11.5));
#323 = SURFACE_CURVE('',#324,(#328,#335),.PCURVE_S1.);
#324 = LINE('',#325,#326);
#325 = CARTESIAN_POINT('',(69.3,15.5,-11.5));
#326 = VECTOR('',#327,1.);
#327 = DIRECTION('',(1.,0.,0.));
#328 = PCURVE('',#44,#329);
#329 = DEFINITIONAL_REPRESENTATION('',(#330),#334);
#330 = LINE('',#331,#332);
#331 = CARTESIAN_POINT('',(2.,10.853742878487));
#332 = VECTOR('',#333,1.);
#333 = DIRECTION('',(0.,1.));
#334 = ( GEOMETRIC_REPRESENTATION_CONTEXT(2) 
PARAMETRIC_REPRESENTATION_CONTEXT() REPRESENTATION_CONTEXT('2D SPACE',''
  ) );
#335 = PCURVE('',#336,#341);
#336 = PLANE('',#337);
#337 = AXIS2_PLACEMENT_3D('',#338,#339,#340);
#338 = CARTESIAN_POINT('',(69.3,15.5,-11.5));
#339 = DIRECTION('',(0.,0.,-1.));
#340 = DIRECTION('',(0.,-1.,0.));
#341 = DEFINITIONAL_REPRESENTATION('',(#342),#346);
#342 = LINE('',#343,#344);
#343 = CARTESIAN_POINT('',(0.,-0.));
#344 = VECTOR('',#345,1.);
#345 = DIRECTION('',(0.,-1.));
#346 = ( GEOMETRIC_REPRESENTATION_CONTEXT(2) 
PARAMETRIC_REPRESENTATION_CONTEXT() REPRESENTATION_CONTEXT('2D SPACE',''
  ) );
#347 = ORIENTED_EDGE('',*,*,#348,.T.);
#348 = EDGE_CURVE('',#321,#349,#351,.T.);
#349 = VERTEX_POINT('',#350);
#350 = CARTESIAN_POINT('',(73.194444444444,15.5,-11.4375226945));
#351 = SURFACE_CURVE('',#352,(#357,#368),.PCURVE_S1.);
#352 = CIRCLE('',#353,2.);
#353 = AXIS2_PLACEMENT_3D('',#354,#355,#356);
#354 = CARTESIAN_POINT('',(71.5,15.5,-12.5));
#355 = DIRECTION('',(0.,-1.,-1.110223024625E-16));
#356 = DIRECTION('',(1.,-0.,0.));
#357 = PCURVE('',#44,#358);
#358 = DEFINITIONAL_REPRESENTATION('',(#359),#367);
#359 = ( BOUNDED_CURVE() B_SPLINE_CURVE(2,(#360,#361,#362,#363,#364,#365
,#366),.UNSPECIFIED.,.T.,.F.) B_SPLINE_CURVE_WITH_KNOTS((1,2,2,2,2,1),(
    -2.094395102393,0.,2.094395102393,4.188790204786,6.28318530718,
8.377580409573),.UNSPECIFIED.) CURVE() GEOMETRIC_REPRESENTATION_ITEM() 
RATIONAL_B_SPLINE_CURVE((1.,0.5,1.,0.5,1.,0.5,1.)) REPRESENTATION_ITEM(
  '') );
#360 = CARTESIAN_POINT('',(1.,15.053742878487));
#361 = CARTESIAN_POINT('',(4.464101615138,15.053742878487));
#362 = CARTESIAN_POINT('',(2.732050807569,12.053742878487));
#363 = CARTESIAN_POINT('',(1.,9.053742878487));
#364 = CARTESIAN_POINT('',(-0.732050807569,12.053742878487));
#365 = CARTESIAN_POINT('',(-2.464101615138,15.053742878487));
#366 = CARTESIAN_POINT('',(1.,15.053742878487));
#367 = ( GEOMETRIC_REPRESENTATION_CONTEXT(2) 
PARAMETRIC_REPRESENTATION_CONTEXT() REPRESENTATION_CONTEXT('2D SPACE',''
  ) );
#368 = PCURVE('',#308,#369);
#369 = DEFINITIONAL_REPRESENTATION('',(#370),#374);
#370 = LINE('',#371,#372);
#371 = CARTESIAN_POINT('',(-6.28318530718,-3.));
#372 = VECTOR('',#373,1.);
#373 = DIRECTION('',(1.,-0.));
#374 = ( GEOMETRIC_REPRESENTATION_CONTEXT(2) 
PARAMETRIC_REPRESENTATION_CONTEXT() REPRESENTATION_CONTEXT('2D SPACE',''
  ) );
#375 = ORIENTED_EDGE('',*,*,#376,.T.);
#376 = EDGE_CURVE('',#349,#377,#379,.T.);
#377 = VERTEX_POINT('',#378);
#378 = CARTESIAN_POINT('',(77.57284103398,15.5,-9.945362827752));
#379 = SURFACE_CURVE('',#380,(#385,#392),.PCURVE_S1.);
#380 = CIRCLE('',#381,3.);
#381 = AXIS2_PLACEMENT_3D('',#382,#383,#384);
#382 = CARTESIAN_POINT('',(76.,15.5,-12.5));
#383 = DIRECTION('',(-0.,1.,1.110223024625E-16));
#384 = DIRECTION('',(1.,0.,0.));
#385 = PCURVE('',#44,#386);
#386 = DEFINITIONAL_REPRESENTATION('',(#387),#391);
#387 = CIRCLE('',#388,3.);
#388 = AXIS2_PLACEMENT_2D('',#389,#390);
#389 = CARTESIAN_POINT('',(1.,17.553742878487));
#390 = DIRECTION('',(0.,1.));
#391 = ( GEOMETRIC_REPRESENTATION_CONTEXT(2) 
PARAMETRIC_REPRESENTATION_CONTEXT() REPRESENTATION_CONTEXT('2D SPACE',''
  ) );
#392 = PCURVE('',#393,#398);
#393 = CYLINDRICAL_SURFACE('',#394,3.);
#394 = AXIS2_PLACEMENT_3D('',#395,#396,#397);
#395 = CARTESIAN_POINT('',(76.,15.5,-12.5));
#396 = DIRECTION('',(-0.,-1.,-1.110223024625E-16));
#397 = DIRECTION('',(1.,0.,0.));
#398 = DEFINITIONAL_REPRESENTATION('',(#399),#402);
#399 = B_SPLINE_CURVE_WITH_KNOTS('',1,(#400,#401),.UNSPECIFIED.,.F.,.F.,
  (2,2),(3.481429563044,5.264258756902),.PIECEWISE_BEZIER_KNOTS.);
#400 = CARTESIAN_POINT('',(-3.481429563044,0.));
#401 = CARTESIAN_POINT('',(-5.264258756902,0.));
#402 = ( GEOMETRIC_REPRESENTATION_CONTEXT(2) 
PARAMETRIC_REPRESENTATION_CONTEXT() REPRESENTATION_CONTEXT('2D SPACE',''
  ) );
#403 = ORIENTED_EDGE('',*,*,#404,.F.);
#404 = EDGE_CURVE('',#405,#377,#407,.T.);
#405 = VERTEX_POINT('',#406);
#406 = CARTESIAN_POINT('',(76.602922396359,15.5,-11.5207224173));
#407 = SURFACE_CURVE('',#408,(#412,#419),.PCURVE_S1.);
#408 = LINE('',#409,#410);
#409 = CARTESIAN_POINT('',(76.,15.5,-12.5));
#410 = VECTOR('',#411,1.);
#411 = DIRECTION('',(0.52428034466,0.,0.851545724083));
#412 = PCURVE('',#44,#413);
#413 = DEFINITIONAL_REPRESENTATION('',(#414),#418);
#414 = LINE('',#415,#416);
#415 = CARTESIAN_POINT('',(1.,17.553742878487));
#416 = VECTOR('',#417,1.);
#417 = DIRECTION('',(0.851545724083,0.52428034466));
#418 = ( GEOMETRIC_REPRESENTATION_CONTEXT(2) 
PARAMETRIC_REPRESENTATION_CONTEXT() REPRESENTATION_CONTEXT('2D SPACE',''
  ) );
#419 = PCURVE('',#420,#425);
#420 = PLANE('',#421);
#421 = AXIS2_PLACEMENT_3D('',#422,#423,#424);
#422 = CARTESIAN_POINT('',(79.14568206796,13.5,-7.390725655505));
#423 = DIRECTION('',(-0.851545724083,0.,0.52428034466));
#424 = DIRECTION('',(-0.52428034466,0.,-0.851545724083));
#425 = DEFINITIONAL_REPRESENTATION('',(#426),#430);
#426 = LINE('',#427,#428);
#427 = CARTESIAN_POINT('',(6.,-2.));
#428 = VECTOR('',#429,1.);
#429 = DIRECTION('',(-1.,0.));
#430 = ( GEOMETRIC_REPRESENTATION_CONTEXT(2) 
PARAMETRIC_REPRESENTATION_CONTEXT() REPRESENTATION_CONTEXT('2D SPACE',''
  ) );
#431 = ORIENTED_EDGE('',*,*,#432,.T.);
#432 = EDGE_CURVE('',#405,#433,#435,.T.);
#433 = VERTEX_POINT('',#434);
#434 = CARTESIAN_POINT('',(76.602922396359,15.5,-13.47927758269));
#435 = SURFACE_CURVE('',#436,(#441,#452),.PCURVE_S1.);
#436 = CIRCLE('',#437,1.15);
#437 = AXIS2_PLACEMENT_3D('',#438,#439,#440);
#438 = CARTESIAN_POINT('',(76.,15.5,-12.5));
#439 = DIRECTION('',(0.,-1.,-1.110223024625E-16));
#440 = DIRECTION('',(1.,-0.,0.));
#441 = PCURVE('',#44,#442);
#442 = DEFINITIONAL_REPRESENTATION('',(#443),#451);
#443 = ( BOUNDED_CURVE() B_SPLINE_CURVE(2,(#444,#445,#446,#447,#448,#449
,#450),.UNSPECIFIED.,.T.,.F.) B_SPLINE_CURVE_WITH_KNOTS((1,2,2,2,2,1),(
    -2.094395102393,0.,2.094395102393,4.188790204786,6.28318530718,
8.377580409573),.UNSPECIFIED.) CURVE() GEOMETRIC_REPRESENTATION_ITEM() 
RATIONAL_B_SPLINE_CURVE((1.,0.5,1.,0.5,1.,0.5,1.)) REPRESENTATION_ITEM(
  '') );
#444 = CARTESIAN_POINT('',(1.,18.703742878487));
#445 = CARTESIAN_POINT('',(2.991858428704,18.703742878487));
#446 = CARTESIAN_POINT('',(1.995929214352,16.978742878487));
#447 = CARTESIAN_POINT('',(1.,15.253742878487));
#448 = CARTESIAN_POINT('',(4.070785647896E-03,16.978742878487));
#449 = CARTESIAN_POINT('',(-0.991858428704,18.703742878487));
#450 = CARTESIAN_POINT('',(1.,18.703742878487));
#451 = ( GEOMETRIC_REPRESENTATION_CONTEXT(2) 
PARAMETRIC_REPRESENTATION_CONTEXT() REPRESENTATION_CONTEXT('2D SPACE',''
  ) );
#452 = PCURVE('',#453,#458);
#453 = CYLINDRICAL_SURFACE('',#454,1.15);
#454 = AXIS2_PLACEMENT_3D('',#455,#456,#457);
#455 = CARTESIAN_POINT('',(76.,13.,-12.5));
#456 = DIRECTION('',(-0.,-1.,-1.110223024625E-16));
#457 = DIRECTION('',(1.,0.,0.));
#458 = DEFINITIONAL_REPRESENTATION('',(#459),#463);
#459 = LINE('',#460,#461);
#460 = CARTESIAN_POINT('',(-6.28318530718,-2.5));
#461 = VECTOR('',#462,1.);
#462 = DIRECTION('',(1.,-0.));
#463 = ( GEOMETRIC_REPRESENTATION_CONTEXT(2) 
PARAMETRIC_REPRESENTATION_CONTEXT() REPRESENTATION_CONTEXT('2D SPACE',''
  ) );
#464 = ORIENTED_EDGE('',*,*,#465,.F.);
#465 = EDGE_CURVE('',#466,#433,#468,.T.);
#466 = VERTEX_POINT('',#467);
#467 = CARTESIAN_POINT('',(77.57284103398,15.5,-15.05463717224));
#468 = SURFACE_CURVE('',#469,(#473,#480),.PCURVE_S1.);
#469 = LINE('',#470,#471);
#470 = CARTESIAN_POINT('',(77.57284103398,15.5,-15.05463717224));
#471 = VECTOR('',#472,1.);
#472 = DIRECTION('',(-0.52428034466,0.,0.851545724083));
#473 = PCURVE('',#44,#474);
#474 = DEFINITIONAL_REPRESENTATION('',(#475),#479);
#475 = LINE('',#476,#477);
#476 = CARTESIAN_POINT('',(-1.554637172248,19.126583912467));
#477 = VECTOR('',#478,1.);
#478 = DIRECTION('',(0.851545724083,-0.52428034466));
#479 = ( GEOMETRIC_REPRESENTATION_CONTEXT(2) 
PARAMETRIC_REPRESENTATION_CONTEXT() REPRESENTATION_CONTEXT('2D SPACE',''
  ) );
#480 = PCURVE('',#481,#486);
#481 = PLANE('',#482);
#482 = AXIS2_PLACEMENT_3D('',#483,#484,#485);
#483 = CARTESIAN_POINT('',(76.,13.5,-12.5));
#484 = DIRECTION('',(-0.851545724083,-0.,-0.52428034466));
#485 = DIRECTION('',(0.52428034466,0.,-0.851545724083));
#486 = DEFINITIONAL_REPRESENTATION('',(#487),#491);
#487 = LINE('',#488,#489);
#488 = CARTESIAN_POINT('',(3.,-2.));
#489 = VECTOR('',#490,1.);
#490 = DIRECTION('',(-1.,0.));
#491 = ( GEOMETRIC_REPRESENTATION_CONTEXT(2) 
PARAMETRIC_REPRESENTATION_CONTEXT() REPRESENTATION_CONTEXT('2D SPACE',''
  ) );
#492 = ORIENTED_EDGE('',*,*,#493,.T.);
#493 = EDGE_CURVE('',#466,#494,#496,.T.);
#494 = VERTEX_POINT('',#495);
#495 = CARTESIAN_POINT('',(73.194444444444,15.5,-13.56247730549));
#496 = SURFACE_CURVE('',#497,(#502,#509),.PCURVE_S1.);
#497 = CIRCLE('',#498,3.);
#498 = AXIS2_PLACEMENT_3D('',#499,#500,#501);
#499 = CARTESIAN_POINT('',(76.,15.5,-12.5));
#500 = DIRECTION('',(-0.,1.,1.110223024625E-16));
#501 = DIRECTION('',(1.,0.,0.));
#502 = PCURVE('',#44,#503);
#503 = DEFINITIONAL_REPRESENTATION('',(#504),#508);
#504 = CIRCLE('',#505,3.);
#505 = AXIS2_PLACEMENT_2D('',#506,#507);
#506 = CARTESIAN_POINT('',(1.,17.553742878487));
#507 = DIRECTION('',(0.,1.));
#508 = ( GEOMETRIC_REPRESENTATION_CONTEXT(2) 
PARAMETRIC_REPRESENTATION_CONTEXT() REPRESENTATION_CONTEXT('2D SPACE',''
  ) );
#509 = PCURVE('',#393,#510);
#510 = DEFINITIONAL_REPRESENTATION('',(#511),#514);
#511 = B_SPLINE_CURVE_WITH_KNOTS('',1,(#512,#513),.UNSPECIFIED.,.F.,.F.,
  (2,2),(1.018926550277,2.801755744136),.PIECEWISE_BEZIER_KNOTS.);
#512 = CARTESIAN_POINT('',(-7.302111857457,0.));
#513 = CARTESIAN_POINT('',(-9.084941051315,0.));
#514 = ( GEOMETRIC_REPRESENTATION_CONTEXT(2) 
PARAMETRIC_REPRESENTATION_CONTEXT() REPRESENTATION_CONTEXT('2D SPACE',''
  ) );
#515 = ORIENTED_EDGE('',*,*,#516,.T.);
#516 = EDGE_CURVE('',#494,#517,#519,.T.);
#517 = VERTEX_POINT('',#518);
#518 = CARTESIAN_POINT('',(73.232050807569,15.5,-13.5));
#519 = SURFACE_CURVE('',#520,(#525,#536),.PCURVE_S1.);
#520 = CIRCLE('',#521,2.);
#521 = AXIS2_PLACEMENT_3D('',#522,#523,#524);
#522 = CARTESIAN_POINT('',(71.5,15.5,-12.5));
#523 = DIRECTION('',(0.,-1.,-1.110223024625E-16));
#524 = DIRECTION('',(1.,-0.,0.));
#525 = PCURVE('',#44,#526);
#526 = DEFINITIONAL_REPRESENTATION('',(#527),#535);
#527 = ( BOUNDED_CURVE() B_SPLINE_CURVE(2,(#528,#529,#530,#531,#532,#533
,#534),.UNSPECIFIED.,.T.,.F.) B_SPLINE_CURVE_WITH_KNOTS((1,2,2,2,2,1),(
    -2.094395102393,0.,2.094395102393,4.188790204786,6.28318530718,
8.377580409573),.UNSPECIFIED.) CURVE() GEOMETRIC_REPRESENTATION_ITEM() 
RATIONAL_B_SPLINE_CURVE((1.,0.5,1.,0.5,1.,0.5,1.)) REPRESENTATION_ITEM(
  '') );
#528 = CARTESIAN_POINT('',(1.,15.053742878487));
#529 = CARTESIAN_POINT('',(4.464101615138,15.053742878487));
#530 = CARTESIAN_POINT('',(2.732050807569,12.053742878487));
#531 = CARTESIAN_POINT('',(1.,9.053742878487));
#532 = CARTESIAN_POINT('',(-0.732050807569,12.053742878487));
#533 = CARTESIAN_POINT('',(-2.464101615138,15.053742878487));
#534 = CARTESIAN_POINT('',(1.,15.053742878487));
#535 = ( GEOMETRIC_REPRESENTATION_CONTEXT(2) 
PARAMETRIC_REPRESENTATION_CONTEXT() REPRESENTATION_CONTEXT('2D SPACE',''
  ) );
#536 = PCURVE('',#308,#537);
#537 = DEFINITIONAL_REPRESENTATION('',(#538),#542);
#538 = LINE('',#539,#540);
#539 = CARTESIAN_POINT('',(-6.28318530718,-3.));
#540 = VECTOR('',#541,1.);
#541 = DIRECTION('',(1.,-0.));
#542 = ( GEOMETRIC_REPRESENTATION_CONTEXT(2) 
PARAMETRIC_REPRESENTATION_CONTEXT() REPRESENTATION_CONTEXT('2D SPACE',''
  ) );
#543 = ORIENTED_EDGE('',*,*,#544,.F.);
#544 = EDGE_CURVE('',#142,#517,#545,.T.);
#545 = SURFACE_CURVE('',#546,(#550,#557),.PCURVE_S1.);
#546 = LINE('',#547,#548);
#547 = CARTESIAN_POINT('',(69.3,15.5,-13.5));
#548 = VECTOR('',#549,1.);
#549 = DIRECTION('',(1.,0.,0.));
#550 = PCURVE('',#44,#551);
#551 = DEFINITIONAL_REPRESENTATION('',(#552),#556);
#552 = LINE('',#553,#554);
#553 = CARTESIAN_POINT('',(0.,10.853742878487));
#554 = VECTOR('',#555,1.);
#555 = DIRECTION('',(0.,1.));
#556 = ( GEOMETRIC_REPRESENTATION_CONTEXT(2) 
PARAMETRIC_REPRESENTATION_CONTEXT() REPRESENTATION_CONTEXT('2D SPACE',''
  ) );
#557 = PCURVE('',#558,#563);
#558 = PLANE('',#559);
#559 = AXIS2_PLACEMENT_3D('',#560,#561,#562);
#560 = CARTESIAN_POINT('',(69.3,14.3,-13.5));
#561 = DIRECTION('',(0.,0.,1.));
#562 = DIRECTION('',(0.,1.,0.));
#563 = DEFINITIONAL_REPRESENTATION('',(#564),#568);
#564 = LINE('',#565,#566);
#565 = CARTESIAN_POINT('',(1.2,0.));
#566 = VECTOR('',#567,1.);
#567 = DIRECTION('',(0.,-1.));
#568 = ( GEOMETRIC_REPRESENTATION_CONTEXT(2) 
PARAMETRIC_REPRESENTATION_CONTEXT() REPRESENTATION_CONTEXT('2D SPACE',''
  ) );
#569 = ADVANCED_FACE('',(#570),#126,.T.);
#570 = FACE_BOUND('',#571,.T.);
#571 = EDGE_LOOP('',(#572,#595,#596,#597));
#572 = ORIENTED_EDGE('',*,*,#573,.F.);
#573 = EDGE_CURVE('',#85,#574,#576,.T.);
#574 = VERTEX_POINT('',#575);
#575 = CARTESIAN_POINT('',(60.446257121513,26.5,-11.5));
#576 = SURFACE_CURVE('',#577,(#581,#588),.PCURVE_S1.);
#577 = LINE('',#578,#579);
#578 = CARTESIAN_POINT('',(58.446257121513,26.5,-11.5));
#579 = VECTOR('',#580,1.);
#580 = DIRECTION('',(1.,0.,0.));
#581 = PCURVE('',#126,#582);
#582 = DEFINITIONAL_REPRESENTATION('',(#583),#587);
#583 = LINE('',#584,#585);
#584 = CARTESIAN_POINT('',(0.,11.));
#585 = VECTOR('',#586,1.);
#586 = DIRECTION('',(1.,0.));
#587 = ( GEOMETRIC_REPRESENTATION_CONTEXT(2) 
PARAMETRIC_REPRESENTATION_CONTEXT() REPRESENTATION_CONTEXT('2D SPACE',''
  ) );
#588 = PCURVE('',#100,#589);
#589 = DEFINITIONAL_REPRESENTATION('',(#590),#594);
#590 = LINE('',#591,#592);
#591 = CARTESIAN_POINT('',(2.,0.));
#592 = VECTOR('',#593,1.);
#593 = DIRECTION('',(0.,1.));
#594 = ( GEOMETRIC_REPRESENTATION_CONTEXT(2) 
PARAMETRIC_REPRESENTATION_CONTEXT() REPRESENTATION_CONTEXT('2D SPACE',''
  ) );
#595 = ORIENTED_EDGE('',*,*,#112,.F.);
#596 = ORIENTED_EDGE('',*,*,#165,.T.);
#597 = ORIENTED_EDGE('',*,*,#598,.T.);
#598 = EDGE_CURVE('',#166,#574,#599,.T.);
#599 = SURFACE_CURVE('',#600,(#605,#612),.PCURVE_S1.);
#600 = CIRCLE('',#601,66.);
#601 = AXIS2_PLACEMENT_3D('',#602,#603,#604);
#602 = CARTESIAN_POINT('',(-6.039613253961E-14,-3.19744231092E-14,-11.5)
  );
#603 = DIRECTION('',(0.,0.,1.));
#604 = DIRECTION('',(0.972031989784,0.234848484848,-0.));
#605 = PCURVE('',#126,#606);
#606 = DEFINITIONAL_REPRESENTATION('',(#607),#611);
#607 = CIRCLE('',#608,66.);
#608 = AXIS2_PLACEMENT_2D('',#609,#610);
#609 = CARTESIAN_POINT('',(-58.44625712151,-15.5));
#610 = DIRECTION('',(0.972031989784,0.234848484848));
#611 = ( GEOMETRIC_REPRESENTATION_CONTEXT(2) 
PARAMETRIC_REPRESENTATION_CONTEXT() REPRESENTATION_CONTEXT('2D SPACE',''
  ) );
#612 = PCURVE('',#204,#613);
#613 = DEFINITIONAL_REPRESENTATION('',(#614),#618);
#614 = LINE('',#615,#616);
#615 = CARTESIAN_POINT('',(0.,-13.));
#616 = VECTOR('',#617,1.);
#617 = DIRECTION('',(1.,0.));
#618 = ( GEOMETRIC_REPRESENTATION_CONTEXT(2) 
PARAMETRIC_REPRESENTATION_CONTEXT() REPRESENTATION_CONTEXT('2D SPACE',''
  ) );
#619 = ADVANCED_FACE('',(#620,#940),#100,.T.);
#620 = FACE_BOUND('',#621,.T.);
#621 = EDGE_LOOP('',(#622,#645,#646,#647,#670,#713,#736,#764,#788,#811,
    #839,#867,#895,#918));
#622 = ORIENTED_EDGE('',*,*,#623,.F.);
#623 = EDGE_CURVE('',#57,#624,#626,.T.);
#624 = VERTEX_POINT('',#625);
#625 = CARTESIAN_POINT('',(69.767949192431,26.5,-13.5));
#626 = SURFACE_CURVE('',#627,(#631,#638),.PCURVE_S1.);
#627 = LINE('',#628,#629);
#628 = CARTESIAN_POINT('',(58.446257121513,26.5,-13.5));
#629 = VECTOR('',#630,1.);
#630 = DIRECTION('',(1.,0.,0.));
#631 = PCURVE('',#100,#632);
#632 = DEFINITIONAL_REPRESENTATION('',(#633),#637);
#633 = LINE('',#634,#635);
#634 = CARTESIAN_POINT('',(0.,0.));
#635 = VECTOR('',#636,1.);
#636 = DIRECTION('',(0.,1.));
#637 = ( GEOMETRIC_REPRESENTATION_CONTEXT(2) 
PARAMETRIC_REPRESENTATION_CONTEXT() REPRESENTATION_CONTEXT('2D SPACE',''
  ) );
#638 = PCURVE('',#72,#639);
#639 = DEFINITIONAL_REPRESENTATION('',(#640),#644);
#640 = LINE('',#641,#642);
#641 = CARTESIAN_POINT('',(0.,11.));
#642 = VECTOR('',#643,1.);
#643 = DIRECTION('',(1.,0.));
#644 = ( GEOMETRIC_REPRESENTATION_CONTEXT(2) 
PARAMETRIC_REPRESENTATION_CONTEXT() REPRESENTATION_CONTEXT('2D SPACE',''
  ) );
#645 = ORIENTED_EDGE('',*,*,#84,.T.);
#646 = ORIENTED_EDGE('',*,*,#573,.T.);
#647 = ORIENTED_EDGE('',*,*,#648,.F.);
#648 = EDGE_CURVE('',#649,#574,#651,.T.);
#649 = VERTEX_POINT('',#650);
#650 = CARTESIAN_POINT('',(60.446257121293,26.499999999902,0.73855371844
    ));
#651 = SURFACE_CURVE('',#652,(#656,#663),.PCURVE_S1.);
#652 = LINE('',#653,#654);
#653 = CARTESIAN_POINT('',(60.446257121513,26.5,1.5));
#654 = VECTOR('',#655,1.);
#655 = DIRECTION('',(-0.,-0.,-1.));
#656 = PCURVE('',#100,#657);
#657 = DEFINITIONAL_REPRESENTATION('',(#658),#662);
#658 = LINE('',#659,#660);
#659 = CARTESIAN_POINT('',(15.,2.));
#660 = VECTOR('',#661,1.);
#661 = DIRECTION('',(-1.,0.));
#662 = ( GEOMETRIC_REPRESENTATION_CONTEXT(2) 
PARAMETRIC_REPRESENTATION_CONTEXT() REPRESENTATION_CONTEXT('2D SPACE',''
  ) );
#663 = PCURVE('',#204,#664);
#664 = DEFINITIONAL_REPRESENTATION('',(#665),#669);
#665 = LINE('',#666,#667);
#666 = CARTESIAN_POINT('',(0.176107918965,0.));
#667 = VECTOR('',#668,1.);
#668 = DIRECTION('',(0.,-1.));
#669 = ( GEOMETRIC_REPRESENTATION_CONTEXT(2) 
PARAMETRIC_REPRESENTATION_CONTEXT() REPRESENTATION_CONTEXT('2D SPACE',''
  ) );
#670 = ORIENTED_EDGE('',*,*,#671,.F.);
#671 = EDGE_CURVE('',#672,#649,#674,.T.);
#672 = VERTEX_POINT('',#673);
#673 = CARTESIAN_POINT('',(66.407830866107,26.500000001024,
    0.969626281735));
#674 = SURFACE_CURVE('',#675,(#684,#696),.PCURVE_S1.);
#675 = B_SPLINE_CURVE_WITH_KNOTS('',4,(#676,#677,#678,#679,#680,#681,
    #682,#683),.UNSPECIFIED.,.F.,.F.,(5,3,5),(0.,0.502100298187,1.),
  .UNSPECIFIED.);
#676 = CARTESIAN_POINT('',(66.407830863536,26.5,0.969626278646));
#677 = CARTESIAN_POINT('',(65.659437032162,26.5,0.94283289017));
#678 = CARTESIAN_POINT('',(64.911062774378,26.5,0.915355413001));
#679 = CARTESIAN_POINT('',(64.162709948841,26.5,0.887154741605));
#680 = CARTESIAN_POINT('',(62.67231242342,26.5,0.829457978819));
#681 = CARTESIAN_POINT('',(61.930267334147,26.5,0.799974652164));
#682 = CARTESIAN_POINT('',(61.188247927974,26.5,0.769690663357));
#683 = CARTESIAN_POINT('',(60.446257121512,26.5,0.738553718717));
#684 = PCURVE('',#100,#685);
#685 = DEFINITIONAL_REPRESENTATION('',(#686),#695);
#686 = B_SPLINE_CURVE_WITH_KNOTS('',4,(#687,#688,#689,#690,#691,#692,
    #693,#694),.UNSPECIFIED.,.F.,.F.,(5,3,5),(0.,0.502100298187,1.),
  .UNSPECIFIED.);
#687 = CARTESIAN_POINT('',(14.469626278646,7.961573742023));
#688 = CARTESIAN_POINT('',(14.44283289017,7.21317991065));
#689 = CARTESIAN_POINT('',(14.415355413001,6.464805652866));
#690 = CARTESIAN_POINT('',(14.387154741605,5.716452827328));
#691 = CARTESIAN_POINT('',(14.329457978819,4.226055301908));
#692 = CARTESIAN_POINT('',(14.299974652164,3.484010212635));
#693 = CARTESIAN_POINT('',(14.269690663357,2.741990806461));
#694 = CARTESIAN_POINT('',(14.238553718717,2.));
#695 = ( GEOMETRIC_REPRESENTATION_CONTEXT(2) 
PARAMETRIC_REPRESENTATION_CONTEXT() REPRESENTATION_CONTEXT('2D SPACE',''
  ) );
#696 = PCURVE('',#697,#702);
#697 = B_SPLINE_SURFACE_WITH_KNOTS('',1,1,(
    (#698,#699)
    ,(#700,#701
  )),.UNSPECIFIED.,.F.,.F.,.F.,(2,2),(2,2),(0.,7.5),(0.,1.),
  .PIECEWISE_BEZIER_KNOTS.);
#698 = CARTESIAN_POINT('',(61.893432808283,19.854545454545,1.45));
#699 = CARTESIAN_POINT('',(56.412920686728,32.289044265709,0.));
#700 = CARTESIAN_POINT('',(69.0349827477,22.145454545455,1.45));
#701 = CARTESIAN_POINT('',(62.922103842889,36.014703219445,0.));
#702 = DEFINITIONAL_REPRESENTATION('',(#703),#712);
#703 = B_SPLINE_CURVE_WITH_KNOTS('',4,(#704,#705,#706,#707,#708,#709,
    #710,#711),.UNSPECIFIED.,.F.,.F.,(5,3,5),(0.,0.502100298187,1.),
  .UNSPECIFIED.);
#704 = CARTESIAN_POINT('',(6.848674814902,0.331292224324));
#705 = CARTESIAN_POINT('',(6.16007608488,0.349770423273));
#706 = CARTESIAN_POINT('',(5.471495364559,0.368720401451));
#707 = CARTESIAN_POINT('',(4.782934364093,0.388169143721));
#708 = CARTESIAN_POINT('',(3.411616482772,0.427960014608));
#709 = CARTESIAN_POINT('',(2.72885924364,0.448293338704));
#710 = CARTESIAN_POINT('',(2.046125635581,0.469178856562));
#711 = CARTESIAN_POINT('',(1.363418342178,0.490652611486));
#712 = ( GEOMETRIC_REPRESENTATION_CONTEXT(2) 
PARAMETRIC_REPRESENTATION_CONTEXT() REPRESENTATION_CONTEXT('2D SPACE',''
  ) );
#713 = ORIENTED_EDGE('',*,*,#714,.T.);
#714 = EDGE_CURVE('',#672,#715,#717,.T.);
#715 = VERTEX_POINT('',#716);
#716 = CARTESIAN_POINT('',(66.407830863536,26.5,-11.5));
#717 = SURFACE_CURVE('',#718,(#722,#729),.PCURVE_S1.);
#718 = LINE('',#719,#720);
#719 = CARTESIAN_POINT('',(66.407830863536,26.5,1.5));
#720 = VECTOR('',#721,1.);
#721 = DIRECTION('',(-0.,-0.,-1.));
#722 = PCURVE('',#100,#723);
#723 = DEFINITIONAL_REPRESENTATION('',(#724),#728);
#724 = LINE('',#725,#726);
#725 = CARTESIAN_POINT('',(15.,7.961573742023));
#726 = VECTOR('',#727,1.);
#727 = DIRECTION('',(-1.,0.));
#728 = ( GEOMETRIC_REPRESENTATION_CONTEXT(2) 
PARAMETRIC_REPRESENTATION_CONTEXT() REPRESENTATION_CONTEXT('2D SPACE',''
  ) );
#729 = PCURVE('',#275,#730);
#730 = DEFINITIONAL_REPRESENTATION('',(#731),#735);
#731 = LINE('',#732,#733);
#732 = CARTESIAN_POINT('',(-0.,0.));
#733 = VECTOR('',#734,1.);
#734 = DIRECTION('',(-0.,-1.));
#735 = ( GEOMETRIC_REPRESENTATION_CONTEXT(2) 
PARAMETRIC_REPRESENTATION_CONTEXT() REPRESENTATION_CONTEXT('2D SPACE',''
  ) );
#736 = ORIENTED_EDGE('',*,*,#737,.T.);
#737 = EDGE_CURVE('',#715,#738,#740,.T.);
#738 = VERTEX_POINT('',#739);
#739 = CARTESIAN_POINT('',(69.767949192431,26.5,-11.5));
#740 = SURFACE_CURVE('',#741,(#745,#752),.PCURVE_S1.);
#741 = LINE('',#742,#743);
#742 = CARTESIAN_POINT('',(58.446257121513,26.5,-11.5));
#743 = VECTOR('',#744,1.);
#744 = DIRECTION('',(1.,0.,0.));
#745 = PCURVE('',#100,#746);
#746 = DEFINITIONAL_REPRESENTATION('',(#747),#751);
#747 = LINE('',#748,#749);
#748 = CARTESIAN_POINT('',(2.,0.));
#749 = VECTOR('',#750,1.);
#750 = DIRECTION('',(0.,1.));
#751 = ( GEOMETRIC_REPRESENTATION_CONTEXT(2) 
PARAMETRIC_REPRESENTATION_CONTEXT() REPRESENTATION_CONTEXT('2D SPACE',''
  ) );
#752 = PCURVE('',#753,#758);
#753 = PLANE('',#754);
#754 = AXIS2_PLACEMENT_3D('',#755,#756,#757);
#755 = CARTESIAN_POINT('',(58.446257121513,15.5,-11.5));
#756 = DIRECTION('',(0.,0.,1.));
#757 = DIRECTION('',(1.,0.,0.));
#758 = DEFINITIONAL_REPRESENTATION('',(#759),#763);
#759 = LINE('',#760,#761);
#760 = CARTESIAN_POINT('',(0.,11.));
#761 = VECTOR('',#762,1.);
#762 = DIRECTION('',(1.,0.));
#763 = ( GEOMETRIC_REPRESENTATION_CONTEXT(2) 
PARAMETRIC_REPRESENTATION_CONTEXT() REPRESENTATION_CONTEXT('2D SPACE',''
  ) );
#764 = ORIENTED_EDGE('',*,*,#765,.T.);
#765 = EDGE_CURVE('',#738,#766,#768,.T.);
#766 = VERTEX_POINT('',#767);
#767 = CARTESIAN_POINT('',(73.194444444444,26.5,-11.4375226945));
#768 = SURFACE_CURVE('',#769,(#774,#781),.PCURVE_S1.);
#769 = CIRCLE('',#770,2.);
#770 = AXIS2_PLACEMENT_3D('',#771,#772,#773);
#771 = CARTESIAN_POINT('',(71.5,26.5,-12.5));
#772 = DIRECTION('',(-0.,1.,1.110223024625E-16));
#773 = DIRECTION('',(1.,0.,0.));
#774 = PCURVE('',#100,#775);
#775 = DEFINITIONAL_REPRESENTATION('',(#776),#780);
#776 = CIRCLE('',#777,2.);
#777 = AXIS2_PLACEMENT_2D('',#778,#779);
#778 = CARTESIAN_POINT('',(1.,13.053742878487));
#779 = DIRECTION('',(0.,1.));
#780 = ( GEOMETRIC_REPRESENTATION_CONTEXT(2) 
PARAMETRIC_REPRESENTATION_CONTEXT() REPRESENTATION_CONTEXT('2D SPACE',''
  ) );
#781 = PCURVE('',#308,#782);
#782 = DEFINITIONAL_REPRESENTATION('',(#783),#787);
#783 = LINE('',#784,#785);
#784 = CARTESIAN_POINT('',(-0.,-14.));
#785 = VECTOR('',#786,1.);
#786 = DIRECTION('',(-1.,0.));
#787 = ( GEOMETRIC_REPRESENTATION_CONTEXT(2) 
PARAMETRIC_REPRESENTATION_CONTEXT() REPRESENTATION_CONTEXT('2D SPACE',''
  ) );
#788 = ORIENTED_EDGE('',*,*,#789,.T.);
#789 = EDGE_CURVE('',#766,#790,#792,.T.);
#790 = VERTEX_POINT('',#791);
#791 = CARTESIAN_POINT('',(78.828427124746,26.5,-11.5));
#792 = SURFACE_CURVE('',#793,(#798,#805),.PCURVE_S1.);
#793 = CIRCLE('',#794,3.);
#794 = AXIS2_PLACEMENT_3D('',#795,#796,#797);
#795 = CARTESIAN_POINT('',(76.,26.5,-12.5));
#796 = DIRECTION('',(-0.,1.,1.110223024625E-16));
#797 = DIRECTION('',(1.,0.,0.));
#798 = PCURVE('',#100,#799);
#799 = DEFINITIONAL_REPRESENTATION('',(#800),#804);
#800 = CIRCLE('',#801,3.);
#801 = AXIS2_PLACEMENT_2D('',#802,#803);
#802 = CARTESIAN_POINT('',(1.,17.553742878487));
#803 = DIRECTION('',(0.,1.));
#804 = ( GEOMETRIC_REPRESENTATION_CONTEXT(2) 
PARAMETRIC_REPRESENTATION_CONTEXT() REPRESENTATION_CONTEXT('2D SPACE',''
  ) );
#805 = PCURVE('',#393,#806);
#806 = DEFINITIONAL_REPRESENTATION('',(#807),#810);
#807 = B_SPLINE_CURVE_WITH_KNOTS('',1,(#808,#809),.UNSPECIFIED.,.F.,.F.,
  (2,2),(3.481429563044,5.943348397725),.PIECEWISE_BEZIER_KNOTS.);
#808 = CARTESIAN_POINT('',(-3.481429563044,-11.));
#809 = CARTESIAN_POINT('',(-5.943348397725,-11.));
#810 = ( GEOMETRIC_REPRESENTATION_CONTEXT(2) 
PARAMETRIC_REPRESENTATION_CONTEXT() REPRESENTATION_CONTEXT('2D SPACE',''
  ) );
#811 = ORIENTED_EDGE('',*,*,#812,.T.);
#812 = EDGE_CURVE('',#790,#813,#815,.T.);
#813 = VERTEX_POINT('',#814);
#814 = CARTESIAN_POINT('',(115.,26.5,-11.5));
#815 = SURFACE_CURVE('',#816,(#820,#827),.PCURVE_S1.);
#816 = LINE('',#817,#818);
#817 = CARTESIAN_POINT('',(58.446257121513,26.5,-11.5));
#818 = VECTOR('',#819,1.);
#819 = DIRECTION('',(1.,0.,0.));
#820 = PCURVE('',#100,#821);
#821 = DEFINITIONAL_REPRESENTATION('',(#822),#826);
#822 = LINE('',#823,#824);
#823 = CARTESIAN_POINT('',(2.,0.));
#824 = VECTOR('',#825,1.);
#825 = DIRECTION('',(0.,1.));
#826 = ( GEOMETRIC_REPRESENTATION_CONTEXT(2) 
PARAMETRIC_REPRESENTATION_CONTEXT() REPRESENTATION_CONTEXT('2D SPACE',''
  ) );
#827 = PCURVE('',#828,#833);
#828 = PLANE('',#829);
#829 = AXIS2_PLACEMENT_3D('',#830,#831,#832);
#830 = CARTESIAN_POINT('',(58.446257121513,15.5,-11.5));
#831 = DIRECTION('',(0.,0.,1.));
#832 = DIRECTION('',(1.,0.,0.));
#833 = DEFINITIONAL_REPRESENTATION('',(#834),#838);
#834 = LINE('',#835,#836);
#835 = CARTESIAN_POINT('',(0.,11.));
#836 = VECTOR('',#837,1.);
#837 = DIRECTION('',(1.,0.));
#838 = ( GEOMETRIC_REPRESENTATION_CONTEXT(2) 
PARAMETRIC_REPRESENTATION_CONTEXT() REPRESENTATION_CONTEXT('2D SPACE',''
  ) );
#839 = ORIENTED_EDGE('',*,*,#840,.F.);
#840 = EDGE_CURVE('',#841,#813,#843,.T.);
#841 = VERTEX_POINT('',#842);
#842 = CARTESIAN_POINT('',(115.,26.5,-13.5));
#843 = SURFACE_CURVE('',#844,(#848,#855),.PCURVE_S1.);
#844 = LINE('',#845,#846);
#845 = CARTESIAN_POINT('',(115.,26.5,-13.5));
#846 = VECTOR('',#847,1.);
#847 = DIRECTION('',(0.,0.,1.));
#848 = PCURVE('',#100,#849);
#849 = DEFINITIONAL_REPRESENTATION('',(#850),#854);
#850 = LINE('',#851,#852);
#851 = CARTESIAN_POINT('',(0.,56.553742878487));
#852 = VECTOR('',#853,1.);
#853 = DIRECTION('',(1.,0.));
#854 = ( GEOMETRIC_REPRESENTATION_CONTEXT(2) 
PARAMETRIC_REPRESENTATION_CONTEXT() REPRESENTATION_CONTEXT('2D SPACE',''
  ) );
#855 = PCURVE('',#856,#861);
#856 = PLANE('',#857);
#857 = AXIS2_PLACEMENT_3D('',#858,#859,#860);
#858 = CARTESIAN_POINT('',(115.,15.5,-13.5));
#859 = DIRECTION('',(1.,0.,0.));
#860 = DIRECTION('',(0.,0.,1.));
#861 = DEFINITIONAL_REPRESENTATION('',(#862),#866);
#862 = LINE('',#863,#864);
#863 = CARTESIAN_POINT('',(0.,-11.));
#864 = VECTOR('',#865,1.);
#865 = DIRECTION('',(1.,0.));
#866 = ( GEOMETRIC_REPRESENTATION_CONTEXT(2) 
PARAMETRIC_REPRESENTATION_CONTEXT() REPRESENTATION_CONTEXT('2D SPACE',''
  ) );
#867 = ORIENTED_EDGE('',*,*,#868,.F.);
#868 = EDGE_CURVE('',#869,#841,#871,.T.);
#869 = VERTEX_POINT('',#870);
#870 = CARTESIAN_POINT('',(78.828427124746,26.5,-13.5));
#871 = SURFACE_CURVE('',#872,(#876,#883),.PCURVE_S1.);
#872 = LINE('',#873,#874);
#873 = CARTESIAN_POINT('',(58.446257121513,26.5,-13.5));
#874 = VECTOR('',#875,1.);
#875 = DIRECTION('',(1.,0.,0.));
#876 = PCURVE('',#100,#877);
#877 = DEFINITIONAL_REPRESENTATION('',(#878),#882);
#878 = LINE('',#879,#880);
#879 = CARTESIAN_POINT('',(0.,0.));
#880 = VECTOR('',#881,1.);
#881 = DIRECTION('',(0.,1.));
#882 = ( GEOMETRIC_REPRESENTATION_CONTEXT(2) 
PARAMETRIC_REPRESENTATION_CONTEXT() REPRESENTATION_CONTEXT('2D SPACE',''
  ) );
#883 = PCURVE('',#884,#889);
#884 = PLANE('',#885);
#885 = AXIS2_PLACEMENT_3D('',#886,#887,#888);
#886 = CARTESIAN_POINT('',(58.446257121513,15.5,-13.5));
#887 = DIRECTION('',(0.,0.,1.));
#888 = DIRECTION('',(1.,0.,0.));
#889 = DEFINITIONAL_REPRESENTATION('',(#890),#894);
#890 = LINE('',#891,#892);
#891 = CARTESIAN_POINT('',(0.,11.));
#892 = VECTOR('',#893,1.);
#893 = DIRECTION('',(1.,0.));
#894 = ( GEOMETRIC_REPRESENTATION_CONTEXT(2) 
PARAMETRIC_REPRESENTATION_CONTEXT() REPRESENTATION_CONTEXT('2D SPACE',''
  ) );
#895 = ORIENTED_EDGE('',*,*,#896,.T.);
#896 = EDGE_CURVE('',#869,#897,#899,.T.);
#897 = VERTEX_POINT('',#898);
#898 = CARTESIAN_POINT('',(73.194444444444,26.5,-13.56247730549));
#899 = SURFACE_CURVE('',#900,(#905,#912),.PCURVE_S1.);
#900 = CIRCLE('',#901,3.);
#901 = AXIS2_PLACEMENT_3D('',#902,#903,#904);
#902 = CARTESIAN_POINT('',(76.,26.5,-12.5));
#903 = DIRECTION('',(-0.,1.,1.110223024625E-16));
#904 = DIRECTION('',(1.,0.,0.));
#905 = PCURVE('',#100,#906);
#906 = DEFINITIONAL_REPRESENTATION('',(#907),#911);
#907 = CIRCLE('',#908,3.);
#908 = AXIS2_PLACEMENT_2D('',#909,#910);
#909 = CARTESIAN_POINT('',(1.,17.553742878487));
#910 = DIRECTION('',(0.,1.));
#911 = ( GEOMETRIC_REPRESENTATION_CONTEXT(2) 
PARAMETRIC_REPRESENTATION_CONTEXT() REPRESENTATION_CONTEXT('2D SPACE',''
  ) );
#912 = PCURVE('',#393,#913);
#913 = DEFINITIONAL_REPRESENTATION('',(#914),#917);
#914 = B_SPLINE_CURVE_WITH_KNOTS('',1,(#915,#916),.UNSPECIFIED.,.F.,.F.,
  (2,2),(0.339836909454,2.801755744136),.PIECEWISE_BEZIER_KNOTS.);
#915 = CARTESIAN_POINT('',(-6.623022216634,-11.));
#916 = CARTESIAN_POINT('',(-9.084941051315,-11.));
#917 = ( GEOMETRIC_REPRESENTATION_CONTEXT(2) 
PARAMETRIC_REPRESENTATION_CONTEXT() REPRESENTATION_CONTEXT('2D SPACE',''
  ) );
#918 = ORIENTED_EDGE('',*,*,#919,.T.);
#919 = EDGE_CURVE('',#897,#624,#920,.T.);
#920 = SURFACE_CURVE('',#921,(#926,#933),.PCURVE_S1.);
#921 = CIRCLE('',#922,2.);
#922 = AXIS2_PLACEMENT_3D('',#923,#924,#925);
#923 = CARTESIAN_POINT('',(71.5,26.5,-12.5));
#924 = DIRECTION('',(-0.,1.,1.110223024625E-16));
#925 = DIRECTION('',(1.,0.,0.));
#926 = PCURVE('',#100,#927);
#927 = DEFINITIONAL_REPRESENTATION('',(#928),#932);
#928 = CIRCLE('',#929,2.);
#929 = AXIS2_PLACEMENT_2D('',#930,#931);
#930 = CARTESIAN_POINT('',(1.,13.053742878487));
#931 = DIRECTION('',(0.,1.));
#932 = ( GEOMETRIC_REPRESENTATION_CONTEXT(2) 
PARAMETRIC_REPRESENTATION_CONTEXT() REPRESENTATION_CONTEXT('2D SPACE',''
  ) );
#933 = PCURVE('',#308,#934);
#934 = DEFINITIONAL_REPRESENTATION('',(#935),#939);
#935 = LINE('',#936,#937);
#936 = CARTESIAN_POINT('',(-0.,-14.));
#937 = VECTOR('',#938,1.);
#938 = DIRECTION('',(-1.,0.));
#939 = ( GEOMETRIC_REPRESENTATION_CONTEXT(2) 
PARAMETRIC_REPRESENTATION_CONTEXT() REPRESENTATION_CONTEXT('2D SPACE',''
  ) );
#940 = FACE_BOUND('',#941,.T.);
#941 = EDGE_LOOP('',(#942));
#942 = ORIENTED_EDGE('',*,*,#943,.T.);
#943 = EDGE_CURVE('',#944,#944,#946,.T.);
#944 = VERTEX_POINT('',#945);
#945 = CARTESIAN_POINT('',(77.15,26.5,-12.5));
#946 = SURFACE_CURVE('',#947,(#952,#963),.PCURVE_S1.);
#947 = CIRCLE('',#948,1.15);
#948 = AXIS2_PLACEMENT_3D('',#949,#950,#951);
#949 = CARTESIAN_POINT('',(76.,26.5,-12.5));
#950 = DIRECTION('',(0.,-1.,-1.110223024625E-16));
#951 = DIRECTION('',(1.,-0.,0.));
#952 = PCURVE('',#100,#953);
#953 = DEFINITIONAL_REPRESENTATION('',(#954),#962);
#954 = ( BOUNDED_CURVE() B_SPLINE_CURVE(2,(#955,#956,#957,#958,#959,#960
,#961),.UNSPECIFIED.,.T.,.F.) B_SPLINE_CURVE_WITH_KNOTS((1,2,2,2,2,1),(
    -2.094395102393,0.,2.094395102393,4.188790204786,6.28318530718,
8.377580409573),.UNSPECIFIED.) CURVE() GEOMETRIC_REPRESENTATION_ITEM() 
RATIONAL_B_SPLINE_CURVE((1.,0.5,1.,0.5,1.,0.5,1.)) REPRESENTATION_ITEM(
  '') );
#955 = CARTESIAN_POINT('',(1.,18.703742878487));
#956 = CARTESIAN_POINT('',(2.991858428704,18.703742878487));
#957 = CARTESIAN_POINT('',(1.995929214352,16.978742878487));
#958 = CARTESIAN_POINT('',(1.,15.253742878487));
#959 = CARTESIAN_POINT('',(4.070785647898E-03,16.978742878487));
#960 = CARTESIAN_POINT('',(-0.991858428704,18.703742878487));
#961 = CARTESIAN_POINT('',(1.,18.703742878487));
#962 = ( GEOMETRIC_REPRESENTATION_CONTEXT(2) 
PARAMETRIC_REPRESENTATION_CONTEXT() REPRESENTATION_CONTEXT('2D SPACE',''
  ) );
#963 = PCURVE('',#453,#964);
#964 = DEFINITIONAL_REPRESENTATION('',(#965),#969);
#965 = LINE('',#966,#967);
#966 = CARTESIAN_POINT('',(-6.28318530718,-13.5));
#967 = VECTOR('',#968,1.);
#968 = DIRECTION('',(1.,-0.));
#969 = ( GEOMETRIC_REPRESENTATION_CONTEXT(2) 
PARAMETRIC_REPRESENTATION_CONTEXT() REPRESENTATION_CONTEXT('2D SPACE',''
  ) );
#970 = ADVANCED_FACE('',(#971),#72,.F.);
#971 = FACE_BOUND('',#972,.F.);
#972 = EDGE_LOOP('',(#973,#974,#975,#976));
#973 = ORIENTED_EDGE('',*,*,#623,.F.);
#974 = ORIENTED_EDGE('',*,*,#56,.F.);
#975 = ORIENTED_EDGE('',*,*,#141,.T.);
#976 = ORIENTED_EDGE('',*,*,#977,.F.);
#977 = EDGE_CURVE('',#624,#142,#978,.T.);
#978 = SURFACE_CURVE('',#979,(#983,#989),.PCURVE_S1.);
#979 = LINE('',#980,#981);
#980 = CARTESIAN_POINT('',(69.767949192431,12.5,-13.5));
#981 = VECTOR('',#982,1.);
#982 = DIRECTION('',(-0.,-1.,-1.110223024625E-16));
#983 = PCURVE('',#72,#984);
#984 = DEFINITIONAL_REPRESENTATION('',(#985),#988);
#985 = B_SPLINE_CURVE_WITH_KNOTS('',1,(#986,#987),.UNSPECIFIED.,.F.,.F.,
  (2,2),(-14.0000006,-1.9),.PIECEWISE_BEZIER_KNOTS.);
#986 = CARTESIAN_POINT('',(11.321692070919,11.0000006));
#987 = CARTESIAN_POINT('',(11.321692070919,-1.1));
#988 = ( GEOMETRIC_REPRESENTATION_CONTEXT(2) 
PARAMETRIC_REPRESENTATION_CONTEXT() REPRESENTATION_CONTEXT('2D SPACE',''
  ) );
#989 = PCURVE('',#308,#990);
#990 = DEFINITIONAL_REPRESENTATION('',(#991),#994);
#991 = B_SPLINE_CURVE_WITH_KNOTS('',1,(#992,#993),.UNSPECIFIED.,.F.,.F.,
  (2,2),(-14.0000006,-1.9),.PIECEWISE_BEZIER_KNOTS.);
#992 = CARTESIAN_POINT('',(-2.617993877991,-14.0000006));
#993 = CARTESIAN_POINT('',(-2.617993877991,-1.9));
#994 = ( GEOMETRIC_REPRESENTATION_CONTEXT(2) 
PARAMETRIC_REPRESENTATION_CONTEXT() REPRESENTATION_CONTEXT('2D SPACE',''
  ) );
#995 = ADVANCED_FACE('',(#996),#558,.T.);
#996 = FACE_BOUND('',#997,.T.);
#997 = EDGE_LOOP('',(#998,#1019,#1047,#1066));
#998 = ORIENTED_EDGE('',*,*,#999,.T.);
#999 = EDGE_CURVE('',#142,#1000,#1002,.T.);
#1000 = VERTEX_POINT('',#1001);
#1001 = CARTESIAN_POINT('',(69.767949192431,14.3,-13.5));
#1002 = SURFACE_CURVE('',#1003,(#1007,#1013),.PCURVE_S1.);
#1003 = LINE('',#1004,#1005);
#1004 = CARTESIAN_POINT('',(69.767949192431,12.5,-13.5));
#1005 = VECTOR('',#1006,1.);
#1006 = DIRECTION('',(-0.,-1.,-1.110223024625E-16));
#1007 = PCURVE('',#558,#1008);
#1008 = DEFINITIONAL_REPRESENTATION('',(#1009),#1012);
#1009 = B_SPLINE_CURVE_WITH_KNOTS('',1,(#1010,#1011),.UNSPECIFIED.,.F.,
  .F.,(2,2),(-3.12,-1.68),.PIECEWISE_BEZIER_KNOTS.);
#1010 = CARTESIAN_POINT('',(1.32,-0.467949192431));
#1011 = CARTESIAN_POINT('',(-0.12,-0.467949192431));
#1012 = ( GEOMETRIC_REPRESENTATION_CONTEXT(2) 
PARAMETRIC_REPRESENTATION_CONTEXT() REPRESENTATION_CONTEXT('2D SPACE',''
  ) );
#1013 = PCURVE('',#308,#1014);
#1014 = DEFINITIONAL_REPRESENTATION('',(#1015),#1018);
#1015 = B_SPLINE_CURVE_WITH_KNOTS('',1,(#1016,#1017),.UNSPECIFIED.,.F.,
  .F.,(2,2),(-3.12,-1.68),.PIECEWISE_BEZIER_KNOTS.);
#1016 = CARTESIAN_POINT('',(-2.617993877991,-3.12));
#1017 = CARTESIAN_POINT('',(-2.617993877991,-1.68));
#1018 = ( GEOMETRIC_REPRESENTATION_CONTEXT(2) 
PARAMETRIC_REPRESENTATION_CONTEXT() REPRESENTATION_CONTEXT('2D SPACE',''
  ) );
#1019 = ORIENTED_EDGE('',*,*,#1020,.T.);
#1020 = EDGE_CURVE('',#1000,#1021,#1023,.T.);
#1021 = VERTEX_POINT('',#1022);
#1022 = CARTESIAN_POINT('',(73.232050807569,14.3,-13.5));
#1023 = SURFACE_CURVE('',#1024,(#1028,#1035),.PCURVE_S1.);
#1024 = LINE('',#1025,#1026);
#1025 = CARTESIAN_POINT('',(69.3,14.3,-13.5));
#1026 = VECTOR('',#1027,1.);
#1027 = DIRECTION('',(1.,0.,0.));
#1028 = PCURVE('',#558,#1029);
#1029 = DEFINITIONAL_REPRESENTATION('',(#1030),#1034);
#1030 = LINE('',#1031,#1032);
#1031 = CARTESIAN_POINT('',(0.,0.));
#1032 = VECTOR('',#1033,1.);
#1033 = DIRECTION('',(0.,-1.));
#1034 = ( GEOMETRIC_REPRESENTATION_CONTEXT(2) 
PARAMETRIC_REPRESENTATION_CONTEXT() REPRESENTATION_CONTEXT('2D SPACE',''
  ) );
#1035 = PCURVE('',#1036,#1041);
#1036 = PLANE('',#1037);
#1037 = AXIS2_PLACEMENT_3D('',#1038,#1039,#1040);
#1038 = CARTESIAN_POINT('',(69.3,13.3,-12.5));
#1039 = DIRECTION('',(-0.,0.707106781187,0.707106781187));
#1040 = DIRECTION('',(0.,0.707106781187,-0.707106781187));
#1041 = DEFINITIONAL_REPRESENTATION('',(#1042),#1046);
#1042 = LINE('',#1043,#1044);
#1043 = CARTESIAN_POINT('',(1.414213562373,0.));
#1044 = VECTOR('',#1045,1.);
#1045 = DIRECTION('',(0.,-1.));
#1046 = ( GEOMETRIC_REPRESENTATION_CONTEXT(2) 
PARAMETRIC_REPRESENTATION_CONTEXT() REPRESENTATION_CONTEXT('2D SPACE',''
  ) );
#1047 = ORIENTED_EDGE('',*,*,#1048,.F.);
#1048 = EDGE_CURVE('',#517,#1021,#1049,.T.);
#1049 = SURFACE_CURVE('',#1050,(#1054,#1060),.PCURVE_S1.);
#1050 = LINE('',#1051,#1052);
#1051 = CARTESIAN_POINT('',(73.232050807569,12.5,-13.5));
#1052 = VECTOR('',#1053,1.);
#1053 = DIRECTION('',(-0.,-1.,-1.110223024625E-16));
#1054 = PCURVE('',#558,#1055);
#1055 = DEFINITIONAL_REPRESENTATION('',(#1056),#1059);
#1056 = B_SPLINE_CURVE_WITH_KNOTS('',1,(#1057,#1058),.UNSPECIFIED.,.F.,
  .F.,(2,2),(-3.12,-1.68),.PIECEWISE_BEZIER_KNOTS.);
#1057 = CARTESIAN_POINT('',(1.32,-3.932050807569));
#1058 = CARTESIAN_POINT('',(-0.12,-3.932050807569));
#1059 = ( GEOMETRIC_REPRESENTATION_CONTEXT(2) 
PARAMETRIC_REPRESENTATION_CONTEXT() REPRESENTATION_CONTEXT('2D SPACE',''
  ) );
#1060 = PCURVE('',#308,#1061);
#1061 = DEFINITIONAL_REPRESENTATION('',(#1062),#1065);
#1062 = B_SPLINE_CURVE_WITH_KNOTS('',1,(#1063,#1064),.UNSPECIFIED.,.F.,
  .F.,(2,2),(-3.12,-1.68),.PIECEWISE_BEZIER_KNOTS.);
#1063 = CARTESIAN_POINT('',(-0.523598775598,-3.12));
#1064 = CARTESIAN_POINT('',(-0.523598775598,-1.68));
#1065 = ( GEOMETRIC_REPRESENTATION_CONTEXT(2) 
PARAMETRIC_REPRESENTATION_CONTEXT() REPRESENTATION_CONTEXT('2D SPACE',''
  ) );
#1066 = ORIENTED_EDGE('',*,*,#544,.F.);
#1067 = ADVANCED_FACE('',(#1068),#308,.T.);
#1068 = FACE_BOUND('',#1069,.F.);
#1069 = EDGE_LOOP('',(#1070,#1095,#1122,#1123,#1148,#1149,#1150,#1169,
    #1170,#1171,#1172,#1199,#1231,#1250,#1251,#1280,#1299,#1300,#1319,
    #1320,#1341));
#1070 = ORIENTED_EDGE('',*,*,#1071,.F.);
#1071 = EDGE_CURVE('',#1072,#1074,#1076,.T.);
#1072 = VERTEX_POINT('',#1073);
#1073 = CARTESIAN_POINT('',(73.5,12.5,-12.5));
#1074 = VERTEX_POINT('',#1075);
#1075 = CARTESIAN_POINT('',(73.5,13.3,-12.5));
#1076 = SEAM_CURVE('',#1077,(#1081,#1088),.PCURVE_S1.);
#1077 = LINE('',#1078,#1079);
#1078 = CARTESIAN_POINT('',(73.5,12.5,-12.5));
#1079 = VECTOR('',#1080,1.);
#1080 = DIRECTION('',(0.,1.,1.110223024625E-16));
#1081 = PCURVE('',#308,#1082);
#1082 = DEFINITIONAL_REPRESENTATION('',(#1083),#1087);
#1083 = LINE('',#1084,#1085);
#1084 = CARTESIAN_POINT('',(-6.28318530718,0.));
#1085 = VECTOR('',#1086,1.);
#1086 = DIRECTION('',(-0.,-1.));
#1087 = ( GEOMETRIC_REPRESENTATION_CONTEXT(2) 
PARAMETRIC_REPRESENTATION_CONTEXT() REPRESENTATION_CONTEXT('2D SPACE',''
  ) );
#1088 = PCURVE('',#308,#1089);
#1089 = DEFINITIONAL_REPRESENTATION('',(#1090),#1094);
#1090 = LINE('',#1091,#1092);
#1091 = CARTESIAN_POINT('',(-0.,0.));
#1092 = VECTOR('',#1093,1.);
#1093 = DIRECTION('',(-0.,-1.));
#1094 = ( GEOMETRIC_REPRESENTATION_CONTEXT(2) 
PARAMETRIC_REPRESENTATION_CONTEXT() REPRESENTATION_CONTEXT('2D SPACE',''
  ) );
#1095 = ORIENTED_EDGE('',*,*,#1096,.F.);
#1096 = EDGE_CURVE('',#1072,#1072,#1097,.T.);
#1097 = SURFACE_CURVE('',#1098,(#1103,#1110),.PCURVE_S1.);
#1098 = CIRCLE('',#1099,2.);
#1099 = AXIS2_PLACEMENT_3D('',#1100,#1101,#1102);
#1100 = CARTESIAN_POINT('',(71.5,12.5,-12.5));
#1101 = DIRECTION('',(-0.,1.,1.110223024625E-16));
#1102 = DIRECTION('',(1.,0.,0.));
#1103 = PCURVE('',#308,#1104);
#1104 = DEFINITIONAL_REPRESENTATION('',(#1105),#1109);
#1105 = LINE('',#1106,#1107);
#1106 = CARTESIAN_POINT('',(-0.,0.));
#1107 = VECTOR('',#1108,1.);
#1108 = DIRECTION('',(-1.,0.));
#1109 = ( GEOMETRIC_REPRESENTATION_CONTEXT(2) 
PARAMETRIC_REPRESENTATION_CONTEXT() REPRESENTATION_CONTEXT('2D SPACE',''
  ) );
#1110 = PCURVE('',#1111,#1116);
#1111 = PLANE('',#1112);
#1112 = AXIS2_PLACEMENT_3D('',#1113,#1114,#1115);
#1113 = CARTESIAN_POINT('',(71.5,12.5,-12.5));
#1114 = DIRECTION('',(0.,1.,1.110223024625E-16));
#1115 = DIRECTION('',(1.,0.,0.));
#1116 = DEFINITIONAL_REPRESENTATION('',(#1117),#1121);
#1117 = CIRCLE('',#1118,2.);
#1118 = AXIS2_PLACEMENT_2D('',#1119,#1120);
#1119 = CARTESIAN_POINT('',(0.,0.));
#1120 = DIRECTION('',(1.,0.));
#1121 = ( GEOMETRIC_REPRESENTATION_CONTEXT(2) 
PARAMETRIC_REPRESENTATION_CONTEXT() REPRESENTATION_CONTEXT('2D SPACE',''
  ) );
#1122 = ORIENTED_EDGE('',*,*,#1071,.T.);
#1123 = ORIENTED_EDGE('',*,*,#1124,.T.);
#1124 = EDGE_CURVE('',#1074,#1021,#1125,.T.);
#1125 = SURFACE_CURVE('',#1126,(#1131,#1141),.PCURVE_S1.);
#1126 = ELLIPSE('',#1127,2.828427124746,2.);
#1127 = AXIS2_PLACEMENT_3D('',#1128,#1129,#1130);
#1128 = CARTESIAN_POINT('',(71.5,13.3,-12.5));
#1129 = DIRECTION('',(-0.,0.707106781187,0.707106781187));
#1130 = DIRECTION('',(-0.,-0.707106781187,0.707106781187));
#1131 = PCURVE('',#308,#1132);
#1132 = DEFINITIONAL_REPRESENTATION('',(#1133),#1140);
#1133 = B_SPLINE_CURVE_WITH_KNOTS('',5,(#1134,#1135,#1136,#1137,#1138,
    #1139),.UNSPECIFIED.,.F.,.F.,(6,6),(1.570796326795,2.153160564664),
  .PIECEWISE_BEZIER_KNOTS.);
#1134 = CARTESIAN_POINT('',(0.,-0.8));
#1135 = CARTESIAN_POINT('',(-0.116472847574,-1.032945695147));
#1136 = CARTESIAN_POINT('',(-0.232945695147,-1.265891993994));
#1137 = CARTESIAN_POINT('',(-0.349418542721,-1.492251584126));
#1138 = CARTESIAN_POINT('',(-0.465891390295,-1.705451989012));
#1139 = CARTESIAN_POINT('',(-0.582364237869,-1.9));
#1140 = ( GEOMETRIC_REPRESENTATION_CONTEXT(2) 
PARAMETRIC_REPRESENTATION_CONTEXT() REPRESENTATION_CONTEXT('2D SPACE',''
  ) );
#1141 = PCURVE('',#1036,#1142);
#1142 = DEFINITIONAL_REPRESENTATION('',(#1143),#1147);
#1143 = ELLIPSE('',#1144,2.828427124746,2.);
#1144 = AXIS2_PLACEMENT_2D('',#1145,#1146);
#1145 = CARTESIAN_POINT('',(0.,-2.2));
#1146 = DIRECTION('',(-1.,0.));
#1147 = ( GEOMETRIC_REPRESENTATION_CONTEXT(2) 
PARAMETRIC_REPRESENTATION_CONTEXT() REPRESENTATION_CONTEXT('2D SPACE',''
  ) );
#1148 = ORIENTED_EDGE('',*,*,#1048,.F.);
#1149 = ORIENTED_EDGE('',*,*,#516,.F.);
#1150 = ORIENTED_EDGE('',*,*,#1151,.F.);
#1151 = EDGE_CURVE('',#897,#494,#1152,.T.);
#1152 = SURFACE_CURVE('',#1153,(#1157,#1163),.PCURVE_S1.);
#1153 = LINE('',#1154,#1155);
#1154 = CARTESIAN_POINT('',(73.194444444444,15.5,-13.56247730549));
#1155 = VECTOR('',#1156,1.);
#1156 = DIRECTION('',(-0.,-1.,-1.110223024625E-16));
#1157 = PCURVE('',#308,#1158);
#1158 = DEFINITIONAL_REPRESENTATION('',(#1159),#1162);
#1159 = B_SPLINE_CURVE_WITH_KNOTS('',1,(#1160,#1161),.UNSPECIFIED.,.F.,
  .F.,(2,2),(-11.0000006,2.0000006),.PIECEWISE_BEZIER_KNOTS.);
#1160 = CARTESIAN_POINT('',(-0.560061912692,-14.0000006));
#1161 = CARTESIAN_POINT('',(-0.560061912692,-0.9999994));
#1162 = ( GEOMETRIC_REPRESENTATION_CONTEXT(2) 
PARAMETRIC_REPRESENTATION_CONTEXT() REPRESENTATION_CONTEXT('2D SPACE',''
  ) );
#1163 = PCURVE('',#393,#1164);
#1164 = DEFINITIONAL_REPRESENTATION('',(#1165),#1168);
#1165 = B_SPLINE_CURVE_WITH_KNOTS('',1,(#1166,#1167),.UNSPECIFIED.,.F.,
  .F.,(2,2),(-11.0000006,2.0000006),.PIECEWISE_BEZIER_KNOTS.);
#1166 = CARTESIAN_POINT('',(-9.062763225007,-11.0000006));
#1167 = CARTESIAN_POINT('',(-9.062763225007,2.0000006));
#1168 = ( GEOMETRIC_REPRESENTATION_CONTEXT(2) 
PARAMETRIC_REPRESENTATION_CONTEXT() REPRESENTATION_CONTEXT('2D SPACE',''
  ) );
#1169 = ORIENTED_EDGE('',*,*,#919,.T.);
#1170 = ORIENTED_EDGE('',*,*,#977,.T.);
#1171 = ORIENTED_EDGE('',*,*,#999,.T.);
#1172 = ORIENTED_EDGE('',*,*,#1173,.T.);
#1173 = EDGE_CURVE('',#1000,#1174,#1176,.T.);
#1174 = VERTEX_POINT('',#1175);
#1175 = CARTESIAN_POINT('',(69.5,13.3,-12.5));
#1176 = SURFACE_CURVE('',#1177,(#1182,#1192),.PCURVE_S1.);
#1177 = ELLIPSE('',#1178,2.828427124746,2.);
#1178 = AXIS2_PLACEMENT_3D('',#1179,#1180,#1181);
#1179 = CARTESIAN_POINT('',(71.5,13.3,-12.5));
#1180 = DIRECTION('',(-0.,0.707106781187,0.707106781187));
#1181 = DIRECTION('',(-0.,-0.707106781187,0.707106781187));
#1182 = PCURVE('',#308,#1183);
#1183 = DEFINITIONAL_REPRESENTATION('',(#1184),#1191);
#1184 = B_SPLINE_CURVE_WITH_KNOTS('',5,(#1185,#1186,#1187,#1188,#1189,
    #1190),.UNSPECIFIED.,.F.,.F.,(6,6),(4.130024742516,4.76240983719),
  .PIECEWISE_BEZIER_KNOTS.);
#1185 = CARTESIAN_POINT('',(-2.559228415721,-1.9));
#1186 = CARTESIAN_POINT('',(-2.685705434656,-1.688741728377));
#1187 = CARTESIAN_POINT('',(-2.812182453591,-1.455489506955));
#1188 = CARTESIAN_POINT('',(-2.938659472526,-1.207275734012));
#1189 = CARTESIAN_POINT('',(-3.065136491461,-0.952637647455));
#1190 = CARTESIAN_POINT('',(-3.191613510396,-0.7));
#1191 = ( GEOMETRIC_REPRESENTATION_CONTEXT(2) 
PARAMETRIC_REPRESENTATION_CONTEXT() REPRESENTATION_CONTEXT('2D SPACE',''
  ) );
#1192 = PCURVE('',#1036,#1193);
#1193 = DEFINITIONAL_REPRESENTATION('',(#1194),#1198);
#1194 = ELLIPSE('',#1195,2.828427124746,2.);
#1195 = AXIS2_PLACEMENT_2D('',#1196,#1197);
#1196 = CARTESIAN_POINT('',(0.,-2.2));
#1197 = DIRECTION('',(-1.,0.));
#1198 = ( GEOMETRIC_REPRESENTATION_CONTEXT(2) 
PARAMETRIC_REPRESENTATION_CONTEXT() REPRESENTATION_CONTEXT('2D SPACE',''
  ) );
#1199 = ORIENTED_EDGE('',*,*,#1200,.T.);
#1200 = EDGE_CURVE('',#1174,#1201,#1203,.T.);
#1201 = VERTEX_POINT('',#1202);
#1202 = CARTESIAN_POINT('',(69.767949192431,14.3,-11.5));
#1203 = SURFACE_CURVE('',#1204,(#1209,#1219),.PCURVE_S1.);
#1204 = ELLIPSE('',#1205,2.828427124746,2.);
#1205 = AXIS2_PLACEMENT_3D('',#1206,#1207,#1208);
#1206 = CARTESIAN_POINT('',(71.5,13.3,-12.5));
#1207 = DIRECTION('',(0.,0.707106781187,-0.707106781187));
#1208 = DIRECTION('',(0.,-0.707106781187,-0.707106781187));
#1209 = PCURVE('',#308,#1210);
#1210 = DEFINITIONAL_REPRESENTATION('',(#1211),#1218);
#1211 = B_SPLINE_CURVE_WITH_KNOTS('',5,(#1212,#1213,#1214,#1215,#1216,
    #1217),.UNSPECIFIED.,.F.,.F.,(6,6),(1.520775469989,2.153160564664),
  .PIECEWISE_BEZIER_KNOTS.);
#1212 = CARTESIAN_POINT('',(-3.091571796784,-0.7));
#1213 = CARTESIAN_POINT('',(-3.218048815719,-0.952637647455));
#1214 = CARTESIAN_POINT('',(-3.344525834654,-1.207275734012));
#1215 = CARTESIAN_POINT('',(-3.471002853589,-1.455489506955));
#1216 = CARTESIAN_POINT('',(-3.597479872524,-1.688741728377));
#1217 = CARTESIAN_POINT('',(-3.723956891458,-1.9));
#1218 = ( GEOMETRIC_REPRESENTATION_CONTEXT(2) 
PARAMETRIC_REPRESENTATION_CONTEXT() REPRESENTATION_CONTEXT('2D SPACE',''
  ) );
#1219 = PCURVE('',#1220,#1225);
#1220 = PLANE('',#1221);
#1221 = AXIS2_PLACEMENT_3D('',#1222,#1223,#1224);
#1222 = CARTESIAN_POINT('',(69.3,14.3,-11.5));
#1223 = DIRECTION('',(0.,0.707106781187,-0.707106781187));
#1224 = DIRECTION('',(0.,-0.707106781187,-0.707106781187));
#1225 = DEFINITIONAL_REPRESENTATION('',(#1226),#1230);
#1226 = ELLIPSE('',#1227,2.828427124746,2.);
#1227 = AXIS2_PLACEMENT_2D('',#1228,#1229);
#1228 = CARTESIAN_POINT('',(1.414213562373,-2.2));
#1229 = DIRECTION('',(1.,0.));
#1230 = ( GEOMETRIC_REPRESENTATION_CONTEXT(2) 
PARAMETRIC_REPRESENTATION_CONTEXT() REPRESENTATION_CONTEXT('2D SPACE',''
  ) );
#1231 = ORIENTED_EDGE('',*,*,#1232,.F.);
#1232 = EDGE_CURVE('',#288,#1201,#1233,.T.);
#1233 = SURFACE_CURVE('',#1234,(#1238,#1244),.PCURVE_S1.);
#1234 = LINE('',#1235,#1236);
#1235 = CARTESIAN_POINT('',(69.767949192431,12.5,-11.5));
#1236 = VECTOR('',#1237,1.);
#1237 = DIRECTION('',(-0.,-1.,-1.110223024625E-16));
#1238 = PCURVE('',#308,#1239);
#1239 = DEFINITIONAL_REPRESENTATION('',(#1240),#1243);
#1240 = B_SPLINE_CURVE_WITH_KNOTS('',1,(#1241,#1242),.UNSPECIFIED.,.F.,
  .F.,(2,2),(-3.12,-1.68),.PIECEWISE_BEZIER_KNOTS.);
#1241 = CARTESIAN_POINT('',(-3.665191429188,-3.12));
#1242 = CARTESIAN_POINT('',(-3.665191429188,-1.68));
#1243 = ( GEOMETRIC_REPRESENTATION_CONTEXT(2) 
PARAMETRIC_REPRESENTATION_CONTEXT() REPRESENTATION_CONTEXT('2D SPACE',''
  ) );
#1244 = PCURVE('',#336,#1245);
#1245 = DEFINITIONAL_REPRESENTATION('',(#1246),#1249);
#1246 = B_SPLINE_CURVE_WITH_KNOTS('',1,(#1247,#1248),.UNSPECIFIED.,.F.,
  .F.,(2,2),(-3.12,-1.68),.PIECEWISE_BEZIER_KNOTS.);
#1247 = CARTESIAN_POINT('',(-0.12,-0.467949192431));
#1248 = CARTESIAN_POINT('',(1.32,-0.467949192431));
#1249 = ( GEOMETRIC_REPRESENTATION_CONTEXT(2) 
PARAMETRIC_REPRESENTATION_CONTEXT() REPRESENTATION_CONTEXT('2D SPACE',''
  ) );
#1250 = ORIENTED_EDGE('',*,*,#287,.F.);
#1251 = ORIENTED_EDGE('',*,*,#1252,.F.);
#1252 = EDGE_CURVE('',#1253,#260,#1255,.T.);
#1253 = VERTEX_POINT('',#1254);
#1254 = CARTESIAN_POINT('',(69.767949192431,15.642354857322,-11.5));
#1255 = SURFACE_CURVE('',#1256,(#1262,#1271),.PCURVE_S1.);
#1256 = B_SPLINE_CURVE_WITH_KNOTS('',4,(#1257,#1258,#1259,#1260,#1261),
  .UNSPECIFIED.,.F.,.F.,(5,5),(0.,1.),.PIECEWISE_BEZIER_KNOTS.);
#1257 = CARTESIAN_POINT('',(69.767948846021,15.642356402377,-11.5000006)
  );
#1258 = CARTESIAN_POINT('',(69.77588370079,15.606965408373,
    -11.48625701739));
#1259 = CARTESIAN_POINT('',(69.783824999502,15.571433540452,
    -11.47283804499));
#1260 = CARTESIAN_POINT('',(69.791769163024,15.535774845389,
    -11.45972357621));
#1261 = CARTESIAN_POINT('',(69.799713466461,15.5,-11.4468971067));
#1262 = PCURVE('',#308,#1263);
#1263 = DEFINITIONAL_REPRESENTATION('',(#1264),#1270);
#1264 = B_SPLINE_CURVE_WITH_KNOTS('',4,(#1265,#1266,#1267,#1268,#1269),
  .UNSPECIFIED.,.F.,.F.,(5,5),(0.,1.),.PIECEWISE_BEZIER_KNOTS.);
#1265 = CARTESIAN_POINT('',(-3.665191082778,-3.142356402377));
#1266 = CARTESIAN_POINT('',(-3.673125942308,-3.106965408373));
#1267 = CARTESIAN_POINT('',(-3.68092185458,-3.071433540452));
#1268 = CARTESIAN_POINT('',(-3.688587950688,-3.035774845389));
#1269 = CARTESIAN_POINT('',(-3.696131661266,-3.));
#1270 = ( GEOMETRIC_REPRESENTATION_CONTEXT(2) 
PARAMETRIC_REPRESENTATION_CONTEXT() REPRESENTATION_CONTEXT('2D SPACE',''
  ) );
#1271 = PCURVE('',#275,#1272);
#1272 = DEFINITIONAL_REPRESENTATION('',(#1273),#1279);
#1273 = B_SPLINE_CURVE_WITH_KNOTS('',4,(#1274,#1275,#1276,#1277,#1278),
  .UNSPECIFIED.,.F.,.F.,(5,5),(0.,1.),.PIECEWISE_BEZIER_KNOTS.);
#1274 = CARTESIAN_POINT('',(-0.159128482642,-13.0000006));
#1275 = CARTESIAN_POINT('',(-0.15963574987,-12.98625701739));
#1276 = CARTESIAN_POINT('',(-0.160144959351,-12.97283804499));
#1277 = CARTESIAN_POINT('',(-0.160655908783,-12.95972357621));
#1278 = CARTESIAN_POINT('',(-0.161168444488,-12.9468971067));
#1279 = ( GEOMETRIC_REPRESENTATION_CONTEXT(2) 
PARAMETRIC_REPRESENTATION_CONTEXT() REPRESENTATION_CONTEXT('2D SPACE',''
  ) );
#1280 = ORIENTED_EDGE('',*,*,#1281,.F.);
#1281 = EDGE_CURVE('',#738,#1253,#1282,.T.);
#1282 = SURFACE_CURVE('',#1283,(#1287,#1293),.PCURVE_S1.);
#1283 = LINE('',#1284,#1285);
#1284 = CARTESIAN_POINT('',(69.767949192431,12.5,-11.5));
#1285 = VECTOR('',#1286,1.);
#1286 = DIRECTION('',(-0.,-1.,-1.110223024625E-16));
#1287 = PCURVE('',#308,#1288);
#1288 = DEFINITIONAL_REPRESENTATION('',(#1289),#1292);
#1289 = B_SPLINE_CURVE_WITH_KNOTS('',1,(#1290,#1291),.UNSPECIFIED.,.F.,
  .F.,(2,2),(-14.0000006,-1.9),.PIECEWISE_BEZIER_KNOTS.);
#1290 = CARTESIAN_POINT('',(-3.665191429188,-14.0000006));
#1291 = CARTESIAN_POINT('',(-3.665191429188,-1.9));
#1292 = ( GEOMETRIC_REPRESENTATION_CONTEXT(2) 
PARAMETRIC_REPRESENTATION_CONTEXT() REPRESENTATION_CONTEXT('2D SPACE',''
  ) );
#1293 = PCURVE('',#753,#1294);
#1294 = DEFINITIONAL_REPRESENTATION('',(#1295),#1298);
#1295 = B_SPLINE_CURVE_WITH_KNOTS('',1,(#1296,#1297),.UNSPECIFIED.,.F.,
  .F.,(2,2),(-14.0000006,-1.9),.PIECEWISE_BEZIER_KNOTS.);
#1296 = CARTESIAN_POINT('',(11.321692070919,11.0000006));
#1297 = CARTESIAN_POINT('',(11.321692070919,-1.1));
#1298 = ( GEOMETRIC_REPRESENTATION_CONTEXT(2) 
PARAMETRIC_REPRESENTATION_CONTEXT() REPRESENTATION_CONTEXT('2D SPACE',''
  ) );
#1299 = ORIENTED_EDGE('',*,*,#765,.T.);
#1300 = ORIENTED_EDGE('',*,*,#1301,.T.);
#1301 = EDGE_CURVE('',#766,#349,#1302,.T.);
#1302 = SURFACE_CURVE('',#1303,(#1307,#1313),.PCURVE_S1.);
#1303 = LINE('',#1304,#1305);
#1304 = CARTESIAN_POINT('',(73.194444444444,15.5,-11.4375226945));
#1305 = VECTOR('',#1306,1.);
#1306 = DIRECTION('',(-0.,-1.,-1.110223024625E-16));
#1307 = PCURVE('',#308,#1308);
#1308 = DEFINITIONAL_REPRESENTATION('',(#1309),#1312);
#1309 = B_SPLINE_CURVE_WITH_KNOTS('',1,(#1310,#1311),.UNSPECIFIED.,.F.,
  .F.,(2,2),(-11.0000006,2.0000006),.PIECEWISE_BEZIER_KNOTS.);
#1310 = CARTESIAN_POINT('',(-5.723123394488,-14.0000006));
#1311 = CARTESIAN_POINT('',(-5.723123394488,-0.9999994));
#1312 = ( GEOMETRIC_REPRESENTATION_CONTEXT(2) 
PARAMETRIC_REPRESENTATION_CONTEXT() REPRESENTATION_CONTEXT('2D SPACE',''
  ) );
#1313 = PCURVE('',#393,#1314);
#1314 = DEFINITIONAL_REPRESENTATION('',(#1315),#1318);
#1315 = B_SPLINE_CURVE_WITH_KNOTS('',1,(#1316,#1317),.UNSPECIFIED.,.F.,
  .F.,(2,2),(-11.0000006,2.0000006),.PIECEWISE_BEZIER_KNOTS.);
#1316 = CARTESIAN_POINT('',(-3.503607389352,-11.0000006));
#1317 = CARTESIAN_POINT('',(-3.503607389352,2.0000006));
#1318 = ( GEOMETRIC_REPRESENTATION_CONTEXT(2) 
PARAMETRIC_REPRESENTATION_CONTEXT() REPRESENTATION_CONTEXT('2D SPACE',''
  ) );
#1319 = ORIENTED_EDGE('',*,*,#348,.F.);
#1320 = ORIENTED_EDGE('',*,*,#1321,.T.);
#1321 = EDGE_CURVE('',#321,#1322,#1324,.T.);
#1322 = VERTEX_POINT('',#1323);
#1323 = CARTESIAN_POINT('',(73.232050807569,14.3,-11.5));
#1324 = SURFACE_CURVE('',#1325,(#1329,#1335),.PCURVE_S1.);
#1325 = LINE('',#1326,#1327);
#1326 = CARTESIAN_POINT('',(73.232050807569,12.5,-11.5));
#1327 = VECTOR('',#1328,1.);
#1328 = DIRECTION('',(-0.,-1.,-1.110223024625E-16));
#1329 = PCURVE('',#308,#1330);
#1330 = DEFINITIONAL_REPRESENTATION('',(#1331),#1334);
#1331 = B_SPLINE_CURVE_WITH_KNOTS('',1,(#1332,#1333),.UNSPECIFIED.,.F.,
  .F.,(2,2),(-3.12,-1.68),.PIECEWISE_BEZIER_KNOTS.);
#1332 = CARTESIAN_POINT('',(-5.759586531581,-3.12));
#1333 = CARTESIAN_POINT('',(-5.759586531581,-1.68));
#1334 = ( GEOMETRIC_REPRESENTATION_CONTEXT(2) 
PARAMETRIC_REPRESENTATION_CONTEXT() REPRESENTATION_CONTEXT('2D SPACE',''
  ) );
#1335 = PCURVE('',#336,#1336);
#1336 = DEFINITIONAL_REPRESENTATION('',(#1337),#1340);
#1337 = B_SPLINE_CURVE_WITH_KNOTS('',1,(#1338,#1339),.UNSPECIFIED.,.F.,
  .F.,(2,2),(-3.12,-1.68),.PIECEWISE_BEZIER_KNOTS.);
#1338 = CARTESIAN_POINT('',(-0.12,-3.932050807569));
#1339 = CARTESIAN_POINT('',(1.32,-3.932050807569));
#1340 = ( GEOMETRIC_REPRESENTATION_CONTEXT(2) 
PARAMETRIC_REPRESENTATION_CONTEXT() REPRESENTATION_CONTEXT('2D SPACE',''
  ) );
#1341 = ORIENTED_EDGE('',*,*,#1342,.T.);
#1342 = EDGE_CURVE('',#1322,#1074,#1343,.T.);
#1343 = SURFACE_CURVE('',#1344,(#1349,#1359),.PCURVE_S1.);
#1344 = ELLIPSE('',#1345,2.828427124746,2.);
#1345 = AXIS2_PLACEMENT_3D('',#1346,#1347,#1348);
#1346 = CARTESIAN_POINT('',(71.5,13.3,-12.5));
#1347 = DIRECTION('',(0.,0.707106781187,-0.707106781187));
#1348 = DIRECTION('',(0.,-0.707106781187,-0.707106781187));
#1349 = PCURVE('',#308,#1350);
#1350 = DEFINITIONAL_REPRESENTATION('',(#1351),#1358);
#1351 = B_SPLINE_CURVE_WITH_KNOTS('',5,(#1352,#1353,#1354,#1355,#1356,
    #1357),.UNSPECIFIED.,.F.,.F.,(6,6),(4.130024742516,4.712388980385),
  .PIECEWISE_BEZIER_KNOTS.);
#1352 = CARTESIAN_POINT('',(-5.700821069311,-1.9));
#1353 = CARTESIAN_POINT('',(-5.817293916885,-1.705451989012));
#1354 = CARTESIAN_POINT('',(-5.933766764458,-1.492251584126));
#1355 = CARTESIAN_POINT('',(-6.050239612032,-1.265891993994));
#1356 = CARTESIAN_POINT('',(-6.166712459606,-1.032945695147));
#1357 = CARTESIAN_POINT('',(-6.28318530718,-0.8));
#1358 = ( GEOMETRIC_REPRESENTATION_CONTEXT(2) 
PARAMETRIC_REPRESENTATION_CONTEXT() REPRESENTATION_CONTEXT('2D SPACE',''
  ) );
#1359 = PCURVE('',#1220,#1360);
#1360 = DEFINITIONAL_REPRESENTATION('',(#1361),#1365);
#1361 = ELLIPSE('',#1362,2.828427124746,2.);
#1362 = AXIS2_PLACEMENT_2D('',#1363,#1364);
#1363 = CARTESIAN_POINT('',(1.414213562373,-2.2));
#1364 = DIRECTION('',(1.,0.));
#1365 = ( GEOMETRIC_REPRESENTATION_CONTEXT(2) 
PARAMETRIC_REPRESENTATION_CONTEXT() REPRESENTATION_CONTEXT('2D SPACE',''
  ) );
#1366 = ADVANCED_FACE('',(#1367),#393,.T.);
#1367 = FACE_BOUND('',#1368,.F.);
#1368 = EDGE_LOOP('',(#1369,#1392,#1393,#1394,#1395,#1417,#1449,#1469,
    #1470,#1471,#1472,#1495));
#1369 = ORIENTED_EDGE('',*,*,#1370,.F.);
#1370 = EDGE_CURVE('',#869,#1371,#1373,.T.);
#1371 = VERTEX_POINT('',#1372);
#1372 = CARTESIAN_POINT('',(78.828427124746,15.5,-13.5));
#1373 = SURFACE_CURVE('',#1374,(#1378,#1385),.PCURVE_S1.);
#1374 = LINE('',#1375,#1376);
#1375 = CARTESIAN_POINT('',(78.828427124746,26.5,-13.5));
#1376 = VECTOR('',#1377,1.);
#1377 = DIRECTION('',(-1.42108547152E-14,-1.,-5.813531474401E-15));
#1378 = PCURVE('',#393,#1379);
#1379 = DEFINITIONAL_REPRESENTATION('',(#1380),#1384);
#1380 = LINE('',#1381,#1382);
#1381 = CARTESIAN_POINT('',(-6.623022216634,-11.));
#1382 = VECTOR('',#1383,1.);
#1383 = DIRECTION('',(-0.,1.));
#1384 = ( GEOMETRIC_REPRESENTATION_CONTEXT(2) 
PARAMETRIC_REPRESENTATION_CONTEXT() REPRESENTATION_CONTEXT('2D SPACE',''
  ) );
#1385 = PCURVE('',#884,#1386);
#1386 = DEFINITIONAL_REPRESENTATION('',(#1387),#1391);
#1387 = LINE('',#1388,#1389);
#1388 = CARTESIAN_POINT('',(20.382170003234,11.));
#1389 = VECTOR('',#1390,1.);
#1390 = DIRECTION('',(-1.42108547152E-14,-1.));
#1391 = ( GEOMETRIC_REPRESENTATION_CONTEXT(2) 
PARAMETRIC_REPRESENTATION_CONTEXT() REPRESENTATION_CONTEXT('2D SPACE',''
  ) );
#1392 = ORIENTED_EDGE('',*,*,#896,.T.);
#1393 = ORIENTED_EDGE('',*,*,#1151,.T.);
#1394 = ORIENTED_EDGE('',*,*,#493,.F.);
#1395 = ORIENTED_EDGE('',*,*,#1396,.T.);
#1396 = EDGE_CURVE('',#466,#1397,#1399,.T.);
#1397 = VERTEX_POINT('',#1398);
#1398 = CARTESIAN_POINT('',(77.57284103398,13.5,-15.05463717224));
#1399 = SURFACE_CURVE('',#1400,(#1404,#1410),.PCURVE_S1.);
#1400 = LINE('',#1401,#1402);
#1401 = CARTESIAN_POINT('',(77.57284103398,13.5,-15.05463717224));
#1402 = VECTOR('',#1403,1.);
#1403 = DIRECTION('',(0.,-1.,0.));
#1404 = PCURVE('',#393,#1405);
#1405 = DEFINITIONAL_REPRESENTATION('',(#1406),#1409);
#1406 = B_SPLINE_CURVE_WITH_KNOTS('',1,(#1407,#1408),.UNSPECIFIED.,.F.,
  .F.,(2,2),(-2.,0.),.PIECEWISE_BEZIER_KNOTS.);
#1407 = CARTESIAN_POINT('',(-7.302111857457,0.));
#1408 = CARTESIAN_POINT('',(-7.302111857457,2.));
#1409 = ( GEOMETRIC_REPRESENTATION_CONTEXT(2) 
PARAMETRIC_REPRESENTATION_CONTEXT() REPRESENTATION_CONTEXT('2D SPACE',''
  ) );
#1410 = PCURVE('',#481,#1411);
#1411 = DEFINITIONAL_REPRESENTATION('',(#1412),#1416);
#1412 = LINE('',#1413,#1414);
#1413 = CARTESIAN_POINT('',(3.,0.));
#1414 = VECTOR('',#1415,1.);
#1415 = DIRECTION('',(0.,1.));
#1416 = ( GEOMETRIC_REPRESENTATION_CONTEXT(2) 
PARAMETRIC_REPRESENTATION_CONTEXT() REPRESENTATION_CONTEXT('2D SPACE',''
  ) );
#1417 = ORIENTED_EDGE('',*,*,#1418,.F.);
#1418 = EDGE_CURVE('',#1419,#1397,#1421,.T.);
#1419 = VERTEX_POINT('',#1420);
#1420 = CARTESIAN_POINT('',(77.57284103398,13.5,-9.945362827752));
#1421 = SURFACE_CURVE('',#1422,(#1427,#1433),.PCURVE_S1.);
#1422 = CIRCLE('',#1423,3.);
#1423 = AXIS2_PLACEMENT_3D('',#1424,#1425,#1426);
#1424 = CARTESIAN_POINT('',(76.,13.5,-12.5));
#1425 = DIRECTION('',(0.,1.,0.));
#1426 = DIRECTION('',(0.52428034466,-0.,0.851545724083));
#1427 = PCURVE('',#393,#1428);
#1428 = DEFINITIONAL_REPRESENTATION('',(#1429),#1432);
#1429 = B_SPLINE_CURVE_WITH_KNOTS('',1,(#1430,#1431),.UNSPECIFIED.,.F.,
  .F.,(2,2),(0.,2.037853100555),.PIECEWISE_BEZIER_KNOTS.);
#1430 = CARTESIAN_POINT('',(-5.264258756902,2.));
#1431 = CARTESIAN_POINT('',(-7.302111857457,2.));
#1432 = ( GEOMETRIC_REPRESENTATION_CONTEXT(2) 
PARAMETRIC_REPRESENTATION_CONTEXT() REPRESENTATION_CONTEXT('2D SPACE',''
  ) );
#1433 = PCURVE('',#1434,#1439);
#1434 = PLANE('',#1435);
#1435 = AXIS2_PLACEMENT_3D('',#1436,#1437,#1438);
#1436 = CARTESIAN_POINT('',(76.,13.5,-12.5));
#1437 = DIRECTION('',(-0.,-1.,-0.));
#1438 = DIRECTION('',(0.,0.,-1.));
#1439 = DEFINITIONAL_REPRESENTATION('',(#1440),#1448);
#1440 = ( BOUNDED_CURVE() B_SPLINE_CURVE(2,(#1441,#1442,#1443,#1444,
#1445,#1446,#1447),.UNSPECIFIED.,.T.,.F.) B_SPLINE_CURVE_WITH_KNOTS((1,2
    ,2,2,2,1),(-2.094395102393,0.,2.094395102393,4.188790204786,
6.28318530718,8.377580409573),.UNSPECIFIED.) CURVE() 
GEOMETRIC_REPRESENTATION_ITEM() RATIONAL_B_SPLINE_CURVE((1.,0.5,1.,0.5,
1.,0.5,1.)) REPRESENTATION_ITEM('') );
#1441 = CARTESIAN_POINT('',(-2.554637172248,1.57284103398));
#1442 = CARTESIAN_POINT('',(0.169603410834,5.997602411217));
#1443 = CARTESIAN_POINT('',(2.639438877665,1.425960171629));
#1444 = CARTESIAN_POINT('',(5.109274344495,-3.14568206796));
#1445 = CARTESIAN_POINT('',(-8.480170541723E-02,-2.998801205608));
#1446 = CARTESIAN_POINT('',(-5.27887775533,-2.851920343257));
#1447 = CARTESIAN_POINT('',(-2.554637172248,1.57284103398));
#1448 = ( GEOMETRIC_REPRESENTATION_CONTEXT(2) 
PARAMETRIC_REPRESENTATION_CONTEXT() REPRESENTATION_CONTEXT('2D SPACE',''
  ) );
#1449 = ORIENTED_EDGE('',*,*,#1450,.F.);
#1450 = EDGE_CURVE('',#377,#1419,#1451,.T.);
#1451 = SURFACE_CURVE('',#1452,(#1456,#1462),.PCURVE_S1.);
#1452 = LINE('',#1453,#1454);
#1453 = CARTESIAN_POINT('',(77.57284103398,13.5,-9.945362827752));
#1454 = VECTOR('',#1455,1.);
#1455 = DIRECTION('',(0.,-1.,0.));
#1456 = PCURVE('',#393,#1457);
#1457 = DEFINITIONAL_REPRESENTATION('',(#1458),#1461);
#1458 = B_SPLINE_CURVE_WITH_KNOTS('',1,(#1459,#1460),.UNSPECIFIED.,.F.,
  .F.,(2,2),(-2.,0.),.PIECEWISE_BEZIER_KNOTS.);
#1459 = CARTESIAN_POINT('',(-5.264258756902,0.));
#1460 = CARTESIAN_POINT('',(-5.264258756902,2.));
#1461 = ( GEOMETRIC_REPRESENTATION_CONTEXT(2) 
PARAMETRIC_REPRESENTATION_CONTEXT() REPRESENTATION_CONTEXT('2D SPACE',''
  ) );
#1462 = PCURVE('',#420,#1463);
#1463 = DEFINITIONAL_REPRESENTATION('',(#1464),#1468);
#1464 = LINE('',#1465,#1466);
#1465 = CARTESIAN_POINT('',(3.,0.));
#1466 = VECTOR('',#1467,1.);
#1467 = DIRECTION('',(-0.,1.));
#1468 = ( GEOMETRIC_REPRESENTATION_CONTEXT(2) 
PARAMETRIC_REPRESENTATION_CONTEXT() REPRESENTATION_CONTEXT('2D SPACE',''
  ) );
#1469 = ORIENTED_EDGE('',*,*,#376,.F.);
#1470 = ORIENTED_EDGE('',*,*,#1301,.F.);
#1471 = ORIENTED_EDGE('',*,*,#789,.T.);
#1472 = ORIENTED_EDGE('',*,*,#1473,.F.);
#1473 = EDGE_CURVE('',#1474,#790,#1476,.T.);
#1474 = VERTEX_POINT('',#1475);
#1475 = CARTESIAN_POINT('',(78.828427124746,15.5,-11.5));
#1476 = SURFACE_CURVE('',#1477,(#1481,#1488),.PCURVE_S1.);
#1477 = LINE('',#1478,#1479);
#1478 = CARTESIAN_POINT('',(78.828427124746,15.5,-11.5));
#1479 = VECTOR('',#1480,1.);
#1480 = DIRECTION('',(1.42108547152E-14,1.,-5.813531474401E-15));
#1481 = PCURVE('',#393,#1482);
#1482 = DEFINITIONAL_REPRESENTATION('',(#1483),#1487);
#1483 = LINE('',#1484,#1485);
#1484 = CARTESIAN_POINT('',(-5.943348397725,0.));
#1485 = VECTOR('',#1486,1.);
#1486 = DIRECTION('',(-0.,-1.));
#1487 = ( GEOMETRIC_REPRESENTATION_CONTEXT(2) 
PARAMETRIC_REPRESENTATION_CONTEXT() REPRESENTATION_CONTEXT('2D SPACE',''
  ) );
#1488 = PCURVE('',#828,#1489);
#1489 = DEFINITIONAL_REPRESENTATION('',(#1490),#1494);
#1490 = LINE('',#1491,#1492);
#1491 = CARTESIAN_POINT('',(20.382170003234,0.));
#1492 = VECTOR('',#1493,1.);
#1493 = DIRECTION('',(1.42108547152E-14,1.));
#1494 = ( GEOMETRIC_REPRESENTATION_CONTEXT(2) 
PARAMETRIC_REPRESENTATION_CONTEXT() REPRESENTATION_CONTEXT('2D SPACE',''
  ) );
#1495 = ORIENTED_EDGE('',*,*,#1496,.F.);
#1496 = EDGE_CURVE('',#1371,#1474,#1497,.T.);
#1497 = SURFACE_CURVE('',#1498,(#1503,#1510),.PCURVE_S1.);
#1498 = CIRCLE('',#1499,3.);
#1499 = AXIS2_PLACEMENT_3D('',#1500,#1501,#1502);
#1500 = CARTESIAN_POINT('',(76.,15.5,-12.5));
#1501 = DIRECTION('',(0.,-1.,0.));
#1502 = DIRECTION('',(0.942809041582,0.,-0.333333333333));
#1503 = PCURVE('',#393,#1504);
#1504 = DEFINITIONAL_REPRESENTATION('',(#1505),#1509);
#1505 = LINE('',#1506,#1507);
#1506 = CARTESIAN_POINT('',(-6.623022216634,0.));
#1507 = VECTOR('',#1508,1.);
#1508 = DIRECTION('',(1.,-0.));
#1509 = ( GEOMETRIC_REPRESENTATION_CONTEXT(2) 
PARAMETRIC_REPRESENTATION_CONTEXT() REPRESENTATION_CONTEXT('2D SPACE',''
  ) );
#1510 = PCURVE('',#1511,#1516);
#1511 = PLANE('',#1512);
#1512 = AXIS2_PLACEMENT_3D('',#1513,#1514,#1515);
#1513 = CARTESIAN_POINT('',(58.446257121513,15.5,-13.5));
#1514 = DIRECTION('',(0.,1.,0.));
#1515 = DIRECTION('',(0.,0.,1.));
#1516 = DEFINITIONAL_REPRESENTATION('',(#1517),#1525);
#1517 = ( BOUNDED_CURVE() B_SPLINE_CURVE(2,(#1518,#1519,#1520,#1521,
#1522,#1523,#1524),.UNSPECIFIED.,.T.,.F.) B_SPLINE_CURVE_WITH_KNOTS((1,2
    ,2,2,2,1),(-2.094395102393,0.,2.094395102393,4.188790204786,
6.28318530718,8.377580409573),.UNSPECIFIED.) CURVE() 
GEOMETRIC_REPRESENTATION_ITEM() RATIONAL_B_SPLINE_CURVE((1.,0.5,1.,0.5,
1.,0.5,1.)) REPRESENTATION_ITEM('') );
#1518 = CARTESIAN_POINT('',(-3.508304757815E-14,20.382170003234));
#1519 = CARTESIAN_POINT('',(4.898979485566,22.114220810803));
#1520 = CARTESIAN_POINT('',(3.949489742783,17.005554719899));
#1521 = CARTESIAN_POINT('',(3.,11.896888628995));
#1522 = CARTESIAN_POINT('',(-0.949489742783,15.27350391233));
#1523 = CARTESIAN_POINT('',(-4.898979485566,18.650119195665));
#1524 = CARTESIAN_POINT('',(-3.508304757815E-14,20.382170003234));
#1525 = ( GEOMETRIC_REPRESENTATION_CONTEXT(2) 
PARAMETRIC_REPRESENTATION_CONTEXT() REPRESENTATION_CONTEXT('2D SPACE',''
  ) );
#1526 = ADVANCED_FACE('',(#1527),#481,.T.);
#1527 = FACE_BOUND('',#1528,.T.);
#1528 = EDGE_LOOP('',(#1529,#1552,#1571,#1572));
#1529 = ORIENTED_EDGE('',*,*,#1530,.F.);
#1530 = EDGE_CURVE('',#1531,#1397,#1533,.T.);
#1531 = VERTEX_POINT('',#1532);
#1532 = CARTESIAN_POINT('',(76.602922396359,13.5,-13.47927758269));
#1533 = SURFACE_CURVE('',#1534,(#1538,#1545),.PCURVE_S1.);
#1534 = LINE('',#1535,#1536);
#1535 = CARTESIAN_POINT('',(76.,13.5,-12.5));
#1536 = VECTOR('',#1537,1.);
#1537 = DIRECTION('',(0.52428034466,0.,-0.851545724083));
#1538 = PCURVE('',#481,#1539);
#1539 = DEFINITIONAL_REPRESENTATION('',(#1540),#1544);
#1540 = LINE('',#1541,#1542);
#1541 = CARTESIAN_POINT('',(0.,0.));
#1542 = VECTOR('',#1543,1.);
#1543 = DIRECTION('',(1.,0.));
#1544 = ( GEOMETRIC_REPRESENTATION_CONTEXT(2) 
PARAMETRIC_REPRESENTATION_CONTEXT() REPRESENTATION_CONTEXT('2D SPACE',''
  ) );
#1545 = PCURVE('',#1434,#1546);
#1546 = DEFINITIONAL_REPRESENTATION('',(#1547),#1551);
#1547 = LINE('',#1548,#1549);
#1548 = CARTESIAN_POINT('',(0.,0.));
#1549 = VECTOR('',#1550,1.);
#1550 = DIRECTION('',(0.851545724083,0.52428034466));
#1551 = ( GEOMETRIC_REPRESENTATION_CONTEXT(2) 
PARAMETRIC_REPRESENTATION_CONTEXT() REPRESENTATION_CONTEXT('2D SPACE',''
  ) );
#1552 = ORIENTED_EDGE('',*,*,#1553,.F.);
#1553 = EDGE_CURVE('',#433,#1531,#1554,.T.);
#1554 = SURFACE_CURVE('',#1555,(#1559,#1565),.PCURVE_S1.);
#1555 = LINE('',#1556,#1557);
#1556 = CARTESIAN_POINT('',(76.602922396359,13.,-13.47927758269));
#1557 = VECTOR('',#1558,1.);
#1558 = DIRECTION('',(-0.,-1.,-1.110223024625E-16));
#1559 = PCURVE('',#481,#1560);
#1560 = DEFINITIONAL_REPRESENTATION('',(#1561),#1564);
#1561 = B_SPLINE_CURVE_WITH_KNOTS('',1,(#1562,#1563),.UNSPECIFIED.,.F.,
  .F.,(2,2),(-2.7,-0.3),.PIECEWISE_BEZIER_KNOTS.);
#1562 = CARTESIAN_POINT('',(1.15,-2.2));
#1563 = CARTESIAN_POINT('',(1.15,0.2));
#1564 = ( GEOMETRIC_REPRESENTATION_CONTEXT(2) 
PARAMETRIC_REPRESENTATION_CONTEXT() REPRESENTATION_CONTEXT('2D SPACE',''
  ) );
#1565 = PCURVE('',#453,#1566);
#1566 = DEFINITIONAL_REPRESENTATION('',(#1567),#1570);
#1567 = B_SPLINE_CURVE_WITH_KNOTS('',1,(#1568,#1569),.UNSPECIFIED.,.F.,
  .F.,(2,2),(-2.7,-0.3),.PIECEWISE_BEZIER_KNOTS.);
#1568 = CARTESIAN_POINT('',(-1.018926550277,-2.7));
#1569 = CARTESIAN_POINT('',(-1.018926550277,-0.3));
#1570 = ( GEOMETRIC_REPRESENTATION_CONTEXT(2) 
PARAMETRIC_REPRESENTATION_CONTEXT() REPRESENTATION_CONTEXT('2D SPACE',''
  ) );
#1571 = ORIENTED_EDGE('',*,*,#465,.F.);
#1572 = ORIENTED_EDGE('',*,*,#1396,.T.);
#1573 = ADVANCED_FACE('',(#1574),#453,.F.);
#1574 = FACE_BOUND('',#1575,.T.);
#1575 = EDGE_LOOP('',(#1576,#1600,#1621,#1622,#1623,#1647,#1666,#1667));
#1576 = ORIENTED_EDGE('',*,*,#1577,.T.);
#1577 = EDGE_CURVE('',#1531,#1578,#1580,.T.);
#1578 = VERTEX_POINT('',#1579);
#1579 = CARTESIAN_POINT('',(77.15,13.5,-12.5));
#1580 = SURFACE_CURVE('',#1581,(#1586,#1593),.PCURVE_S1.);
#1581 = CIRCLE('',#1582,1.15);
#1582 = AXIS2_PLACEMENT_3D('',#1583,#1584,#1585);
#1583 = CARTESIAN_POINT('',(76.,13.5,-12.5));
#1584 = DIRECTION('',(0.,-1.,-1.110223024625E-16));
#1585 = DIRECTION('',(1.,-0.,0.));
#1586 = PCURVE('',#453,#1587);
#1587 = DEFINITIONAL_REPRESENTATION('',(#1588),#1592);
#1588 = LINE('',#1589,#1590);
#1589 = CARTESIAN_POINT('',(-6.28318530718,-0.5));
#1590 = VECTOR('',#1591,1.);
#1591 = DIRECTION('',(1.,-0.));
#1592 = ( GEOMETRIC_REPRESENTATION_CONTEXT(2) 
PARAMETRIC_REPRESENTATION_CONTEXT() REPRESENTATION_CONTEXT('2D SPACE',''
  ) );
#1593 = PCURVE('',#1434,#1594);
#1594 = DEFINITIONAL_REPRESENTATION('',(#1595),#1599);
#1595 = CIRCLE('',#1596,1.15);
#1596 = AXIS2_PLACEMENT_2D('',#1597,#1598);
#1597 = CARTESIAN_POINT('',(0.,0.));
#1598 = DIRECTION('',(0.,1.));
#1599 = ( GEOMETRIC_REPRESENTATION_CONTEXT(2) 
PARAMETRIC_REPRESENTATION_CONTEXT() REPRESENTATION_CONTEXT('2D SPACE',''
  ) );
#1600 = ORIENTED_EDGE('',*,*,#1601,.T.);
#1601 = EDGE_CURVE('',#1578,#944,#1602,.T.);
#1602 = SEAM_CURVE('',#1603,(#1607,#1614),.PCURVE_S1.);
#1603 = LINE('',#1604,#1605);
#1604 = CARTESIAN_POINT('',(77.15,13.,-12.5));
#1605 = VECTOR('',#1606,1.);
#1606 = DIRECTION('',(0.,1.,1.110223024625E-16));
#1607 = PCURVE('',#453,#1608);
#1608 = DEFINITIONAL_REPRESENTATION('',(#1609),#1613);
#1609 = LINE('',#1610,#1611);
#1610 = CARTESIAN_POINT('',(-6.28318530718,0.));
#1611 = VECTOR('',#1612,1.);
#1612 = DIRECTION('',(-0.,-1.));
#1613 = ( GEOMETRIC_REPRESENTATION_CONTEXT(2) 
PARAMETRIC_REPRESENTATION_CONTEXT() REPRESENTATION_CONTEXT('2D SPACE',''
  ) );
#1614 = PCURVE('',#453,#1615);
#1615 = DEFINITIONAL_REPRESENTATION('',(#1616),#1620);
#1616 = LINE('',#1617,#1618);
#1617 = CARTESIAN_POINT('',(-0.,0.));
#1618 = VECTOR('',#1619,1.);
#1619 = DIRECTION('',(-0.,-1.));
#1620 = ( GEOMETRIC_REPRESENTATION_CONTEXT(2) 
PARAMETRIC_REPRESENTATION_CONTEXT() REPRESENTATION_CONTEXT('2D SPACE',''
  ) );
#1621 = ORIENTED_EDGE('',*,*,#943,.F.);
#1622 = ORIENTED_EDGE('',*,*,#1601,.F.);
#1623 = ORIENTED_EDGE('',*,*,#1624,.T.);
#1624 = EDGE_CURVE('',#1578,#1625,#1627,.T.);
#1625 = VERTEX_POINT('',#1626);
#1626 = CARTESIAN_POINT('',(76.602922396359,13.5,-11.5207224173));
#1627 = SURFACE_CURVE('',#1628,(#1633,#1640),.PCURVE_S1.);
#1628 = CIRCLE('',#1629,1.15);
#1629 = AXIS2_PLACEMENT_3D('',#1630,#1631,#1632);
#1630 = CARTESIAN_POINT('',(76.,13.5,-12.5));
#1631 = DIRECTION('',(0.,-1.,-1.110223024625E-16));
#1632 = DIRECTION('',(1.,-0.,0.));
#1633 = PCURVE('',#453,#1634);
#1634 = DEFINITIONAL_REPRESENTATION('',(#1635),#1639);
#1635 = LINE('',#1636,#1637);
#1636 = CARTESIAN_POINT('',(-6.28318530718,-0.5));
#1637 = VECTOR('',#1638,1.);
#1638 = DIRECTION('',(1.,-0.));
#1639 = ( GEOMETRIC_REPRESENTATION_CONTEXT(2) 
PARAMETRIC_REPRESENTATION_CONTEXT() REPRESENTATION_CONTEXT('2D SPACE',''
  ) );
#1640 = PCURVE('',#1434,#1641);
#1641 = DEFINITIONAL_REPRESENTATION('',(#1642),#1646);
#1642 = CIRCLE('',#1643,1.15);
#1643 = AXIS2_PLACEMENT_2D('',#1644,#1645);
#1644 = CARTESIAN_POINT('',(0.,0.));
#1645 = DIRECTION('',(0.,1.));
#1646 = ( GEOMETRIC_REPRESENTATION_CONTEXT(2) 
PARAMETRIC_REPRESENTATION_CONTEXT() REPRESENTATION_CONTEXT('2D SPACE',''
  ) );
#1647 = ORIENTED_EDGE('',*,*,#1648,.F.);
#1648 = EDGE_CURVE('',#405,#1625,#1649,.T.);
#1649 = SURFACE_CURVE('',#1650,(#1654,#1660),.PCURVE_S1.);
#1650 = LINE('',#1651,#1652);
#1651 = CARTESIAN_POINT('',(76.602922396359,13.,-11.5207224173));
#1652 = VECTOR('',#1653,1.);
#1653 = DIRECTION('',(-0.,-1.,-1.110223024625E-16));
#1654 = PCURVE('',#453,#1655);
#1655 = DEFINITIONAL_REPRESENTATION('',(#1656),#1659);
#1656 = B_SPLINE_CURVE_WITH_KNOTS('',1,(#1657,#1658),.UNSPECIFIED.,.F.,
  .F.,(2,2),(-2.7,-0.3),.PIECEWISE_BEZIER_KNOTS.);
#1657 = CARTESIAN_POINT('',(-5.264258756902,-2.7));
#1658 = CARTESIAN_POINT('',(-5.264258756902,-0.3));
#1659 = ( GEOMETRIC_REPRESENTATION_CONTEXT(2) 
PARAMETRIC_REPRESENTATION_CONTEXT() REPRESENTATION_CONTEXT('2D SPACE',''
  ) );
#1660 = PCURVE('',#420,#1661);
#1661 = DEFINITIONAL_REPRESENTATION('',(#1662),#1665);
#1662 = B_SPLINE_CURVE_WITH_KNOTS('',1,(#1663,#1664),.UNSPECIFIED.,.F.,
  .F.,(2,2),(-2.7,-0.3),.PIECEWISE_BEZIER_KNOTS.);
#1663 = CARTESIAN_POINT('',(4.85,-2.2));
#1664 = CARTESIAN_POINT('',(4.85,0.2));
#1665 = ( GEOMETRIC_REPRESENTATION_CONTEXT(2) 
PARAMETRIC_REPRESENTATION_CONTEXT() REPRESENTATION_CONTEXT('2D SPACE',''
  ) );
#1666 = ORIENTED_EDGE('',*,*,#432,.T.);
#1667 = ORIENTED_EDGE('',*,*,#1553,.T.);
#1668 = ADVANCED_FACE('',(#1669),#420,.T.);
#1669 = FACE_BOUND('',#1670,.T.);
#1670 = EDGE_LOOP('',(#1671,#1692,#1693,#1694));
#1671 = ORIENTED_EDGE('',*,*,#1672,.F.);
#1672 = EDGE_CURVE('',#1419,#1625,#1673,.T.);
#1673 = SURFACE_CURVE('',#1674,(#1678,#1685),.PCURVE_S1.);
#1674 = LINE('',#1675,#1676);
#1675 = CARTESIAN_POINT('',(79.14568206796,13.5,-7.390725655505));
#1676 = VECTOR('',#1677,1.);
#1677 = DIRECTION('',(-0.52428034466,0.,-0.851545724083));
#1678 = PCURVE('',#420,#1679);
#1679 = DEFINITIONAL_REPRESENTATION('',(#1680),#1684);
#1680 = LINE('',#1681,#1682);
#1681 = CARTESIAN_POINT('',(0.,0.));
#1682 = VECTOR('',#1683,1.);
#1683 = DIRECTION('',(1.,0.));
#1684 = ( GEOMETRIC_REPRESENTATION_CONTEXT(2) 
PARAMETRIC_REPRESENTATION_CONTEXT() REPRESENTATION_CONTEXT('2D SPACE',''
  ) );
#1685 = PCURVE('',#1434,#1686);
#1686 = DEFINITIONAL_REPRESENTATION('',(#1687),#1691);
#1687 = LINE('',#1688,#1689);
#1688 = CARTESIAN_POINT('',(-5.109274344495,3.14568206796));
#1689 = VECTOR('',#1690,1.);
#1690 = DIRECTION('',(0.851545724083,-0.52428034466));
#1691 = ( GEOMETRIC_REPRESENTATION_CONTEXT(2) 
PARAMETRIC_REPRESENTATION_CONTEXT() REPRESENTATION_CONTEXT('2D SPACE',''
  ) );
#1692 = ORIENTED_EDGE('',*,*,#1450,.F.);
#1693 = ORIENTED_EDGE('',*,*,#404,.F.);
#1694 = ORIENTED_EDGE('',*,*,#1648,.T.);
#1695 = ADVANCED_FACE('',(#1696),#336,.T.);
#1696 = FACE_BOUND('',#1697,.T.);
#1697 = EDGE_LOOP('',(#1698,#1699,#1700,#1701));
#1698 = ORIENTED_EDGE('',*,*,#1232,.F.);
#1699 = ORIENTED_EDGE('',*,*,#320,.T.);
#1700 = ORIENTED_EDGE('',*,*,#1321,.T.);
#1701 = ORIENTED_EDGE('',*,*,#1702,.F.);
#1702 = EDGE_CURVE('',#1201,#1322,#1703,.T.);
#1703 = SURFACE_CURVE('',#1704,(#1708,#1715),.PCURVE_S1.);
#1704 = LINE('',#1705,#1706);
#1705 = CARTESIAN_POINT('',(69.3,14.3,-11.5));
#1706 = VECTOR('',#1707,1.);
#1707 = DIRECTION('',(1.,0.,0.));
#1708 = PCURVE('',#336,#1709);
#1709 = DEFINITIONAL_REPRESENTATION('',(#1710),#1714);
#1710 = LINE('',#1711,#1712);
#1711 = CARTESIAN_POINT('',(1.2,0.));
#1712 = VECTOR('',#1713,1.);
#1713 = DIRECTION('',(0.,-1.));
#1714 = ( GEOMETRIC_REPRESENTATION_CONTEXT(2) 
PARAMETRIC_REPRESENTATION_CONTEXT() REPRESENTATION_CONTEXT('2D SPACE',''
  ) );
#1715 = PCURVE('',#1220,#1716);
#1716 = DEFINITIONAL_REPRESENTATION('',(#1717),#1721);
#1717 = LINE('',#1718,#1719);
#1718 = CARTESIAN_POINT('',(0.,0.));
#1719 = VECTOR('',#1720,1.);
#1720 = DIRECTION('',(0.,-1.));
#1721 = ( GEOMETRIC_REPRESENTATION_CONTEXT(2) 
PARAMETRIC_REPRESENTATION_CONTEXT() REPRESENTATION_CONTEXT('2D SPACE',''
  ) );
#1722 = ADVANCED_FACE('',(#1723),#275,.T.);
#1723 = FACE_BOUND('',#1724,.F.);
#1724 = EDGE_LOOP('',(#1725,#1754,#1800,#1801,#1827,#1828,#1829));
#1725 = ORIENTED_EDGE('',*,*,#1726,.F.);
#1726 = EDGE_CURVE('',#1727,#1729,#1731,.T.);
#1727 = VERTEX_POINT('',#1728);
#1728 = CARTESIAN_POINT('',(68.082776089111,21.84,1.45));
#1729 = VERTEX_POINT('',#1730);
#1730 = CARTESIAN_POINT('',(68.08277608911,21.840000000002,0.));
#1731 = SURFACE_CURVE('',#1732,(#1736,#1743),.PCURVE_S1.);
#1732 = LINE('',#1733,#1734);
#1733 = CARTESIAN_POINT('',(68.082776089111,21.84,0.));
#1734 = VECTOR('',#1735,1.);
#1735 = DIRECTION('',(-0.,-0.,-1.));
#1736 = PCURVE('',#275,#1737);
#1737 = DEFINITIONAL_REPRESENTATION('',(#1738),#1742);
#1738 = LINE('',#1739,#1740);
#1739 = CARTESIAN_POINT('',(-6.927080724025E-02,-1.5));
#1740 = VECTOR('',#1741,1.);
#1741 = DIRECTION('',(-0.,-1.));
#1742 = ( GEOMETRIC_REPRESENTATION_CONTEXT(2) 
PARAMETRIC_REPRESENTATION_CONTEXT() REPRESENTATION_CONTEXT('2D SPACE',''
  ) );
#1743 = PCURVE('',#1744,#1749);
#1744 = PLANE('',#1745);
#1745 = AXIS2_PLACEMENT_3D('',#1746,#1747,#1748);
#1746 = CARTESIAN_POINT('',(61.893432808283,19.854545454545,0.));
#1747 = DIRECTION('',(-0.305454545455,0.952206658589,0.));
#1748 = DIRECTION('',(0.933715448677,0.299522824575,0.196116135138));
#1749 = DEFINITIONAL_REPRESENTATION('',(#1750),#1753);
#1750 = B_SPLINE_CURVE_WITH_KNOTS('',1,(#1751,#1752),.UNSPECIFIED.,.F.,
  .F.,(2,2),(-1.5000006,6.E-07),.PIECEWISE_BEZIER_KNOTS.);
#1751 = CARTESIAN_POINT('',(6.667948712368,-0.196116723487));
#1752 = CARTESIAN_POINT('',(6.373774274321,1.274755466747));
#1753 = ( GEOMETRIC_REPRESENTATION_CONTEXT(2) 
PARAMETRIC_REPRESENTATION_CONTEXT() REPRESENTATION_CONTEXT('2D SPACE',''
  ) );
#1754 = ORIENTED_EDGE('',*,*,#1755,.T.);
#1755 = EDGE_CURVE('',#1727,#672,#1756,.T.);
#1756 = SURFACE_CURVE('',#1757,(#1772,#1782),.PCURVE_S1.);
#1757 = B_SPLINE_CURVE_WITH_KNOTS('',4,(#1758,#1759,#1760,#1761,#1762,
    #1763,#1764,#1765,#1766,#1767,#1768,#1769,#1770,#1771),
  .UNSPECIFIED.,.F.,.F.,(5,3,3,3,5),(0.,0.250853728126,0.501242665978,
    0.751326148132,1.),.UNSPECIFIED.);
#1758 = CARTESIAN_POINT('',(68.082776089111,21.84,1.45));
#1759 = CARTESIAN_POINT('',(67.796984792693,22.730909562373,
    1.358738951006));
#1760 = CARTESIAN_POINT('',(67.495118860711,23.618486781225,
    1.267643214183));
#1761 = CARTESIAN_POINT('',(67.177304171128,24.50188974446,
    1.176669593182));
#1762 = CARTESIAN_POINT('',(66.510884010537,26.257034039779,
    0.995052806442));
#1763 = CARTESIAN_POINT('',(66.162336322499,27.128795489245,
    0.904409245616));
#1764 = CARTESIAN_POINT('',(65.7983857559,27.994721638881,0.813805471647
    ));
#1765 = CARTESIAN_POINT('',(65.040853251135,29.712241003183,
    0.632707751686));
#1766 = CARTESIAN_POINT('',(64.647307343302,30.563851907198,
    0.542213709144));
#1767 = CARTESIAN_POINT('',(64.23910585146,31.408034321727,
    0.451679227173));
#1768 = CARTESIAN_POINT('',(63.396679621933,33.075345664629,
    0.27095874239));
#1769 = CARTESIAN_POINT('',(62.962613664001,33.898567711941,
    0.18077355921));
#1770 = CARTESIAN_POINT('',(62.51495051075,34.712983322727,
    9.04680060856E-02));
#1771 = CARTESIAN_POINT('',(62.054212755401,35.51794869228,0.));
#1772 = PCURVE('',#275,#1773);
#1773 = DEFINITIONAL_REPRESENTATION('',(#1774),#1781);
#1774 = B_SPLINE_CURVE_WITH_KNOTS('',5,(#1775,#1776,#1777,#1778,#1779,
    #1780),.UNSPECIFIED.,.F.,.F.,(6,6),(0.,0.331025101278),
  .PIECEWISE_BEZIER_KNOTS.);
#1775 = CARTESIAN_POINT('',(-6.927080724025E-02,-5.E-02));
#1776 = CARTESIAN_POINT('',(-5.545657608647E-02,-0.146342033938));
#1777 = CARTESIAN_POINT('',(-4.161696666931E-02,-0.242511340886));
#1778 = CARTESIAN_POINT('',(-2.775726386453E-02,-0.338547690068));
#1779 = CARTESIAN_POINT('',(-1.388303365185E-02,-0.434489300489));
#1780 = CARTESIAN_POINT('',(-3.192027055139E-14,-0.530373718265));
#1781 = ( GEOMETRIC_REPRESENTATION_CONTEXT(2) 
PARAMETRIC_REPRESENTATION_CONTEXT() REPRESENTATION_CONTEXT('2D SPACE',''
  ) );
#1782 = PCURVE('',#697,#1783);
#1783 = DEFINITIONAL_REPRESENTATION('',(#1784),#1799);
#1784 = B_SPLINE_CURVE_WITH_KNOTS('',4,(#1785,#1786,#1787,#1788,#1789,
    #1790,#1791,#1792,#1793,#1794,#1795,#1796,#1797,#1798),
  .UNSPECIFIED.,.F.,.F.,(5,3,3,3,5),(0.,0.250853728126,0.501242665978,
    0.751326148132,1.),.UNSPECIFIED.);
#1785 = CARTESIAN_POINT('',(6.5,0.));
#1786 = CARTESIAN_POINT('',(6.598338283396,6.293865447843E-02));
#1787 = CARTESIAN_POINT('',(6.680534877389,0.125763300563));
#1788 = CARTESIAN_POINT('',(6.746364177315,0.18850372884));
#1789 = CARTESIAN_POINT('',(6.844962909359,0.313756685212));
#1790 = CARTESIAN_POINT('',(6.877793666022,0.376269485782));
#1791 = CARTESIAN_POINT('',(6.894085780672,0.43875484714));
#1792 = CARTESIAN_POINT('',(6.893593609077,0.563649826423));
#1793 = CARTESIAN_POINT('',(6.876849648075,0.626059510935));
#1794 = CARTESIAN_POINT('',(6.84360853738,0.688497084708));
#1795 = CARTESIAN_POINT('',(6.74464433705,0.8131319018));
#1796 = CARTESIAN_POINT('',(6.679105104034,0.875328579855));
#1797 = CARTESIAN_POINT('',(6.597483740531,0.937608271665));
#1798 = CARTESIAN_POINT('',(6.5,1.));
#1799 = ( GEOMETRIC_REPRESENTATION_CONTEXT(2) 
PARAMETRIC_REPRESENTATION_CONTEXT() REPRESENTATION_CONTEXT('2D SPACE',''
  ) );
#1800 = ORIENTED_EDGE('',*,*,#714,.T.);
#1801 = ORIENTED_EDGE('',*,*,#1802,.T.);
#1802 = EDGE_CURVE('',#715,#1253,#1803,.T.);
#1803 = SURFACE_CURVE('',#1804,(#1809,#1816),.PCURVE_S1.);
#1804 = CIRCLE('',#1805,71.500000000004);
#1805 = AXIS2_PLACEMENT_3D('',#1806,#1807,#1808);
#1806 = CARTESIAN_POINT('',(-4.249045559845E-12,-1.30384592012E-12,-11.5
    ));
#1807 = DIRECTION('',(0.,0.,-1.));
#1808 = DIRECTION('',(0.928780851238,0.370629370629,0.));
#1809 = PCURVE('',#275,#1810);
#1810 = DEFINITIONAL_REPRESENTATION('',(#1811),#1815);
#1811 = LINE('',#1812,#1813);
#1812 = CARTESIAN_POINT('',(-0.,-13.));
#1813 = VECTOR('',#1814,1.);
#1814 = DIRECTION('',(-1.,0.));
#1815 = ( GEOMETRIC_REPRESENTATION_CONTEXT(2) 
PARAMETRIC_REPRESENTATION_CONTEXT() REPRESENTATION_CONTEXT('2D SPACE',''
  ) );
#1816 = PCURVE('',#753,#1817);
#1817 = DEFINITIONAL_REPRESENTATION('',(#1818),#1826);
#1818 = ( BOUNDED_CURVE() B_SPLINE_CURVE(2,(#1819,#1820,#1821,#1822,
#1823,#1824,#1825),.UNSPECIFIED.,.T.,.F.) B_SPLINE_CURVE_WITH_KNOTS((1,2
    ,2,2,2,1),(-2.094395102393,0.,2.094395102393,4.188790204786,
6.28318530718,8.377580409573),.UNSPECIFIED.) CURVE() 
GEOMETRIC_REPRESENTATION_ITEM() RATIONAL_B_SPLINE_CURVE((1.,0.5,1.,0.5,
1.,0.5,1.)) REPRESENTATION_ITEM('') );
#1819 = CARTESIAN_POINT('',(7.961573742023,11.));
#1820 = CARTESIAN_POINT('',(53.860920142601,-104.021737076));
#1821 = CARTESIAN_POINT('',(-68.70049935299,-86.26086853804));
#1822 = CARTESIAN_POINT('',(-191.2619188485,-68.5));
#1823 = CARTESIAN_POINT('',(-114.5998457535,28.760868538044));
#1824 = CARTESIAN_POINT('',(-37.93777265855,126.02173707609));
#1825 = CARTESIAN_POINT('',(7.961573742023,11.));
#1826 = ( GEOMETRIC_REPRESENTATION_CONTEXT(2) 
PARAMETRIC_REPRESENTATION_CONTEXT() REPRESENTATION_CONTEXT('2D SPACE',''
  ) );
#1827 = ORIENTED_EDGE('',*,*,#1252,.T.);
#1828 = ORIENTED_EDGE('',*,*,#259,.F.);
#1829 = ORIENTED_EDGE('',*,*,#1830,.T.);
#1830 = EDGE_CURVE('',#217,#1729,#1831,.T.);
#1831 = SURFACE_CURVE('',#1832,(#1847,#1857),.PCURVE_S1.);
#1832 = B_SPLINE_CURVE_WITH_KNOTS('',4,(#1833,#1834,#1835,#1836,#1837,
    #1838,#1839,#1840,#1841,#1842,#1843,#1844,#1845,#1846),
  .UNSPECIFIED.,.F.,.F.,(5,3,3,3,5),(0.,0.250853728126,0.501242666,
    0.751326148179,1.),.UNSPECIFIED.);
#1833 = CARTESIAN_POINT('',(71.135795410321,7.207538507772,1.45));
#1834 = CARTESIAN_POINT('',(71.041479852898,8.138398910337,
    1.358738951006));
#1835 = CARTESIAN_POINT('',(70.930748096089,9.069341893742,
    1.267643214183));
#1836 = CARTESIAN_POINT('',(70.803548223755,9.99951777219,1.176669593182
    ));
#1837 = CARTESIAN_POINT('',(70.516605960649,11.854864496062,
    0.995052806435));
#1838 = CARTESIAN_POINT('',(70.356924272786,12.7800430055,0.904409245601
    ));
#1839 = CARTESIAN_POINT('',(70.180963069157,13.702716168935,
    0.813805471623));
#1840 = CARTESIAN_POINT('',(69.797076822143,15.540203478428,
    0.632707751646));
#1841 = CARTESIAN_POINT('',(69.589190699563,16.455027436153,
    0.542213709094));
#1842 = CARTESIAN_POINT('',(69.365424782835,17.36563230196,
    0.451679227114));
#1843 = CARTESIAN_POINT('',(68.888061108053,19.171659153382,
    0.270958742339));
#1844 = CARTESIAN_POINT('',(68.63463802056,20.067139210898,
    0.180773559176));
#1845 = CARTESIAN_POINT('',(68.366083907985,20.956832289528,
    9.046800606837E-02));
#1846 = CARTESIAN_POINT('',(68.082776089111,21.84,0.));
#1847 = PCURVE('',#275,#1848);
#1848 = DEFINITIONAL_REPRESENTATION('',(#1849),#1856);
#1849 = B_SPLINE_CURVE_WITH_KNOTS('',5,(#1850,#1851,#1852,#1853,#1854,
    #1855),.UNSPECIFIED.,.F.,.F.,(6,6),(0.561107845172,1.),
  .PIECEWISE_BEZIER_KNOTS.);
#1850 = CARTESIAN_POINT('',(-0.161168444488,-0.863450713563));
#1851 = CARTESIAN_POINT('',(-0.142751141416,-0.990512577122));
#1852 = CARTESIAN_POINT('',(-0.124339453093,-1.117610740014));
#1853 = CARTESIAN_POINT('',(-0.10594682097,-1.244832006548));
#1854 = CARTESIAN_POINT('',(-8.758651097796E-02,-1.372264179493));
#1855 = CARTESIAN_POINT('',(-6.927080724025E-02,-1.5));
#1856 = ( GEOMETRIC_REPRESENTATION_CONTEXT(2) 
PARAMETRIC_REPRESENTATION_CONTEXT() REPRESENTATION_CONTEXT('2D SPACE',''
  ) );
#1857 = PCURVE('',#242,#1858);
#1858 = DEFINITIONAL_REPRESENTATION('',(#1859),#1874);
#1859 = B_SPLINE_CURVE_WITH_KNOTS('',4,(#1860,#1861,#1862,#1863,#1864,
    #1865,#1866,#1867,#1868,#1869,#1870,#1871,#1872,#1873),
  .UNSPECIFIED.,.F.,.F.,(5,3,3,3,5),(0.,0.250853728126,0.501242666,
    0.751326148179,1.),.UNSPECIFIED.);
#1860 = CARTESIAN_POINT('',(6.5,0.));
#1861 = CARTESIAN_POINT('',(6.598338283396,6.293865447843E-02));
#1862 = CARTESIAN_POINT('',(6.680534877389,0.125763300563));
#1863 = CARTESIAN_POINT('',(6.746364177315,0.18850372884));
#1864 = CARTESIAN_POINT('',(6.844962909363,0.313756685218));
#1865 = CARTESIAN_POINT('',(6.877793666028,0.376269485793));
#1866 = CARTESIAN_POINT('',(6.894085780676,0.438754847156));
#1867 = CARTESIAN_POINT('',(6.893593609072,0.563649826451));
#1868 = CARTESIAN_POINT('',(6.876849648063,0.62605951097));
#1869 = CARTESIAN_POINT('',(6.843608537357,0.688497084749));
#1870 = CARTESIAN_POINT('',(6.744644337013,0.813131901835));
#1871 = CARTESIAN_POINT('',(6.679105104003,0.875328579879));
#1872 = CARTESIAN_POINT('',(6.597483740513,0.937608271677));
#1873 = CARTESIAN_POINT('',(6.5,1.));
#1874 = ( GEOMETRIC_REPRESENTATION_CONTEXT(2) 
PARAMETRIC_REPRESENTATION_CONTEXT() REPRESENTATION_CONTEXT('2D SPACE',''
  ) );
#1875 = ADVANCED_FACE('',(#1876),#242,.T.);
#1876 = FACE_BOUND('',#1877,.T.);
#1877 = EDGE_LOOP('',(#1878,#1926,#1927,#1928));
#1878 = ORIENTED_EDGE('',*,*,#1879,.F.);
#1879 = EDGE_CURVE('',#189,#1880,#1882,.T.);
#1880 = VERTEX_POINT('',#1881);
#1881 = CARTESIAN_POINT('',(62.845639466872,20.16,0.));
#1882 = SURFACE_CURVE('',#1883,(#1898,#1916),.PCURVE_S1.);
#1883 = B_SPLINE_CURVE_WITH_KNOTS('',4,(#1884,#1885,#1886,#1887,#1888,
    #1889,#1890,#1891,#1892,#1893,#1894,#1895,#1896,#1897),
  .UNSPECIFIED.,.F.,.F.,(5,3,3,3,5),(0.,0.250841857833,0.501282987113,
    0.751421403669,1.),.UNSPECIFIED.);
#1884 = CARTESIAN_POINT('',(65.663811147988,6.653112468713,1.45));
#1885 = CARTESIAN_POINT('',(65.576755965987,7.512315594656,
    1.358744540836));
#1886 = CARTESIAN_POINT('',(65.474548609919,8.371601014535,
    1.267653728618));
#1887 = CARTESIAN_POINT('',(65.357140847244,9.230182937961,
    1.176684549981));
#1888 = CARTESIAN_POINT('',(65.092254050181,10.942951989837,
    0.99505280334));
#1889 = CARTESIAN_POINT('',(64.944823327938,11.797145410771,
    0.904389882949));
#1890 = CARTESIAN_POINT('',(64.782358585212,12.649026565599,
    0.813766609067));
#1891 = CARTESIAN_POINT('',(64.427909396071,14.345540467482,
    0.632628873995));
#1892 = CARTESIAN_POINT('',(64.235960558868,15.190182207121,
    0.542114316623));
#1893 = CARTESIAN_POINT('',(64.02934722367,16.030925734574,
    0.451559435244));
#1894 = CARTESIAN_POINT('',(63.588705466181,17.697884750418,
    0.270853066749));
#1895 = CARTESIAN_POINT('',(63.354855489702,18.524159452546,
    0.180702493389));
#1896 = CARTESIAN_POINT('',(63.107050560261,19.345091898423,
    9.043209202679E-02));
#1897 = CARTESIAN_POINT('',(62.845639466872,20.16,0.));
#1898 = PCURVE('',#242,#1899);
#1899 = DEFINITIONAL_REPRESENTATION('',(#1900),#1915);
#1900 = B_SPLINE_CURVE_WITH_KNOTS('',4,(#1901,#1902,#1903,#1904,#1905,
    #1906,#1907,#1908,#1909,#1910,#1911,#1912,#1913,#1914),
  .UNSPECIFIED.,.F.,.F.,(5,3,3,3,5),(0.,0.250841857833,0.501282987113,
    0.751421403669,1.),.UNSPECIFIED.);
#1901 = CARTESIAN_POINT('',(1.,0.));
#1902 = CARTESIAN_POINT('',(1.090768240072,6.293479942318E-02));
#1903 = CARTESIAN_POINT('',(1.166638926129,0.125756049229));
#1904 = CARTESIAN_POINT('',(1.227403201744,0.188493413806));
#1905 = CARTESIAN_POINT('',(1.318429687841,0.313756687352));
#1906 = CARTESIAN_POINT('',(1.348740744822,0.376282839345));
#1907 = CARTESIAN_POINT('',(1.363778768286,0.43878164892));
#1908 = CARTESIAN_POINT('',(1.36330960797,0.563704224831));
#1909 = CARTESIAN_POINT('',(1.347839321574,0.626128057502));
#1910 = CARTESIAN_POINT('',(1.317134015351,0.688579699832));
#1911 = CARTESIAN_POINT('',(1.225754749368,0.813204781553));
#1912 = CARTESIAN_POINT('',(1.165268596761,0.875377590767));
#1913 = CARTESIAN_POINT('',(1.089949268949,0.937633039982));
#1914 = CARTESIAN_POINT('',(1.,1.));
#1915 = ( GEOMETRIC_REPRESENTATION_CONTEXT(2) 
PARAMETRIC_REPRESENTATION_CONTEXT() REPRESENTATION_CONTEXT('2D SPACE',''
  ) );
#1916 = PCURVE('',#204,#1917);
#1917 = DEFINITIONAL_REPRESENTATION('',(#1918),#1925);
#1918 = B_SPLINE_CURVE_WITH_KNOTS('',5,(#1919,#1920,#1921,#1922,#1923,
    #1924),.UNSPECIFIED.,.F.,.F.,(6,6),(0.649508009885,1.),
  .PIECEWISE_BEZIER_KNOTS.);
#1919 = CARTESIAN_POINT('',(-1.86517468137E-14,-0.991435744584));
#1920 = CARTESIAN_POINT('',(1.470160720033E-02,-1.092946015259));
#1921 = CARTESIAN_POINT('',(2.939444554686E-02,-1.194512774883));
#1922 = CARTESIAN_POINT('',(4.40716780146E-02,-1.296180308412));
#1923 = CARTESIAN_POINT('',(5.872664911518E-02,-1.397993715074));
#1924 = CARTESIAN_POINT('',(7.335306233792E-02,-1.5));
#1925 = ( GEOMETRIC_REPRESENTATION_CONTEXT(2) 
PARAMETRIC_REPRESENTATION_CONTEXT() REPRESENTATION_CONTEXT('2D SPACE',''
  ) );
#1926 = ORIENTED_EDGE('',*,*,#216,.F.);
#1927 = ORIENTED_EDGE('',*,*,#1830,.T.);
#1928 = ORIENTED_EDGE('',*,*,#1929,.F.);
#1929 = EDGE_CURVE('',#1880,#1729,#1930,.T.);
#1930 = SURFACE_CURVE('',#1931,(#1935,#1942),.PCURVE_S1.);
#1931 = LINE('',#1932,#1933);
#1932 = CARTESIAN_POINT('',(61.893432808283,19.854545454545,0.));
#1933 = VECTOR('',#1934,1.);
#1934 = DIRECTION('',(0.952206658589,0.305454545455,0.));
#1935 = PCURVE('',#242,#1936);
#1936 = DEFINITIONAL_REPRESENTATION('',(#1937),#1941);
#1937 = LINE('',#1938,#1939);
#1938 = CARTESIAN_POINT('',(0.,1.));
#1939 = VECTOR('',#1940,1.);
#1940 = DIRECTION('',(1.,0.));
#1941 = ( GEOMETRIC_REPRESENTATION_CONTEXT(2) 
PARAMETRIC_REPRESENTATION_CONTEXT() REPRESENTATION_CONTEXT('2D SPACE',''
  ) );
#1942 = PCURVE('',#1744,#1943);
#1943 = DEFINITIONAL_REPRESENTATION('',(#1944),#1948);
#1944 = LINE('',#1945,#1946);
#1945 = CARTESIAN_POINT('',(0.,0.));
#1946 = VECTOR('',#1947,1.);
#1947 = DIRECTION('',(0.980580675691,0.196116135138));
#1948 = ( GEOMETRIC_REPRESENTATION_CONTEXT(2) 
PARAMETRIC_REPRESENTATION_CONTEXT() REPRESENTATION_CONTEXT('2D SPACE',''
  ) );
#1949 = ADVANCED_FACE('',(#1950),#204,.F.);
#1950 = FACE_BOUND('',#1951,.F.);
#1951 = EDGE_LOOP('',(#1952,#1953,#1954,#1955,#1956,#2004));
#1952 = ORIENTED_EDGE('',*,*,#1879,.F.);
#1953 = ORIENTED_EDGE('',*,*,#188,.T.);
#1954 = ORIENTED_EDGE('',*,*,#598,.T.);
#1955 = ORIENTED_EDGE('',*,*,#648,.F.);
#1956 = ORIENTED_EDGE('',*,*,#1957,.F.);
#1957 = EDGE_CURVE('',#1958,#649,#1960,.T.);
#1958 = VERTEX_POINT('',#1959);
#1959 = CARTESIAN_POINT('',(62.845639466872,20.16,1.45));
#1960 = SURFACE_CURVE('',#1961,(#1976,#1986),.PCURVE_S1.);
#1961 = B_SPLINE_CURVE_WITH_KNOTS('',4,(#1962,#1963,#1964,#1965,#1966,
    #1967,#1968,#1969,#1970,#1971,#1972,#1973,#1974,#1975),
  .UNSPECIFIED.,.F.,.F.,(5,3,3,3,5),(0.,0.250841857833,0.501282987113,
    0.751421403669,1.),.UNSPECIFIED.);
#1962 = CARTESIAN_POINT('',(62.845639466872,20.16,1.45));
#1963 = CARTESIAN_POINT('',(62.581848274795,20.9823276861,1.358744540836
    ));
#1964 = CARTESIAN_POINT('',(62.303218910137,21.801585553686,
    1.267653728618));
#1965 = CARTESIAN_POINT('',(62.009867569365,22.616994955666,
    1.176684549981));
#1966 = CARTESIAN_POINT('',(61.394664474795,24.237262832517,
    0.99505280334));
#1967 = CARTESIAN_POINT('',(61.072858669127,25.042137507025,
    0.904389882949));
#1968 = CARTESIAN_POINT('',(60.73682811955,25.841624695372,
    0.813766609067));
#1969 = CARTESIAN_POINT('',(60.037399421773,27.427371567888,
    0.632628873995));
#1970 = CARTESIAN_POINT('',(59.674034234975,28.213647451701,
    0.542114316623));
#1971 = CARTESIAN_POINT('',(59.297135488535,28.993061388046,
    0.451559435244));
#1972 = CARTESIAN_POINT('',(58.519542543156,30.531978777071,
    0.270853066749));
#1973 = CARTESIAN_POINT('',(58.119010579333,31.291577250497,
    0.180702493389));
#1974 = CARTESIAN_POINT('',(57.70593932928,32.043048810923,
    9.043209202677E-02));
#1975 = CARTESIAN_POINT('',(57.280811774216,32.785798792874,0.));
#1976 = PCURVE('',#204,#1977);
#1977 = DEFINITIONAL_REPRESENTATION('',(#1978),#1985);
#1978 = B_SPLINE_CURVE_WITH_KNOTS('',5,(#1979,#1980,#1981,#1982,#1983,
    #1984),.UNSPECIFIED.,.F.,.F.,(6,6),(0.,0.49063597849),
  .PIECEWISE_BEZIER_KNOTS.);
#1979 = CARTESIAN_POINT('',(7.335306233792E-02,-5.E-02));
#1980 = CARTESIAN_POINT('',(9.382783710516E-02,-0.192793429728));
#1981 = CARTESIAN_POINT('',(0.114358567667,-0.335208884618));
#1982 = CARTESIAN_POINT('',(0.134928019151,-0.477375404126));
#1983 = CARTESIAN_POINT('',(0.155517433901,-0.619414337926));
#1984 = CARTESIAN_POINT('',(0.176107918965,-0.76144628156));
#1985 = ( GEOMETRIC_REPRESENTATION_CONTEXT(2) 
PARAMETRIC_REPRESENTATION_CONTEXT() REPRESENTATION_CONTEXT('2D SPACE',''
  ) );
#1986 = PCURVE('',#697,#1987);
#1987 = DEFINITIONAL_REPRESENTATION('',(#1988),#2003);
#1988 = B_SPLINE_CURVE_WITH_KNOTS('',4,(#1989,#1990,#1991,#1992,#1993,
    #1994,#1995,#1996,#1997,#1998,#1999,#2000,#2001,#2002),
  .UNSPECIFIED.,.F.,.F.,(5,3,3,3,5),(0.,0.250841857833,0.501282987113,
    0.751421403669,1.),.UNSPECIFIED.);
#1989 = CARTESIAN_POINT('',(1.,0.));
#1990 = CARTESIAN_POINT('',(1.090768240072,6.293479942318E-02));
#1991 = CARTESIAN_POINT('',(1.166638926129,0.125756049229));
#1992 = CARTESIAN_POINT('',(1.227403201744,0.188493413806));
#1993 = CARTESIAN_POINT('',(1.318429687841,0.313756687352));
#1994 = CARTESIAN_POINT('',(1.348740744822,0.376282839345));
#1995 = CARTESIAN_POINT('',(1.363778768286,0.43878164892));
#1996 = CARTESIAN_POINT('',(1.36330960797,0.563704224831));
#1997 = CARTESIAN_POINT('',(1.347839321574,0.626128057502));
#1998 = CARTESIAN_POINT('',(1.317134015351,0.688579699832));
#1999 = CARTESIAN_POINT('',(1.225754749368,0.813204781553));
#2000 = CARTESIAN_POINT('',(1.165268596761,0.875377590766));
#2001 = CARTESIAN_POINT('',(1.089949268949,0.937633039982));
#2002 = CARTESIAN_POINT('',(1.,1.));
#2003 = ( GEOMETRIC_REPRESENTATION_CONTEXT(2) 
PARAMETRIC_REPRESENTATION_CONTEXT() REPRESENTATION_CONTEXT('2D SPACE',''
  ) );
#2004 = ORIENTED_EDGE('',*,*,#2005,.T.);
#2005 = EDGE_CURVE('',#1958,#1880,#2006,.T.);
#2006 = SURFACE_CURVE('',#2007,(#2011,#2018),.PCURVE_S1.);
#2007 = LINE('',#2008,#2009);
#2008 = CARTESIAN_POINT('',(62.845639466872,20.16,0.));
#2009 = VECTOR('',#2010,1.);
#2010 = DIRECTION('',(-0.,-0.,-1.));
#2011 = PCURVE('',#204,#2012);
#2012 = DEFINITIONAL_REPRESENTATION('',(#2013),#2017);
#2013 = LINE('',#2014,#2015);
#2014 = CARTESIAN_POINT('',(7.335306233792E-02,-1.5));
#2015 = VECTOR('',#2016,1.);
#2016 = DIRECTION('',(0.,-1.));
#2017 = ( GEOMETRIC_REPRESENTATION_CONTEXT(2) 
PARAMETRIC_REPRESENTATION_CONTEXT() REPRESENTATION_CONTEXT('2D SPACE',''
  ) );
#2018 = PCURVE('',#1744,#2019);
#2019 = DEFINITIONAL_REPRESENTATION('',(#2020),#2023);
#2020 = B_SPLINE_CURVE_WITH_KNOTS('',1,(#2021,#2022),.UNSPECIFIED.,.F.,
  .F.,(2,2),(-1.5000006,6.E-07),.PIECEWISE_BEZIER_KNOTS.);
#2021 = CARTESIAN_POINT('',(1.274754996068,-1.274755466747));
#2022 = CARTESIAN_POINT('',(0.980580558021,0.196116723487));
#2023 = ( GEOMETRIC_REPRESENTATION_CONTEXT(2) 
PARAMETRIC_REPRESENTATION_CONTEXT() REPRESENTATION_CONTEXT('2D SPACE',''
  ) );
#2024 = ADVANCED_FACE('',(#2025),#884,.F.);
#2025 = FACE_BOUND('',#2026,.F.);
#2026 = EDGE_LOOP('',(#2027,#2028,#2029,#2052));
#2027 = ORIENTED_EDGE('',*,*,#868,.F.);
#2028 = ORIENTED_EDGE('',*,*,#1370,.T.);
#2029 = ORIENTED_EDGE('',*,*,#2030,.T.);
#2030 = EDGE_CURVE('',#1371,#2031,#2033,.T.);
#2031 = VERTEX_POINT('',#2032);
#2032 = CARTESIAN_POINT('',(115.,15.5,-13.5));
#2033 = SURFACE_CURVE('',#2034,(#2038,#2045),.PCURVE_S1.);
#2034 = LINE('',#2035,#2036);
#2035 = CARTESIAN_POINT('',(58.446257121513,15.5,-13.5));
#2036 = VECTOR('',#2037,1.);
#2037 = DIRECTION('',(1.,0.,0.));
#2038 = PCURVE('',#884,#2039);
#2039 = DEFINITIONAL_REPRESENTATION('',(#2040),#2044);
#2040 = LINE('',#2041,#2042);
#2041 = CARTESIAN_POINT('',(0.,0.));
#2042 = VECTOR('',#2043,1.);
#2043 = DIRECTION('',(1.,0.));
#2044 = ( GEOMETRIC_REPRESENTATION_CONTEXT(2) 
PARAMETRIC_REPRESENTATION_CONTEXT() REPRESENTATION_CONTEXT('2D SPACE',''
  ) );
#2045 = PCURVE('',#1511,#2046);
#2046 = DEFINITIONAL_REPRESENTATION('',(#2047),#2051);
#2047 = LINE('',#2048,#2049);
#2048 = CARTESIAN_POINT('',(0.,0.));
#2049 = VECTOR('',#2050,1.);
#2050 = DIRECTION('',(0.,1.));
#2051 = ( GEOMETRIC_REPRESENTATION_CONTEXT(2) 
PARAMETRIC_REPRESENTATION_CONTEXT() REPRESENTATION_CONTEXT('2D SPACE',''
  ) );
#2052 = ORIENTED_EDGE('',*,*,#2053,.T.);
#2053 = EDGE_CURVE('',#2031,#841,#2054,.T.);
#2054 = SURFACE_CURVE('',#2055,(#2059,#2066),.PCURVE_S1.);
#2055 = LINE('',#2056,#2057);
#2056 = CARTESIAN_POINT('',(115.,15.5,-13.5));
#2057 = VECTOR('',#2058,1.);
#2058 = DIRECTION('',(0.,1.,0.));
#2059 = PCURVE('',#884,#2060);
#2060 = DEFINITIONAL_REPRESENTATION('',(#2061),#2065);
#2061 = LINE('',#2062,#2063);
#2062 = CARTESIAN_POINT('',(56.553742878488,0.));
#2063 = VECTOR('',#2064,1.);
#2064 = DIRECTION('',(0.,1.));
#2065 = ( GEOMETRIC_REPRESENTATION_CONTEXT(2) 
PARAMETRIC_REPRESENTATION_CONTEXT() REPRESENTATION_CONTEXT('2D SPACE',''
  ) );
#2066 = PCURVE('',#856,#2067);
#2067 = DEFINITIONAL_REPRESENTATION('',(#2068),#2072);
#2068 = LINE('',#2069,#2070);
#2069 = CARTESIAN_POINT('',(0.,0.));
#2070 = VECTOR('',#2071,1.);
#2071 = DIRECTION('',(0.,-1.));
#2072 = ( GEOMETRIC_REPRESENTATION_CONTEXT(2) 
PARAMETRIC_REPRESENTATION_CONTEXT() REPRESENTATION_CONTEXT('2D SPACE',''
  ) );
#2073 = ADVANCED_FACE('',(#2074),#697,.T.);
#2074 = FACE_BOUND('',#2075,.T.);
#2075 = EDGE_LOOP('',(#2076,#2077,#2098,#2099));
#2076 = ORIENTED_EDGE('',*,*,#1957,.F.);
#2077 = ORIENTED_EDGE('',*,*,#2078,.T.);
#2078 = EDGE_CURVE('',#1958,#1727,#2079,.T.);
#2079 = SURFACE_CURVE('',#2080,(#2084,#2091),.PCURVE_S1.);
#2080 = LINE('',#2081,#2082);
#2081 = CARTESIAN_POINT('',(61.893432808283,19.854545454545,1.45));
#2082 = VECTOR('',#2083,1.);
#2083 = DIRECTION('',(0.952206658589,0.305454545455,0.));
#2084 = PCURVE('',#697,#2085);
#2085 = DEFINITIONAL_REPRESENTATION('',(#2086),#2090);
#2086 = LINE('',#2087,#2088);
#2087 = CARTESIAN_POINT('',(0.,0.));
#2088 = VECTOR('',#2089,1.);
#2089 = DIRECTION('',(1.,0.));
#2090 = ( GEOMETRIC_REPRESENTATION_CONTEXT(2) 
PARAMETRIC_REPRESENTATION_CONTEXT() REPRESENTATION_CONTEXT('2D SPACE',''
  ) );
#2091 = PCURVE('',#1744,#2092);
#2092 = DEFINITIONAL_REPRESENTATION('',(#2093),#2097);
#2093 = LINE('',#2094,#2095);
#2094 = CARTESIAN_POINT('',(0.28436839595,-1.421841979752));
#2095 = VECTOR('',#2096,1.);
#2096 = DIRECTION('',(0.980580675691,0.196116135138));
#2097 = ( GEOMETRIC_REPRESENTATION_CONTEXT(2) 
PARAMETRIC_REPRESENTATION_CONTEXT() REPRESENTATION_CONTEXT('2D SPACE',''
  ) );
#2098 = ORIENTED_EDGE('',*,*,#1755,.T.);
#2099 = ORIENTED_EDGE('',*,*,#671,.T.);
#2100 = ADVANCED_FACE('',(#2101),#856,.T.);
#2101 = FACE_BOUND('',#2102,.T.);
#2102 = EDGE_LOOP('',(#2103,#2126,#2127,#2128));
#2103 = ORIENTED_EDGE('',*,*,#2104,.F.);
#2104 = EDGE_CURVE('',#2031,#2105,#2107,.T.);
#2105 = VERTEX_POINT('',#2106);
#2106 = CARTESIAN_POINT('',(115.,15.5,-11.5));
#2107 = SURFACE_CURVE('',#2108,(#2112,#2119),.PCURVE_S1.);
#2108 = LINE('',#2109,#2110);
#2109 = CARTESIAN_POINT('',(115.,15.5,-13.5));
#2110 = VECTOR('',#2111,1.);
#2111 = DIRECTION('',(0.,0.,1.));
#2112 = PCURVE('',#856,#2113);
#2113 = DEFINITIONAL_REPRESENTATION('',(#2114),#2118);
#2114 = LINE('',#2115,#2116);
#2115 = CARTESIAN_POINT('',(0.,0.));
#2116 = VECTOR('',#2117,1.);
#2117 = DIRECTION('',(1.,0.));
#2118 = ( GEOMETRIC_REPRESENTATION_CONTEXT(2) 
PARAMETRIC_REPRESENTATION_CONTEXT() REPRESENTATION_CONTEXT('2D SPACE',''
  ) );
#2119 = PCURVE('',#1511,#2120);
#2120 = DEFINITIONAL_REPRESENTATION('',(#2121),#2125);
#2121 = LINE('',#2122,#2123);
#2122 = CARTESIAN_POINT('',(0.,56.553742878487));
#2123 = VECTOR('',#2124,1.);
#2124 = DIRECTION('',(1.,0.));
#2125 = ( GEOMETRIC_REPRESENTATION_CONTEXT(2) 
PARAMETRIC_REPRESENTATION_CONTEXT() REPRESENTATION_CONTEXT('2D SPACE',''
  ) );
#2126 = ORIENTED_EDGE('',*,*,#2053,.T.);
#2127 = ORIENTED_EDGE('',*,*,#840,.T.);
#2128 = ORIENTED_EDGE('',*,*,#2129,.F.);
#2129 = EDGE_CURVE('',#2105,#813,#2130,.T.);
#2130 = SURFACE_CURVE('',#2131,(#2135,#2142),.PCURVE_S1.);
#2131 = LINE('',#2132,#2133);
#2132 = CARTESIAN_POINT('',(115.,15.5,-11.5));
#2133 = VECTOR('',#2134,1.);
#2134 = DIRECTION('',(0.,1.,0.));
#2135 = PCURVE('',#856,#2136);
#2136 = DEFINITIONAL_REPRESENTATION('',(#2137),#2141);
#2137 = LINE('',#2138,#2139);
#2138 = CARTESIAN_POINT('',(2.,0.));
#2139 = VECTOR('',#2140,1.);
#2140 = DIRECTION('',(0.,-1.));
#2141 = ( GEOMETRIC_REPRESENTATION_CONTEXT(2) 
PARAMETRIC_REPRESENTATION_CONTEXT() REPRESENTATION_CONTEXT('2D SPACE',''
  ) );
#2142 = PCURVE('',#828,#2143);
#2143 = DEFINITIONAL_REPRESENTATION('',(#2144),#2148);
#2144 = LINE('',#2145,#2146);
#2145 = CARTESIAN_POINT('',(56.553742878488,0.));
#2146 = VECTOR('',#2147,1.);
#2147 = DIRECTION('',(0.,1.));
#2148 = ( GEOMETRIC_REPRESENTATION_CONTEXT(2) 
PARAMETRIC_REPRESENTATION_CONTEXT() REPRESENTATION_CONTEXT('2D SPACE',''
  ) );
#2149 = ADVANCED_FACE('',(#2150),#828,.T.);
#2150 = FACE_BOUND('',#2151,.T.);
#2151 = EDGE_LOOP('',(#2152,#2153,#2154,#2175));
#2152 = ORIENTED_EDGE('',*,*,#812,.F.);
#2153 = ORIENTED_EDGE('',*,*,#1473,.F.);
#2154 = ORIENTED_EDGE('',*,*,#2155,.T.);
#2155 = EDGE_CURVE('',#1474,#2105,#2156,.T.);
#2156 = SURFACE_CURVE('',#2157,(#2161,#2168),.PCURVE_S1.);
#2157 = LINE('',#2158,#2159);
#2158 = CARTESIAN_POINT('',(58.446257121513,15.5,-11.5));
#2159 = VECTOR('',#2160,1.);
#2160 = DIRECTION('',(1.,0.,0.));
#2161 = PCURVE('',#828,#2162);
#2162 = DEFINITIONAL_REPRESENTATION('',(#2163),#2167);
#2163 = LINE('',#2164,#2165);
#2164 = CARTESIAN_POINT('',(0.,0.));
#2165 = VECTOR('',#2166,1.);
#2166 = DIRECTION('',(1.,0.));
#2167 = ( GEOMETRIC_REPRESENTATION_CONTEXT(2) 
PARAMETRIC_REPRESENTATION_CONTEXT() REPRESENTATION_CONTEXT('2D SPACE',''
  ) );
#2168 = PCURVE('',#1511,#2169);
#2169 = DEFINITIONAL_REPRESENTATION('',(#2170),#2174);
#2170 = LINE('',#2171,#2172);
#2171 = CARTESIAN_POINT('',(2.,0.));
#2172 = VECTOR('',#2173,1.);
#2173 = DIRECTION('',(0.,1.));
#2174 = ( GEOMETRIC_REPRESENTATION_CONTEXT(2) 
PARAMETRIC_REPRESENTATION_CONTEXT() REPRESENTATION_CONTEXT('2D SPACE',''
  ) );
#2175 = ORIENTED_EDGE('',*,*,#2129,.T.);
#2176 = ADVANCED_FACE('',(#2177),#753,.T.);
#2177 = FACE_BOUND('',#2178,.T.);
#2178 = EDGE_LOOP('',(#2179,#2180,#2181));
#2179 = ORIENTED_EDGE('',*,*,#737,.F.);
#2180 = ORIENTED_EDGE('',*,*,#1802,.T.);
#2181 = ORIENTED_EDGE('',*,*,#1281,.F.);
#2182 = ADVANCED_FACE('',(#2183),#1036,.T.);
#2183 = FACE_BOUND('',#2184,.T.);
#2184 = EDGE_LOOP('',(#2185,#2206,#2207,#2208));
#2185 = ORIENTED_EDGE('',*,*,#2186,.T.);
#2186 = EDGE_CURVE('',#1174,#1074,#2187,.T.);
#2187 = SURFACE_CURVE('',#2188,(#2192,#2199),.PCURVE_S1.);
#2188 = LINE('',#2189,#2190);
#2189 = CARTESIAN_POINT('',(69.3,13.3,-12.5));
#2190 = VECTOR('',#2191,1.);
#2191 = DIRECTION('',(1.,0.,0.));
#2192 = PCURVE('',#1036,#2193);
#2193 = DEFINITIONAL_REPRESENTATION('',(#2194),#2198);
#2194 = LINE('',#2195,#2196);
#2195 = CARTESIAN_POINT('',(0.,0.));
#2196 = VECTOR('',#2197,1.);
#2197 = DIRECTION('',(0.,-1.));
#2198 = ( GEOMETRIC_REPRESENTATION_CONTEXT(2) 
PARAMETRIC_REPRESENTATION_CONTEXT() REPRESENTATION_CONTEXT('2D SPACE',''
  ) );
#2199 = PCURVE('',#1220,#2200);
#2200 = DEFINITIONAL_REPRESENTATION('',(#2201),#2205);
#2201 = LINE('',#2202,#2203);
#2202 = CARTESIAN_POINT('',(1.414213562373,0.));
#2203 = VECTOR('',#2204,1.);
#2204 = DIRECTION('',(0.,-1.));
#2205 = ( GEOMETRIC_REPRESENTATION_CONTEXT(2) 
PARAMETRIC_REPRESENTATION_CONTEXT() REPRESENTATION_CONTEXT('2D SPACE',''
  ) );
#2206 = ORIENTED_EDGE('',*,*,#1124,.T.);
#2207 = ORIENTED_EDGE('',*,*,#1020,.F.);
#2208 = ORIENTED_EDGE('',*,*,#1173,.T.);
#2209 = ADVANCED_FACE('',(#2210),#1220,.T.);
#2210 = FACE_BOUND('',#2211,.T.);
#2211 = EDGE_LOOP('',(#2212,#2213,#2214,#2215));
#2212 = ORIENTED_EDGE('',*,*,#1200,.T.);
#2213 = ORIENTED_EDGE('',*,*,#1702,.T.);
#2214 = ORIENTED_EDGE('',*,*,#1342,.T.);
#2215 = ORIENTED_EDGE('',*,*,#2186,.F.);
#2216 = ADVANCED_FACE('',(#2217),#1111,.F.);
#2217 = FACE_BOUND('',#2218,.F.);
#2218 = EDGE_LOOP('',(#2219));
#2219 = ORIENTED_EDGE('',*,*,#1096,.T.);
#2220 = ADVANCED_FACE('',(#2221),#1511,.F.);
#2221 = FACE_BOUND('',#2222,.F.);
#2222 = EDGE_LOOP('',(#2223,#2224,#2225,#2226));
#2223 = ORIENTED_EDGE('',*,*,#2030,.F.);
#2224 = ORIENTED_EDGE('',*,*,#1496,.T.);
#2225 = ORIENTED_EDGE('',*,*,#2155,.T.);
#2226 = ORIENTED_EDGE('',*,*,#2104,.F.);
#2227 = ADVANCED_FACE('',(#2228),#1434,.T.);
#2228 = FACE_BOUND('',#2229,.T.);
#2229 = EDGE_LOOP('',(#2230,#2231,#2232,#2233,#2234));
#2230 = ORIENTED_EDGE('',*,*,#1577,.F.);
#2231 = ORIENTED_EDGE('',*,*,#1530,.T.);
#2232 = ORIENTED_EDGE('',*,*,#1418,.F.);
#2233 = ORIENTED_EDGE('',*,*,#1672,.T.);
#2234 = ORIENTED_EDGE('',*,*,#1624,.F.);
#2235 = ADVANCED_FACE('',(#2236),#1744,.F.);
#2236 = FACE_BOUND('',#2237,.F.);
#2237 = EDGE_LOOP('',(#2238,#2239,#2240,#2241));
#2238 = ORIENTED_EDGE('',*,*,#1929,.F.);
#2239 = ORIENTED_EDGE('',*,*,#2005,.F.);
#2240 = ORIENTED_EDGE('',*,*,#2078,.T.);
#2241 = ORIENTED_EDGE('',*,*,#1726,.T.);
#2242 = ( GEOMETRIC_REPRESENTATION_CONTEXT(3) 
GLOBAL_UNCERTAINTY_ASSIGNED_CONTEXT((#2246)) 
GLOBAL_UNIT_ASSIGNED_CONTEXT((#2243,#2244,#2245)) REPRESENTATION_CONTEXT
('Context #1','3D Context with UNIT and UNCERTAINTY') );
#2243 = ( LENGTH_UNIT() NAMED_UNIT(*) SI_UNIT(.MILLI.,.METRE.) );
#2244 = ( NAMED_UNIT(*) PLANE_ANGLE_UNIT() SI_UNIT($,.RADIAN.) );
#2245 = ( NAMED_UNIT(*) SI_UNIT($,.STERADIAN.) SOLID_ANGLE_UNIT() );
#2246 = UNCERTAINTY_MEASURE_WITH_UNIT(LENGTH_MEASURE(1.E-06),#2243,
  'distance_accuracy_value','confusion accuracy');
#2247 = PRODUCT_RELATED_PRODUCT_CATEGORY('part',$,(#7));
ENDSEC;
END-ISO-10303-21;
