ISO-10303-21;
HEADER;
FILE_DESCRIPTION(('Open CASCADE Model'),'2;1');
FILE_NAME('Open CASCADE Shape Model','2026-05-12T09:37:30',('Author'),(
    'Open CASCADE'),'Open CASCADE STEP processor 7.8','Open CASCADE 7.8'
  ,'Unknown');
FILE_SCHEMA(('AUTOMOTIVE_DESIGN { 1 0 10303 214 1 1 1 1 }'));
ENDSEC;
DATA;
#1 = APPLICATION_PROTOCOL_DEFINITION('international standard',
  'automotive_design',2000,#2);
#2 = APPLICATION_CONTEXT(
  'core data for automotive mechanical design processes');
#3 = SHAPE_DEFINITION_REPRESENTATION(#4,#10);
#4 = PRODUCT_DEFINITION_SHAPE('','',#5);
#5 = PRODUCT_DEFINITION('design','',#6,#9);
#6 = PRODUCT_DEFINITION_FORMATION('','',#7);
#7 = PRODUCT('Open CASCADE STEP translator 7.8 7',
  'Open CASCADE STEP translator 7.8 7','',(#8));
#8 = PRODUCT_CONTEXT('',#2,'mechanical');
#9 = PRODUCT_DEFINITION_CONTEXT('part definition',#2,'design');
#10 = ADVANCED_BREP_SHAPE_REPRESENTATION('',(#11,#15),#1791);
#11 = AXIS2_PLACEMENT_3D('',#12,#13,#14);
#12 = CARTESIAN_POINT('',(0.,0.,0.));
#13 = DIRECTION('',(0.,0.,1.));
#14 = DIRECTION('',(1.,0.,-0.));
#15 = MANIFOLD_SOLID_BREP('',#16);
#16 = CLOSED_SHELL('',(#17,#1299,#1442,#1580,#1636,#1692,#1719,#1724,
    #1751,#1778,#1783,#1787));
#17 = ADVANCED_FACE('',(#18,#153,#666),#33,.T.);
#18 = FACE_BOUND('',#19,.T.);
#19 = EDGE_LOOP('',(#20,#56,#79,#108,#130,#131));
#20 = ORIENTED_EDGE('',*,*,#21,.F.);
#21 = EDGE_CURVE('',#22,#24,#26,.T.);
#22 = VERTEX_POINT('',#23);
#23 = CARTESIAN_POINT('',(70.,14.5,-7.855));
#24 = VERTEX_POINT('',#25);
#25 = CARTESIAN_POINT('',(68.04750896778,14.5,-8.962351179035));
#26 = SURFACE_CURVE('',#27,(#32,#44),.PCURVE_S1.);
#27 = CIRCLE('',#28,2.275);
#28 = AXIS2_PLACEMENT_3D('',#29,#30,#31);
#29 = CARTESIAN_POINT('',(70.,14.5,-10.13));
#30 = DIRECTION('',(0.,1.,0.));
#31 = DIRECTION('',(0.,-0.,1.));
#32 = PCURVE('',#33,#38);
#33 = CYLINDRICAL_SURFACE('',#34,2.275);
#34 = AXIS2_PLACEMENT_3D('',#35,#36,#37);
#35 = CARTESIAN_POINT('',(70.,12.,-10.13));
#36 = DIRECTION('',(0.,1.,0.));
#37 = DIRECTION('',(0.,-0.,1.));
#38 = DEFINITIONAL_REPRESENTATION('',(#39),#43);
#39 = LINE('',#40,#41);
#40 = CARTESIAN_POINT('',(0.,2.5));
#41 = VECTOR('',#42,1.);
#42 = DIRECTION('',(1.,0.));
#43 = ( GEOMETRIC_REPRESENTATION_CONTEXT(2) 
PARAMETRIC_REPRESENTATION_CONTEXT() REPRESENTATION_CONTEXT('2D SPACE',''
  ) );
#44 = PCURVE('',#45,#50);
#45 = PLANE('',#46);
#46 = AXIS2_PLACEMENT_3D('',#47,#48,#49);
#47 = CARTESIAN_POINT('',(70.,14.5,-10.13));
#48 = DIRECTION('',(0.,1.,0.));
#49 = DIRECTION('',(0.,-0.,1.));
#50 = DEFINITIONAL_REPRESENTATION('',(#51),#55);
#51 = CIRCLE('',#52,2.275);
#52 = AXIS2_PLACEMENT_2D('',#53,#54);
#53 = CARTESIAN_POINT('',(0.,0.));
#54 = DIRECTION('',(1.,0.));
#55 = ( GEOMETRIC_REPRESENTATION_CONTEXT(2) 
PARAMETRIC_REPRESENTATION_CONTEXT() REPRESENTATION_CONTEXT('2D SPACE',''
  ) );
#56 = ORIENTED_EDGE('',*,*,#57,.F.);
#57 = EDGE_CURVE('',#58,#22,#60,.T.);
#58 = VERTEX_POINT('',#59);
#59 = CARTESIAN_POINT('',(70.,12.,-7.855));
#60 = SEAM_CURVE('',#61,(#65,#72),.PCURVE_S1.);
#61 = LINE('',#62,#63);
#62 = CARTESIAN_POINT('',(70.,12.,-7.855));
#63 = VECTOR('',#64,1.);
#64 = DIRECTION('',(0.,1.,0.));
#65 = PCURVE('',#33,#66);
#66 = DEFINITIONAL_REPRESENTATION('',(#67),#71);
#67 = LINE('',#68,#69);
#68 = CARTESIAN_POINT('',(0.,-0.));
#69 = VECTOR('',#70,1.);
#70 = DIRECTION('',(0.,1.));
#71 = ( GEOMETRIC_REPRESENTATION_CONTEXT(2) 
PARAMETRIC_REPRESENTATION_CONTEXT() REPRESENTATION_CONTEXT('2D SPACE',''
  ) );
#72 = PCURVE('',#33,#73);
#73 = DEFINITIONAL_REPRESENTATION('',(#74),#78);
#74 = LINE('',#75,#76);
#75 = CARTESIAN_POINT('',(6.28318530718,-0.));
#76 = VECTOR('',#77,1.);
#77 = DIRECTION('',(0.,1.));
#78 = ( GEOMETRIC_REPRESENTATION_CONTEXT(2) 
PARAMETRIC_REPRESENTATION_CONTEXT() REPRESENTATION_CONTEXT('2D SPACE',''
  ) );
#79 = ORIENTED_EDGE('',*,*,#80,.T.);
#80 = EDGE_CURVE('',#58,#81,#83,.T.);
#81 = VERTEX_POINT('',#82);
#82 = CARTESIAN_POINT('',(70.224225894752,12.,-12.39392308794));
#83 = SURFACE_CURVE('',#84,(#89,#96),.PCURVE_S1.);
#84 = CIRCLE('',#85,2.275);
#85 = AXIS2_PLACEMENT_3D('',#86,#87,#88);
#86 = CARTESIAN_POINT('',(70.,12.,-10.13));
#87 = DIRECTION('',(0.,1.,0.));
#88 = DIRECTION('',(0.,-0.,1.));
#89 = PCURVE('',#33,#90);
#90 = DEFINITIONAL_REPRESENTATION('',(#91),#95);
#91 = LINE('',#92,#93);
#92 = CARTESIAN_POINT('',(0.,0.));
#93 = VECTOR('',#94,1.);
#94 = DIRECTION('',(1.,0.));
#95 = ( GEOMETRIC_REPRESENTATION_CONTEXT(2) 
PARAMETRIC_REPRESENTATION_CONTEXT() REPRESENTATION_CONTEXT('2D SPACE',''
  ) );
#96 = PCURVE('',#97,#102);
#97 = PLANE('',#98);
#98 = AXIS2_PLACEMENT_3D('',#99,#100,#101);
#99 = CARTESIAN_POINT('',(70.,12.,-10.13));
#100 = DIRECTION('',(0.,1.,0.));
#101 = DIRECTION('',(0.,-0.,1.));
#102 = DEFINITIONAL_REPRESENTATION('',(#103),#107);
#103 = CIRCLE('',#104,2.275);
#104 = AXIS2_PLACEMENT_2D('',#105,#106);
#105 = CARTESIAN_POINT('',(0.,0.));
#106 = DIRECTION('',(1.,0.));
#107 = ( GEOMETRIC_REPRESENTATION_CONTEXT(2) 
PARAMETRIC_REPRESENTATION_CONTEXT() REPRESENTATION_CONTEXT('2D SPACE',''
  ) );
#108 = ORIENTED_EDGE('',*,*,#109,.T.);
#109 = EDGE_CURVE('',#81,#58,#110,.T.);
#110 = SURFACE_CURVE('',#111,(#116,#123),.PCURVE_S1.);
#111 = CIRCLE('',#112,2.275);
#112 = AXIS2_PLACEMENT_3D('',#113,#114,#115);
#113 = CARTESIAN_POINT('',(70.,12.,-10.13));
#114 = DIRECTION('',(0.,1.,0.));
#115 = DIRECTION('',(0.,-0.,1.));
#116 = PCURVE('',#33,#117);
#117 = DEFINITIONAL_REPRESENTATION('',(#118),#122);
#118 = LINE('',#119,#120);
#119 = CARTESIAN_POINT('',(0.,0.));
#120 = VECTOR('',#121,1.);
#121 = DIRECTION('',(1.,0.));
#122 = ( GEOMETRIC_REPRESENTATION_CONTEXT(2) 
PARAMETRIC_REPRESENTATION_CONTEXT() REPRESENTATION_CONTEXT('2D SPACE',''
  ) );
#123 = PCURVE('',#97,#124);
#124 = DEFINITIONAL_REPRESENTATION('',(#125),#129);
#125 = CIRCLE('',#126,2.275);
#126 = AXIS2_PLACEMENT_2D('',#127,#128);
#127 = CARTESIAN_POINT('',(0.,0.));
#128 = DIRECTION('',(1.,0.));
#129 = ( GEOMETRIC_REPRESENTATION_CONTEXT(2) 
PARAMETRIC_REPRESENTATION_CONTEXT() REPRESENTATION_CONTEXT('2D SPACE',''
  ) );
#130 = ORIENTED_EDGE('',*,*,#57,.T.);
#131 = ORIENTED_EDGE('',*,*,#132,.F.);
#132 = EDGE_CURVE('',#24,#22,#133,.T.);
#133 = SURFACE_CURVE('',#134,(#139,#146),.PCURVE_S1.);
#134 = CIRCLE('',#135,2.275);
#135 = AXIS2_PLACEMENT_3D('',#136,#137,#138);
#136 = CARTESIAN_POINT('',(70.,14.5,-10.13));
#137 = DIRECTION('',(0.,1.,0.));
#138 = DIRECTION('',(0.,-0.,1.));
#139 = PCURVE('',#33,#140);
#140 = DEFINITIONAL_REPRESENTATION('',(#141),#145);
#141 = LINE('',#142,#143);
#142 = CARTESIAN_POINT('',(0.,2.5));
#143 = VECTOR('',#144,1.);
#144 = DIRECTION('',(1.,0.));
#145 = ( GEOMETRIC_REPRESENTATION_CONTEXT(2) 
PARAMETRIC_REPRESENTATION_CONTEXT() REPRESENTATION_CONTEXT('2D SPACE',''
  ) );
#146 = PCURVE('',#45,#147);
#147 = DEFINITIONAL_REPRESENTATION('',(#148),#152);
#148 = CIRCLE('',#149,2.275);
#149 = AXIS2_PLACEMENT_2D('',#150,#151);
#150 = CARTESIAN_POINT('',(0.,0.));
#151 = DIRECTION('',(1.,0.));
#152 = ( GEOMETRIC_REPRESENTATION_CONTEXT(2) 
PARAMETRIC_REPRESENTATION_CONTEXT() REPRESENTATION_CONTEXT('2D SPACE',''
  ) );
#153 = FACE_BOUND('',#154,.T.);
#154 = EDGE_LOOP('',(#155,#414));
#155 = ORIENTED_EDGE('',*,*,#156,.F.);
#156 = EDGE_CURVE('',#81,#157,#159,.T.);
#157 = VERTEX_POINT('',#158);
#158 = CARTESIAN_POINT('',(70.749260527286,12.25,-12.27807673565));
#159 = SURFACE_CURVE('',#160,(#241,#325),.PCURVE_S1.);
#160 = B_SPLINE_CURVE_WITH_KNOTS('',7,(#161,#162,#163,#164,#165,#166,
    #167,#168,#169,#170,#171,#172,#173,#174,#175,#176,#177,#178,#179,
    #180,#181,#182,#183,#184,#185,#186,#187,#188,#189,#190,#191,#192,
    #193,#194,#195,#196,#197,#198,#199,#200,#201,#202,#203,#204,#205,
    #206,#207,#208,#209,#210,#211,#212,#213,#214,#215,#216,#217,#218,
    #219,#220,#221,#222,#223,#224,#225,#226,#227,#228,#229,#230,#231,
    #232,#233,#234,#235,#236,#237,#238,#239,#240),.UNSPECIFIED.,.T.,.F.,
  (8,6,6,6,6,6,6,6,6,6,6,6,6,8),(0.,0.122342654364,0.174560025272,
    0.280348233048,0.327673607392,0.361547888823,0.49883804349,
    0.592115197653,0.636704935491,0.670033803352,0.717395655653,
    0.824033130138,0.954343975474,1.),.UNSPECIFIED.);
#161 = CARTESIAN_POINT('',(70.749260527286,12.25,-12.27807673565));
#162 = CARTESIAN_POINT('',(70.749260527286,12.219868200052,
    -12.27807673565));
#163 = CARTESIAN_POINT('',(70.738057887616,12.190811837682,
    -12.28198437134));
#164 = CARTESIAN_POINT('',(70.717089356153,12.163070111609,
    -12.28929778146));
#165 = CARTESIAN_POINT('',(70.687898792286,12.136891439439,
    -12.29906828207));
#166 = CARTESIAN_POINT('',(70.652288053535,12.112768751669,
    -12.31012852252));
#167 = CARTESIAN_POINT('',(70.612480270536,12.091317149731,
    -12.3214182683));
#168 = CARTESIAN_POINT('',(70.553542078134,12.065084583324,
    -12.33670521752));
#169 = CARTESIAN_POINT('',(70.535381200748,12.057681663158,
    -12.34123990505));
#170 = CARTESIAN_POINT('',(70.516777443836,12.05073514944,
    -12.34569617117));
#171 = CARTESIAN_POINT('',(70.497805922779,12.044255533922,
    -12.35004178523));
#172 = CARTESIAN_POINT('',(70.478530443559,12.038252403809,
    -12.35425136839));
#173 = CARTESIAN_POINT('',(70.45900447886,12.032735239574,
    -12.35830526007));
#174 = CARTESIAN_POINT('',(70.399296015811,12.017542014922,
    -12.37005528295));
#175 = CARTESIAN_POINT('',(70.358465850057,12.009404350957,
    -12.37722263901));
#176 = CARTESIAN_POINT('',(70.317260712427,12.003416481328,
    -12.38354234202));
#177 = CARTESIAN_POINT('',(70.276107176673,11.99969497278,
    -12.38893677512));
#178 = CARTESIAN_POINT('',(70.235402413249,11.998345143967,
    -12.39338519031));
#179 = CARTESIAN_POINT('',(70.195529069292,11.999452465565,
    -12.39691324757));
#180 = CARTESIAN_POINT('',(70.139563827181,12.004699794532,
    -12.40078127352));
#181 = CARTESIAN_POINT('',(70.122514650939,12.006824868266,
    -12.40180493686));
#182 = CARTESIAN_POINT('',(70.105754688863,12.009457268773,
    -12.40266259852));
#183 = CARTESIAN_POINT('',(70.089323155043,12.012598729136,
    -12.4033616997));
#184 = CARTESIAN_POINT('',(70.073258200172,12.016248582805,
    -12.40391123234));
#185 = CARTESIAN_POINT('',(70.057596911545,12.020403763593,
    -12.40432173916));
#186 = CARTESIAN_POINT('',(70.031480085751,12.028390764659,
    -12.40480828892));
#187 = CARTESIAN_POINT('',(70.020811042611,12.031978482554,
    -12.40494611045));
#188 = CARTESIAN_POINT('',(70.010382113467,12.035819662654,
    -12.40502317212));
#189 = CARTESIAN_POINT('',(70.000206918642,12.039911128311,
    -12.4050440881));
#190 = CARTESIAN_POINT('',(69.990298768951,12.044248822948,
    -12.40501369278));
#191 = CARTESIAN_POINT('',(69.980670665704,12.048827810049,
    -12.40493704082));
#192 = CARTESIAN_POINT('',(69.933499702425,12.07315496417,
    -12.40434264573));
#193 = CARTESIAN_POINT('',(69.900485712092,12.096528205971,
    -12.40319293139));
#194 = CARTESIAN_POINT('',(69.873126983454,12.123367668759,
    -12.40171384068));
#195 = CARTESIAN_POINT('',(69.852108416524,12.153045644964,
    -12.40028936961));
#196 = CARTESIAN_POINT('',(69.837927336216,12.18471323227,
    -12.39923013925));
#197 = CARTESIAN_POINT('',(69.8308477609,12.21737126588,-12.39870282761)
  );
#198 = CARTESIAN_POINT('',(69.8308477609,12.272168490305,-12.39870282761
    ));
#199 = CARTESIAN_POINT('',(69.834115662452,12.294342556501,
    -12.39894644834));
#200 = CARTESIAN_POINT('',(69.84065437964,12.316207964546,
    -12.39943407521));
#201 = CARTESIAN_POINT('',(69.850410331595,12.337453396944,
    -12.40013150675));
#202 = CARTESIAN_POINT('',(69.863278543898,12.357788545371,
    -12.40097157856));
#203 = CARTESIAN_POINT('',(69.879107968244,12.376957421993,
    -12.40186195491));
#204 = CARTESIAN_POINT('',(69.906598016948,12.403250876293,
    -12.40309926741));
#205 = CARTESIAN_POINT('',(69.916120931216,12.41143869626,
    -12.40348722673));
#206 = CARTESIAN_POINT('',(69.926254318793,12.419286906603,
    -12.40385162908));
#207 = CARTESIAN_POINT('',(69.936974560903,12.426774438404,
    -12.4041805279));
#208 = CARTESIAN_POINT('',(69.948256033083,12.43388270428,
    -12.40446169439));
#209 = CARTESIAN_POINT('',(69.96007127388,12.440595706074,
    -12.40468294463));
#210 = CARTESIAN_POINT('',(69.981599721741,12.45161243153,
    -12.40494422788));
#211 = CARTESIAN_POINT('',(69.99109044571,12.456096533373,
    -12.40501594824));
#212 = CARTESIAN_POINT('',(70.000851212421,12.460346964961,
    -12.40504261908));
#213 = CARTESIAN_POINT('',(70.010869629826,12.464359068519,
    -12.4050194399));
#214 = CARTESIAN_POINT('',(70.021133026863,12.468129011618,
    -12.40494181849));
#215 = CARTESIAN_POINT('',(70.031628453455,12.471653787172,
    -12.40480537087));
#216 = CARTESIAN_POINT('',(70.057568089352,12.479588586725,
    -12.40432249439));
#217 = CARTESIAN_POINT('',(70.073233550145,12.483745815135,
    -12.40391207833));
#218 = CARTESIAN_POINT('',(70.089302996969,12.487397416545,
    -12.40336256248));
#219 = CARTESIAN_POINT('',(70.10573929573,12.490540313843,
    -12.40266339132));
#220 = CARTESIAN_POINT('',(70.122504244161,12.493173834931,
    -12.40180556448));
#221 = CARTESIAN_POINT('',(70.139558571822,12.495299712723,
    -12.40078163675));
#222 = CARTESIAN_POINT('',(70.19582130093,12.500574934218,
    -12.39689305004));
#223 = CARTESIAN_POINT('',(70.236004211943,12.501671358746,
    -12.39333188203));
#224 = CARTESIAN_POINT('',(70.277027767322,12.500274009895,
    -12.38883599572));
#225 = CARTESIAN_POINT('',(70.318501010468,12.496470539263,
    -12.38337944781));
#226 = CARTESIAN_POINT('',(70.360018003801,12.490368855914,
    -12.37698408487));
#227 = CARTESIAN_POINT('',(70.401142194721,12.482088225155,
    -12.3697304576));
#228 = CARTESIAN_POINT('',(70.490555158741,12.459108279827,
    -12.35204707531));
#229 = CARTESIAN_POINT('',(70.538252676503,12.443431671808,
    -12.34130037535));
#230 = CARTESIAN_POINT('',(70.584060861704,12.424846582649,
    -12.32973176518));
#231 = CARTESIAN_POINT('',(70.626960684538,12.40339875802,
    -12.31772151454));
#232 = CARTESIAN_POINT('',(70.665318662084,12.379313936998,
    -12.30598920675));
#233 = CARTESIAN_POINT('',(70.697113278592,12.352836589578,
    -12.29569591347));
#234 = CARTESIAN_POINT('',(70.727981747878,12.314088466748,
    -12.28539761053));
#235 = CARTESIAN_POINT('',(70.734890311358,12.303767231538,
    -12.28305408047));
#236 = CARTESIAN_POINT('',(70.740559355338,12.293235730395,
    -12.28110486061));
#237 = CARTESIAN_POINT('',(70.744885527517,12.282546209739,
    -12.27960291441));
#238 = CARTESIAN_POINT('',(70.747798865132,12.271746951564,
    -12.2785863953));
#239 = CARTESIAN_POINT('',(70.749260527286,12.260883518689,
    -12.27807673565));
#240 = CARTESIAN_POINT('',(70.749260527286,12.25,-12.27807673565));
#241 = PCURVE('',#33,#242);
#242 = DEFINITIONAL_REPRESENTATION('',(#243),#324);
#243 = B_SPLINE_CURVE_WITH_KNOTS('',7,(#244,#245,#246,#247,#248,#249,
    #250,#251,#252,#253,#254,#255,#256,#257,#258,#259,#260,#261,#262,
    #263,#264,#265,#266,#267,#268,#269,#270,#271,#272,#273,#274,#275,
    #276,#277,#278,#279,#280,#281,#282,#283,#284,#285,#286,#287,#288,
    #289,#290,#291,#292,#293,#294,#295,#296,#297,#298,#299,#300,#301,
    #302,#303,#304,#305,#306,#307,#308,#309,#310,#311,#312,#313,#314,
    #315,#316,#317,#318,#319,#320,#321,#322,#323),.UNSPECIFIED.,.F.,.F.,
  (8,6,6,6,6,6,6,6,6,6,6,6,6,8),(0.,0.122342654364,0.174560025272,
    0.280348233048,0.327673607392,0.361547888823,0.49883804349,
    0.592115197653,0.636704935491,0.670033803352,0.717395655653,
    0.824033130138,0.954343975474,1.),.UNSPECIFIED.);
#244 = CARTESIAN_POINT('',(2.805982560645,0.25));
#245 = CARTESIAN_POINT('',(2.805982560645,0.219868200052));
#246 = CARTESIAN_POINT('',(2.811197712078,0.190811837682));
#247 = CARTESIAN_POINT('',(2.820959483492,0.163070111609));
#248 = CARTESIAN_POINT('',(2.834488248828,0.136891439439));
#249 = CARTESIAN_POINT('',(2.850870948904,0.112768751669));
#250 = CARTESIAN_POINT('',(2.869054406727,9.131714973081E-02));
#251 = CARTESIAN_POINT('',(2.895818553342,6.508458332433E-02));
#252 = CARTESIAN_POINT('',(2.904046107555,5.768166315811E-02));
#253 = CARTESIAN_POINT('',(2.91245428719,5.07351494404E-02));
#254 = CARTESIAN_POINT('',(2.921008615629,4.425553392151E-02));
#255 = CARTESIAN_POINT('',(2.929680317061,3.82524038088E-02));
#256 = CARTESIAN_POINT('',(2.938445712967,3.273523957433E-02));
#257 = CARTESIAN_POINT('',(2.965194558838,1.754201492159E-02));
#258 = CARTESIAN_POINT('',(2.983412466322,9.40435095714E-03));
#259 = CARTESIAN_POINT('',(3.001729519456,3.416481328392E-03));
#260 = CARTESIAN_POINT('',(3.019966035872,-3.050272202938E-04));
#261 = CARTESIAN_POINT('',(3.037958550667,-1.654856032637E-03));
#262 = CARTESIAN_POINT('',(3.055550512817,-5.475344345047E-04));
#263 = CARTESIAN_POINT('',(3.0802093048,4.699794531546E-03));
#264 = CARTESIAN_POINT('',(3.087716627628,6.82486826633E-03));
#265 = CARTESIAN_POINT('',(3.095092833785,9.457268773442E-03));
#266 = CARTESIAN_POINT('',(3.102321567745,1.259872913648E-02));
#267 = CARTESIAN_POINT('',(3.109386852912,1.62485828048E-02));
#268 = CARTESIAN_POINT('',(3.116273091617,2.040376359345E-02));
#269 = CARTESIAN_POINT('',(3.127755007023,2.8390764659E-02));
#270 = CARTESIAN_POINT('',(3.132445011012,3.197848255374E-02));
#271 = CARTESIAN_POINT('',(3.137029171111,3.581966265353E-02));
#272 = CARTESIAN_POINT('',(3.141501684253,3.991112831144E-02));
#273 = CARTESIAN_POINT('',(3.145856850274,4.424882294753E-02));
#274 = CARTESIAN_POINT('',(3.150089071914,4.882781004884E-02));
#275 = CARTESIAN_POINT('',(3.170825207333,7.315496417049E-02));
#276 = CARTESIAN_POINT('',(3.185341952357,9.652820597059E-02));
#277 = CARTESIAN_POINT('',(3.197382908172,0.123367668759));
#278 = CARTESIAN_POINT('',(3.206642420746,0.153045644964));
#279 = CARTESIAN_POINT('',(3.212893530033,0.18471323227));
#280 = CARTESIAN_POINT('',(3.216013964603,0.21737126588));
#281 = CARTESIAN_POINT('',(3.216013964603,0.272168490305));
#282 = CARTESIAN_POINT('',(3.214573543336,0.294342556501));
#283 = CARTESIAN_POINT('',(3.211691383596,0.316207964546));
#284 = CARTESIAN_POINT('',(3.207392150482,0.337453396944));
#285 = CARTESIAN_POINT('',(3.201723992734,0.357788545371));
#286 = CARTESIAN_POINT('',(3.194755449929,0.376957421993));
#287 = CARTESIAN_POINT('',(3.182659678498,0.403250876293));
#288 = CARTESIAN_POINT('',(3.17847034733,0.41143869626));
#289 = CARTESIAN_POINT('',(3.174013317072,0.419286906603));
#290 = CARTESIAN_POINT('',(3.169299032523,0.426774438404));
#291 = CARTESIAN_POINT('',(3.164338748267,0.43388270428));
#292 = CARTESIAN_POINT('',(3.159144438719,0.440595706074));
#293 = CARTESIAN_POINT('',(3.149680687794,0.45161243153));
#294 = CARTESIAN_POINT('',(3.14550886586,0.456096533373));
#295 = CARTESIAN_POINT('',(3.141218484399,0.460346964961));
#296 = CARTESIAN_POINT('',(3.136814877087,0.464359068519));
#297 = CARTESIAN_POINT('',(3.132303469251,0.468129011618));
#298 = CARTESIAN_POINT('',(3.127689777873,0.471653787172));
#299 = CARTESIAN_POINT('',(3.116285764697,0.479588586725));
#300 = CARTESIAN_POINT('',(3.109397694135,0.483745815135));
#301 = CARTESIAN_POINT('',(3.102330436351,0.487397416545));
#302 = CARTESIAN_POINT('',(3.095099608877,0.490540313843));
#303 = CARTESIAN_POINT('',(3.087721210319,0.493173834931));
#304 = CARTESIAN_POINT('',(3.080211620359,0.495299712723));
#305 = CARTESIAN_POINT('',(3.055421752913,0.500574934218));
#306 = CARTESIAN_POINT('',(3.037693037595,0.501671358746));
#307 = CARTESIAN_POINT('',(3.019559104884,0.500274009895));
#308 = CARTESIAN_POINT('',(3.001179885314,0.496470539263));
#309 = CARTESIAN_POINT('',(2.982722450786,0.490368855914));
#310 = CARTESIAN_POINT('',(2.964370761735,0.482088225155));
#311 = CARTESIAN_POINT('',(2.924307099935,0.459108279827));
#312 = CARTESIAN_POINT('',(2.902823069291,0.443431671808));
#313 = CARTESIAN_POINT('',(2.882066027062,0.424846582649));
#314 = CARTESIAN_POINT('',(2.86249494143,0.40339875802));
#315 = CARTESIAN_POINT('',(2.844866909889,0.379313936998));
#316 = CARTESIAN_POINT('',(2.830177684744,0.352836589578));
#317 = CARTESIAN_POINT('',(2.815873943357,0.314088466748));
#318 = CARTESIAN_POINT('',(2.812667288634,0.303767231538));
#319 = CARTESIAN_POINT('',(2.810032242626,0.293235730395));
#320 = CARTESIAN_POINT('',(2.808019291273,0.282546209739));
#321 = CARTESIAN_POINT('',(2.806662985183,0.271746951564));
#322 = CARTESIAN_POINT('',(2.805982560645,0.260883518689));
#323 = CARTESIAN_POINT('',(2.805982560645,0.25));
#324 = ( GEOMETRIC_REPRESENTATION_CONTEXT(2) 
PARAMETRIC_REPRESENTATION_CONTEXT() REPRESENTATION_CONTEXT('2D SPACE',''
  ) );
#325 = PCURVE('',#326,#331);
#326 = CYLINDRICAL_SURFACE('',#327,0.25);
#327 = AXIS2_PLACEMENT_3D('',#328,#329,#330);
#328 = CARTESIAN_POINT('',(71.28544946018,12.25,-11.49866529338));
#329 = DIRECTION('',(-0.764344583193,0.,-0.644808000993));
#330 = DIRECTION('',(0.644808000993,0.,-0.764344583193));
#331 = DEFINITIONAL_REPRESENTATION('',(#332),#413);
#332 = B_SPLINE_CURVE_WITH_KNOTS('',7,(#333,#334,#335,#336,#337,#338,
    #339,#340,#341,#342,#343,#344,#345,#346,#347,#348,#349,#350,#351,
    #352,#353,#354,#355,#356,#357,#358,#359,#360,#361,#362,#363,#364,
    #365,#366,#367,#368,#369,#370,#371,#372,#373,#374,#375,#376,#377,
    #378,#379,#380,#381,#382,#383,#384,#385,#386,#387,#388,#389,#390,
    #391,#392,#393,#394,#395,#396,#397,#398,#399,#400,#401,#402,#403,
    #404,#405,#406,#407,#408,#409,#410,#411,#412),.UNSPECIFIED.,.F.,.F.,
  (8,6,6,6,6,6,6,6,6,6,6,6,6,8),(0.,0.122342654364,0.174560025272,
    0.280348233048,0.327673607392,0.361547888823,0.49883804349,
    0.592115197653,0.636704935491,0.670033803352,0.717395655653,
    0.824033130138,0.954343975474,1.),.UNSPECIFIED.);
#333 = CARTESIAN_POINT('',(0.,0.912403840464));
#334 = CARTESIAN_POINT('',(0.12052719979,0.912403840464));
#335 = CARTESIAN_POINT('',(0.236752623041,0.923486192175));
#336 = CARTESIAN_POINT('',(0.350578682096,0.944229120974));
#337 = CARTESIAN_POINT('',(0.462959929176,0.972840867311));
#338 = CARTESIAN_POINT('',(0.574025764565,1.007191474112));
#339 = CARTESIAN_POINT('',(0.682873163225,1.044898055826));
#340 = CARTESIAN_POINT('',(0.831512550117,1.099804291099));
#341 = CARTESIAN_POINT('',(0.875773096061,1.116609462159));
#342 = CARTESIAN_POINT('',(0.919867585292,1.133702579033));
#343 = CARTESIAN_POINT('',(0.963836232454,1.151005445099));
#344 = CARTESIAN_POINT('',(1.007724001261,1.16845292613));
#345 = CARTESIAN_POINT('',(1.051582083898,1.185991473272));
#346 = CARTESIAN_POINT('',(1.184381525227,1.239205822339));
#347 = CARTESIAN_POINT('',(1.273429960375,1.275035706898));
#348 = CARTESIAN_POINT('',(1.362854044432,1.310605625708));
#349 = CARTESIAN_POINT('',(1.452841182865,1.345539481467));
#350 = CARTESIAN_POINT('',(1.543558050223,1.379520320605));
#351 = CARTESIAN_POINT('',(1.635173899611,1.412272214624));
#352 = CARTESIAN_POINT('',(1.769347119424,1.45754307836));
#353 = CARTESIAN_POINT('',(1.81101765399,1.471234590179));
#354 = CARTESIAN_POINT('',(1.852887202584,1.484598003509));
#355 = CARTESIAN_POINT('',(1.894955808928,1.49760814341));
#356 = CARTESIAN_POINT('',(1.937223921049,1.51024164769));
#357 = CARTESIAN_POINT('',(1.979692391284,1.5224769669));
#358 = CARTESIAN_POINT('',(2.052904621747,1.542752952403));
#359 = CARTESIAN_POINT('',(2.083547376803,1.550996646157));
#360 = CARTESIAN_POINT('',(2.114289186013,1.559017631639));
#361 = CARTESIAN_POINT('',(2.145128059272,1.566808473475));
#362 = CARTESIAN_POINT('',(2.176061571801,1.574362114877));
#363 = CARTESIAN_POINT('',(2.207086864143,1.581671877643));
#364 = CARTESIAN_POINT('',(2.364302664609,1.617343477202));
#365 = CARTESIAN_POINT('',(2.491811985694,1.641836196876));
#366 = CARTESIAN_POINT('',(2.62050822619,1.66179396339));
#367 = CARTESIAN_POINT('',(2.750144474319,1.676940880823));
#368 = CARTESIAN_POINT('',(2.880445416199,1.687097112532));
#369 = CARTESIAN_POINT('',(3.011077717111,1.692168332809));
#370 = CARTESIAN_POINT('',(3.230266614809,1.692168332809));
#371 = CARTESIAN_POINT('',(3.318962939246,1.689827618558));
#372 = CARTESIAN_POINT('',(3.407563198229,1.685144211198));
#373 = CARTESIAN_POINT('',(3.495964357343,1.67813701161));
#374 = CARTESIAN_POINT('',(3.584073485248,1.668842948261));
#375 = CARTESIAN_POINT('',(3.671804799325,1.657317935304));
#376 = CARTESIAN_POINT('',(3.800799187591,1.637103894485));
#377 = CARTESIAN_POINT('',(3.84241021799,1.63007526582));
#378 = CARTESIAN_POINT('',(3.883902270452,1.622564835469));
#379 = CARTESIAN_POINT('',(3.925265942183,1.61458295307));
#380 = CARTESIAN_POINT('',(3.966492213811,1.60614131932));
#381 = CARTESIAN_POINT('',(4.007572366675,1.597253067947));
#382 = CARTESIAN_POINT('',(4.079087936351,1.580966392967));
#383 = CARTESIAN_POINT('',(4.109592194808,1.573758455377));
#384 = CARTESIAN_POINT('',(4.140007516541,1.566315063779));
#385 = CARTESIAN_POINT('',(4.170331173842,1.558642594584));
#386 = CARTESIAN_POINT('',(4.200560870236,1.550747771747));
#387 = CARTESIAN_POINT('',(4.230694740487,1.542637666769));
#388 = CARTESIAN_POINT('',(4.303414753382,1.52249948396));
#389 = CARTESIAN_POINT('',(4.345896527341,1.510261034303));
#390 = CARTESIAN_POINT('',(4.388177890336,1.497624107454));
#391 = CARTESIAN_POINT('',(4.43025965331,1.484610280369));
#392 = CARTESIAN_POINT('',(4.472142220284,1.471242949235));
#393 = CARTESIAN_POINT('',(4.513825588357,1.457547329474));
#394 = CARTESIAN_POINT('',(4.648712014917,1.412035825426));
#395 = CARTESIAN_POINT('',(4.741009698743,1.37902596543));
#396 = CARTESIAN_POINT('',(4.832395243771,1.344770849625));
#397 = CARTESIAN_POINT('',(4.923042753972,1.309552575131));
#398 = CARTESIAN_POINT('',(5.013123544361,1.273695504971));
#399 = CARTESIAN_POINT('',(5.102830497173,1.237585255502));
#400 = CARTESIAN_POINT('',(5.301877855471,1.157840554404));
#401 = CARTESIAN_POINT('',(5.410811361237,1.114453656951));
#402 = CARTESIAN_POINT('',(5.520710568402,1.071980886331));
#403 = CARTESIAN_POINT('',(5.632232948873,1.031446333418));
#404 = CARTESIAN_POINT('',(5.745770156876,0.994562535129));
#405 = CARTESIAN_POINT('',(5.861903059311,0.963623294359));
#406 = CARTESIAN_POINT('',(6.024196862588,0.933388718937));
#407 = CARTESIAN_POINT('',(6.066783713988,0.926597068935));
#408 = CARTESIAN_POINT('',(6.109706081945,0.921007093314));
#409 = CARTESIAN_POINT('',(6.152865994065,0.916731940112));
#410 = CARTESIAN_POINT('',(6.196197077388,0.913849686635));
#411 = CARTESIAN_POINT('',(6.239651232422,0.912403840464));
#412 = CARTESIAN_POINT('',(6.28318530718,0.912403840464));
#413 = ( GEOMETRIC_REPRESENTATION_CONTEXT(2) 
PARAMETRIC_REPRESENTATION_CONTEXT() REPRESENTATION_CONTEXT('2D SPACE',''
  ) );
#414 = ORIENTED_EDGE('',*,*,#415,.F.);
#415 = EDGE_CURVE('',#157,#81,#416,.T.);
#416 = SURFACE_CURVE('',#417,(#498,#582),.PCURVE_S1.);
#417 = B_SPLINE_CURVE_WITH_KNOTS('',7,(#418,#419,#420,#421,#422,#423,
    #424,#425,#426,#427,#428,#429,#430,#431,#432,#433,#434,#435,#436,
    #437,#438,#439,#440,#441,#442,#443,#444,#445,#446,#447,#448,#449,
    #450,#451,#452,#453,#454,#455,#456,#457,#458,#459,#460,#461,#462,
    #463,#464,#465,#466,#467,#468,#469,#470,#471,#472,#473,#474,#475,
    #476,#477,#478,#479,#480,#481,#482,#483,#484,#485,#486,#487,#488,
    #489,#490,#491,#492,#493,#494,#495,#496,#497),.UNSPECIFIED.,.T.,.F.,
  (8,6,6,6,6,6,6,6,6,6,6,6,6,8),(0.,0.122342654364,0.174560025272,
    0.280348233048,0.327673607392,0.361547888823,0.49883804349,
    0.592115197653,0.636704935491,0.670033803352,0.717395655653,
    0.824033130138,0.954343975474,1.),.UNSPECIFIED.);
#418 = CARTESIAN_POINT('',(70.749260527286,12.25,-12.27807673565));
#419 = CARTESIAN_POINT('',(70.749260527286,12.219868200052,
    -12.27807673565));
#420 = CARTESIAN_POINT('',(70.738057887616,12.190811837682,
    -12.28198437134));
#421 = CARTESIAN_POINT('',(70.717089356153,12.163070111609,
    -12.28929778146));
#422 = CARTESIAN_POINT('',(70.687898792286,12.136891439439,
    -12.29906828207));
#423 = CARTESIAN_POINT('',(70.652288053535,12.112768751669,
    -12.31012852252));
#424 = CARTESIAN_POINT('',(70.612480270536,12.091317149731,
    -12.3214182683));
#425 = CARTESIAN_POINT('',(70.553542078134,12.065084583324,
    -12.33670521752));
#426 = CARTESIAN_POINT('',(70.535381200748,12.057681663158,
    -12.34123990505));
#427 = CARTESIAN_POINT('',(70.516777443836,12.05073514944,
    -12.34569617117));
#428 = CARTESIAN_POINT('',(70.497805922779,12.044255533922,
    -12.35004178523));
#429 = CARTESIAN_POINT('',(70.478530443559,12.038252403809,
    -12.35425136839));
#430 = CARTESIAN_POINT('',(70.45900447886,12.032735239574,
    -12.35830526007));
#431 = CARTESIAN_POINT('',(70.399296015811,12.017542014922,
    -12.37005528295));
#432 = CARTESIAN_POINT('',(70.358465850057,12.009404350957,
    -12.37722263901));
#433 = CARTESIAN_POINT('',(70.317260712427,12.003416481328,
    -12.38354234202));
#434 = CARTESIAN_POINT('',(70.276107176673,11.99969497278,
    -12.38893677512));
#435 = CARTESIAN_POINT('',(70.235402413249,11.998345143967,
    -12.39338519031));
#436 = CARTESIAN_POINT('',(70.195529069292,11.999452465565,
    -12.39691324757));
#437 = CARTESIAN_POINT('',(70.139563827181,12.004699794532,
    -12.40078127352));
#438 = CARTESIAN_POINT('',(70.122514650939,12.006824868266,
    -12.40180493686));
#439 = CARTESIAN_POINT('',(70.105754688863,12.009457268773,
    -12.40266259852));
#440 = CARTESIAN_POINT('',(70.089323155043,12.012598729136,
    -12.4033616997));
#441 = CARTESIAN_POINT('',(70.073258200172,12.016248582805,
    -12.40391123234));
#442 = CARTESIAN_POINT('',(70.057596911545,12.020403763593,
    -12.40432173916));
#443 = CARTESIAN_POINT('',(70.031480085751,12.028390764659,
    -12.40480828892));
#444 = CARTESIAN_POINT('',(70.020811042611,12.031978482554,
    -12.40494611045));
#445 = CARTESIAN_POINT('',(70.010382113467,12.035819662654,
    -12.40502317212));
#446 = CARTESIAN_POINT('',(70.000206918642,12.039911128311,
    -12.4050440881));
#447 = CARTESIAN_POINT('',(69.990298768951,12.044248822948,
    -12.40501369278));
#448 = CARTESIAN_POINT('',(69.980670665704,12.048827810049,
    -12.40493704082));
#449 = CARTESIAN_POINT('',(69.933499702425,12.07315496417,
    -12.40434264573));
#450 = CARTESIAN_POINT('',(69.900485712092,12.096528205971,
    -12.40319293139));
#451 = CARTESIAN_POINT('',(69.873126983454,12.123367668759,
    -12.40171384068));
#452 = CARTESIAN_POINT('',(69.852108416524,12.153045644964,
    -12.40028936961));
#453 = CARTESIAN_POINT('',(69.837927336216,12.18471323227,
    -12.39923013925));
#454 = CARTESIAN_POINT('',(69.8308477609,12.21737126588,-12.39870282761)
  );
#455 = CARTESIAN_POINT('',(69.8308477609,12.272168490305,-12.39870282761
    ));
#456 = CARTESIAN_POINT('',(69.834115662452,12.294342556501,
    -12.39894644834));
#457 = CARTESIAN_POINT('',(69.84065437964,12.316207964546,
    -12.39943407521));
#458 = CARTESIAN_POINT('',(69.850410331595,12.337453396944,
    -12.40013150675));
#459 = CARTESIAN_POINT('',(69.863278543898,12.357788545371,
    -12.40097157856));
#460 = CARTESIAN_POINT('',(69.879107968244,12.376957421993,
    -12.40186195491));
#461 = CARTESIAN_POINT('',(69.906598016948,12.403250876293,
    -12.40309926741));
#462 = CARTESIAN_POINT('',(69.916120931216,12.41143869626,
    -12.40348722673));
#463 = CARTESIAN_POINT('',(69.926254318793,12.419286906603,
    -12.40385162908));
#464 = CARTESIAN_POINT('',(69.936974560903,12.426774438404,
    -12.4041805279));
#465 = CARTESIAN_POINT('',(69.948256033083,12.43388270428,
    -12.40446169439));
#466 = CARTESIAN_POINT('',(69.96007127388,12.440595706074,
    -12.40468294463));
#467 = CARTESIAN_POINT('',(69.981599721741,12.45161243153,
    -12.40494422788));
#468 = CARTESIAN_POINT('',(69.99109044571,12.456096533373,
    -12.40501594824));
#469 = CARTESIAN_POINT('',(70.000851212421,12.460346964961,
    -12.40504261908));
#470 = CARTESIAN_POINT('',(70.010869629826,12.464359068519,
    -12.4050194399));
#471 = CARTESIAN_POINT('',(70.021133026863,12.468129011618,
    -12.40494181849));
#472 = CARTESIAN_POINT('',(70.031628453455,12.471653787172,
    -12.40480537087));
#473 = CARTESIAN_POINT('',(70.057568089352,12.479588586725,
    -12.40432249439));
#474 = CARTESIAN_POINT('',(70.073233550145,12.483745815135,
    -12.40391207833));
#475 = CARTESIAN_POINT('',(70.089302996969,12.487397416545,
    -12.40336256248));
#476 = CARTESIAN_POINT('',(70.10573929573,12.490540313843,
    -12.40266339132));
#477 = CARTESIAN_POINT('',(70.122504244161,12.493173834931,
    -12.40180556448));
#478 = CARTESIAN_POINT('',(70.139558571822,12.495299712723,
    -12.40078163675));
#479 = CARTESIAN_POINT('',(70.19582130093,12.500574934218,
    -12.39689305004));
#480 = CARTESIAN_POINT('',(70.236004211943,12.501671358746,
    -12.39333188203));
#481 = CARTESIAN_POINT('',(70.277027767322,12.500274009895,
    -12.38883599572));
#482 = CARTESIAN_POINT('',(70.318501010468,12.496470539263,
    -12.38337944781));
#483 = CARTESIAN_POINT('',(70.360018003801,12.490368855914,
    -12.37698408487));
#484 = CARTESIAN_POINT('',(70.401142194721,12.482088225155,
    -12.3697304576));
#485 = CARTESIAN_POINT('',(70.490555158741,12.459108279827,
    -12.35204707531));
#486 = CARTESIAN_POINT('',(70.538252676503,12.443431671808,
    -12.34130037535));
#487 = CARTESIAN_POINT('',(70.584060861704,12.424846582649,
    -12.32973176518));
#488 = CARTESIAN_POINT('',(70.626960684538,12.40339875802,
    -12.31772151454));
#489 = CARTESIAN_POINT('',(70.665318662084,12.379313936998,
    -12.30598920675));
#490 = CARTESIAN_POINT('',(70.697113278592,12.352836589578,
    -12.29569591347));
#491 = CARTESIAN_POINT('',(70.727981747878,12.314088466748,
    -12.28539761053));
#492 = CARTESIAN_POINT('',(70.734890311358,12.303767231538,
    -12.28305408047));
#493 = CARTESIAN_POINT('',(70.740559355338,12.293235730395,
    -12.28110486061));
#494 = CARTESIAN_POINT('',(70.744885527517,12.282546209739,
    -12.27960291441));
#495 = CARTESIAN_POINT('',(70.747798865132,12.271746951564,
    -12.2785863953));
#496 = CARTESIAN_POINT('',(70.749260527286,12.260883518689,
    -12.27807673565));
#497 = CARTESIAN_POINT('',(70.749260527286,12.25,-12.27807673565));
#498 = PCURVE('',#33,#499);
#499 = DEFINITIONAL_REPRESENTATION('',(#500),#581);
#500 = B_SPLINE_CURVE_WITH_KNOTS('',7,(#501,#502,#503,#504,#505,#506,
    #507,#508,#509,#510,#511,#512,#513,#514,#515,#516,#517,#518,#519,
    #520,#521,#522,#523,#524,#525,#526,#527,#528,#529,#530,#531,#532,
    #533,#534,#535,#536,#537,#538,#539,#540,#541,#542,#543,#544,#545,
    #546,#547,#548,#549,#550,#551,#552,#553,#554,#555,#556,#557,#558,
    #559,#560,#561,#562,#563,#564,#565,#566,#567,#568,#569,#570,#571,
    #572,#573,#574,#575,#576,#577,#578,#579,#580),.UNSPECIFIED.,.F.,.F.,
  (8,6,6,6,6,6,6,6,6,6,6,6,6,8),(0.,0.122342654364,0.174560025272,
    0.280348233048,0.327673607392,0.361547888823,0.49883804349,
    0.592115197653,0.636704935491,0.670033803352,0.717395655653,
    0.824033130138,0.954343975474,1.),.UNSPECIFIED.);
#501 = CARTESIAN_POINT('',(2.805982560645,0.25));
#502 = CARTESIAN_POINT('',(2.805982560645,0.219868200052));
#503 = CARTESIAN_POINT('',(2.811197712078,0.190811837682));
#504 = CARTESIAN_POINT('',(2.820959483492,0.163070111609));
#505 = CARTESIAN_POINT('',(2.834488248828,0.136891439439));
#506 = CARTESIAN_POINT('',(2.850870948904,0.112768751669));
#507 = CARTESIAN_POINT('',(2.869054406727,9.131714973081E-02));
#508 = CARTESIAN_POINT('',(2.895818553342,6.508458332433E-02));
#509 = CARTESIAN_POINT('',(2.904046107555,5.768166315811E-02));
#510 = CARTESIAN_POINT('',(2.91245428719,5.07351494404E-02));
#511 = CARTESIAN_POINT('',(2.921008615629,4.425553392151E-02));
#512 = CARTESIAN_POINT('',(2.929680317061,3.82524038088E-02));
#513 = CARTESIAN_POINT('',(2.938445712967,3.273523957433E-02));
#514 = CARTESIAN_POINT('',(2.965194558838,1.754201492159E-02));
#515 = CARTESIAN_POINT('',(2.983412466322,9.40435095714E-03));
#516 = CARTESIAN_POINT('',(3.001729519456,3.416481328392E-03));
#517 = CARTESIAN_POINT('',(3.019966035872,-3.050272202938E-04));
#518 = CARTESIAN_POINT('',(3.037958550667,-1.654856032637E-03));
#519 = CARTESIAN_POINT('',(3.055550512817,-5.475344345047E-04));
#520 = CARTESIAN_POINT('',(3.0802093048,4.699794531546E-03));
#521 = CARTESIAN_POINT('',(3.087716627628,6.82486826633E-03));
#522 = CARTESIAN_POINT('',(3.095092833785,9.457268773442E-03));
#523 = CARTESIAN_POINT('',(3.102321567745,1.259872913648E-02));
#524 = CARTESIAN_POINT('',(3.109386852912,1.62485828048E-02));
#525 = CARTESIAN_POINT('',(3.116273091617,2.040376359345E-02));
#526 = CARTESIAN_POINT('',(3.127755007023,2.8390764659E-02));
#527 = CARTESIAN_POINT('',(3.132445011012,3.197848255374E-02));
#528 = CARTESIAN_POINT('',(3.137029171111,3.581966265353E-02));
#529 = CARTESIAN_POINT('',(3.141501684253,3.991112831144E-02));
#530 = CARTESIAN_POINT('',(3.145856850274,4.424882294753E-02));
#531 = CARTESIAN_POINT('',(3.150089071914,4.882781004884E-02));
#532 = CARTESIAN_POINT('',(3.170825207333,7.315496417049E-02));
#533 = CARTESIAN_POINT('',(3.185341952357,9.652820597059E-02));
#534 = CARTESIAN_POINT('',(3.197382908172,0.123367668759));
#535 = CARTESIAN_POINT('',(3.206642420746,0.153045644964));
#536 = CARTESIAN_POINT('',(3.212893530033,0.18471323227));
#537 = CARTESIAN_POINT('',(3.216013964603,0.21737126588));
#538 = CARTESIAN_POINT('',(3.216013964603,0.272168490305));
#539 = CARTESIAN_POINT('',(3.214573543336,0.294342556501));
#540 = CARTESIAN_POINT('',(3.211691383596,0.316207964546));
#541 = CARTESIAN_POINT('',(3.207392150482,0.337453396944));
#542 = CARTESIAN_POINT('',(3.201723992734,0.357788545371));
#543 = CARTESIAN_POINT('',(3.194755449929,0.376957421993));
#544 = CARTESIAN_POINT('',(3.182659678498,0.403250876293));
#545 = CARTESIAN_POINT('',(3.17847034733,0.41143869626));
#546 = CARTESIAN_POINT('',(3.174013317072,0.419286906603));
#547 = CARTESIAN_POINT('',(3.169299032523,0.426774438404));
#548 = CARTESIAN_POINT('',(3.164338748267,0.43388270428));
#549 = CARTESIAN_POINT('',(3.159144438719,0.440595706074));
#550 = CARTESIAN_POINT('',(3.149680687794,0.45161243153));
#551 = CARTESIAN_POINT('',(3.14550886586,0.456096533373));
#552 = CARTESIAN_POINT('',(3.141218484399,0.460346964961));
#553 = CARTESIAN_POINT('',(3.136814877087,0.464359068519));
#554 = CARTESIAN_POINT('',(3.132303469251,0.468129011618));
#555 = CARTESIAN_POINT('',(3.127689777873,0.471653787172));
#556 = CARTESIAN_POINT('',(3.116285764697,0.479588586725));
#557 = CARTESIAN_POINT('',(3.109397694135,0.483745815135));
#558 = CARTESIAN_POINT('',(3.102330436351,0.487397416545));
#559 = CARTESIAN_POINT('',(3.095099608877,0.490540313843));
#560 = CARTESIAN_POINT('',(3.087721210319,0.493173834931));
#561 = CARTESIAN_POINT('',(3.080211620359,0.495299712723));
#562 = CARTESIAN_POINT('',(3.055421752913,0.500574934218));
#563 = CARTESIAN_POINT('',(3.037693037595,0.501671358746));
#564 = CARTESIAN_POINT('',(3.019559104884,0.500274009895));
#565 = CARTESIAN_POINT('',(3.001179885314,0.496470539263));
#566 = CARTESIAN_POINT('',(2.982722450786,0.490368855914));
#567 = CARTESIAN_POINT('',(2.964370761735,0.482088225155));
#568 = CARTESIAN_POINT('',(2.924307099935,0.459108279827));
#569 = CARTESIAN_POINT('',(2.902823069291,0.443431671808));
#570 = CARTESIAN_POINT('',(2.882066027062,0.424846582649));
#571 = CARTESIAN_POINT('',(2.86249494143,0.40339875802));
#572 = CARTESIAN_POINT('',(2.844866909889,0.379313936998));
#573 = CARTESIAN_POINT('',(2.830177684744,0.352836589578));
#574 = CARTESIAN_POINT('',(2.815873943357,0.314088466748));
#575 = CARTESIAN_POINT('',(2.812667288634,0.303767231538));
#576 = CARTESIAN_POINT('',(2.810032242626,0.293235730395));
#577 = CARTESIAN_POINT('',(2.808019291273,0.282546209739));
#578 = CARTESIAN_POINT('',(2.806662985183,0.271746951564));
#579 = CARTESIAN_POINT('',(2.805982560645,0.260883518689));
#580 = CARTESIAN_POINT('',(2.805982560645,0.25));
#581 = ( GEOMETRIC_REPRESENTATION_CONTEXT(2) 
PARAMETRIC_REPRESENTATION_CONTEXT() REPRESENTATION_CONTEXT('2D SPACE',''
  ) );
#582 = PCURVE('',#326,#583);
#583 = DEFINITIONAL_REPRESENTATION('',(#584),#665);
#584 = B_SPLINE_CURVE_WITH_KNOTS('',7,(#585,#586,#587,#588,#589,#590,
    #591,#592,#593,#594,#595,#596,#597,#598,#599,#600,#601,#602,#603,
    #604,#605,#606,#607,#608,#609,#610,#611,#612,#613,#614,#615,#616,
    #617,#618,#619,#620,#621,#622,#623,#624,#625,#626,#627,#628,#629,
    #630,#631,#632,#633,#634,#635,#636,#637,#638,#639,#640,#641,#642,
    #643,#644,#645,#646,#647,#648,#649,#650,#651,#652,#653,#654,#655,
    #656,#657,#658,#659,#660,#661,#662,#663,#664),.UNSPECIFIED.,.F.,.F.,
  (8,6,6,6,6,6,6,6,6,6,6,6,6,8),(0.,0.122342654364,0.174560025272,
    0.280348233048,0.327673607392,0.361547888823,0.49883804349,
    0.592115197653,0.636704935491,0.670033803352,0.717395655653,
    0.824033130138,0.954343975474,1.),.UNSPECIFIED.);
#585 = CARTESIAN_POINT('',(0.,0.912403840464));
#586 = CARTESIAN_POINT('',(0.12052719979,0.912403840464));
#587 = CARTESIAN_POINT('',(0.236752623041,0.923486192175));
#588 = CARTESIAN_POINT('',(0.350578682096,0.944229120974));
#589 = CARTESIAN_POINT('',(0.462959929176,0.972840867311));
#590 = CARTESIAN_POINT('',(0.574025764565,1.007191474112));
#591 = CARTESIAN_POINT('',(0.682873163225,1.044898055826));
#592 = CARTESIAN_POINT('',(0.831512550117,1.099804291099));
#593 = CARTESIAN_POINT('',(0.875773096061,1.116609462159));
#594 = CARTESIAN_POINT('',(0.919867585292,1.133702579033));
#595 = CARTESIAN_POINT('',(0.963836232454,1.151005445099));
#596 = CARTESIAN_POINT('',(1.007724001261,1.16845292613));
#597 = CARTESIAN_POINT('',(1.051582083898,1.185991473272));
#598 = CARTESIAN_POINT('',(1.184381525227,1.239205822339));
#599 = CARTESIAN_POINT('',(1.273429960375,1.275035706898));
#600 = CARTESIAN_POINT('',(1.362854044432,1.310605625708));
#601 = CARTESIAN_POINT('',(1.452841182865,1.345539481467));
#602 = CARTESIAN_POINT('',(1.543558050223,1.379520320605));
#603 = CARTESIAN_POINT('',(1.635173899611,1.412272214624));
#604 = CARTESIAN_POINT('',(1.769347119424,1.45754307836));
#605 = CARTESIAN_POINT('',(1.81101765399,1.471234590179));
#606 = CARTESIAN_POINT('',(1.852887202584,1.484598003509));
#607 = CARTESIAN_POINT('',(1.894955808928,1.49760814341));
#608 = CARTESIAN_POINT('',(1.937223921049,1.51024164769));
#609 = CARTESIAN_POINT('',(1.979692391284,1.5224769669));
#610 = CARTESIAN_POINT('',(2.052904621747,1.542752952403));
#611 = CARTESIAN_POINT('',(2.083547376803,1.550996646157));
#612 = CARTESIAN_POINT('',(2.114289186013,1.559017631639));
#613 = CARTESIAN_POINT('',(2.145128059272,1.566808473475));
#614 = CARTESIAN_POINT('',(2.176061571801,1.574362114877));
#615 = CARTESIAN_POINT('',(2.207086864143,1.581671877643));
#616 = CARTESIAN_POINT('',(2.364302664609,1.617343477202));
#617 = CARTESIAN_POINT('',(2.491811985694,1.641836196876));
#618 = CARTESIAN_POINT('',(2.62050822619,1.66179396339));
#619 = CARTESIAN_POINT('',(2.750144474319,1.676940880823));
#620 = CARTESIAN_POINT('',(2.880445416199,1.687097112532));
#621 = CARTESIAN_POINT('',(3.011077717111,1.692168332809));
#622 = CARTESIAN_POINT('',(3.230266614809,1.692168332809));
#623 = CARTESIAN_POINT('',(3.318962939246,1.689827618558));
#624 = CARTESIAN_POINT('',(3.407563198229,1.685144211198));
#625 = CARTESIAN_POINT('',(3.495964357343,1.67813701161));
#626 = CARTESIAN_POINT('',(3.584073485248,1.668842948261));
#627 = CARTESIAN_POINT('',(3.671804799325,1.657317935304));
#628 = CARTESIAN_POINT('',(3.800799187591,1.637103894485));
#629 = CARTESIAN_POINT('',(3.84241021799,1.63007526582));
#630 = CARTESIAN_POINT('',(3.883902270452,1.622564835469));
#631 = CARTESIAN_POINT('',(3.925265942183,1.61458295307));
#632 = CARTESIAN_POINT('',(3.966492213811,1.60614131932));
#633 = CARTESIAN_POINT('',(4.007572366675,1.597253067947));
#634 = CARTESIAN_POINT('',(4.079087936351,1.580966392967));
#635 = CARTESIAN_POINT('',(4.109592194808,1.573758455377));
#636 = CARTESIAN_POINT('',(4.140007516541,1.566315063779));
#637 = CARTESIAN_POINT('',(4.170331173842,1.558642594584));
#638 = CARTESIAN_POINT('',(4.200560870236,1.550747771747));
#639 = CARTESIAN_POINT('',(4.230694740487,1.542637666769));
#640 = CARTESIAN_POINT('',(4.303414753382,1.52249948396));
#641 = CARTESIAN_POINT('',(4.345896527341,1.510261034303));
#642 = CARTESIAN_POINT('',(4.388177890336,1.497624107454));
#643 = CARTESIAN_POINT('',(4.43025965331,1.484610280369));
#644 = CARTESIAN_POINT('',(4.472142220284,1.471242949235));
#645 = CARTESIAN_POINT('',(4.513825588357,1.457547329474));
#646 = CARTESIAN_POINT('',(4.648712014917,1.412035825426));
#647 = CARTESIAN_POINT('',(4.741009698743,1.37902596543));
#648 = CARTESIAN_POINT('',(4.832395243771,1.344770849625));
#649 = CARTESIAN_POINT('',(4.923042753972,1.309552575131));
#650 = CARTESIAN_POINT('',(5.013123544361,1.273695504971));
#651 = CARTESIAN_POINT('',(5.102830497173,1.237585255502));
#652 = CARTESIAN_POINT('',(5.301877855471,1.157840554404));
#653 = CARTESIAN_POINT('',(5.410811361237,1.114453656951));
#654 = CARTESIAN_POINT('',(5.520710568402,1.071980886331));
#655 = CARTESIAN_POINT('',(5.632232948873,1.031446333418));
#656 = CARTESIAN_POINT('',(5.745770156876,0.994562535129));
#657 = CARTESIAN_POINT('',(5.861903059311,0.963623294359));
#658 = CARTESIAN_POINT('',(6.024196862588,0.933388718937));
#659 = CARTESIAN_POINT('',(6.066783713988,0.926597068935));
#660 = CARTESIAN_POINT('',(6.109706081945,0.921007093314));
#661 = CARTESIAN_POINT('',(6.152865994065,0.916731940112));
#662 = CARTESIAN_POINT('',(6.196197077388,0.913849686635));
#663 = CARTESIAN_POINT('',(6.239651232422,0.912403840464));
#664 = CARTESIAN_POINT('',(6.28318530718,0.912403840464));
#665 = ( GEOMETRIC_REPRESENTATION_CONTEXT(2) 
PARAMETRIC_REPRESENTATION_CONTEXT() REPRESENTATION_CONTEXT('2D SPACE',''
  ) );
#666 = FACE_BOUND('',#667,.T.);
#667 = EDGE_LOOP('',(#668,#987));
#668 = ORIENTED_EDGE('',*,*,#669,.F.);
#669 = EDGE_CURVE('',#24,#670,#672,.T.);
#670 = VERTEX_POINT('',#671);
#671 = CARTESIAN_POINT('',(67.875541168279,14.25,-9.316182039813));
#672 = SURFACE_CURVE('',#673,(#774,#878),.PCURVE_S1.);
#673 = B_SPLINE_CURVE_WITH_KNOTS('',8,(#674,#675,#676,#677,#678,#679,
    #680,#681,#682,#683,#684,#685,#686,#687,#688,#689,#690,#691,#692,
    #693,#694,#695,#696,#697,#698,#699,#700,#701,#702,#703,#704,#705,
    #706,#707,#708,#709,#710,#711,#712,#713,#714,#715,#716,#717,#718,
    #719,#720,#721,#722,#723,#724,#725,#726,#727,#728,#729,#730,#731,
    #732,#733,#734,#735,#736,#737,#738,#739,#740,#741,#742,#743,#744,
    #745,#746,#747,#748,#749,#750,#751,#752,#753,#754,#755,#756,#757,
    #758,#759,#760,#761,#762,#763,#764,#765,#766,#767,#768,#769,#770,
    #771,#772,#773),.UNSPECIFIED.,.T.,.F.,(9,7,7,7,7,7,7,7,7,7,7,7,7,7,9
    ),(0.,0.217960023284,0.324563758599,0.454858790845,0.500502687447,
    0.539844612026,0.562471642645,0.625018551092,0.67664416313,
    0.781941956334,0.996988062603,0.998809902181,0.999148533332,
    0.999487164124,1.),.UNSPECIFIED.);
#674 = CARTESIAN_POINT('',(67.875541168279,14.25,-9.316182039814));
#675 = CARTESIAN_POINT('',(67.875541168279,14.204503028322,
    -9.316182039814));
#676 = CARTESIAN_POINT('',(67.880377933057,14.159002680785,
    -9.303555698628));
#677 = CARTESIAN_POINT('',(67.890052861291,14.116061345741,
    -9.27829991841));
#678 = CARTESIAN_POINT('',(67.904650091951,14.07815044696,-9.24144952828
    ));
#679 = CARTESIAN_POINT('',(67.924433656216,14.047159019925,
    -9.194848858469));
#680 = CARTESIAN_POINT('',(67.949528879336,14.024186819588,
    -9.140792655169));
#681 = CARTESIAN_POINT('',(67.979617205549,14.009612893974,
    -9.081878122695));
#682 = CARTESIAN_POINT('',(68.030337296297,13.999881671915,
    -8.99104369059));
#683 = CARTESIAN_POINT('',(68.047976769102,13.998602747386,
    -8.960656339639));
#684 = CARTESIAN_POINT('',(68.06653203278,13.999201984286,
    -8.929950555869));
#685 = CARTESIAN_POINT('',(68.085918606546,14.001627725421,
    -8.899155532673));
#686 = CARTESIAN_POINT('',(68.106028419954,14.005817591992,
    -8.868496673166));
#687 = CARTESIAN_POINT('',(68.126724459874,14.011701301776,
    -8.838198346525));
#688 = CARTESIAN_POINT('',(68.14783372131,14.019204526855,
    -8.808488250616));
#689 = CARTESIAN_POINT('',(68.195177904982,14.039314136514,-8.7442992237
    ));
#690 = CARTESIAN_POINT('',(68.221429663792,14.052650455185,
    -8.710335928709));
#691 = CARTESIAN_POINT('',(68.247680053398,14.068182541225,
    -8.677879157587));
#692 = CARTESIAN_POINT('',(68.273500146793,14.085875412001,
    -8.647340422326));
#693 = CARTESIAN_POINT('',(68.298189211884,14.105634385831,
    -8.619351414977));
#694 = CARTESIAN_POINT('',(68.320759616576,14.127312061329,
    -8.594689854014));
#695 = CARTESIAN_POINT('',(68.339986461489,14.150761436832,
    -8.574228639382));
#696 = CARTESIAN_POINT('',(68.359645298554,14.184665029171,
    -8.55363836679));
#697 = CARTESIAN_POINT('',(68.364170920092,14.193661346658,
    -8.548938171906));
#698 = CARTESIAN_POINT('',(68.368047844459,14.202822468976,
    -8.544940539017));
#699 = CARTESIAN_POINT('',(68.371215276316,14.212115106953,
    -8.541693112524));
#700 = CARTESIAN_POINT('',(68.373626130595,14.221508107654,
    -8.539231239453));
#701 = CARTESIAN_POINT('',(68.375247318242,14.230971987696,
    -8.537579043079));
#702 = CARTESIAN_POINT('',(68.376060031963,14.240478466578,
    -8.53675049656));
#703 = CARTESIAN_POINT('',(68.376060031963,14.258206912154,
    -8.53675049656));
#704 = CARTESIAN_POINT('',(68.375456354242,14.266405366771,
    -8.537365882744));
#705 = CARTESIAN_POINT('',(68.374250642419,14.274577535928,
    -8.538594720789));
#706 = CARTESIAN_POINT('',(68.37245334758,14.282704109862,
    -8.540429179125));
#707 = CARTESIAN_POINT('',(68.370083471583,14.290764600934,
    -8.542855193308));
#708 = CARTESIAN_POINT('',(68.36716831037,14.2987376476,-8.545852130393)
  );
#709 = CARTESIAN_POINT('',(68.363743197274,14.306601318369,
    -8.549392453306));
#710 = CARTESIAN_POINT('',(68.357612837962,14.318780437787,
    -8.555770079289));
#711 = CARTESIAN_POINT('',(68.355218854419,14.323186106153,
    -8.558268146451));
#712 = CARTESIAN_POINT('',(68.352675902344,14.327548646492,
    -8.560930678543));
#713 = CARTESIAN_POINT('',(68.349990817572,14.33186620431,
    -8.563752529856));
#714 = CARTESIAN_POINT('',(68.34717066514,14.336136844992,
    -8.566728317135));
#715 = CARTESIAN_POINT('',(68.344222739277,14.340358553802,
    -8.569852419579));
#716 = CARTESIAN_POINT('',(68.341154563409,14.344529235887,
    -8.573118978839));
#717 = CARTESIAN_POINT('',(68.329181694584,14.360028486735,
    -8.585928442059));
#718 = CARTESIAN_POINT('',(68.319533373782,14.370998962505,
    -8.596372544491));
#719 = CARTESIAN_POINT('',(68.309169949842,14.381543977515,
    -8.60774901258));
#720 = CARTESIAN_POINT('',(68.298222064959,14.391649089861,
    -8.619958924405));
#721 = CARTESIAN_POINT('',(68.286808503762,14.401300300819,
    -8.632910720136));
#722 = CARTESIAN_POINT('',(68.275034715653,14.410484773864,
    -8.64652129231));
#723 = CARTESIAN_POINT('',(68.26299133714,14.419191553683,-8.66071707611
    ));
#724 = CARTESIAN_POINT('',(68.240651073383,14.434197597309,
    -8.687583286621));
#725 = CARTESIAN_POINT('',(68.230410566117,14.44065572322,
    -8.700094550056));
#726 = CARTESIAN_POINT('',(68.220075624281,14.446779370016,
    -8.712931524788));
#727 = CARTESIAN_POINT('',(68.209684691396,14.452562041374,
    -8.726060530267));
#728 = CARTESIAN_POINT('',(68.199270740588,14.457997752522,
    -8.739451465113));
#729 = CARTESIAN_POINT('',(68.18886179259,14.463080745216,
    -8.753077661675));
#730 = CARTESIAN_POINT('',(68.178481433738,14.467805202705,-8.7669157406
    ));
#731 = CARTESIAN_POINT('',(68.147075543996,14.481057320637,
    -8.809561088556));
#732 = CARTESIAN_POINT('',(68.126200278768,14.488433444687,
    -8.838977072462));
#733 = CARTESIAN_POINT('',(68.105733350077,14.494222006714,
    -8.868963973149));
#734 = CARTESIAN_POINT('',(68.085841866286,14.49835101233,
    -8.899301116033));
#735 = CARTESIAN_POINT('',(68.066658493617,14.500752409777,
    -8.929770970073));
#736 = CARTESIAN_POINT('',(68.048288130881,14.501365734882,
    -8.960155020965));
#737 = CARTESIAN_POINT('',(68.030812997634,14.50014079408,
    -8.990231143369));
#738 = CARTESIAN_POINT('',(67.980564309824,14.490705484182,
    -9.080103724489));
#739 = CARTESIAN_POINT('',(67.950707289655,14.476522319988,
    -9.138422661754));
#740 = CARTESIAN_POINT('',(67.925708672037,14.454138804421,
    -9.192062820355));
#741 = CARTESIAN_POINT('',(67.905888463558,14.423901030356,
    -9.238516177643));
#742 = CARTESIAN_POINT('',(67.891141152311,14.386842691355,
    -9.275553762285));
#743 = CARTESIAN_POINT('',(67.881218083443,14.344752305988,
    -9.301366290638));
#744 = CARTESIAN_POINT('',(67.876030294514,14.299992148031,
    -9.314905302191));
#745 = CARTESIAN_POINT('',(67.875563192979,14.25465692867,-9.31612454694
    ));
#746 = CARTESIAN_POINT('',(67.875559608101,14.25427606777,
    -9.316133904483));
#747 = CARTESIAN_POINT('',(67.87555636231,14.253895194194,
    -9.316142377046));
#748 = CARTESIAN_POINT('',(67.8755534556,14.253514309251,-9.316149964601
    ));
#749 = CARTESIAN_POINT('',(67.875550887965,14.253133414294,
    -9.316156667125));
#750 = CARTESIAN_POINT('',(67.875548659402,14.252752510713,
    -9.316162484596));
#751 = CARTESIAN_POINT('',(67.875546769906,14.252371599945,
    -9.316167416994));
#752 = CARTESIAN_POINT('',(67.875544931294,14.2519198813,-9.31617221659)
  );
#753 = CARTESIAN_POINT('',(67.875544654825,14.251849078938,
    -9.316172938297));
#754 = CARTESIAN_POINT('',(67.875544390071,14.251778276388,
    -9.316173629426));
#755 = CARTESIAN_POINT('',(67.875544137031,14.251707473658,
    -9.316174289976));
#756 = CARTESIAN_POINT('',(67.875543895705,14.25163667076,
    -9.316174919947));
#757 = CARTESIAN_POINT('',(67.875543666093,14.251565867701,
    -9.316175519339));
#758 = CARTESIAN_POINT('',(67.875543448196,14.251495064492,
    -9.316176088151));
#759 = CARTESIAN_POINT('',(67.87554303583,14.251353457866,
    -9.316177164617));
#760 = CARTESIAN_POINT('',(67.875542841362,14.251282654449,
    -9.31617767227));
#761 = CARTESIAN_POINT('',(67.875542658607,14.251211850901,
    -9.316178149345));
#762 = CARTESIAN_POINT('',(67.875542487567,14.251141047229,
    -9.31617859584));
#763 = CARTESIAN_POINT('',(67.875542328242,14.251070243445,
    -9.316179011755));
#764 = CARTESIAN_POINT('',(67.87554218063,14.250999439557,
    -9.316179397091));
#765 = CARTESIAN_POINT('',(67.875542044733,14.250928635574,
    -9.316179751848));
#766 = CARTESIAN_POINT('',(67.875541732482,14.250750603023,
    -9.316180566972));
#767 = CARTESIAN_POINT('',(67.875541571281,14.250643374345,
    -9.316180987783));
#768 = CARTESIAN_POINT('',(67.875541436947,14.250536145504,
    -9.31618133846));
#769 = CARTESIAN_POINT('',(67.87554132948,14.250428916534,
    -9.316181619001));
#770 = CARTESIAN_POINT('',(67.875541248879,14.250321687465,
    -9.316181829407));
#771 = CARTESIAN_POINT('',(67.875541195146,14.250214458332,
    -9.316181969678));
#772 = CARTESIAN_POINT('',(67.875541168279,14.250107229166,
    -9.316182039814));
#773 = CARTESIAN_POINT('',(67.875541168279,14.25,-9.316182039814));
#774 = PCURVE('',#33,#775);
#775 = DEFINITIONAL_REPRESENTATION('',(#776),#877);
#776 = B_SPLINE_CURVE_WITH_KNOTS('',8,(#777,#778,#779,#780,#781,#782,
    #783,#784,#785,#786,#787,#788,#789,#790,#791,#792,#793,#794,#795,
    #796,#797,#798,#799,#800,#801,#802,#803,#804,#805,#806,#807,#808,
    #809,#810,#811,#812,#813,#814,#815,#816,#817,#818,#819,#820,#821,
    #822,#823,#824,#825,#826,#827,#828,#829,#830,#831,#832,#833,#834,
    #835,#836,#837,#838,#839,#840,#841,#842,#843,#844,#845,#846,#847,
    #848,#849,#850,#851,#852,#853,#854,#855,#856,#857,#858,#859,#860,
    #861,#862,#863,#864,#865,#866,#867,#868,#869,#870,#871,#872,#873,
    #874,#875,#876),.UNSPECIFIED.,.F.,.F.,(9,7,7,7,7,7,7,7,7,7,7,7,7,7,9
    ),(0.,0.217960023284,0.324563758599,0.454858790845,0.500502687447,
    0.539844612026,0.562471642645,0.625018551092,0.67664416313,
    0.781941956334,0.996988062603,0.998809902181,0.999148533332,
    0.999487164124,1.),.UNSPECIFIED.);
#777 = CARTESIAN_POINT('',(5.078216502565,2.25));
#778 = CARTESIAN_POINT('',(5.078216502565,2.204503028322));
#779 = CARTESIAN_POINT('',(5.084159858458,2.159002680785));
#780 = CARTESIAN_POINT('',(5.09604774961,2.116061345741));
#781 = CARTESIAN_POINT('',(5.113469953022,2.07815044696));
#782 = CARTESIAN_POINT('',(5.135706979232,2.047159019925));
#783 = CARTESIAN_POINT('',(5.161874692811,2.024186819588));
#784 = CARTESIAN_POINT('',(5.19093301639,2.009612893974));
#785 = CARTESIAN_POINT('',(5.236662983399,1.999881671915));
#786 = CARTESIAN_POINT('',(5.252105250743,1.998602747386));
#787 = CARTESIAN_POINT('',(5.267871137517,1.999201984286));
#788 = CARTESIAN_POINT('',(5.283860972068,2.001627725421));
#789 = CARTESIAN_POINT('',(5.299972119801,2.005817591992));
#790 = CARTESIAN_POINT('',(5.316095938645,2.011701301776));
#791 = CARTESIAN_POINT('',(5.332113513202,2.019204526855));
#792 = CARTESIAN_POINT('',(5.367172978697,2.039314136514));
#793 = CARTESIAN_POINT('',(5.386036843045,2.052650455185));
#794 = CARTESIAN_POINT('',(5.404378440709,2.068182541225));
#795 = CARTESIAN_POINT('',(5.421948889033,2.085875412001));
#796 = CARTESIAN_POINT('',(5.438348399845,2.105634385831));
#797 = CARTESIAN_POINT('',(5.453041176667,2.127312061329));
#798 = CARTESIAN_POINT('',(5.465382444699,2.150761436832));
#799 = CARTESIAN_POINT('',(5.477895868093,2.184665029171));
#800 = CARTESIAN_POINT('',(5.480763889385,2.193661346658));
#801 = CARTESIAN_POINT('',(5.483211694482,2.202822468976));
#802 = CARTESIAN_POINT('',(5.485205680581,2.212115106953));
#803 = CARTESIAN_POINT('',(5.486720285237,2.221508107654));
#804 = CARTESIAN_POINT('',(5.487737753742,2.230971987696));
#805 = CARTESIAN_POINT('',(5.488247906523,2.240478466578));
#806 = CARTESIAN_POINT('',(5.488247906523,2.258206912154));
#807 = CARTESIAN_POINT('',(5.48786898499,2.266405366771));
#808 = CARTESIAN_POINT('',(5.487112252276,2.274577535928));
#809 = CARTESIAN_POINT('',(5.485983385591,2.282704109862));
#810 = CARTESIAN_POINT('',(5.484492647752,2.290764600934));
#811 = CARTESIAN_POINT('',(5.48265490594,2.2987376476));
#812 = CARTESIAN_POINT('',(5.480489650448,2.306601318369));
#813 = CARTESIAN_POINT('',(5.476601206813,2.318780437787));
#814 = CARTESIAN_POINT('',(5.47508033561,2.323186106153));
#815 = CARTESIAN_POINT('',(5.47346196411,2.327548646492));
#816 = CARTESIAN_POINT('',(5.471749798192,2.33186620431));
#817 = CARTESIAN_POINT('',(5.469947685326,2.336136844992));
#818 = CARTESIAN_POINT('',(5.468059614583,2.340358553802));
#819 = CARTESIAN_POINT('',(5.466089716629,2.344529235887));
#820 = CARTESIAN_POINT('',(5.458382579452,2.360028486735));
#821 = CARTESIAN_POINT('',(5.452132732681,2.370998962505));
#822 = CARTESIAN_POINT('',(5.445368581269,2.381543977515));
#823 = CARTESIAN_POINT('',(5.438160559389,2.391649089861));
#824 = CARTESIAN_POINT('',(5.430572925953,2.401300300819));
#825 = CARTESIAN_POINT('',(5.422663013023,2.410484773864));
#826 = CARTESIAN_POINT('',(5.414480474231,2.419191553683));
#827 = CARTESIAN_POINT('',(5.399121747807,2.434197597309));
#828 = CARTESIAN_POINT('',(5.392015210969,2.44065572322));
#829 = CARTESIAN_POINT('',(5.384771538061,2.446779370016));
#830 = CARTESIAN_POINT('',(5.377412308601,2.452562041374));
#831 = CARTESIAN_POINT('',(5.369956283582,2.457997752522));
#832 = CARTESIAN_POINT('',(5.362419622802,2.463080745216));
#833 = CARTESIAN_POINT('',(5.354816102198,2.467805202705));
#834 = CARTESIAN_POINT('',(5.331536176194,2.481057320637));
#835 = CARTESIAN_POINT('',(5.315683487443,2.488433444687));
#836 = CARTESIAN_POINT('',(5.299729364165,2.494222006714));
#837 = CARTESIAN_POINT('',(5.283788918684,2.49835101233));
#838 = CARTESIAN_POINT('',(5.267967457144,2.500752409777));
#839 = CARTESIAN_POINT('',(5.252364518208,2.501365734882));
#840 = CARTESIAN_POINT('',(5.237076769748,2.50014079408));
#841 = CARTESIAN_POINT('',(5.191816958988,2.490705484182));
#842 = CARTESIAN_POINT('',(5.163037371956,2.476522319988));
#843 = CARTESIAN_POINT('',(5.137052461535,2.45413880442));
#844 = CARTESIAN_POINT('',(5.114868696981,2.423901030356));
#845 = CARTESIAN_POINT('',(5.097346124847,2.386842691354));
#846 = CARTESIAN_POINT('',(5.085190654095,2.344752305988));
#847 = CARTESIAN_POINT('',(5.078817480463,2.299992148031));
#848 = CARTESIAN_POINT('',(5.078243565062,2.25465692867));
#849 = CARTESIAN_POINT('',(5.078239160347,2.25427606777));
#850 = CARTESIAN_POINT('',(5.078235172212,2.253895194194));
#851 = CARTESIAN_POINT('',(5.078231600666,2.253514309251));
#852 = CARTESIAN_POINT('',(5.078228445719,2.253133414294));
#853 = CARTESIAN_POINT('',(5.078225707379,2.252752510713));
#854 = CARTESIAN_POINT('',(5.078223385653,2.252371599945));
#855 = CARTESIAN_POINT('',(5.07822112644,2.2519198813));
#856 = CARTESIAN_POINT('',(5.078220786726,2.251849078938));
#857 = CARTESIAN_POINT('',(5.078220461405,2.251778276388));
#858 = CARTESIAN_POINT('',(5.078220150479,2.251707473658));
#859 = CARTESIAN_POINT('',(5.078219853946,2.25163667076));
#860 = CARTESIAN_POINT('',(5.078219571807,2.251565867701));
#861 = CARTESIAN_POINT('',(5.078219304062,2.251495064492));
#862 = CARTESIAN_POINT('',(5.07821879736,2.251353457866));
#863 = CARTESIAN_POINT('',(5.078218558403,2.251282654449));
#864 = CARTESIAN_POINT('',(5.078218333841,2.251211850901));
#865 = CARTESIAN_POINT('',(5.078218123672,2.251141047229));
#866 = CARTESIAN_POINT('',(5.078217927897,2.251070243445));
#867 = CARTESIAN_POINT('',(5.078217746516,2.250999439557));
#868 = CARTESIAN_POINT('',(5.078217579529,2.250928635574));
#869 = CARTESIAN_POINT('',(5.078217195843,2.250750603023));
#870 = CARTESIAN_POINT('',(5.078216997764,2.250643374345));
#871 = CARTESIAN_POINT('',(5.078216832698,2.250536145504));
#872 = CARTESIAN_POINT('',(5.078216700644,2.250428916534));
#873 = CARTESIAN_POINT('',(5.078216601605,2.250321687465));
#874 = CARTESIAN_POINT('',(5.078216535578,2.250214458332));
#875 = CARTESIAN_POINT('',(5.078216502565,2.250107229166));
#876 = CARTESIAN_POINT('',(5.078216502565,2.25));
#877 = ( GEOMETRIC_REPRESENTATION_CONTEXT(2) 
PARAMETRIC_REPRESENTATION_CONTEXT() REPRESENTATION_CONTEXT('2D SPACE',''
  ) );
#878 = PCURVE('',#879,#884);
#879 = CYLINDRICAL_SURFACE('',#880,0.25);
#880 = AXIS2_PLACEMENT_3D('',#881,#882,#883);
#881 = CARTESIAN_POINT('',(69.309655934289,14.25,-8.383847065422));
#882 = DIRECTION('',(-0.909059342886,0.,-0.416666666667));
#883 = DIRECTION('',(0.416666666667,0.,-0.909059342886));
#884 = DEFINITIONAL_REPRESENTATION('',(#885),#986);
#885 = B_SPLINE_CURVE_WITH_KNOTS('',8,(#886,#887,#888,#889,#890,#891,
    #892,#893,#894,#895,#896,#897,#898,#899,#900,#901,#902,#903,#904,
    #905,#906,#907,#908,#909,#910,#911,#912,#913,#914,#915,#916,#917,
    #918,#919,#920,#921,#922,#923,#924,#925,#926,#927,#928,#929,#930,
    #931,#932,#933,#934,#935,#936,#937,#938,#939,#940,#941,#942,#943,
    #944,#945,#946,#947,#948,#949,#950,#951,#952,#953,#954,#955,#956,
    #957,#958,#959,#960,#961,#962,#963,#964,#965,#966,#967,#968,#969,
    #970,#971,#972,#973,#974,#975,#976,#977,#978,#979,#980,#981,#982,
    #983,#984,#985),.UNSPECIFIED.,.F.,.F.,(9,7,7,7,7,7,7,7,7,7,7,7,7,7,9
    ),(0.,0.217960023284,0.324563758599,0.454858790845,0.500502687447,
    0.539844612026,0.562471642645,0.625018551092,0.67664416313,
    0.781941956334,0.996988062603,0.998809902181,0.999148533332,
    0.999487164124,1.),.UNSPECIFIED.);
#886 = CARTESIAN_POINT('',(0.,1.692168332809));
#887 = CARTESIAN_POINT('',(0.181987886712,1.692168332809));
#888 = CARTESIAN_POINT('',(0.363989585883,1.682510451104));
#889 = CARTESIAN_POINT('',(0.544937594262,1.663192125444));
#890 = CARTESIAN_POINT('',(0.724146730581,1.634568047312));
#891 = CARTESIAN_POINT('',(0.901123810857,1.597166667626));
#892 = CARTESIAN_POINT('',(1.075439214151,1.551830202546));
#893 = CARTESIAN_POINT('',(1.246618500721,1.499930406625));
#894 = CARTESIAN_POINT('',(1.495444027926,1.415975154215));
#895 = CARTESIAN_POINT('',(1.576342624196,1.387278430429));
#896 = CARTESIAN_POINT('',(1.656533010796,1.357616518051));
#897 = CARTESIAN_POINT('',(1.736126345282,1.327161712378));
#898 = CARTESIAN_POINT('',(1.815230396778,1.296106173821));
#899 = CARTESIAN_POINT('',(1.893957628974,1.264667942604));
#900 = CARTESIAN_POINT('',(1.972435384258,1.233099164645));
#901 = CARTESIAN_POINT('',(2.146620510548,1.163315064266));
#902 = CARTESIAN_POINT('',(2.241988203342,1.12529928474));
#903 = CARTESIAN_POINT('',(2.337895998777,1.08791246818));
#904 = CARTESIAN_POINT('',(2.434872052087,1.051715998019));
#905 = CARTESIAN_POINT('',(2.53322622832,1.017610086335));
#906 = CARTESIAN_POINT('',(2.633242506486,0.986816598677));
#907 = CARTESIAN_POINT('',(2.735382045015,0.960812749577));
#908 = CARTESIAN_POINT('',(2.877382767812,0.934362419826));
#909 = CARTESIAN_POINT('',(2.914580693669,0.92828994675));
#910 = CARTESIAN_POINT('',(2.952047993064,0.923099912062));
#911 = CARTESIAN_POINT('',(2.989717854962,0.918867434167));
#912 = CARTESIAN_POINT('',(3.027540920003,0.915650044114));
#913 = CARTESIAN_POINT('',(3.065480287078,0.913487873181));
#914 = CARTESIAN_POINT('',(3.103506519903,0.912403840464));
#915 = CARTESIAN_POINT('',(3.174420302204,0.912403840464));
#916 = CARTESIAN_POINT('',(3.207214221884,0.913209030246));
#917 = CARTESIAN_POINT('',(3.239956681246,0.914817109696));
#918 = CARTESIAN_POINT('',(3.27262414585,0.917215315001));
#919 = CARTESIAN_POINT('',(3.305186998125,0.92038051216));
#920 = CARTESIAN_POINT('',(3.337609257301,0.924279290483));
#921 = CARTESIAN_POINT('',(3.369848299339,0.92886805609));
#922 = CARTESIAN_POINT('',(3.420262599065,0.937098260658));
#923 = CARTESIAN_POINT('',(3.438602520428,0.940315395081));
#924 = CARTESIAN_POINT('',(3.456875261958,0.943736477796));
#925 = CARTESIAN_POINT('',(3.475080992325,0.947353150574));
#926 = CARTESIAN_POINT('',(3.493219127864,0.951156747857));
#927 = CARTESIAN_POINT('',(3.511288332566,0.955138296757));
#928 = CARTESIAN_POINT('',(3.529286518086,0.959288517054));
#929 = CARTESIAN_POINT('',(3.596758271072,0.975509841661));
#930 = CARTESIAN_POINT('',(3.645719763577,0.988632447177));
#931 = CARTESIAN_POINT('',(3.694170043488,1.002793609571));
#932 = CARTESIAN_POINT('',(3.742167638268,1.017833349869));
#933 = CARTESIAN_POINT('',(3.78976127084,1.033605535865));
#934 = CARTESIAN_POINT('',(3.836996249808,1.049979679686));
#935 = CARTESIAN_POINT('',(3.88392085969,1.06684273536));
#936 = CARTESIAN_POINT('',(3.969115278019,1.09834561523));
#937 = CARTESIAN_POINT('',(4.007488418021,1.112867870468));
#938 = CARTESIAN_POINT('',(4.045734964387,1.127611685373));
#939 = CARTESIAN_POINT('',(4.083879291314,1.142528078943));
#940 = CARTESIAN_POINT('',(4.121947886443,1.157574534407));
#941 = CARTESIAN_POINT('',(4.159969883349,1.172714467735));
#942 = CARTESIAN_POINT('',(4.197977594027,1.187916696152));
#943 = CARTESIAN_POINT('',(4.313573519028,1.234235408625));
#944 = CARTESIAN_POINT('',(4.391239340977,1.265468923476));
#945 = CARTESIAN_POINT('',(4.469153117567,1.296569118176));
#946 = CARTESIAN_POINT('',(4.547437825703,1.327292133562));
#947 = CARTESIAN_POINT('',(4.626202363614,1.357426730231));
#948 = CARTESIAN_POINT('',(4.705551137802,1.386786501313));
#949 = CARTESIAN_POINT('',(4.785591682163,1.415204152128));
#950 = CARTESIAN_POINT('',(5.031554714145,1.49833010005));
#951 = CARTESIAN_POINT('',(5.200637646598,1.549771460379));
#952 = CARTESIAN_POINT('',(5.372803194366,1.594846753366));
#953 = CARTESIAN_POINT('',(5.547597341728,1.632220064601));
#954 = CARTESIAN_POINT('',(5.724607454657,1.661058572604));
#955 = CARTESIAN_POINT('',(5.903356441435,1.680834451217));
#956 = CARTESIAN_POINT('',(6.083178830932,1.691191714026));
#957 = CARTESIAN_POINT('',(6.264556537859,1.692124355686));
#958 = CARTESIAN_POINT('',(6.266080237385,1.692131513529));
#959 = CARTESIAN_POINT('',(6.267603939538,1.69213799438));
#960 = CARTESIAN_POINT('',(6.269127644469,1.692143798233));
#961 = CARTESIAN_POINT('',(6.270651352162,1.692148925084));
#962 = CARTESIAN_POINT('',(6.272175062436,1.692153374926));
#963 = CARTESIAN_POINT('',(6.273698774943,1.692157147756));
#964 = CARTESIAN_POINT('',(6.275505706808,1.692160818995));
#965 = CARTESIAN_POINT('',(6.275788924506,1.692161371033));
#966 = CARTESIAN_POINT('',(6.276072142262,1.692161899681));
#967 = CARTESIAN_POINT('',(6.276355360071,1.692162404939));
#968 = CARTESIAN_POINT('',(6.276638577932,1.692162886806));
#969 = CARTESIAN_POINT('',(6.276921795842,1.692163345283));
#970 = CARTESIAN_POINT('',(6.277205013797,1.69216378037));
#971 = CARTESIAN_POINT('',(6.277771449494,1.692164603762));
#972 = CARTESIAN_POINT('',(6.278054667235,1.692164992068));
#973 = CARTESIAN_POINT('',(6.278337885016,1.692165356983));
#974 = CARTESIAN_POINT('',(6.278621102834,1.692165698508));
#975 = CARTESIAN_POINT('',(6.278904320687,1.692166016643));
#976 = CARTESIAN_POINT('',(6.279187538571,1.692166311387));
#977 = CARTESIAN_POINT('',(6.279470756483,1.692166582741));
#978 = CARTESIAN_POINT('',(6.280182890879,1.692167206231));
#979 = CARTESIAN_POINT('',(6.280611807394,1.69216752811));
#980 = CARTESIAN_POINT('',(6.281040723959,1.692167796343));
#981 = CARTESIAN_POINT('',(6.281469640564,1.692168010929));
#982 = CARTESIAN_POINT('',(6.281898557198,1.692168171869));
#983 = CARTESIAN_POINT('',(6.282327473852,1.692168279162));
#984 = CARTESIAN_POINT('',(6.282756390516,1.692168332809));
#985 = CARTESIAN_POINT('',(6.28318530718,1.692168332809));
#986 = ( GEOMETRIC_REPRESENTATION_CONTEXT(2) 
PARAMETRIC_REPRESENTATION_CONTEXT() REPRESENTATION_CONTEXT('2D SPACE',''
  ) );
#987 = ORIENTED_EDGE('',*,*,#988,.F.);
#988 = EDGE_CURVE('',#670,#24,#989,.T.);
#989 = SURFACE_CURVE('',#990,(#1091,#1195),.PCURVE_S1.);
#990 = B_SPLINE_CURVE_WITH_KNOTS('',8,(#991,#992,#993,#994,#995,#996,
    #997,#998,#999,#1000,#1001,#1002,#1003,#1004,#1005,#1006,#1007,#1008
    ,#1009,#1010,#1011,#1012,#1013,#1014,#1015,#1016,#1017,#1018,#1019,
    #1020,#1021,#1022,#1023,#1024,#1025,#1026,#1027,#1028,#1029,#1030,
    #1031,#1032,#1033,#1034,#1035,#1036,#1037,#1038,#1039,#1040,#1041,
    #1042,#1043,#1044,#1045,#1046,#1047,#1048,#1049,#1050,#1051,#1052,
    #1053,#1054,#1055,#1056,#1057,#1058,#1059,#1060,#1061,#1062,#1063,
    #1064,#1065,#1066,#1067,#1068,#1069,#1070,#1071,#1072,#1073,#1074,
    #1075,#1076,#1077,#1078,#1079,#1080,#1081,#1082,#1083,#1084,#1085,
    #1086,#1087,#1088,#1089,#1090),.UNSPECIFIED.,.T.,.F.,(9,7,7,7,7,7,7,
    7,7,7,7,7,7,7,9),(0.,0.217960023284,0.324563758599,0.454858790845,
    0.500502687447,0.539844612026,0.562471642645,0.625018551092,
    0.67664416313,0.781941956334,0.996988062603,0.998809902181,
    0.999148533332,0.999487164124,1.),.UNSPECIFIED.);
#991 = CARTESIAN_POINT('',(67.875541168279,14.25,-9.316182039814));
#992 = CARTESIAN_POINT('',(67.875541168279,14.204503028322,
    -9.316182039814));
#993 = CARTESIAN_POINT('',(67.880377933057,14.159002680785,
    -9.303555698628));
#994 = CARTESIAN_POINT('',(67.890052861291,14.116061345741,
    -9.27829991841));
#995 = CARTESIAN_POINT('',(67.904650091951,14.07815044696,-9.24144952828
    ));
#996 = CARTESIAN_POINT('',(67.924433656216,14.047159019925,
    -9.194848858469));
#997 = CARTESIAN_POINT('',(67.949528879336,14.024186819588,
    -9.140792655169));
#998 = CARTESIAN_POINT('',(67.979617205549,14.009612893974,
    -9.081878122695));
#999 = CARTESIAN_POINT('',(68.030337296297,13.999881671915,
    -8.99104369059));
#1000 = CARTESIAN_POINT('',(68.047976769102,13.998602747386,
    -8.960656339639));
#1001 = CARTESIAN_POINT('',(68.06653203278,13.999201984286,
    -8.929950555869));
#1002 = CARTESIAN_POINT('',(68.085918606546,14.001627725421,
    -8.899155532673));
#1003 = CARTESIAN_POINT('',(68.106028419954,14.005817591992,
    -8.868496673166));
#1004 = CARTESIAN_POINT('',(68.126724459874,14.011701301776,
    -8.838198346525));
#1005 = CARTESIAN_POINT('',(68.14783372131,14.019204526855,
    -8.808488250616));
#1006 = CARTESIAN_POINT('',(68.195177904982,14.039314136514,
    -8.7442992237));
#1007 = CARTESIAN_POINT('',(68.221429663792,14.052650455185,
    -8.710335928709));
#1008 = CARTESIAN_POINT('',(68.247680053398,14.068182541225,
    -8.677879157587));
#1009 = CARTESIAN_POINT('',(68.273500146793,14.085875412001,
    -8.647340422326));
#1010 = CARTESIAN_POINT('',(68.298189211884,14.105634385831,
    -8.619351414977));
#1011 = CARTESIAN_POINT('',(68.320759616576,14.127312061329,
    -8.594689854014));
#1012 = CARTESIAN_POINT('',(68.339986461489,14.150761436832,
    -8.574228639382));
#1013 = CARTESIAN_POINT('',(68.359645298554,14.184665029171,
    -8.55363836679));
#1014 = CARTESIAN_POINT('',(68.364170920092,14.193661346658,
    -8.548938171906));
#1015 = CARTESIAN_POINT('',(68.368047844459,14.202822468976,
    -8.544940539017));
#1016 = CARTESIAN_POINT('',(68.371215276316,14.212115106953,
    -8.541693112524));
#1017 = CARTESIAN_POINT('',(68.373626130595,14.221508107654,
    -8.539231239453));
#1018 = CARTESIAN_POINT('',(68.375247318242,14.230971987696,
    -8.537579043079));
#1019 = CARTESIAN_POINT('',(68.376060031963,14.240478466578,
    -8.53675049656));
#1020 = CARTESIAN_POINT('',(68.376060031963,14.258206912154,
    -8.53675049656));
#1021 = CARTESIAN_POINT('',(68.375456354242,14.266405366771,
    -8.537365882744));
#1022 = CARTESIAN_POINT('',(68.374250642419,14.274577535928,
    -8.538594720789));
#1023 = CARTESIAN_POINT('',(68.37245334758,14.282704109862,
    -8.540429179125));
#1024 = CARTESIAN_POINT('',(68.370083471583,14.290764600934,
    -8.542855193308));
#1025 = CARTESIAN_POINT('',(68.36716831037,14.2987376476,-8.545852130393
    ));
#1026 = CARTESIAN_POINT('',(68.363743197274,14.306601318369,
    -8.549392453306));
#1027 = CARTESIAN_POINT('',(68.357612837962,14.318780437787,
    -8.555770079289));
#1028 = CARTESIAN_POINT('',(68.355218854419,14.323186106153,
    -8.558268146451));
#1029 = CARTESIAN_POINT('',(68.352675902344,14.327548646492,
    -8.560930678543));
#1030 = CARTESIAN_POINT('',(68.349990817572,14.33186620431,
    -8.563752529856));
#1031 = CARTESIAN_POINT('',(68.34717066514,14.336136844992,
    -8.566728317135));
#1032 = CARTESIAN_POINT('',(68.344222739277,14.340358553802,
    -8.569852419579));
#1033 = CARTESIAN_POINT('',(68.341154563409,14.344529235887,
    -8.573118978839));
#1034 = CARTESIAN_POINT('',(68.329181694584,14.360028486735,
    -8.585928442059));
#1035 = CARTESIAN_POINT('',(68.319533373782,14.370998962505,
    -8.596372544491));
#1036 = CARTESIAN_POINT('',(68.309169949842,14.381543977515,
    -8.60774901258));
#1037 = CARTESIAN_POINT('',(68.298222064959,14.391649089861,
    -8.619958924405));
#1038 = CARTESIAN_POINT('',(68.286808503762,14.401300300819,
    -8.632910720136));
#1039 = CARTESIAN_POINT('',(68.275034715653,14.410484773864,
    -8.64652129231));
#1040 = CARTESIAN_POINT('',(68.26299133714,14.419191553683,
    -8.66071707611));
#1041 = CARTESIAN_POINT('',(68.240651073383,14.434197597309,
    -8.687583286621));
#1042 = CARTESIAN_POINT('',(68.230410566117,14.44065572322,
    -8.700094550056));
#1043 = CARTESIAN_POINT('',(68.220075624281,14.446779370016,
    -8.712931524788));
#1044 = CARTESIAN_POINT('',(68.209684691396,14.452562041374,
    -8.726060530267));
#1045 = CARTESIAN_POINT('',(68.199270740588,14.457997752522,
    -8.739451465113));
#1046 = CARTESIAN_POINT('',(68.18886179259,14.463080745216,
    -8.753077661675));
#1047 = CARTESIAN_POINT('',(68.178481433738,14.467805202705,
    -8.7669157406));
#1048 = CARTESIAN_POINT('',(68.147075543996,14.481057320637,
    -8.809561088556));
#1049 = CARTESIAN_POINT('',(68.126200278768,14.488433444687,
    -8.838977072462));
#1050 = CARTESIAN_POINT('',(68.105733350077,14.494222006714,
    -8.868963973149));
#1051 = CARTESIAN_POINT('',(68.085841866286,14.49835101233,
    -8.899301116033));
#1052 = CARTESIAN_POINT('',(68.066658493617,14.500752409777,
    -8.929770970073));
#1053 = CARTESIAN_POINT('',(68.048288130881,14.501365734882,
    -8.960155020965));
#1054 = CARTESIAN_POINT('',(68.030812997634,14.50014079408,
    -8.990231143369));
#1055 = CARTESIAN_POINT('',(67.980564309824,14.490705484182,
    -9.080103724489));
#1056 = CARTESIAN_POINT('',(67.950707289655,14.476522319988,
    -9.138422661754));
#1057 = CARTESIAN_POINT('',(67.925708672037,14.454138804421,
    -9.192062820355));
#1058 = CARTESIAN_POINT('',(67.905888463558,14.423901030356,
    -9.238516177643));
#1059 = CARTESIAN_POINT('',(67.891141152311,14.386842691355,
    -9.275553762285));
#1060 = CARTESIAN_POINT('',(67.881218083443,14.344752305988,
    -9.301366290638));
#1061 = CARTESIAN_POINT('',(67.876030294514,14.299992148031,
    -9.314905302191));
#1062 = CARTESIAN_POINT('',(67.875563192979,14.25465692867,
    -9.31612454694));
#1063 = CARTESIAN_POINT('',(67.875559608101,14.25427606777,
    -9.316133904483));
#1064 = CARTESIAN_POINT('',(67.87555636231,14.253895194194,
    -9.316142377046));
#1065 = CARTESIAN_POINT('',(67.8755534556,14.253514309251,
    -9.316149964601));
#1066 = CARTESIAN_POINT('',(67.875550887965,14.253133414294,
    -9.316156667125));
#1067 = CARTESIAN_POINT('',(67.875548659402,14.252752510713,
    -9.316162484596));
#1068 = CARTESIAN_POINT('',(67.875546769906,14.252371599945,
    -9.316167416994));
#1069 = CARTESIAN_POINT('',(67.875544931294,14.2519198813,-9.31617221659
    ));
#1070 = CARTESIAN_POINT('',(67.875544654825,14.251849078938,
    -9.316172938297));
#1071 = CARTESIAN_POINT('',(67.875544390071,14.251778276388,
    -9.316173629426));
#1072 = CARTESIAN_POINT('',(67.875544137031,14.251707473658,
    -9.316174289976));
#1073 = CARTESIAN_POINT('',(67.875543895705,14.25163667076,
    -9.316174919947));
#1074 = CARTESIAN_POINT('',(67.875543666093,14.251565867701,
    -9.316175519339));
#1075 = CARTESIAN_POINT('',(67.875543448196,14.251495064492,
    -9.316176088151));
#1076 = CARTESIAN_POINT('',(67.87554303583,14.251353457866,
    -9.316177164617));
#1077 = CARTESIAN_POINT('',(67.875542841362,14.251282654449,
    -9.31617767227));
#1078 = CARTESIAN_POINT('',(67.875542658607,14.251211850901,
    -9.316178149345));
#1079 = CARTESIAN_POINT('',(67.875542487567,14.251141047229,
    -9.31617859584));
#1080 = CARTESIAN_POINT('',(67.875542328242,14.251070243445,
    -9.316179011755));
#1081 = CARTESIAN_POINT('',(67.87554218063,14.250999439557,
    -9.316179397091));
#1082 = CARTESIAN_POINT('',(67.875542044733,14.250928635574,
    -9.316179751848));
#1083 = CARTESIAN_POINT('',(67.875541732482,14.250750603023,
    -9.316180566972));
#1084 = CARTESIAN_POINT('',(67.875541571281,14.250643374345,
    -9.316180987783));
#1085 = CARTESIAN_POINT('',(67.875541436947,14.250536145504,
    -9.31618133846));
#1086 = CARTESIAN_POINT('',(67.87554132948,14.250428916534,
    -9.316181619001));
#1087 = CARTESIAN_POINT('',(67.875541248879,14.250321687465,
    -9.316181829407));
#1088 = CARTESIAN_POINT('',(67.875541195146,14.250214458332,
    -9.316181969678));
#1089 = CARTESIAN_POINT('',(67.875541168279,14.250107229166,
    -9.316182039814));
#1090 = CARTESIAN_POINT('',(67.875541168279,14.25,-9.316182039814));
#1091 = PCURVE('',#33,#1092);
#1092 = DEFINITIONAL_REPRESENTATION('',(#1093),#1194);
#1093 = B_SPLINE_CURVE_WITH_KNOTS('',8,(#1094,#1095,#1096,#1097,#1098,
    #1099,#1100,#1101,#1102,#1103,#1104,#1105,#1106,#1107,#1108,#1109,
    #1110,#1111,#1112,#1113,#1114,#1115,#1116,#1117,#1118,#1119,#1120,
    #1121,#1122,#1123,#1124,#1125,#1126,#1127,#1128,#1129,#1130,#1131,
    #1132,#1133,#1134,#1135,#1136,#1137,#1138,#1139,#1140,#1141,#1142,
    #1143,#1144,#1145,#1146,#1147,#1148,#1149,#1150,#1151,#1152,#1153,
    #1154,#1155,#1156,#1157,#1158,#1159,#1160,#1161,#1162,#1163,#1164,
    #1165,#1166,#1167,#1168,#1169,#1170,#1171,#1172,#1173,#1174,#1175,
    #1176,#1177,#1178,#1179,#1180,#1181,#1182,#1183,#1184,#1185,#1186,
    #1187,#1188,#1189,#1190,#1191,#1192,#1193),.UNSPECIFIED.,.F.,.F.,(9,
    7,7,7,7,7,7,7,7,7,7,7,7,7,9),(0.,0.217960023284,0.324563758599,
    0.454858790845,0.500502687447,0.539844612026,0.562471642645,
    0.625018551092,0.67664416313,0.781941956334,0.996988062603,
    0.998809902181,0.999148533332,0.999487164124,1.),.UNSPECIFIED.);
#1094 = CARTESIAN_POINT('',(5.078216502565,2.25));
#1095 = CARTESIAN_POINT('',(5.078216502565,2.204503028322));
#1096 = CARTESIAN_POINT('',(5.084159858458,2.159002680785));
#1097 = CARTESIAN_POINT('',(5.09604774961,2.116061345741));
#1098 = CARTESIAN_POINT('',(5.113469953022,2.07815044696));
#1099 = CARTESIAN_POINT('',(5.135706979232,2.047159019925));
#1100 = CARTESIAN_POINT('',(5.161874692811,2.024186819588));
#1101 = CARTESIAN_POINT('',(5.19093301639,2.009612893974));
#1102 = CARTESIAN_POINT('',(5.236662983399,1.999881671915));
#1103 = CARTESIAN_POINT('',(5.252105250743,1.998602747386));
#1104 = CARTESIAN_POINT('',(5.267871137517,1.999201984286));
#1105 = CARTESIAN_POINT('',(5.283860972068,2.001627725421));
#1106 = CARTESIAN_POINT('',(5.299972119801,2.005817591992));
#1107 = CARTESIAN_POINT('',(5.316095938645,2.011701301776));
#1108 = CARTESIAN_POINT('',(5.332113513202,2.019204526855));
#1109 = CARTESIAN_POINT('',(5.367172978697,2.039314136514));
#1110 = CARTESIAN_POINT('',(5.386036843045,2.052650455185));
#1111 = CARTESIAN_POINT('',(5.404378440709,2.068182541225));
#1112 = CARTESIAN_POINT('',(5.421948889033,2.085875412001));
#1113 = CARTESIAN_POINT('',(5.438348399845,2.105634385831));
#1114 = CARTESIAN_POINT('',(5.453041176667,2.127312061329));
#1115 = CARTESIAN_POINT('',(5.465382444699,2.150761436832));
#1116 = CARTESIAN_POINT('',(5.477895868093,2.184665029171));
#1117 = CARTESIAN_POINT('',(5.480763889385,2.193661346658));
#1118 = CARTESIAN_POINT('',(5.483211694482,2.202822468976));
#1119 = CARTESIAN_POINT('',(5.485205680581,2.212115106953));
#1120 = CARTESIAN_POINT('',(5.486720285237,2.221508107654));
#1121 = CARTESIAN_POINT('',(5.487737753742,2.230971987696));
#1122 = CARTESIAN_POINT('',(5.488247906523,2.240478466578));
#1123 = CARTESIAN_POINT('',(5.488247906523,2.258206912154));
#1124 = CARTESIAN_POINT('',(5.48786898499,2.266405366771));
#1125 = CARTESIAN_POINT('',(5.487112252276,2.274577535928));
#1126 = CARTESIAN_POINT('',(5.485983385591,2.282704109862));
#1127 = CARTESIAN_POINT('',(5.484492647752,2.290764600934));
#1128 = CARTESIAN_POINT('',(5.48265490594,2.2987376476));
#1129 = CARTESIAN_POINT('',(5.480489650448,2.306601318369));
#1130 = CARTESIAN_POINT('',(5.476601206813,2.318780437787));
#1131 = CARTESIAN_POINT('',(5.47508033561,2.323186106153));
#1132 = CARTESIAN_POINT('',(5.47346196411,2.327548646492));
#1133 = CARTESIAN_POINT('',(5.471749798192,2.33186620431));
#1134 = CARTESIAN_POINT('',(5.469947685326,2.336136844992));
#1135 = CARTESIAN_POINT('',(5.468059614583,2.340358553802));
#1136 = CARTESIAN_POINT('',(5.466089716629,2.344529235887));
#1137 = CARTESIAN_POINT('',(5.458382579452,2.360028486735));
#1138 = CARTESIAN_POINT('',(5.452132732681,2.370998962505));
#1139 = CARTESIAN_POINT('',(5.445368581269,2.381543977515));
#1140 = CARTESIAN_POINT('',(5.438160559389,2.391649089861));
#1141 = CARTESIAN_POINT('',(5.430572925953,2.401300300819));
#1142 = CARTESIAN_POINT('',(5.422663013023,2.410484773864));
#1143 = CARTESIAN_POINT('',(5.414480474231,2.419191553683));
#1144 = CARTESIAN_POINT('',(5.399121747807,2.434197597309));
#1145 = CARTESIAN_POINT('',(5.392015210969,2.44065572322));
#1146 = CARTESIAN_POINT('',(5.384771538061,2.446779370016));
#1147 = CARTESIAN_POINT('',(5.377412308601,2.452562041374));
#1148 = CARTESIAN_POINT('',(5.369956283582,2.457997752522));
#1149 = CARTESIAN_POINT('',(5.362419622802,2.463080745216));
#1150 = CARTESIAN_POINT('',(5.354816102198,2.467805202705));
#1151 = CARTESIAN_POINT('',(5.331536176194,2.481057320637));
#1152 = CARTESIAN_POINT('',(5.315683487443,2.488433444687));
#1153 = CARTESIAN_POINT('',(5.299729364165,2.494222006714));
#1154 = CARTESIAN_POINT('',(5.283788918684,2.49835101233));
#1155 = CARTESIAN_POINT('',(5.267967457144,2.500752409777));
#1156 = CARTESIAN_POINT('',(5.252364518208,2.501365734882));
#1157 = CARTESIAN_POINT('',(5.237076769748,2.50014079408));
#1158 = CARTESIAN_POINT('',(5.191816958988,2.490705484182));
#1159 = CARTESIAN_POINT('',(5.163037371956,2.476522319988));
#1160 = CARTESIAN_POINT('',(5.137052461535,2.45413880442));
#1161 = CARTESIAN_POINT('',(5.114868696981,2.423901030356));
#1162 = CARTESIAN_POINT('',(5.097346124847,2.386842691354));
#1163 = CARTESIAN_POINT('',(5.085190654095,2.344752305988));
#1164 = CARTESIAN_POINT('',(5.078817480463,2.299992148031));
#1165 = CARTESIAN_POINT('',(5.078243565062,2.25465692867));
#1166 = CARTESIAN_POINT('',(5.078239160347,2.25427606777));
#1167 = CARTESIAN_POINT('',(5.078235172212,2.253895194194));
#1168 = CARTESIAN_POINT('',(5.078231600666,2.253514309251));
#1169 = CARTESIAN_POINT('',(5.078228445719,2.253133414294));
#1170 = CARTESIAN_POINT('',(5.078225707379,2.252752510713));
#1171 = CARTESIAN_POINT('',(5.078223385653,2.252371599945));
#1172 = CARTESIAN_POINT('',(5.07822112644,2.2519198813));
#1173 = CARTESIAN_POINT('',(5.078220786726,2.251849078938));
#1174 = CARTESIAN_POINT('',(5.078220461405,2.251778276388));
#1175 = CARTESIAN_POINT('',(5.078220150479,2.251707473658));
#1176 = CARTESIAN_POINT('',(5.078219853946,2.25163667076));
#1177 = CARTESIAN_POINT('',(5.078219571807,2.251565867701));
#1178 = CARTESIAN_POINT('',(5.078219304062,2.251495064492));
#1179 = CARTESIAN_POINT('',(5.07821879736,2.251353457866));
#1180 = CARTESIAN_POINT('',(5.078218558403,2.251282654449));
#1181 = CARTESIAN_POINT('',(5.078218333841,2.251211850901));
#1182 = CARTESIAN_POINT('',(5.078218123672,2.251141047229));
#1183 = CARTESIAN_POINT('',(5.078217927897,2.251070243445));
#1184 = CARTESIAN_POINT('',(5.078217746516,2.250999439557));
#1185 = CARTESIAN_POINT('',(5.078217579529,2.250928635574));
#1186 = CARTESIAN_POINT('',(5.078217195843,2.250750603023));
#1187 = CARTESIAN_POINT('',(5.078216997764,2.250643374345));
#1188 = CARTESIAN_POINT('',(5.078216832698,2.250536145504));
#1189 = CARTESIAN_POINT('',(5.078216700644,2.250428916534));
#1190 = CARTESIAN_POINT('',(5.078216601605,2.250321687465));
#1191 = CARTESIAN_POINT('',(5.078216535578,2.250214458332));
#1192 = CARTESIAN_POINT('',(5.078216502565,2.250107229166));
#1193 = CARTESIAN_POINT('',(5.078216502565,2.25));
#1194 = ( GEOMETRIC_REPRESENTATION_CONTEXT(2) 
PARAMETRIC_REPRESENTATION_CONTEXT() REPRESENTATION_CONTEXT('2D SPACE',''
  ) );
#1195 = PCURVE('',#879,#1196);
#1196 = DEFINITIONAL_REPRESENTATION('',(#1197),#1298);
#1197 = B_SPLINE_CURVE_WITH_KNOTS('',8,(#1198,#1199,#1200,#1201,#1202,
    #1203,#1204,#1205,#1206,#1207,#1208,#1209,#1210,#1211,#1212,#1213,
    #1214,#1215,#1216,#1217,#1218,#1219,#1220,#1221,#1222,#1223,#1224,
    #1225,#1226,#1227,#1228,#1229,#1230,#1231,#1232,#1233,#1234,#1235,
    #1236,#1237,#1238,#1239,#1240,#1241,#1242,#1243,#1244,#1245,#1246,
    #1247,#1248,#1249,#1250,#1251,#1252,#1253,#1254,#1255,#1256,#1257,
    #1258,#1259,#1260,#1261,#1262,#1263,#1264,#1265,#1266,#1267,#1268,
    #1269,#1270,#1271,#1272,#1273,#1274,#1275,#1276,#1277,#1278,#1279,
    #1280,#1281,#1282,#1283,#1284,#1285,#1286,#1287,#1288,#1289,#1290,
    #1291,#1292,#1293,#1294,#1295,#1296,#1297),.UNSPECIFIED.,.F.,.F.,(9,
    7,7,7,7,7,7,7,7,7,7,7,7,7,9),(0.,0.217960023284,0.324563758599,
    0.454858790845,0.500502687447,0.539844612026,0.562471642645,
    0.625018551092,0.67664416313,0.781941956334,0.996988062603,
    0.998809902181,0.999148533332,0.999487164124,1.),.UNSPECIFIED.);
#1198 = CARTESIAN_POINT('',(0.,1.692168332809));
#1199 = CARTESIAN_POINT('',(0.181987886712,1.692168332809));
#1200 = CARTESIAN_POINT('',(0.363989585883,1.682510451104));
#1201 = CARTESIAN_POINT('',(0.544937594262,1.663192125444));
#1202 = CARTESIAN_POINT('',(0.724146730581,1.634568047312));
#1203 = CARTESIAN_POINT('',(0.901123810857,1.597166667626));
#1204 = CARTESIAN_POINT('',(1.075439214151,1.551830202546));
#1205 = CARTESIAN_POINT('',(1.246618500721,1.499930406625));
#1206 = CARTESIAN_POINT('',(1.495444027926,1.415975154215));
#1207 = CARTESIAN_POINT('',(1.576342624196,1.387278430429));
#1208 = CARTESIAN_POINT('',(1.656533010796,1.357616518051));
#1209 = CARTESIAN_POINT('',(1.736126345282,1.327161712378));
#1210 = CARTESIAN_POINT('',(1.815230396778,1.296106173821));
#1211 = CARTESIAN_POINT('',(1.893957628974,1.264667942604));
#1212 = CARTESIAN_POINT('',(1.972435384258,1.233099164645));
#1213 = CARTESIAN_POINT('',(2.146620510548,1.163315064266));
#1214 = CARTESIAN_POINT('',(2.241988203342,1.12529928474));
#1215 = CARTESIAN_POINT('',(2.337895998777,1.08791246818));
#1216 = CARTESIAN_POINT('',(2.434872052087,1.051715998019));
#1217 = CARTESIAN_POINT('',(2.53322622832,1.017610086335));
#1218 = CARTESIAN_POINT('',(2.633242506486,0.986816598677));
#1219 = CARTESIAN_POINT('',(2.735382045015,0.960812749577));
#1220 = CARTESIAN_POINT('',(2.877382767812,0.934362419826));
#1221 = CARTESIAN_POINT('',(2.914580693669,0.92828994675));
#1222 = CARTESIAN_POINT('',(2.952047993064,0.923099912062));
#1223 = CARTESIAN_POINT('',(2.989717854962,0.918867434167));
#1224 = CARTESIAN_POINT('',(3.027540920003,0.915650044114));
#1225 = CARTESIAN_POINT('',(3.065480287078,0.913487873181));
#1226 = CARTESIAN_POINT('',(3.103506519903,0.912403840464));
#1227 = CARTESIAN_POINT('',(3.174420302204,0.912403840464));
#1228 = CARTESIAN_POINT('',(3.207214221884,0.913209030246));
#1229 = CARTESIAN_POINT('',(3.239956681246,0.914817109696));
#1230 = CARTESIAN_POINT('',(3.27262414585,0.917215315001));
#1231 = CARTESIAN_POINT('',(3.305186998125,0.92038051216));
#1232 = CARTESIAN_POINT('',(3.337609257301,0.924279290483));
#1233 = CARTESIAN_POINT('',(3.369848299339,0.92886805609));
#1234 = CARTESIAN_POINT('',(3.420262599065,0.937098260658));
#1235 = CARTESIAN_POINT('',(3.438602520428,0.940315395081));
#1236 = CARTESIAN_POINT('',(3.456875261958,0.943736477796));
#1237 = CARTESIAN_POINT('',(3.475080992325,0.947353150574));
#1238 = CARTESIAN_POINT('',(3.493219127864,0.951156747857));
#1239 = CARTESIAN_POINT('',(3.511288332566,0.955138296757));
#1240 = CARTESIAN_POINT('',(3.529286518086,0.959288517054));
#1241 = CARTESIAN_POINT('',(3.596758271072,0.975509841661));
#1242 = CARTESIAN_POINT('',(3.645719763577,0.988632447177));
#1243 = CARTESIAN_POINT('',(3.694170043488,1.002793609571));
#1244 = CARTESIAN_POINT('',(3.742167638268,1.017833349869));
#1245 = CARTESIAN_POINT('',(3.78976127084,1.033605535865));
#1246 = CARTESIAN_POINT('',(3.836996249808,1.049979679686));
#1247 = CARTESIAN_POINT('',(3.88392085969,1.06684273536));
#1248 = CARTESIAN_POINT('',(3.969115278019,1.09834561523));
#1249 = CARTESIAN_POINT('',(4.007488418021,1.112867870468));
#1250 = CARTESIAN_POINT('',(4.045734964387,1.127611685373));
#1251 = CARTESIAN_POINT('',(4.083879291314,1.142528078943));
#1252 = CARTESIAN_POINT('',(4.121947886443,1.157574534407));
#1253 = CARTESIAN_POINT('',(4.159969883349,1.172714467735));
#1254 = CARTESIAN_POINT('',(4.197977594027,1.187916696152));
#1255 = CARTESIAN_POINT('',(4.313573519028,1.234235408625));
#1256 = CARTESIAN_POINT('',(4.391239340977,1.265468923476));
#1257 = CARTESIAN_POINT('',(4.469153117567,1.296569118176));
#1258 = CARTESIAN_POINT('',(4.547437825703,1.327292133562));
#1259 = CARTESIAN_POINT('',(4.626202363614,1.357426730231));
#1260 = CARTESIAN_POINT('',(4.705551137802,1.386786501313));
#1261 = CARTESIAN_POINT('',(4.785591682163,1.415204152128));
#1262 = CARTESIAN_POINT('',(5.031554714145,1.49833010005));
#1263 = CARTESIAN_POINT('',(5.200637646598,1.549771460379));
#1264 = CARTESIAN_POINT('',(5.372803194366,1.594846753366));
#1265 = CARTESIAN_POINT('',(5.547597341728,1.632220064601));
#1266 = CARTESIAN_POINT('',(5.724607454657,1.661058572604));
#1267 = CARTESIAN_POINT('',(5.903356441435,1.680834451217));
#1268 = CARTESIAN_POINT('',(6.083178830932,1.691191714026));
#1269 = CARTESIAN_POINT('',(6.264556537859,1.692124355686));
#1270 = CARTESIAN_POINT('',(6.266080237385,1.692131513529));
#1271 = CARTESIAN_POINT('',(6.267603939538,1.69213799438));
#1272 = CARTESIAN_POINT('',(6.269127644469,1.692143798233));
#1273 = CARTESIAN_POINT('',(6.270651352162,1.692148925084));
#1274 = CARTESIAN_POINT('',(6.272175062436,1.692153374926));
#1275 = CARTESIAN_POINT('',(6.273698774943,1.692157147756));
#1276 = CARTESIAN_POINT('',(6.275505706808,1.692160818995));
#1277 = CARTESIAN_POINT('',(6.275788924506,1.692161371033));
#1278 = CARTESIAN_POINT('',(6.276072142262,1.692161899681));
#1279 = CARTESIAN_POINT('',(6.276355360071,1.692162404939));
#1280 = CARTESIAN_POINT('',(6.276638577932,1.692162886806));
#1281 = CARTESIAN_POINT('',(6.276921795842,1.692163345283));
#1282 = CARTESIAN_POINT('',(6.277205013797,1.69216378037));
#1283 = CARTESIAN_POINT('',(6.277771449494,1.692164603762));
#1284 = CARTESIAN_POINT('',(6.278054667235,1.692164992068));
#1285 = CARTESIAN_POINT('',(6.278337885016,1.692165356983));
#1286 = CARTESIAN_POINT('',(6.278621102834,1.692165698508));
#1287 = CARTESIAN_POINT('',(6.278904320687,1.692166016643));
#1288 = CARTESIAN_POINT('',(6.279187538571,1.692166311387));
#1289 = CARTESIAN_POINT('',(6.279470756483,1.692166582741));
#1290 = CARTESIAN_POINT('',(6.280182890879,1.692167206231));
#1291 = CARTESIAN_POINT('',(6.280611807394,1.69216752811));
#1292 = CARTESIAN_POINT('',(6.281040723959,1.692167796343));
#1293 = CARTESIAN_POINT('',(6.281469640564,1.692168010929));
#1294 = CARTESIAN_POINT('',(6.281898557198,1.692168171869));
#1295 = CARTESIAN_POINT('',(6.282327473852,1.692168279162));
#1296 = CARTESIAN_POINT('',(6.282756390516,1.692168332809));
#1297 = CARTESIAN_POINT('',(6.28318530718,1.692168332809));
#1298 = ( GEOMETRIC_REPRESENTATION_CONTEXT(2) 
PARAMETRIC_REPRESENTATION_CONTEXT() REPRESENTATION_CONTEXT('2D SPACE',''
  ) );
#1299 = ADVANCED_FACE('',(#1300,#1304,#1411),#45,.T.);
#1300 = FACE_BOUND('',#1301,.T.);
#1301 = EDGE_LOOP('',(#1302,#1303));
#1302 = ORIENTED_EDGE('',*,*,#132,.T.);
#1303 = ORIENTED_EDGE('',*,*,#21,.T.);
#1304 = FACE_BOUND('',#1305,.T.);
#1305 = EDGE_LOOP('',(#1306,#1334,#1355));
#1306 = ORIENTED_EDGE('',*,*,#1307,.T.);
#1307 = EDGE_CURVE('',#1308,#1310,#1312,.T.);
#1308 = VERTEX_POINT('',#1309);
#1309 = CARTESIAN_POINT('',(68.973801025722,14.5,-8.425513732088));
#1310 = VERTEX_POINT('',#1311);
#1311 = CARTESIAN_POINT('',(69.21875,14.5,-8.425513732088));
#1312 = SURFACE_CURVE('',#1313,(#1317,#1323),.PCURVE_S1.);
#1313 = LINE('',#1314,#1315);
#1314 = CARTESIAN_POINT('',(69.609375,14.5,-8.425513732088));
#1315 = VECTOR('',#1316,1.);
#1316 = DIRECTION('',(1.,0.,0.));
#1317 = PCURVE('',#45,#1318);
#1318 = DEFINITIONAL_REPRESENTATION('',(#1319),#1322);
#1319 = B_SPLINE_CURVE_WITH_KNOTS('',1,(#1320,#1321),.UNSPECIFIED.,.F.,
  .F.,(2,2),(-0.740625,-4.0625E-02),.PIECEWISE_BEZIER_KNOTS.);
#1320 = CARTESIAN_POINT('',(1.704486267912,-1.13125));
#1321 = CARTESIAN_POINT('',(1.704486267912,-0.43125));
#1322 = ( GEOMETRIC_REPRESENTATION_CONTEXT(2) 
PARAMETRIC_REPRESENTATION_CONTEXT() REPRESENTATION_CONTEXT('2D SPACE',''
  ) );
#1323 = PCURVE('',#1324,#1329);
#1324 = PLANE('',#1325);
#1325 = AXIS2_PLACEMENT_3D('',#1326,#1327,#1328);
#1326 = CARTESIAN_POINT('',(69.21875,14.25,-8.425513732088));
#1327 = DIRECTION('',(0.,0.,1.));
#1328 = DIRECTION('',(1.,0.,-0.));
#1329 = DEFINITIONAL_REPRESENTATION('',(#1330),#1333);
#1330 = B_SPLINE_CURVE_WITH_KNOTS('',1,(#1331,#1332),.UNSPECIFIED.,.F.,
  .F.,(2,2),(-0.740625,-4.0625E-02),.PIECEWISE_BEZIER_KNOTS.);
#1331 = CARTESIAN_POINT('',(-0.35,0.25));
#1332 = CARTESIAN_POINT('',(0.35,0.25));
#1333 = ( GEOMETRIC_REPRESENTATION_CONTEXT(2) 
PARAMETRIC_REPRESENTATION_CONTEXT() REPRESENTATION_CONTEXT('2D SPACE',''
  ) );
#1334 = ORIENTED_EDGE('',*,*,#1335,.T.);
#1335 = EDGE_CURVE('',#1310,#1336,#1338,.T.);
#1336 = VERTEX_POINT('',#1337);
#1337 = CARTESIAN_POINT('',(69.463698974278,14.5,-8.425513732088));
#1338 = SURFACE_CURVE('',#1339,(#1343,#1349),.PCURVE_S1.);
#1339 = LINE('',#1340,#1341);
#1340 = CARTESIAN_POINT('',(69.609375,14.5,-8.425513732088));
#1341 = VECTOR('',#1342,1.);
#1342 = DIRECTION('',(1.,0.,0.));
#1343 = PCURVE('',#45,#1344);
#1344 = DEFINITIONAL_REPRESENTATION('',(#1345),#1348);
#1345 = B_SPLINE_CURVE_WITH_KNOTS('',1,(#1346,#1347),.UNSPECIFIED.,.F.,
  .F.,(2,2),(-0.740625,-4.0625E-02),.PIECEWISE_BEZIER_KNOTS.);
#1346 = CARTESIAN_POINT('',(1.704486267912,-1.13125));
#1347 = CARTESIAN_POINT('',(1.704486267912,-0.43125));
#1348 = ( GEOMETRIC_REPRESENTATION_CONTEXT(2) 
PARAMETRIC_REPRESENTATION_CONTEXT() REPRESENTATION_CONTEXT('2D SPACE',''
  ) );
#1349 = PCURVE('',#1324,#1350);
#1350 = DEFINITIONAL_REPRESENTATION('',(#1351),#1354);
#1351 = B_SPLINE_CURVE_WITH_KNOTS('',1,(#1352,#1353),.UNSPECIFIED.,.F.,
  .F.,(2,2),(-0.740625,-4.0625E-02),.PIECEWISE_BEZIER_KNOTS.);
#1352 = CARTESIAN_POINT('',(-0.35,0.25));
#1353 = CARTESIAN_POINT('',(0.35,0.25));
#1354 = ( GEOMETRIC_REPRESENTATION_CONTEXT(2) 
PARAMETRIC_REPRESENTATION_CONTEXT() REPRESENTATION_CONTEXT('2D SPACE',''
  ) );
#1355 = ORIENTED_EDGE('',*,*,#1356,.F.);
#1356 = EDGE_CURVE('',#1308,#1336,#1357,.T.);
#1357 = SURFACE_CURVE('',#1358,(#1363,#1370),.PCURVE_S1.);
#1358 = CIRCLE('',#1359,0.244948974278);
#1359 = AXIS2_PLACEMENT_3D('',#1360,#1361,#1362);
#1360 = CARTESIAN_POINT('',(69.21875,14.5,-8.425513732088));
#1361 = DIRECTION('',(0.,1.,0.));
#1362 = DIRECTION('',(0.,-0.,1.));
#1363 = PCURVE('',#45,#1364);
#1364 = DEFINITIONAL_REPRESENTATION('',(#1365),#1369);
#1365 = CIRCLE('',#1366,0.244948974278);
#1366 = AXIS2_PLACEMENT_2D('',#1367,#1368);
#1367 = CARTESIAN_POINT('',(1.704486267912,-0.78125));
#1368 = DIRECTION('',(1.,0.));
#1369 = ( GEOMETRIC_REPRESENTATION_CONTEXT(2) 
PARAMETRIC_REPRESENTATION_CONTEXT() REPRESENTATION_CONTEXT('2D SPACE',''
  ) );
#1370 = PCURVE('',#1371,#1376);
#1371 = SPHERICAL_SURFACE('',#1372,0.35);
#1372 = AXIS2_PLACEMENT_3D('',#1373,#1374,#1375);
#1373 = CARTESIAN_POINT('',(69.21875,14.25,-8.425513732088));
#1374 = DIRECTION('',(0.,0.,1.));
#1375 = DIRECTION('',(1.,0.,-0.));
#1376 = DEFINITIONAL_REPRESENTATION('',(#1377),#1410);
#1377 = B_SPLINE_CURVE_WITH_KNOTS('',7,(#1378,#1379,#1380,#1381,#1382,
    #1383,#1384,#1385,#1386,#1387,#1388,#1389,#1390,#1391,#1392,#1393,
    #1394,#1395,#1396,#1397,#1398,#1399,#1400,#1401,#1402,#1403,#1404,
    #1405,#1406,#1407,#1408,#1409),.UNSPECIFIED.,.F.,.F.,(8,6,6,6,6,8),(
    4.712388980385,5.497787143782,6.08683576633,6.528622233241,
    7.191301933608,7.853981633974),.UNSPECIFIED.);
#1378 = CARTESIAN_POINT('',(2.345989700105,0.));
#1379 = CARTESIAN_POINT('',(2.345989700105,7.85234589895E-02));
#1380 = CARTESIAN_POINT('',(2.33864681415,0.157046588392));
#1381 = CARTESIAN_POINT('',(2.323968701858,0.234748180774));
#1382 = CARTESIAN_POINT('',(2.301487420539,0.310795290951));
#1383 = CARTESIAN_POINT('',(2.270397804945,0.384240919189));
#1384 = CARTESIAN_POINT('',(2.229210593247,0.453789965004));
#1385 = CARTESIAN_POINT('',(2.137295084924,0.565610006999));
#1386 = CARTESIAN_POINT('',(2.09152828434,0.610354389684));
#1387 = CARTESIAN_POINT('',(2.038856400915,0.651178014044));
#1388 = CARTESIAN_POINT('',(1.978899433009,0.687214683698));
#1389 = CARTESIAN_POINT('',(1.911459582705,0.71741583355));
#1390 = CARTESIAN_POINT('',(1.837681604305,0.740737226622));
#1391 = CARTESIAN_POINT('',(1.701155545067,0.768385621164));
#1392 = CARTESIAN_POINT('',(1.640264121164,0.776003335686));
#1393 = CARTESIAN_POINT('',(1.577853971557,0.779116469363));
#1394 = CARTESIAN_POINT('',(1.515149836798,0.777568880185));
#1395 = CARTESIAN_POINT('',(1.453442988094,0.771403772458));
#1396 = CARTESIAN_POINT('',(1.393842731977,0.760853520879));
#1397 = CARTESIAN_POINT('',(1.251926150978,0.724311753184));
#1398 = CARTESIAN_POINT('',(1.173155891014,0.693238694891));
#1399 = CARTESIAN_POINT('',(1.10331407043,0.654092958563));
#1400 = CARTESIAN_POINT('',(1.043192813592,0.608470861018));
#1401 = CARTESIAN_POINT('',(0.991941766367,0.557743969779));
#1402 = CARTESIAN_POINT('',(0.948842743716,0.502997256242));
#1403 = CARTESIAN_POINT('',(0.877359302853,0.387256548263));
#1404 = CARTESIAN_POINT('',(0.848980249606,0.32626188454));
#1405 = CARTESIAN_POINT('',(0.827184184803,0.263037134689));
#1406 = CARTESIAN_POINT('',(0.81128718859,0.198267611542));
#1407 = CARTESIAN_POINT('',(0.800828285642,0.132508405203));
#1408 = CARTESIAN_POINT('',(0.795602953485,6.625416852239E-02));
#1409 = CARTESIAN_POINT('',(0.795602953485,0.));
#1410 = ( GEOMETRIC_REPRESENTATION_CONTEXT(2) 
PARAMETRIC_REPRESENTATION_CONTEXT() REPRESENTATION_CONTEXT('2D SPACE',''
  ) );
#1411 = FACE_BOUND('',#1412,.T.);
#1412 = EDGE_LOOP('',(#1413));
#1413 = ORIENTED_EDGE('',*,*,#1414,.F.);
#1414 = EDGE_CURVE('',#1415,#1415,#1417,.T.);
#1415 = VERTEX_POINT('',#1416);
#1416 = CARTESIAN_POINT('',(70.,14.5,-8.655));
#1417 = SURFACE_CURVE('',#1418,(#1423,#1430),.PCURVE_S1.);
#1418 = CIRCLE('',#1419,1.475);
#1419 = AXIS2_PLACEMENT_3D('',#1420,#1421,#1422);
#1420 = CARTESIAN_POINT('',(70.,14.5,-10.13));
#1421 = DIRECTION('',(0.,1.,0.));
#1422 = DIRECTION('',(0.,-0.,1.));
#1423 = PCURVE('',#45,#1424);
#1424 = DEFINITIONAL_REPRESENTATION('',(#1425),#1429);
#1425 = CIRCLE('',#1426,1.475);
#1426 = AXIS2_PLACEMENT_2D('',#1427,#1428);
#1427 = CARTESIAN_POINT('',(0.,0.));
#1428 = DIRECTION('',(1.,0.));
#1429 = ( GEOMETRIC_REPRESENTATION_CONTEXT(2) 
PARAMETRIC_REPRESENTATION_CONTEXT() REPRESENTATION_CONTEXT('2D SPACE',''
  ) );
#1430 = PCURVE('',#1431,#1436);
#1431 = CYLINDRICAL_SURFACE('',#1432,1.475);
#1432 = AXIS2_PLACEMENT_3D('',#1433,#1434,#1435);
#1433 = CARTESIAN_POINT('',(70.,11.8,-10.13));
#1434 = DIRECTION('',(0.,1.,0.));
#1435 = DIRECTION('',(0.,-0.,1.));
#1436 = DEFINITIONAL_REPRESENTATION('',(#1437),#1441);
#1437 = LINE('',#1438,#1439);
#1438 = CARTESIAN_POINT('',(0.,2.7));
#1439 = VECTOR('',#1440,1.);
#1440 = DIRECTION('',(1.,0.));
#1441 = ( GEOMETRIC_REPRESENTATION_CONTEXT(2) 
PARAMETRIC_REPRESENTATION_CONTEXT() REPRESENTATION_CONTEXT('2D SPACE',''
  ) );
#1442 = ADVANCED_FACE('',(#1443,#1447,#1554),#97,.F.);
#1443 = FACE_BOUND('',#1444,.F.);
#1444 = EDGE_LOOP('',(#1445,#1446));
#1445 = ORIENTED_EDGE('',*,*,#109,.T.);
#1446 = ORIENTED_EDGE('',*,*,#80,.T.);
#1447 = FACE_BOUND('',#1448,.F.);
#1448 = EDGE_LOOP('',(#1449,#1477,#1498));
#1449 = ORIENTED_EDGE('',*,*,#1450,.T.);
#1450 = EDGE_CURVE('',#1451,#1453,#1455,.T.);
#1451 = VERTEX_POINT('',#1452);
#1452 = CARTESIAN_POINT('',(70.964066027583,12.,-11.56314609348));
#1453 = VERTEX_POINT('',#1454);
#1454 = CARTESIAN_POINT('',(71.209015001861,12.,-11.56314609348));
#1455 = SURFACE_CURVE('',#1456,(#1460,#1466),.PCURVE_S1.);
#1456 = LINE('',#1457,#1458);
#1457 = CARTESIAN_POINT('',(70.604507500931,12.,-11.56314609348));
#1458 = VECTOR('',#1459,1.);
#1459 = DIRECTION('',(1.,0.,0.));
#1460 = PCURVE('',#97,#1461);
#1461 = DEFINITIONAL_REPRESENTATION('',(#1462),#1465);
#1462 = B_SPLINE_CURVE_WITH_KNOTS('',1,(#1463,#1464),.UNSPECIFIED.,.F.,
  .F.,(2,2),(0.254507500931,0.954507500931),.PIECEWISE_BEZIER_KNOTS.);
#1463 = CARTESIAN_POINT('',(-1.433146093486,0.859015001861));
#1464 = CARTESIAN_POINT('',(-1.433146093486,1.559015001861));
#1465 = ( GEOMETRIC_REPRESENTATION_CONTEXT(2) 
PARAMETRIC_REPRESENTATION_CONTEXT() REPRESENTATION_CONTEXT('2D SPACE',''
  ) );
#1466 = PCURVE('',#1467,#1472);
#1467 = PLANE('',#1468);
#1468 = AXIS2_PLACEMENT_3D('',#1469,#1470,#1471);
#1469 = CARTESIAN_POINT('',(71.209015001861,12.25,-11.56314609348));
#1470 = DIRECTION('',(0.,0.,1.));
#1471 = DIRECTION('',(1.,0.,-0.));
#1472 = DEFINITIONAL_REPRESENTATION('',(#1473),#1476);
#1473 = B_SPLINE_CURVE_WITH_KNOTS('',1,(#1474,#1475),.UNSPECIFIED.,.F.,
  .F.,(2,2),(0.254507500931,0.954507500931),.PIECEWISE_BEZIER_KNOTS.);
#1474 = CARTESIAN_POINT('',(-0.35,-0.25));
#1475 = CARTESIAN_POINT('',(0.35,-0.25));
#1476 = ( GEOMETRIC_REPRESENTATION_CONTEXT(2) 
PARAMETRIC_REPRESENTATION_CONTEXT() REPRESENTATION_CONTEXT('2D SPACE',''
  ) );
#1477 = ORIENTED_EDGE('',*,*,#1478,.T.);
#1478 = EDGE_CURVE('',#1453,#1479,#1481,.T.);
#1479 = VERTEX_POINT('',#1480);
#1480 = CARTESIAN_POINT('',(71.453963976139,12.,-11.56314609348));
#1481 = SURFACE_CURVE('',#1482,(#1486,#1492),.PCURVE_S1.);
#1482 = LINE('',#1483,#1484);
#1483 = CARTESIAN_POINT('',(70.604507500931,12.,-11.56314609348));
#1484 = VECTOR('',#1485,1.);
#1485 = DIRECTION('',(1.,0.,0.));
#1486 = PCURVE('',#97,#1487);
#1487 = DEFINITIONAL_REPRESENTATION('',(#1488),#1491);
#1488 = B_SPLINE_CURVE_WITH_KNOTS('',1,(#1489,#1490),.UNSPECIFIED.,.F.,
  .F.,(2,2),(0.254507500931,0.954507500931),.PIECEWISE_BEZIER_KNOTS.);
#1489 = CARTESIAN_POINT('',(-1.433146093486,0.859015001861));
#1490 = CARTESIAN_POINT('',(-1.433146093486,1.559015001861));
#1491 = ( GEOMETRIC_REPRESENTATION_CONTEXT(2) 
PARAMETRIC_REPRESENTATION_CONTEXT() REPRESENTATION_CONTEXT('2D SPACE',''
  ) );
#1492 = PCURVE('',#1467,#1493);
#1493 = DEFINITIONAL_REPRESENTATION('',(#1494),#1497);
#1494 = B_SPLINE_CURVE_WITH_KNOTS('',1,(#1495,#1496),.UNSPECIFIED.,.F.,
  .F.,(2,2),(0.254507500931,0.954507500931),.PIECEWISE_BEZIER_KNOTS.);
#1495 = CARTESIAN_POINT('',(-0.35,-0.25));
#1496 = CARTESIAN_POINT('',(0.35,-0.25));
#1497 = ( GEOMETRIC_REPRESENTATION_CONTEXT(2) 
PARAMETRIC_REPRESENTATION_CONTEXT() REPRESENTATION_CONTEXT('2D SPACE',''
  ) );
#1498 = ORIENTED_EDGE('',*,*,#1499,.F.);
#1499 = EDGE_CURVE('',#1451,#1479,#1500,.T.);
#1500 = SURFACE_CURVE('',#1501,(#1506,#1513),.PCURVE_S1.);
#1501 = CIRCLE('',#1502,0.244948974278);
#1502 = AXIS2_PLACEMENT_3D('',#1503,#1504,#1505);
#1503 = CARTESIAN_POINT('',(71.209015001861,12.,-11.56314609348));
#1504 = DIRECTION('',(0.,1.,0.));
#1505 = DIRECTION('',(0.,-0.,1.));
#1506 = PCURVE('',#97,#1507);
#1507 = DEFINITIONAL_REPRESENTATION('',(#1508),#1512);
#1508 = CIRCLE('',#1509,0.244948974278);
#1509 = AXIS2_PLACEMENT_2D('',#1510,#1511);
#1510 = CARTESIAN_POINT('',(-1.433146093486,1.209015001861));
#1511 = DIRECTION('',(1.,0.));
#1512 = ( GEOMETRIC_REPRESENTATION_CONTEXT(2) 
PARAMETRIC_REPRESENTATION_CONTEXT() REPRESENTATION_CONTEXT('2D SPACE',''
  ) );
#1513 = PCURVE('',#1514,#1519);
#1514 = SPHERICAL_SURFACE('',#1515,0.35);
#1515 = AXIS2_PLACEMENT_3D('',#1516,#1517,#1518);
#1516 = CARTESIAN_POINT('',(71.209015001861,12.25,-11.56314609348));
#1517 = DIRECTION('',(0.,0.,1.));
#1518 = DIRECTION('',(1.,0.,-0.));
#1519 = DEFINITIONAL_REPRESENTATION('',(#1520),#1553);
#1520 = B_SPLINE_CURVE_WITH_KNOTS('',7,(#1521,#1522,#1523,#1524,#1525,
    #1526,#1527,#1528,#1529,#1530,#1531,#1532,#1533,#1534,#1535,#1536,
    #1537,#1538,#1539,#1540,#1541,#1542,#1543,#1544,#1545,#1546,#1547,
    #1548,#1549,#1550,#1551,#1552),.UNSPECIFIED.,.F.,.F.,(8,6,6,6,6,8),(
    4.712388980385,5.497787143782,6.08683576633,6.528622233241,
    7.191301933608,7.853981633974),.UNSPECIFIED.);
#1521 = CARTESIAN_POINT('',(3.937195607074,0.));
#1522 = CARTESIAN_POINT('',(3.937195607074,7.85234589895E-02));
#1523 = CARTESIAN_POINT('',(3.944538493029,0.157046588392));
#1524 = CARTESIAN_POINT('',(3.959216605325,0.234748180774));
#1525 = CARTESIAN_POINT('',(3.98169788664,0.310795290951));
#1526 = CARTESIAN_POINT('',(4.012787502235,0.384240919189));
#1527 = CARTESIAN_POINT('',(4.053974713932,0.453789965004));
#1528 = CARTESIAN_POINT('',(4.145890222255,0.565610006999));
#1529 = CARTESIAN_POINT('',(4.191657022839,0.610354389684));
#1530 = CARTESIAN_POINT('',(4.244328906268,0.651178014044));
#1531 = CARTESIAN_POINT('',(4.304285874171,0.687214683698));
#1532 = CARTESIAN_POINT('',(4.371725724475,0.71741583355));
#1533 = CARTESIAN_POINT('',(4.445503702874,0.740737226622));
#1534 = CARTESIAN_POINT('',(4.582029762112,0.768385621164));
#1535 = CARTESIAN_POINT('',(4.642921186016,0.776003335686));
#1536 = CARTESIAN_POINT('',(4.705331335623,0.779116469363));
#1537 = CARTESIAN_POINT('',(4.768035470381,0.777568880185));
#1538 = CARTESIAN_POINT('',(4.829742319085,0.771403772458));
#1539 = CARTESIAN_POINT('',(4.889342575203,0.760853520879));
#1540 = CARTESIAN_POINT('',(5.031259156202,0.724311753184));
#1541 = CARTESIAN_POINT('',(5.110029416165,0.693238694891));
#1542 = CARTESIAN_POINT('',(5.17987123675,0.654092958563));
#1543 = CARTESIAN_POINT('',(5.239992493588,0.608470861018));
#1544 = CARTESIAN_POINT('',(5.291243540813,0.557743969779));
#1545 = CARTESIAN_POINT('',(5.334342563463,0.502997256242));
#1546 = CARTESIAN_POINT('',(5.405826004327,0.387256548263));
#1547 = CARTESIAN_POINT('',(5.434205057573,0.32626188454));
#1548 = CARTESIAN_POINT('',(5.456001122376,0.263037134689));
#1549 = CARTESIAN_POINT('',(5.471898118589,0.198267611542));
#1550 = CARTESIAN_POINT('',(5.482357021537,0.132508405203));
#1551 = CARTESIAN_POINT('',(5.487582353695,6.625416852239E-02));
#1552 = CARTESIAN_POINT('',(5.487582353695,0.));
#1553 = ( GEOMETRIC_REPRESENTATION_CONTEXT(2) 
PARAMETRIC_REPRESENTATION_CONTEXT() REPRESENTATION_CONTEXT('2D SPACE',''
  ) );
#1554 = FACE_BOUND('',#1555,.F.);
#1555 = EDGE_LOOP('',(#1556));
#1556 = ORIENTED_EDGE('',*,*,#1557,.F.);
#1557 = EDGE_CURVE('',#1558,#1558,#1560,.T.);
#1558 = VERTEX_POINT('',#1559);
#1559 = CARTESIAN_POINT('',(70.,12.,-8.655));
#1560 = SURFACE_CURVE('',#1561,(#1566,#1573),.PCURVE_S1.);
#1561 = CIRCLE('',#1562,1.475);
#1562 = AXIS2_PLACEMENT_3D('',#1563,#1564,#1565);
#1563 = CARTESIAN_POINT('',(70.,12.,-10.13));
#1564 = DIRECTION('',(0.,1.,0.));
#1565 = DIRECTION('',(0.,-0.,1.));
#1566 = PCURVE('',#97,#1567);
#1567 = DEFINITIONAL_REPRESENTATION('',(#1568),#1572);
#1568 = CIRCLE('',#1569,1.475);
#1569 = AXIS2_PLACEMENT_2D('',#1570,#1571);
#1570 = CARTESIAN_POINT('',(0.,0.));
#1571 = DIRECTION('',(1.,0.));
#1572 = ( GEOMETRIC_REPRESENTATION_CONTEXT(2) 
PARAMETRIC_REPRESENTATION_CONTEXT() REPRESENTATION_CONTEXT('2D SPACE',''
  ) );
#1573 = PCURVE('',#1431,#1574);
#1574 = DEFINITIONAL_REPRESENTATION('',(#1575),#1579);
#1575 = LINE('',#1576,#1577);
#1576 = CARTESIAN_POINT('',(0.,0.2));
#1577 = VECTOR('',#1578,1.);
#1578 = DIRECTION('',(1.,0.));
#1579 = ( GEOMETRIC_REPRESENTATION_CONTEXT(2) 
PARAMETRIC_REPRESENTATION_CONTEXT() REPRESENTATION_CONTEXT('2D SPACE',''
  ) );
#1580 = ADVANCED_FACE('',(#1581),#326,.T.);
#1581 = FACE_BOUND('',#1582,.T.);
#1582 = EDGE_LOOP('',(#1583,#1606,#1633,#1634,#1635));
#1583 = ORIENTED_EDGE('',*,*,#1584,.T.);
#1584 = EDGE_CURVE('',#157,#1585,#1587,.T.);
#1585 = VERTEX_POINT('',#1586);
#1586 = CARTESIAN_POINT('',(65.95042762212,12.25,-16.32641556177));
#1587 = SEAM_CURVE('',#1588,(#1592,#1599),.PCURVE_S1.);
#1588 = LINE('',#1589,#1590);
#1589 = CARTESIAN_POINT('',(71.446651460429,12.25,-11.68975143918));
#1590 = VECTOR('',#1591,1.);
#1591 = DIRECTION('',(-0.764344583193,0.,-0.644808000993));
#1592 = PCURVE('',#326,#1593);
#1593 = DEFINITIONAL_REPRESENTATION('',(#1594),#1598);
#1594 = LINE('',#1595,#1596);
#1595 = CARTESIAN_POINT('',(6.28318530718,-0.));
#1596 = VECTOR('',#1597,1.);
#1597 = DIRECTION('',(0.,1.));
#1598 = ( GEOMETRIC_REPRESENTATION_CONTEXT(2) 
PARAMETRIC_REPRESENTATION_CONTEXT() REPRESENTATION_CONTEXT('2D SPACE',''
  ) );
#1599 = PCURVE('',#326,#1600);
#1600 = DEFINITIONAL_REPRESENTATION('',(#1601),#1605);
#1601 = LINE('',#1602,#1603);
#1602 = CARTESIAN_POINT('',(0.,-0.));
#1603 = VECTOR('',#1604,1.);
#1604 = DIRECTION('',(0.,1.));
#1605 = ( GEOMETRIC_REPRESENTATION_CONTEXT(2) 
PARAMETRIC_REPRESENTATION_CONTEXT() REPRESENTATION_CONTEXT('2D SPACE',''
  ) );
#1606 = ORIENTED_EDGE('',*,*,#1607,.F.);
#1607 = EDGE_CURVE('',#1585,#1585,#1608,.T.);
#1608 = SURFACE_CURVE('',#1609,(#1614,#1621),.PCURVE_S1.);
#1609 = CIRCLE('',#1610,0.25);
#1610 = AXIS2_PLACEMENT_3D('',#1611,#1612,#1613);
#1611 = CARTESIAN_POINT('',(65.789225621872,12.25,-16.13532941598));
#1612 = DIRECTION('',(-0.764344583193,0.,-0.644808000993));
#1613 = DIRECTION('',(0.644808000993,0.,-0.764344583193));
#1614 = PCURVE('',#326,#1615);
#1615 = DEFINITIONAL_REPRESENTATION('',(#1616),#1620);
#1616 = LINE('',#1617,#1618);
#1617 = CARTESIAN_POINT('',(0.,7.190767042988));
#1618 = VECTOR('',#1619,1.);
#1619 = DIRECTION('',(1.,0.));
#1620 = ( GEOMETRIC_REPRESENTATION_CONTEXT(2) 
PARAMETRIC_REPRESENTATION_CONTEXT() REPRESENTATION_CONTEXT('2D SPACE',''
  ) );
#1621 = PCURVE('',#1622,#1627);
#1622 = PLANE('',#1623);
#1623 = AXIS2_PLACEMENT_3D('',#1624,#1625,#1626);
#1624 = CARTESIAN_POINT('',(65.789225621872,12.25,-16.13532941598));
#1625 = DIRECTION('',(-0.764344583193,0.,-0.644808000993));
#1626 = DIRECTION('',(0.644808000993,0.,-0.764344583193));
#1627 = DEFINITIONAL_REPRESENTATION('',(#1628),#1632);
#1628 = CIRCLE('',#1629,0.25);
#1629 = AXIS2_PLACEMENT_2D('',#1630,#1631);
#1630 = CARTESIAN_POINT('',(0.,0.));
#1631 = DIRECTION('',(1.,0.));
#1632 = ( GEOMETRIC_REPRESENTATION_CONTEXT(2) 
PARAMETRIC_REPRESENTATION_CONTEXT() REPRESENTATION_CONTEXT('2D SPACE',''
  ) );
#1633 = ORIENTED_EDGE('',*,*,#1584,.F.);
#1634 = ORIENTED_EDGE('',*,*,#415,.T.);
#1635 = ORIENTED_EDGE('',*,*,#156,.T.);
#1636 = ADVANCED_FACE('',(#1637),#879,.T.);
#1637 = FACE_BOUND('',#1638,.T.);
#1638 = EDGE_LOOP('',(#1639,#1662,#1689,#1690,#1691));
#1639 = ORIENTED_EDGE('',*,*,#1640,.T.);
#1640 = EDGE_CURVE('',#670,#1641,#1643,.T.);
#1641 = VERTEX_POINT('',#1642);
#1642 = CARTESIAN_POINT('',(62.876988638008,14.25,-11.60726483572));
#1643 = SEAM_CURVE('',#1644,(#1648,#1655),.PCURVE_S1.);
#1644 = LINE('',#1645,#1646);
#1645 = CARTESIAN_POINT('',(69.413822600955,14.25,-8.611111901143));
#1646 = VECTOR('',#1647,1.);
#1647 = DIRECTION('',(-0.909059342886,0.,-0.416666666667));
#1648 = PCURVE('',#879,#1649);
#1649 = DEFINITIONAL_REPRESENTATION('',(#1650),#1654);
#1650 = LINE('',#1651,#1652);
#1651 = CARTESIAN_POINT('',(6.28318530718,-0.));
#1652 = VECTOR('',#1653,1.);
#1653 = DIRECTION('',(0.,1.));
#1654 = ( GEOMETRIC_REPRESENTATION_CONTEXT(2) 
PARAMETRIC_REPRESENTATION_CONTEXT() REPRESENTATION_CONTEXT('2D SPACE',''
  ) );
#1655 = PCURVE('',#879,#1656);
#1656 = DEFINITIONAL_REPRESENTATION('',(#1657),#1661);
#1657 = LINE('',#1658,#1659);
#1658 = CARTESIAN_POINT('',(0.,-0.));
#1659 = VECTOR('',#1660,1.);
#1660 = DIRECTION('',(0.,1.));
#1661 = ( GEOMETRIC_REPRESENTATION_CONTEXT(2) 
PARAMETRIC_REPRESENTATION_CONTEXT() REPRESENTATION_CONTEXT('2D SPACE',''
  ) );
#1662 = ORIENTED_EDGE('',*,*,#1663,.F.);
#1663 = EDGE_CURVE('',#1641,#1641,#1664,.T.);
#1664 = SURFACE_CURVE('',#1665,(#1670,#1677),.PCURVE_S1.);
#1665 = CIRCLE('',#1666,0.25);
#1666 = AXIS2_PLACEMENT_3D('',#1667,#1668,#1669);
#1667 = CARTESIAN_POINT('',(62.772821971341,14.25,-11.38));
#1668 = DIRECTION('',(-0.909059342886,0.,-0.416666666667));
#1669 = DIRECTION('',(0.416666666667,0.,-0.909059342886));
#1670 = PCURVE('',#879,#1671);
#1671 = DEFINITIONAL_REPRESENTATION('',(#1672),#1676);
#1672 = LINE('',#1673,#1674);
#1673 = CARTESIAN_POINT('',(0.,7.190767042988));
#1674 = VECTOR('',#1675,1.);
#1675 = DIRECTION('',(1.,0.));
#1676 = ( GEOMETRIC_REPRESENTATION_CONTEXT(2) 
PARAMETRIC_REPRESENTATION_CONTEXT() REPRESENTATION_CONTEXT('2D SPACE',''
  ) );
#1677 = PCURVE('',#1678,#1683);
#1678 = PLANE('',#1679);
#1679 = AXIS2_PLACEMENT_3D('',#1680,#1681,#1682);
#1680 = CARTESIAN_POINT('',(62.772821971341,14.25,-11.38));
#1681 = DIRECTION('',(-0.909059342886,0.,-0.416666666667));
#1682 = DIRECTION('',(0.416666666667,0.,-0.909059342886));
#1683 = DEFINITIONAL_REPRESENTATION('',(#1684),#1688);
#1684 = CIRCLE('',#1685,0.25);
#1685 = AXIS2_PLACEMENT_2D('',#1686,#1687);
#1686 = CARTESIAN_POINT('',(0.,0.));
#1687 = DIRECTION('',(1.,0.));
#1688 = ( GEOMETRIC_REPRESENTATION_CONTEXT(2) 
PARAMETRIC_REPRESENTATION_CONTEXT() REPRESENTATION_CONTEXT('2D SPACE',''
  ) );
#1689 = ORIENTED_EDGE('',*,*,#1640,.F.);
#1690 = ORIENTED_EDGE('',*,*,#988,.T.);
#1691 = ORIENTED_EDGE('',*,*,#669,.T.);
#1692 = ADVANCED_FACE('',(#1693),#1324,.F.);
#1693 = FACE_BOUND('',#1694,.F.);
#1694 = EDGE_LOOP('',(#1695,#1696,#1697));
#1695 = ORIENTED_EDGE('',*,*,#1307,.T.);
#1696 = ORIENTED_EDGE('',*,*,#1335,.T.);
#1697 = ORIENTED_EDGE('',*,*,#1698,.T.);
#1698 = EDGE_CURVE('',#1336,#1308,#1699,.T.);
#1699 = SURFACE_CURVE('',#1700,(#1705,#1712),.PCURVE_S1.);
#1700 = CIRCLE('',#1701,0.35);
#1701 = AXIS2_PLACEMENT_3D('',#1702,#1703,#1704);
#1702 = CARTESIAN_POINT('',(69.21875,14.25,-8.425513732088));
#1703 = DIRECTION('',(0.,0.,1.));
#1704 = DIRECTION('',(1.,0.,-0.));
#1705 = PCURVE('',#1324,#1706);
#1706 = DEFINITIONAL_REPRESENTATION('',(#1707),#1711);
#1707 = CIRCLE('',#1708,0.35);
#1708 = AXIS2_PLACEMENT_2D('',#1709,#1710);
#1709 = CARTESIAN_POINT('',(0.,0.));
#1710 = DIRECTION('',(1.,0.));
#1711 = ( GEOMETRIC_REPRESENTATION_CONTEXT(2) 
PARAMETRIC_REPRESENTATION_CONTEXT() REPRESENTATION_CONTEXT('2D SPACE',''
  ) );
#1712 = PCURVE('',#1371,#1713);
#1713 = DEFINITIONAL_REPRESENTATION('',(#1714),#1718);
#1714 = LINE('',#1715,#1716);
#1715 = CARTESIAN_POINT('',(0.,0.));
#1716 = VECTOR('',#1717,1.);
#1717 = DIRECTION('',(1.,0.));
#1718 = ( GEOMETRIC_REPRESENTATION_CONTEXT(2) 
PARAMETRIC_REPRESENTATION_CONTEXT() REPRESENTATION_CONTEXT('2D SPACE',''
  ) );
#1719 = ADVANCED_FACE('',(#1720),#1371,.T.);
#1720 = FACE_BOUND('',#1721,.T.);
#1721 = EDGE_LOOP('',(#1722,#1723));
#1722 = ORIENTED_EDGE('',*,*,#1356,.T.);
#1723 = ORIENTED_EDGE('',*,*,#1698,.T.);
#1724 = ADVANCED_FACE('',(#1725),#1431,.F.);
#1725 = FACE_BOUND('',#1726,.F.);
#1726 = EDGE_LOOP('',(#1727,#1728,#1749,#1750));
#1727 = ORIENTED_EDGE('',*,*,#1414,.F.);
#1728 = ORIENTED_EDGE('',*,*,#1729,.F.);
#1729 = EDGE_CURVE('',#1558,#1415,#1730,.T.);
#1730 = SEAM_CURVE('',#1731,(#1735,#1742),.PCURVE_S1.);
#1731 = LINE('',#1732,#1733);
#1732 = CARTESIAN_POINT('',(70.,11.8,-8.655));
#1733 = VECTOR('',#1734,1.);
#1734 = DIRECTION('',(0.,1.,0.));
#1735 = PCURVE('',#1431,#1736);
#1736 = DEFINITIONAL_REPRESENTATION('',(#1737),#1741);
#1737 = LINE('',#1738,#1739);
#1738 = CARTESIAN_POINT('',(6.28318530718,-0.));
#1739 = VECTOR('',#1740,1.);
#1740 = DIRECTION('',(0.,1.));
#1741 = ( GEOMETRIC_REPRESENTATION_CONTEXT(2) 
PARAMETRIC_REPRESENTATION_CONTEXT() REPRESENTATION_CONTEXT('2D SPACE',''
  ) );
#1742 = PCURVE('',#1431,#1743);
#1743 = DEFINITIONAL_REPRESENTATION('',(#1744),#1748);
#1744 = LINE('',#1745,#1746);
#1745 = CARTESIAN_POINT('',(0.,-0.));
#1746 = VECTOR('',#1747,1.);
#1747 = DIRECTION('',(0.,1.));
#1748 = ( GEOMETRIC_REPRESENTATION_CONTEXT(2) 
PARAMETRIC_REPRESENTATION_CONTEXT() REPRESENTATION_CONTEXT('2D SPACE',''
  ) );
#1749 = ORIENTED_EDGE('',*,*,#1557,.T.);
#1750 = ORIENTED_EDGE('',*,*,#1729,.T.);
#1751 = ADVANCED_FACE('',(#1752),#1467,.F.);
#1752 = FACE_BOUND('',#1753,.F.);
#1753 = EDGE_LOOP('',(#1754,#1755,#1777));
#1754 = ORIENTED_EDGE('',*,*,#1450,.F.);
#1755 = ORIENTED_EDGE('',*,*,#1756,.T.);
#1756 = EDGE_CURVE('',#1451,#1479,#1757,.T.);
#1757 = SURFACE_CURVE('',#1758,(#1763,#1770),.PCURVE_S1.);
#1758 = CIRCLE('',#1759,0.35);
#1759 = AXIS2_PLACEMENT_3D('',#1760,#1761,#1762);
#1760 = CARTESIAN_POINT('',(71.209015001861,12.25,-11.56314609348));
#1761 = DIRECTION('',(0.,0.,1.));
#1762 = DIRECTION('',(1.,0.,-0.));
#1763 = PCURVE('',#1467,#1764);
#1764 = DEFINITIONAL_REPRESENTATION('',(#1765),#1769);
#1765 = CIRCLE('',#1766,0.35);
#1766 = AXIS2_PLACEMENT_2D('',#1767,#1768);
#1767 = CARTESIAN_POINT('',(0.,0.));
#1768 = DIRECTION('',(1.,0.));
#1769 = ( GEOMETRIC_REPRESENTATION_CONTEXT(2) 
PARAMETRIC_REPRESENTATION_CONTEXT() REPRESENTATION_CONTEXT('2D SPACE',''
  ) );
#1770 = PCURVE('',#1514,#1771);
#1771 = DEFINITIONAL_REPRESENTATION('',(#1772),#1776);
#1772 = LINE('',#1773,#1774);
#1773 = CARTESIAN_POINT('',(0.,0.));
#1774 = VECTOR('',#1775,1.);
#1775 = DIRECTION('',(1.,0.));
#1776 = ( GEOMETRIC_REPRESENTATION_CONTEXT(2) 
PARAMETRIC_REPRESENTATION_CONTEXT() REPRESENTATION_CONTEXT('2D SPACE',''
  ) );
#1777 = ORIENTED_EDGE('',*,*,#1478,.F.);
#1778 = ADVANCED_FACE('',(#1779),#1514,.T.);
#1779 = FACE_BOUND('',#1780,.T.);
#1780 = EDGE_LOOP('',(#1781,#1782));
#1781 = ORIENTED_EDGE('',*,*,#1499,.F.);
#1782 = ORIENTED_EDGE('',*,*,#1756,.T.);
#1783 = ADVANCED_FACE('',(#1784),#1622,.T.);
#1784 = FACE_BOUND('',#1785,.T.);
#1785 = EDGE_LOOP('',(#1786));
#1786 = ORIENTED_EDGE('',*,*,#1607,.T.);
#1787 = ADVANCED_FACE('',(#1788),#1678,.T.);
#1788 = FACE_BOUND('',#1789,.T.);
#1789 = EDGE_LOOP('',(#1790));
#1790 = ORIENTED_EDGE('',*,*,#1663,.T.);
#1791 = ( GEOMETRIC_REPRESENTATION_CONTEXT(3) 
GLOBAL_UNCERTAINTY_ASSIGNED_CONTEXT((#1795)) 
GLOBAL_UNIT_ASSIGNED_CONTEXT((#1792,#1793,#1794)) REPRESENTATION_CONTEXT
('Context #1','3D Context with UNIT and UNCERTAINTY') );
#1792 = ( LENGTH_UNIT() NAMED_UNIT(*) SI_UNIT(.MILLI.,.METRE.) );
#1793 = ( NAMED_UNIT(*) PLANE_ANGLE_UNIT() SI_UNIT($,.RADIAN.) );
#1794 = ( NAMED_UNIT(*) SI_UNIT($,.STERADIAN.) SOLID_ANGLE_UNIT() );
#1795 = UNCERTAINTY_MEASURE_WITH_UNIT(LENGTH_MEASURE(1.E-07),#1792,
  'distance_accuracy_value','confusion accuracy');
#1796 = PRODUCT_RELATED_PRODUCT_CATEGORY('part',$,(#7));
ENDSEC;
END-ISO-10303-21;
