ISO-10303-21;
HEADER;
FILE_DESCRIPTION(('Open CASCADE Model'),'2;1');
FILE_NAME('Open CASCADE Shape Model','2026-06-11T10:05:44',('Author'),(
    'Open CASCADE'),'Open CASCADE STEP processor 7.8','Open CASCADE 7.8'
  ,'Unknown');
FILE_SCHEMA(('AUTOMOTIVE_DESIGN { 1 0 10303 214 1 1 1 1 }'));
ENDSEC;
DATA;
#1 = APPLICATION_PROTOCOL_DEFINITION('international standard',
  'automotive_design',2000,#2);
#2 = APPLICATION_CONTEXT(
  'core data for automotive mechanical design processes');
#3 = SHAPE_DEFINITION_REPRESENTATION(#4,#10);
#4 = PRODUCT_DEFINITION_SHAPE('','',#5);
#5 = PRODUCT_DEFINITION('design','',#6,#9);
#6 = PRODUCT_DEFINITION_FORMATION('','',#7);
#7 = PRODUCT('Open CASCADE STEP translator 7.8 9',
  'Open CASCADE STEP translator 7.8 9','',(#8));
#8 = PRODUCT_CONTEXT('',#2,'mechanical');
#9 = PRODUCT_DEFINITION_CONTEXT('part definition',#2,'design');
#10 = ADVANCED_BREP_SHAPE_REPRESENTATION('',(#11,#15),#3045);
#11 = AXIS2_PLACEMENT_3D('',#12,#13,#14);
#12 = CARTESIAN_POINT('',(0.,0.,0.));
#13 = DIRECTION('',(0.,0.,1.));
#14 = DIRECTION('',(1.,0.,-0.));
#15 = MANIFOLD_SOLID_BREP('',#16);
#16 = CLOSED_SHELL('',(#17,#105,#586,#933,#1326,#1456,#1505,#1602,#1634,
    #1639,#1667,#1716,#1811,#1838,#1864,#1891,#1897,#1946,#2087,#2114,
    #2142,#2182,#2209,#2236,#2263,#2270,#2297,#2324,#2351,#2378,#2385,
    #2921,#2948,#2955,#3010,#3014,#3041));
#17 = ADVANCED_FACE('',(#18),#32,.T.);
#18 = FACE_BOUND('',#19,.T.);
#19 = EDGE_LOOP('',(#20,#53,#81));
#20 = ORIENTED_EDGE('',*,*,#21,.F.);
#21 = EDGE_CURVE('',#22,#24,#26,.T.);
#22 = VERTEX_POINT('',#23);
#23 = CARTESIAN_POINT('',(74.811132965254,11.,-2.9));
#24 = VERTEX_POINT('',#25);
#25 = CARTESIAN_POINT('',(74.811132965254,-9.4,17.5));
#26 = SURFACE_CURVE('',#27,(#31,#42),.PCURVE_S1.);
#27 = LINE('',#28,#29);
#28 = CARTESIAN_POINT('',(74.811132965254,-4.175,12.275));
#29 = VECTOR('',#30,1.);
#30 = DIRECTION('',(0.,-0.707106781187,0.707106781187));
#31 = PCURVE('',#32,#37);
#32 = PLANE('',#33);
#33 = AXIS2_PLACEMENT_3D('',#34,#35,#36);
#34 = CARTESIAN_POINT('',(74.811132965254,-11.,-5.));
#35 = DIRECTION('',(1.,0.,0.));
#36 = DIRECTION('',(0.,0.,1.));
#37 = DEFINITIONAL_REPRESENTATION('',(#38),#41);
#38 = B_SPLINE_CURVE_WITH_KNOTS('',1,(#39,#40),.UNSPECIFIED.,.F.,.F.,(2,
    2),(-21.46069080901,7.389265863399),.PIECEWISE_BEZIER_KNOTS.);
#39 = CARTESIAN_POINT('',(2.1,-22.));
#40 = CARTESIAN_POINT('',(22.5,-1.6));
#41 = ( GEOMETRIC_REPRESENTATION_CONTEXT(2) 
PARAMETRIC_REPRESENTATION_CONTEXT() REPRESENTATION_CONTEXT('2D SPACE',''
  ) );
#42 = PCURVE('',#43,#48);
#43 = PLANE('',#44);
#44 = AXIS2_PLACEMENT_3D('',#45,#46,#47);
#45 = CARTESIAN_POINT('',(60.,-9.4,17.5));
#46 = DIRECTION('',(-0.,0.707106781187,0.707106781187));
#47 = DIRECTION('',(0.,0.707106781187,-0.707106781187));
#48 = DEFINITIONAL_REPRESENTATION('',(#49),#52);
#49 = B_SPLINE_CURVE_WITH_KNOTS('',1,(#50,#51),.UNSPECIFIED.,.F.,.F.,(2,
    2),(-21.46069080901,7.389265863399),.PIECEWISE_BEZIER_KNOTS.);
#50 = CARTESIAN_POINT('',(28.849956672411,-14.81113296525));
#51 = CARTESIAN_POINT('',(0.,-14.81113296525));
#52 = ( GEOMETRIC_REPRESENTATION_CONTEXT(2) 
PARAMETRIC_REPRESENTATION_CONTEXT() REPRESENTATION_CONTEXT('2D SPACE',''
  ) );
#53 = ORIENTED_EDGE('',*,*,#54,.T.);
#54 = EDGE_CURVE('',#22,#55,#57,.T.);
#55 = VERTEX_POINT('',#56);
#56 = CARTESIAN_POINT('',(74.811132965254,11.,17.5));
#57 = SURFACE_CURVE('',#58,(#62,#69),.PCURVE_S1.);
#58 = LINE('',#59,#60);
#59 = CARTESIAN_POINT('',(74.811132965254,11.,-5.));
#60 = VECTOR('',#61,1.);
#61 = DIRECTION('',(0.,0.,1.));
#62 = PCURVE('',#32,#63);
#63 = DEFINITIONAL_REPRESENTATION('',(#64),#68);
#64 = LINE('',#65,#66);
#65 = CARTESIAN_POINT('',(0.,-22.));
#66 = VECTOR('',#67,1.);
#67 = DIRECTION('',(1.,0.));
#68 = ( GEOMETRIC_REPRESENTATION_CONTEXT(2) 
PARAMETRIC_REPRESENTATION_CONTEXT() REPRESENTATION_CONTEXT('2D SPACE',''
  ) );
#69 = PCURVE('',#70,#75);
#70 = PLANE('',#71);
#71 = AXIS2_PLACEMENT_3D('',#72,#73,#74);
#72 = CARTESIAN_POINT('',(64.811132965254,11.,-5.));
#73 = DIRECTION('',(0.,1.,0.));
#74 = DIRECTION('',(0.,0.,1.));
#75 = DEFINITIONAL_REPRESENTATION('',(#76),#80);
#76 = LINE('',#77,#78);
#77 = CARTESIAN_POINT('',(0.,10.));
#78 = VECTOR('',#79,1.);
#79 = DIRECTION('',(1.,0.));
#80 = ( GEOMETRIC_REPRESENTATION_CONTEXT(2) 
PARAMETRIC_REPRESENTATION_CONTEXT() REPRESENTATION_CONTEXT('2D SPACE',''
  ) );
#81 = ORIENTED_EDGE('',*,*,#82,.F.);
#82 = EDGE_CURVE('',#24,#55,#83,.T.);
#83 = SURFACE_CURVE('',#84,(#88,#94),.PCURVE_S1.);
#84 = LINE('',#85,#86);
#85 = CARTESIAN_POINT('',(74.811132965254,34.5,17.5));
#86 = VECTOR('',#87,1.);
#87 = DIRECTION('',(-0.,1.,0.));
#88 = PCURVE('',#32,#89);
#89 = DEFINITIONAL_REPRESENTATION('',(#90),#93);
#90 = B_SPLINE_CURVE_WITH_KNOTS('',1,(#91,#92),.UNSPECIFIED.,.F.,.F.,(2,
    2),(-43.9,-23.5),.PIECEWISE_BEZIER_KNOTS.);
#91 = CARTESIAN_POINT('',(22.5,-1.6));
#92 = CARTESIAN_POINT('',(22.5,-22.));
#93 = ( GEOMETRIC_REPRESENTATION_CONTEXT(2) 
PARAMETRIC_REPRESENTATION_CONTEXT() REPRESENTATION_CONTEXT('2D SPACE',''
  ) );
#94 = PCURVE('',#95,#100);
#95 = PLANE('',#96);
#96 = AXIS2_PLACEMENT_3D('',#97,#98,#99);
#97 = CARTESIAN_POINT('',(60.,80.,17.5));
#98 = DIRECTION('',(0.,0.,-1.));
#99 = DIRECTION('',(0.,-1.,0.));
#100 = DEFINITIONAL_REPRESENTATION('',(#101),#104);
#101 = B_SPLINE_CURVE_WITH_KNOTS('',1,(#102,#103),.UNSPECIFIED.,.F.,.F.,
  (2,2),(-43.9,-23.5),.PIECEWISE_BEZIER_KNOTS.);
#102 = CARTESIAN_POINT('',(89.4,-14.81113296525));
#103 = CARTESIAN_POINT('',(69.,-14.81113296525));
#104 = ( GEOMETRIC_REPRESENTATION_CONTEXT(2) 
PARAMETRIC_REPRESENTATION_CONTEXT() REPRESENTATION_CONTEXT('2D SPACE',''
  ) );
#105 = ADVANCED_FACE('',(#106),#43,.F.);
#106 = FACE_BOUND('',#107,.F.);
#107 = EDGE_LOOP('',(#108,#136,#162,#185,#211,#237,#263,#284,#285,#307,
    #333,#359,#385,#407,#428,#454,#486,#514,#541,#562));
#108 = ORIENTED_EDGE('',*,*,#109,.F.);
#109 = EDGE_CURVE('',#110,#112,#114,.T.);
#110 = VERTEX_POINT('',#111);
#111 = CARTESIAN_POINT('',(61.4,-6.4,14.5));
#112 = VERTEX_POINT('',#113);
#113 = CARTESIAN_POINT('',(73.9,-6.4,14.5));
#114 = SURFACE_CURVE('',#115,(#119,#125),.PCURVE_S1.);
#115 = LINE('',#116,#117);
#116 = CARTESIAN_POINT('',(66.95,-6.4,14.5));
#117 = VECTOR('',#118,1.);
#118 = DIRECTION('',(1.,0.,-0.));
#119 = PCURVE('',#43,#120);
#120 = DEFINITIONAL_REPRESENTATION('',(#121),#124);
#121 = B_SPLINE_CURVE_WITH_KNOTS('',1,(#122,#123),.UNSPECIFIED.,.F.,.F.,
  (2,2),(-5.55,6.95),.PIECEWISE_BEZIER_KNOTS.);
#122 = CARTESIAN_POINT('',(4.242640687119,-1.4));
#123 = CARTESIAN_POINT('',(4.242640687119,-13.9));
#124 = ( GEOMETRIC_REPRESENTATION_CONTEXT(2) 
PARAMETRIC_REPRESENTATION_CONTEXT() REPRESENTATION_CONTEXT('2D SPACE',''
  ) );
#125 = PCURVE('',#126,#131);
#126 = PLANE('',#127);
#127 = AXIS2_PLACEMENT_3D('',#128,#129,#130);
#128 = CARTESIAN_POINT('',(73.9,-8.,14.5));
#129 = DIRECTION('',(0.,0.,1.));
#130 = DIRECTION('',(1.,0.,0.));
#131 = DEFINITIONAL_REPRESENTATION('',(#132),#135);
#132 = B_SPLINE_CURVE_WITH_KNOTS('',1,(#133,#134),.UNSPECIFIED.,.F.,.F.,
  (2,2),(-5.55,6.95),.PIECEWISE_BEZIER_KNOTS.);
#133 = CARTESIAN_POINT('',(-12.5,1.6));
#134 = CARTESIAN_POINT('',(0.,1.6));
#135 = ( GEOMETRIC_REPRESENTATION_CONTEXT(2) 
PARAMETRIC_REPRESENTATION_CONTEXT() REPRESENTATION_CONTEXT('2D SPACE',''
  ) );
#136 = ORIENTED_EDGE('',*,*,#137,.T.);
#137 = EDGE_CURVE('',#110,#138,#140,.T.);
#138 = VERTEX_POINT('',#139);
#139 = CARTESIAN_POINT('',(61.4,-9.4,17.5));
#140 = SURFACE_CURVE('',#141,(#145,#151),.PCURVE_S1.);
#141 = LINE('',#142,#143);
#142 = CARTESIAN_POINT('',(61.4,-4.175,12.275));
#143 = VECTOR('',#144,1.);
#144 = DIRECTION('',(0.,-0.707106781187,0.707106781187));
#145 = PCURVE('',#43,#146);
#146 = DEFINITIONAL_REPRESENTATION('',(#147),#150);
#147 = B_SPLINE_CURVE_WITH_KNOTS('',1,(#148,#149),.UNSPECIFIED.,.F.,.F.,
  (2,2),(-21.46069080901,7.389265863399),.PIECEWISE_BEZIER_KNOTS.);
#148 = CARTESIAN_POINT('',(28.849956672411,-1.4));
#149 = CARTESIAN_POINT('',(0.,-1.4));
#150 = ( GEOMETRIC_REPRESENTATION_CONTEXT(2) 
PARAMETRIC_REPRESENTATION_CONTEXT() REPRESENTATION_CONTEXT('2D SPACE',''
  ) );
#151 = PCURVE('',#152,#157);
#152 = PLANE('',#153);
#153 = AXIS2_PLACEMENT_3D('',#154,#155,#156);
#154 = CARTESIAN_POINT('',(61.4,-11.,-5.));
#155 = DIRECTION('',(1.,0.,0.));
#156 = DIRECTION('',(0.,0.,1.));
#157 = DEFINITIONAL_REPRESENTATION('',(#158),#161);
#158 = B_SPLINE_CURVE_WITH_KNOTS('',1,(#159,#160),.UNSPECIFIED.,.F.,.F.,
  (2,2),(-21.46069080901,7.389265863399),.PIECEWISE_BEZIER_KNOTS.);
#159 = CARTESIAN_POINT('',(2.1,-22.));
#160 = CARTESIAN_POINT('',(22.5,-1.6));
#161 = ( GEOMETRIC_REPRESENTATION_CONTEXT(2) 
PARAMETRIC_REPRESENTATION_CONTEXT() REPRESENTATION_CONTEXT('2D SPACE',''
  ) );
#162 = ORIENTED_EDGE('',*,*,#163,.T.);
#163 = EDGE_CURVE('',#138,#164,#166,.T.);
#164 = VERTEX_POINT('',#165);
#165 = CARTESIAN_POINT('',(68.,-9.4,17.5));
#166 = SURFACE_CURVE('',#167,(#171,#178),.PCURVE_S1.);
#167 = LINE('',#168,#169);
#168 = CARTESIAN_POINT('',(60.,-9.4,17.5));
#169 = VECTOR('',#170,1.);
#170 = DIRECTION('',(1.,0.,0.));
#171 = PCURVE('',#43,#172);
#172 = DEFINITIONAL_REPRESENTATION('',(#173),#177);
#173 = LINE('',#174,#175);
#174 = CARTESIAN_POINT('',(1.256073966947E-15,0.));
#175 = VECTOR('',#176,1.);
#176 = DIRECTION('',(0.,-1.));
#177 = ( GEOMETRIC_REPRESENTATION_CONTEXT(2) 
PARAMETRIC_REPRESENTATION_CONTEXT() REPRESENTATION_CONTEXT('2D SPACE',''
  ) );
#178 = PCURVE('',#95,#179);
#179 = DEFINITIONAL_REPRESENTATION('',(#180),#184);
#180 = LINE('',#181,#182);
#181 = CARTESIAN_POINT('',(89.4,0.));
#182 = VECTOR('',#183,1.);
#183 = DIRECTION('',(0.,-1.));
#184 = ( GEOMETRIC_REPRESENTATION_CONTEXT(2) 
PARAMETRIC_REPRESENTATION_CONTEXT() REPRESENTATION_CONTEXT('2D SPACE',''
  ) );
#185 = ORIENTED_EDGE('',*,*,#186,.T.);
#186 = EDGE_CURVE('',#164,#187,#189,.T.);
#187 = VERTEX_POINT('',#188);
#188 = CARTESIAN_POINT('',(68.,-7.8,15.9));
#189 = SURFACE_CURVE('',#190,(#194,#200),.PCURVE_S1.);
#190 = LINE('',#191,#192);
#191 = CARTESIAN_POINT('',(68.,-9.,17.1));
#192 = VECTOR('',#193,1.);
#193 = DIRECTION('',(0.,0.707106781187,-0.707106781187));
#194 = PCURVE('',#43,#195);
#195 = DEFINITIONAL_REPRESENTATION('',(#196),#199);
#196 = B_SPLINE_CURVE_WITH_KNOTS('',1,(#197,#198),.UNSPECIFIED.,.F.,.F.,
  (2,2),(-0.565685424949,1.697056274848),.PIECEWISE_BEZIER_KNOTS.);
#197 = CARTESIAN_POINT('',(0.,-8.));
#198 = CARTESIAN_POINT('',(2.262741699797,-8.));
#199 = ( GEOMETRIC_REPRESENTATION_CONTEXT(2) 
PARAMETRIC_REPRESENTATION_CONTEXT() REPRESENTATION_CONTEXT('2D SPACE',''
  ) );
#200 = PCURVE('',#201,#206);
#201 = PLANE('',#202);
#202 = AXIS2_PLACEMENT_3D('',#203,#204,#205);
#203 = CARTESIAN_POINT('',(68.,-7.8,17.5));
#204 = DIRECTION('',(1.,0.,0.));
#205 = DIRECTION('',(0.,0.,-1.));
#206 = DEFINITIONAL_REPRESENTATION('',(#207),#210);
#207 = B_SPLINE_CURVE_WITH_KNOTS('',1,(#208,#209),.UNSPECIFIED.,.F.,.F.,
  (2,2),(-0.565685424949,1.697056274848),.PIECEWISE_BEZIER_KNOTS.);
#208 = CARTESIAN_POINT('',(-1.110223024625E-16,-1.6));
#209 = CARTESIAN_POINT('',(1.6,0.));
#210 = ( GEOMETRIC_REPRESENTATION_CONTEXT(2) 
PARAMETRIC_REPRESENTATION_CONTEXT() REPRESENTATION_CONTEXT('2D SPACE',''
  ) );
#211 = ORIENTED_EDGE('',*,*,#212,.T.);
#212 = EDGE_CURVE('',#187,#213,#215,.T.);
#213 = VERTEX_POINT('',#214);
#214 = CARTESIAN_POINT('',(72.,-7.8,15.9));
#215 = SURFACE_CURVE('',#216,(#220,#226),.PCURVE_S1.);
#216 = LINE('',#217,#218);
#217 = CARTESIAN_POINT('',(65.,-7.8,15.9));
#218 = VECTOR('',#219,1.);
#219 = DIRECTION('',(1.,-0.,0.));
#220 = PCURVE('',#43,#221);
#221 = DEFINITIONAL_REPRESENTATION('',(#222),#225);
#222 = B_SPLINE_CURVE_WITH_KNOTS('',1,(#223,#224),.UNSPECIFIED.,.F.,.F.,
  (2,2),(1.4,8.6),.PIECEWISE_BEZIER_KNOTS.);
#223 = CARTESIAN_POINT('',(2.262741699797,-6.4));
#224 = CARTESIAN_POINT('',(2.262741699797,-13.6));
#225 = ( GEOMETRIC_REPRESENTATION_CONTEXT(2) 
PARAMETRIC_REPRESENTATION_CONTEXT() REPRESENTATION_CONTEXT('2D SPACE',''
  ) );
#226 = PCURVE('',#227,#232);
#227 = PLANE('',#228);
#228 = AXIS2_PLACEMENT_3D('',#229,#230,#231);
#229 = CARTESIAN_POINT('',(70.,-7.8,14.824441471278));
#230 = DIRECTION('',(-0.,-1.,-0.));
#231 = DIRECTION('',(0.,0.,-1.));
#232 = DEFINITIONAL_REPRESENTATION('',(#233),#236);
#233 = B_SPLINE_CURVE_WITH_KNOTS('',1,(#234,#235),.UNSPECIFIED.,.F.,.F.,
  (2,2),(1.4,8.6),.PIECEWISE_BEZIER_KNOTS.);
#234 = CARTESIAN_POINT('',(-1.075558528722,-3.6));
#235 = CARTESIAN_POINT('',(-1.075558528722,3.6));
#236 = ( GEOMETRIC_REPRESENTATION_CONTEXT(2) 
PARAMETRIC_REPRESENTATION_CONTEXT() REPRESENTATION_CONTEXT('2D SPACE',''
  ) );
#237 = ORIENTED_EDGE('',*,*,#238,.T.);
#238 = EDGE_CURVE('',#213,#239,#241,.T.);
#239 = VERTEX_POINT('',#240);
#240 = CARTESIAN_POINT('',(72.,-9.4,17.5));
#241 = SURFACE_CURVE('',#242,(#246,#252),.PCURVE_S1.);
#242 = LINE('',#243,#244);
#243 = CARTESIAN_POINT('',(72.,-8.6,16.7));
#244 = VECTOR('',#245,1.);
#245 = DIRECTION('',(0.,-0.707106781187,0.707106781187));
#246 = PCURVE('',#43,#247);
#247 = DEFINITIONAL_REPRESENTATION('',(#248),#251);
#248 = B_SPLINE_CURVE_WITH_KNOTS('',1,(#249,#250),.UNSPECIFIED.,.F.,.F.,
  (2,2),(-1.131370849898,1.131370849898),.PIECEWISE_BEZIER_KNOTS.);
#249 = CARTESIAN_POINT('',(2.262741699797,-12.));
#250 = CARTESIAN_POINT('',(0.,-12.));
#251 = ( GEOMETRIC_REPRESENTATION_CONTEXT(2) 
PARAMETRIC_REPRESENTATION_CONTEXT() REPRESENTATION_CONTEXT('2D SPACE',''
  ) );
#252 = PCURVE('',#253,#258);
#253 = PLANE('',#254);
#254 = AXIS2_PLACEMENT_3D('',#255,#256,#257);
#255 = CARTESIAN_POINT('',(72.,-7.8,15.9));
#256 = DIRECTION('',(-1.,0.,0.));
#257 = DIRECTION('',(0.,0.,1.));
#258 = DEFINITIONAL_REPRESENTATION('',(#259),#262);
#259 = B_SPLINE_CURVE_WITH_KNOTS('',1,(#260,#261),.UNSPECIFIED.,.F.,.F.,
  (2,2),(-1.131370849898,1.131370849898),.PIECEWISE_BEZIER_KNOTS.);
#260 = CARTESIAN_POINT('',(-2.22044604925E-16,-5.995204332976E-15));
#261 = CARTESIAN_POINT('',(1.6,-1.6));
#262 = ( GEOMETRIC_REPRESENTATION_CONTEXT(2) 
PARAMETRIC_REPRESENTATION_CONTEXT() REPRESENTATION_CONTEXT('2D SPACE',''
  ) );
#263 = ORIENTED_EDGE('',*,*,#264,.T.);
#264 = EDGE_CURVE('',#239,#24,#265,.T.);
#265 = SURFACE_CURVE('',#266,(#270,#277),.PCURVE_S1.);
#266 = LINE('',#267,#268);
#267 = CARTESIAN_POINT('',(60.,-9.4,17.5));
#268 = VECTOR('',#269,1.);
#269 = DIRECTION('',(1.,0.,0.));
#270 = PCURVE('',#43,#271);
#271 = DEFINITIONAL_REPRESENTATION('',(#272),#276);
#272 = LINE('',#273,#274);
#273 = CARTESIAN_POINT('',(1.256073966947E-15,0.));
#274 = VECTOR('',#275,1.);
#275 = DIRECTION('',(0.,-1.));
#276 = ( GEOMETRIC_REPRESENTATION_CONTEXT(2) 
PARAMETRIC_REPRESENTATION_CONTEXT() REPRESENTATION_CONTEXT('2D SPACE',''
  ) );
#277 = PCURVE('',#95,#278);
#278 = DEFINITIONAL_REPRESENTATION('',(#279),#283);
#279 = LINE('',#280,#281);
#280 = CARTESIAN_POINT('',(89.4,0.));
#281 = VECTOR('',#282,1.);
#282 = DIRECTION('',(0.,-1.));
#283 = ( GEOMETRIC_REPRESENTATION_CONTEXT(2) 
PARAMETRIC_REPRESENTATION_CONTEXT() REPRESENTATION_CONTEXT('2D SPACE',''
  ) );
#284 = ORIENTED_EDGE('',*,*,#21,.F.);
#285 = ORIENTED_EDGE('',*,*,#286,.F.);
#286 = EDGE_CURVE('',#287,#22,#289,.T.);
#287 = VERTEX_POINT('',#288);
#288 = CARTESIAN_POINT('',(71.897056274848,11.,-2.9));
#289 = SURFACE_CURVE('',#290,(#294,#300),.PCURVE_S1.);
#290 = LINE('',#291,#292);
#291 = CARTESIAN_POINT('',(62.405566482627,11.,-2.9));
#292 = VECTOR('',#293,1.);
#293 = DIRECTION('',(1.,-0.,0.));
#294 = PCURVE('',#43,#295);
#295 = DEFINITIONAL_REPRESENTATION('',(#296),#299);
#296 = B_SPLINE_CURVE_WITH_KNOTS('',1,(#297,#298),.UNSPECIFIED.,.F.,.F.,
  (2,2),(-2.405566482627,12.405566482627),.PIECEWISE_BEZIER_KNOTS.);
#297 = CARTESIAN_POINT('',(28.849956672411,0.));
#298 = CARTESIAN_POINT('',(28.849956672411,-14.81113296525));
#299 = ( GEOMETRIC_REPRESENTATION_CONTEXT(2) 
PARAMETRIC_REPRESENTATION_CONTEXT() REPRESENTATION_CONTEXT('2D SPACE',''
  ) );
#300 = PCURVE('',#70,#301);
#301 = DEFINITIONAL_REPRESENTATION('',(#302),#306);
#302 = LINE('',#303,#304);
#303 = CARTESIAN_POINT('',(2.1,-2.405566482627));
#304 = VECTOR('',#305,1.);
#305 = DIRECTION('',(0.,1.));
#306 = ( GEOMETRIC_REPRESENTATION_CONTEXT(2) 
PARAMETRIC_REPRESENTATION_CONTEXT() REPRESENTATION_CONTEXT('2D SPACE',''
  ) );
#307 = ORIENTED_EDGE('',*,*,#308,.T.);
#308 = EDGE_CURVE('',#287,#309,#311,.T.);
#309 = VERTEX_POINT('',#310);
#310 = CARTESIAN_POINT('',(71.897056274848,4.979467888755,3.120532111245
    ));
#311 = SURFACE_CURVE('',#312,(#316,#322),.PCURVE_S1.);
#312 = LINE('',#313,#314);
#313 = CARTESIAN_POINT('',(71.897056274848,1.378033008589,6.721966991411
    ));
#314 = VECTOR('',#315,1.);
#315 = DIRECTION('',(0.,-0.707106781187,0.707106781187));
#316 = PCURVE('',#43,#317);
#317 = DEFINITIONAL_REPRESENTATION('',(#318),#321);
#318 = B_SPLINE_CURVE_WITH_KNOTS('',1,(#319,#320),.UNSPECIFIED.,.F.,.F.,
  (2,2),(-13.60751621596,-5.093198051534),.PIECEWISE_BEZIER_KNOTS.);
#319 = CARTESIAN_POINT('',(28.849956672411,-11.89705627484));
#320 = CARTESIAN_POINT('',(20.335638507985,-11.89705627484));
#321 = ( GEOMETRIC_REPRESENTATION_CONTEXT(2) 
PARAMETRIC_REPRESENTATION_CONTEXT() REPRESENTATION_CONTEXT('2D SPACE',''
  ) );
#322 = PCURVE('',#323,#328);
#323 = PLANE('',#324);
#324 = AXIS2_PLACEMENT_3D('',#325,#326,#327);
#325 = CARTESIAN_POINT('',(71.15,11.627817459305,-4.584314575051));
#326 = DIRECTION('',(-0.707106781187,0.5,0.5));
#327 = DIRECTION('',(0.707106781187,0.5,0.5));
#328 = DEFINITIONAL_REPRESENTATION('',(#329),#332);
#329 = B_SPLINE_CURVE_WITH_KNOTS('',1,(#330,#331),.UNSPECIFIED.,.F.,.F.,
  (2,2),(-13.60751621596,-5.093198051534),.PIECEWISE_BEZIER_KNOTS.);
#330 = CARTESIAN_POINT('',(1.056497115746,-1.634924240492));
#331 = CARTESIAN_POINT('',(1.056497115746,-10.14924240491));
#332 = ( GEOMETRIC_REPRESENTATION_CONTEXT(2) 
PARAMETRIC_REPRESENTATION_CONTEXT() REPRESENTATION_CONTEXT('2D SPACE',''
  ) );
#333 = ORIENTED_EDGE('',*,*,#334,.F.);
#334 = EDGE_CURVE('',#335,#309,#337,.T.);
#335 = VERTEX_POINT('',#336);
#336 = CARTESIAN_POINT('',(68.102943725152,4.979467888755,3.120532111245
    ));
#337 = SURFACE_CURVE('',#338,(#342,#348),.PCURVE_S1.);
#338 = LINE('',#339,#340);
#339 = CARTESIAN_POINT('',(65.,4.979467888755,3.120532111245));
#340 = VECTOR('',#341,1.);
#341 = DIRECTION('',(1.,0.,0.));
#342 = PCURVE('',#43,#343);
#343 = DEFINITIONAL_REPRESENTATION('',(#344),#347);
#344 = B_SPLINE_CURVE_WITH_KNOTS('',1,(#345,#346),.UNSPECIFIED.,.F.,.F.,
  (2,2),(1.787867965644,8.212132034356),.PIECEWISE_BEZIER_KNOTS.);
#345 = CARTESIAN_POINT('',(20.335638507985,-6.787867965644));
#346 = CARTESIAN_POINT('',(20.335638507985,-13.21213203435));
#347 = ( GEOMETRIC_REPRESENTATION_CONTEXT(2) 
PARAMETRIC_REPRESENTATION_CONTEXT() REPRESENTATION_CONTEXT('2D SPACE',''
  ) );
#348 = PCURVE('',#349,#354);
#349 = PLANE('',#350);
#350 = AXIS2_PLACEMENT_3D('',#351,#352,#353);
#351 = CARTESIAN_POINT('',(70.,3.929467888755,2.070532111245));
#352 = DIRECTION('',(0.,-0.707106781187,0.707106781187));
#353 = DIRECTION('',(1.,0.,0.));
#354 = DEFINITIONAL_REPRESENTATION('',(#355),#358);
#355 = B_SPLINE_CURVE_WITH_KNOTS('',1,(#356,#357),.UNSPECIFIED.,.F.,.F.,
  (2,2),(1.787867965644,8.212132034356),.PIECEWISE_BEZIER_KNOTS.);
#356 = CARTESIAN_POINT('',(-3.212132034356,1.484924240492));
#357 = CARTESIAN_POINT('',(3.212132034356,1.484924240492));
#358 = ( GEOMETRIC_REPRESENTATION_CONTEXT(2) 
PARAMETRIC_REPRESENTATION_CONTEXT() REPRESENTATION_CONTEXT('2D SPACE',''
  ) );
#359 = ORIENTED_EDGE('',*,*,#360,.T.);
#360 = EDGE_CURVE('',#335,#361,#363,.T.);
#361 = VERTEX_POINT('',#362);
#362 = CARTESIAN_POINT('',(68.102943725152,11.,-2.9));
#363 = SURFACE_CURVE('',#364,(#368,#374),.PCURVE_S1.);
#364 = LINE('',#365,#366);
#365 = CARTESIAN_POINT('',(68.102943725152,1.378033008589,6.721966991411
    ));
#366 = VECTOR('',#367,1.);
#367 = DIRECTION('',(0.,0.707106781187,-0.707106781187));
#368 = PCURVE('',#43,#369);
#369 = DEFINITIONAL_REPRESENTATION('',(#370),#373);
#370 = B_SPLINE_CURVE_WITH_KNOTS('',1,(#371,#372),.UNSPECIFIED.,.F.,.F.,
  (2,2),(5.093198051534,13.60751621596),.PIECEWISE_BEZIER_KNOTS.);
#371 = CARTESIAN_POINT('',(20.335638507985,-8.102943725152));
#372 = CARTESIAN_POINT('',(28.849956672411,-8.102943725152));
#373 = ( GEOMETRIC_REPRESENTATION_CONTEXT(2) 
PARAMETRIC_REPRESENTATION_CONTEXT() REPRESENTATION_CONTEXT('2D SPACE',''
  ) );
#374 = PCURVE('',#375,#380);
#375 = PLANE('',#376);
#376 = AXIS2_PLACEMENT_3D('',#377,#378,#379);
#377 = CARTESIAN_POINT('',(66.787867965644,13.0859650045,-3.126167029856
    ));
#378 = DIRECTION('',(0.707106781187,0.5,0.5));
#379 = DIRECTION('',(0.707106781187,-0.5,-0.5));
#380 = DEFINITIONAL_REPRESENTATION('',(#381),#384);
#381 = B_SPLINE_CURVE_WITH_KNOTS('',1,(#382,#383),.UNSPECIFIED.,.F.,.F.,
  (2,2),(5.093198051534,13.60751621596),.PIECEWISE_BEZIER_KNOTS.);
#382 = CARTESIAN_POINT('',(1.859797974645,-10.14924240491));
#383 = CARTESIAN_POINT('',(1.859797974645,-1.634924240492));
#384 = ( GEOMETRIC_REPRESENTATION_CONTEXT(2) 
PARAMETRIC_REPRESENTATION_CONTEXT() REPRESENTATION_CONTEXT('2D SPACE',''
  ) );
#385 = ORIENTED_EDGE('',*,*,#386,.F.);
#386 = EDGE_CURVE('',#387,#361,#389,.T.);
#387 = VERTEX_POINT('',#388);
#388 = CARTESIAN_POINT('',(61.4,11.,-2.9));
#389 = SURFACE_CURVE('',#390,(#394,#400),.PCURVE_S1.);
#390 = LINE('',#391,#392);
#391 = CARTESIAN_POINT('',(62.405566482627,11.,-2.9));
#392 = VECTOR('',#393,1.);
#393 = DIRECTION('',(1.,-0.,0.));
#394 = PCURVE('',#43,#395);
#395 = DEFINITIONAL_REPRESENTATION('',(#396),#399);
#396 = B_SPLINE_CURVE_WITH_KNOTS('',1,(#397,#398),.UNSPECIFIED.,.F.,.F.,
  (2,2),(-2.405566482627,12.405566482627),.PIECEWISE_BEZIER_KNOTS.);
#397 = CARTESIAN_POINT('',(28.849956672411,0.));
#398 = CARTESIAN_POINT('',(28.849956672411,-14.81113296525));
#399 = ( GEOMETRIC_REPRESENTATION_CONTEXT(2) 
PARAMETRIC_REPRESENTATION_CONTEXT() REPRESENTATION_CONTEXT('2D SPACE',''
  ) );
#400 = PCURVE('',#70,#401);
#401 = DEFINITIONAL_REPRESENTATION('',(#402),#406);
#402 = LINE('',#403,#404);
#403 = CARTESIAN_POINT('',(2.1,-2.405566482627));
#404 = VECTOR('',#405,1.);
#405 = DIRECTION('',(0.,1.));
#406 = ( GEOMETRIC_REPRESENTATION_CONTEXT(2) 
PARAMETRIC_REPRESENTATION_CONTEXT() REPRESENTATION_CONTEXT('2D SPACE',''
  ) );
#407 = ORIENTED_EDGE('',*,*,#408,.T.);
#408 = EDGE_CURVE('',#387,#409,#411,.T.);
#409 = VERTEX_POINT('',#410);
#410 = CARTESIAN_POINT('',(61.4,1.6,6.5));
#411 = SURFACE_CURVE('',#412,(#416,#422),.PCURVE_S1.);
#412 = LINE('',#413,#414);
#413 = CARTESIAN_POINT('',(61.4,-4.175,12.275));
#414 = VECTOR('',#415,1.);
#415 = DIRECTION('',(0.,-0.707106781187,0.707106781187));
#416 = PCURVE('',#43,#417);
#417 = DEFINITIONAL_REPRESENTATION('',(#418),#421);
#418 = B_SPLINE_CURVE_WITH_KNOTS('',1,(#419,#420),.UNSPECIFIED.,.F.,.F.,
  (2,2),(-21.46069080901,7.389265863399),.PIECEWISE_BEZIER_KNOTS.);
#419 = CARTESIAN_POINT('',(28.849956672411,-1.4));
#420 = CARTESIAN_POINT('',(0.,-1.4));
#421 = ( GEOMETRIC_REPRESENTATION_CONTEXT(2) 
PARAMETRIC_REPRESENTATION_CONTEXT() REPRESENTATION_CONTEXT('2D SPACE',''
  ) );
#422 = PCURVE('',#152,#423);
#423 = DEFINITIONAL_REPRESENTATION('',(#424),#427);
#424 = B_SPLINE_CURVE_WITH_KNOTS('',1,(#425,#426),.UNSPECIFIED.,.F.,.F.,
  (2,2),(-21.46069080901,7.389265863399),.PIECEWISE_BEZIER_KNOTS.);
#425 = CARTESIAN_POINT('',(2.1,-22.));
#426 = CARTESIAN_POINT('',(22.5,-1.6));
#427 = ( GEOMETRIC_REPRESENTATION_CONTEXT(2) 
PARAMETRIC_REPRESENTATION_CONTEXT() REPRESENTATION_CONTEXT('2D SPACE',''
  ) );
#428 = ORIENTED_EDGE('',*,*,#429,.T.);
#429 = EDGE_CURVE('',#409,#430,#432,.T.);
#430 = VERTEX_POINT('',#431);
#431 = CARTESIAN_POINT('',(63.48132267551,1.6,6.5));
#432 = SURFACE_CURVE('',#433,(#437,#443),.PCURVE_S1.);
#433 = LINE('',#434,#435);
#434 = CARTESIAN_POINT('',(66.95,1.6,6.5));
#435 = VECTOR('',#436,1.);
#436 = DIRECTION('',(1.,0.,-0.));
#437 = PCURVE('',#43,#438);
#438 = DEFINITIONAL_REPRESENTATION('',(#439),#442);
#439 = B_SPLINE_CURVE_WITH_KNOTS('',1,(#440,#441),.UNSPECIFIED.,.F.,.F.,
  (2,2),(-5.55,6.95),.PIECEWISE_BEZIER_KNOTS.);
#440 = CARTESIAN_POINT('',(15.556349186104,-1.4));
#441 = CARTESIAN_POINT('',(15.556349186104,-13.9));
#442 = ( GEOMETRIC_REPRESENTATION_CONTEXT(2) 
PARAMETRIC_REPRESENTATION_CONTEXT() REPRESENTATION_CONTEXT('2D SPACE',''
  ) );
#443 = PCURVE('',#444,#449);
#444 = PLANE('',#445);
#445 = AXIS2_PLACEMENT_3D('',#446,#447,#448);
#446 = CARTESIAN_POINT('',(73.9,-8.,6.5));
#447 = DIRECTION('',(0.,0.,1.));
#448 = DIRECTION('',(1.,0.,0.));
#449 = DEFINITIONAL_REPRESENTATION('',(#450),#453);
#450 = B_SPLINE_CURVE_WITH_KNOTS('',1,(#451,#452),.UNSPECIFIED.,.F.,.F.,
  (2,2),(-5.55,6.95),.PIECEWISE_BEZIER_KNOTS.);
#451 = CARTESIAN_POINT('',(-12.5,9.6));
#452 = CARTESIAN_POINT('',(0.,9.6));
#453 = ( GEOMETRIC_REPRESENTATION_CONTEXT(2) 
PARAMETRIC_REPRESENTATION_CONTEXT() REPRESENTATION_CONTEXT('2D SPACE',''
  ) );
#454 = ORIENTED_EDGE('',*,*,#455,.T.);
#455 = EDGE_CURVE('',#430,#456,#458,.T.);
#456 = VERTEX_POINT('',#457);
#457 = CARTESIAN_POINT('',(63.216718427,1.1,7.));
#458 = SURFACE_CURVE('',#459,(#464,#471),.PCURVE_S1.);
#459 = ELLIPSE('',#460,4.101219330882,2.9);
#460 = AXIS2_PLACEMENT_3D('',#461,#462,#463);
#461 = CARTESIAN_POINT('',(65.9,0.,8.1));
#462 = DIRECTION('',(0.,0.707106781187,0.707106781187));
#463 = DIRECTION('',(0.,0.707106781187,-0.707106781187));
#464 = PCURVE('',#43,#465);
#465 = DEFINITIONAL_REPRESENTATION('',(#466),#470);
#466 = ELLIPSE('',#467,4.101219330882,2.9);
#467 = AXIS2_PLACEMENT_2D('',#468,#469);
#468 = CARTESIAN_POINT('',(13.293607486307,-5.9));
#469 = DIRECTION('',(1.,0.));
#470 = ( GEOMETRIC_REPRESENTATION_CONTEXT(2) 
PARAMETRIC_REPRESENTATION_CONTEXT() REPRESENTATION_CONTEXT('2D SPACE',''
  ) );
#471 = PCURVE('',#472,#477);
#472 = CYLINDRICAL_SURFACE('',#473,2.9);
#473 = AXIS2_PLACEMENT_3D('',#474,#475,#476);
#474 = CARTESIAN_POINT('',(65.9,0.,6.5));
#475 = DIRECTION('',(0.,-0.,-1.));
#476 = DIRECTION('',(-1.,-0.,-0.));
#477 = DEFINITIONAL_REPRESENTATION('',(#478),#485);
#478 = B_SPLINE_CURVE_WITH_KNOTS('',5,(#479,#480,#481,#482,#483,#484),
  .UNSPECIFIED.,.F.,.F.,(6,6),(0.986366005384,1.181745723898),
  .PIECEWISE_BEZIER_KNOTS.);
#479 = CARTESIAN_POINT('',(0.584430321411,6.000000025708E-07));
#480 = CARTESIAN_POINT('',(0.545354377708,-9.45114834572E-02));
#481 = CARTESIAN_POINT('',(0.506278434006,-0.192077424472));
#482 = CARTESIAN_POINT('',(0.467202490303,-0.292396585909));
#483 = CARTESIAN_POINT('',(0.4281265466,-0.395148830703));
#484 = CARTESIAN_POINT('',(0.389050602897,-0.5000006));
#485 = ( GEOMETRIC_REPRESENTATION_CONTEXT(2) 
PARAMETRIC_REPRESENTATION_CONTEXT() REPRESENTATION_CONTEXT('2D SPACE',''
  ) );
#486 = ORIENTED_EDGE('',*,*,#487,.F.);
#487 = EDGE_CURVE('',#488,#456,#490,.T.);
#488 = VERTEX_POINT('',#489);
#489 = CARTESIAN_POINT('',(68.583281573,1.1,7.));
#490 = SURFACE_CURVE('',#491,(#495,#502),.PCURVE_S1.);
#491 = LINE('',#492,#493);
#492 = CARTESIAN_POINT('',(68.583281573,1.1,7.));
#493 = VECTOR('',#494,1.);
#494 = DIRECTION('',(-1.,-4.137556922079E-17,0.));
#495 = PCURVE('',#43,#496);
#496 = DEFINITIONAL_REPRESENTATION('',(#497),#501);
#497 = LINE('',#498,#499);
#498 = CARTESIAN_POINT('',(14.849242404918,-8.583281573));
#499 = VECTOR('',#500,1.);
#500 = DIRECTION('',(-2.925694557147E-17,1.));
#501 = ( GEOMETRIC_REPRESENTATION_CONTEXT(2) 
PARAMETRIC_REPRESENTATION_CONTEXT() REPRESENTATION_CONTEXT('2D SPACE',''
  ) );
#502 = PCURVE('',#503,#508);
#503 = PLANE('',#504);
#504 = AXIS2_PLACEMENT_3D('',#505,#506,#507);
#505 = CARTESIAN_POINT('',(65.9,-1.183825239176E-16,7.));
#506 = DIRECTION('',(-0.,-0.,1.));
#507 = DIRECTION('',(1.,0.,0.));
#508 = DEFINITIONAL_REPRESENTATION('',(#509),#513);
#509 = LINE('',#510,#511);
#510 = CARTESIAN_POINT('',(2.683281573,1.1));
#511 = VECTOR('',#512,1.);
#512 = DIRECTION('',(-1.,-4.137556922079E-17));
#513 = ( GEOMETRIC_REPRESENTATION_CONTEXT(2) 
PARAMETRIC_REPRESENTATION_CONTEXT() REPRESENTATION_CONTEXT('2D SPACE',''
  ) );
#514 = ORIENTED_EDGE('',*,*,#515,.T.);
#515 = EDGE_CURVE('',#488,#516,#518,.T.);
#516 = VERTEX_POINT('',#517);
#517 = CARTESIAN_POINT('',(68.31867732449,1.6,6.5));
#518 = SURFACE_CURVE('',#519,(#524,#531),.PCURVE_S1.);
#519 = ELLIPSE('',#520,4.101219330882,2.9);
#520 = AXIS2_PLACEMENT_3D('',#521,#522,#523);
#521 = CARTESIAN_POINT('',(65.9,0.,8.1));
#522 = DIRECTION('',(0.,0.707106781187,0.707106781187));
#523 = DIRECTION('',(0.,0.707106781187,-0.707106781187));
#524 = PCURVE('',#43,#525);
#525 = DEFINITIONAL_REPRESENTATION('',(#526),#530);
#526 = ELLIPSE('',#527,4.101219330882,2.9);
#527 = AXIS2_PLACEMENT_2D('',#528,#529);
#528 = CARTESIAN_POINT('',(13.293607486307,-5.9));
#529 = DIRECTION('',(1.,0.));
#530 = ( GEOMETRIC_REPRESENTATION_CONTEXT(2) 
PARAMETRIC_REPRESENTATION_CONTEXT() REPRESENTATION_CONTEXT('2D SPACE',''
  ) );
#531 = PCURVE('',#472,#532);
#532 = DEFINITIONAL_REPRESENTATION('',(#533),#540);
#533 = B_SPLINE_CURVE_WITH_KNOTS('',5,(#534,#535,#536,#537,#538,#539),
  .UNSPECIFIED.,.F.,.F.,(6,6),(5.101439583282,5.296819301796),
  .PIECEWISE_BEZIER_KNOTS.);
#534 = CARTESIAN_POINT('',(2.752542050693,-0.5000006));
#535 = CARTESIAN_POINT('',(2.71346610699,-0.395148830703));
#536 = CARTESIAN_POINT('',(2.674390163287,-0.292396585909));
#537 = CARTESIAN_POINT('',(2.635314219584,-0.192077424472));
#538 = CARTESIAN_POINT('',(2.596238275882,-9.45114834572E-02));
#539 = CARTESIAN_POINT('',(2.557162332179,6.000000052353E-07));
#540 = ( GEOMETRIC_REPRESENTATION_CONTEXT(2) 
PARAMETRIC_REPRESENTATION_CONTEXT() REPRESENTATION_CONTEXT('2D SPACE',''
  ) );
#541 = ORIENTED_EDGE('',*,*,#542,.T.);
#542 = EDGE_CURVE('',#516,#543,#545,.T.);
#543 = VERTEX_POINT('',#544);
#544 = CARTESIAN_POINT('',(73.9,1.6,6.5));
#545 = SURFACE_CURVE('',#546,(#550,#556),.PCURVE_S1.);
#546 = LINE('',#547,#548);
#547 = CARTESIAN_POINT('',(66.95,1.6,6.5));
#548 = VECTOR('',#549,1.);
#549 = DIRECTION('',(1.,0.,-0.));
#550 = PCURVE('',#43,#551);
#551 = DEFINITIONAL_REPRESENTATION('',(#552),#555);
#552 = B_SPLINE_CURVE_WITH_KNOTS('',1,(#553,#554),.UNSPECIFIED.,.F.,.F.,
  (2,2),(-5.55,6.95),.PIECEWISE_BEZIER_KNOTS.);
#553 = CARTESIAN_POINT('',(15.556349186104,-1.4));
#554 = CARTESIAN_POINT('',(15.556349186104,-13.9));
#555 = ( GEOMETRIC_REPRESENTATION_CONTEXT(2) 
PARAMETRIC_REPRESENTATION_CONTEXT() REPRESENTATION_CONTEXT('2D SPACE',''
  ) );
#556 = PCURVE('',#444,#557);
#557 = DEFINITIONAL_REPRESENTATION('',(#558),#561);
#558 = B_SPLINE_CURVE_WITH_KNOTS('',1,(#559,#560),.UNSPECIFIED.,.F.,.F.,
  (2,2),(-5.55,6.95),.PIECEWISE_BEZIER_KNOTS.);
#559 = CARTESIAN_POINT('',(-12.5,9.6));
#560 = CARTESIAN_POINT('',(0.,9.6));
#561 = ( GEOMETRIC_REPRESENTATION_CONTEXT(2) 
PARAMETRIC_REPRESENTATION_CONTEXT() REPRESENTATION_CONTEXT('2D SPACE',''
  ) );
#562 = ORIENTED_EDGE('',*,*,#563,.T.);
#563 = EDGE_CURVE('',#543,#112,#564,.T.);
#564 = SURFACE_CURVE('',#565,(#569,#575),.PCURVE_S1.);
#565 = LINE('',#566,#567);
#566 = CARTESIAN_POINT('',(73.9,-6.3,14.4));
#567 = VECTOR('',#568,1.);
#568 = DIRECTION('',(0.,-0.707106781187,0.707106781187));
#569 = PCURVE('',#43,#570);
#570 = DEFINITIONAL_REPRESENTATION('',(#571),#574);
#571 = B_SPLINE_CURVE_WITH_KNOTS('',1,(#572,#573),.UNSPECIFIED.,.F.,.F.,
  (2,2),(-11.17228714274,0.141421356237),.PIECEWISE_BEZIER_KNOTS.);
#572 = CARTESIAN_POINT('',(15.556349186104,-13.9));
#573 = CARTESIAN_POINT('',(4.242640687119,-13.9));
#574 = ( GEOMETRIC_REPRESENTATION_CONTEXT(2) 
PARAMETRIC_REPRESENTATION_CONTEXT() REPRESENTATION_CONTEXT('2D SPACE',''
  ) );
#575 = PCURVE('',#576,#581);
#576 = PLANE('',#577);
#577 = AXIS2_PLACEMENT_3D('',#578,#579,#580);
#578 = CARTESIAN_POINT('',(73.9,-8.,6.5));
#579 = DIRECTION('',(-1.,-0.,0.));
#580 = DIRECTION('',(0.,0.,-1.));
#581 = DEFINITIONAL_REPRESENTATION('',(#582),#585);
#582 = B_SPLINE_CURVE_WITH_KNOTS('',1,(#583,#584),.UNSPECIFIED.,.F.,.F.,
  (2,2),(-11.17228714274,0.141421356237),.PIECEWISE_BEZIER_KNOTS.);
#583 = CARTESIAN_POINT('',(1.7763568394E-15,-9.6));
#584 = CARTESIAN_POINT('',(-8.,-1.6));
#585 = ( GEOMETRIC_REPRESENTATION_CONTEXT(2) 
PARAMETRIC_REPRESENTATION_CONTEXT() REPRESENTATION_CONTEXT('2D SPACE',''
  ) );
#586 = ADVANCED_FACE('',(#587,#902),#95,.F.);
#587 = FACE_BOUND('',#588,.F.);
#588 = EDGE_LOOP('',(#589,#590,#611,#633,#659,#685,#706,#729,#757,#785,
    #813,#833,#834,#835,#858,#881));
#589 = ORIENTED_EDGE('',*,*,#163,.F.);
#590 = ORIENTED_EDGE('',*,*,#591,.T.);
#591 = EDGE_CURVE('',#138,#592,#594,.T.);
#592 = VERTEX_POINT('',#593);
#593 = CARTESIAN_POINT('',(61.4,11.,17.5));
#594 = SURFACE_CURVE('',#595,(#599,#605),.PCURVE_S1.);
#595 = LINE('',#596,#597);
#596 = CARTESIAN_POINT('',(61.4,34.5,17.5));
#597 = VECTOR('',#598,1.);
#598 = DIRECTION('',(-0.,1.,0.));
#599 = PCURVE('',#95,#600);
#600 = DEFINITIONAL_REPRESENTATION('',(#601),#604);
#601 = B_SPLINE_CURVE_WITH_KNOTS('',1,(#602,#603),.UNSPECIFIED.,.F.,.F.,
  (2,2),(-43.9,-23.5),.PIECEWISE_BEZIER_KNOTS.);
#602 = CARTESIAN_POINT('',(89.4,-1.4));
#603 = CARTESIAN_POINT('',(69.,-1.4));
#604 = ( GEOMETRIC_REPRESENTATION_CONTEXT(2) 
PARAMETRIC_REPRESENTATION_CONTEXT() REPRESENTATION_CONTEXT('2D SPACE',''
  ) );
#605 = PCURVE('',#152,#606);
#606 = DEFINITIONAL_REPRESENTATION('',(#607),#610);
#607 = B_SPLINE_CURVE_WITH_KNOTS('',1,(#608,#609),.UNSPECIFIED.,.F.,.F.,
  (2,2),(-43.9,-23.5),.PIECEWISE_BEZIER_KNOTS.);
#608 = CARTESIAN_POINT('',(22.5,-1.6));
#609 = CARTESIAN_POINT('',(22.5,-22.));
#610 = ( GEOMETRIC_REPRESENTATION_CONTEXT(2) 
PARAMETRIC_REPRESENTATION_CONTEXT() REPRESENTATION_CONTEXT('2D SPACE',''
  ) );
#611 = ORIENTED_EDGE('',*,*,#612,.F.);
#612 = EDGE_CURVE('',#613,#592,#615,.T.);
#613 = VERTEX_POINT('',#614);
#614 = CARTESIAN_POINT('',(64.517936334044,11.,17.5));
#615 = SURFACE_CURVE('',#616,(#620,#626),.PCURVE_S1.);
#616 = LINE('',#617,#618);
#617 = CARTESIAN_POINT('',(62.405566482627,11.,17.5));
#618 = VECTOR('',#619,1.);
#619 = DIRECTION('',(-1.,0.,0.));
#620 = PCURVE('',#95,#621);
#621 = DEFINITIONAL_REPRESENTATION('',(#622),#625);
#622 = B_SPLINE_CURVE_WITH_KNOTS('',1,(#623,#624),.UNSPECIFIED.,.F.,.F.,
  (2,2),(-12.40556648262,2.405566482627),.PIECEWISE_BEZIER_KNOTS.);
#623 = CARTESIAN_POINT('',(69.,-14.81113296525));
#624 = CARTESIAN_POINT('',(69.,0.));
#625 = ( GEOMETRIC_REPRESENTATION_CONTEXT(2) 
PARAMETRIC_REPRESENTATION_CONTEXT() REPRESENTATION_CONTEXT('2D SPACE',''
  ) );
#626 = PCURVE('',#70,#627);
#627 = DEFINITIONAL_REPRESENTATION('',(#628),#632);
#628 = LINE('',#629,#630);
#629 = CARTESIAN_POINT('',(22.5,-2.405566482627));
#630 = VECTOR('',#631,1.);
#631 = DIRECTION('',(0.,-1.));
#632 = ( GEOMETRIC_REPRESENTATION_CONTEXT(2) 
PARAMETRIC_REPRESENTATION_CONTEXT() REPRESENTATION_CONTEXT('2D SPACE',''
  ) );
#633 = ORIENTED_EDGE('',*,*,#634,.F.);
#634 = EDGE_CURVE('',#635,#613,#637,.T.);
#635 = VERTEX_POINT('',#636);
#636 = CARTESIAN_POINT('',(64.517936334044,11.4,17.5));
#637 = SURFACE_CURVE('',#638,(#642,#648),.PCURVE_S1.);
#638 = LINE('',#639,#640);
#639 = CARTESIAN_POINT('',(64.517936334044,10.5,17.5));
#640 = VECTOR('',#641,1.);
#641 = DIRECTION('',(0.,-1.,0.));
#642 = PCURVE('',#95,#643);
#643 = DEFINITIONAL_REPRESENTATION('',(#644),#647);
#644 = B_SPLINE_CURVE_WITH_KNOTS('',1,(#645,#646),.UNSPECIFIED.,.F.,.F.,
  (2,2),(-0.9000006,-0.4999994),.PIECEWISE_BEZIER_KNOTS.);
#645 = CARTESIAN_POINT('',(68.5999994,-4.517936334044));
#646 = CARTESIAN_POINT('',(69.0000006,-4.517936334044));
#647 = ( GEOMETRIC_REPRESENTATION_CONTEXT(2) 
PARAMETRIC_REPRESENTATION_CONTEXT() REPRESENTATION_CONTEXT('2D SPACE',''
  ) );
#648 = PCURVE('',#649,#654);
#649 = CYLINDRICAL_SURFACE('',#650,3.);
#650 = AXIS2_PLACEMENT_3D('',#651,#652,#653);
#651 = CARTESIAN_POINT('',(67.171236166328,10.5,16.1));
#652 = DIRECTION('',(0.,-1.,0.));
#653 = DIRECTION('',(1.,0.,0.));
#654 = DEFINITIONAL_REPRESENTATION('',(#655),#658);
#655 = B_SPLINE_CURVE_WITH_KNOTS('',1,(#656,#657),.UNSPECIFIED.,.F.,.F.,
  (2,2),(-0.9,-0.5),.PIECEWISE_BEZIER_KNOTS.);
#656 = CARTESIAN_POINT('',(2.656074531294,-0.9));
#657 = CARTESIAN_POINT('',(2.656074531294,-0.5));
#658 = ( GEOMETRIC_REPRESENTATION_CONTEXT(2) 
PARAMETRIC_REPRESENTATION_CONTEXT() REPRESENTATION_CONTEXT('2D SPACE',''
  ) );
#659 = ORIENTED_EDGE('',*,*,#660,.T.);
#660 = EDGE_CURVE('',#635,#661,#663,.T.);
#661 = VERTEX_POINT('',#662);
#662 = CARTESIAN_POINT('',(69.824535998613,11.4,17.5));
#663 = SURFACE_CURVE('',#664,(#668,#674),.PCURVE_S1.);
#664 = LINE('',#665,#666);
#665 = CARTESIAN_POINT('',(63.585618083164,11.4,17.5));
#666 = VECTOR('',#667,1.);
#667 = DIRECTION('',(1.,-0.,0.));
#668 = PCURVE('',#95,#669);
#669 = DEFINITIONAL_REPRESENTATION('',(#670),#673);
#670 = B_SPLINE_CURVE_WITH_KNOTS('',1,(#671,#672),.UNSPECIFIED.,.F.,.F.,
  (2,2),(0.585618083164,6.585618083164),.PIECEWISE_BEZIER_KNOTS.);
#671 = CARTESIAN_POINT('',(68.6,-4.171236166328));
#672 = CARTESIAN_POINT('',(68.6,-10.17123616632));
#673 = ( GEOMETRIC_REPRESENTATION_CONTEXT(2) 
PARAMETRIC_REPRESENTATION_CONTEXT() REPRESENTATION_CONTEXT('2D SPACE',''
  ) );
#674 = PCURVE('',#675,#680);
#675 = PLANE('',#676);
#676 = AXIS2_PLACEMENT_3D('',#677,#678,#679);
#677 = CARTESIAN_POINT('',(67.171236166328,11.4,16.1));
#678 = DIRECTION('',(-0.,-1.,-0.));
#679 = DIRECTION('',(0.,0.,-1.));
#680 = DEFINITIONAL_REPRESENTATION('',(#681),#684);
#681 = B_SPLINE_CURVE_WITH_KNOTS('',1,(#682,#683),.UNSPECIFIED.,.F.,.F.,
  (2,2),(0.585618083164,6.585618083164),.PIECEWISE_BEZIER_KNOTS.);
#682 = CARTESIAN_POINT('',(-1.4,-3.));
#683 = CARTESIAN_POINT('',(-1.4,3.));
#684 = ( GEOMETRIC_REPRESENTATION_CONTEXT(2) 
PARAMETRIC_REPRESENTATION_CONTEXT() REPRESENTATION_CONTEXT('2D SPACE',''
  ) );
#685 = ORIENTED_EDGE('',*,*,#686,.T.);
#686 = EDGE_CURVE('',#661,#687,#689,.T.);
#687 = VERTEX_POINT('',#688);
#688 = CARTESIAN_POINT('',(69.824535998613,11.,17.5));
#689 = SURFACE_CURVE('',#690,(#694,#700),.PCURVE_S1.);
#690 = LINE('',#691,#692);
#691 = CARTESIAN_POINT('',(69.824535998613,10.5,17.5));
#692 = VECTOR('',#693,1.);
#693 = DIRECTION('',(0.,-1.,0.));
#694 = PCURVE('',#95,#695);
#695 = DEFINITIONAL_REPRESENTATION('',(#696),#699);
#696 = B_SPLINE_CURVE_WITH_KNOTS('',1,(#697,#698),.UNSPECIFIED.,.F.,.F.,
  (2,2),(-0.9000006,-0.4999994),.PIECEWISE_BEZIER_KNOTS.);
#697 = CARTESIAN_POINT('',(68.5999994,-9.824535998613));
#698 = CARTESIAN_POINT('',(69.0000006,-9.824535998613));
#699 = ( GEOMETRIC_REPRESENTATION_CONTEXT(2) 
PARAMETRIC_REPRESENTATION_CONTEXT() REPRESENTATION_CONTEXT('2D SPACE',''
  ) );
#700 = PCURVE('',#649,#701);
#701 = DEFINITIONAL_REPRESENTATION('',(#702),#705);
#702 = B_SPLINE_CURVE_WITH_KNOTS('',1,(#703,#704),.UNSPECIFIED.,.F.,.F.,
  (2,2),(-0.9,-0.5),.PIECEWISE_BEZIER_KNOTS.);
#703 = CARTESIAN_POINT('',(6.768703429475,-0.9));
#704 = CARTESIAN_POINT('',(6.768703429475,-0.5));
#705 = ( GEOMETRIC_REPRESENTATION_CONTEXT(2) 
PARAMETRIC_REPRESENTATION_CONTEXT() REPRESENTATION_CONTEXT('2D SPACE',''
  ) );
#706 = ORIENTED_EDGE('',*,*,#707,.T.);
#707 = EDGE_CURVE('',#687,#708,#710,.T.);
#708 = VERTEX_POINT('',#709);
#709 = CARTESIAN_POINT('',(69.2,11.,17.5));
#710 = SURFACE_CURVE('',#711,(#715,#722),.PCURVE_S1.);
#711 = LINE('',#712,#713);
#712 = CARTESIAN_POINT('',(70.8,11.,17.5));
#713 = VECTOR('',#714,1.);
#714 = DIRECTION('',(-1.,0.,0.));
#715 = PCURVE('',#95,#716);
#716 = DEFINITIONAL_REPRESENTATION('',(#717),#721);
#717 = LINE('',#718,#719);
#718 = CARTESIAN_POINT('',(69.,-10.8));
#719 = VECTOR('',#720,1.);
#720 = DIRECTION('',(0.,1.));
#721 = ( GEOMETRIC_REPRESENTATION_CONTEXT(2) 
PARAMETRIC_REPRESENTATION_CONTEXT() REPRESENTATION_CONTEXT('2D SPACE',''
  ) );
#722 = PCURVE('',#70,#723);
#723 = DEFINITIONAL_REPRESENTATION('',(#724),#728);
#724 = LINE('',#725,#726);
#725 = CARTESIAN_POINT('',(22.5,5.988867034746));
#726 = VECTOR('',#727,1.);
#727 = DIRECTION('',(0.,-1.));
#728 = ( GEOMETRIC_REPRESENTATION_CONTEXT(2) 
PARAMETRIC_REPRESENTATION_CONTEXT() REPRESENTATION_CONTEXT('2D SPACE',''
  ) );
#729 = ORIENTED_EDGE('',*,*,#730,.T.);
#730 = EDGE_CURVE('',#708,#731,#733,.T.);
#731 = VERTEX_POINT('',#732);
#732 = CARTESIAN_POINT('',(69.2,-6.2,17.5));
#733 = SURFACE_CURVE('',#734,(#738,#745),.PCURVE_S1.);
#734 = LINE('',#735,#736);
#735 = CARTESIAN_POINT('',(69.2,11.,17.5));
#736 = VECTOR('',#737,1.);
#737 = DIRECTION('',(0.,-1.,0.));
#738 = PCURVE('',#95,#739);
#739 = DEFINITIONAL_REPRESENTATION('',(#740),#744);
#740 = LINE('',#741,#742);
#741 = CARTESIAN_POINT('',(69.,-9.2));
#742 = VECTOR('',#743,1.);
#743 = DIRECTION('',(1.,0.));
#744 = ( GEOMETRIC_REPRESENTATION_CONTEXT(2) 
PARAMETRIC_REPRESENTATION_CONTEXT() REPRESENTATION_CONTEXT('2D SPACE',''
  ) );
#745 = PCURVE('',#746,#751);
#746 = PLANE('',#747);
#747 = AXIS2_PLACEMENT_3D('',#748,#749,#750);
#748 = CARTESIAN_POINT('',(69.2,11.,17.5));
#749 = DIRECTION('',(-1.,0.,0.));
#750 = DIRECTION('',(0.,0.,1.));
#751 = DEFINITIONAL_REPRESENTATION('',(#752),#756);
#752 = LINE('',#753,#754);
#753 = CARTESIAN_POINT('',(0.,0.));
#754 = VECTOR('',#755,1.);
#755 = DIRECTION('',(0.,-1.));
#756 = ( GEOMETRIC_REPRESENTATION_CONTEXT(2) 
PARAMETRIC_REPRESENTATION_CONTEXT() REPRESENTATION_CONTEXT('2D SPACE',''
  ) );
#757 = ORIENTED_EDGE('',*,*,#758,.F.);
#758 = EDGE_CURVE('',#759,#731,#761,.T.);
#759 = VERTEX_POINT('',#760);
#760 = CARTESIAN_POINT('',(70.8,-6.2,17.5));
#761 = SURFACE_CURVE('',#762,(#766,#773),.PCURVE_S1.);
#762 = LINE('',#763,#764);
#763 = CARTESIAN_POINT('',(70.8,-6.2,17.5));
#764 = VECTOR('',#765,1.);
#765 = DIRECTION('',(-1.,0.,0.));
#766 = PCURVE('',#95,#767);
#767 = DEFINITIONAL_REPRESENTATION('',(#768),#772);
#768 = LINE('',#769,#770);
#769 = CARTESIAN_POINT('',(86.2,-10.8));
#770 = VECTOR('',#771,1.);
#771 = DIRECTION('',(0.,1.));
#772 = ( GEOMETRIC_REPRESENTATION_CONTEXT(2) 
PARAMETRIC_REPRESENTATION_CONTEXT() REPRESENTATION_CONTEXT('2D SPACE',''
  ) );
#773 = PCURVE('',#774,#779);
#774 = PLANE('',#775);
#775 = AXIS2_PLACEMENT_3D('',#776,#777,#778);
#776 = CARTESIAN_POINT('',(70.,-6.2,20.037258300203));
#777 = DIRECTION('',(0.,1.,0.));
#778 = DIRECTION('',(0.,-0.,1.));
#779 = DEFINITIONAL_REPRESENTATION('',(#780),#784);
#780 = LINE('',#781,#782);
#781 = CARTESIAN_POINT('',(-2.537258300203,0.8));
#782 = VECTOR('',#783,1.);
#783 = DIRECTION('',(0.,-1.));
#784 = ( GEOMETRIC_REPRESENTATION_CONTEXT(2) 
PARAMETRIC_REPRESENTATION_CONTEXT() REPRESENTATION_CONTEXT('2D SPACE',''
  ) );
#785 = ORIENTED_EDGE('',*,*,#786,.F.);
#786 = EDGE_CURVE('',#787,#759,#789,.T.);
#787 = VERTEX_POINT('',#788);
#788 = CARTESIAN_POINT('',(70.8,11.,17.5));
#789 = SURFACE_CURVE('',#790,(#794,#801),.PCURVE_S1.);
#790 = LINE('',#791,#792);
#791 = CARTESIAN_POINT('',(70.8,11.,17.5));
#792 = VECTOR('',#793,1.);
#793 = DIRECTION('',(0.,-1.,0.));
#794 = PCURVE('',#95,#795);
#795 = DEFINITIONAL_REPRESENTATION('',(#796),#800);
#796 = LINE('',#797,#798);
#797 = CARTESIAN_POINT('',(69.,-10.8));
#798 = VECTOR('',#799,1.);
#799 = DIRECTION('',(1.,0.));
#800 = ( GEOMETRIC_REPRESENTATION_CONTEXT(2) 
PARAMETRIC_REPRESENTATION_CONTEXT() REPRESENTATION_CONTEXT('2D SPACE',''
  ) );
#801 = PCURVE('',#802,#807);
#802 = PLANE('',#803);
#803 = AXIS2_PLACEMENT_3D('',#804,#805,#806);
#804 = CARTESIAN_POINT('',(70.8,11.,19.1));
#805 = DIRECTION('',(1.,0.,0.));
#806 = DIRECTION('',(0.,0.,-1.));
#807 = DEFINITIONAL_REPRESENTATION('',(#808),#812);
#808 = LINE('',#809,#810);
#809 = CARTESIAN_POINT('',(1.6,0.));
#810 = VECTOR('',#811,1.);
#811 = DIRECTION('',(0.,-1.));
#812 = ( GEOMETRIC_REPRESENTATION_CONTEXT(2) 
PARAMETRIC_REPRESENTATION_CONTEXT() REPRESENTATION_CONTEXT('2D SPACE',''
  ) );
#813 = ORIENTED_EDGE('',*,*,#814,.F.);
#814 = EDGE_CURVE('',#55,#787,#815,.T.);
#815 = SURFACE_CURVE('',#816,(#820,#826),.PCURVE_S1.);
#816 = LINE('',#817,#818);
#817 = CARTESIAN_POINT('',(62.405566482627,11.,17.5));
#818 = VECTOR('',#819,1.);
#819 = DIRECTION('',(-1.,0.,0.));
#820 = PCURVE('',#95,#821);
#821 = DEFINITIONAL_REPRESENTATION('',(#822),#825);
#822 = B_SPLINE_CURVE_WITH_KNOTS('',1,(#823,#824),.UNSPECIFIED.,.F.,.F.,
  (2,2),(-12.40556648262,2.405566482627),.PIECEWISE_BEZIER_KNOTS.);
#823 = CARTESIAN_POINT('',(69.,-14.81113296525));
#824 = CARTESIAN_POINT('',(69.,0.));
#825 = ( GEOMETRIC_REPRESENTATION_CONTEXT(2) 
PARAMETRIC_REPRESENTATION_CONTEXT() REPRESENTATION_CONTEXT('2D SPACE',''
  ) );
#826 = PCURVE('',#70,#827);
#827 = DEFINITIONAL_REPRESENTATION('',(#828),#832);
#828 = LINE('',#829,#830);
#829 = CARTESIAN_POINT('',(22.5,-2.405566482627));
#830 = VECTOR('',#831,1.);
#831 = DIRECTION('',(0.,-1.));
#832 = ( GEOMETRIC_REPRESENTATION_CONTEXT(2) 
PARAMETRIC_REPRESENTATION_CONTEXT() REPRESENTATION_CONTEXT('2D SPACE',''
  ) );
#833 = ORIENTED_EDGE('',*,*,#82,.F.);
#834 = ORIENTED_EDGE('',*,*,#264,.F.);
#835 = ORIENTED_EDGE('',*,*,#836,.F.);
#836 = EDGE_CURVE('',#837,#239,#839,.T.);
#837 = VERTEX_POINT('',#838);
#838 = CARTESIAN_POINT('',(72.,-7.8,17.5));
#839 = SURFACE_CURVE('',#840,(#844,#851),.PCURVE_S1.);
#840 = LINE('',#841,#842);
#841 = CARTESIAN_POINT('',(72.,-7.8,17.5));
#842 = VECTOR('',#843,1.);
#843 = DIRECTION('',(0.,-1.,0.));
#844 = PCURVE('',#95,#845);
#845 = DEFINITIONAL_REPRESENTATION('',(#846),#850);
#846 = LINE('',#847,#848);
#847 = CARTESIAN_POINT('',(87.8,-12.));
#848 = VECTOR('',#849,1.);
#849 = DIRECTION('',(1.,0.));
#850 = ( GEOMETRIC_REPRESENTATION_CONTEXT(2) 
PARAMETRIC_REPRESENTATION_CONTEXT() REPRESENTATION_CONTEXT('2D SPACE',''
  ) );
#851 = PCURVE('',#253,#852);
#852 = DEFINITIONAL_REPRESENTATION('',(#853),#857);
#853 = LINE('',#854,#855);
#854 = CARTESIAN_POINT('',(1.6,0.));
#855 = VECTOR('',#856,1.);
#856 = DIRECTION('',(0.,-1.));
#857 = ( GEOMETRIC_REPRESENTATION_CONTEXT(2) 
PARAMETRIC_REPRESENTATION_CONTEXT() REPRESENTATION_CONTEXT('2D SPACE',''
  ) );
#858 = ORIENTED_EDGE('',*,*,#859,.T.);
#859 = EDGE_CURVE('',#837,#860,#862,.T.);
#860 = VERTEX_POINT('',#861);
#861 = CARTESIAN_POINT('',(68.,-7.8,17.5));
#862 = SURFACE_CURVE('',#863,(#867,#874),.PCURVE_S1.);
#863 = LINE('',#864,#865);
#864 = CARTESIAN_POINT('',(72.,-7.8,17.5));
#865 = VECTOR('',#866,1.);
#866 = DIRECTION('',(-1.,0.,0.));
#867 = PCURVE('',#95,#868);
#868 = DEFINITIONAL_REPRESENTATION('',(#869),#873);
#869 = LINE('',#870,#871);
#870 = CARTESIAN_POINT('',(87.8,-12.));
#871 = VECTOR('',#872,1.);
#872 = DIRECTION('',(0.,1.));
#873 = ( GEOMETRIC_REPRESENTATION_CONTEXT(2) 
PARAMETRIC_REPRESENTATION_CONTEXT() REPRESENTATION_CONTEXT('2D SPACE',''
  ) );
#874 = PCURVE('',#227,#875);
#875 = DEFINITIONAL_REPRESENTATION('',(#876),#880);
#876 = LINE('',#877,#878);
#877 = CARTESIAN_POINT('',(-2.675558528722,2.));
#878 = VECTOR('',#879,1.);
#879 = DIRECTION('',(0.,-1.));
#880 = ( GEOMETRIC_REPRESENTATION_CONTEXT(2) 
PARAMETRIC_REPRESENTATION_CONTEXT() REPRESENTATION_CONTEXT('2D SPACE',''
  ) );
#881 = ORIENTED_EDGE('',*,*,#882,.T.);
#882 = EDGE_CURVE('',#860,#164,#883,.T.);
#883 = SURFACE_CURVE('',#884,(#888,#895),.PCURVE_S1.);
#884 = LINE('',#885,#886);
#885 = CARTESIAN_POINT('',(68.,-7.8,17.5));
#886 = VECTOR('',#887,1.);
#887 = DIRECTION('',(0.,-1.,0.));
#888 = PCURVE('',#95,#889);
#889 = DEFINITIONAL_REPRESENTATION('',(#890),#894);
#890 = LINE('',#891,#892);
#891 = CARTESIAN_POINT('',(87.8,-8.));
#892 = VECTOR('',#893,1.);
#893 = DIRECTION('',(1.,0.));
#894 = ( GEOMETRIC_REPRESENTATION_CONTEXT(2) 
PARAMETRIC_REPRESENTATION_CONTEXT() REPRESENTATION_CONTEXT('2D SPACE',''
  ) );
#895 = PCURVE('',#201,#896);
#896 = DEFINITIONAL_REPRESENTATION('',(#897),#901);
#897 = LINE('',#898,#899);
#898 = CARTESIAN_POINT('',(0.,0.));
#899 = VECTOR('',#900,1.);
#900 = DIRECTION('',(0.,-1.));
#901 = ( GEOMETRIC_REPRESENTATION_CONTEXT(2) 
PARAMETRIC_REPRESENTATION_CONTEXT() REPRESENTATION_CONTEXT('2D SPACE',''
  ) );
#902 = FACE_BOUND('',#903,.F.);
#903 = EDGE_LOOP('',(#904));
#904 = ORIENTED_EDGE('',*,*,#905,.F.);
#905 = EDGE_CURVE('',#906,#906,#908,.T.);
#906 = VERTEX_POINT('',#907);
#907 = CARTESIAN_POINT('',(64.8,0.,17.5));
#908 = SURFACE_CURVE('',#909,(#914,#921),.PCURVE_S1.);
#909 = CIRCLE('',#910,1.1);
#910 = AXIS2_PLACEMENT_3D('',#911,#912,#913);
#911 = CARTESIAN_POINT('',(65.9,0.,17.5));
#912 = DIRECTION('',(0.,-0.,-1.));
#913 = DIRECTION('',(-1.,-0.,0.));
#914 = PCURVE('',#95,#915);
#915 = DEFINITIONAL_REPRESENTATION('',(#916),#920);
#916 = CIRCLE('',#917,1.1);
#917 = AXIS2_PLACEMENT_2D('',#918,#919);
#918 = CARTESIAN_POINT('',(80.,-5.9));
#919 = DIRECTION('',(0.,1.));
#920 = ( GEOMETRIC_REPRESENTATION_CONTEXT(2) 
PARAMETRIC_REPRESENTATION_CONTEXT() REPRESENTATION_CONTEXT('2D SPACE',''
  ) );
#921 = PCURVE('',#922,#927);
#922 = CYLINDRICAL_SURFACE('',#923,1.1);
#923 = AXIS2_PLACEMENT_3D('',#924,#925,#926);
#924 = CARTESIAN_POINT('',(65.9,0.,4.9));
#925 = DIRECTION('',(0.,-0.,-1.));
#926 = DIRECTION('',(-1.,-0.,-0.));
#927 = DEFINITIONAL_REPRESENTATION('',(#928),#932);
#928 = LINE('',#929,#930);
#929 = CARTESIAN_POINT('',(0.,-12.6));
#930 = VECTOR('',#931,1.);
#931 = DIRECTION('',(1.,0.));
#932 = ( GEOMETRIC_REPRESENTATION_CONTEXT(2) 
PARAMETRIC_REPRESENTATION_CONTEXT() REPRESENTATION_CONTEXT('2D SPACE',''
  ) );
#933 = ADVANCED_FACE('',(#934,#1291),#70,.T.);
#934 = FACE_BOUND('',#935,.T.);
#935 = EDGE_LOOP('',(#936,#937,#958,#959,#985,#986,#1009,#1037,#1065,
    #1093,#1121,#1149,#1170,#1171,#1172,#1173,#1194,#1220,#1246,#1272));
#936 = ORIENTED_EDGE('',*,*,#386,.F.);
#937 = ORIENTED_EDGE('',*,*,#938,.T.);
#938 = EDGE_CURVE('',#387,#592,#939,.T.);
#939 = SURFACE_CURVE('',#940,(#944,#951),.PCURVE_S1.);
#940 = LINE('',#941,#942);
#941 = CARTESIAN_POINT('',(61.4,11.,-5.));
#942 = VECTOR('',#943,1.);
#943 = DIRECTION('',(0.,0.,1.));
#944 = PCURVE('',#70,#945);
#945 = DEFINITIONAL_REPRESENTATION('',(#946),#950);
#946 = LINE('',#947,#948);
#947 = CARTESIAN_POINT('',(0.,-3.411132965254));
#948 = VECTOR('',#949,1.);
#949 = DIRECTION('',(1.,0.));
#950 = ( GEOMETRIC_REPRESENTATION_CONTEXT(2) 
PARAMETRIC_REPRESENTATION_CONTEXT() REPRESENTATION_CONTEXT('2D SPACE',''
  ) );
#951 = PCURVE('',#152,#952);
#952 = DEFINITIONAL_REPRESENTATION('',(#953),#957);
#953 = LINE('',#954,#955);
#954 = CARTESIAN_POINT('',(0.,-22.));
#955 = VECTOR('',#956,1.);
#956 = DIRECTION('',(1.,0.));
#957 = ( GEOMETRIC_REPRESENTATION_CONTEXT(2) 
PARAMETRIC_REPRESENTATION_CONTEXT() REPRESENTATION_CONTEXT('2D SPACE',''
  ) );
#958 = ORIENTED_EDGE('',*,*,#612,.F.);
#959 = ORIENTED_EDGE('',*,*,#960,.T.);
#960 = EDGE_CURVE('',#613,#687,#961,.T.);
#961 = SURFACE_CURVE('',#962,(#967,#978),.PCURVE_S1.);
#962 = CIRCLE('',#963,3.);
#963 = AXIS2_PLACEMENT_3D('',#964,#965,#966);
#964 = CARTESIAN_POINT('',(67.171236166328,11.,16.1));
#965 = DIRECTION('',(-0.,-1.,0.));
#966 = DIRECTION('',(-0.884433277428,0.,0.466666666667));
#967 = PCURVE('',#70,#968);
#968 = DEFINITIONAL_REPRESENTATION('',(#969),#977);
#969 = ( BOUNDED_CURVE() B_SPLINE_CURVE(2,(#970,#971,#972,#973,#974,#975
,#976),.UNSPECIFIED.,.T.,.F.) B_SPLINE_CURVE_WITH_KNOTS((1,2,2,2,2,1),(
    -2.094395102393,0.,2.094395102393,4.188790204786,6.28318530718,
8.377580409573),.UNSPECIFIED.) CURVE() GEOMETRIC_REPRESENTATION_ITEM() 
RATIONAL_B_SPLINE_CURVE((1.,0.5,1.,0.5,1.,0.5,1.)) REPRESENTATION_ITEM(
  '') );
#970 = CARTESIAN_POINT('',(22.5,-0.29319663121));
#971 = CARTESIAN_POINT('',(17.90434988277,-2.718067761807));
#972 = CARTESIAN_POINT('',(18.102174941385,2.474317551918));
#973 = CARTESIAN_POINT('',(18.3,7.666702865643));
#974 = CARTESIAN_POINT('',(22.697825058615,4.899188682514));
#975 = CARTESIAN_POINT('',(27.09565011723,2.131674499386));
#976 = CARTESIAN_POINT('',(22.5,-0.29319663121));
#977 = ( GEOMETRIC_REPRESENTATION_CONTEXT(2) 
PARAMETRIC_REPRESENTATION_CONTEXT() REPRESENTATION_CONTEXT('2D SPACE',''
  ) );
#978 = PCURVE('',#649,#979);
#979 = DEFINITIONAL_REPRESENTATION('',(#980),#984);
#980 = LINE('',#981,#982);
#981 = CARTESIAN_POINT('',(2.656074531294,-0.5));
#982 = VECTOR('',#983,1.);
#983 = DIRECTION('',(1.,0.));
#984 = ( GEOMETRIC_REPRESENTATION_CONTEXT(2) 
PARAMETRIC_REPRESENTATION_CONTEXT() REPRESENTATION_CONTEXT('2D SPACE',''
  ) );
#985 = ORIENTED_EDGE('',*,*,#707,.T.);
#986 = ORIENTED_EDGE('',*,*,#987,.T.);
#987 = EDGE_CURVE('',#708,#988,#990,.T.);
#988 = VERTEX_POINT('',#989);
#989 = CARTESIAN_POINT('',(69.2,11.,19.1));
#990 = SURFACE_CURVE('',#991,(#995,#1002),.PCURVE_S1.);
#991 = LINE('',#992,#993);
#992 = CARTESIAN_POINT('',(69.2,11.,17.5));
#993 = VECTOR('',#994,1.);
#994 = DIRECTION('',(0.,0.,1.));
#995 = PCURVE('',#70,#996);
#996 = DEFINITIONAL_REPRESENTATION('',(#997),#1001);
#997 = LINE('',#998,#999);
#998 = CARTESIAN_POINT('',(22.5,4.388867034746));
#999 = VECTOR('',#1000,1.);
#1000 = DIRECTION('',(1.,0.));
#1001 = ( GEOMETRIC_REPRESENTATION_CONTEXT(2) 
PARAMETRIC_REPRESENTATION_CONTEXT() REPRESENTATION_CONTEXT('2D SPACE',''
  ) );
#1002 = PCURVE('',#746,#1003);
#1003 = DEFINITIONAL_REPRESENTATION('',(#1004),#1008);
#1004 = LINE('',#1005,#1006);
#1005 = CARTESIAN_POINT('',(0.,0.));
#1006 = VECTOR('',#1007,1.);
#1007 = DIRECTION('',(1.,0.));
#1008 = ( GEOMETRIC_REPRESENTATION_CONTEXT(2) 
PARAMETRIC_REPRESENTATION_CONTEXT() REPRESENTATION_CONTEXT('2D SPACE',''
  ) );
#1009 = ORIENTED_EDGE('',*,*,#1010,.T.);
#1010 = EDGE_CURVE('',#988,#1011,#1013,.T.);
#1011 = VERTEX_POINT('',#1012);
#1012 = CARTESIAN_POINT('',(67.6,11.,20.7));
#1013 = SURFACE_CURVE('',#1014,(#1018,#1025),.PCURVE_S1.);
#1014 = LINE('',#1015,#1016);
#1015 = CARTESIAN_POINT('',(69.2,11.,19.1));
#1016 = VECTOR('',#1017,1.);
#1017 = DIRECTION('',(-0.707106781187,0.,0.707106781187));
#1018 = PCURVE('',#70,#1019);
#1019 = DEFINITIONAL_REPRESENTATION('',(#1020),#1024);
#1020 = LINE('',#1021,#1022);
#1021 = CARTESIAN_POINT('',(24.1,4.388867034746));
#1022 = VECTOR('',#1023,1.);
#1023 = DIRECTION('',(0.707106781187,-0.707106781187));
#1024 = ( GEOMETRIC_REPRESENTATION_CONTEXT(2) 
PARAMETRIC_REPRESENTATION_CONTEXT() REPRESENTATION_CONTEXT('2D SPACE',''
  ) );
#1025 = PCURVE('',#1026,#1031);
#1026 = PLANE('',#1027);
#1027 = AXIS2_PLACEMENT_3D('',#1028,#1029,#1030);
#1028 = CARTESIAN_POINT('',(69.2,11.,19.1));
#1029 = DIRECTION('',(-0.707106781187,-0.,-0.707106781187));
#1030 = DIRECTION('',(-0.707106781187,0.,0.707106781187));
#1031 = DEFINITIONAL_REPRESENTATION('',(#1032),#1036);
#1032 = LINE('',#1033,#1034);
#1033 = CARTESIAN_POINT('',(0.,0.));
#1034 = VECTOR('',#1035,1.);
#1035 = DIRECTION('',(1.,0.));
#1036 = ( GEOMETRIC_REPRESENTATION_CONTEXT(2) 
PARAMETRIC_REPRESENTATION_CONTEXT() REPRESENTATION_CONTEXT('2D SPACE',''
  ) );
#1037 = ORIENTED_EDGE('',*,*,#1038,.T.);
#1038 = EDGE_CURVE('',#1011,#1039,#1041,.T.);
#1039 = VERTEX_POINT('',#1040);
#1040 = CARTESIAN_POINT('',(69.2,11.,22.3));
#1041 = SURFACE_CURVE('',#1042,(#1046,#1053),.PCURVE_S1.);
#1042 = LINE('',#1043,#1044);
#1043 = CARTESIAN_POINT('',(67.6,11.,20.7));
#1044 = VECTOR('',#1045,1.);
#1045 = DIRECTION('',(0.707106781187,0.,0.707106781187));
#1046 = PCURVE('',#70,#1047);
#1047 = DEFINITIONAL_REPRESENTATION('',(#1048),#1052);
#1048 = LINE('',#1049,#1050);
#1049 = CARTESIAN_POINT('',(25.7,2.788867034746));
#1050 = VECTOR('',#1051,1.);
#1051 = DIRECTION('',(0.707106781187,0.707106781187));
#1052 = ( GEOMETRIC_REPRESENTATION_CONTEXT(2) 
PARAMETRIC_REPRESENTATION_CONTEXT() REPRESENTATION_CONTEXT('2D SPACE',''
  ) );
#1053 = PCURVE('',#1054,#1059);
#1054 = PLANE('',#1055);
#1055 = AXIS2_PLACEMENT_3D('',#1056,#1057,#1058);
#1056 = CARTESIAN_POINT('',(67.6,11.,20.7));
#1057 = DIRECTION('',(-0.707106781187,0.,0.707106781187));
#1058 = DIRECTION('',(0.707106781187,0.,0.707106781187));
#1059 = DEFINITIONAL_REPRESENTATION('',(#1060),#1064);
#1060 = LINE('',#1061,#1062);
#1061 = CARTESIAN_POINT('',(0.,0.));
#1062 = VECTOR('',#1063,1.);
#1063 = DIRECTION('',(1.,0.));
#1064 = ( GEOMETRIC_REPRESENTATION_CONTEXT(2) 
PARAMETRIC_REPRESENTATION_CONTEXT() REPRESENTATION_CONTEXT('2D SPACE',''
  ) );
#1065 = ORIENTED_EDGE('',*,*,#1066,.T.);
#1066 = EDGE_CURVE('',#1039,#1067,#1069,.T.);
#1067 = VERTEX_POINT('',#1068);
#1068 = CARTESIAN_POINT('',(70.8,11.,22.3));
#1069 = SURFACE_CURVE('',#1070,(#1074,#1081),.PCURVE_S1.);
#1070 = LINE('',#1071,#1072);
#1071 = CARTESIAN_POINT('',(69.2,11.,22.3));
#1072 = VECTOR('',#1073,1.);
#1073 = DIRECTION('',(1.,0.,0.));
#1074 = PCURVE('',#70,#1075);
#1075 = DEFINITIONAL_REPRESENTATION('',(#1076),#1080);
#1076 = LINE('',#1077,#1078);
#1077 = CARTESIAN_POINT('',(27.3,4.388867034746));
#1078 = VECTOR('',#1079,1.);
#1079 = DIRECTION('',(0.,1.));
#1080 = ( GEOMETRIC_REPRESENTATION_CONTEXT(2) 
PARAMETRIC_REPRESENTATION_CONTEXT() REPRESENTATION_CONTEXT('2D SPACE',''
  ) );
#1081 = PCURVE('',#1082,#1087);
#1082 = PLANE('',#1083);
#1083 = AXIS2_PLACEMENT_3D('',#1084,#1085,#1086);
#1084 = CARTESIAN_POINT('',(69.2,11.,22.3));
#1085 = DIRECTION('',(-0.,0.,1.));
#1086 = DIRECTION('',(1.,0.,0.));
#1087 = DEFINITIONAL_REPRESENTATION('',(#1088),#1092);
#1088 = LINE('',#1089,#1090);
#1089 = CARTESIAN_POINT('',(0.,0.));
#1090 = VECTOR('',#1091,1.);
#1091 = DIRECTION('',(1.,0.));
#1092 = ( GEOMETRIC_REPRESENTATION_CONTEXT(2) 
PARAMETRIC_REPRESENTATION_CONTEXT() REPRESENTATION_CONTEXT('2D SPACE',''
  ) );
#1093 = ORIENTED_EDGE('',*,*,#1094,.T.);
#1094 = EDGE_CURVE('',#1067,#1095,#1097,.T.);
#1095 = VERTEX_POINT('',#1096);
#1096 = CARTESIAN_POINT('',(72.4,11.,20.7));
#1097 = SURFACE_CURVE('',#1098,(#1102,#1109),.PCURVE_S1.);
#1098 = LINE('',#1099,#1100);
#1099 = CARTESIAN_POINT('',(70.8,11.,22.3));
#1100 = VECTOR('',#1101,1.);
#1101 = DIRECTION('',(0.707106781187,0.,-0.707106781187));
#1102 = PCURVE('',#70,#1103);
#1103 = DEFINITIONAL_REPRESENTATION('',(#1104),#1108);
#1104 = LINE('',#1105,#1106);
#1105 = CARTESIAN_POINT('',(27.3,5.988867034746));
#1106 = VECTOR('',#1107,1.);
#1107 = DIRECTION('',(-0.707106781187,0.707106781187));
#1108 = ( GEOMETRIC_REPRESENTATION_CONTEXT(2) 
PARAMETRIC_REPRESENTATION_CONTEXT() REPRESENTATION_CONTEXT('2D SPACE',''
  ) );
#1109 = PCURVE('',#1110,#1115);
#1110 = PLANE('',#1111);
#1111 = AXIS2_PLACEMENT_3D('',#1112,#1113,#1114);
#1112 = CARTESIAN_POINT('',(70.8,11.,22.3));
#1113 = DIRECTION('',(0.707106781187,0.,0.707106781187));
#1114 = DIRECTION('',(0.707106781187,0.,-0.707106781187));
#1115 = DEFINITIONAL_REPRESENTATION('',(#1116),#1120);
#1116 = LINE('',#1117,#1118);
#1117 = CARTESIAN_POINT('',(0.,0.));
#1118 = VECTOR('',#1119,1.);
#1119 = DIRECTION('',(1.,0.));
#1120 = ( GEOMETRIC_REPRESENTATION_CONTEXT(2) 
PARAMETRIC_REPRESENTATION_CONTEXT() REPRESENTATION_CONTEXT('2D SPACE',''
  ) );
#1121 = ORIENTED_EDGE('',*,*,#1122,.T.);
#1122 = EDGE_CURVE('',#1095,#1123,#1125,.T.);
#1123 = VERTEX_POINT('',#1124);
#1124 = CARTESIAN_POINT('',(70.8,11.,19.1));
#1125 = SURFACE_CURVE('',#1126,(#1130,#1137),.PCURVE_S1.);
#1126 = LINE('',#1127,#1128);
#1127 = CARTESIAN_POINT('',(72.4,11.,20.7));
#1128 = VECTOR('',#1129,1.);
#1129 = DIRECTION('',(-0.707106781187,0.,-0.707106781187));
#1130 = PCURVE('',#70,#1131);
#1131 = DEFINITIONAL_REPRESENTATION('',(#1132),#1136);
#1132 = LINE('',#1133,#1134);
#1133 = CARTESIAN_POINT('',(25.7,7.588867034746));
#1134 = VECTOR('',#1135,1.);
#1135 = DIRECTION('',(-0.707106781187,-0.707106781187));
#1136 = ( GEOMETRIC_REPRESENTATION_CONTEXT(2) 
PARAMETRIC_REPRESENTATION_CONTEXT() REPRESENTATION_CONTEXT('2D SPACE',''
  ) );
#1137 = PCURVE('',#1138,#1143);
#1138 = PLANE('',#1139);
#1139 = AXIS2_PLACEMENT_3D('',#1140,#1141,#1142);
#1140 = CARTESIAN_POINT('',(72.4,11.,20.7));
#1141 = DIRECTION('',(0.707106781187,0.,-0.707106781187));
#1142 = DIRECTION('',(-0.707106781187,0.,-0.707106781187));
#1143 = DEFINITIONAL_REPRESENTATION('',(#1144),#1148);
#1144 = LINE('',#1145,#1146);
#1145 = CARTESIAN_POINT('',(0.,0.));
#1146 = VECTOR('',#1147,1.);
#1147 = DIRECTION('',(1.,0.));
#1148 = ( GEOMETRIC_REPRESENTATION_CONTEXT(2) 
PARAMETRIC_REPRESENTATION_CONTEXT() REPRESENTATION_CONTEXT('2D SPACE',''
  ) );
#1149 = ORIENTED_EDGE('',*,*,#1150,.T.);
#1150 = EDGE_CURVE('',#1123,#787,#1151,.T.);
#1151 = SURFACE_CURVE('',#1152,(#1156,#1163),.PCURVE_S1.);
#1152 = LINE('',#1153,#1154);
#1153 = CARTESIAN_POINT('',(70.8,11.,19.1));
#1154 = VECTOR('',#1155,1.);
#1155 = DIRECTION('',(0.,0.,-1.));
#1156 = PCURVE('',#70,#1157);
#1157 = DEFINITIONAL_REPRESENTATION('',(#1158),#1162);
#1158 = LINE('',#1159,#1160);
#1159 = CARTESIAN_POINT('',(24.1,5.988867034746));
#1160 = VECTOR('',#1161,1.);
#1161 = DIRECTION('',(-1.,0.));
#1162 = ( GEOMETRIC_REPRESENTATION_CONTEXT(2) 
PARAMETRIC_REPRESENTATION_CONTEXT() REPRESENTATION_CONTEXT('2D SPACE',''
  ) );
#1163 = PCURVE('',#802,#1164);
#1164 = DEFINITIONAL_REPRESENTATION('',(#1165),#1169);
#1165 = LINE('',#1166,#1167);
#1166 = CARTESIAN_POINT('',(0.,0.));
#1167 = VECTOR('',#1168,1.);
#1168 = DIRECTION('',(1.,0.));
#1169 = ( GEOMETRIC_REPRESENTATION_CONTEXT(2) 
PARAMETRIC_REPRESENTATION_CONTEXT() REPRESENTATION_CONTEXT('2D SPACE',''
  ) );
#1170 = ORIENTED_EDGE('',*,*,#814,.F.);
#1171 = ORIENTED_EDGE('',*,*,#54,.F.);
#1172 = ORIENTED_EDGE('',*,*,#286,.F.);
#1173 = ORIENTED_EDGE('',*,*,#1174,.T.);
#1174 = EDGE_CURVE('',#287,#1175,#1177,.T.);
#1175 = VERTEX_POINT('',#1176);
#1176 = CARTESIAN_POINT('',(73.212132034356,11.,-1.040202025355));
#1177 = SURFACE_CURVE('',#1178,(#1182,#1188),.PCURVE_S1.);
#1178 = LINE('',#1179,#1180);
#1179 = CARTESIAN_POINT('',(69.699588178054,11.,-6.007689185368));
#1180 = VECTOR('',#1181,1.);
#1181 = DIRECTION('',(0.57735026919,-0.,0.816496580928));
#1182 = PCURVE('',#70,#1183);
#1183 = DEFINITIONAL_REPRESENTATION('',(#1184),#1187);
#1184 = B_SPLINE_CURVE_WITH_KNOTS('',1,(#1185,#1186),.UNSPECIFIED.,.F.,
  .F.,(2,2),(3.806126391659,6.083904422929),.PIECEWISE_BEZIER_KNOTS.);
#1185 = CARTESIAN_POINT('',(2.1,7.085923309593));
#1186 = CARTESIAN_POINT('',(3.959797974645,8.400999069102));
#1187 = ( GEOMETRIC_REPRESENTATION_CONTEXT(2) 
PARAMETRIC_REPRESENTATION_CONTEXT() REPRESENTATION_CONTEXT('2D SPACE',''
  ) );
#1188 = PCURVE('',#323,#1189);
#1189 = DEFINITIONAL_REPRESENTATION('',(#1190),#1193);
#1190 = B_SPLINE_CURVE_WITH_KNOTS('',1,(#1191,#1192),.UNSPECIFIED.,.F.,
  .F.,(2,2),(3.806126391659,6.083904422929),.PIECEWISE_BEZIER_KNOTS.);
#1191 = CARTESIAN_POINT('',(1.056497115746,-1.634924240492));
#1192 = CARTESIAN_POINT('',(2.91629509039,-2.95));
#1193 = ( GEOMETRIC_REPRESENTATION_CONTEXT(2) 
PARAMETRIC_REPRESENTATION_CONTEXT() REPRESENTATION_CONTEXT('2D SPACE',''
  ) );
#1194 = ORIENTED_EDGE('',*,*,#1195,.T.);
#1195 = EDGE_CURVE('',#1175,#1196,#1198,.T.);
#1196 = VERTEX_POINT('',#1197);
#1197 = CARTESIAN_POINT('',(70.862132034356,11.,2.283199846221));
#1198 = SURFACE_CURVE('',#1199,(#1203,#1209),.PCURVE_S1.);
#1199 = LINE('',#1200,#1201);
#1200 = CARTESIAN_POINT('',(73.236965522839,11.,-1.075321881569));
#1201 = VECTOR('',#1202,1.);
#1202 = DIRECTION('',(-0.57735026919,0.,0.816496580928));
#1203 = PCURVE('',#70,#1204);
#1204 = DEFINITIONAL_REPRESENTATION('',(#1205),#1208);
#1205 = B_SPLINE_CURVE_WITH_KNOTS('',1,(#1206,#1207),.UNSPECIFIED.,.F.,
  .F.,(2,2),(4.301286378183E-02,4.113332261569),
  .PIECEWISE_BEZIER_KNOTS.);
#1206 = CARTESIAN_POINT('',(3.959797974645,8.400999069102));
#1207 = CARTESIAN_POINT('',(7.283199846221,6.050999069102));
#1208 = ( GEOMETRIC_REPRESENTATION_CONTEXT(2) 
PARAMETRIC_REPRESENTATION_CONTEXT() REPRESENTATION_CONTEXT('2D SPACE',''
  ) );
#1209 = PCURVE('',#1210,#1215);
#1210 = PLANE('',#1211);
#1211 = AXIS2_PLACEMENT_3D('',#1212,#1213,#1214);
#1212 = CARTESIAN_POINT('',(73.212132034356,13.0859650045,
    -3.126167029856));
#1213 = DIRECTION('',(-0.707106781187,-0.5,-0.5));
#1214 = DIRECTION('',(-0.707106781187,0.5,0.5));
#1215 = DEFINITIONAL_REPRESENTATION('',(#1216),#1219);
#1216 = B_SPLINE_CURVE_WITH_KNOTS('',1,(#1217,#1218),.UNSPECIFIED.,.F.,
  .F.,(2,2),(4.301286378183E-02,4.113332261569),
  .PIECEWISE_BEZIER_KNOTS.);
#1217 = CARTESIAN_POINT('',(-1.179611963664E-16,-2.95));
#1218 = CARTESIAN_POINT('',(3.323401871577,-5.3));
#1219 = ( GEOMETRIC_REPRESENTATION_CONTEXT(2) 
PARAMETRIC_REPRESENTATION_CONTEXT() REPRESENTATION_CONTEXT('2D SPACE',''
  ) );
#1220 = ORIENTED_EDGE('',*,*,#1221,.T.);
#1221 = EDGE_CURVE('',#1196,#1222,#1224,.T.);
#1222 = VERTEX_POINT('',#1223);
#1223 = CARTESIAN_POINT('',(69.137867965644,11.,2.283199846221));
#1224 = SURFACE_CURVE('',#1225,(#1229,#1235),.PCURVE_S1.);
#1225 = LINE('',#1226,#1227);
#1226 = CARTESIAN_POINT('',(67.836632499805,11.,2.283199846221));
#1227 = VECTOR('',#1228,1.);
#1228 = DIRECTION('',(-1.,0.,-0.));
#1229 = PCURVE('',#70,#1230);
#1230 = DEFINITIONAL_REPRESENTATION('',(#1231),#1234);
#1231 = B_SPLINE_CURVE_WITH_KNOTS('',1,(#1232,#1233),.UNSPECIFIED.,.F.,
  .F.,(2,2),(-3.025499534551,-1.301235465839),.PIECEWISE_BEZIER_KNOTS.);
#1232 = CARTESIAN_POINT('',(7.283199846221,6.050999069102));
#1233 = CARTESIAN_POINT('',(7.283199846221,4.32673500039));
#1234 = ( GEOMETRIC_REPRESENTATION_CONTEXT(2) 
PARAMETRIC_REPRESENTATION_CONTEXT() REPRESENTATION_CONTEXT('2D SPACE',''
  ) );
#1235 = PCURVE('',#1236,#1241);
#1236 = PLANE('',#1237);
#1237 = AXIS2_PLACEMENT_3D('',#1238,#1239,#1240);
#1238 = CARTESIAN_POINT('',(70.862132034356,14.747665940289,
    -1.464466094067));
#1239 = DIRECTION('',(0.,-0.707106781187,-0.707106781187));
#1240 = DIRECTION('',(-1.,0.,0.));
#1241 = DEFINITIONAL_REPRESENTATION('',(#1242),#1245);
#1242 = B_SPLINE_CURVE_WITH_KNOTS('',1,(#1243,#1244),.UNSPECIFIED.,.F.,
  .F.,(2,2),(-3.025499534551,-1.301235465839),.PIECEWISE_BEZIER_KNOTS.);
#1243 = CARTESIAN_POINT('',(0.,-5.3));
#1244 = CARTESIAN_POINT('',(1.724264068712,-5.3));
#1245 = ( GEOMETRIC_REPRESENTATION_CONTEXT(2) 
PARAMETRIC_REPRESENTATION_CONTEXT() REPRESENTATION_CONTEXT('2D SPACE',''
  ) );
#1246 = ORIENTED_EDGE('',*,*,#1247,.T.);
#1247 = EDGE_CURVE('',#1222,#1248,#1250,.T.);
#1248 = VERTEX_POINT('',#1249);
#1249 = CARTESIAN_POINT('',(66.787867965644,11.,-1.040202025355));
#1250 = SURFACE_CURVE('',#1251,(#1255,#1261),.PCURVE_S1.);
#1251 = LINE('',#1252,#1253);
#1252 = CARTESIAN_POINT('',(65.816745465579,11.,-2.413576635673));
#1253 = VECTOR('',#1254,1.);
#1254 = DIRECTION('',(-0.57735026919,0.,-0.816496580928));
#1255 = PCURVE('',#70,#1256);
#1256 = DEFINITIONAL_REPRESENTATION('',(#1257),#1260);
#1257 = B_SPLINE_CURVE_WITH_KNOTS('',1,(#1258,#1259),.UNSPECIFIED.,.F.,
  .F.,(2,2),(-5.752352908273,-1.682033510486),.PIECEWISE_BEZIER_KNOTS.);
#1258 = CARTESIAN_POINT('',(7.283199846221,4.32673500039));
#1259 = CARTESIAN_POINT('',(3.959797974645,1.97673500039));
#1260 = ( GEOMETRIC_REPRESENTATION_CONTEXT(2) 
PARAMETRIC_REPRESENTATION_CONTEXT() REPRESENTATION_CONTEXT('2D SPACE',''
  ) );
#1261 = PCURVE('',#1262,#1267);
#1262 = PLANE('',#1263);
#1263 = AXIS2_PLACEMENT_3D('',#1264,#1265,#1266);
#1264 = CARTESIAN_POINT('',(69.137867965644,14.747665940289,
    -1.464466094067));
#1265 = DIRECTION('',(0.707106781187,-0.5,-0.5));
#1266 = DIRECTION('',(-0.707106781187,-0.5,-0.5));
#1267 = DEFINITIONAL_REPRESENTATION('',(#1268),#1271);
#1268 = B_SPLINE_CURVE_WITH_KNOTS('',1,(#1269,#1270),.UNSPECIFIED.,.F.,
  .F.,(2,2),(-5.752352908273,-1.682033510486),.PIECEWISE_BEZIER_KNOTS.);
#1269 = CARTESIAN_POINT('',(-8.881784197001E-16,-5.3));
#1270 = CARTESIAN_POINT('',(3.323401871577,-2.95));
#1271 = ( GEOMETRIC_REPRESENTATION_CONTEXT(2) 
PARAMETRIC_REPRESENTATION_CONTEXT() REPRESENTATION_CONTEXT('2D SPACE',''
  ) );
#1272 = ORIENTED_EDGE('',*,*,#1273,.T.);
#1273 = EDGE_CURVE('',#1248,#361,#1274,.T.);
#1274 = SURFACE_CURVE('',#1275,(#1279,#1285),.PCURVE_S1.);
#1275 = LINE('',#1276,#1277);
#1276 = CARTESIAN_POINT('',(67.883412132246,11.,-2.589535443942));
#1277 = VECTOR('',#1278,1.);
#1278 = DIRECTION('',(0.57735026919,0.,-0.816496580928));
#1279 = PCURVE('',#70,#1280);
#1280 = DEFINITIONAL_REPRESENTATION('',(#1281),#1284);
#1281 = B_SPLINE_CURVE_WITH_KNOTS('',1,(#1282,#1283),.UNSPECIFIED.,.F.,
  .F.,(2,2),(-1.89753815849,0.380239872781),.PIECEWISE_BEZIER_KNOTS.);
#1282 = CARTESIAN_POINT('',(3.959797974645,1.97673500039));
#1283 = CARTESIAN_POINT('',(2.1,3.291810759898));
#1284 = ( GEOMETRIC_REPRESENTATION_CONTEXT(2) 
PARAMETRIC_REPRESENTATION_CONTEXT() REPRESENTATION_CONTEXT('2D SPACE',''
  ) );
#1285 = PCURVE('',#375,#1286);
#1286 = DEFINITIONAL_REPRESENTATION('',(#1287),#1290);
#1287 = B_SPLINE_CURVE_WITH_KNOTS('',1,(#1288,#1289),.UNSPECIFIED.,.F.,
  .F.,(2,2),(-1.89753815849,0.380239872781),.PIECEWISE_BEZIER_KNOTS.);
#1288 = CARTESIAN_POINT('',(-2.22044604925E-16,-2.95));
#1289 = CARTESIAN_POINT('',(1.859797974645,-1.634924240492));
#1290 = ( GEOMETRIC_REPRESENTATION_CONTEXT(2) 
PARAMETRIC_REPRESENTATION_CONTEXT() REPRESENTATION_CONTEXT('2D SPACE',''
  ) );
#1291 = FACE_BOUND('',#1292,.T.);
#1292 = EDGE_LOOP('',(#1293));
#1293 = ORIENTED_EDGE('',*,*,#1294,.T.);
#1294 = EDGE_CURVE('',#1295,#1295,#1297,.T.);
#1295 = VERTEX_POINT('',#1296);
#1296 = CARTESIAN_POINT('',(74.311132965254,11.,13.004606503788));
#1297 = SURFACE_CURVE('',#1298,(#1303,#1314),.PCURVE_S1.);
#1298 = CIRCLE('',#1299,2.);
#1299 = AXIS2_PLACEMENT_3D('',#1300,#1301,#1302);
#1300 = CARTESIAN_POINT('',(72.311132965254,11.,13.004606503788));
#1301 = DIRECTION('',(0.,-1.,-1.110223024625E-16));
#1302 = DIRECTION('',(1.,-0.,0.));
#1303 = PCURVE('',#70,#1304);
#1304 = DEFINITIONAL_REPRESENTATION('',(#1305),#1313);
#1305 = ( BOUNDED_CURVE() B_SPLINE_CURVE(2,(#1306,#1307,#1308,#1309,
#1310,#1311,#1312),.UNSPECIFIED.,.T.,.F.) B_SPLINE_CURVE_WITH_KNOTS((1,2
    ,2,2,2,1),(-2.094395102393,0.,2.094395102393,4.188790204786,
6.28318530718,8.377580409573),.UNSPECIFIED.) CURVE() 
GEOMETRIC_REPRESENTATION_ITEM() RATIONAL_B_SPLINE_CURVE((1.,0.5,1.,0.5,
1.,0.5,1.)) REPRESENTATION_ITEM('') );
#1306 = CARTESIAN_POINT('',(18.004606503788,9.5));
#1307 = CARTESIAN_POINT('',(21.468708118926,9.5));
#1308 = CARTESIAN_POINT('',(19.736657311357,6.5));
#1309 = CARTESIAN_POINT('',(18.004606503788,3.5));
#1310 = CARTESIAN_POINT('',(16.272555696219,6.5));
#1311 = CARTESIAN_POINT('',(14.540504888651,9.5));
#1312 = CARTESIAN_POINT('',(18.004606503788,9.5));
#1313 = ( GEOMETRIC_REPRESENTATION_CONTEXT(2) 
PARAMETRIC_REPRESENTATION_CONTEXT() REPRESENTATION_CONTEXT('2D SPACE',''
  ) );
#1314 = PCURVE('',#1315,#1320);
#1315 = CYLINDRICAL_SURFACE('',#1316,2.);
#1316 = AXIS2_PLACEMENT_3D('',#1317,#1318,#1319);
#1317 = CARTESIAN_POINT('',(72.311132965254,9.4,13.004606503788));
#1318 = DIRECTION('',(-0.,-1.,-1.110223024625E-16));
#1319 = DIRECTION('',(1.,0.,0.));
#1320 = DEFINITIONAL_REPRESENTATION('',(#1321),#1325);
#1321 = LINE('',#1322,#1323);
#1322 = CARTESIAN_POINT('',(-6.28318530718,-1.6));
#1323 = VECTOR('',#1324,1.);
#1324 = DIRECTION('',(1.,-0.));
#1325 = ( GEOMETRIC_REPRESENTATION_CONTEXT(2) 
PARAMETRIC_REPRESENTATION_CONTEXT() REPRESENTATION_CONTEXT('2D SPACE',''
  ) );
#1326 = ADVANCED_FACE('',(#1327,#1426),#126,.F.);
#1327 = FACE_BOUND('',#1328,.T.);
#1328 = EDGE_LOOP('',(#1329,#1359,#1385,#1406,#1407));
#1329 = ORIENTED_EDGE('',*,*,#1330,.F.);
#1330 = EDGE_CURVE('',#1331,#1333,#1335,.T.);
#1331 = VERTEX_POINT('',#1332);
#1332 = CARTESIAN_POINT('',(69.213708498985,8.,14.5));
#1333 = VERTEX_POINT('',#1334);
#1334 = CARTESIAN_POINT('',(61.4,8.,14.5));
#1335 = SURFACE_CURVE('',#1336,(#1340,#1347),.PCURVE_S1.);
#1336 = LINE('',#1337,#1338);
#1337 = CARTESIAN_POINT('',(73.9,8.,14.5));
#1338 = VECTOR('',#1339,1.);
#1339 = DIRECTION('',(-1.,-0.,0.));
#1340 = PCURVE('',#126,#1341);
#1341 = DEFINITIONAL_REPRESENTATION('',(#1342),#1346);
#1342 = LINE('',#1343,#1344);
#1343 = CARTESIAN_POINT('',(0.,16.));
#1344 = VECTOR('',#1345,1.);
#1345 = DIRECTION('',(-1.,0.));
#1346 = ( GEOMETRIC_REPRESENTATION_CONTEXT(2) 
PARAMETRIC_REPRESENTATION_CONTEXT() REPRESENTATION_CONTEXT('2D SPACE',''
  ) );
#1347 = PCURVE('',#1348,#1353);
#1348 = PLANE('',#1349);
#1349 = AXIS2_PLACEMENT_3D('',#1350,#1351,#1352);
#1350 = CARTESIAN_POINT('',(73.9,8.,6.5));
#1351 = DIRECTION('',(-0.,1.,0.));
#1352 = DIRECTION('',(0.,0.,-1.));
#1353 = DEFINITIONAL_REPRESENTATION('',(#1354),#1358);
#1354 = LINE('',#1355,#1356);
#1355 = CARTESIAN_POINT('',(-8.,-0.));
#1356 = VECTOR('',#1357,1.);
#1357 = DIRECTION('',(-0.,1.));
#1358 = ( GEOMETRIC_REPRESENTATION_CONTEXT(2) 
PARAMETRIC_REPRESENTATION_CONTEXT() REPRESENTATION_CONTEXT('2D SPACE',''
  ) );
#1359 = ORIENTED_EDGE('',*,*,#1360,.F.);
#1360 = EDGE_CURVE('',#1361,#1331,#1363,.T.);
#1361 = VERTEX_POINT('',#1362);
#1362 = CARTESIAN_POINT('',(73.9,3.313708498985,14.5));
#1363 = SURFACE_CURVE('',#1364,(#1368,#1374),.PCURVE_S1.);
#1364 = LINE('',#1365,#1366);
#1365 = CARTESIAN_POINT('',(76.728427124746,0.485281374239,14.5));
#1366 = VECTOR('',#1367,1.);
#1367 = DIRECTION('',(-0.707106781187,0.707106781187,0.));
#1368 = PCURVE('',#126,#1369);
#1369 = DEFINITIONAL_REPRESENTATION('',(#1370),#1373);
#1370 = B_SPLINE_CURVE_WITH_KNOTS('',1,(#1371,#1372),.UNSPECIFIED.,.F.,
  .F.,(2,2),(4.,10.62741699797),.PIECEWISE_BEZIER_KNOTS.);
#1371 = CARTESIAN_POINT('',(-3.552713678801E-15,11.313708498985));
#1372 = CARTESIAN_POINT('',(-4.686291501015,16.));
#1373 = ( GEOMETRIC_REPRESENTATION_CONTEXT(2) 
PARAMETRIC_REPRESENTATION_CONTEXT() REPRESENTATION_CONTEXT('2D SPACE',''
  ) );
#1374 = PCURVE('',#1375,#1380);
#1375 = PLANE('',#1376);
#1376 = AXIS2_PLACEMENT_3D('',#1377,#1378,#1379);
#1377 = CARTESIAN_POINT('',(73.9,3.313708498985,6.5));
#1378 = DIRECTION('',(0.707106781187,0.707106781187,-0.));
#1379 = DIRECTION('',(0.707106781187,-0.707106781187,0.));
#1380 = DEFINITIONAL_REPRESENTATION('',(#1381),#1384);
#1381 = B_SPLINE_CURVE_WITH_KNOTS('',1,(#1382,#1383),.UNSPECIFIED.,.F.,
  .F.,(2,2),(4.,10.62741699797),.PIECEWISE_BEZIER_KNOTS.);
#1382 = CARTESIAN_POINT('',(0.,-8.));
#1383 = CARTESIAN_POINT('',(-6.62741699797,-8.));
#1384 = ( GEOMETRIC_REPRESENTATION_CONTEXT(2) 
PARAMETRIC_REPRESENTATION_CONTEXT() REPRESENTATION_CONTEXT('2D SPACE',''
  ) );
#1385 = ORIENTED_EDGE('',*,*,#1386,.F.);
#1386 = EDGE_CURVE('',#112,#1361,#1387,.T.);
#1387 = SURFACE_CURVE('',#1388,(#1392,#1399),.PCURVE_S1.);
#1388 = LINE('',#1389,#1390);
#1389 = CARTESIAN_POINT('',(73.9,-8.,14.5));
#1390 = VECTOR('',#1391,1.);
#1391 = DIRECTION('',(-0.,1.,0.));
#1392 = PCURVE('',#126,#1393);
#1393 = DEFINITIONAL_REPRESENTATION('',(#1394),#1398);
#1394 = LINE('',#1395,#1396);
#1395 = CARTESIAN_POINT('',(0.,-0.));
#1396 = VECTOR('',#1397,1.);
#1397 = DIRECTION('',(-0.,1.));
#1398 = ( GEOMETRIC_REPRESENTATION_CONTEXT(2) 
PARAMETRIC_REPRESENTATION_CONTEXT() REPRESENTATION_CONTEXT('2D SPACE',''
  ) );
#1399 = PCURVE('',#576,#1400);
#1400 = DEFINITIONAL_REPRESENTATION('',(#1401),#1405);
#1401 = LINE('',#1402,#1403);
#1402 = CARTESIAN_POINT('',(-8.,-0.));
#1403 = VECTOR('',#1404,1.);
#1404 = DIRECTION('',(-0.,-1.));
#1405 = ( GEOMETRIC_REPRESENTATION_CONTEXT(2) 
PARAMETRIC_REPRESENTATION_CONTEXT() REPRESENTATION_CONTEXT('2D SPACE',''
  ) );
#1406 = ORIENTED_EDGE('',*,*,#109,.F.);
#1407 = ORIENTED_EDGE('',*,*,#1408,.T.);
#1408 = EDGE_CURVE('',#110,#1333,#1409,.T.);
#1409 = SURFACE_CURVE('',#1410,(#1414,#1420),.PCURVE_S1.);
#1410 = LINE('',#1411,#1412);
#1411 = CARTESIAN_POINT('',(61.4,-9.5,14.5));
#1412 = VECTOR('',#1413,1.);
#1413 = DIRECTION('',(0.,1.,0.));
#1414 = PCURVE('',#126,#1415);
#1415 = DEFINITIONAL_REPRESENTATION('',(#1416),#1419);
#1416 = B_SPLINE_CURVE_WITH_KNOTS('',1,(#1417,#1418),.UNSPECIFIED.,.F.,
  .F.,(2,2),(1.5,17.5),.PIECEWISE_BEZIER_KNOTS.);
#1417 = CARTESIAN_POINT('',(-12.5,0.));
#1418 = CARTESIAN_POINT('',(-12.5,16.));
#1419 = ( GEOMETRIC_REPRESENTATION_CONTEXT(2) 
PARAMETRIC_REPRESENTATION_CONTEXT() REPRESENTATION_CONTEXT('2D SPACE',''
  ) );
#1420 = PCURVE('',#152,#1421);
#1421 = DEFINITIONAL_REPRESENTATION('',(#1422),#1425);
#1422 = B_SPLINE_CURVE_WITH_KNOTS('',1,(#1423,#1424),.UNSPECIFIED.,.F.,
  .F.,(2,2),(1.5,17.5),.PIECEWISE_BEZIER_KNOTS.);
#1423 = CARTESIAN_POINT('',(19.5,-3.));
#1424 = CARTESIAN_POINT('',(19.5,-19.));
#1425 = ( GEOMETRIC_REPRESENTATION_CONTEXT(2) 
PARAMETRIC_REPRESENTATION_CONTEXT() REPRESENTATION_CONTEXT('2D SPACE',''
  ) );
#1426 = FACE_BOUND('',#1427,.T.);
#1427 = EDGE_LOOP('',(#1428));
#1428 = ORIENTED_EDGE('',*,*,#1429,.F.);
#1429 = EDGE_CURVE('',#1430,#1430,#1432,.T.);
#1430 = VERTEX_POINT('',#1431);
#1431 = CARTESIAN_POINT('',(64.8,0.,14.5));
#1432 = SURFACE_CURVE('',#1433,(#1438,#1449),.PCURVE_S1.);
#1433 = CIRCLE('',#1434,1.1);
#1434 = AXIS2_PLACEMENT_3D('',#1435,#1436,#1437);
#1435 = CARTESIAN_POINT('',(65.9,0.,14.5));
#1436 = DIRECTION('',(0.,-0.,-1.));
#1437 = DIRECTION('',(-1.,-0.,0.));
#1438 = PCURVE('',#126,#1439);
#1439 = DEFINITIONAL_REPRESENTATION('',(#1440),#1448);
#1440 = ( BOUNDED_CURVE() B_SPLINE_CURVE(2,(#1441,#1442,#1443,#1444,
#1445,#1446,#1447),.UNSPECIFIED.,.T.,.F.) B_SPLINE_CURVE_WITH_KNOTS((1,2
    ,2,2,2,1),(-2.094395102393,0.,2.094395102393,4.188790204786,
6.28318530718,8.377580409573),.UNSPECIFIED.) CURVE() 
GEOMETRIC_REPRESENTATION_ITEM() RATIONAL_B_SPLINE_CURVE((1.,0.5,1.,0.5,
1.,0.5,1.)) REPRESENTATION_ITEM('') );
#1441 = CARTESIAN_POINT('',(-9.1,8.));
#1442 = CARTESIAN_POINT('',(-9.1,9.905255888326));
#1443 = CARTESIAN_POINT('',(-7.45,8.952627944163));
#1444 = CARTESIAN_POINT('',(-5.8,8.));
#1445 = CARTESIAN_POINT('',(-7.45,7.047372055837));
#1446 = CARTESIAN_POINT('',(-9.1,6.094744111674));
#1447 = CARTESIAN_POINT('',(-9.1,8.));
#1448 = ( GEOMETRIC_REPRESENTATION_CONTEXT(2) 
PARAMETRIC_REPRESENTATION_CONTEXT() REPRESENTATION_CONTEXT('2D SPACE',''
  ) );
#1449 = PCURVE('',#922,#1450);
#1450 = DEFINITIONAL_REPRESENTATION('',(#1451),#1455);
#1451 = LINE('',#1452,#1453);
#1452 = CARTESIAN_POINT('',(0.,-9.6));
#1453 = VECTOR('',#1454,1.);
#1454 = DIRECTION('',(1.,0.));
#1455 = ( GEOMETRIC_REPRESENTATION_CONTEXT(2) 
PARAMETRIC_REPRESENTATION_CONTEXT() REPRESENTATION_CONTEXT('2D SPACE',''
  ) );
#1456 = ADVANCED_FACE('',(#1457),#576,.T.);
#1457 = FACE_BOUND('',#1458,.F.);
#1458 = EDGE_LOOP('',(#1459,#1460,#1461,#1484));
#1459 = ORIENTED_EDGE('',*,*,#1386,.F.);
#1460 = ORIENTED_EDGE('',*,*,#563,.F.);
#1461 = ORIENTED_EDGE('',*,*,#1462,.T.);
#1462 = EDGE_CURVE('',#543,#1463,#1465,.T.);
#1463 = VERTEX_POINT('',#1464);
#1464 = CARTESIAN_POINT('',(73.9,3.313708498985,6.5));
#1465 = SURFACE_CURVE('',#1466,(#1470,#1477),.PCURVE_S1.);
#1466 = LINE('',#1467,#1468);
#1467 = CARTESIAN_POINT('',(73.9,-8.,6.5));
#1468 = VECTOR('',#1469,1.);
#1469 = DIRECTION('',(-0.,1.,0.));
#1470 = PCURVE('',#576,#1471);
#1471 = DEFINITIONAL_REPRESENTATION('',(#1472),#1476);
#1472 = LINE('',#1473,#1474);
#1473 = CARTESIAN_POINT('',(-0.,-0.));
#1474 = VECTOR('',#1475,1.);
#1475 = DIRECTION('',(-0.,-1.));
#1476 = ( GEOMETRIC_REPRESENTATION_CONTEXT(2) 
PARAMETRIC_REPRESENTATION_CONTEXT() REPRESENTATION_CONTEXT('2D SPACE',''
  ) );
#1477 = PCURVE('',#444,#1478);
#1478 = DEFINITIONAL_REPRESENTATION('',(#1479),#1483);
#1479 = LINE('',#1480,#1481);
#1480 = CARTESIAN_POINT('',(0.,-0.));
#1481 = VECTOR('',#1482,1.);
#1482 = DIRECTION('',(-0.,1.));
#1483 = ( GEOMETRIC_REPRESENTATION_CONTEXT(2) 
PARAMETRIC_REPRESENTATION_CONTEXT() REPRESENTATION_CONTEXT('2D SPACE',''
  ) );
#1484 = ORIENTED_EDGE('',*,*,#1485,.T.);
#1485 = EDGE_CURVE('',#1463,#1361,#1486,.T.);
#1486 = SURFACE_CURVE('',#1487,(#1491,#1498),.PCURVE_S1.);
#1487 = LINE('',#1488,#1489);
#1488 = CARTESIAN_POINT('',(73.9,3.313708498985,6.5));
#1489 = VECTOR('',#1490,1.);
#1490 = DIRECTION('',(-0.,-0.,1.));
#1491 = PCURVE('',#576,#1492);
#1492 = DEFINITIONAL_REPRESENTATION('',(#1493),#1497);
#1493 = LINE('',#1494,#1495);
#1494 = CARTESIAN_POINT('',(-0.,-11.31370849898));
#1495 = VECTOR('',#1496,1.);
#1496 = DIRECTION('',(-1.,-0.));
#1497 = ( GEOMETRIC_REPRESENTATION_CONTEXT(2) 
PARAMETRIC_REPRESENTATION_CONTEXT() REPRESENTATION_CONTEXT('2D SPACE',''
  ) );
#1498 = PCURVE('',#1375,#1499);
#1499 = DEFINITIONAL_REPRESENTATION('',(#1500),#1504);
#1500 = LINE('',#1501,#1502);
#1501 = CARTESIAN_POINT('',(-0.,-0.));
#1502 = VECTOR('',#1503,1.);
#1503 = DIRECTION('',(-0.,-1.));
#1504 = ( GEOMETRIC_REPRESENTATION_CONTEXT(2) 
PARAMETRIC_REPRESENTATION_CONTEXT() REPRESENTATION_CONTEXT('2D SPACE',''
  ) );
#1505 = ADVANCED_FACE('',(#1506),#444,.T.);
#1506 = FACE_BOUND('',#1507,.F.);
#1507 = EDGE_LOOP('',(#1508,#1533,#1554,#1555,#1556,#1582,#1583));
#1508 = ORIENTED_EDGE('',*,*,#1509,.F.);
#1509 = EDGE_CURVE('',#1510,#1512,#1514,.T.);
#1510 = VERTEX_POINT('',#1511);
#1511 = CARTESIAN_POINT('',(69.213708498985,8.,6.5));
#1512 = VERTEX_POINT('',#1513);
#1513 = CARTESIAN_POINT('',(61.4,8.,6.5));
#1514 = SURFACE_CURVE('',#1515,(#1519,#1526),.PCURVE_S1.);
#1515 = LINE('',#1516,#1517);
#1516 = CARTESIAN_POINT('',(73.9,8.,6.5));
#1517 = VECTOR('',#1518,1.);
#1518 = DIRECTION('',(-1.,-0.,0.));
#1519 = PCURVE('',#444,#1520);
#1520 = DEFINITIONAL_REPRESENTATION('',(#1521),#1525);
#1521 = LINE('',#1522,#1523);
#1522 = CARTESIAN_POINT('',(0.,16.));
#1523 = VECTOR('',#1524,1.);
#1524 = DIRECTION('',(-1.,0.));
#1525 = ( GEOMETRIC_REPRESENTATION_CONTEXT(2) 
PARAMETRIC_REPRESENTATION_CONTEXT() REPRESENTATION_CONTEXT('2D SPACE',''
  ) );
#1526 = PCURVE('',#1348,#1527);
#1527 = DEFINITIONAL_REPRESENTATION('',(#1528),#1532);
#1528 = LINE('',#1529,#1530);
#1529 = CARTESIAN_POINT('',(-0.,-0.));
#1530 = VECTOR('',#1531,1.);
#1531 = DIRECTION('',(-0.,1.));
#1532 = ( GEOMETRIC_REPRESENTATION_CONTEXT(2) 
PARAMETRIC_REPRESENTATION_CONTEXT() REPRESENTATION_CONTEXT('2D SPACE',''
  ) );
#1533 = ORIENTED_EDGE('',*,*,#1534,.F.);
#1534 = EDGE_CURVE('',#1463,#1510,#1535,.T.);
#1535 = SURFACE_CURVE('',#1536,(#1540,#1547),.PCURVE_S1.);
#1536 = LINE('',#1537,#1538);
#1537 = CARTESIAN_POINT('',(73.9,3.313708498985,6.5));
#1538 = VECTOR('',#1539,1.);
#1539 = DIRECTION('',(-0.707106781187,0.707106781187,-0.));
#1540 = PCURVE('',#444,#1541);
#1541 = DEFINITIONAL_REPRESENTATION('',(#1542),#1546);
#1542 = LINE('',#1543,#1544);
#1543 = CARTESIAN_POINT('',(0.,11.313708498985));
#1544 = VECTOR('',#1545,1.);
#1545 = DIRECTION('',(-0.707106781187,0.707106781187));
#1546 = ( GEOMETRIC_REPRESENTATION_CONTEXT(2) 
PARAMETRIC_REPRESENTATION_CONTEXT() REPRESENTATION_CONTEXT('2D SPACE',''
  ) );
#1547 = PCURVE('',#1375,#1548);
#1548 = DEFINITIONAL_REPRESENTATION('',(#1549),#1553);
#1549 = LINE('',#1550,#1551);
#1550 = CARTESIAN_POINT('',(-0.,-0.));
#1551 = VECTOR('',#1552,1.);
#1552 = DIRECTION('',(-1.,0.));
#1553 = ( GEOMETRIC_REPRESENTATION_CONTEXT(2) 
PARAMETRIC_REPRESENTATION_CONTEXT() REPRESENTATION_CONTEXT('2D SPACE',''
  ) );
#1554 = ORIENTED_EDGE('',*,*,#1462,.F.);
#1555 = ORIENTED_EDGE('',*,*,#542,.F.);
#1556 = ORIENTED_EDGE('',*,*,#1557,.F.);
#1557 = EDGE_CURVE('',#430,#516,#1558,.T.);
#1558 = SURFACE_CURVE('',#1559,(#1564,#1575),.PCURVE_S1.);
#1559 = CIRCLE('',#1560,2.9);
#1560 = AXIS2_PLACEMENT_3D('',#1561,#1562,#1563);
#1561 = CARTESIAN_POINT('',(65.9,0.,6.5));
#1562 = DIRECTION('',(0.,0.,-1.));
#1563 = DIRECTION('',(-1.,-0.,-0.));
#1564 = PCURVE('',#444,#1565);
#1565 = DEFINITIONAL_REPRESENTATION('',(#1566),#1574);
#1566 = ( BOUNDED_CURVE() B_SPLINE_CURVE(2,(#1567,#1568,#1569,#1570,
#1571,#1572,#1573),.UNSPECIFIED.,.T.,.F.) B_SPLINE_CURVE_WITH_KNOTS((1,2
    ,2,2,2,1),(-2.094395102393,0.,2.094395102393,4.188790204786,
6.28318530718,8.377580409573),.UNSPECIFIED.) CURVE() 
GEOMETRIC_REPRESENTATION_ITEM() RATIONAL_B_SPLINE_CURVE((1.,0.5,1.,0.5,
1.,0.5,1.)) REPRESENTATION_ITEM('') );
#1567 = CARTESIAN_POINT('',(-10.9,8.));
#1568 = CARTESIAN_POINT('',(-10.9,13.02294734195));
#1569 = CARTESIAN_POINT('',(-6.55,10.511473670975));
#1570 = CARTESIAN_POINT('',(-2.2,8.));
#1571 = CARTESIAN_POINT('',(-6.55,5.488526329025));
#1572 = CARTESIAN_POINT('',(-10.9,2.97705265805));
#1573 = CARTESIAN_POINT('',(-10.9,8.));
#1574 = ( GEOMETRIC_REPRESENTATION_CONTEXT(2) 
PARAMETRIC_REPRESENTATION_CONTEXT() REPRESENTATION_CONTEXT('2D SPACE',''
  ) );
#1575 = PCURVE('',#472,#1576);
#1576 = DEFINITIONAL_REPRESENTATION('',(#1577),#1581);
#1577 = LINE('',#1578,#1579);
#1578 = CARTESIAN_POINT('',(0.,0.));
#1579 = VECTOR('',#1580,1.);
#1580 = DIRECTION('',(1.,0.));
#1581 = ( GEOMETRIC_REPRESENTATION_CONTEXT(2) 
PARAMETRIC_REPRESENTATION_CONTEXT() REPRESENTATION_CONTEXT('2D SPACE',''
  ) );
#1582 = ORIENTED_EDGE('',*,*,#429,.F.);
#1583 = ORIENTED_EDGE('',*,*,#1584,.T.);
#1584 = EDGE_CURVE('',#409,#1512,#1585,.T.);
#1585 = SURFACE_CURVE('',#1586,(#1590,#1596),.PCURVE_S1.);
#1586 = LINE('',#1587,#1588);
#1587 = CARTESIAN_POINT('',(61.4,-9.5,6.5));
#1588 = VECTOR('',#1589,1.);
#1589 = DIRECTION('',(0.,1.,0.));
#1590 = PCURVE('',#444,#1591);
#1591 = DEFINITIONAL_REPRESENTATION('',(#1592),#1595);
#1592 = B_SPLINE_CURVE_WITH_KNOTS('',1,(#1593,#1594),.UNSPECIFIED.,.F.,
  .F.,(2,2),(1.5,17.5),.PIECEWISE_BEZIER_KNOTS.);
#1593 = CARTESIAN_POINT('',(-12.5,0.));
#1594 = CARTESIAN_POINT('',(-12.5,16.));
#1595 = ( GEOMETRIC_REPRESENTATION_CONTEXT(2) 
PARAMETRIC_REPRESENTATION_CONTEXT() REPRESENTATION_CONTEXT('2D SPACE',''
  ) );
#1596 = PCURVE('',#152,#1597);
#1597 = DEFINITIONAL_REPRESENTATION('',(#1598),#1601);
#1598 = B_SPLINE_CURVE_WITH_KNOTS('',1,(#1599,#1600),.UNSPECIFIED.,.F.,
  .F.,(2,2),(1.5,17.5),.PIECEWISE_BEZIER_KNOTS.);
#1599 = CARTESIAN_POINT('',(11.5,-3.));
#1600 = CARTESIAN_POINT('',(11.5,-19.));
#1601 = ( GEOMETRIC_REPRESENTATION_CONTEXT(2) 
PARAMETRIC_REPRESENTATION_CONTEXT() REPRESENTATION_CONTEXT('2D SPACE',''
  ) );
#1602 = ADVANCED_FACE('',(#1603),#472,.T.);
#1603 = FACE_BOUND('',#1604,.T.);
#1604 = EDGE_LOOP('',(#1605,#1606,#1607,#1633));
#1605 = ORIENTED_EDGE('',*,*,#1557,.F.);
#1606 = ORIENTED_EDGE('',*,*,#455,.T.);
#1607 = ORIENTED_EDGE('',*,*,#1608,.T.);
#1608 = EDGE_CURVE('',#456,#488,#1609,.T.);
#1609 = SURFACE_CURVE('',#1610,(#1615,#1622),.PCURVE_S1.);
#1610 = CIRCLE('',#1611,2.9);
#1611 = AXIS2_PLACEMENT_3D('',#1612,#1613,#1614);
#1612 = CARTESIAN_POINT('',(65.9,0.,7.));
#1613 = DIRECTION('',(0.,0.,-1.));
#1614 = DIRECTION('',(-1.,-0.,-0.));
#1615 = PCURVE('',#472,#1616);
#1616 = DEFINITIONAL_REPRESENTATION('',(#1617),#1621);
#1617 = LINE('',#1618,#1619);
#1618 = CARTESIAN_POINT('',(0.,-0.5));
#1619 = VECTOR('',#1620,1.);
#1620 = DIRECTION('',(1.,0.));
#1621 = ( GEOMETRIC_REPRESENTATION_CONTEXT(2) 
PARAMETRIC_REPRESENTATION_CONTEXT() REPRESENTATION_CONTEXT('2D SPACE',''
  ) );
#1622 = PCURVE('',#503,#1623);
#1623 = DEFINITIONAL_REPRESENTATION('',(#1624),#1632);
#1624 = ( BOUNDED_CURVE() B_SPLINE_CURVE(2,(#1625,#1626,#1627,#1628,
#1629,#1630,#1631),.UNSPECIFIED.,.T.,.F.) B_SPLINE_CURVE_WITH_KNOTS((1,2
    ,2,2,2,1),(-2.094395102393,0.,2.094395102393,4.188790204786,
6.28318530718,8.377580409573),.UNSPECIFIED.) CURVE() 
GEOMETRIC_REPRESENTATION_ITEM() RATIONAL_B_SPLINE_CURVE((1.,0.5,1.,0.5,
1.,0.5,1.)) REPRESENTATION_ITEM('') );
#1625 = CARTESIAN_POINT('',(-2.9,1.183825239176E-16));
#1626 = CARTESIAN_POINT('',(-2.9,5.02294734195));
#1627 = CARTESIAN_POINT('',(1.45,2.511473670975));
#1628 = CARTESIAN_POINT('',(5.8,8.28677667423E-16));
#1629 = CARTESIAN_POINT('',(1.45,-2.511473670975));
#1630 = CARTESIAN_POINT('',(-2.9,-5.02294734195));
#1631 = CARTESIAN_POINT('',(-2.9,1.183825239176E-16));
#1632 = ( GEOMETRIC_REPRESENTATION_CONTEXT(2) 
PARAMETRIC_REPRESENTATION_CONTEXT() REPRESENTATION_CONTEXT('2D SPACE',''
  ) );
#1633 = ORIENTED_EDGE('',*,*,#515,.T.);
#1634 = ADVANCED_FACE('',(#1635),#503,.T.);
#1635 = FACE_BOUND('',#1636,.F.);
#1636 = EDGE_LOOP('',(#1637,#1638));
#1637 = ORIENTED_EDGE('',*,*,#487,.T.);
#1638 = ORIENTED_EDGE('',*,*,#1608,.T.);
#1639 = ADVANCED_FACE('',(#1640),#152,.F.);
#1640 = FACE_BOUND('',#1641,.F.);
#1641 = EDGE_LOOP('',(#1642,#1643,#1644,#1645,#1646,#1665,#1666));
#1642 = ORIENTED_EDGE('',*,*,#938,.T.);
#1643 = ORIENTED_EDGE('',*,*,#591,.F.);
#1644 = ORIENTED_EDGE('',*,*,#137,.F.);
#1645 = ORIENTED_EDGE('',*,*,#1408,.T.);
#1646 = ORIENTED_EDGE('',*,*,#1647,.T.);
#1647 = EDGE_CURVE('',#1333,#1512,#1648,.T.);
#1648 = SURFACE_CURVE('',#1649,(#1653,#1659),.PCURVE_S1.);
#1649 = LINE('',#1650,#1651);
#1650 = CARTESIAN_POINT('',(61.4,8.,0.75));
#1651 = VECTOR('',#1652,1.);
#1652 = DIRECTION('',(0.,0.,-1.));
#1653 = PCURVE('',#152,#1654);
#1654 = DEFINITIONAL_REPRESENTATION('',(#1655),#1658);
#1655 = B_SPLINE_CURVE_WITH_KNOTS('',1,(#1656,#1657),.UNSPECIFIED.,.F.,
  .F.,(2,2),(-13.75,-5.75),.PIECEWISE_BEZIER_KNOTS.);
#1656 = CARTESIAN_POINT('',(19.5,-19.));
#1657 = CARTESIAN_POINT('',(11.5,-19.));
#1658 = ( GEOMETRIC_REPRESENTATION_CONTEXT(2) 
PARAMETRIC_REPRESENTATION_CONTEXT() REPRESENTATION_CONTEXT('2D SPACE',''
  ) );
#1659 = PCURVE('',#1348,#1660);
#1660 = DEFINITIONAL_REPRESENTATION('',(#1661),#1664);
#1661 = B_SPLINE_CURVE_WITH_KNOTS('',1,(#1662,#1663),.UNSPECIFIED.,.F.,
  .F.,(2,2),(-13.75,-5.75),.PIECEWISE_BEZIER_KNOTS.);
#1662 = CARTESIAN_POINT('',(-8.,12.5));
#1663 = CARTESIAN_POINT('',(0.,12.5));
#1664 = ( GEOMETRIC_REPRESENTATION_CONTEXT(2) 
PARAMETRIC_REPRESENTATION_CONTEXT() REPRESENTATION_CONTEXT('2D SPACE',''
  ) );
#1665 = ORIENTED_EDGE('',*,*,#1584,.F.);
#1666 = ORIENTED_EDGE('',*,*,#408,.F.);
#1667 = ADVANCED_FACE('',(#1668),#375,.T.);
#1668 = FACE_BOUND('',#1669,.T.);
#1669 = EDGE_LOOP('',(#1670,#1671,#1694,#1715));
#1670 = ORIENTED_EDGE('',*,*,#1273,.F.);
#1671 = ORIENTED_EDGE('',*,*,#1672,.T.);
#1672 = EDGE_CURVE('',#1248,#1673,#1675,.T.);
#1673 = VERTEX_POINT('',#1674);
#1674 = CARTESIAN_POINT('',(66.787867965644,5.909366876077,
    4.050431098568));
#1675 = SURFACE_CURVE('',#1676,(#1680,#1687),.PCURVE_S1.);
#1676 = LINE('',#1677,#1678);
#1677 = CARTESIAN_POINT('',(66.787867965644,13.0859650045,
    -3.126167029856));
#1678 = VECTOR('',#1679,1.);
#1679 = DIRECTION('',(0.,-0.707106781187,0.707106781187));
#1680 = PCURVE('',#375,#1681);
#1681 = DEFINITIONAL_REPRESENTATION('',(#1682),#1686);
#1682 = LINE('',#1683,#1684);
#1683 = CARTESIAN_POINT('',(0.,0.));
#1684 = VECTOR('',#1685,1.);
#1685 = DIRECTION('',(0.,-1.));
#1686 = ( GEOMETRIC_REPRESENTATION_CONTEXT(2) 
PARAMETRIC_REPRESENTATION_CONTEXT() REPRESENTATION_CONTEXT('2D SPACE',''
  ) );
#1687 = PCURVE('',#1262,#1688);
#1688 = DEFINITIONAL_REPRESENTATION('',(#1689),#1693);
#1689 = LINE('',#1690,#1691);
#1690 = CARTESIAN_POINT('',(3.323401871577,4.440892098501E-16));
#1691 = VECTOR('',#1692,1.);
#1692 = DIRECTION('',(0.,-1.));
#1693 = ( GEOMETRIC_REPRESENTATION_CONTEXT(2) 
PARAMETRIC_REPRESENTATION_CONTEXT() REPRESENTATION_CONTEXT('2D SPACE',''
  ) );
#1694 = ORIENTED_EDGE('',*,*,#1695,.T.);
#1695 = EDGE_CURVE('',#1673,#335,#1696,.T.);
#1696 = SURFACE_CURVE('',#1697,(#1701,#1708),.PCURVE_S1.);
#1697 = LINE('',#1698,#1699);
#1698 = CARTESIAN_POINT('',(66.787867965644,5.909366876077,
    4.050431098568));
#1699 = VECTOR('',#1700,1.);
#1700 = DIRECTION('',(0.707106781187,-0.5,-0.5));
#1701 = PCURVE('',#375,#1702);
#1702 = DEFINITIONAL_REPRESENTATION('',(#1703),#1707);
#1703 = LINE('',#1704,#1705);
#1704 = CARTESIAN_POINT('',(0.,-10.14924240491));
#1705 = VECTOR('',#1706,1.);
#1706 = DIRECTION('',(1.,0.));
#1707 = ( GEOMETRIC_REPRESENTATION_CONTEXT(2) 
PARAMETRIC_REPRESENTATION_CONTEXT() REPRESENTATION_CONTEXT('2D SPACE',''
  ) );
#1708 = PCURVE('',#349,#1709);
#1709 = DEFINITIONAL_REPRESENTATION('',(#1710),#1714);
#1710 = LINE('',#1711,#1712);
#1711 = CARTESIAN_POINT('',(-3.212132034356,2.8));
#1712 = VECTOR('',#1713,1.);
#1713 = DIRECTION('',(0.707106781187,-0.707106781187));
#1714 = ( GEOMETRIC_REPRESENTATION_CONTEXT(2) 
PARAMETRIC_REPRESENTATION_CONTEXT() REPRESENTATION_CONTEXT('2D SPACE',''
  ) );
#1715 = ORIENTED_EDGE('',*,*,#360,.T.);
#1716 = ADVANCED_FACE('',(#1717),#349,.F.);
#1717 = FACE_BOUND('',#1718,.F.);
#1718 = EDGE_LOOP('',(#1719,#1720,#1743,#1766,#1789,#1810));
#1719 = ORIENTED_EDGE('',*,*,#334,.T.);
#1720 = ORIENTED_EDGE('',*,*,#1721,.T.);
#1721 = EDGE_CURVE('',#309,#1722,#1724,.T.);
#1722 = VERTEX_POINT('',#1723);
#1723 = CARTESIAN_POINT('',(73.212132034356,5.909366876077,
    4.050431098568));
#1724 = SURFACE_CURVE('',#1725,(#1729,#1736),.PCURVE_S1.);
#1725 = LINE('',#1726,#1727);
#1726 = CARTESIAN_POINT('',(71.15,4.451219330882,2.592283553372));
#1727 = VECTOR('',#1728,1.);
#1728 = DIRECTION('',(0.707106781187,0.5,0.5));
#1729 = PCURVE('',#349,#1730);
#1730 = DEFINITIONAL_REPRESENTATION('',(#1731),#1735);
#1731 = LINE('',#1732,#1733);
#1732 = CARTESIAN_POINT('',(1.15,0.737867965644));
#1733 = VECTOR('',#1734,1.);
#1734 = DIRECTION('',(0.707106781187,0.707106781187));
#1735 = ( GEOMETRIC_REPRESENTATION_CONTEXT(2) 
PARAMETRIC_REPRESENTATION_CONTEXT() REPRESENTATION_CONTEXT('2D SPACE',''
  ) );
#1736 = PCURVE('',#323,#1737);
#1737 = DEFINITIONAL_REPRESENTATION('',(#1738),#1742);
#1738 = LINE('',#1739,#1740);
#1739 = CARTESIAN_POINT('',(0.,-10.14924240491));
#1740 = VECTOR('',#1741,1.);
#1741 = DIRECTION('',(1.,0.));
#1742 = ( GEOMETRIC_REPRESENTATION_CONTEXT(2) 
PARAMETRIC_REPRESENTATION_CONTEXT() REPRESENTATION_CONTEXT('2D SPACE',''
  ) );
#1743 = ORIENTED_EDGE('',*,*,#1744,.T.);
#1744 = EDGE_CURVE('',#1722,#1745,#1747,.T.);
#1745 = VERTEX_POINT('',#1746);
#1746 = CARTESIAN_POINT('',(70.862132034356,7.571067811865,
    5.712132034356));
#1747 = SURFACE_CURVE('',#1748,(#1752,#1759),.PCURVE_S1.);
#1748 = LINE('',#1749,#1750);
#1749 = CARTESIAN_POINT('',(73.212132034356,5.909366876077,
    4.050431098568));
#1750 = VECTOR('',#1751,1.);
#1751 = DIRECTION('',(-0.707106781187,0.5,0.5));
#1752 = PCURVE('',#349,#1753);
#1753 = DEFINITIONAL_REPRESENTATION('',(#1754),#1758);
#1754 = LINE('',#1755,#1756);
#1755 = CARTESIAN_POINT('',(3.212132034356,2.8));
#1756 = VECTOR('',#1757,1.);
#1757 = DIRECTION('',(-0.707106781187,0.707106781187));
#1758 = ( GEOMETRIC_REPRESENTATION_CONTEXT(2) 
PARAMETRIC_REPRESENTATION_CONTEXT() REPRESENTATION_CONTEXT('2D SPACE',''
  ) );
#1759 = PCURVE('',#1210,#1760);
#1760 = DEFINITIONAL_REPRESENTATION('',(#1761),#1765);
#1761 = LINE('',#1762,#1763);
#1762 = CARTESIAN_POINT('',(0.,-10.14924240491));
#1763 = VECTOR('',#1764,1.);
#1764 = DIRECTION('',(1.,0.));
#1765 = ( GEOMETRIC_REPRESENTATION_CONTEXT(2) 
PARAMETRIC_REPRESENTATION_CONTEXT() REPRESENTATION_CONTEXT('2D SPACE',''
  ) );
#1766 = ORIENTED_EDGE('',*,*,#1767,.T.);
#1767 = EDGE_CURVE('',#1745,#1768,#1770,.T.);
#1768 = VERTEX_POINT('',#1769);
#1769 = CARTESIAN_POINT('',(69.137867965644,7.571067811865,
    5.712132034356));
#1770 = SURFACE_CURVE('',#1771,(#1775,#1782),.PCURVE_S1.);
#1771 = LINE('',#1772,#1773);
#1772 = CARTESIAN_POINT('',(70.862132034356,7.571067811865,
    5.712132034356));
#1773 = VECTOR('',#1774,1.);
#1774 = DIRECTION('',(-1.,0.,0.));
#1775 = PCURVE('',#349,#1776);
#1776 = DEFINITIONAL_REPRESENTATION('',(#1777),#1781);
#1777 = LINE('',#1778,#1779);
#1778 = CARTESIAN_POINT('',(0.862132034356,5.15));
#1779 = VECTOR('',#1780,1.);
#1780 = DIRECTION('',(-1.,0.));
#1781 = ( GEOMETRIC_REPRESENTATION_CONTEXT(2) 
PARAMETRIC_REPRESENTATION_CONTEXT() REPRESENTATION_CONTEXT('2D SPACE',''
  ) );
#1782 = PCURVE('',#1236,#1783);
#1783 = DEFINITIONAL_REPRESENTATION('',(#1784),#1788);
#1784 = LINE('',#1785,#1786);
#1785 = CARTESIAN_POINT('',(0.,-10.14924240491));
#1786 = VECTOR('',#1787,1.);
#1787 = DIRECTION('',(1.,0.));
#1788 = ( GEOMETRIC_REPRESENTATION_CONTEXT(2) 
PARAMETRIC_REPRESENTATION_CONTEXT() REPRESENTATION_CONTEXT('2D SPACE',''
  ) );
#1789 = ORIENTED_EDGE('',*,*,#1790,.T.);
#1790 = EDGE_CURVE('',#1768,#1673,#1791,.T.);
#1791 = SURFACE_CURVE('',#1792,(#1796,#1803),.PCURVE_S1.);
#1792 = LINE('',#1793,#1794);
#1793 = CARTESIAN_POINT('',(69.137867965644,7.571067811865,
    5.712132034356));
#1794 = VECTOR('',#1795,1.);
#1795 = DIRECTION('',(-0.707106781187,-0.5,-0.5));
#1796 = PCURVE('',#349,#1797);
#1797 = DEFINITIONAL_REPRESENTATION('',(#1798),#1802);
#1798 = LINE('',#1799,#1800);
#1799 = CARTESIAN_POINT('',(-0.862132034356,5.15));
#1800 = VECTOR('',#1801,1.);
#1801 = DIRECTION('',(-0.707106781187,-0.707106781187));
#1802 = ( GEOMETRIC_REPRESENTATION_CONTEXT(2) 
PARAMETRIC_REPRESENTATION_CONTEXT() REPRESENTATION_CONTEXT('2D SPACE',''
  ) );
#1803 = PCURVE('',#1262,#1804);
#1804 = DEFINITIONAL_REPRESENTATION('',(#1805),#1809);
#1805 = LINE('',#1806,#1807);
#1806 = CARTESIAN_POINT('',(0.,-10.14924240491));
#1807 = VECTOR('',#1808,1.);
#1808 = DIRECTION('',(1.,0.));
#1809 = ( GEOMETRIC_REPRESENTATION_CONTEXT(2) 
PARAMETRIC_REPRESENTATION_CONTEXT() REPRESENTATION_CONTEXT('2D SPACE',''
  ) );
#1810 = ORIENTED_EDGE('',*,*,#1695,.T.);
#1811 = ADVANCED_FACE('',(#1812),#323,.T.);
#1812 = FACE_BOUND('',#1813,.T.);
#1813 = EDGE_LOOP('',(#1814,#1815,#1816,#1837));
#1814 = ORIENTED_EDGE('',*,*,#308,.T.);
#1815 = ORIENTED_EDGE('',*,*,#1721,.T.);
#1816 = ORIENTED_EDGE('',*,*,#1817,.F.);
#1817 = EDGE_CURVE('',#1175,#1722,#1818,.T.);
#1818 = SURFACE_CURVE('',#1819,(#1823,#1830),.PCURVE_S1.);
#1819 = LINE('',#1820,#1821);
#1820 = CARTESIAN_POINT('',(73.212132034356,13.0859650045,
    -3.126167029856));
#1821 = VECTOR('',#1822,1.);
#1822 = DIRECTION('',(0.,-0.707106781187,0.707106781187));
#1823 = PCURVE('',#323,#1824);
#1824 = DEFINITIONAL_REPRESENTATION('',(#1825),#1829);
#1825 = LINE('',#1826,#1827);
#1826 = CARTESIAN_POINT('',(2.91629509039,-4.440892098501E-16));
#1827 = VECTOR('',#1828,1.);
#1828 = DIRECTION('',(0.,-1.));
#1829 = ( GEOMETRIC_REPRESENTATION_CONTEXT(2) 
PARAMETRIC_REPRESENTATION_CONTEXT() REPRESENTATION_CONTEXT('2D SPACE',''
  ) );
#1830 = PCURVE('',#1210,#1831);
#1831 = DEFINITIONAL_REPRESENTATION('',(#1832),#1836);
#1832 = LINE('',#1833,#1834);
#1833 = CARTESIAN_POINT('',(0.,0.));
#1834 = VECTOR('',#1835,1.);
#1835 = DIRECTION('',(0.,-1.));
#1836 = ( GEOMETRIC_REPRESENTATION_CONTEXT(2) 
PARAMETRIC_REPRESENTATION_CONTEXT() REPRESENTATION_CONTEXT('2D SPACE',''
  ) );
#1837 = ORIENTED_EDGE('',*,*,#1174,.F.);
#1838 = ADVANCED_FACE('',(#1839),#253,.T.);
#1839 = FACE_BOUND('',#1840,.T.);
#1840 = EDGE_LOOP('',(#1841,#1862,#1863));
#1841 = ORIENTED_EDGE('',*,*,#1842,.F.);
#1842 = EDGE_CURVE('',#213,#837,#1843,.T.);
#1843 = SURFACE_CURVE('',#1844,(#1848,#1855),.PCURVE_S1.);
#1844 = LINE('',#1845,#1846);
#1845 = CARTESIAN_POINT('',(72.,-7.8,15.9));
#1846 = VECTOR('',#1847,1.);
#1847 = DIRECTION('',(0.,0.,1.));
#1848 = PCURVE('',#253,#1849);
#1849 = DEFINITIONAL_REPRESENTATION('',(#1850),#1854);
#1850 = LINE('',#1851,#1852);
#1851 = CARTESIAN_POINT('',(0.,0.));
#1852 = VECTOR('',#1853,1.);
#1853 = DIRECTION('',(1.,0.));
#1854 = ( GEOMETRIC_REPRESENTATION_CONTEXT(2) 
PARAMETRIC_REPRESENTATION_CONTEXT() REPRESENTATION_CONTEXT('2D SPACE',''
  ) );
#1855 = PCURVE('',#227,#1856);
#1856 = DEFINITIONAL_REPRESENTATION('',(#1857),#1861);
#1857 = LINE('',#1858,#1859);
#1858 = CARTESIAN_POINT('',(-1.075558528722,2.));
#1859 = VECTOR('',#1860,1.);
#1860 = DIRECTION('',(-1.,0.));
#1861 = ( GEOMETRIC_REPRESENTATION_CONTEXT(2) 
PARAMETRIC_REPRESENTATION_CONTEXT() REPRESENTATION_CONTEXT('2D SPACE',''
  ) );
#1862 = ORIENTED_EDGE('',*,*,#238,.T.);
#1863 = ORIENTED_EDGE('',*,*,#836,.F.);
#1864 = ADVANCED_FACE('',(#1865),#227,.T.);
#1865 = FACE_BOUND('',#1866,.T.);
#1866 = EDGE_LOOP('',(#1867,#1868,#1869,#1890));
#1867 = ORIENTED_EDGE('',*,*,#1842,.T.);
#1868 = ORIENTED_EDGE('',*,*,#859,.T.);
#1869 = ORIENTED_EDGE('',*,*,#1870,.T.);
#1870 = EDGE_CURVE('',#860,#187,#1871,.T.);
#1871 = SURFACE_CURVE('',#1872,(#1876,#1883),.PCURVE_S1.);
#1872 = LINE('',#1873,#1874);
#1873 = CARTESIAN_POINT('',(68.,-7.8,17.5));
#1874 = VECTOR('',#1875,1.);
#1875 = DIRECTION('',(0.,0.,-1.));
#1876 = PCURVE('',#227,#1877);
#1877 = DEFINITIONAL_REPRESENTATION('',(#1878),#1882);
#1878 = LINE('',#1879,#1880);
#1879 = CARTESIAN_POINT('',(-2.675558528722,-2.));
#1880 = VECTOR('',#1881,1.);
#1881 = DIRECTION('',(1.,0.));
#1882 = ( GEOMETRIC_REPRESENTATION_CONTEXT(2) 
PARAMETRIC_REPRESENTATION_CONTEXT() REPRESENTATION_CONTEXT('2D SPACE',''
  ) );
#1883 = PCURVE('',#201,#1884);
#1884 = DEFINITIONAL_REPRESENTATION('',(#1885),#1889);
#1885 = LINE('',#1886,#1887);
#1886 = CARTESIAN_POINT('',(0.,0.));
#1887 = VECTOR('',#1888,1.);
#1888 = DIRECTION('',(1.,0.));
#1889 = ( GEOMETRIC_REPRESENTATION_CONTEXT(2) 
PARAMETRIC_REPRESENTATION_CONTEXT() REPRESENTATION_CONTEXT('2D SPACE',''
  ) );
#1890 = ORIENTED_EDGE('',*,*,#212,.T.);
#1891 = ADVANCED_FACE('',(#1892),#201,.T.);
#1892 = FACE_BOUND('',#1893,.T.);
#1893 = EDGE_LOOP('',(#1894,#1895,#1896));
#1894 = ORIENTED_EDGE('',*,*,#1870,.F.);
#1895 = ORIENTED_EDGE('',*,*,#882,.T.);
#1896 = ORIENTED_EDGE('',*,*,#186,.T.);
#1897 = ADVANCED_FACE('',(#1898),#802,.T.);
#1898 = FACE_BOUND('',#1899,.T.);
#1899 = EDGE_LOOP('',(#1900,#1923,#1944,#1945));
#1900 = ORIENTED_EDGE('',*,*,#1901,.T.);
#1901 = EDGE_CURVE('',#1123,#1902,#1904,.T.);
#1902 = VERTEX_POINT('',#1903);
#1903 = CARTESIAN_POINT('',(70.8,-6.2,19.1));
#1904 = SURFACE_CURVE('',#1905,(#1909,#1916),.PCURVE_S1.);
#1905 = LINE('',#1906,#1907);
#1906 = CARTESIAN_POINT('',(70.8,11.,19.1));
#1907 = VECTOR('',#1908,1.);
#1908 = DIRECTION('',(0.,-1.,0.));
#1909 = PCURVE('',#802,#1910);
#1910 = DEFINITIONAL_REPRESENTATION('',(#1911),#1915);
#1911 = LINE('',#1912,#1913);
#1912 = CARTESIAN_POINT('',(0.,0.));
#1913 = VECTOR('',#1914,1.);
#1914 = DIRECTION('',(0.,-1.));
#1915 = ( GEOMETRIC_REPRESENTATION_CONTEXT(2) 
PARAMETRIC_REPRESENTATION_CONTEXT() REPRESENTATION_CONTEXT('2D SPACE',''
  ) );
#1916 = PCURVE('',#1138,#1917);
#1917 = DEFINITIONAL_REPRESENTATION('',(#1918),#1922);
#1918 = LINE('',#1919,#1920);
#1919 = CARTESIAN_POINT('',(2.262741699797,0.));
#1920 = VECTOR('',#1921,1.);
#1921 = DIRECTION('',(-0.,-1.));
#1922 = ( GEOMETRIC_REPRESENTATION_CONTEXT(2) 
PARAMETRIC_REPRESENTATION_CONTEXT() REPRESENTATION_CONTEXT('2D SPACE',''
  ) );
#1923 = ORIENTED_EDGE('',*,*,#1924,.T.);
#1924 = EDGE_CURVE('',#1902,#759,#1925,.T.);
#1925 = SURFACE_CURVE('',#1926,(#1930,#1937),.PCURVE_S1.);
#1926 = LINE('',#1927,#1928);
#1927 = CARTESIAN_POINT('',(70.8,-6.2,19.1));
#1928 = VECTOR('',#1929,1.);
#1929 = DIRECTION('',(0.,0.,-1.));
#1930 = PCURVE('',#802,#1931);
#1931 = DEFINITIONAL_REPRESENTATION('',(#1932),#1936);
#1932 = LINE('',#1933,#1934);
#1933 = CARTESIAN_POINT('',(0.,-17.2));
#1934 = VECTOR('',#1935,1.);
#1935 = DIRECTION('',(1.,0.));
#1936 = ( GEOMETRIC_REPRESENTATION_CONTEXT(2) 
PARAMETRIC_REPRESENTATION_CONTEXT() REPRESENTATION_CONTEXT('2D SPACE',''
  ) );
#1937 = PCURVE('',#774,#1938);
#1938 = DEFINITIONAL_REPRESENTATION('',(#1939),#1943);
#1939 = LINE('',#1940,#1941);
#1940 = CARTESIAN_POINT('',(-0.937258300203,0.8));
#1941 = VECTOR('',#1942,1.);
#1942 = DIRECTION('',(-1.,0.));
#1943 = ( GEOMETRIC_REPRESENTATION_CONTEXT(2) 
PARAMETRIC_REPRESENTATION_CONTEXT() REPRESENTATION_CONTEXT('2D SPACE',''
  ) );
#1944 = ORIENTED_EDGE('',*,*,#786,.F.);
#1945 = ORIENTED_EDGE('',*,*,#1150,.F.);
#1946 = ADVANCED_FACE('',(#1947),#774,.F.);
#1947 = FACE_BOUND('',#1948,.F.);
#1948 = EDGE_LOOP('',(#1949,#1950,#1973,#1996,#2019,#2042,#2065,#2086));
#1949 = ORIENTED_EDGE('',*,*,#758,.T.);
#1950 = ORIENTED_EDGE('',*,*,#1951,.T.);
#1951 = EDGE_CURVE('',#731,#1952,#1954,.T.);
#1952 = VERTEX_POINT('',#1953);
#1953 = CARTESIAN_POINT('',(69.2,-6.2,19.1));
#1954 = SURFACE_CURVE('',#1955,(#1959,#1966),.PCURVE_S1.);
#1955 = LINE('',#1956,#1957);
#1956 = CARTESIAN_POINT('',(69.2,-6.2,17.5));
#1957 = VECTOR('',#1958,1.);
#1958 = DIRECTION('',(0.,0.,1.));
#1959 = PCURVE('',#774,#1960);
#1960 = DEFINITIONAL_REPRESENTATION('',(#1961),#1965);
#1961 = LINE('',#1962,#1963);
#1962 = CARTESIAN_POINT('',(-2.537258300203,-0.8));
#1963 = VECTOR('',#1964,1.);
#1964 = DIRECTION('',(1.,0.));
#1965 = ( GEOMETRIC_REPRESENTATION_CONTEXT(2) 
PARAMETRIC_REPRESENTATION_CONTEXT() REPRESENTATION_CONTEXT('2D SPACE',''
  ) );
#1966 = PCURVE('',#746,#1967);
#1967 = DEFINITIONAL_REPRESENTATION('',(#1968),#1972);
#1968 = LINE('',#1969,#1970);
#1969 = CARTESIAN_POINT('',(0.,-17.2));
#1970 = VECTOR('',#1971,1.);
#1971 = DIRECTION('',(1.,0.));
#1972 = ( GEOMETRIC_REPRESENTATION_CONTEXT(2) 
PARAMETRIC_REPRESENTATION_CONTEXT() REPRESENTATION_CONTEXT('2D SPACE',''
  ) );
#1973 = ORIENTED_EDGE('',*,*,#1974,.T.);
#1974 = EDGE_CURVE('',#1952,#1975,#1977,.T.);
#1975 = VERTEX_POINT('',#1976);
#1976 = CARTESIAN_POINT('',(67.6,-6.2,20.7));
#1977 = SURFACE_CURVE('',#1978,(#1982,#1989),.PCURVE_S1.);
#1978 = LINE('',#1979,#1980);
#1979 = CARTESIAN_POINT('',(69.2,-6.2,19.1));
#1980 = VECTOR('',#1981,1.);
#1981 = DIRECTION('',(-0.707106781187,0.,0.707106781187));
#1982 = PCURVE('',#774,#1983);
#1983 = DEFINITIONAL_REPRESENTATION('',(#1984),#1988);
#1984 = LINE('',#1985,#1986);
#1985 = CARTESIAN_POINT('',(-0.937258300203,-0.8));
#1986 = VECTOR('',#1987,1.);
#1987 = DIRECTION('',(0.707106781187,-0.707106781187));
#1988 = ( GEOMETRIC_REPRESENTATION_CONTEXT(2) 
PARAMETRIC_REPRESENTATION_CONTEXT() REPRESENTATION_CONTEXT('2D SPACE',''
  ) );
#1989 = PCURVE('',#1026,#1990);
#1990 = DEFINITIONAL_REPRESENTATION('',(#1991),#1995);
#1991 = LINE('',#1992,#1993);
#1992 = CARTESIAN_POINT('',(0.,-17.2));
#1993 = VECTOR('',#1994,1.);
#1994 = DIRECTION('',(1.,0.));
#1995 = ( GEOMETRIC_REPRESENTATION_CONTEXT(2) 
PARAMETRIC_REPRESENTATION_CONTEXT() REPRESENTATION_CONTEXT('2D SPACE',''
  ) );
#1996 = ORIENTED_EDGE('',*,*,#1997,.T.);
#1997 = EDGE_CURVE('',#1975,#1998,#2000,.T.);
#1998 = VERTEX_POINT('',#1999);
#1999 = CARTESIAN_POINT('',(69.2,-6.2,22.3));
#2000 = SURFACE_CURVE('',#2001,(#2005,#2012),.PCURVE_S1.);
#2001 = LINE('',#2002,#2003);
#2002 = CARTESIAN_POINT('',(67.6,-6.2,20.7));
#2003 = VECTOR('',#2004,1.);
#2004 = DIRECTION('',(0.707106781187,0.,0.707106781187));
#2005 = PCURVE('',#774,#2006);
#2006 = DEFINITIONAL_REPRESENTATION('',(#2007),#2011);
#2007 = LINE('',#2008,#2009);
#2008 = CARTESIAN_POINT('',(0.662741699797,-2.4));
#2009 = VECTOR('',#2010,1.);
#2010 = DIRECTION('',(0.707106781187,0.707106781187));
#2011 = ( GEOMETRIC_REPRESENTATION_CONTEXT(2) 
PARAMETRIC_REPRESENTATION_CONTEXT() REPRESENTATION_CONTEXT('2D SPACE',''
  ) );
#2012 = PCURVE('',#1054,#2013);
#2013 = DEFINITIONAL_REPRESENTATION('',(#2014),#2018);
#2014 = LINE('',#2015,#2016);
#2015 = CARTESIAN_POINT('',(0.,-17.2));
#2016 = VECTOR('',#2017,1.);
#2017 = DIRECTION('',(1.,0.));
#2018 = ( GEOMETRIC_REPRESENTATION_CONTEXT(2) 
PARAMETRIC_REPRESENTATION_CONTEXT() REPRESENTATION_CONTEXT('2D SPACE',''
  ) );
#2019 = ORIENTED_EDGE('',*,*,#2020,.T.);
#2020 = EDGE_CURVE('',#1998,#2021,#2023,.T.);
#2021 = VERTEX_POINT('',#2022);
#2022 = CARTESIAN_POINT('',(70.8,-6.2,22.3));
#2023 = SURFACE_CURVE('',#2024,(#2028,#2035),.PCURVE_S1.);
#2024 = LINE('',#2025,#2026);
#2025 = CARTESIAN_POINT('',(69.2,-6.2,22.3));
#2026 = VECTOR('',#2027,1.);
#2027 = DIRECTION('',(1.,0.,0.));
#2028 = PCURVE('',#774,#2029);
#2029 = DEFINITIONAL_REPRESENTATION('',(#2030),#2034);
#2030 = LINE('',#2031,#2032);
#2031 = CARTESIAN_POINT('',(2.262741699797,-0.8));
#2032 = VECTOR('',#2033,1.);
#2033 = DIRECTION('',(0.,1.));
#2034 = ( GEOMETRIC_REPRESENTATION_CONTEXT(2) 
PARAMETRIC_REPRESENTATION_CONTEXT() REPRESENTATION_CONTEXT('2D SPACE',''
  ) );
#2035 = PCURVE('',#1082,#2036);
#2036 = DEFINITIONAL_REPRESENTATION('',(#2037),#2041);
#2037 = LINE('',#2038,#2039);
#2038 = CARTESIAN_POINT('',(0.,-17.2));
#2039 = VECTOR('',#2040,1.);
#2040 = DIRECTION('',(1.,0.));
#2041 = ( GEOMETRIC_REPRESENTATION_CONTEXT(2) 
PARAMETRIC_REPRESENTATION_CONTEXT() REPRESENTATION_CONTEXT('2D SPACE',''
  ) );
#2042 = ORIENTED_EDGE('',*,*,#2043,.T.);
#2043 = EDGE_CURVE('',#2021,#2044,#2046,.T.);
#2044 = VERTEX_POINT('',#2045);
#2045 = CARTESIAN_POINT('',(72.4,-6.2,20.7));
#2046 = SURFACE_CURVE('',#2047,(#2051,#2058),.PCURVE_S1.);
#2047 = LINE('',#2048,#2049);
#2048 = CARTESIAN_POINT('',(70.8,-6.2,22.3));
#2049 = VECTOR('',#2050,1.);
#2050 = DIRECTION('',(0.707106781187,0.,-0.707106781187));
#2051 = PCURVE('',#774,#2052);
#2052 = DEFINITIONAL_REPRESENTATION('',(#2053),#2057);
#2053 = LINE('',#2054,#2055);
#2054 = CARTESIAN_POINT('',(2.262741699797,0.8));
#2055 = VECTOR('',#2056,1.);
#2056 = DIRECTION('',(-0.707106781187,0.707106781187));
#2057 = ( GEOMETRIC_REPRESENTATION_CONTEXT(2) 
PARAMETRIC_REPRESENTATION_CONTEXT() REPRESENTATION_CONTEXT('2D SPACE',''
  ) );
#2058 = PCURVE('',#1110,#2059);
#2059 = DEFINITIONAL_REPRESENTATION('',(#2060),#2064);
#2060 = LINE('',#2061,#2062);
#2061 = CARTESIAN_POINT('',(0.,-17.2));
#2062 = VECTOR('',#2063,1.);
#2063 = DIRECTION('',(1.,0.));
#2064 = ( GEOMETRIC_REPRESENTATION_CONTEXT(2) 
PARAMETRIC_REPRESENTATION_CONTEXT() REPRESENTATION_CONTEXT('2D SPACE',''
  ) );
#2065 = ORIENTED_EDGE('',*,*,#2066,.T.);
#2066 = EDGE_CURVE('',#2044,#1902,#2067,.T.);
#2067 = SURFACE_CURVE('',#2068,(#2072,#2079),.PCURVE_S1.);
#2068 = LINE('',#2069,#2070);
#2069 = CARTESIAN_POINT('',(72.4,-6.2,20.7));
#2070 = VECTOR('',#2071,1.);
#2071 = DIRECTION('',(-0.707106781187,0.,-0.707106781187));
#2072 = PCURVE('',#774,#2073);
#2073 = DEFINITIONAL_REPRESENTATION('',(#2074),#2078);
#2074 = LINE('',#2075,#2076);
#2075 = CARTESIAN_POINT('',(0.662741699797,2.4));
#2076 = VECTOR('',#2077,1.);
#2077 = DIRECTION('',(-0.707106781187,-0.707106781187));
#2078 = ( GEOMETRIC_REPRESENTATION_CONTEXT(2) 
PARAMETRIC_REPRESENTATION_CONTEXT() REPRESENTATION_CONTEXT('2D SPACE',''
  ) );
#2079 = PCURVE('',#1138,#2080);
#2080 = DEFINITIONAL_REPRESENTATION('',(#2081),#2085);
#2081 = LINE('',#2082,#2083);
#2082 = CARTESIAN_POINT('',(-0.,-17.2));
#2083 = VECTOR('',#2084,1.);
#2084 = DIRECTION('',(1.,0.));
#2085 = ( GEOMETRIC_REPRESENTATION_CONTEXT(2) 
PARAMETRIC_REPRESENTATION_CONTEXT() REPRESENTATION_CONTEXT('2D SPACE',''
  ) );
#2086 = ORIENTED_EDGE('',*,*,#1924,.T.);
#2087 = ADVANCED_FACE('',(#2088),#746,.T.);
#2088 = FACE_BOUND('',#2089,.T.);
#2089 = EDGE_LOOP('',(#2090,#2091,#2092,#2113));
#2090 = ORIENTED_EDGE('',*,*,#730,.T.);
#2091 = ORIENTED_EDGE('',*,*,#1951,.T.);
#2092 = ORIENTED_EDGE('',*,*,#2093,.F.);
#2093 = EDGE_CURVE('',#988,#1952,#2094,.T.);
#2094 = SURFACE_CURVE('',#2095,(#2099,#2106),.PCURVE_S1.);
#2095 = LINE('',#2096,#2097);
#2096 = CARTESIAN_POINT('',(69.2,11.,19.1));
#2097 = VECTOR('',#2098,1.);
#2098 = DIRECTION('',(0.,-1.,0.));
#2099 = PCURVE('',#746,#2100);
#2100 = DEFINITIONAL_REPRESENTATION('',(#2101),#2105);
#2101 = LINE('',#2102,#2103);
#2102 = CARTESIAN_POINT('',(1.6,0.));
#2103 = VECTOR('',#2104,1.);
#2104 = DIRECTION('',(0.,-1.));
#2105 = ( GEOMETRIC_REPRESENTATION_CONTEXT(2) 
PARAMETRIC_REPRESENTATION_CONTEXT() REPRESENTATION_CONTEXT('2D SPACE',''
  ) );
#2106 = PCURVE('',#1026,#2107);
#2107 = DEFINITIONAL_REPRESENTATION('',(#2108),#2112);
#2108 = LINE('',#2109,#2110);
#2109 = CARTESIAN_POINT('',(0.,0.));
#2110 = VECTOR('',#2111,1.);
#2111 = DIRECTION('',(0.,-1.));
#2112 = ( GEOMETRIC_REPRESENTATION_CONTEXT(2) 
PARAMETRIC_REPRESENTATION_CONTEXT() REPRESENTATION_CONTEXT('2D SPACE',''
  ) );
#2113 = ORIENTED_EDGE('',*,*,#987,.F.);
#2114 = ADVANCED_FACE('',(#2115),#649,.T.);
#2115 = FACE_BOUND('',#2116,.T.);
#2116 = EDGE_LOOP('',(#2117,#2118,#2119,#2141));
#2117 = ORIENTED_EDGE('',*,*,#960,.F.);
#2118 = ORIENTED_EDGE('',*,*,#634,.F.);
#2119 = ORIENTED_EDGE('',*,*,#2120,.T.);
#2120 = EDGE_CURVE('',#635,#661,#2121,.T.);
#2121 = SURFACE_CURVE('',#2122,(#2127,#2134),.PCURVE_S1.);
#2122 = CIRCLE('',#2123,3.);
#2123 = AXIS2_PLACEMENT_3D('',#2124,#2125,#2126);
#2124 = CARTESIAN_POINT('',(67.171236166328,11.4,16.1));
#2125 = DIRECTION('',(-0.,-1.,0.));
#2126 = DIRECTION('',(-0.884433277428,0.,0.466666666667));
#2127 = PCURVE('',#649,#2128);
#2128 = DEFINITIONAL_REPRESENTATION('',(#2129),#2133);
#2129 = LINE('',#2130,#2131);
#2130 = CARTESIAN_POINT('',(2.656074531294,-0.9));
#2131 = VECTOR('',#2132,1.);
#2132 = DIRECTION('',(1.,0.));
#2133 = ( GEOMETRIC_REPRESENTATION_CONTEXT(2) 
PARAMETRIC_REPRESENTATION_CONTEXT() REPRESENTATION_CONTEXT('2D SPACE',''
  ) );
#2134 = PCURVE('',#675,#2135);
#2135 = DEFINITIONAL_REPRESENTATION('',(#2136),#2140);
#2136 = CIRCLE('',#2137,3.);
#2137 = AXIS2_PLACEMENT_2D('',#2138,#2139);
#2138 = CARTESIAN_POINT('',(0.,0.));
#2139 = DIRECTION('',(-0.466666666667,-0.884433277428));
#2140 = ( GEOMETRIC_REPRESENTATION_CONTEXT(2) 
PARAMETRIC_REPRESENTATION_CONTEXT() REPRESENTATION_CONTEXT('2D SPACE',''
  ) );
#2141 = ORIENTED_EDGE('',*,*,#686,.T.);
#2142 = ADVANCED_FACE('',(#2143,#2147),#675,.F.);
#2143 = FACE_BOUND('',#2144,.F.);
#2144 = EDGE_LOOP('',(#2145,#2146));
#2145 = ORIENTED_EDGE('',*,*,#2120,.T.);
#2146 = ORIENTED_EDGE('',*,*,#660,.F.);
#2147 = FACE_BOUND('',#2148,.F.);
#2148 = EDGE_LOOP('',(#2149));
#2149 = ORIENTED_EDGE('',*,*,#2150,.T.);
#2150 = EDGE_CURVE('',#2151,#2151,#2153,.T.);
#2151 = VERTEX_POINT('',#2152);
#2152 = CARTESIAN_POINT('',(68.271236166328,11.4,16.1));
#2153 = SURFACE_CURVE('',#2154,(#2159,#2170),.PCURVE_S1.);
#2154 = CIRCLE('',#2155,1.1);
#2155 = AXIS2_PLACEMENT_3D('',#2156,#2157,#2158);
#2156 = CARTESIAN_POINT('',(67.171236166328,11.4,16.1));
#2157 = DIRECTION('',(0.,1.,-1.110223024625E-16));
#2158 = DIRECTION('',(1.,0.,0.));
#2159 = PCURVE('',#675,#2160);
#2160 = DEFINITIONAL_REPRESENTATION('',(#2161),#2169);
#2161 = ( BOUNDED_CURVE() B_SPLINE_CURVE(2,(#2162,#2163,#2164,#2165,
#2166,#2167,#2168),.UNSPECIFIED.,.T.,.F.) B_SPLINE_CURVE_WITH_KNOTS((1,2
    ,2,2,2,1),(-2.094395102393,0.,2.094395102393,4.188790204786,
6.28318530718,8.377580409573),.UNSPECIFIED.) CURVE() 
GEOMETRIC_REPRESENTATION_ITEM() RATIONAL_B_SPLINE_CURVE((1.,0.5,1.,0.5,
1.,0.5,1.)) REPRESENTATION_ITEM('') );
#2162 = CARTESIAN_POINT('',(0.,1.1));
#2163 = CARTESIAN_POINT('',(1.905255888326,1.1));
#2164 = CARTESIAN_POINT('',(0.952627944163,-0.55));
#2165 = CARTESIAN_POINT('',(2.694222958124E-16,-2.2));
#2166 = CARTESIAN_POINT('',(-0.952627944163,-0.55));
#2167 = CARTESIAN_POINT('',(-1.905255888326,1.1));
#2168 = CARTESIAN_POINT('',(0.,1.1));
#2169 = ( GEOMETRIC_REPRESENTATION_CONTEXT(2) 
PARAMETRIC_REPRESENTATION_CONTEXT() REPRESENTATION_CONTEXT('2D SPACE',''
  ) );
#2170 = PCURVE('',#2171,#2176);
#2171 = CYLINDRICAL_SURFACE('',#2172,1.1);
#2172 = AXIS2_PLACEMENT_3D('',#2173,#2174,#2175);
#2173 = CARTESIAN_POINT('',(67.171236166328,22.65,16.1));
#2174 = DIRECTION('',(-0.,1.,-1.110223024625E-16));
#2175 = DIRECTION('',(1.,0.,0.));
#2176 = DEFINITIONAL_REPRESENTATION('',(#2177),#2181);
#2177 = LINE('',#2178,#2179);
#2178 = CARTESIAN_POINT('',(-6.28318530718,-11.25));
#2179 = VECTOR('',#2180,1.);
#2180 = DIRECTION('',(1.,-0.));
#2181 = ( GEOMETRIC_REPRESENTATION_CONTEXT(2) 
PARAMETRIC_REPRESENTATION_CONTEXT() REPRESENTATION_CONTEXT('2D SPACE',''
  ) );
#2182 = ADVANCED_FACE('',(#2183),#922,.F.);
#2183 = FACE_BOUND('',#2184,.F.);
#2184 = EDGE_LOOP('',(#2185,#2206,#2207,#2208));
#2185 = ORIENTED_EDGE('',*,*,#2186,.F.);
#2186 = EDGE_CURVE('',#1430,#906,#2187,.T.);
#2187 = SEAM_CURVE('',#2188,(#2192,#2199),.PCURVE_S1.);
#2188 = LINE('',#2189,#2190);
#2189 = CARTESIAN_POINT('',(64.8,0.,4.9));
#2190 = VECTOR('',#2191,1.);
#2191 = DIRECTION('',(-0.,-0.,1.));
#2192 = PCURVE('',#922,#2193);
#2193 = DEFINITIONAL_REPRESENTATION('',(#2194),#2198);
#2194 = LINE('',#2195,#2196);
#2195 = CARTESIAN_POINT('',(6.28318530718,0.));
#2196 = VECTOR('',#2197,1.);
#2197 = DIRECTION('',(0.,-1.));
#2198 = ( GEOMETRIC_REPRESENTATION_CONTEXT(2) 
PARAMETRIC_REPRESENTATION_CONTEXT() REPRESENTATION_CONTEXT('2D SPACE',''
  ) );
#2199 = PCURVE('',#922,#2200);
#2200 = DEFINITIONAL_REPRESENTATION('',(#2201),#2205);
#2201 = LINE('',#2202,#2203);
#2202 = CARTESIAN_POINT('',(0.,0.));
#2203 = VECTOR('',#2204,1.);
#2204 = DIRECTION('',(0.,-1.));
#2205 = ( GEOMETRIC_REPRESENTATION_CONTEXT(2) 
PARAMETRIC_REPRESENTATION_CONTEXT() REPRESENTATION_CONTEXT('2D SPACE',''
  ) );
#2206 = ORIENTED_EDGE('',*,*,#1429,.F.);
#2207 = ORIENTED_EDGE('',*,*,#2186,.T.);
#2208 = ORIENTED_EDGE('',*,*,#905,.T.);
#2209 = ADVANCED_FACE('',(#2210),#1262,.T.);
#2210 = FACE_BOUND('',#2211,.T.);
#2211 = EDGE_LOOP('',(#2212,#2213,#2234,#2235));
#2212 = ORIENTED_EDGE('',*,*,#1247,.F.);
#2213 = ORIENTED_EDGE('',*,*,#2214,.T.);
#2214 = EDGE_CURVE('',#1222,#1768,#2215,.T.);
#2215 = SURFACE_CURVE('',#2216,(#2220,#2227),.PCURVE_S1.);
#2216 = LINE('',#2217,#2218);
#2217 = CARTESIAN_POINT('',(69.137867965644,14.747665940289,
    -1.464466094067));
#2218 = VECTOR('',#2219,1.);
#2219 = DIRECTION('',(0.,-0.707106781187,0.707106781187));
#2220 = PCURVE('',#1262,#2221);
#2221 = DEFINITIONAL_REPRESENTATION('',(#2222),#2226);
#2222 = LINE('',#2223,#2224);
#2223 = CARTESIAN_POINT('',(-0.,0.));
#2224 = VECTOR('',#2225,1.);
#2225 = DIRECTION('',(0.,-1.));
#2226 = ( GEOMETRIC_REPRESENTATION_CONTEXT(2) 
PARAMETRIC_REPRESENTATION_CONTEXT() REPRESENTATION_CONTEXT('2D SPACE',''
  ) );
#2227 = PCURVE('',#1236,#2228);
#2228 = DEFINITIONAL_REPRESENTATION('',(#2229),#2233);
#2229 = LINE('',#2230,#2231);
#2230 = CARTESIAN_POINT('',(1.724264068712,0.));
#2231 = VECTOR('',#2232,1.);
#2232 = DIRECTION('',(0.,-1.));
#2233 = ( GEOMETRIC_REPRESENTATION_CONTEXT(2) 
PARAMETRIC_REPRESENTATION_CONTEXT() REPRESENTATION_CONTEXT('2D SPACE',''
  ) );
#2234 = ORIENTED_EDGE('',*,*,#1790,.T.);
#2235 = ORIENTED_EDGE('',*,*,#1672,.F.);
#2236 = ADVANCED_FACE('',(#2237),#1236,.T.);
#2237 = FACE_BOUND('',#2238,.T.);
#2238 = EDGE_LOOP('',(#2239,#2240,#2261,#2262));
#2239 = ORIENTED_EDGE('',*,*,#1221,.F.);
#2240 = ORIENTED_EDGE('',*,*,#2241,.T.);
#2241 = EDGE_CURVE('',#1196,#1745,#2242,.T.);
#2242 = SURFACE_CURVE('',#2243,(#2247,#2254),.PCURVE_S1.);
#2243 = LINE('',#2244,#2245);
#2244 = CARTESIAN_POINT('',(70.862132034356,14.747665940289,
    -1.464466094067));
#2245 = VECTOR('',#2246,1.);
#2246 = DIRECTION('',(0.,-0.707106781187,0.707106781187));
#2247 = PCURVE('',#1236,#2248);
#2248 = DEFINITIONAL_REPRESENTATION('',(#2249),#2253);
#2249 = LINE('',#2250,#2251);
#2250 = CARTESIAN_POINT('',(0.,0.));
#2251 = VECTOR('',#2252,1.);
#2252 = DIRECTION('',(0.,-1.));
#2253 = ( GEOMETRIC_REPRESENTATION_CONTEXT(2) 
PARAMETRIC_REPRESENTATION_CONTEXT() REPRESENTATION_CONTEXT('2D SPACE',''
  ) );
#2254 = PCURVE('',#1210,#2255);
#2255 = DEFINITIONAL_REPRESENTATION('',(#2256),#2260);
#2256 = LINE('',#2257,#2258);
#2257 = CARTESIAN_POINT('',(3.323401871577,-6.661338147751E-16));
#2258 = VECTOR('',#2259,1.);
#2259 = DIRECTION('',(0.,-1.));
#2260 = ( GEOMETRIC_REPRESENTATION_CONTEXT(2) 
PARAMETRIC_REPRESENTATION_CONTEXT() REPRESENTATION_CONTEXT('2D SPACE',''
  ) );
#2261 = ORIENTED_EDGE('',*,*,#1767,.T.);
#2262 = ORIENTED_EDGE('',*,*,#2214,.F.);
#2263 = ADVANCED_FACE('',(#2264),#1210,.T.);
#2264 = FACE_BOUND('',#2265,.T.);
#2265 = EDGE_LOOP('',(#2266,#2267,#2268,#2269));
#2266 = ORIENTED_EDGE('',*,*,#1195,.F.);
#2267 = ORIENTED_EDGE('',*,*,#1817,.T.);
#2268 = ORIENTED_EDGE('',*,*,#1744,.T.);
#2269 = ORIENTED_EDGE('',*,*,#2241,.F.);
#2270 = ADVANCED_FACE('',(#2271),#1138,.T.);
#2271 = FACE_BOUND('',#2272,.T.);
#2272 = EDGE_LOOP('',(#2273,#2294,#2295,#2296));
#2273 = ORIENTED_EDGE('',*,*,#2274,.T.);
#2274 = EDGE_CURVE('',#1095,#2044,#2275,.T.);
#2275 = SURFACE_CURVE('',#2276,(#2280,#2287),.PCURVE_S1.);
#2276 = LINE('',#2277,#2278);
#2277 = CARTESIAN_POINT('',(72.4,11.,20.7));
#2278 = VECTOR('',#2279,1.);
#2279 = DIRECTION('',(0.,-1.,0.));
#2280 = PCURVE('',#1138,#2281);
#2281 = DEFINITIONAL_REPRESENTATION('',(#2282),#2286);
#2282 = LINE('',#2283,#2284);
#2283 = CARTESIAN_POINT('',(0.,0.));
#2284 = VECTOR('',#2285,1.);
#2285 = DIRECTION('',(-0.,-1.));
#2286 = ( GEOMETRIC_REPRESENTATION_CONTEXT(2) 
PARAMETRIC_REPRESENTATION_CONTEXT() REPRESENTATION_CONTEXT('2D SPACE',''
  ) );
#2287 = PCURVE('',#1110,#2288);
#2288 = DEFINITIONAL_REPRESENTATION('',(#2289),#2293);
#2289 = LINE('',#2290,#2291);
#2290 = CARTESIAN_POINT('',(2.262741699797,0.));
#2291 = VECTOR('',#2292,1.);
#2292 = DIRECTION('',(0.,-1.));
#2293 = ( GEOMETRIC_REPRESENTATION_CONTEXT(2) 
PARAMETRIC_REPRESENTATION_CONTEXT() REPRESENTATION_CONTEXT('2D SPACE',''
  ) );
#2294 = ORIENTED_EDGE('',*,*,#2066,.T.);
#2295 = ORIENTED_EDGE('',*,*,#1901,.F.);
#2296 = ORIENTED_EDGE('',*,*,#1122,.F.);
#2297 = ADVANCED_FACE('',(#2298),#1110,.T.);
#2298 = FACE_BOUND('',#2299,.T.);
#2299 = EDGE_LOOP('',(#2300,#2321,#2322,#2323));
#2300 = ORIENTED_EDGE('',*,*,#2301,.T.);
#2301 = EDGE_CURVE('',#1067,#2021,#2302,.T.);
#2302 = SURFACE_CURVE('',#2303,(#2307,#2314),.PCURVE_S1.);
#2303 = LINE('',#2304,#2305);
#2304 = CARTESIAN_POINT('',(70.8,11.,22.3));
#2305 = VECTOR('',#2306,1.);
#2306 = DIRECTION('',(0.,-1.,0.));
#2307 = PCURVE('',#1110,#2308);
#2308 = DEFINITIONAL_REPRESENTATION('',(#2309),#2313);
#2309 = LINE('',#2310,#2311);
#2310 = CARTESIAN_POINT('',(0.,0.));
#2311 = VECTOR('',#2312,1.);
#2312 = DIRECTION('',(0.,-1.));
#2313 = ( GEOMETRIC_REPRESENTATION_CONTEXT(2) 
PARAMETRIC_REPRESENTATION_CONTEXT() REPRESENTATION_CONTEXT('2D SPACE',''
  ) );
#2314 = PCURVE('',#1082,#2315);
#2315 = DEFINITIONAL_REPRESENTATION('',(#2316),#2320);
#2316 = LINE('',#2317,#2318);
#2317 = CARTESIAN_POINT('',(1.6,0.));
#2318 = VECTOR('',#2319,1.);
#2319 = DIRECTION('',(0.,-1.));
#2320 = ( GEOMETRIC_REPRESENTATION_CONTEXT(2) 
PARAMETRIC_REPRESENTATION_CONTEXT() REPRESENTATION_CONTEXT('2D SPACE',''
  ) );
#2321 = ORIENTED_EDGE('',*,*,#2043,.T.);
#2322 = ORIENTED_EDGE('',*,*,#2274,.F.);
#2323 = ORIENTED_EDGE('',*,*,#1094,.F.);
#2324 = ADVANCED_FACE('',(#2325),#1082,.T.);
#2325 = FACE_BOUND('',#2326,.T.);
#2326 = EDGE_LOOP('',(#2327,#2348,#2349,#2350));
#2327 = ORIENTED_EDGE('',*,*,#2328,.T.);
#2328 = EDGE_CURVE('',#1039,#1998,#2329,.T.);
#2329 = SURFACE_CURVE('',#2330,(#2334,#2341),.PCURVE_S1.);
#2330 = LINE('',#2331,#2332);
#2331 = CARTESIAN_POINT('',(69.2,11.,22.3));
#2332 = VECTOR('',#2333,1.);
#2333 = DIRECTION('',(0.,-1.,0.));
#2334 = PCURVE('',#1082,#2335);
#2335 = DEFINITIONAL_REPRESENTATION('',(#2336),#2340);
#2336 = LINE('',#2337,#2338);
#2337 = CARTESIAN_POINT('',(0.,0.));
#2338 = VECTOR('',#2339,1.);
#2339 = DIRECTION('',(0.,-1.));
#2340 = ( GEOMETRIC_REPRESENTATION_CONTEXT(2) 
PARAMETRIC_REPRESENTATION_CONTEXT() REPRESENTATION_CONTEXT('2D SPACE',''
  ) );
#2341 = PCURVE('',#1054,#2342);
#2342 = DEFINITIONAL_REPRESENTATION('',(#2343),#2347);
#2343 = LINE('',#2344,#2345);
#2344 = CARTESIAN_POINT('',(2.262741699797,0.));
#2345 = VECTOR('',#2346,1.);
#2346 = DIRECTION('',(0.,-1.));
#2347 = ( GEOMETRIC_REPRESENTATION_CONTEXT(2) 
PARAMETRIC_REPRESENTATION_CONTEXT() REPRESENTATION_CONTEXT('2D SPACE',''
  ) );
#2348 = ORIENTED_EDGE('',*,*,#2020,.T.);
#2349 = ORIENTED_EDGE('',*,*,#2301,.F.);
#2350 = ORIENTED_EDGE('',*,*,#1066,.F.);
#2351 = ADVANCED_FACE('',(#2352),#1054,.T.);
#2352 = FACE_BOUND('',#2353,.T.);
#2353 = EDGE_LOOP('',(#2354,#2375,#2376,#2377));
#2354 = ORIENTED_EDGE('',*,*,#2355,.T.);
#2355 = EDGE_CURVE('',#1011,#1975,#2356,.T.);
#2356 = SURFACE_CURVE('',#2357,(#2361,#2368),.PCURVE_S1.);
#2357 = LINE('',#2358,#2359);
#2358 = CARTESIAN_POINT('',(67.6,11.,20.7));
#2359 = VECTOR('',#2360,1.);
#2360 = DIRECTION('',(0.,-1.,0.));
#2361 = PCURVE('',#1054,#2362);
#2362 = DEFINITIONAL_REPRESENTATION('',(#2363),#2367);
#2363 = LINE('',#2364,#2365);
#2364 = CARTESIAN_POINT('',(0.,0.));
#2365 = VECTOR('',#2366,1.);
#2366 = DIRECTION('',(0.,-1.));
#2367 = ( GEOMETRIC_REPRESENTATION_CONTEXT(2) 
PARAMETRIC_REPRESENTATION_CONTEXT() REPRESENTATION_CONTEXT('2D SPACE',''
  ) );
#2368 = PCURVE('',#1026,#2369);
#2369 = DEFINITIONAL_REPRESENTATION('',(#2370),#2374);
#2370 = LINE('',#2371,#2372);
#2371 = CARTESIAN_POINT('',(2.262741699797,0.));
#2372 = VECTOR('',#2373,1.);
#2373 = DIRECTION('',(0.,-1.));
#2374 = ( GEOMETRIC_REPRESENTATION_CONTEXT(2) 
PARAMETRIC_REPRESENTATION_CONTEXT() REPRESENTATION_CONTEXT('2D SPACE',''
  ) );
#2375 = ORIENTED_EDGE('',*,*,#1997,.T.);
#2376 = ORIENTED_EDGE('',*,*,#2328,.F.);
#2377 = ORIENTED_EDGE('',*,*,#1038,.F.);
#2378 = ADVANCED_FACE('',(#2379),#1026,.T.);
#2379 = FACE_BOUND('',#2380,.T.);
#2380 = EDGE_LOOP('',(#2381,#2382,#2383,#2384));
#2381 = ORIENTED_EDGE('',*,*,#2093,.T.);
#2382 = ORIENTED_EDGE('',*,*,#1974,.T.);
#2383 = ORIENTED_EDGE('',*,*,#2355,.F.);
#2384 = ORIENTED_EDGE('',*,*,#1010,.F.);
#2385 = ADVANCED_FACE('',(#2386,#2440,#2683),#1315,.T.);
#2386 = FACE_BOUND('',#2387,.F.);
#2387 = EDGE_LOOP('',(#2388,#2411,#2412,#2413));
#2388 = ORIENTED_EDGE('',*,*,#2389,.F.);
#2389 = EDGE_CURVE('',#1295,#2390,#2392,.T.);
#2390 = VERTEX_POINT('',#2391);
#2391 = CARTESIAN_POINT('',(74.311132965254,13.3,13.004606503788));
#2392 = SEAM_CURVE('',#2393,(#2397,#2404),.PCURVE_S1.);
#2393 = LINE('',#2394,#2395);
#2394 = CARTESIAN_POINT('',(74.311132965254,9.4,13.004606503788));
#2395 = VECTOR('',#2396,1.);
#2396 = DIRECTION('',(0.,1.,1.110223024625E-16));
#2397 = PCURVE('',#1315,#2398);
#2398 = DEFINITIONAL_REPRESENTATION('',(#2399),#2403);
#2399 = LINE('',#2400,#2401);
#2400 = CARTESIAN_POINT('',(-6.28318530718,0.));
#2401 = VECTOR('',#2402,1.);
#2402 = DIRECTION('',(-0.,-1.));
#2403 = ( GEOMETRIC_REPRESENTATION_CONTEXT(2) 
PARAMETRIC_REPRESENTATION_CONTEXT() REPRESENTATION_CONTEXT('2D SPACE',''
  ) );
#2404 = PCURVE('',#1315,#2405);
#2405 = DEFINITIONAL_REPRESENTATION('',(#2406),#2410);
#2406 = LINE('',#2407,#2408);
#2407 = CARTESIAN_POINT('',(-0.,0.));
#2408 = VECTOR('',#2409,1.);
#2409 = DIRECTION('',(-0.,-1.));
#2410 = ( GEOMETRIC_REPRESENTATION_CONTEXT(2) 
PARAMETRIC_REPRESENTATION_CONTEXT() REPRESENTATION_CONTEXT('2D SPACE',''
  ) );
#2411 = ORIENTED_EDGE('',*,*,#1294,.T.);
#2412 = ORIENTED_EDGE('',*,*,#2389,.T.);
#2413 = ORIENTED_EDGE('',*,*,#2414,.T.);
#2414 = EDGE_CURVE('',#2390,#2390,#2415,.T.);
#2415 = SURFACE_CURVE('',#2416,(#2421,#2428),.PCURVE_S1.);
#2416 = CIRCLE('',#2417,2.);
#2417 = AXIS2_PLACEMENT_3D('',#2418,#2419,#2420);
#2418 = CARTESIAN_POINT('',(72.311132965254,13.3,13.004606503788));
#2419 = DIRECTION('',(-0.,1.,1.110223024625E-16));
#2420 = DIRECTION('',(1.,0.,0.));
#2421 = PCURVE('',#1315,#2422);
#2422 = DEFINITIONAL_REPRESENTATION('',(#2423),#2427);
#2423 = LINE('',#2424,#2425);
#2424 = CARTESIAN_POINT('',(-0.,-3.9));
#2425 = VECTOR('',#2426,1.);
#2426 = DIRECTION('',(-1.,0.));
#2427 = ( GEOMETRIC_REPRESENTATION_CONTEXT(2) 
PARAMETRIC_REPRESENTATION_CONTEXT() REPRESENTATION_CONTEXT('2D SPACE',''
  ) );
#2428 = PCURVE('',#2429,#2434);
#2429 = PLANE('',#2430);
#2430 = AXIS2_PLACEMENT_3D('',#2431,#2432,#2433);
#2431 = CARTESIAN_POINT('',(72.311132965254,13.3,13.004606503788));
#2432 = DIRECTION('',(0.,1.,1.110223024625E-16));
#2433 = DIRECTION('',(1.,0.,0.));
#2434 = DEFINITIONAL_REPRESENTATION('',(#2435),#2439);
#2435 = CIRCLE('',#2436,2.);
#2436 = AXIS2_PLACEMENT_2D('',#2437,#2438);
#2437 = CARTESIAN_POINT('',(0.,0.));
#2438 = DIRECTION('',(1.,0.));
#2439 = ( GEOMETRIC_REPRESENTATION_CONTEXT(2) 
PARAMETRIC_REPRESENTATION_CONTEXT() REPRESENTATION_CONTEXT('2D SPACE',''
  ) );
#2440 = FACE_BOUND('',#2441,.F.);
#2441 = EDGE_LOOP('',(#2442));
#2442 = ORIENTED_EDGE('',*,*,#2443,.F.);
#2443 = EDGE_CURVE('',#2444,#2444,#2446,.T.);
#2444 = VERTEX_POINT('',#2445);
#2445 = CARTESIAN_POINT('',(70.53299005574,12.15,13.920143391818));
#2446 = SURFACE_CURVE('',#2447,(#2522,#2600),.PCURVE_S1.);
#2447 = B_SPLINE_CURVE_WITH_KNOTS('',5,(#2448,#2449,#2450,#2451,#2452,
    #2453,#2454,#2455,#2456,#2457,#2458,#2459,#2460,#2461,#2462,#2463,
    #2464,#2465,#2466,#2467,#2468,#2469,#2470,#2471,#2472,#2473,#2474,
    #2475,#2476,#2477,#2478,#2479,#2480,#2481,#2482,#2483,#2484,#2485,
    #2486,#2487,#2488,#2489,#2490,#2491,#2492,#2493,#2494,#2495,#2496,
    #2497,#2498,#2499,#2500,#2501,#2502,#2503,#2504,#2505,#2506,#2507,
    #2508,#2509,#2510,#2511,#2512,#2513,#2514,#2515,#2516,#2517,#2518,
    #2519,#2520,#2521),.UNSPECIFIED.,.T.,.F.,(6,4,4,4,4,4,4,4,4,4,4,4,4,
    4,4,4,4,4,6),(0.,6.472449502211E-02,0.141211419426,0.172316671628,
    0.199603692141,0.248968698904,0.300835334057,0.356892718397,
    0.434500543849,0.499444137227,0.564571068431,0.641121371159,
    0.672252397685,0.699562028672,0.748967940092,0.800877552792,
    0.856981387203,0.934653519776,1.),.UNSPECIFIED.);
#2448 = CARTESIAN_POINT('',(70.53299005574,12.15,13.920143391818));
#2449 = CARTESIAN_POINT('',(70.53299005574,12.208256114439,
    13.920143391818));
#2450 = CARTESIAN_POINT('',(70.535783538458,12.266490153899,
    13.925567790444));
#2451 = CARTESIAN_POINT('',(70.541363825127,12.324076554979,
    13.936410467608));
#2452 = CARTESIAN_POINT('',(70.549836682209,12.380371755109,
    13.952446464083));
#2453 = CARTESIAN_POINT('',(70.574957243021,12.498925728969,
    13.997825078982));
#2454 = CARTESIAN_POINT('',(70.592816814004,12.560438226327,
    14.029067975872));
#2455 = CARTESIAN_POINT('',(70.615195522485,12.618242494108,
    14.066315584478));
#2456 = CARTESIAN_POINT('',(70.642490686078,12.671281042029,
    14.108609021638));
#2457 = CARTESIAN_POINT('',(70.688171848207,12.737578789818,
    14.173590916847));
#2458 = CARTESIAN_POINT('',(70.702234877307,12.755768757187,
    14.193022976647));
#2459 = CARTESIAN_POINT('',(70.717166275569,12.772896288557,
    14.213014195602));
#2460 = CARTESIAN_POINT('',(70.732970961594,12.788879307255,
    14.233474652109));
#2461 = CARTESIAN_POINT('',(70.764275755418,12.816587223274,
    14.272589501868));
#2462 = CARTESIAN_POINT('',(70.779575178676,12.828594132737,
    14.291157847042));
#2463 = CARTESIAN_POINT('',(70.795535278846,12.839599432984,
    14.309942422958));
#2464 = CARTESIAN_POINT('',(70.812139026377,12.849549662142,
    14.328870365636));
#2465 = CARTESIAN_POINT('',(70.860520711927,12.874406553013,
    14.38224082827));
#2466 = CARTESIAN_POINT('',(70.893725424634,12.886819323813,
    14.416866917957));
#2467 = CARTESIAN_POINT('',(70.928751149802,12.895307952826,
    14.451227164784));
#2468 = CARTESIAN_POINT('',(70.965259667829,12.899702997513,
    14.48484005593));
#2469 = CARTESIAN_POINT('',(71.042287693508,12.900286784431,
    14.551459527493));
#2470 = CARTESIAN_POINT('',(71.082862118972,12.896047952524,
    14.584301928462));
#2471 = CARTESIAN_POINT('',(71.124043175587,12.887277458411,
    14.615417909361));
#2472 = CARTESIAN_POINT('',(71.165218966199,12.874168093829,
    14.644498762906));
#2473 = CARTESIAN_POINT('',(71.249560090492,12.838668428288,
    14.700432629811));
#2474 = CARTESIAN_POINT('',(71.292605477233,12.815618865437,
    14.726907613831));
#2475 = CARTESIAN_POINT('',(71.334296975716,12.78836596453,
    14.750736493025));
#2476 = CARTESIAN_POINT('',(71.374036470504,12.757384131045,
    14.771974826795));
#2477 = CARTESIAN_POINT('',(71.462879646206,12.675941790343,
    14.816733018183));
#2478 = CARTESIAN_POINT('',(71.509777071495,12.622510476038,
    14.83802428129));
#2479 = CARTESIAN_POINT('',(71.550841626924,12.564127220893,
    14.855062325438));
#2480 = CARTESIAN_POINT('',(71.585138324155,12.50189618239,
    14.868407810066));
#2481 = CARTESIAN_POINT('',(71.634524572831,12.382451933118,
    14.886833315354));
#2482 = CARTESIAN_POINT('',(71.651844810319,12.32605445931,14.8929101044
    ));
#2483 = CARTESIAN_POINT('',(71.66357703295,12.268345666823,
    14.896882966678));
#2484 = CARTESIAN_POINT('',(71.669510307086,12.20997383115,
    14.898892749817));
#2485 = CARTESIAN_POINT('',(71.669760306225,12.092998923952,
    14.898977409846));
#2486 = CARTESIAN_POINT('',(71.664044098921,12.034440693861,
    14.897041122529));
#2487 = CARTESIAN_POINT('',(71.65249136317,11.976529962558,
    14.893133378167));
#2488 = CARTESIAN_POINT('',(71.635311162178,11.919920840994,
    14.887114453436));
#2489 = CARTESIAN_POINT('',(71.586586899247,11.801074271031,
    14.868962230257));
#2490 = CARTESIAN_POINT('',(71.553039396118,11.739561773674,
    14.855937334263));
#2491 = CARTESIAN_POINT('',(71.512882977995,11.681757505892,
    14.839334532583));
#2492 = CARTESIAN_POINT('',(71.467006941173,11.628718957971,
    14.818618596015));
#2493 = CARTESIAN_POINT('',(71.395964973017,11.562421210182,
    14.783087566776));
#2494 = CARTESIAN_POINT('',(71.374660965837,11.544231242813,
    14.772064272639));
#2495 = CARTESIAN_POINT('',(71.352675113811,11.527103711443,
    14.760265213352));
#2496 = CARTESIAN_POINT('',(71.330095612697,11.511120692746,
    14.747672179155));
#2497 = CARTESIAN_POINT('',(71.286767875824,11.483412776726,
    14.722519270666));
#2498 = CARTESIAN_POINT('',(71.266134519598,11.471405867263,
    14.710145087647));
#2499 = CARTESIAN_POINT('',(71.245189273564,11.460400567016,
    14.697149636198));
#2500 = CARTESIAN_POINT('',(71.224006722183,11.450450337858,
    14.68353894323));
#2501 = CARTESIAN_POINT('',(71.164046797851,11.425593446987,
    14.643613997988));
#2502 = CARTESIAN_POINT('',(71.1248761347,11.413180676187,
    14.615916016451));
#2503 = CARTESIAN_POINT('',(71.085698106396,11.404692047174,
    14.586377734784));
#2504 = CARTESIAN_POINT('',(71.047039089704,11.400297002487,
    14.555262163632));
#2505 = CARTESIAN_POINT('',(70.96972536502,11.399713215569,
    14.488974467136));
#2506 = CARTESIAN_POINT('',(70.931224867663,11.403952047476,
    14.453723665636));
#2507 = CARTESIAN_POINT('',(70.894341638199,11.412722541589,
    14.417616726199));
#2508 = CARTESIAN_POINT('',(70.859471779226,11.425831906171,
    14.381212952896));
#2509 = CARTESIAN_POINT('',(70.79163995262,11.461331571712,
    14.306107253957));
#2510 = CARTESIAN_POINT('',(70.759069629582,11.484381134563,
    14.267467842008));
#2511 = CARTESIAN_POINT('',(70.729317042646,11.51163403547,
    14.229774605214));
#2512 = CARTESIAN_POINT('',(70.702416016464,11.542615868955,
    14.193627280863));
#2513 = CARTESIAN_POINT('',(70.644967930387,11.624058209657,
    14.112410761784));
#2514 = CARTESIAN_POINT('',(70.616952223394,11.677489523961,
    14.069192634278));
#2515 = CARTESIAN_POINT('',(70.594008312261,11.735872779107,
    14.031111541819));
#2516 = CARTESIAN_POINT('',(70.575720512114,11.79810381761,
    13.999175327787));
#2517 = CARTESIAN_POINT('',(70.550106932629,11.917840314437,
    13.952957815384));
#2518 = CARTESIAN_POINT('',(70.541497279746,11.974551604479,
    13.936669830504));
#2519 = CARTESIAN_POINT('',(70.535828119109,12.03258479756,
    13.925654325668));
#2520 = CARTESIAN_POINT('',(70.53299005574,12.091280994619,
    13.920143391818));
#2521 = CARTESIAN_POINT('',(70.53299005574,12.15,13.920143391818));
#2522 = PCURVE('',#1315,#2523);
#2523 = DEFINITIONAL_REPRESENTATION('',(#2524),#2599);
#2524 = B_SPLINE_CURVE_WITH_KNOTS('',5,(#2525,#2526,#2527,#2528,#2529,
    #2530,#2531,#2532,#2533,#2534,#2535,#2536,#2537,#2538,#2539,#2540,
    #2541,#2542,#2543,#2544,#2545,#2546,#2547,#2548,#2549,#2550,#2551,
    #2552,#2553,#2554,#2555,#2556,#2557,#2558,#2559,#2560,#2561,#2562,
    #2563,#2564,#2565,#2566,#2567,#2568,#2569,#2570,#2571,#2572,#2573,
    #2574,#2575,#2576,#2577,#2578,#2579,#2580,#2581,#2582,#2583,#2584,
    #2585,#2586,#2587,#2588,#2589,#2590,#2591,#2592,#2593,#2594,#2595,
    #2596,#2597,#2598),.UNSPECIFIED.,.T.,.F.,(6,4,4,4,4,4,4,4,4,4,4,4,4,
    4,4,4,4,4,6),(0.,6.472449502211E-02,0.141211419426,0.172316671628,
    0.199603692141,0.248968698904,0.300835334057,0.356892718397,
    0.434500543849,0.499444137227,0.564571068431,0.641121371159,
    0.672252397685,0.699562028672,0.748967940092,0.800877552792,
    0.856981387203,0.934653519776,1.),.UNSPECIFIED.);
#2525 = CARTESIAN_POINT('',(-3.61707624051,-2.75));
#2526 = CARTESIAN_POINT('',(-3.61707624051,-2.808256114439));
#2527 = CARTESIAN_POINT('',(-3.620126880483,-2.866490153899));
#2528 = CARTESIAN_POINT('',(-3.626224458325,-2.924076554979));
#2529 = CARTESIAN_POINT('',(-3.635291197956,-2.980371755109));
#2530 = CARTESIAN_POINT('',(-3.661225062234,-3.098925728969));
#2531 = CARTESIAN_POINT('',(-3.679217104922,-3.160438226327));
#2532 = CARTESIAN_POINT('',(-3.700935501442,-3.218242494108));
#2533 = CARTESIAN_POINT('',(-3.726083857709,-3.271281042029));
#2534 = CARTESIAN_POINT('',(-3.765799771642,-3.337578789818));
#2535 = CARTESIAN_POINT('',(-3.77779211809,-3.355768757187));
#2536 = CARTESIAN_POINT('',(-3.790266024248,-3.372896288557));
#2537 = CARTESIAN_POINT('',(-3.803191005553,-3.388879307255));
#2538 = CARTESIAN_POINT('',(-3.828240763975,-3.416587223274));
#2539 = CARTESIAN_POINT('',(-3.840269240001,-3.428594132737));
#2540 = CARTESIAN_POINT('',(-3.852591927577,-3.439599432984));
#2541 = CARTESIAN_POINT('',(-3.865179429608,-3.449549662142));
#2542 = CARTESIAN_POINT('',(-3.901197459046,-3.474406553013));
#2543 = CARTESIAN_POINT('',(-3.925175137044,-3.486819323813));
#2544 = CARTESIAN_POINT('',(-3.94969168337,-3.495307952826));
#2545 = CARTESIAN_POINT('',(-3.974492468708,-3.499702997513));
#2546 = CARTESIAN_POINT('',(-4.02541267769,-3.500286784431));
#2547 = CARTESIAN_POINT('',(-4.051499085823,-3.496047952524));
#2548 = CARTESIAN_POINT('',(-4.077287474941,-3.487277458411));
#2549 = CARTESIAN_POINT('',(-4.102481547217,-3.474168093829));
#2550 = CARTESIAN_POINT('',(-4.153082986707,-3.438668428288));
#2551 = CARTESIAN_POINT('',(-4.178335853358,-3.415618865437));
#2552 = CARTESIAN_POINT('',(-4.202331643992,-3.38836596453));
#2553 = CARTESIAN_POINT('',(-4.224854549638,-3.357384131045));
#2554 = CARTESIAN_POINT('',(-4.274594889316,-3.275941790343));
#2555 = CARTESIAN_POINT('',(-4.300325727345,-3.222510476038));
#2556 = CARTESIAN_POINT('',(-4.322546303227,-3.164127220893));
#2557 = CARTESIAN_POINT('',(-4.34094547269,-3.10189618239));
#2558 = CARTESIAN_POINT('',(-4.367301215914,-2.982451933118));
#2559 = CARTESIAN_POINT('',(-4.376477183736,-2.92605445931));
#2560 = CARTESIAN_POINT('',(-4.382670884617,-2.868345666823));
#2561 = CARTESIAN_POINT('',(-4.385803011317,-2.80997383115));
#2562 = CARTESIAN_POINT('',(-4.385934983748,-2.692998923952));
#2563 = CARTESIAN_POINT('',(-4.382917445207,-2.634440693861));
#2564 = CARTESIAN_POINT('',(-4.376819179154,-2.576529962558));
#2565 = CARTESIAN_POINT('',(-4.367718837903,-2.519920840994));
#2566 = CARTESIAN_POINT('',(-4.341720967777,-2.401074271031));
#2567 = CARTESIAN_POINT('',(-4.323728925089,-2.339561773674));
#2568 = CARTESIAN_POINT('',(-4.302010528569,-2.281757505892));
#2569 = CARTESIAN_POINT('',(-4.276862172302,-2.228718957971));
#2570 = CARTESIAN_POINT('',(-4.237146258369,-2.162421210182));
#2571 = CARTESIAN_POINT('',(-4.225153911921,-2.144231242813));
#2572 = CARTESIAN_POINT('',(-4.212680005763,-2.127103711443));
#2573 = CARTESIAN_POINT('',(-4.199755024458,-2.111120692746));
#2574 = CARTESIAN_POINT('',(-4.174705266036,-2.083412776726));
#2575 = CARTESIAN_POINT('',(-4.16267679001,-2.071405867263));
#2576 = CARTESIAN_POINT('',(-4.150354102434,-2.060400567016));
#2577 = CARTESIAN_POINT('',(-4.137766600403,-2.050450337858));
#2578 = CARTESIAN_POINT('',(-4.101748570965,-2.025593446987));
#2579 = CARTESIAN_POINT('',(-4.077770892967,-2.013180676187));
#2580 = CARTESIAN_POINT('',(-4.053254346641,-2.004692047174));
#2581 = CARTESIAN_POINT('',(-4.028453561303,-2.000297002487));
#2582 = CARTESIAN_POINT('',(-3.977533352321,-1.999713215569));
#2583 = CARTESIAN_POINT('',(-3.951446944188,-2.003952047476));
#2584 = CARTESIAN_POINT('',(-3.92565855507,-2.012722541589));
#2585 = CARTESIAN_POINT('',(-3.900464482794,-2.025831906171));
#2586 = CARTESIAN_POINT('',(-3.849863043304,-2.061331571712));
#2587 = CARTESIAN_POINT('',(-3.824610176653,-2.084381134563));
#2588 = CARTESIAN_POINT('',(-3.800614386019,-2.11163403547));
#2589 = CARTESIAN_POINT('',(-3.778091480373,-2.142615868955));
#2590 = CARTESIAN_POINT('',(-3.728351140695,-2.224058209657));
#2591 = CARTESIAN_POINT('',(-3.702620302666,-2.277489523961));
#2592 = CARTESIAN_POINT('',(-3.680399726784,-2.335872779107));
#2593 = CARTESIAN_POINT('',(-3.662000557321,-2.39810381761));
#2594 = CARTESIAN_POINT('',(-3.635580328769,-2.517840314437));
#2595 = CARTESIAN_POINT('',(-3.626370313475,-2.574551604479));
#2596 = CARTESIAN_POINT('',(-3.620175548646,-2.63258479756));
#2597 = CARTESIAN_POINT('',(-3.61707624051,-2.691280994619));
#2598 = CARTESIAN_POINT('',(-3.61707624051,-2.75));
#2599 = ( GEOMETRIC_REPRESENTATION_CONTEXT(2) 
PARAMETRIC_REPRESENTATION_CONTEXT() REPRESENTATION_CONTEXT('2D SPACE',''
  ) );
#2600 = PCURVE('',#2601,#2606);
#2601 = CYLINDRICAL_SURFACE('',#2602,0.75);
#2602 = AXIS2_PLACEMENT_3D('',#2603,#2604,#2605);
#2603 = CARTESIAN_POINT('',(70.875571077701,12.15,14.671688405497));
#2604 = DIRECTION('',(0.652528130706,0.,-0.757764500777));
#2605 = DIRECTION('',(-0.757764500777,0.,-0.652528130706));
#2606 = DEFINITIONAL_REPRESENTATION('',(#2607),#2682);
#2607 = B_SPLINE_CURVE_WITH_KNOTS('',5,(#2608,#2609,#2610,#2611,#2612,
    #2613,#2614,#2615,#2616,#2617,#2618,#2619,#2620,#2621,#2622,#2623,
    #2624,#2625,#2626,#2627,#2628,#2629,#2630,#2631,#2632,#2633,#2634,
    #2635,#2636,#2637,#2638,#2639,#2640,#2641,#2642,#2643,#2644,#2645,
    #2646,#2647,#2648,#2649,#2650,#2651,#2652,#2653,#2654,#2655,#2656,
    #2657,#2658,#2659,#2660,#2661,#2662,#2663,#2664,#2665,#2666,#2667,
    #2668,#2669,#2670,#2671,#2672,#2673,#2674,#2675,#2676,#2677,#2678,
    #2679,#2680,#2681),.UNSPECIFIED.,.F.,.F.,(6,4,4,4,4,4,4,4,4,4,4,4,4,
    4,4,4,4,4,6),(0.,6.472449502211E-02,0.141211419426,0.172316671628,
    0.199603692141,0.248968698904,0.300835334057,0.356892718397,
    0.434500543849,0.499444137227,0.564571068431,0.641121371159,
    0.672252397685,0.699562028672,0.748967940092,0.800877552792,
    0.856981387203,0.934653519776,1.),.UNSPECIFIED.);
#2608 = CARTESIAN_POINT('',(0.,0.345950378226));
#2609 = CARTESIAN_POINT('',(7.767481925216E-02,0.345950378226));
#2610 = CARTESIAN_POINT('',(0.155320429701,0.343662787565));
#2611 = CARTESIAN_POINT('',(0.233077658706,0.339087885746));
#2612 = CARTESIAN_POINT('',(0.311065152459,0.332465154477));
#2613 = CARTESIAN_POINT('',(0.481927053504,0.3144707236));
#2614 = CARTESIAN_POINT('',(0.57497327661,0.302449837904));
#2615 = CARTESIAN_POINT('',(0.668812554097,0.288827659177));
#2616 = CARTESIAN_POINT('',(0.763736915014,0.274590055957));
#2617 = CARTESIAN_POINT('',(0.899233864667,0.255157325908));
#2618 = CARTESIAN_POINT('',(0.938638157795,0.249608922905));
#2619 = CARTESIAN_POINT('',(0.978277263837,0.24420344425));
#2620 = CARTESIAN_POINT('',(1.018158092669,0.239012238868));
#2621 = CARTESIAN_POINT('',(1.093498133164,0.229799652863));
#2622 = CARTESIAN_POINT('',(1.128899614064,0.225712524112));
#2623 = CARTESIAN_POINT('',(1.164483250896,0.22189265365));
#2624 = CARTESIAN_POINT('',(1.200239952234,0.218384142956));
#2625 = CARTESIAN_POINT('',(1.301154432326,0.209512311814));
#2626 = CARTESIAN_POINT('',(1.366732353339,0.204940899361));
#2627 = CARTESIAN_POINT('',(1.432683687836,0.201759195049));
#2628 = CARTESIAN_POINT('',(1.49884724142,0.200111374393));
#2629 = CARTESIAN_POINT('',(1.634636382624,0.19989245739));
#2630 = CARTESIAN_POINT('',(1.704171565723,0.201481605818));
#2631 = CARTESIAN_POINT('',(1.77348393198,0.204774817979));
#2632 = CARTESIAN_POINT('',(1.842387433112,0.209606741189));
#2633 = CARTESIAN_POINT('',(1.984387245031,0.222256998633));
#2634 = CARTESIAN_POINT('',(2.057352358547,0.23028352133));
#2635 = CARTESIAN_POINT('',(2.1295598889,0.239431718155));
#2636 = CARTESIAN_POINT('',(2.201008526269,0.249269201017));
#2637 = CARTESIAN_POINT('',(2.369402482859,0.273325703832));
#2638 = CARTESIAN_POINT('',(2.465716406324,0.287793829731));
#2639 = CARTESIAN_POINT('',(2.560901809355,0.301678782305));
#2640 = CARTESIAN_POINT('',(2.655262301975,0.313945607543));
#2641 = CARTESIAN_POINT('',(2.827628145047,0.332209330257));
#2642 = CARTESIAN_POINT('',(2.905822238985,0.338906497431));
#2643 = CARTESIAN_POINT('',(2.983782002854,0.343551608733));
#2644 = CARTESIAN_POINT('',(3.061627373499,0.345900294697));
#2645 = CARTESIAN_POINT('',(3.217594257642,0.345999273804));
#2646 = CARTESIAN_POINT('',(3.295656353502,0.343736537528));
#2647 = CARTESIAN_POINT('',(3.373830165753,0.339159202419));
#2648 = CARTESIAN_POINT('',(3.452236111821,0.332509565475));
#2649 = CARTESIAN_POINT('',(3.623519707094,0.3144707236));
#2650 = CARTESIAN_POINT('',(3.716565930199,0.302449837904));
#2651 = CARTESIAN_POINT('',(3.810405207687,0.288827659177));
#2652 = CARTESIAN_POINT('',(3.905329568603,0.274590055957));
#2653 = CARTESIAN_POINT('',(4.040826518257,0.255157325908));
#2654 = CARTESIAN_POINT('',(4.080230811384,0.249608922905));
#2655 = CARTESIAN_POINT('',(4.119869917426,0.24420344425));
#2656 = CARTESIAN_POINT('',(4.159750746258,0.239012238868));
#2657 = CARTESIAN_POINT('',(4.235090786754,0.229799652863));
#2658 = CARTESIAN_POINT('',(4.270492267654,0.225712524112));
#2659 = CARTESIAN_POINT('',(4.306075904486,0.22189265365));
#2660 = CARTESIAN_POINT('',(4.341832605823,0.218384142956));
#2661 = CARTESIAN_POINT('',(4.442747085915,0.209512311814));
#2662 = CARTESIAN_POINT('',(4.508325006928,0.204940899361));
#2663 = CARTESIAN_POINT('',(4.574276341425,0.201759195049));
#2664 = CARTESIAN_POINT('',(4.640439895009,0.200111374393));
#2665 = CARTESIAN_POINT('',(4.776229036213,0.19989245739));
#2666 = CARTESIAN_POINT('',(4.845764219312,0.201481605818));
#2667 = CARTESIAN_POINT('',(4.915076585569,0.204774817979));
#2668 = CARTESIAN_POINT('',(4.983980086701,0.209606741189));
#2669 = CARTESIAN_POINT('',(5.12597989862,0.222256998633));
#2670 = CARTESIAN_POINT('',(5.198945012137,0.23028352133));
#2671 = CARTESIAN_POINT('',(5.27115254249,0.239431718155));
#2672 = CARTESIAN_POINT('',(5.342601179859,0.249269201017));
#2673 = CARTESIAN_POINT('',(5.510995136449,0.273325703832));
#2674 = CARTESIAN_POINT('',(5.607309059914,0.287793829731));
#2675 = CARTESIAN_POINT('',(5.702494462945,0.301678782305));
#2676 = CARTESIAN_POINT('',(5.796854955564,0.313945607543));
#2677 = CARTESIAN_POINT('',(5.969642530923,0.332254016614));
#2678 = CARTESIAN_POINT('',(6.048255108942,0.338978432644));
#2679 = CARTESIAN_POINT('',(6.126631467584,0.343626304374));
#2680 = CARTESIAN_POINT('',(6.204893300005,0.345950378226));
#2681 = CARTESIAN_POINT('',(6.28318530718,0.345950378226));
#2682 = ( GEOMETRIC_REPRESENTATION_CONTEXT(2) 
PARAMETRIC_REPRESENTATION_CONTEXT() REPRESENTATION_CONTEXT('2D SPACE',''
  ) );
#2683 = FACE_BOUND('',#2684,.F.);
#2684 = EDGE_LOOP('',(#2685));
#2685 = ORIENTED_EDGE('',*,*,#2686,.T.);
#2686 = EDGE_CURVE('',#2687,#2687,#2689,.T.);
#2687 = VERTEX_POINT('',#2688);
#2688 = CARTESIAN_POINT('',(72.952629123604,12.15,11.1102774197));
#2689 = SURFACE_CURVE('',#2690,(#2765,#2843),.PCURVE_S1.);
#2690 = B_SPLINE_CURVE_WITH_KNOTS('',5,(#2691,#2692,#2693,#2694,#2695,
    #2696,#2697,#2698,#2699,#2700,#2701,#2702,#2703,#2704,#2705,#2706,
    #2707,#2708,#2709,#2710,#2711,#2712,#2713,#2714,#2715,#2716,#2717,
    #2718,#2719,#2720,#2721,#2722,#2723,#2724,#2725,#2726,#2727,#2728,
    #2729,#2730,#2731,#2732,#2733,#2734,#2735,#2736,#2737,#2738,#2739,
    #2740,#2741,#2742,#2743,#2744,#2745,#2746,#2747,#2748,#2749,#2750,
    #2751,#2752,#2753,#2754,#2755,#2756,#2757,#2758,#2759,#2760,#2761,
    #2762,#2763,#2764),.UNSPECIFIED.,.T.,.F.,(6,4,4,4,4,4,4,4,4,4,4,4,4,
    4,4,4,4,4,6),(0.,6.47244950222E-02,0.141211419426,0.172316671628,
    0.199603692141,0.248968698904,0.300835334058,0.356892718398,
    0.43450054385,0.499444137227,0.564571068431,0.64112137116,
    0.672252397685,0.699562028672,0.748967940092,0.800877552792,
    0.856981387203,0.934653519776,1.),.UNSPECIFIED.);
#2691 = CARTESIAN_POINT('',(72.952629123604,12.15,11.1102774197));
#2692 = CARTESIAN_POINT('',(72.952629123604,12.208256114439,
    11.1102774197));
#2693 = CARTESIAN_POINT('',(72.958408040837,12.266490153899,
    11.112234908336));
#2694 = CARTESIAN_POINT('',(72.969958831771,12.324076554979,
    11.116144189114));
#2695 = CARTESIAN_POINT('',(72.987074725764,12.380371755109,
    11.12214324428));
#2696 = CARTESIAN_POINT('',(73.035679031262,12.498925728969,
    11.14025077732));
#2697 = CARTESIAN_POINT('',(73.06922653439,12.560438226326,
    11.153275673314));
#2698 = CARTESIAN_POINT('',(73.109382952514,12.618242494108,
    11.169878474993));
#2699 = CARTESIAN_POINT('',(73.155258989335,12.671281042029,
    11.190594411562));
#2700 = CARTESIAN_POINT('',(73.226300957492,12.737578789818,
    11.226125440801));
#2701 = CARTESIAN_POINT('',(73.247604964672,12.755768757187,
    11.237148734938));
#2702 = CARTESIAN_POINT('',(73.269590816698,12.772896288557,
    11.248947794224));
#2703 = CARTESIAN_POINT('',(73.292170317811,12.788879307255,
    11.261540828422));
#2704 = CARTESIAN_POINT('',(73.335498054685,12.816587223274,
    11.286693736911));
#2705 = CARTESIAN_POINT('',(73.356131410911,12.828594132737,
    11.299067919929));
#2706 = CARTESIAN_POINT('',(73.377076656945,12.839599432984,
    11.312063371379));
#2707 = CARTESIAN_POINT('',(73.398259208326,12.849549662142,
    11.325674064346));
#2708 = CARTESIAN_POINT('',(73.458219132658,12.874406553013,
    11.365599009589));
#2709 = CARTESIAN_POINT('',(73.497389795809,12.886819323813,
    11.393296991126));
#2710 = CARTESIAN_POINT('',(73.536567824113,12.895307952826,
    11.422835272792));
#2711 = CARTESIAN_POINT('',(73.575226840804,12.899702997513,
    11.453950843945));
#2712 = CARTESIAN_POINT('',(73.652540565488,12.900286784431,
    11.520238540441));
#2713 = CARTESIAN_POINT('',(73.691041062846,12.896047952524,
    11.55548934194));
#2714 = CARTESIAN_POINT('',(73.72792429231,12.887277458411,
    11.591596281378));
#2715 = CARTESIAN_POINT('',(73.762794151282,12.874168093829,
    11.628000054681));
#2716 = CARTESIAN_POINT('',(73.830625977889,12.838668428288,
    11.70310575362));
#2717 = CARTESIAN_POINT('',(73.863196300927,12.815618865437,
    11.741745165569));
#2718 = CARTESIAN_POINT('',(73.892948887863,12.78836596453,
    11.779438402363));
#2719 = CARTESIAN_POINT('',(73.919849914045,12.757384131045,
    11.815585726713));
#2720 = CARTESIAN_POINT('',(73.977298000121,12.675941790343,
    11.896802245792));
#2721 = CARTESIAN_POINT('',(74.005313707115,12.622510476038,
    11.940020373299));
#2722 = CARTESIAN_POINT('',(74.028257618247,12.564127220893,
    11.978101465758));
#2723 = CARTESIAN_POINT('',(74.046545418395,12.50189618239,
    12.010037679789));
#2724 = CARTESIAN_POINT('',(74.072096481386,12.382451933118,
    12.056142386528));
#2725 = CARTESIAN_POINT('',(74.080676538919,12.32605445931,
    12.072368926654));
#2726 = CARTESIAN_POINT('',(74.086346629961,12.268345666823,
    12.083381589825));
#2727 = CARTESIAN_POINT('',(74.089214736774,12.20997383115,
    12.088950874658));
#2728 = CARTESIAN_POINT('',(74.08933556261,12.092998923952,
    12.089185540394));
#2729 = CARTESIAN_POINT('',(74.08657235345,12.034440693861,
    12.083820010629));
#2730 = CARTESIAN_POINT('',(74.080993297543,11.976529962558,
    12.07297518216));
#2731 = CARTESIAN_POINT('',(74.072491246881,11.919920840994,
    12.05687853979));
#2732 = CARTESIAN_POINT('',(74.047308687488,11.801074271031,
    12.011387928595));
#2733 = CARTESIAN_POINT('',(74.029449116504,11.739561773674,
    11.980145031704));
#2734 = CARTESIAN_POINT('',(74.007070408023,11.681757505892,
    11.942897423099));
#2735 = CARTESIAN_POINT('',(73.979775244431,11.628718957971,
    11.900603985938));
#2736 = CARTESIAN_POINT('',(73.934094082302,11.562421210182,
    11.83562209073));
#2737 = CARTESIAN_POINT('',(73.920031053202,11.544231242813,
    11.81619003093));
#2738 = CARTESIAN_POINT('',(73.90509965494,11.527103711443,
    11.796198811975));
#2739 = CARTESIAN_POINT('',(73.889294968915,11.511120692746,
    11.775738355468));
#2740 = CARTESIAN_POINT('',(73.857990175091,11.483412776726,
    11.736623505709));
#2741 = CARTESIAN_POINT('',(73.842690751833,11.471405867263,
    11.718055160535));
#2742 = CARTESIAN_POINT('',(73.826730651662,11.460400567016,
    11.699270584619));
#2743 = CARTESIAN_POINT('',(73.810126904132,11.450450337858,
    11.680342641941));
#2744 = CARTESIAN_POINT('',(73.761745218581,11.425593446987,
    11.626972179307));
#2745 = CARTESIAN_POINT('',(73.728540505875,11.413180676187,
    11.59234608962));
#2746 = CARTESIAN_POINT('',(73.693514780706,11.404692047174,
    11.557985842793));
#2747 = CARTESIAN_POINT('',(73.657006262679,11.400297002487,
    11.524372951647));
#2748 = CARTESIAN_POINT('',(73.579978237001,11.399713215569,
    11.457753480084));
#2749 = CARTESIAN_POINT('',(73.539403811537,11.403952047476,
    11.424911079115));
#2750 = CARTESIAN_POINT('',(73.498222754922,11.412722541589,
    11.393795098216));
#2751 = CARTESIAN_POINT('',(73.45704696431,11.425831906171,
    11.364714244671));
#2752 = CARTESIAN_POINT('',(73.372705840017,11.461331571712,
    11.308780377765));
#2753 = CARTESIAN_POINT('',(73.329660453276,11.484381134563,
    11.282305393746));
#2754 = CARTESIAN_POINT('',(73.287968954793,11.51163403547,
    11.258476514552));
#2755 = CARTESIAN_POINT('',(73.248229460005,11.542615868955,
    11.237238180781));
#2756 = CARTESIAN_POINT('',(73.159386284303,11.624058209657,
    11.192479989394));
#2757 = CARTESIAN_POINT('',(73.112488859013,11.677489523962,
    11.171188726286));
#2758 = CARTESIAN_POINT('',(73.071424303585,11.735872779107,
    11.154150682138));
#2759 = CARTESIAN_POINT('',(73.037127606354,11.79810381761,
    11.140805197511));
#2760 = CARTESIAN_POINT('',(72.987620522974,11.917840314437,
    11.122334610028));
#2761 = CARTESIAN_POINT('',(72.970235128847,11.974551604479,
    11.116237672659));
#2762 = CARTESIAN_POINT('',(72.958500234107,12.032584797561,
    11.112266152225));
#2763 = CARTESIAN_POINT('',(72.952629123604,12.091280994619,
    11.1102774197));
#2764 = CARTESIAN_POINT('',(72.952629123604,12.15,11.1102774197));
#2765 = PCURVE('',#1315,#2766);
#2766 = DEFINITIONAL_REPRESENTATION('',(#2767),#2842);
#2767 = B_SPLINE_CURVE_WITH_KNOTS('',5,(#2768,#2769,#2770,#2771,#2772,
    #2773,#2774,#2775,#2776,#2777,#2778,#2779,#2780,#2781,#2782,#2783,
    #2784,#2785,#2786,#2787,#2788,#2789,#2790,#2791,#2792,#2793,#2794,
    #2795,#2796,#2797,#2798,#2799,#2800,#2801,#2802,#2803,#2804,#2805,
    #2806,#2807,#2808,#2809,#2810,#2811,#2812,#2813,#2814,#2815,#2816,
    #2817,#2818,#2819,#2820,#2821,#2822,#2823,#2824,#2825,#2826,#2827,
    #2828,#2829,#2830,#2831,#2832,#2833,#2834,#2835,#2836,#2837,#2838,
    #2839,#2840,#2841),.UNSPECIFIED.,.F.,.F.,(6,4,4,4,4,4,4,4,4,4,4,4,4,
    4,4,4,4,4,6),(0.,6.47244950222E-02,0.141211419426,0.172316671628,
    0.199603692141,0.248968698904,0.300835334058,0.356892718398,
    0.43450054385,0.499444137227,0.564571068431,0.64112137116,
    0.672252397685,0.699562028672,0.748967940092,0.800877552792,
    0.856981387203,0.934653519776,1.),.UNSPECIFIED.);
#2768 = CARTESIAN_POINT('',(-1.244277135911,-2.75));
#2769 = CARTESIAN_POINT('',(-1.244277135911,-2.808256114439));
#2770 = CARTESIAN_POINT('',(-1.241226495938,-2.866490153899));
#2771 = CARTESIAN_POINT('',(-1.235128918096,-2.924076554979));
#2772 = CARTESIAN_POINT('',(-1.226062178465,-2.980371755109));
#2773 = CARTESIAN_POINT('',(-1.200128314187,-3.098925728969));
#2774 = CARTESIAN_POINT('',(-1.182136271499,-3.160438226326));
#2775 = CARTESIAN_POINT('',(-1.160417874979,-3.218242494108));
#2776 = CARTESIAN_POINT('',(-1.135269518713,-3.271281042029));
#2777 = CARTESIAN_POINT('',(-1.095553604779,-3.337578789818));
#2778 = CARTESIAN_POINT('',(-1.083561258331,-3.355768757187));
#2779 = CARTESIAN_POINT('',(-1.071087352173,-3.372896288557));
#2780 = CARTESIAN_POINT('',(-1.058162370869,-3.388879307255));
#2781 = CARTESIAN_POINT('',(-1.033112612446,-3.416587223274));
#2782 = CARTESIAN_POINT('',(-1.02108413642,-3.428594132737));
#2783 = CARTESIAN_POINT('',(-1.008761448844,-3.439599432984));
#2784 = CARTESIAN_POINT('',(-0.996173946813,-3.449549662142));
#2785 = CARTESIAN_POINT('',(-0.960155917375,-3.474406553013));
#2786 = CARTESIAN_POINT('',(-0.936178239377,-3.486819323813));
#2787 = CARTESIAN_POINT('',(-0.911661693052,-3.495307952826));
#2788 = CARTESIAN_POINT('',(-0.886860907713,-3.499702997513));
#2789 = CARTESIAN_POINT('',(-0.835940698731,-3.500286784431));
#2790 = CARTESIAN_POINT('',(-0.809854290598,-3.496047952524));
#2791 = CARTESIAN_POINT('',(-0.78406590148,-3.487277458411));
#2792 = CARTESIAN_POINT('',(-0.758871829204,-3.474168093829));
#2793 = CARTESIAN_POINT('',(-0.708270389714,-3.438668428288));
#2794 = CARTESIAN_POINT('',(-0.683017523064,-3.415618865437));
#2795 = CARTESIAN_POINT('',(-0.659021732429,-3.38836596453));
#2796 = CARTESIAN_POINT('',(-0.636498826783,-3.357384131045));
#2797 = CARTESIAN_POINT('',(-0.586758487106,-3.275941790343));
#2798 = CARTESIAN_POINT('',(-0.561027649076,-3.222510476038));
#2799 = CARTESIAN_POINT('',(-0.538807073194,-3.164127220893));
#2800 = CARTESIAN_POINT('',(-0.520407903731,-3.10189618239));
#2801 = CARTESIAN_POINT('',(-0.494052160507,-2.982451933118));
#2802 = CARTESIAN_POINT('',(-0.484876192685,-2.92605445931));
#2803 = CARTESIAN_POINT('',(-0.478682491804,-2.868345666823));
#2804 = CARTESIAN_POINT('',(-0.475550365104,-2.80997383115));
#2805 = CARTESIAN_POINT('',(-0.475418392673,-2.692998923952));
#2806 = CARTESIAN_POINT('',(-0.478435931214,-2.634440693861));
#2807 = CARTESIAN_POINT('',(-0.484534197267,-2.576529962558));
#2808 = CARTESIAN_POINT('',(-0.493634538518,-2.519920840994));
#2809 = CARTESIAN_POINT('',(-0.519632408645,-2.401074271031));
#2810 = CARTESIAN_POINT('',(-0.537624451332,-2.339561773674));
#2811 = CARTESIAN_POINT('',(-0.559342847852,-2.281757505892));
#2812 = CARTESIAN_POINT('',(-0.584491204119,-2.228718957971));
#2813 = CARTESIAN_POINT('',(-0.624207118052,-2.162421210182));
#2814 = CARTESIAN_POINT('',(-0.6361994645,-2.144231242813));
#2815 = CARTESIAN_POINT('',(-0.648673370658,-2.127103711443));
#2816 = CARTESIAN_POINT('',(-0.661598351963,-2.111120692746));
#2817 = CARTESIAN_POINT('',(-0.686648110385,-2.083412776726));
#2818 = CARTESIAN_POINT('',(-0.698676586411,-2.071405867263));
#2819 = CARTESIAN_POINT('',(-0.710999273988,-2.060400567016));
#2820 = CARTESIAN_POINT('',(-0.723586776018,-2.050450337858));
#2821 = CARTESIAN_POINT('',(-0.759604805456,-2.025593446987));
#2822 = CARTESIAN_POINT('',(-0.783582483454,-2.013180676187));
#2823 = CARTESIAN_POINT('',(-0.80809902978,-2.004692047174));
#2824 = CARTESIAN_POINT('',(-0.832899815118,-2.000297002487));
#2825 = CARTESIAN_POINT('',(-0.8838200241,-1.999713215569));
#2826 = CARTESIAN_POINT('',(-0.909906432233,-2.003952047476));
#2827 = CARTESIAN_POINT('',(-0.935694821351,-2.012722541589));
#2828 = CARTESIAN_POINT('',(-0.960888893627,-2.025831906171));
#2829 = CARTESIAN_POINT('',(-1.011490333117,-2.061331571712));
#2830 = CARTESIAN_POINT('',(-1.036743199768,-2.084381134563));
#2831 = CARTESIAN_POINT('',(-1.060738990402,-2.11163403547));
#2832 = CARTESIAN_POINT('',(-1.083261896048,-2.142615868955));
#2833 = CARTESIAN_POINT('',(-1.133002235726,-2.224058209657));
#2834 = CARTESIAN_POINT('',(-1.158733073755,-2.277489523962));
#2835 = CARTESIAN_POINT('',(-1.180953649637,-2.335872779107));
#2836 = CARTESIAN_POINT('',(-1.199352819101,-2.39810381761));
#2837 = CARTESIAN_POINT('',(-1.225773047652,-2.517840314437));
#2838 = CARTESIAN_POINT('',(-1.234983062946,-2.574551604479));
#2839 = CARTESIAN_POINT('',(-1.241177827775,-2.632584797561));
#2840 = CARTESIAN_POINT('',(-1.244277135911,-2.691280994619));
#2841 = CARTESIAN_POINT('',(-1.244277135911,-2.75));
#2842 = ( GEOMETRIC_REPRESENTATION_CONTEXT(2) 
PARAMETRIC_REPRESENTATION_CONTEXT() REPRESENTATION_CONTEXT('2D SPACE',''
  ) );
#2843 = PCURVE('',#2601,#2844);
#2844 = DEFINITIONAL_REPRESENTATION('',(#2845),#2920);
#2845 = B_SPLINE_CURVE_WITH_KNOTS('',5,(#2846,#2847,#2848,#2849,#2850,
    #2851,#2852,#2853,#2854,#2855,#2856,#2857,#2858,#2859,#2860,#2861,
    #2862,#2863,#2864,#2865,#2866,#2867,#2868,#2869,#2870,#2871,#2872,
    #2873,#2874,#2875,#2876,#2877,#2878,#2879,#2880,#2881,#2882,#2883,
    #2884,#2885,#2886,#2887,#2888,#2889,#2890,#2891,#2892,#2893,#2894,
    #2895,#2896,#2897,#2898,#2899,#2900,#2901,#2902,#2903,#2904,#2905,
    #2906,#2907,#2908,#2909,#2910,#2911,#2912,#2913,#2914,#2915,#2916,
    #2917,#2918,#2919),.UNSPECIFIED.,.F.,.F.,(6,4,4,4,4,4,4,4,4,4,4,4,4,
    4,4,4,4,4,6),(0.,6.47244950222E-02,0.141211419426,0.172316671628,
    0.199603692141,0.248968698904,0.300835334058,0.356892718398,
    0.43450054385,0.499444137227,0.564571068431,0.64112137116,
    0.672252397685,0.699562028672,0.748967940092,0.800877552792,
    0.856981387203,0.934653519776,1.),.UNSPECIFIED.);
#2846 = CARTESIAN_POINT('',(0.,4.054049621774));
#2847 = CARTESIAN_POINT('',(7.767481925214E-02,4.054049621774));
#2848 = CARTESIAN_POINT('',(0.155320429701,4.056337212435));
#2849 = CARTESIAN_POINT('',(0.233077658707,4.060912114254));
#2850 = CARTESIAN_POINT('',(0.311065152459,4.067534845523));
#2851 = CARTESIAN_POINT('',(0.481927053504,4.0855292764));
#2852 = CARTESIAN_POINT('',(0.574973276609,4.097550162096));
#2853 = CARTESIAN_POINT('',(0.668812554097,4.111172340823));
#2854 = CARTESIAN_POINT('',(0.763736915014,4.125409944043));
#2855 = CARTESIAN_POINT('',(0.899233864667,4.144842674092));
#2856 = CARTESIAN_POINT('',(0.938638157795,4.150391077095));
#2857 = CARTESIAN_POINT('',(0.978277263837,4.15579655575));
#2858 = CARTESIAN_POINT('',(1.018158092669,4.160987761132));
#2859 = CARTESIAN_POINT('',(1.093498133164,4.170200347137));
#2860 = CARTESIAN_POINT('',(1.128899614064,4.174287475888));
#2861 = CARTESIAN_POINT('',(1.164483250896,4.17810734635));
#2862 = CARTESIAN_POINT('',(1.200239952234,4.181615857044));
#2863 = CARTESIAN_POINT('',(1.301154432326,4.190487688186));
#2864 = CARTESIAN_POINT('',(1.366732353339,4.195059100639));
#2865 = CARTESIAN_POINT('',(1.432683687836,4.198240804951));
#2866 = CARTESIAN_POINT('',(1.49884724142,4.199888625607));
#2867 = CARTESIAN_POINT('',(1.634636382624,4.20010754261));
#2868 = CARTESIAN_POINT('',(1.704171565723,4.198518394182));
#2869 = CARTESIAN_POINT('',(1.77348393198,4.195225182021));
#2870 = CARTESIAN_POINT('',(1.842387433112,4.190393258811));
#2871 = CARTESIAN_POINT('',(1.984387245031,4.177743001367));
#2872 = CARTESIAN_POINT('',(2.057352358547,4.16971647867));
#2873 = CARTESIAN_POINT('',(2.1295598889,4.160568281845));
#2874 = CARTESIAN_POINT('',(2.201008526269,4.150730798983));
#2875 = CARTESIAN_POINT('',(2.369402482859,4.126674296168));
#2876 = CARTESIAN_POINT('',(2.465716406324,4.112206170269));
#2877 = CARTESIAN_POINT('',(2.560901809355,4.098321217695));
#2878 = CARTESIAN_POINT('',(2.655262301975,4.086054392457));
#2879 = CARTESIAN_POINT('',(2.827628145047,4.067790669743));
#2880 = CARTESIAN_POINT('',(2.905822238985,4.061093502569));
#2881 = CARTESIAN_POINT('',(2.983782002854,4.056448391267));
#2882 = CARTESIAN_POINT('',(3.061627373499,4.054099705303));
#2883 = CARTESIAN_POINT('',(3.217594257642,4.054000726196));
#2884 = CARTESIAN_POINT('',(3.295656353502,4.056263462472));
#2885 = CARTESIAN_POINT('',(3.373830165753,4.060840797581));
#2886 = CARTESIAN_POINT('',(3.452236111821,4.067490434525));
#2887 = CARTESIAN_POINT('',(3.623519707094,4.0855292764));
#2888 = CARTESIAN_POINT('',(3.716565930199,4.097550162096));
#2889 = CARTESIAN_POINT('',(3.810405207687,4.111172340823));
#2890 = CARTESIAN_POINT('',(3.905329568603,4.125409944043));
#2891 = CARTESIAN_POINT('',(4.040826518257,4.144842674092));
#2892 = CARTESIAN_POINT('',(4.080230811384,4.150391077095));
#2893 = CARTESIAN_POINT('',(4.119869917426,4.15579655575));
#2894 = CARTESIAN_POINT('',(4.159750746258,4.160987761132));
#2895 = CARTESIAN_POINT('',(4.235090786754,4.170200347137));
#2896 = CARTESIAN_POINT('',(4.270492267654,4.174287475888));
#2897 = CARTESIAN_POINT('',(4.306075904486,4.17810734635));
#2898 = CARTESIAN_POINT('',(4.341832605823,4.181615857044));
#2899 = CARTESIAN_POINT('',(4.442747085915,4.190487688186));
#2900 = CARTESIAN_POINT('',(4.508325006928,4.195059100639));
#2901 = CARTESIAN_POINT('',(4.574276341425,4.198240804951));
#2902 = CARTESIAN_POINT('',(4.640439895009,4.199888625607));
#2903 = CARTESIAN_POINT('',(4.776229036213,4.20010754261));
#2904 = CARTESIAN_POINT('',(4.845764219312,4.198518394182));
#2905 = CARTESIAN_POINT('',(4.915076585569,4.195225182021));
#2906 = CARTESIAN_POINT('',(4.983980086701,4.190393258811));
#2907 = CARTESIAN_POINT('',(5.12597989862,4.177743001367));
#2908 = CARTESIAN_POINT('',(5.198945012137,4.16971647867));
#2909 = CARTESIAN_POINT('',(5.27115254249,4.160568281845));
#2910 = CARTESIAN_POINT('',(5.342601179859,4.150730798983));
#2911 = CARTESIAN_POINT('',(5.510995136449,4.126674296168));
#2912 = CARTESIAN_POINT('',(5.607309059914,4.112206170269));
#2913 = CARTESIAN_POINT('',(5.702494462945,4.098321217695));
#2914 = CARTESIAN_POINT('',(5.796854955564,4.086054392457));
#2915 = CARTESIAN_POINT('',(5.969642530923,4.067745983386));
#2916 = CARTESIAN_POINT('',(6.048255108942,4.061021567356));
#2917 = CARTESIAN_POINT('',(6.126631467585,4.056373695626));
#2918 = CARTESIAN_POINT('',(6.204893300005,4.054049621774));
#2919 = CARTESIAN_POINT('',(6.28318530718,4.054049621774));
#2920 = ( GEOMETRIC_REPRESENTATION_CONTEXT(2) 
PARAMETRIC_REPRESENTATION_CONTEXT() REPRESENTATION_CONTEXT('2D SPACE',''
  ) );
#2921 = ADVANCED_FACE('',(#2922),#1348,.F.);
#2922 = FACE_BOUND('',#2923,.T.);
#2923 = EDGE_LOOP('',(#2924,#2925,#2946,#2947));
#2924 = ORIENTED_EDGE('',*,*,#1509,.F.);
#2925 = ORIENTED_EDGE('',*,*,#2926,.T.);
#2926 = EDGE_CURVE('',#1510,#1331,#2927,.T.);
#2927 = SURFACE_CURVE('',#2928,(#2932,#2939),.PCURVE_S1.);
#2928 = LINE('',#2929,#2930);
#2929 = CARTESIAN_POINT('',(69.213708498985,8.,6.5));
#2930 = VECTOR('',#2931,1.);
#2931 = DIRECTION('',(-0.,-0.,1.));
#2932 = PCURVE('',#1348,#2933);
#2933 = DEFINITIONAL_REPRESENTATION('',(#2934),#2938);
#2934 = LINE('',#2935,#2936);
#2935 = CARTESIAN_POINT('',(-0.,4.686291501015));
#2936 = VECTOR('',#2937,1.);
#2937 = DIRECTION('',(-1.,-0.));
#2938 = ( GEOMETRIC_REPRESENTATION_CONTEXT(2) 
PARAMETRIC_REPRESENTATION_CONTEXT() REPRESENTATION_CONTEXT('2D SPACE',''
  ) );
#2939 = PCURVE('',#1375,#2940);
#2940 = DEFINITIONAL_REPRESENTATION('',(#2941),#2945);
#2941 = LINE('',#2942,#2943);
#2942 = CARTESIAN_POINT('',(-6.62741699797,0.));
#2943 = VECTOR('',#2944,1.);
#2944 = DIRECTION('',(-0.,-1.));
#2945 = ( GEOMETRIC_REPRESENTATION_CONTEXT(2) 
PARAMETRIC_REPRESENTATION_CONTEXT() REPRESENTATION_CONTEXT('2D SPACE',''
  ) );
#2946 = ORIENTED_EDGE('',*,*,#1330,.T.);
#2947 = ORIENTED_EDGE('',*,*,#1647,.T.);
#2948 = ADVANCED_FACE('',(#2949),#1375,.F.);
#2949 = FACE_BOUND('',#2950,.T.);
#2950 = EDGE_LOOP('',(#2951,#2952,#2953,#2954));
#2951 = ORIENTED_EDGE('',*,*,#1534,.F.);
#2952 = ORIENTED_EDGE('',*,*,#1485,.T.);
#2953 = ORIENTED_EDGE('',*,*,#1360,.T.);
#2954 = ORIENTED_EDGE('',*,*,#2926,.F.);
#2955 = ADVANCED_FACE('',(#2956),#2171,.F.);
#2956 = FACE_BOUND('',#2957,.T.);
#2957 = EDGE_LOOP('',(#2958,#2959,#2982,#3009));
#2958 = ORIENTED_EDGE('',*,*,#2150,.T.);
#2959 = ORIENTED_EDGE('',*,*,#2960,.T.);
#2960 = EDGE_CURVE('',#2151,#2961,#2963,.T.);
#2961 = VERTEX_POINT('',#2962);
#2962 = CARTESIAN_POINT('',(68.271236166328,1.65,16.1));
#2963 = SEAM_CURVE('',#2964,(#2968,#2975),.PCURVE_S1.);
#2964 = LINE('',#2965,#2966);
#2965 = CARTESIAN_POINT('',(68.271236166328,11.4,16.1));
#2966 = VECTOR('',#2967,1.);
#2967 = DIRECTION('',(0.,-1.,3.643808901334E-16));
#2968 = PCURVE('',#2171,#2969);
#2969 = DEFINITIONAL_REPRESENTATION('',(#2970),#2974);
#2970 = LINE('',#2971,#2972);
#2971 = CARTESIAN_POINT('',(-0.,-11.25));
#2972 = VECTOR('',#2973,1.);
#2973 = DIRECTION('',(-0.,-1.));
#2974 = ( GEOMETRIC_REPRESENTATION_CONTEXT(2) 
PARAMETRIC_REPRESENTATION_CONTEXT() REPRESENTATION_CONTEXT('2D SPACE',''
  ) );
#2975 = PCURVE('',#2171,#2976);
#2976 = DEFINITIONAL_REPRESENTATION('',(#2977),#2981);
#2977 = LINE('',#2978,#2979);
#2978 = CARTESIAN_POINT('',(-6.28318530718,-11.25));
#2979 = VECTOR('',#2980,1.);
#2980 = DIRECTION('',(-0.,-1.));
#2981 = ( GEOMETRIC_REPRESENTATION_CONTEXT(2) 
PARAMETRIC_REPRESENTATION_CONTEXT() REPRESENTATION_CONTEXT('2D SPACE',''
  ) );
#2982 = ORIENTED_EDGE('',*,*,#2983,.T.);
#2983 = EDGE_CURVE('',#2961,#2961,#2984,.T.);
#2984 = SURFACE_CURVE('',#2985,(#2990,#2997),.PCURVE_S1.);
#2985 = CIRCLE('',#2986,1.1);
#2986 = AXIS2_PLACEMENT_3D('',#2987,#2988,#2989);
#2987 = CARTESIAN_POINT('',(67.171236166328,1.65,16.1));
#2988 = DIRECTION('',(0.,-1.,1.110223024625E-16));
#2989 = DIRECTION('',(1.,0.,0.));
#2990 = PCURVE('',#2171,#2991);
#2991 = DEFINITIONAL_REPRESENTATION('',(#2992),#2996);
#2992 = LINE('',#2993,#2994);
#2993 = CARTESIAN_POINT('',(-0.,-21.));
#2994 = VECTOR('',#2995,1.);
#2995 = DIRECTION('',(-1.,0.));
#2996 = ( GEOMETRIC_REPRESENTATION_CONTEXT(2) 
PARAMETRIC_REPRESENTATION_CONTEXT() REPRESENTATION_CONTEXT('2D SPACE',''
  ) );
#2997 = PCURVE('',#2998,#3003);
#2998 = PLANE('',#2999);
#2999 = AXIS2_PLACEMENT_3D('',#3000,#3001,#3002);
#3000 = CARTESIAN_POINT('',(67.171236166328,1.65,16.1));
#3001 = DIRECTION('',(0.,-1.,1.110223024625E-16));
#3002 = DIRECTION('',(1.,0.,0.));
#3003 = DEFINITIONAL_REPRESENTATION('',(#3004),#3008);
#3004 = CIRCLE('',#3005,1.1);
#3005 = AXIS2_PLACEMENT_2D('',#3006,#3007);
#3006 = CARTESIAN_POINT('',(0.,0.));
#3007 = DIRECTION('',(1.,0.));
#3008 = ( GEOMETRIC_REPRESENTATION_CONTEXT(2) 
PARAMETRIC_REPRESENTATION_CONTEXT() REPRESENTATION_CONTEXT('2D SPACE',''
  ) );
#3009 = ORIENTED_EDGE('',*,*,#2960,.F.);
#3010 = ADVANCED_FACE('',(#3011),#2429,.T.);
#3011 = FACE_BOUND('',#3012,.T.);
#3012 = EDGE_LOOP('',(#3013));
#3013 = ORIENTED_EDGE('',*,*,#2414,.T.);
#3014 = ADVANCED_FACE('',(#3015),#2601,.F.);
#3015 = FACE_BOUND('',#3016,.F.);
#3016 = EDGE_LOOP('',(#3017,#3018,#3039,#3040));
#3017 = ORIENTED_EDGE('',*,*,#2686,.F.);
#3018 = ORIENTED_EDGE('',*,*,#3019,.F.);
#3019 = EDGE_CURVE('',#2444,#2687,#3020,.T.);
#3020 = SEAM_CURVE('',#3021,(#3025,#3032),.PCURVE_S1.);
#3021 = LINE('',#3022,#3023);
#3022 = CARTESIAN_POINT('',(70.307247702119,12.15,14.182292307468));
#3023 = VECTOR('',#3024,1.);
#3024 = DIRECTION('',(0.652528130706,0.,-0.757764500777));
#3025 = PCURVE('',#2601,#3026);
#3026 = DEFINITIONAL_REPRESENTATION('',(#3027),#3031);
#3027 = LINE('',#3028,#3029);
#3028 = CARTESIAN_POINT('',(6.28318530718,-0.));
#3029 = VECTOR('',#3030,1.);
#3030 = DIRECTION('',(0.,1.));
#3031 = ( GEOMETRIC_REPRESENTATION_CONTEXT(2) 
PARAMETRIC_REPRESENTATION_CONTEXT() REPRESENTATION_CONTEXT('2D SPACE',''
  ) );
#3032 = PCURVE('',#2601,#3033);
#3033 = DEFINITIONAL_REPRESENTATION('',(#3034),#3038);
#3034 = LINE('',#3035,#3036);
#3035 = CARTESIAN_POINT('',(0.,-0.));
#3036 = VECTOR('',#3037,1.);
#3037 = DIRECTION('',(0.,1.));
#3038 = ( GEOMETRIC_REPRESENTATION_CONTEXT(2) 
PARAMETRIC_REPRESENTATION_CONTEXT() REPRESENTATION_CONTEXT('2D SPACE',''
  ) );
#3039 = ORIENTED_EDGE('',*,*,#2443,.T.);
#3040 = ORIENTED_EDGE('',*,*,#3019,.T.);
#3041 = ADVANCED_FACE('',(#3042),#2998,.F.);
#3042 = FACE_BOUND('',#3043,.F.);
#3043 = EDGE_LOOP('',(#3044));
#3044 = ORIENTED_EDGE('',*,*,#2983,.T.);
#3045 = ( GEOMETRIC_REPRESENTATION_CONTEXT(3) 
GLOBAL_UNCERTAINTY_ASSIGNED_CONTEXT((#3049)) 
GLOBAL_UNIT_ASSIGNED_CONTEXT((#3046,#3047,#3048)) REPRESENTATION_CONTEXT
('Context #1','3D Context with UNIT and UNCERTAINTY') );
#3046 = ( LENGTH_UNIT() NAMED_UNIT(*) SI_UNIT(.MILLI.,.METRE.) );
#3047 = ( NAMED_UNIT(*) PLANE_ANGLE_UNIT() SI_UNIT($,.RADIAN.) );
#3048 = ( NAMED_UNIT(*) SI_UNIT($,.STERADIAN.) SOLID_ANGLE_UNIT() );
#3049 = UNCERTAINTY_MEASURE_WITH_UNIT(LENGTH_MEASURE(1.E-07),#3046,
  'distance_accuracy_value','confusion accuracy');
#3050 = PRODUCT_RELATED_PRODUCT_CATEGORY('part',$,(#7));
ENDSEC;
END-ISO-10303-21;
