ISO-10303-21;
HEADER;
FILE_DESCRIPTION(('Open CASCADE Model'),'2;1');
FILE_NAME('Open CASCADE Shape Model','2026-05-07T10:52:43',('Author'),(
    'Open CASCADE'),'Open CASCADE STEP processor 7.8','Open CASCADE 7.8'
  ,'Unknown');
FILE_SCHEMA(('AUTOMOTIVE_DESIGN { 1 0 10303 214 1 1 1 1 }'));
ENDSEC;
DATA;
#1 = APPLICATION_PROTOCOL_DEFINITION('international standard',
  'automotive_design',2000,#2);
#2 = APPLICATION_CONTEXT(
  'core data for automotive mechanical design processes');
#3 = SHAPE_DEFINITION_REPRESENTATION(#4,#10);
#4 = PRODUCT_DEFINITION_SHAPE('','',#5);
#5 = PRODUCT_DEFINITION('design','',#6,#9);
#6 = PRODUCT_DEFINITION_FORMATION('','',#7);
#7 = PRODUCT('Open CASCADE STEP translator 7.8 1',
  'Open CASCADE STEP translator 7.8 1','',(#8));
#8 = PRODUCT_CONTEXT('',#2,'mechanical');
#9 = PRODUCT_DEFINITION_CONTEXT('part definition',#2,'design');
#10 = ADVANCED_BREP_SHAPE_REPRESENTATION('',(#11,#15),#16065);
#11 = AXIS2_PLACEMENT_3D('',#12,#13,#14);
#12 = CARTESIAN_POINT('',(0.,0.,0.));
#13 = DIRECTION('',(0.,0.,1.));
#14 = DIRECTION('',(1.,0.,-0.));
#15 = MANIFOLD_SOLID_BREP('',#16);
#16 = CLOSED_SHELL('',(#17,#104,#154,#1534,#1856,#1928,#2061,#2184,#2212
    ,#2284,#2407,#2525,#2669,#2741,#2859,#2982,#3010,#3334,#3457,#3621,
    #3649,#3722,#3771,#3820,#3867,#3915,#3964,#4013,#4060,#4108,#4157,
    #4206,#4253,#4301,#4350,#4399,#4446,#4494,#4543,#4592,#4639,#4687,
    #4736,#4785,#4812,#4884,#5002,#5125,#5153,#5225,#5343,#5461,#5489,
    #5540,#5567,#5594,#5601,#5628,#8414,#8441,#9248,#9255,#9262,#9269,
    #9407,#9464,#9561,#9593,#9600,#9608,#9615,#9622,#9680,#9687,#9694,
    #9701,#9756,#9913,#9965,#10047,#10099,#10181,#10233,#10315,#10367,
    #10449,#10501,#10583,#10635,#10717,#10769,#10851,#10903,#10985,
    #11037,#11119,#11171,#11253,#11305,#11387,#11439,#11521,#11573,
    #11655,#11707,#11789,#11841,#11923,#11975,#12057,#12109,#12191,
    #12243,#12325,#12377,#12459,#12511,#12593,#12645,#12727,#12779,
    #12861,#12913,#12995,#13047,#13129,#13181,#13263,#13315,#13397,
    #13449,#13531,#13583,#13665,#13717,#13799,#13824,#13897,#13946,
    #13995,#14042,#14090,#14139,#14188,#14235,#14283,#14332,#14381,
    #14428,#14476,#14525,#14574,#14621,#14669,#14718,#14767,#14814,
    #14862,#14911,#14960,#14987,#15018,#15111,#15164,#15188,#15854,
    #15861,#15867,#15873,#15879,#15885,#15891,#15897,#15903,#15909,
    #15915,#15921,#15927,#15933,#15939,#15945,#15951,#15957,#15963,
    #15969,#15975,#15981,#15987,#15993,#15999,#16005,#16011,#16017,
    #16023,#16029,#16035));
#17 = ADVANCED_FACE('',(#18),#31,.T.);
#18 = FACE_BOUND('',#19,.F.);
#19 = EDGE_LOOP('',(#20,#53,#76,#103));
#20 = ORIENTED_EDGE('',*,*,#21,.F.);
#21 = EDGE_CURVE('',#22,#22,#24,.T.);
#22 = VERTEX_POINT('',#23);
#23 = CARTESIAN_POINT('',(80.,0.,49.));
#24 = SURFACE_CURVE('',#25,(#30,#42),.PCURVE_S1.);
#25 = CIRCLE('',#26,80.);
#26 = AXIS2_PLACEMENT_3D('',#27,#28,#29);
#27 = CARTESIAN_POINT('',(0.,0.,49.));
#28 = DIRECTION('',(0.,0.,1.));
#29 = DIRECTION('',(1.,0.,0.));
#30 = PCURVE('',#31,#36);
#31 = CYLINDRICAL_SURFACE('',#32,80.);
#32 = AXIS2_PLACEMENT_3D('',#33,#34,#35);
#33 = CARTESIAN_POINT('',(0.,0.,44.));
#34 = DIRECTION('',(-0.,-0.,-1.));
#35 = DIRECTION('',(1.,0.,0.));
#36 = DEFINITIONAL_REPRESENTATION('',(#37),#41);
#37 = LINE('',#38,#39);
#38 = CARTESIAN_POINT('',(-0.,-5.));
#39 = VECTOR('',#40,1.);
#40 = DIRECTION('',(-1.,0.));
#41 = ( GEOMETRIC_REPRESENTATION_CONTEXT(2) 
PARAMETRIC_REPRESENTATION_CONTEXT() REPRESENTATION_CONTEXT('2D SPACE',''
  ) );
#42 = PCURVE('',#43,#48);
#43 = CONICAL_SURFACE('',#44,75.,0.785398163397);
#44 = AXIS2_PLACEMENT_3D('',#45,#46,#47);
#45 = CARTESIAN_POINT('',(0.,0.,44.));
#46 = DIRECTION('',(0.,0.,1.));
#47 = DIRECTION('',(1.,0.,0.));
#48 = DEFINITIONAL_REPRESENTATION('',(#49),#52);
#49 = B_SPLINE_CURVE_WITH_KNOTS('',1,(#50,#51),.UNSPECIFIED.,.F.,.F.,(2,
    2),(0.,6.28318530718),.PIECEWISE_BEZIER_KNOTS.);
#50 = CARTESIAN_POINT('',(0.,5.));
#51 = CARTESIAN_POINT('',(6.28318530718,5.));
#52 = ( GEOMETRIC_REPRESENTATION_CONTEXT(2) 
PARAMETRIC_REPRESENTATION_CONTEXT() REPRESENTATION_CONTEXT('2D SPACE',''
  ) );
#53 = ORIENTED_EDGE('',*,*,#54,.T.);
#54 = EDGE_CURVE('',#22,#55,#57,.T.);
#55 = VERTEX_POINT('',#56);
#56 = CARTESIAN_POINT('',(80.,0.,51.));
#57 = SEAM_CURVE('',#58,(#62,#69),.PCURVE_S1.);
#58 = LINE('',#59,#60);
#59 = CARTESIAN_POINT('',(80.,0.,44.));
#60 = VECTOR('',#61,1.);
#61 = DIRECTION('',(0.,0.,1.));
#62 = PCURVE('',#31,#63);
#63 = DEFINITIONAL_REPRESENTATION('',(#64),#68);
#64 = LINE('',#65,#66);
#65 = CARTESIAN_POINT('',(-6.28318530718,0.));
#66 = VECTOR('',#67,1.);
#67 = DIRECTION('',(-0.,-1.));
#68 = ( GEOMETRIC_REPRESENTATION_CONTEXT(2) 
PARAMETRIC_REPRESENTATION_CONTEXT() REPRESENTATION_CONTEXT('2D SPACE',''
  ) );
#69 = PCURVE('',#31,#70);
#70 = DEFINITIONAL_REPRESENTATION('',(#71),#75);
#71 = LINE('',#72,#73);
#72 = CARTESIAN_POINT('',(-0.,0.));
#73 = VECTOR('',#74,1.);
#74 = DIRECTION('',(-0.,-1.));
#75 = ( GEOMETRIC_REPRESENTATION_CONTEXT(2) 
PARAMETRIC_REPRESENTATION_CONTEXT() REPRESENTATION_CONTEXT('2D SPACE',''
  ) );
#76 = ORIENTED_EDGE('',*,*,#77,.T.);
#77 = EDGE_CURVE('',#55,#55,#78,.T.);
#78 = SURFACE_CURVE('',#79,(#84,#91),.PCURVE_S1.);
#79 = CIRCLE('',#80,80.);
#80 = AXIS2_PLACEMENT_3D('',#81,#82,#83);
#81 = CARTESIAN_POINT('',(0.,0.,51.));
#82 = DIRECTION('',(0.,0.,1.));
#83 = DIRECTION('',(1.,0.,0.));
#84 = PCURVE('',#31,#85);
#85 = DEFINITIONAL_REPRESENTATION('',(#86),#90);
#86 = LINE('',#87,#88);
#87 = CARTESIAN_POINT('',(-0.,-7.));
#88 = VECTOR('',#89,1.);
#89 = DIRECTION('',(-1.,0.));
#90 = ( GEOMETRIC_REPRESENTATION_CONTEXT(2) 
PARAMETRIC_REPRESENTATION_CONTEXT() REPRESENTATION_CONTEXT('2D SPACE',''
  ) );
#91 = PCURVE('',#92,#97);
#92 = PLANE('',#93);
#93 = AXIS2_PLACEMENT_3D('',#94,#95,#96);
#94 = CARTESIAN_POINT('',(-4.375808424126E-15,1.1100836264E-15,51.));
#95 = DIRECTION('',(0.,0.,1.));
#96 = DIRECTION('',(1.,0.,-0.));
#97 = DEFINITIONAL_REPRESENTATION('',(#98),#102);
#98 = CIRCLE('',#99,80.);
#99 = AXIS2_PLACEMENT_2D('',#100,#101);
#100 = CARTESIAN_POINT('',(4.375808424126E-15,-1.1100836264E-15));
#101 = DIRECTION('',(1.,0.));
#102 = ( GEOMETRIC_REPRESENTATION_CONTEXT(2) 
PARAMETRIC_REPRESENTATION_CONTEXT() REPRESENTATION_CONTEXT('2D SPACE',''
  ) );
#103 = ORIENTED_EDGE('',*,*,#54,.F.);
#104 = ADVANCED_FACE('',(#105),#43,.T.);
#105 = FACE_BOUND('',#106,.T.);
#106 = EDGE_LOOP('',(#107,#134,#152,#153));
#107 = ORIENTED_EDGE('',*,*,#108,.T.);
#108 = EDGE_CURVE('',#109,#109,#111,.T.);
#109 = VERTEX_POINT('',#110);
#110 = CARTESIAN_POINT('',(75.,0.,44.));
#111 = SURFACE_CURVE('',#112,(#117,#123),.PCURVE_S1.);
#112 = CIRCLE('',#113,75.);
#113 = AXIS2_PLACEMENT_3D('',#114,#115,#116);
#114 = CARTESIAN_POINT('',(0.,0.,44.));
#115 = DIRECTION('',(0.,0.,1.));
#116 = DIRECTION('',(1.,0.,0.));
#117 = PCURVE('',#43,#118);
#118 = DEFINITIONAL_REPRESENTATION('',(#119),#122);
#119 = B_SPLINE_CURVE_WITH_KNOTS('',1,(#120,#121),.UNSPECIFIED.,.F.,.F.,
  (2,2),(0.,6.28318530718),.PIECEWISE_BEZIER_KNOTS.);
#120 = CARTESIAN_POINT('',(0.,0.));
#121 = CARTESIAN_POINT('',(6.28318530718,0.));
#122 = ( GEOMETRIC_REPRESENTATION_CONTEXT(2) 
PARAMETRIC_REPRESENTATION_CONTEXT() REPRESENTATION_CONTEXT('2D SPACE',''
  ) );
#123 = PCURVE('',#124,#129);
#124 = CYLINDRICAL_SURFACE('',#125,75.);
#125 = AXIS2_PLACEMENT_3D('',#126,#127,#128);
#126 = CARTESIAN_POINT('',(0.,0.,7.));
#127 = DIRECTION('',(-0.,-0.,-1.));
#128 = DIRECTION('',(1.,0.,0.));
#129 = DEFINITIONAL_REPRESENTATION('',(#130),#133);
#130 = B_SPLINE_CURVE_WITH_KNOTS('',1,(#131,#132),.UNSPECIFIED.,.F.,.F.,
  (2,2),(0.,6.28318530718),.PIECEWISE_BEZIER_KNOTS.);
#131 = CARTESIAN_POINT('',(0.,-37.));
#132 = CARTESIAN_POINT('',(-6.28318530718,-37.));
#133 = ( GEOMETRIC_REPRESENTATION_CONTEXT(2) 
PARAMETRIC_REPRESENTATION_CONTEXT() REPRESENTATION_CONTEXT('2D SPACE',''
  ) );
#134 = ORIENTED_EDGE('',*,*,#135,.T.);
#135 = EDGE_CURVE('',#109,#22,#136,.T.);
#136 = SEAM_CURVE('',#137,(#140,#146),.PCURVE_S1.);
#137 = B_SPLINE_CURVE_WITH_KNOTS('',1,(#138,#139),.UNSPECIFIED.,.F.,.F.,
  (2,2),(0.,1.),.PIECEWISE_BEZIER_KNOTS.);
#138 = CARTESIAN_POINT('',(75.,0.,44.));
#139 = CARTESIAN_POINT('',(80.,0.,49.));
#140 = PCURVE('',#43,#141);
#141 = DEFINITIONAL_REPRESENTATION('',(#142),#145);
#142 = B_SPLINE_CURVE_WITH_KNOTS('',1,(#143,#144),.UNSPECIFIED.,.F.,.F.,
  (2,2),(0.,1.),.PIECEWISE_BEZIER_KNOTS.);
#143 = CARTESIAN_POINT('',(6.28318530718,0.));
#144 = CARTESIAN_POINT('',(6.28318530718,5.));
#145 = ( GEOMETRIC_REPRESENTATION_CONTEXT(2) 
PARAMETRIC_REPRESENTATION_CONTEXT() REPRESENTATION_CONTEXT('2D SPACE',''
  ) );
#146 = PCURVE('',#43,#147);
#147 = DEFINITIONAL_REPRESENTATION('',(#148),#151);
#148 = B_SPLINE_CURVE_WITH_KNOTS('',1,(#149,#150),.UNSPECIFIED.,.F.,.F.,
  (2,2),(0.,1.),.PIECEWISE_BEZIER_KNOTS.);
#149 = CARTESIAN_POINT('',(0.,0.));
#150 = CARTESIAN_POINT('',(0.,5.));
#151 = ( GEOMETRIC_REPRESENTATION_CONTEXT(2) 
PARAMETRIC_REPRESENTATION_CONTEXT() REPRESENTATION_CONTEXT('2D SPACE',''
  ) );
#152 = ORIENTED_EDGE('',*,*,#21,.F.);
#153 = ORIENTED_EDGE('',*,*,#135,.F.);
#154 = ADVANCED_FACE('',(#155,#158,#274,#390,#506,#622,#1302,#1418),#92,
  .T.);
#155 = FACE_BOUND('',#156,.T.);
#156 = EDGE_LOOP('',(#157));
#157 = ORIENTED_EDGE('',*,*,#77,.T.);
#158 = FACE_BOUND('',#159,.T.);
#159 = EDGE_LOOP('',(#160,#191,#219,#248));
#160 = ORIENTED_EDGE('',*,*,#161,.F.);
#161 = EDGE_CURVE('',#162,#164,#166,.T.);
#162 = VERTEX_POINT('',#163);
#163 = CARTESIAN_POINT('',(-35.630549778,-63.71392251711,51.));
#164 = VERTEX_POINT('',#165);
#165 = CARTESIAN_POINT('',(35.630549778006,-63.71392251711,51.));
#166 = SURFACE_CURVE('',#167,(#172,#179),.PCURVE_S1.);
#167 = CIRCLE('',#168,73.);
#168 = AXIS2_PLACEMENT_3D('',#169,#170,#171);
#169 = CARTESIAN_POINT('',(0.,0.,51.));
#170 = DIRECTION('',(0.,0.,1.));
#171 = DIRECTION('',(1.,0.,0.));
#172 = PCURVE('',#92,#173);
#173 = DEFINITIONAL_REPRESENTATION('',(#174),#178);
#174 = CIRCLE('',#175,73.);
#175 = AXIS2_PLACEMENT_2D('',#176,#177);
#176 = CARTESIAN_POINT('',(4.375808424126E-15,-1.1100836264E-15));
#177 = DIRECTION('',(1.,0.));
#178 = ( GEOMETRIC_REPRESENTATION_CONTEXT(2) 
PARAMETRIC_REPRESENTATION_CONTEXT() REPRESENTATION_CONTEXT('2D SPACE',''
  ) );
#179 = PCURVE('',#180,#185);
#180 = CYLINDRICAL_SURFACE('',#181,73.);
#181 = AXIS2_PLACEMENT_3D('',#182,#183,#184);
#182 = CARTESIAN_POINT('',(0.,0.,44.));
#183 = DIRECTION('',(-0.,-0.,-1.));
#184 = DIRECTION('',(1.,0.,0.));
#185 = DEFINITIONAL_REPRESENTATION('',(#186),#190);
#186 = LINE('',#187,#188);
#187 = CARTESIAN_POINT('',(-0.,-7.));
#188 = VECTOR('',#189,1.);
#189 = DIRECTION('',(-1.,0.));
#190 = ( GEOMETRIC_REPRESENTATION_CONTEXT(2) 
PARAMETRIC_REPRESENTATION_CONTEXT() REPRESENTATION_CONTEXT('2D SPACE',''
  ) );
#191 = ORIENTED_EDGE('',*,*,#192,.T.);
#192 = EDGE_CURVE('',#162,#193,#195,.T.);
#193 = VERTEX_POINT('',#194);
#194 = CARTESIAN_POINT('',(-17.37712399537,-32.09806164941,51.));
#195 = SURFACE_CURVE('',#196,(#200,#207),.PCURVE_S1.);
#196 = LINE('',#197,#198);
#197 = CARTESIAN_POINT('',(-35.88397459621,-64.15286717815,51.));
#198 = VECTOR('',#199,1.);
#199 = DIRECTION('',(0.5,0.866025403784,0.));
#200 = PCURVE('',#92,#201);
#201 = DEFINITIONAL_REPRESENTATION('',(#202),#206);
#202 = LINE('',#203,#204);
#203 = CARTESIAN_POINT('',(-35.88397459621,-64.15286717815));
#204 = VECTOR('',#205,1.);
#205 = DIRECTION('',(0.5,0.866025403784));
#206 = ( GEOMETRIC_REPRESENTATION_CONTEXT(2) 
PARAMETRIC_REPRESENTATION_CONTEXT() REPRESENTATION_CONTEXT('2D SPACE',''
  ) );
#207 = PCURVE('',#208,#213);
#208 = PLANE('',#209);
#209 = AXIS2_PLACEMENT_3D('',#210,#211,#212);
#210 = CARTESIAN_POINT('',(-26.1723167329,-47.33178233316,
    26.380541934569));
#211 = DIRECTION('',(-0.866025403784,0.5,-0.));
#212 = DIRECTION('',(0.,-0.,-1.));
#213 = DEFINITIONAL_REPRESENTATION('',(#214),#218);
#214 = LINE('',#215,#216);
#215 = CARTESIAN_POINT('',(-24.61945806543,19.423315726631));
#216 = VECTOR('',#217,1.);
#217 = DIRECTION('',(0.,-1.));
#218 = ( GEOMETRIC_REPRESENTATION_CONTEXT(2) 
PARAMETRIC_REPRESENTATION_CONTEXT() REPRESENTATION_CONTEXT('2D SPACE',''
  ) );
#219 = ORIENTED_EDGE('',*,*,#220,.T.);
#220 = EDGE_CURVE('',#193,#221,#223,.T.);
#221 = VERTEX_POINT('',#222);
#222 = CARTESIAN_POINT('',(17.377123995373,-32.09806164941,51.));
#223 = SURFACE_CURVE('',#224,(#229,#236),.PCURVE_S1.);
#224 = CIRCLE('',#225,36.5);
#225 = AXIS2_PLACEMENT_3D('',#226,#227,#228);
#226 = CARTESIAN_POINT('',(0.,0.,51.));
#227 = DIRECTION('',(0.,0.,1.));
#228 = DIRECTION('',(1.,0.,0.));
#229 = PCURVE('',#92,#230);
#230 = DEFINITIONAL_REPRESENTATION('',(#231),#235);
#231 = CIRCLE('',#232,36.5);
#232 = AXIS2_PLACEMENT_2D('',#233,#234);
#233 = CARTESIAN_POINT('',(4.375808424126E-15,-1.1100836264E-15));
#234 = DIRECTION('',(1.,0.));
#235 = ( GEOMETRIC_REPRESENTATION_CONTEXT(2) 
PARAMETRIC_REPRESENTATION_CONTEXT() REPRESENTATION_CONTEXT('2D SPACE',''
  ) );
#236 = PCURVE('',#237,#242);
#237 = CYLINDRICAL_SURFACE('',#238,36.5);
#238 = AXIS2_PLACEMENT_3D('',#239,#240,#241);
#239 = CARTESIAN_POINT('',(0.,0.,0.));
#240 = DIRECTION('',(-0.,-0.,-1.));
#241 = DIRECTION('',(1.,0.,0.));
#242 = DEFINITIONAL_REPRESENTATION('',(#243),#247);
#243 = LINE('',#244,#245);
#244 = CARTESIAN_POINT('',(-0.,-51.));
#245 = VECTOR('',#246,1.);
#246 = DIRECTION('',(-1.,0.));
#247 = ( GEOMETRIC_REPRESENTATION_CONTEXT(2) 
PARAMETRIC_REPRESENTATION_CONTEXT() REPRESENTATION_CONTEXT('2D SPACE',''
  ) );
#248 = ORIENTED_EDGE('',*,*,#249,.F.);
#249 = EDGE_CURVE('',#164,#221,#250,.T.);
#250 = SURFACE_CURVE('',#251,(#255,#262),.PCURVE_S1.);
#251 = LINE('',#252,#253);
#252 = CARTESIAN_POINT('',(35.883974596216,-64.15286717815,51.));
#253 = VECTOR('',#254,1.);
#254 = DIRECTION('',(-0.5,0.866025403784,0.));
#255 = PCURVE('',#92,#256);
#256 = DEFINITIONAL_REPRESENTATION('',(#257),#261);
#257 = LINE('',#258,#259);
#258 = CARTESIAN_POINT('',(35.883974596216,-64.15286717815));
#259 = VECTOR('',#260,1.);
#260 = DIRECTION('',(-0.5,0.866025403784));
#261 = ( GEOMETRIC_REPRESENTATION_CONTEXT(2) 
PARAMETRIC_REPRESENTATION_CONTEXT() REPRESENTATION_CONTEXT('2D SPACE',''
  ) );
#262 = PCURVE('',#263,#268);
#263 = PLANE('',#264);
#264 = AXIS2_PLACEMENT_3D('',#265,#266,#267);
#265 = CARTESIAN_POINT('',(26.1723167329,-47.33178233316,26.380541934569
    ));
#266 = DIRECTION('',(-0.866025403784,-0.5,-0.));
#267 = DIRECTION('',(0.,0.,-1.));
#268 = DEFINITIONAL_REPRESENTATION('',(#269),#273);
#269 = LINE('',#270,#271);
#270 = CARTESIAN_POINT('',(-24.61945806543,19.423315726631));
#271 = VECTOR('',#272,1.);
#272 = DIRECTION('',(0.,-1.));
#273 = ( GEOMETRIC_REPRESENTATION_CONTEXT(2) 
PARAMETRIC_REPRESENTATION_CONTEXT() REPRESENTATION_CONTEXT('2D SPACE',''
  ) );
#274 = FACE_BOUND('',#275,.T.);
#275 = EDGE_LOOP('',(#276,#307,#335,#364));
#276 = ORIENTED_EDGE('',*,*,#277,.F.);
#277 = EDGE_CURVE('',#278,#280,#282,.T.);
#278 = VERTEX_POINT('',#279);
#279 = CARTESIAN_POINT('',(-72.99315036357,-1.,51.));
#280 = VERTEX_POINT('',#281);
#281 = CARTESIAN_POINT('',(-37.36260058557,-62.71392251711,51.));
#282 = SURFACE_CURVE('',#283,(#288,#295),.PCURVE_S1.);
#283 = CIRCLE('',#284,73.);
#284 = AXIS2_PLACEMENT_3D('',#285,#286,#287);
#285 = CARTESIAN_POINT('',(0.,0.,51.));
#286 = DIRECTION('',(0.,0.,1.));
#287 = DIRECTION('',(1.,0.,0.));
#288 = PCURVE('',#92,#289);
#289 = DEFINITIONAL_REPRESENTATION('',(#290),#294);
#290 = CIRCLE('',#291,73.);
#291 = AXIS2_PLACEMENT_2D('',#292,#293);
#292 = CARTESIAN_POINT('',(4.375808424126E-15,-1.1100836264E-15));
#293 = DIRECTION('',(1.,0.));
#294 = ( GEOMETRIC_REPRESENTATION_CONTEXT(2) 
PARAMETRIC_REPRESENTATION_CONTEXT() REPRESENTATION_CONTEXT('2D SPACE',''
  ) );
#295 = PCURVE('',#296,#301);
#296 = CYLINDRICAL_SURFACE('',#297,73.);
#297 = AXIS2_PLACEMENT_3D('',#298,#299,#300);
#298 = CARTESIAN_POINT('',(0.,0.,44.));
#299 = DIRECTION('',(-0.,-0.,-1.));
#300 = DIRECTION('',(1.,0.,0.));
#301 = DEFINITIONAL_REPRESENTATION('',(#302),#306);
#302 = LINE('',#303,#304);
#303 = CARTESIAN_POINT('',(-0.,-7.));
#304 = VECTOR('',#305,1.);
#305 = DIRECTION('',(-1.,0.));
#306 = ( GEOMETRIC_REPRESENTATION_CONTEXT(2) 
PARAMETRIC_REPRESENTATION_CONTEXT() REPRESENTATION_CONTEXT('2D SPACE',''
  ) );
#307 = ORIENTED_EDGE('',*,*,#308,.T.);
#308 = EDGE_CURVE('',#278,#309,#311,.T.);
#309 = VERTEX_POINT('',#310);
#310 = CARTESIAN_POINT('',(-36.48629879831,-1.000000000001,51.));
#311 = SURFACE_CURVE('',#312,(#316,#323),.PCURVE_S1.);
#312 = LINE('',#313,#314);
#313 = CARTESIAN_POINT('',(-73.5,-1.,51.));
#314 = VECTOR('',#315,1.);
#315 = DIRECTION('',(1.,-1.224646799147E-16,0.));
#316 = PCURVE('',#92,#317);
#317 = DEFINITIONAL_REPRESENTATION('',(#318),#322);
#318 = LINE('',#319,#320);
#319 = CARTESIAN_POINT('',(-73.5,-1.));
#320 = VECTOR('',#321,1.);
#321 = DIRECTION('',(1.,-1.224646799147E-16));
#322 = ( GEOMETRIC_REPRESENTATION_CONTEXT(2) 
PARAMETRIC_REPRESENTATION_CONTEXT() REPRESENTATION_CONTEXT('2D SPACE',''
  ) );
#323 = PCURVE('',#324,#329);
#324 = PLANE('',#325);
#325 = AXIS2_PLACEMENT_3D('',#326,#327,#328);
#326 = CARTESIAN_POINT('',(-54.07668427336,-1.,26.380541934569));
#327 = DIRECTION('',(1.224646799147E-16,1.,-0.));
#328 = DIRECTION('',(-0.,0.,-1.));
#329 = DEFINITIONAL_REPRESENTATION('',(#330),#334);
#330 = LINE('',#331,#332);
#331 = CARTESIAN_POINT('',(-24.61945806543,19.423315726631));
#332 = VECTOR('',#333,1.);
#333 = DIRECTION('',(-0.,-1.));
#334 = ( GEOMETRIC_REPRESENTATION_CONTEXT(2) 
PARAMETRIC_REPRESENTATION_CONTEXT() REPRESENTATION_CONTEXT('2D SPACE',''
  ) );
#335 = ORIENTED_EDGE('',*,*,#336,.T.);
#336 = EDGE_CURVE('',#309,#337,#339,.T.);
#337 = VERTEX_POINT('',#338);
#338 = CARTESIAN_POINT('',(-19.10917480294,-31.09806164941,51.));
#339 = SURFACE_CURVE('',#340,(#345,#352),.PCURVE_S1.);
#340 = CIRCLE('',#341,36.5);
#341 = AXIS2_PLACEMENT_3D('',#342,#343,#344);
#342 = CARTESIAN_POINT('',(0.,0.,51.));
#343 = DIRECTION('',(0.,0.,1.));
#344 = DIRECTION('',(1.,0.,0.));
#345 = PCURVE('',#92,#346);
#346 = DEFINITIONAL_REPRESENTATION('',(#347),#351);
#347 = CIRCLE('',#348,36.5);
#348 = AXIS2_PLACEMENT_2D('',#349,#350);
#349 = CARTESIAN_POINT('',(4.375808424126E-15,-1.1100836264E-15));
#350 = DIRECTION('',(1.,0.));
#351 = ( GEOMETRIC_REPRESENTATION_CONTEXT(2) 
PARAMETRIC_REPRESENTATION_CONTEXT() REPRESENTATION_CONTEXT('2D SPACE',''
  ) );
#352 = PCURVE('',#353,#358);
#353 = CYLINDRICAL_SURFACE('',#354,36.5);
#354 = AXIS2_PLACEMENT_3D('',#355,#356,#357);
#355 = CARTESIAN_POINT('',(0.,0.,0.));
#356 = DIRECTION('',(-0.,-0.,-1.));
#357 = DIRECTION('',(1.,0.,0.));
#358 = DEFINITIONAL_REPRESENTATION('',(#359),#363);
#359 = LINE('',#360,#361);
#360 = CARTESIAN_POINT('',(-0.,-51.));
#361 = VECTOR('',#362,1.);
#362 = DIRECTION('',(-1.,0.));
#363 = ( GEOMETRIC_REPRESENTATION_CONTEXT(2) 
PARAMETRIC_REPRESENTATION_CONTEXT() REPRESENTATION_CONTEXT('2D SPACE',''
  ) );
#364 = ORIENTED_EDGE('',*,*,#365,.F.);
#365 = EDGE_CURVE('',#280,#337,#366,.T.);
#366 = SURFACE_CURVE('',#367,(#371,#378),.PCURVE_S1.);
#367 = LINE('',#368,#369);
#368 = CARTESIAN_POINT('',(-37.61602540378,-63.15286717815,51.));
#369 = VECTOR('',#370,1.);
#370 = DIRECTION('',(0.5,0.866025403784,0.));
#371 = PCURVE('',#92,#372);
#372 = DEFINITIONAL_REPRESENTATION('',(#373),#377);
#373 = LINE('',#374,#375);
#374 = CARTESIAN_POINT('',(-37.61602540378,-63.15286717815));
#375 = VECTOR('',#376,1.);
#376 = DIRECTION('',(0.5,0.866025403784));
#377 = ( GEOMETRIC_REPRESENTATION_CONTEXT(2) 
PARAMETRIC_REPRESENTATION_CONTEXT() REPRESENTATION_CONTEXT('2D SPACE',''
  ) );
#378 = PCURVE('',#379,#384);
#379 = PLANE('',#380);
#380 = AXIS2_PLACEMENT_3D('',#381,#382,#383);
#381 = CARTESIAN_POINT('',(-27.90436754046,-46.33178233316,
    26.380541934569));
#382 = DIRECTION('',(-0.866025403784,0.5,-0.));
#383 = DIRECTION('',(0.,-0.,-1.));
#384 = DEFINITIONAL_REPRESENTATION('',(#385),#389);
#385 = LINE('',#386,#387);
#386 = CARTESIAN_POINT('',(-24.61945806543,19.423315726631));
#387 = VECTOR('',#388,1.);
#388 = DIRECTION('',(0.,-1.));
#389 = ( GEOMETRIC_REPRESENTATION_CONTEXT(2) 
PARAMETRIC_REPRESENTATION_CONTEXT() REPRESENTATION_CONTEXT('2D SPACE',''
  ) );
#390 = FACE_BOUND('',#391,.T.);
#391 = EDGE_LOOP('',(#392,#423,#451,#480));
#392 = ORIENTED_EDGE('',*,*,#393,.F.);
#393 = EDGE_CURVE('',#394,#396,#398,.T.);
#394 = VERTEX_POINT('',#395);
#395 = CARTESIAN_POINT('',(37.362600585573,-62.71392251711,51.));
#396 = VERTEX_POINT('',#397);
#397 = CARTESIAN_POINT('',(72.993150363579,-0.999999999999,51.));
#398 = SURFACE_CURVE('',#399,(#404,#411),.PCURVE_S1.);
#399 = CIRCLE('',#400,73.);
#400 = AXIS2_PLACEMENT_3D('',#401,#402,#403);
#401 = CARTESIAN_POINT('',(0.,0.,51.));
#402 = DIRECTION('',(0.,0.,1.));
#403 = DIRECTION('',(1.,0.,0.));
#404 = PCURVE('',#92,#405);
#405 = DEFINITIONAL_REPRESENTATION('',(#406),#410);
#406 = CIRCLE('',#407,73.);
#407 = AXIS2_PLACEMENT_2D('',#408,#409);
#408 = CARTESIAN_POINT('',(4.375808424126E-15,-1.1100836264E-15));
#409 = DIRECTION('',(1.,0.));
#410 = ( GEOMETRIC_REPRESENTATION_CONTEXT(2) 
PARAMETRIC_REPRESENTATION_CONTEXT() REPRESENTATION_CONTEXT('2D SPACE',''
  ) );
#411 = PCURVE('',#412,#417);
#412 = CYLINDRICAL_SURFACE('',#413,73.);
#413 = AXIS2_PLACEMENT_3D('',#414,#415,#416);
#414 = CARTESIAN_POINT('',(0.,0.,44.));
#415 = DIRECTION('',(-0.,-0.,-1.));
#416 = DIRECTION('',(1.,0.,0.));
#417 = DEFINITIONAL_REPRESENTATION('',(#418),#422);
#418 = LINE('',#419,#420);
#419 = CARTESIAN_POINT('',(-0.,-7.));
#420 = VECTOR('',#421,1.);
#421 = DIRECTION('',(-1.,0.));
#422 = ( GEOMETRIC_REPRESENTATION_CONTEXT(2) 
PARAMETRIC_REPRESENTATION_CONTEXT() REPRESENTATION_CONTEXT('2D SPACE',''
  ) );
#423 = ORIENTED_EDGE('',*,*,#424,.T.);
#424 = EDGE_CURVE('',#394,#425,#427,.T.);
#425 = VERTEX_POINT('',#426);
#426 = CARTESIAN_POINT('',(19.109174802942,-31.09806164941,51.));
#427 = SURFACE_CURVE('',#428,(#432,#439),.PCURVE_S1.);
#428 = LINE('',#429,#430);
#429 = CARTESIAN_POINT('',(37.616025403784,-63.15286717815,51.));
#430 = VECTOR('',#431,1.);
#431 = DIRECTION('',(-0.5,0.866025403784,0.));
#432 = PCURVE('',#92,#433);
#433 = DEFINITIONAL_REPRESENTATION('',(#434),#438);
#434 = LINE('',#435,#436);
#435 = CARTESIAN_POINT('',(37.616025403784,-63.15286717815));
#436 = VECTOR('',#437,1.);
#437 = DIRECTION('',(-0.5,0.866025403784));
#438 = ( GEOMETRIC_REPRESENTATION_CONTEXT(2) 
PARAMETRIC_REPRESENTATION_CONTEXT() REPRESENTATION_CONTEXT('2D SPACE',''
  ) );
#439 = PCURVE('',#440,#445);
#440 = PLANE('',#441);
#441 = AXIS2_PLACEMENT_3D('',#442,#443,#444);
#442 = CARTESIAN_POINT('',(27.904367540469,-46.33178233316,
    26.380541934569));
#443 = DIRECTION('',(-0.866025403784,-0.5,-0.));
#444 = DIRECTION('',(0.,0.,-1.));
#445 = DEFINITIONAL_REPRESENTATION('',(#446),#450);
#446 = LINE('',#447,#448);
#447 = CARTESIAN_POINT('',(-24.61945806543,19.423315726631));
#448 = VECTOR('',#449,1.);
#449 = DIRECTION('',(0.,-1.));
#450 = ( GEOMETRIC_REPRESENTATION_CONTEXT(2) 
PARAMETRIC_REPRESENTATION_CONTEXT() REPRESENTATION_CONTEXT('2D SPACE',''
  ) );
#451 = ORIENTED_EDGE('',*,*,#452,.T.);
#452 = EDGE_CURVE('',#425,#453,#455,.T.);
#453 = VERTEX_POINT('',#454);
#454 = CARTESIAN_POINT('',(36.486298798316,-1.,51.));
#455 = SURFACE_CURVE('',#456,(#461,#468),.PCURVE_S1.);
#456 = CIRCLE('',#457,36.5);
#457 = AXIS2_PLACEMENT_3D('',#458,#459,#460);
#458 = CARTESIAN_POINT('',(0.,0.,51.));
#459 = DIRECTION('',(0.,0.,1.));
#460 = DIRECTION('',(1.,0.,0.));
#461 = PCURVE('',#92,#462);
#462 = DEFINITIONAL_REPRESENTATION('',(#463),#467);
#463 = CIRCLE('',#464,36.5);
#464 = AXIS2_PLACEMENT_2D('',#465,#466);
#465 = CARTESIAN_POINT('',(4.375808424126E-15,-1.1100836264E-15));
#466 = DIRECTION('',(1.,0.));
#467 = ( GEOMETRIC_REPRESENTATION_CONTEXT(2) 
PARAMETRIC_REPRESENTATION_CONTEXT() REPRESENTATION_CONTEXT('2D SPACE',''
  ) );
#468 = PCURVE('',#469,#474);
#469 = CYLINDRICAL_SURFACE('',#470,36.5);
#470 = AXIS2_PLACEMENT_3D('',#471,#472,#473);
#471 = CARTESIAN_POINT('',(0.,0.,0.));
#472 = DIRECTION('',(-0.,-0.,-1.));
#473 = DIRECTION('',(1.,0.,0.));
#474 = DEFINITIONAL_REPRESENTATION('',(#475),#479);
#475 = LINE('',#476,#477);
#476 = CARTESIAN_POINT('',(-0.,-51.));
#477 = VECTOR('',#478,1.);
#478 = DIRECTION('',(-1.,0.));
#479 = ( GEOMETRIC_REPRESENTATION_CONTEXT(2) 
PARAMETRIC_REPRESENTATION_CONTEXT() REPRESENTATION_CONTEXT('2D SPACE',''
  ) );
#480 = ORIENTED_EDGE('',*,*,#481,.F.);
#481 = EDGE_CURVE('',#396,#453,#482,.T.);
#482 = SURFACE_CURVE('',#483,(#487,#494),.PCURVE_S1.);
#483 = LINE('',#484,#485);
#484 = CARTESIAN_POINT('',(73.5,-1.,51.));
#485 = VECTOR('',#486,1.);
#486 = DIRECTION('',(-1.,0.,0.));
#487 = PCURVE('',#92,#488);
#488 = DEFINITIONAL_REPRESENTATION('',(#489),#493);
#489 = LINE('',#490,#491);
#490 = CARTESIAN_POINT('',(73.5,-1.));
#491 = VECTOR('',#492,1.);
#492 = DIRECTION('',(-1.,0.));
#493 = ( GEOMETRIC_REPRESENTATION_CONTEXT(2) 
PARAMETRIC_REPRESENTATION_CONTEXT() REPRESENTATION_CONTEXT('2D SPACE',''
  ) );
#494 = PCURVE('',#495,#500);
#495 = PLANE('',#496);
#496 = AXIS2_PLACEMENT_3D('',#497,#498,#499);
#497 = CARTESIAN_POINT('',(54.076684273369,-1.,26.380541934569));
#498 = DIRECTION('',(-0.,-1.,-0.));
#499 = DIRECTION('',(0.,0.,-1.));
#500 = DEFINITIONAL_REPRESENTATION('',(#501),#505);
#501 = LINE('',#502,#503);
#502 = CARTESIAN_POINT('',(-24.61945806543,19.423315726631));
#503 = VECTOR('',#504,1.);
#504 = DIRECTION('',(0.,-1.));
#505 = ( GEOMETRIC_REPRESENTATION_CONTEXT(2) 
PARAMETRIC_REPRESENTATION_CONTEXT() REPRESENTATION_CONTEXT('2D SPACE',''
  ) );
#506 = FACE_BOUND('',#507,.T.);
#507 = EDGE_LOOP('',(#508,#539,#567,#596));
#508 = ORIENTED_EDGE('',*,*,#509,.F.);
#509 = EDGE_CURVE('',#510,#512,#514,.T.);
#510 = VERTEX_POINT('',#511);
#511 = CARTESIAN_POINT('',(-37.36260058557,62.713922517117,51.));
#512 = VERTEX_POINT('',#513);
#513 = CARTESIAN_POINT('',(-72.99315036357,1.,51.));
#514 = SURFACE_CURVE('',#515,(#520,#527),.PCURVE_S1.);
#515 = CIRCLE('',#516,73.);
#516 = AXIS2_PLACEMENT_3D('',#517,#518,#519);
#517 = CARTESIAN_POINT('',(0.,0.,51.));
#518 = DIRECTION('',(0.,0.,1.));
#519 = DIRECTION('',(1.,0.,0.));
#520 = PCURVE('',#92,#521);
#521 = DEFINITIONAL_REPRESENTATION('',(#522),#526);
#522 = CIRCLE('',#523,73.);
#523 = AXIS2_PLACEMENT_2D('',#524,#525);
#524 = CARTESIAN_POINT('',(4.375808424126E-15,-1.1100836264E-15));
#525 = DIRECTION('',(1.,0.));
#526 = ( GEOMETRIC_REPRESENTATION_CONTEXT(2) 
PARAMETRIC_REPRESENTATION_CONTEXT() REPRESENTATION_CONTEXT('2D SPACE',''
  ) );
#527 = PCURVE('',#528,#533);
#528 = CYLINDRICAL_SURFACE('',#529,73.);
#529 = AXIS2_PLACEMENT_3D('',#530,#531,#532);
#530 = CARTESIAN_POINT('',(0.,0.,44.));
#531 = DIRECTION('',(-0.,-0.,-1.));
#532 = DIRECTION('',(1.,0.,0.));
#533 = DEFINITIONAL_REPRESENTATION('',(#534),#538);
#534 = LINE('',#535,#536);
#535 = CARTESIAN_POINT('',(-0.,-7.));
#536 = VECTOR('',#537,1.);
#537 = DIRECTION('',(-1.,0.));
#538 = ( GEOMETRIC_REPRESENTATION_CONTEXT(2) 
PARAMETRIC_REPRESENTATION_CONTEXT() REPRESENTATION_CONTEXT('2D SPACE',''
  ) );
#539 = ORIENTED_EDGE('',*,*,#540,.T.);
#540 = EDGE_CURVE('',#510,#541,#543,.T.);
#541 = VERTEX_POINT('',#542);
#542 = CARTESIAN_POINT('',(-19.10917480294,31.098061649412,51.));
#543 = SURFACE_CURVE('',#544,(#548,#555),.PCURVE_S1.);
#544 = LINE('',#545,#546);
#545 = CARTESIAN_POINT('',(-37.61602540378,63.152867178156,51.));
#546 = VECTOR('',#547,1.);
#547 = DIRECTION('',(0.5,-0.866025403784,0.));
#548 = PCURVE('',#92,#549);
#549 = DEFINITIONAL_REPRESENTATION('',(#550),#554);
#550 = LINE('',#551,#552);
#551 = CARTESIAN_POINT('',(-37.61602540378,63.152867178156));
#552 = VECTOR('',#553,1.);
#553 = DIRECTION('',(0.5,-0.866025403784));
#554 = ( GEOMETRIC_REPRESENTATION_CONTEXT(2) 
PARAMETRIC_REPRESENTATION_CONTEXT() REPRESENTATION_CONTEXT('2D SPACE',''
  ) );
#555 = PCURVE('',#556,#561);
#556 = PLANE('',#557);
#557 = AXIS2_PLACEMENT_3D('',#558,#559,#560);
#558 = CARTESIAN_POINT('',(-27.90436754046,46.331782333168,
    26.380541934569));
#559 = DIRECTION('',(0.866025403784,0.5,-0.));
#560 = DIRECTION('',(-0.,0.,-1.));
#561 = DEFINITIONAL_REPRESENTATION('',(#562),#566);
#562 = LINE('',#563,#564);
#563 = CARTESIAN_POINT('',(-24.61945806543,19.423315726631));
#564 = VECTOR('',#565,1.);
#565 = DIRECTION('',(-0.,-1.));
#566 = ( GEOMETRIC_REPRESENTATION_CONTEXT(2) 
PARAMETRIC_REPRESENTATION_CONTEXT() REPRESENTATION_CONTEXT('2D SPACE',''
  ) );
#567 = ORIENTED_EDGE('',*,*,#568,.T.);
#568 = EDGE_CURVE('',#541,#569,#571,.T.);
#569 = VERTEX_POINT('',#570);
#570 = CARTESIAN_POINT('',(-36.48629879831,1.000000000001,51.));
#571 = SURFACE_CURVE('',#572,(#577,#584),.PCURVE_S1.);
#572 = CIRCLE('',#573,36.5);
#573 = AXIS2_PLACEMENT_3D('',#574,#575,#576);
#574 = CARTESIAN_POINT('',(0.,0.,51.));
#575 = DIRECTION('',(0.,0.,1.));
#576 = DIRECTION('',(1.,0.,0.));
#577 = PCURVE('',#92,#578);
#578 = DEFINITIONAL_REPRESENTATION('',(#579),#583);
#579 = CIRCLE('',#580,36.5);
#580 = AXIS2_PLACEMENT_2D('',#581,#582);
#581 = CARTESIAN_POINT('',(4.375808424126E-15,-1.1100836264E-15));
#582 = DIRECTION('',(1.,0.));
#583 = ( GEOMETRIC_REPRESENTATION_CONTEXT(2) 
PARAMETRIC_REPRESENTATION_CONTEXT() REPRESENTATION_CONTEXT('2D SPACE',''
  ) );
#584 = PCURVE('',#585,#590);
#585 = CYLINDRICAL_SURFACE('',#586,36.5);
#586 = AXIS2_PLACEMENT_3D('',#587,#588,#589);
#587 = CARTESIAN_POINT('',(0.,0.,0.));
#588 = DIRECTION('',(-0.,-0.,-1.));
#589 = DIRECTION('',(1.,0.,0.));
#590 = DEFINITIONAL_REPRESENTATION('',(#591),#595);
#591 = LINE('',#592,#593);
#592 = CARTESIAN_POINT('',(-0.,-51.));
#593 = VECTOR('',#594,1.);
#594 = DIRECTION('',(-1.,0.));
#595 = ( GEOMETRIC_REPRESENTATION_CONTEXT(2) 
PARAMETRIC_REPRESENTATION_CONTEXT() REPRESENTATION_CONTEXT('2D SPACE',''
  ) );
#596 = ORIENTED_EDGE('',*,*,#597,.F.);
#597 = EDGE_CURVE('',#512,#569,#598,.T.);
#598 = SURFACE_CURVE('',#599,(#603,#610),.PCURVE_S1.);
#599 = LINE('',#600,#601);
#600 = CARTESIAN_POINT('',(-73.5,1.,51.));
#601 = VECTOR('',#602,1.);
#602 = DIRECTION('',(1.,-1.224646799147E-16,0.));
#603 = PCURVE('',#92,#604);
#604 = DEFINITIONAL_REPRESENTATION('',(#605),#609);
#605 = LINE('',#606,#607);
#606 = CARTESIAN_POINT('',(-73.5,1.));
#607 = VECTOR('',#608,1.);
#608 = DIRECTION('',(1.,-1.224646799147E-16));
#609 = ( GEOMETRIC_REPRESENTATION_CONTEXT(2) 
PARAMETRIC_REPRESENTATION_CONTEXT() REPRESENTATION_CONTEXT('2D SPACE',''
  ) );
#610 = PCURVE('',#611,#616);
#611 = PLANE('',#612);
#612 = AXIS2_PLACEMENT_3D('',#613,#614,#615);
#613 = CARTESIAN_POINT('',(-54.07668427336,1.,26.380541934569));
#614 = DIRECTION('',(1.224646799147E-16,1.,-0.));
#615 = DIRECTION('',(-0.,0.,-1.));
#616 = DEFINITIONAL_REPRESENTATION('',(#617),#621);
#617 = LINE('',#618,#619);
#618 = CARTESIAN_POINT('',(-24.61945806543,19.423315726631));
#619 = VECTOR('',#620,1.);
#620 = DIRECTION('',(-0.,-1.));
#621 = ( GEOMETRIC_REPRESENTATION_CONTEXT(2) 
PARAMETRIC_REPRESENTATION_CONTEXT() REPRESENTATION_CONTEXT('2D SPACE',''
  ) );
#622 = FACE_BOUND('',#623,.T.);
#623 = EDGE_LOOP('',(#624,#655,#683,#711,#739,#768,#796,#824,#852,#881,
    #909,#937,#965,#994,#1022,#1050,#1078,#1107,#1135,#1163,#1191,#1220,
    #1248,#1276));
#624 = ORIENTED_EDGE('',*,*,#625,.F.);
#625 = EDGE_CURVE('',#626,#628,#630,.T.);
#626 = VERTEX_POINT('',#627);
#627 = CARTESIAN_POINT('',(33.478500563795,1.2,51.));
#628 = VERTEX_POINT('',#629);
#629 = CARTESIAN_POINT('',(17.778480766439,28.393231968858,51.));
#630 = SURFACE_CURVE('',#631,(#636,#643),.PCURVE_S1.);
#631 = CIRCLE('',#632,33.5);
#632 = AXIS2_PLACEMENT_3D('',#633,#634,#635);
#633 = CARTESIAN_POINT('',(0.,0.,51.));
#634 = DIRECTION('',(0.,0.,1.));
#635 = DIRECTION('',(1.,0.,0.));
#636 = PCURVE('',#92,#637);
#637 = DEFINITIONAL_REPRESENTATION('',(#638),#642);
#638 = CIRCLE('',#639,33.5);
#639 = AXIS2_PLACEMENT_2D('',#640,#641);
#640 = CARTESIAN_POINT('',(4.375808424126E-15,-1.1100836264E-15));
#641 = DIRECTION('',(1.,0.));
#642 = ( GEOMETRIC_REPRESENTATION_CONTEXT(2) 
PARAMETRIC_REPRESENTATION_CONTEXT() REPRESENTATION_CONTEXT('2D SPACE',''
  ) );
#643 = PCURVE('',#644,#649);
#644 = CYLINDRICAL_SURFACE('',#645,33.5);
#645 = AXIS2_PLACEMENT_3D('',#646,#647,#648);
#646 = CARTESIAN_POINT('',(0.,0.,43.));
#647 = DIRECTION('',(-0.,-0.,-1.));
#648 = DIRECTION('',(1.,0.,0.));
#649 = DEFINITIONAL_REPRESENTATION('',(#650),#654);
#650 = LINE('',#651,#652);
#651 = CARTESIAN_POINT('',(-0.,-8.));
#652 = VECTOR('',#653,1.);
#653 = DIRECTION('',(-1.,0.));
#654 = ( GEOMETRIC_REPRESENTATION_CONTEXT(2) 
PARAMETRIC_REPRESENTATION_CONTEXT() REPRESENTATION_CONTEXT('2D SPACE',''
  ) );
#655 = ORIENTED_EDGE('',*,*,#656,.T.);
#656 = EDGE_CURVE('',#626,#657,#659,.T.);
#657 = VERTEX_POINT('',#658);
#658 = CARTESIAN_POINT('',(34.9,1.2,51.));
#659 = SURFACE_CURVE('',#660,(#664,#671),.PCURVE_S1.);
#660 = LINE('',#661,#662);
#661 = CARTESIAN_POINT('',(33.,1.2,51.));
#662 = VECTOR('',#663,1.);
#663 = DIRECTION('',(1.,0.,0.));
#664 = PCURVE('',#92,#665);
#665 = DEFINITIONAL_REPRESENTATION('',(#666),#670);
#666 = LINE('',#667,#668);
#667 = CARTESIAN_POINT('',(33.,1.2));
#668 = VECTOR('',#669,1.);
#669 = DIRECTION('',(1.,0.));
#670 = ( GEOMETRIC_REPRESENTATION_CONTEXT(2) 
PARAMETRIC_REPRESENTATION_CONTEXT() REPRESENTATION_CONTEXT('2D SPACE',''
  ) );
#671 = PCURVE('',#672,#677);
#672 = PLANE('',#673);
#673 = AXIS2_PLACEMENT_3D('',#674,#675,#676);
#674 = CARTESIAN_POINT('',(33.,1.2,43.));
#675 = DIRECTION('',(0.,1.,0.));
#676 = DIRECTION('',(0.,0.,1.));
#677 = DEFINITIONAL_REPRESENTATION('',(#678),#682);
#678 = LINE('',#679,#680);
#679 = CARTESIAN_POINT('',(8.,0.));
#680 = VECTOR('',#681,1.);
#681 = DIRECTION('',(0.,1.));
#682 = ( GEOMETRIC_REPRESENTATION_CONTEXT(2) 
PARAMETRIC_REPRESENTATION_CONTEXT() REPRESENTATION_CONTEXT('2D SPACE',''
  ) );
#683 = ORIENTED_EDGE('',*,*,#684,.F.);
#684 = EDGE_CURVE('',#685,#657,#687,.T.);
#685 = VERTEX_POINT('',#686);
#686 = CARTESIAN_POINT('',(34.9,-1.2,51.));
#687 = SURFACE_CURVE('',#688,(#692,#699),.PCURVE_S1.);
#688 = LINE('',#689,#690);
#689 = CARTESIAN_POINT('',(34.9,-1.2,51.));
#690 = VECTOR('',#691,1.);
#691 = DIRECTION('',(0.,1.,0.));
#692 = PCURVE('',#92,#693);
#693 = DEFINITIONAL_REPRESENTATION('',(#694),#698);
#694 = LINE('',#695,#696);
#695 = CARTESIAN_POINT('',(34.9,-1.2));
#696 = VECTOR('',#697,1.);
#697 = DIRECTION('',(0.,1.));
#698 = ( GEOMETRIC_REPRESENTATION_CONTEXT(2) 
PARAMETRIC_REPRESENTATION_CONTEXT() REPRESENTATION_CONTEXT('2D SPACE',''
  ) );
#699 = PCURVE('',#700,#705);
#700 = PLANE('',#701);
#701 = AXIS2_PLACEMENT_3D('',#702,#703,#704);
#702 = CARTESIAN_POINT('',(34.9,-1.2,43.));
#703 = DIRECTION('',(1.,0.,0.));
#704 = DIRECTION('',(0.,0.,1.));
#705 = DEFINITIONAL_REPRESENTATION('',(#706),#710);
#706 = LINE('',#707,#708);
#707 = CARTESIAN_POINT('',(8.,0.));
#708 = VECTOR('',#709,1.);
#709 = DIRECTION('',(0.,-1.));
#710 = ( GEOMETRIC_REPRESENTATION_CONTEXT(2) 
PARAMETRIC_REPRESENTATION_CONTEXT() REPRESENTATION_CONTEXT('2D SPACE',''
  ) );
#711 = ORIENTED_EDGE('',*,*,#712,.F.);
#712 = EDGE_CURVE('',#713,#685,#715,.T.);
#713 = VERTEX_POINT('',#714);
#714 = CARTESIAN_POINT('',(33.478500563795,-1.2,51.));
#715 = SURFACE_CURVE('',#716,(#720,#727),.PCURVE_S1.);
#716 = LINE('',#717,#718);
#717 = CARTESIAN_POINT('',(33.,-1.2,51.));
#718 = VECTOR('',#719,1.);
#719 = DIRECTION('',(1.,0.,0.));
#720 = PCURVE('',#92,#721);
#721 = DEFINITIONAL_REPRESENTATION('',(#722),#726);
#722 = LINE('',#723,#724);
#723 = CARTESIAN_POINT('',(33.,-1.2));
#724 = VECTOR('',#725,1.);
#725 = DIRECTION('',(1.,0.));
#726 = ( GEOMETRIC_REPRESENTATION_CONTEXT(2) 
PARAMETRIC_REPRESENTATION_CONTEXT() REPRESENTATION_CONTEXT('2D SPACE',''
  ) );
#727 = PCURVE('',#728,#733);
#728 = PLANE('',#729);
#729 = AXIS2_PLACEMENT_3D('',#730,#731,#732);
#730 = CARTESIAN_POINT('',(33.,-1.2,43.));
#731 = DIRECTION('',(0.,1.,0.));
#732 = DIRECTION('',(0.,0.,1.));
#733 = DEFINITIONAL_REPRESENTATION('',(#734),#738);
#734 = LINE('',#735,#736);
#735 = CARTESIAN_POINT('',(8.,0.));
#736 = VECTOR('',#737,1.);
#737 = DIRECTION('',(0.,1.));
#738 = ( GEOMETRIC_REPRESENTATION_CONTEXT(2) 
PARAMETRIC_REPRESENTATION_CONTEXT() REPRESENTATION_CONTEXT('2D SPACE',''
  ) );
#739 = ORIENTED_EDGE('',*,*,#740,.F.);
#740 = EDGE_CURVE('',#741,#713,#743,.T.);
#741 = VERTEX_POINT('',#742);
#742 = CARTESIAN_POINT('',(17.778480766439,-28.39323196885,51.));
#743 = SURFACE_CURVE('',#744,(#749,#756),.PCURVE_S1.);
#744 = CIRCLE('',#745,33.5);
#745 = AXIS2_PLACEMENT_3D('',#746,#747,#748);
#746 = CARTESIAN_POINT('',(0.,0.,51.));
#747 = DIRECTION('',(0.,0.,1.));
#748 = DIRECTION('',(1.,0.,0.));
#749 = PCURVE('',#92,#750);
#750 = DEFINITIONAL_REPRESENTATION('',(#751),#755);
#751 = CIRCLE('',#752,33.5);
#752 = AXIS2_PLACEMENT_2D('',#753,#754);
#753 = CARTESIAN_POINT('',(4.375808424126E-15,-1.1100836264E-15));
#754 = DIRECTION('',(1.,0.));
#755 = ( GEOMETRIC_REPRESENTATION_CONTEXT(2) 
PARAMETRIC_REPRESENTATION_CONTEXT() REPRESENTATION_CONTEXT('2D SPACE',''
  ) );
#756 = PCURVE('',#757,#762);
#757 = CYLINDRICAL_SURFACE('',#758,33.5);
#758 = AXIS2_PLACEMENT_3D('',#759,#760,#761);
#759 = CARTESIAN_POINT('',(0.,0.,43.));
#760 = DIRECTION('',(-0.,-0.,-1.));
#761 = DIRECTION('',(1.,0.,0.));
#762 = DEFINITIONAL_REPRESENTATION('',(#763),#767);
#763 = LINE('',#764,#765);
#764 = CARTESIAN_POINT('',(-0.,-8.));
#765 = VECTOR('',#766,1.);
#766 = DIRECTION('',(-1.,0.));
#767 = ( GEOMETRIC_REPRESENTATION_CONTEXT(2) 
PARAMETRIC_REPRESENTATION_CONTEXT() REPRESENTATION_CONTEXT('2D SPACE',''
  ) );
#768 = ORIENTED_EDGE('',*,*,#769,.T.);
#769 = EDGE_CURVE('',#741,#770,#772,.T.);
#770 = VERTEX_POINT('',#771);
#771 = CARTESIAN_POINT('',(18.489230484541,-29.62428659207,51.));
#772 = SURFACE_CURVE('',#773,(#777,#784),.PCURVE_S1.);
#773 = LINE('',#774,#775);
#774 = CARTESIAN_POINT('',(17.539230484541,-27.97883832488,51.));
#775 = VECTOR('',#776,1.);
#776 = DIRECTION('',(0.5,-0.866025403784,0.));
#777 = PCURVE('',#92,#778);
#778 = DEFINITIONAL_REPRESENTATION('',(#779),#783);
#779 = LINE('',#780,#781);
#780 = CARTESIAN_POINT('',(17.539230484541,-27.97883832488));
#781 = VECTOR('',#782,1.);
#782 = DIRECTION('',(0.5,-0.866025403784));
#783 = ( GEOMETRIC_REPRESENTATION_CONTEXT(2) 
PARAMETRIC_REPRESENTATION_CONTEXT() REPRESENTATION_CONTEXT('2D SPACE',''
  ) );
#784 = PCURVE('',#785,#790);
#785 = PLANE('',#786);
#786 = AXIS2_PLACEMENT_3D('',#787,#788,#789);
#787 = CARTESIAN_POINT('',(17.539230484541,-27.97883832488,43.));
#788 = DIRECTION('',(0.866025403784,0.5,0.));
#789 = DIRECTION('',(0.,0.,1.));
#790 = DEFINITIONAL_REPRESENTATION('',(#791),#795);
#791 = LINE('',#792,#793);
#792 = CARTESIAN_POINT('',(8.,0.));
#793 = VECTOR('',#794,1.);
#794 = DIRECTION('',(0.,1.));
#795 = ( GEOMETRIC_REPRESENTATION_CONTEXT(2) 
PARAMETRIC_REPRESENTATION_CONTEXT() REPRESENTATION_CONTEXT('2D SPACE',''
  ) );
#796 = ORIENTED_EDGE('',*,*,#797,.F.);
#797 = EDGE_CURVE('',#798,#770,#800,.T.);
#798 = VERTEX_POINT('',#799);
#799 = CARTESIAN_POINT('',(16.410769515459,-30.82428659207,51.));
#800 = SURFACE_CURVE('',#801,(#805,#812),.PCURVE_S1.);
#801 = LINE('',#802,#803);
#802 = CARTESIAN_POINT('',(16.410769515459,-30.82428659207,51.));
#803 = VECTOR('',#804,1.);
#804 = DIRECTION('',(0.866025403784,0.5,0.));
#805 = PCURVE('',#92,#806);
#806 = DEFINITIONAL_REPRESENTATION('',(#807),#811);
#807 = LINE('',#808,#809);
#808 = CARTESIAN_POINT('',(16.410769515459,-30.82428659207));
#809 = VECTOR('',#810,1.);
#810 = DIRECTION('',(0.866025403784,0.5));
#811 = ( GEOMETRIC_REPRESENTATION_CONTEXT(2) 
PARAMETRIC_REPRESENTATION_CONTEXT() REPRESENTATION_CONTEXT('2D SPACE',''
  ) );
#812 = PCURVE('',#813,#818);
#813 = PLANE('',#814);
#814 = AXIS2_PLACEMENT_3D('',#815,#816,#817);
#815 = CARTESIAN_POINT('',(16.410769515459,-30.82428659207,43.));
#816 = DIRECTION('',(0.5,-0.866025403784,0.));
#817 = DIRECTION('',(0.,0.,1.));
#818 = DEFINITIONAL_REPRESENTATION('',(#819),#823);
#819 = LINE('',#820,#821);
#820 = CARTESIAN_POINT('',(8.,0.));
#821 = VECTOR('',#822,1.);
#822 = DIRECTION('',(0.,-1.));
#823 = ( GEOMETRIC_REPRESENTATION_CONTEXT(2) 
PARAMETRIC_REPRESENTATION_CONTEXT() REPRESENTATION_CONTEXT('2D SPACE',''
  ) );
#824 = ORIENTED_EDGE('',*,*,#825,.F.);
#825 = EDGE_CURVE('',#826,#798,#828,.T.);
#826 = VERTEX_POINT('',#827);
#827 = CARTESIAN_POINT('',(15.700019797355,-29.59323196885,51.));
#828 = SURFACE_CURVE('',#829,(#833,#840),.PCURVE_S1.);
#829 = LINE('',#830,#831);
#830 = CARTESIAN_POINT('',(15.460769515459,-29.17883832488,51.));
#831 = VECTOR('',#832,1.);
#832 = DIRECTION('',(0.5,-0.866025403784,0.));
#833 = PCURVE('',#92,#834);
#834 = DEFINITIONAL_REPRESENTATION('',(#835),#839);
#835 = LINE('',#836,#837);
#836 = CARTESIAN_POINT('',(15.460769515459,-29.17883832488));
#837 = VECTOR('',#838,1.);
#838 = DIRECTION('',(0.5,-0.866025403784));
#839 = ( GEOMETRIC_REPRESENTATION_CONTEXT(2) 
PARAMETRIC_REPRESENTATION_CONTEXT() REPRESENTATION_CONTEXT('2D SPACE',''
  ) );
#840 = PCURVE('',#841,#846);
#841 = PLANE('',#842);
#842 = AXIS2_PLACEMENT_3D('',#843,#844,#845);
#843 = CARTESIAN_POINT('',(15.460769515459,-29.17883832488,43.));
#844 = DIRECTION('',(0.866025403784,0.5,0.));
#845 = DIRECTION('',(0.,0.,1.));
#846 = DEFINITIONAL_REPRESENTATION('',(#847),#851);
#847 = LINE('',#848,#849);
#848 = CARTESIAN_POINT('',(8.,0.));
#849 = VECTOR('',#850,1.);
#850 = DIRECTION('',(0.,1.));
#851 = ( GEOMETRIC_REPRESENTATION_CONTEXT(2) 
PARAMETRIC_REPRESENTATION_CONTEXT() REPRESENTATION_CONTEXT('2D SPACE',''
  ) );
#852 = ORIENTED_EDGE('',*,*,#853,.F.);
#853 = EDGE_CURVE('',#854,#826,#856,.T.);
#854 = VERTEX_POINT('',#855);
#855 = CARTESIAN_POINT('',(-15.70001979735,-29.59323196885,51.));
#856 = SURFACE_CURVE('',#857,(#862,#869),.PCURVE_S1.);
#857 = CIRCLE('',#858,33.5);
#858 = AXIS2_PLACEMENT_3D('',#859,#860,#861);
#859 = CARTESIAN_POINT('',(0.,0.,51.));
#860 = DIRECTION('',(0.,0.,1.));
#861 = DIRECTION('',(1.,0.,0.));
#862 = PCURVE('',#92,#863);
#863 = DEFINITIONAL_REPRESENTATION('',(#864),#868);
#864 = CIRCLE('',#865,33.5);
#865 = AXIS2_PLACEMENT_2D('',#866,#867);
#866 = CARTESIAN_POINT('',(4.375808424126E-15,-1.1100836264E-15));
#867 = DIRECTION('',(1.,0.));
#868 = ( GEOMETRIC_REPRESENTATION_CONTEXT(2) 
PARAMETRIC_REPRESENTATION_CONTEXT() REPRESENTATION_CONTEXT('2D SPACE',''
  ) );
#869 = PCURVE('',#870,#875);
#870 = CYLINDRICAL_SURFACE('',#871,33.5);
#871 = AXIS2_PLACEMENT_3D('',#872,#873,#874);
#872 = CARTESIAN_POINT('',(0.,0.,43.));
#873 = DIRECTION('',(-0.,-0.,-1.));
#874 = DIRECTION('',(1.,0.,0.));
#875 = DEFINITIONAL_REPRESENTATION('',(#876),#880);
#876 = LINE('',#877,#878);
#877 = CARTESIAN_POINT('',(-0.,-8.));
#878 = VECTOR('',#879,1.);
#879 = DIRECTION('',(-1.,0.));
#880 = ( GEOMETRIC_REPRESENTATION_CONTEXT(2) 
PARAMETRIC_REPRESENTATION_CONTEXT() REPRESENTATION_CONTEXT('2D SPACE',''
  ) );
#881 = ORIENTED_EDGE('',*,*,#882,.T.);
#882 = EDGE_CURVE('',#854,#883,#885,.T.);
#883 = VERTEX_POINT('',#884);
#884 = CARTESIAN_POINT('',(-16.41076951545,-30.82428659207,51.));
#885 = SURFACE_CURVE('',#886,(#890,#897),.PCURVE_S1.);
#886 = LINE('',#887,#888);
#887 = CARTESIAN_POINT('',(-15.46076951545,-29.17883832488,51.));
#888 = VECTOR('',#889,1.);
#889 = DIRECTION('',(-0.5,-0.866025403784,0.));
#890 = PCURVE('',#92,#891);
#891 = DEFINITIONAL_REPRESENTATION('',(#892),#896);
#892 = LINE('',#893,#894);
#893 = CARTESIAN_POINT('',(-15.46076951545,-29.17883832488));
#894 = VECTOR('',#895,1.);
#895 = DIRECTION('',(-0.5,-0.866025403784));
#896 = ( GEOMETRIC_REPRESENTATION_CONTEXT(2) 
PARAMETRIC_REPRESENTATION_CONTEXT() REPRESENTATION_CONTEXT('2D SPACE',''
  ) );
#897 = PCURVE('',#898,#903);
#898 = PLANE('',#899);
#899 = AXIS2_PLACEMENT_3D('',#900,#901,#902);
#900 = CARTESIAN_POINT('',(-15.46076951545,-29.17883832488,43.));
#901 = DIRECTION('',(0.866025403784,-0.5,0.));
#902 = DIRECTION('',(0.,0.,1.));
#903 = DEFINITIONAL_REPRESENTATION('',(#904),#908);
#904 = LINE('',#905,#906);
#905 = CARTESIAN_POINT('',(8.,0.));
#906 = VECTOR('',#907,1.);
#907 = DIRECTION('',(0.,1.));
#908 = ( GEOMETRIC_REPRESENTATION_CONTEXT(2) 
PARAMETRIC_REPRESENTATION_CONTEXT() REPRESENTATION_CONTEXT('2D SPACE',''
  ) );
#909 = ORIENTED_EDGE('',*,*,#910,.F.);
#910 = EDGE_CURVE('',#911,#883,#913,.T.);
#911 = VERTEX_POINT('',#912);
#912 = CARTESIAN_POINT('',(-18.48923048454,-29.62428659207,51.));
#913 = SURFACE_CURVE('',#914,(#918,#925),.PCURVE_S1.);
#914 = LINE('',#915,#916);
#915 = CARTESIAN_POINT('',(-18.48923048454,-29.62428659207,51.));
#916 = VECTOR('',#917,1.);
#917 = DIRECTION('',(0.866025403784,-0.5,0.));
#918 = PCURVE('',#92,#919);
#919 = DEFINITIONAL_REPRESENTATION('',(#920),#924);
#920 = LINE('',#921,#922);
#921 = CARTESIAN_POINT('',(-18.48923048454,-29.62428659207));
#922 = VECTOR('',#923,1.);
#923 = DIRECTION('',(0.866025403784,-0.5));
#924 = ( GEOMETRIC_REPRESENTATION_CONTEXT(2) 
PARAMETRIC_REPRESENTATION_CONTEXT() REPRESENTATION_CONTEXT('2D SPACE',''
  ) );
#925 = PCURVE('',#926,#931);
#926 = PLANE('',#927);
#927 = AXIS2_PLACEMENT_3D('',#928,#929,#930);
#928 = CARTESIAN_POINT('',(-18.48923048454,-29.62428659207,43.));
#929 = DIRECTION('',(-0.5,-0.866025403784,0.));
#930 = DIRECTION('',(0.,0.,1.));
#931 = DEFINITIONAL_REPRESENTATION('',(#932),#936);
#932 = LINE('',#933,#934);
#933 = CARTESIAN_POINT('',(8.,0.));
#934 = VECTOR('',#935,1.);
#935 = DIRECTION('',(0.,-1.));
#936 = ( GEOMETRIC_REPRESENTATION_CONTEXT(2) 
PARAMETRIC_REPRESENTATION_CONTEXT() REPRESENTATION_CONTEXT('2D SPACE',''
  ) );
#937 = ORIENTED_EDGE('',*,*,#938,.F.);
#938 = EDGE_CURVE('',#939,#911,#941,.T.);
#939 = VERTEX_POINT('',#940);
#940 = CARTESIAN_POINT('',(-17.77848076643,-28.39323196885,51.));
#941 = SURFACE_CURVE('',#942,(#946,#953),.PCURVE_S1.);
#942 = LINE('',#943,#944);
#943 = CARTESIAN_POINT('',(-17.53923048454,-27.97883832488,51.));
#944 = VECTOR('',#945,1.);
#945 = DIRECTION('',(-0.5,-0.866025403784,0.));
#946 = PCURVE('',#92,#947);
#947 = DEFINITIONAL_REPRESENTATION('',(#948),#952);
#948 = LINE('',#949,#950);
#949 = CARTESIAN_POINT('',(-17.53923048454,-27.97883832488));
#950 = VECTOR('',#951,1.);
#951 = DIRECTION('',(-0.5,-0.866025403784));
#952 = ( GEOMETRIC_REPRESENTATION_CONTEXT(2) 
PARAMETRIC_REPRESENTATION_CONTEXT() REPRESENTATION_CONTEXT('2D SPACE',''
  ) );
#953 = PCURVE('',#954,#959);
#954 = PLANE('',#955);
#955 = AXIS2_PLACEMENT_3D('',#956,#957,#958);
#956 = CARTESIAN_POINT('',(-17.53923048454,-27.97883832488,43.));
#957 = DIRECTION('',(0.866025403784,-0.5,0.));
#958 = DIRECTION('',(0.,0.,1.));
#959 = DEFINITIONAL_REPRESENTATION('',(#960),#964);
#960 = LINE('',#961,#962);
#961 = CARTESIAN_POINT('',(8.,0.));
#962 = VECTOR('',#963,1.);
#963 = DIRECTION('',(0.,1.));
#964 = ( GEOMETRIC_REPRESENTATION_CONTEXT(2) 
PARAMETRIC_REPRESENTATION_CONTEXT() REPRESENTATION_CONTEXT('2D SPACE',''
  ) );
#965 = ORIENTED_EDGE('',*,*,#966,.F.);
#966 = EDGE_CURVE('',#967,#939,#969,.T.);
#967 = VERTEX_POINT('',#968);
#968 = CARTESIAN_POINT('',(-33.47850056379,-1.200000000001,51.));
#969 = SURFACE_CURVE('',#970,(#975,#982),.PCURVE_S1.);
#970 = CIRCLE('',#971,33.5);
#971 = AXIS2_PLACEMENT_3D('',#972,#973,#974);
#972 = CARTESIAN_POINT('',(0.,0.,51.));
#973 = DIRECTION('',(0.,0.,1.));
#974 = DIRECTION('',(1.,0.,0.));
#975 = PCURVE('',#92,#976);
#976 = DEFINITIONAL_REPRESENTATION('',(#977),#981);
#977 = CIRCLE('',#978,33.5);
#978 = AXIS2_PLACEMENT_2D('',#979,#980);
#979 = CARTESIAN_POINT('',(4.375808424126E-15,-1.1100836264E-15));
#980 = DIRECTION('',(1.,0.));
#981 = ( GEOMETRIC_REPRESENTATION_CONTEXT(2) 
PARAMETRIC_REPRESENTATION_CONTEXT() REPRESENTATION_CONTEXT('2D SPACE',''
  ) );
#982 = PCURVE('',#983,#988);
#983 = CYLINDRICAL_SURFACE('',#984,33.5);
#984 = AXIS2_PLACEMENT_3D('',#985,#986,#987);
#985 = CARTESIAN_POINT('',(0.,0.,43.));
#986 = DIRECTION('',(-0.,-0.,-1.));
#987 = DIRECTION('',(1.,0.,0.));
#988 = DEFINITIONAL_REPRESENTATION('',(#989),#993);
#989 = LINE('',#990,#991);
#990 = CARTESIAN_POINT('',(-0.,-8.));
#991 = VECTOR('',#992,1.);
#992 = DIRECTION('',(-1.,0.));
#993 = ( GEOMETRIC_REPRESENTATION_CONTEXT(2) 
PARAMETRIC_REPRESENTATION_CONTEXT() REPRESENTATION_CONTEXT('2D SPACE',''
  ) );
#994 = ORIENTED_EDGE('',*,*,#995,.T.);
#995 = EDGE_CURVE('',#967,#996,#998,.T.);
#996 = VERTEX_POINT('',#997);
#997 = CARTESIAN_POINT('',(-34.9,-1.2,51.));
#998 = SURFACE_CURVE('',#999,(#1003,#1010),.PCURVE_S1.);
#999 = LINE('',#1000,#1001);
#1000 = CARTESIAN_POINT('',(-33.,-1.2,51.));
#1001 = VECTOR('',#1002,1.);
#1002 = DIRECTION('',(-1.,1.224646799147E-16,0.));
#1003 = PCURVE('',#92,#1004);
#1004 = DEFINITIONAL_REPRESENTATION('',(#1005),#1009);
#1005 = LINE('',#1006,#1007);
#1006 = CARTESIAN_POINT('',(-33.,-1.2));
#1007 = VECTOR('',#1008,1.);
#1008 = DIRECTION('',(-1.,1.224646799147E-16));
#1009 = ( GEOMETRIC_REPRESENTATION_CONTEXT(2) 
PARAMETRIC_REPRESENTATION_CONTEXT() REPRESENTATION_CONTEXT('2D SPACE',''
  ) );
#1010 = PCURVE('',#1011,#1016);
#1011 = PLANE('',#1012);
#1012 = AXIS2_PLACEMENT_3D('',#1013,#1014,#1015);
#1013 = CARTESIAN_POINT('',(-33.,-1.2,43.));
#1014 = DIRECTION('',(-1.224646799147E-16,-1.,0.));
#1015 = DIRECTION('',(0.,0.,1.));
#1016 = DEFINITIONAL_REPRESENTATION('',(#1017),#1021);
#1017 = LINE('',#1018,#1019);
#1018 = CARTESIAN_POINT('',(8.,0.));
#1019 = VECTOR('',#1020,1.);
#1020 = DIRECTION('',(0.,1.));
#1021 = ( GEOMETRIC_REPRESENTATION_CONTEXT(2) 
PARAMETRIC_REPRESENTATION_CONTEXT() REPRESENTATION_CONTEXT('2D SPACE',''
  ) );
#1022 = ORIENTED_EDGE('',*,*,#1023,.F.);
#1023 = EDGE_CURVE('',#1024,#996,#1026,.T.);
#1024 = VERTEX_POINT('',#1025);
#1025 = CARTESIAN_POINT('',(-34.9,1.2,51.));
#1026 = SURFACE_CURVE('',#1027,(#1031,#1038),.PCURVE_S1.);
#1027 = LINE('',#1028,#1029);
#1028 = CARTESIAN_POINT('',(-34.9,1.2,51.));
#1029 = VECTOR('',#1030,1.);
#1030 = DIRECTION('',(-1.224646799147E-16,-1.,0.));
#1031 = PCURVE('',#92,#1032);
#1032 = DEFINITIONAL_REPRESENTATION('',(#1033),#1037);
#1033 = LINE('',#1034,#1035);
#1034 = CARTESIAN_POINT('',(-34.9,1.2));
#1035 = VECTOR('',#1036,1.);
#1036 = DIRECTION('',(-1.224646799147E-16,-1.));
#1037 = ( GEOMETRIC_REPRESENTATION_CONTEXT(2) 
PARAMETRIC_REPRESENTATION_CONTEXT() REPRESENTATION_CONTEXT('2D SPACE',''
  ) );
#1038 = PCURVE('',#1039,#1044);
#1039 = PLANE('',#1040);
#1040 = AXIS2_PLACEMENT_3D('',#1041,#1042,#1043);
#1041 = CARTESIAN_POINT('',(-34.9,1.2,43.));
#1042 = DIRECTION('',(-1.,1.224646799147E-16,0.));
#1043 = DIRECTION('',(0.,0.,1.));
#1044 = DEFINITIONAL_REPRESENTATION('',(#1045),#1049);
#1045 = LINE('',#1046,#1047);
#1046 = CARTESIAN_POINT('',(8.,0.));
#1047 = VECTOR('',#1048,1.);
#1048 = DIRECTION('',(0.,-1.));
#1049 = ( GEOMETRIC_REPRESENTATION_CONTEXT(2) 
PARAMETRIC_REPRESENTATION_CONTEXT() REPRESENTATION_CONTEXT('2D SPACE',''
  ) );
#1050 = ORIENTED_EDGE('',*,*,#1051,.F.);
#1051 = EDGE_CURVE('',#1052,#1024,#1054,.T.);
#1052 = VERTEX_POINT('',#1053);
#1053 = CARTESIAN_POINT('',(-33.47850056379,1.200000000001,51.));
#1054 = SURFACE_CURVE('',#1055,(#1059,#1066),.PCURVE_S1.);
#1055 = LINE('',#1056,#1057);
#1056 = CARTESIAN_POINT('',(-33.,1.2,51.));
#1057 = VECTOR('',#1058,1.);
#1058 = DIRECTION('',(-1.,1.224646799147E-16,0.));
#1059 = PCURVE('',#92,#1060);
#1060 = DEFINITIONAL_REPRESENTATION('',(#1061),#1065);
#1061 = LINE('',#1062,#1063);
#1062 = CARTESIAN_POINT('',(-33.,1.2));
#1063 = VECTOR('',#1064,1.);
#1064 = DIRECTION('',(-1.,1.224646799147E-16));
#1065 = ( GEOMETRIC_REPRESENTATION_CONTEXT(2) 
PARAMETRIC_REPRESENTATION_CONTEXT() REPRESENTATION_CONTEXT('2D SPACE',''
  ) );
#1066 = PCURVE('',#1067,#1072);
#1067 = PLANE('',#1068);
#1068 = AXIS2_PLACEMENT_3D('',#1069,#1070,#1071);
#1069 = CARTESIAN_POINT('',(-33.,1.2,43.));
#1070 = DIRECTION('',(-1.224646799147E-16,-1.,0.));
#1071 = DIRECTION('',(0.,0.,1.));
#1072 = DEFINITIONAL_REPRESENTATION('',(#1073),#1077);
#1073 = LINE('',#1074,#1075);
#1074 = CARTESIAN_POINT('',(8.,0.));
#1075 = VECTOR('',#1076,1.);
#1076 = DIRECTION('',(0.,1.));
#1077 = ( GEOMETRIC_REPRESENTATION_CONTEXT(2) 
PARAMETRIC_REPRESENTATION_CONTEXT() REPRESENTATION_CONTEXT('2D SPACE',''
  ) );
#1078 = ORIENTED_EDGE('',*,*,#1079,.F.);
#1079 = EDGE_CURVE('',#1080,#1052,#1082,.T.);
#1080 = VERTEX_POINT('',#1081);
#1081 = CARTESIAN_POINT('',(-17.77848076643,28.393231968858,51.));
#1082 = SURFACE_CURVE('',#1083,(#1088,#1095),.PCURVE_S1.);
#1083 = CIRCLE('',#1084,33.5);
#1084 = AXIS2_PLACEMENT_3D('',#1085,#1086,#1087);
#1085 = CARTESIAN_POINT('',(0.,0.,51.));
#1086 = DIRECTION('',(0.,0.,1.));
#1087 = DIRECTION('',(1.,0.,0.));
#1088 = PCURVE('',#92,#1089);
#1089 = DEFINITIONAL_REPRESENTATION('',(#1090),#1094);
#1090 = CIRCLE('',#1091,33.5);
#1091 = AXIS2_PLACEMENT_2D('',#1092,#1093);
#1092 = CARTESIAN_POINT('',(4.375808424126E-15,-1.1100836264E-15));
#1093 = DIRECTION('',(1.,0.));
#1094 = ( GEOMETRIC_REPRESENTATION_CONTEXT(2) 
PARAMETRIC_REPRESENTATION_CONTEXT() REPRESENTATION_CONTEXT('2D SPACE',''
  ) );
#1095 = PCURVE('',#1096,#1101);
#1096 = CYLINDRICAL_SURFACE('',#1097,33.5);
#1097 = AXIS2_PLACEMENT_3D('',#1098,#1099,#1100);
#1098 = CARTESIAN_POINT('',(0.,0.,43.));
#1099 = DIRECTION('',(-0.,-0.,-1.));
#1100 = DIRECTION('',(1.,0.,0.));
#1101 = DEFINITIONAL_REPRESENTATION('',(#1102),#1106);
#1102 = LINE('',#1103,#1104);
#1103 = CARTESIAN_POINT('',(-0.,-8.));
#1104 = VECTOR('',#1105,1.);
#1105 = DIRECTION('',(-1.,0.));
#1106 = ( GEOMETRIC_REPRESENTATION_CONTEXT(2) 
PARAMETRIC_REPRESENTATION_CONTEXT() REPRESENTATION_CONTEXT('2D SPACE',''
  ) );
#1107 = ORIENTED_EDGE('',*,*,#1108,.T.);
#1108 = EDGE_CURVE('',#1080,#1109,#1111,.T.);
#1109 = VERTEX_POINT('',#1110);
#1110 = CARTESIAN_POINT('',(-18.48923048454,29.624286592077,51.));
#1111 = SURFACE_CURVE('',#1112,(#1116,#1123),.PCURVE_S1.);
#1112 = LINE('',#1113,#1114);
#1113 = CARTESIAN_POINT('',(-17.53923048454,27.978838324886,51.));
#1114 = VECTOR('',#1115,1.);
#1115 = DIRECTION('',(-0.5,0.866025403784,0.));
#1116 = PCURVE('',#92,#1117);
#1117 = DEFINITIONAL_REPRESENTATION('',(#1118),#1122);
#1118 = LINE('',#1119,#1120);
#1119 = CARTESIAN_POINT('',(-17.53923048454,27.978838324886));
#1120 = VECTOR('',#1121,1.);
#1121 = DIRECTION('',(-0.5,0.866025403784));
#1122 = ( GEOMETRIC_REPRESENTATION_CONTEXT(2) 
PARAMETRIC_REPRESENTATION_CONTEXT() REPRESENTATION_CONTEXT('2D SPACE',''
  ) );
#1123 = PCURVE('',#1124,#1129);
#1124 = PLANE('',#1125);
#1125 = AXIS2_PLACEMENT_3D('',#1126,#1127,#1128);
#1126 = CARTESIAN_POINT('',(-17.53923048454,27.978838324886,43.));
#1127 = DIRECTION('',(-0.866025403784,-0.5,0.));
#1128 = DIRECTION('',(0.,0.,1.));
#1129 = DEFINITIONAL_REPRESENTATION('',(#1130),#1134);
#1130 = LINE('',#1131,#1132);
#1131 = CARTESIAN_POINT('',(8.,0.));
#1132 = VECTOR('',#1133,1.);
#1133 = DIRECTION('',(0.,1.));
#1134 = ( GEOMETRIC_REPRESENTATION_CONTEXT(2) 
PARAMETRIC_REPRESENTATION_CONTEXT() REPRESENTATION_CONTEXT('2D SPACE',''
  ) );
#1135 = ORIENTED_EDGE('',*,*,#1136,.F.);
#1136 = EDGE_CURVE('',#1137,#1109,#1139,.T.);
#1137 = VERTEX_POINT('',#1138);
#1138 = CARTESIAN_POINT('',(-16.41076951545,30.824286592077,51.));
#1139 = SURFACE_CURVE('',#1140,(#1144,#1151),.PCURVE_S1.);
#1140 = LINE('',#1141,#1142);
#1141 = CARTESIAN_POINT('',(-16.41076951545,30.824286592077,51.));
#1142 = VECTOR('',#1143,1.);
#1143 = DIRECTION('',(-0.866025403784,-0.5,0.));
#1144 = PCURVE('',#92,#1145);
#1145 = DEFINITIONAL_REPRESENTATION('',(#1146),#1150);
#1146 = LINE('',#1147,#1148);
#1147 = CARTESIAN_POINT('',(-16.41076951545,30.824286592077));
#1148 = VECTOR('',#1149,1.);
#1149 = DIRECTION('',(-0.866025403784,-0.5));
#1150 = ( GEOMETRIC_REPRESENTATION_CONTEXT(2) 
PARAMETRIC_REPRESENTATION_CONTEXT() REPRESENTATION_CONTEXT('2D SPACE',''
  ) );
#1151 = PCURVE('',#1152,#1157);
#1152 = PLANE('',#1153);
#1153 = AXIS2_PLACEMENT_3D('',#1154,#1155,#1156);
#1154 = CARTESIAN_POINT('',(-16.41076951545,30.824286592077,43.));
#1155 = DIRECTION('',(-0.5,0.866025403784,0.));
#1156 = DIRECTION('',(0.,0.,1.));
#1157 = DEFINITIONAL_REPRESENTATION('',(#1158),#1162);
#1158 = LINE('',#1159,#1160);
#1159 = CARTESIAN_POINT('',(8.,0.));
#1160 = VECTOR('',#1161,1.);
#1161 = DIRECTION('',(0.,-1.));
#1162 = ( GEOMETRIC_REPRESENTATION_CONTEXT(2) 
PARAMETRIC_REPRESENTATION_CONTEXT() REPRESENTATION_CONTEXT('2D SPACE',''
  ) );
#1163 = ORIENTED_EDGE('',*,*,#1164,.F.);
#1164 = EDGE_CURVE('',#1165,#1137,#1167,.T.);
#1165 = VERTEX_POINT('',#1166);
#1166 = CARTESIAN_POINT('',(-15.70001979735,29.593231968858,51.));
#1167 = SURFACE_CURVE('',#1168,(#1172,#1179),.PCURVE_S1.);
#1168 = LINE('',#1169,#1170);
#1169 = CARTESIAN_POINT('',(-15.46076951545,29.178838324886,51.));
#1170 = VECTOR('',#1171,1.);
#1171 = DIRECTION('',(-0.5,0.866025403784,0.));
#1172 = PCURVE('',#92,#1173);
#1173 = DEFINITIONAL_REPRESENTATION('',(#1174),#1178);
#1174 = LINE('',#1175,#1176);
#1175 = CARTESIAN_POINT('',(-15.46076951545,29.178838324886));
#1176 = VECTOR('',#1177,1.);
#1177 = DIRECTION('',(-0.5,0.866025403784));
#1178 = ( GEOMETRIC_REPRESENTATION_CONTEXT(2) 
PARAMETRIC_REPRESENTATION_CONTEXT() REPRESENTATION_CONTEXT('2D SPACE',''
  ) );
#1179 = PCURVE('',#1180,#1185);
#1180 = PLANE('',#1181);
#1181 = AXIS2_PLACEMENT_3D('',#1182,#1183,#1184);
#1182 = CARTESIAN_POINT('',(-15.46076951545,29.178838324886,43.));
#1183 = DIRECTION('',(-0.866025403784,-0.5,0.));
#1184 = DIRECTION('',(0.,0.,1.));
#1185 = DEFINITIONAL_REPRESENTATION('',(#1186),#1190);
#1186 = LINE('',#1187,#1188);
#1187 = CARTESIAN_POINT('',(8.,0.));
#1188 = VECTOR('',#1189,1.);
#1189 = DIRECTION('',(0.,1.));
#1190 = ( GEOMETRIC_REPRESENTATION_CONTEXT(2) 
PARAMETRIC_REPRESENTATION_CONTEXT() REPRESENTATION_CONTEXT('2D SPACE',''
  ) );
#1191 = ORIENTED_EDGE('',*,*,#1192,.F.);
#1192 = EDGE_CURVE('',#1193,#1165,#1195,.T.);
#1193 = VERTEX_POINT('',#1194);
#1194 = CARTESIAN_POINT('',(15.700019797355,29.593231968858,51.));
#1195 = SURFACE_CURVE('',#1196,(#1201,#1208),.PCURVE_S1.);
#1196 = CIRCLE('',#1197,33.5);
#1197 = AXIS2_PLACEMENT_3D('',#1198,#1199,#1200);
#1198 = CARTESIAN_POINT('',(0.,0.,51.));
#1199 = DIRECTION('',(0.,0.,1.));
#1200 = DIRECTION('',(1.,0.,0.));
#1201 = PCURVE('',#92,#1202);
#1202 = DEFINITIONAL_REPRESENTATION('',(#1203),#1207);
#1203 = CIRCLE('',#1204,33.5);
#1204 = AXIS2_PLACEMENT_2D('',#1205,#1206);
#1205 = CARTESIAN_POINT('',(4.375808424126E-15,-1.1100836264E-15));
#1206 = DIRECTION('',(1.,0.));
#1207 = ( GEOMETRIC_REPRESENTATION_CONTEXT(2) 
PARAMETRIC_REPRESENTATION_CONTEXT() REPRESENTATION_CONTEXT('2D SPACE',''
  ) );
#1208 = PCURVE('',#1209,#1214);
#1209 = CYLINDRICAL_SURFACE('',#1210,33.5);
#1210 = AXIS2_PLACEMENT_3D('',#1211,#1212,#1213);
#1211 = CARTESIAN_POINT('',(0.,0.,43.));
#1212 = DIRECTION('',(-0.,-0.,-1.));
#1213 = DIRECTION('',(1.,0.,0.));
#1214 = DEFINITIONAL_REPRESENTATION('',(#1215),#1219);
#1215 = LINE('',#1216,#1217);
#1216 = CARTESIAN_POINT('',(-0.,-8.));
#1217 = VECTOR('',#1218,1.);
#1218 = DIRECTION('',(-1.,0.));
#1219 = ( GEOMETRIC_REPRESENTATION_CONTEXT(2) 
PARAMETRIC_REPRESENTATION_CONTEXT() REPRESENTATION_CONTEXT('2D SPACE',''
  ) );
#1220 = ORIENTED_EDGE('',*,*,#1221,.T.);
#1221 = EDGE_CURVE('',#1193,#1222,#1224,.T.);
#1222 = VERTEX_POINT('',#1223);
#1223 = CARTESIAN_POINT('',(16.410769515459,30.824286592077,51.));
#1224 = SURFACE_CURVE('',#1225,(#1229,#1236),.PCURVE_S1.);
#1225 = LINE('',#1226,#1227);
#1226 = CARTESIAN_POINT('',(15.460769515459,29.178838324886,51.));
#1227 = VECTOR('',#1228,1.);
#1228 = DIRECTION('',(0.5,0.866025403784,0.));
#1229 = PCURVE('',#92,#1230);
#1230 = DEFINITIONAL_REPRESENTATION('',(#1231),#1235);
#1231 = LINE('',#1232,#1233);
#1232 = CARTESIAN_POINT('',(15.460769515459,29.178838324886));
#1233 = VECTOR('',#1234,1.);
#1234 = DIRECTION('',(0.5,0.866025403784));
#1235 = ( GEOMETRIC_REPRESENTATION_CONTEXT(2) 
PARAMETRIC_REPRESENTATION_CONTEXT() REPRESENTATION_CONTEXT('2D SPACE',''
  ) );
#1236 = PCURVE('',#1237,#1242);
#1237 = PLANE('',#1238);
#1238 = AXIS2_PLACEMENT_3D('',#1239,#1240,#1241);
#1239 = CARTESIAN_POINT('',(15.460769515459,29.178838324886,43.));
#1240 = DIRECTION('',(-0.866025403784,0.5,0.));
#1241 = DIRECTION('',(0.,0.,1.));
#1242 = DEFINITIONAL_REPRESENTATION('',(#1243),#1247);
#1243 = LINE('',#1244,#1245);
#1244 = CARTESIAN_POINT('',(8.,0.));
#1245 = VECTOR('',#1246,1.);
#1246 = DIRECTION('',(0.,1.));
#1247 = ( GEOMETRIC_REPRESENTATION_CONTEXT(2) 
PARAMETRIC_REPRESENTATION_CONTEXT() REPRESENTATION_CONTEXT('2D SPACE',''
  ) );
#1248 = ORIENTED_EDGE('',*,*,#1249,.F.);
#1249 = EDGE_CURVE('',#1250,#1222,#1252,.T.);
#1250 = VERTEX_POINT('',#1251);
#1251 = CARTESIAN_POINT('',(18.489230484541,29.624286592077,51.));
#1252 = SURFACE_CURVE('',#1253,(#1257,#1264),.PCURVE_S1.);
#1253 = LINE('',#1254,#1255);
#1254 = CARTESIAN_POINT('',(18.489230484541,29.624286592077,51.));
#1255 = VECTOR('',#1256,1.);
#1256 = DIRECTION('',(-0.866025403784,0.5,0.));
#1257 = PCURVE('',#92,#1258);
#1258 = DEFINITIONAL_REPRESENTATION('',(#1259),#1263);
#1259 = LINE('',#1260,#1261);
#1260 = CARTESIAN_POINT('',(18.489230484541,29.624286592077));
#1261 = VECTOR('',#1262,1.);
#1262 = DIRECTION('',(-0.866025403784,0.5));
#1263 = ( GEOMETRIC_REPRESENTATION_CONTEXT(2) 
PARAMETRIC_REPRESENTATION_CONTEXT() REPRESENTATION_CONTEXT('2D SPACE',''
  ) );
#1264 = PCURVE('',#1265,#1270);
#1265 = PLANE('',#1266);
#1266 = AXIS2_PLACEMENT_3D('',#1267,#1268,#1269);
#1267 = CARTESIAN_POINT('',(18.489230484541,29.624286592077,43.));
#1268 = DIRECTION('',(0.5,0.866025403784,0.));
#1269 = DIRECTION('',(0.,0.,1.));
#1270 = DEFINITIONAL_REPRESENTATION('',(#1271),#1275);
#1271 = LINE('',#1272,#1273);
#1272 = CARTESIAN_POINT('',(8.,0.));
#1273 = VECTOR('',#1274,1.);
#1274 = DIRECTION('',(0.,-1.));
#1275 = ( GEOMETRIC_REPRESENTATION_CONTEXT(2) 
PARAMETRIC_REPRESENTATION_CONTEXT() REPRESENTATION_CONTEXT('2D SPACE',''
  ) );
#1276 = ORIENTED_EDGE('',*,*,#1277,.F.);
#1277 = EDGE_CURVE('',#628,#1250,#1278,.T.);
#1278 = SURFACE_CURVE('',#1279,(#1283,#1290),.PCURVE_S1.);
#1279 = LINE('',#1280,#1281);
#1280 = CARTESIAN_POINT('',(17.539230484541,27.978838324886,51.));
#1281 = VECTOR('',#1282,1.);
#1282 = DIRECTION('',(0.5,0.866025403784,0.));
#1283 = PCURVE('',#92,#1284);
#1284 = DEFINITIONAL_REPRESENTATION('',(#1285),#1289);
#1285 = LINE('',#1286,#1287);
#1286 = CARTESIAN_POINT('',(17.539230484541,27.978838324886));
#1287 = VECTOR('',#1288,1.);
#1288 = DIRECTION('',(0.5,0.866025403784));
#1289 = ( GEOMETRIC_REPRESENTATION_CONTEXT(2) 
PARAMETRIC_REPRESENTATION_CONTEXT() REPRESENTATION_CONTEXT('2D SPACE',''
  ) );
#1290 = PCURVE('',#1291,#1296);
#1291 = PLANE('',#1292);
#1292 = AXIS2_PLACEMENT_3D('',#1293,#1294,#1295);
#1293 = CARTESIAN_POINT('',(17.539230484541,27.978838324886,43.));
#1294 = DIRECTION('',(-0.866025403784,0.5,0.));
#1295 = DIRECTION('',(0.,0.,1.));
#1296 = DEFINITIONAL_REPRESENTATION('',(#1297),#1301);
#1297 = LINE('',#1298,#1299);
#1298 = CARTESIAN_POINT('',(8.,0.));
#1299 = VECTOR('',#1300,1.);
#1300 = DIRECTION('',(0.,1.));
#1301 = ( GEOMETRIC_REPRESENTATION_CONTEXT(2) 
PARAMETRIC_REPRESENTATION_CONTEXT() REPRESENTATION_CONTEXT('2D SPACE',''
  ) );
#1302 = FACE_BOUND('',#1303,.T.);
#1303 = EDGE_LOOP('',(#1304,#1335,#1363,#1392));
#1304 = ORIENTED_EDGE('',*,*,#1305,.F.);
#1305 = EDGE_CURVE('',#1306,#1308,#1310,.T.);
#1306 = VERTEX_POINT('',#1307);
#1307 = CARTESIAN_POINT('',(72.993150363579,0.999999999999,51.));
#1308 = VERTEX_POINT('',#1309);
#1309 = CARTESIAN_POINT('',(37.362600585573,62.713922517117,51.));
#1310 = SURFACE_CURVE('',#1311,(#1316,#1323),.PCURVE_S1.);
#1311 = CIRCLE('',#1312,73.);
#1312 = AXIS2_PLACEMENT_3D('',#1313,#1314,#1315);
#1313 = CARTESIAN_POINT('',(0.,0.,51.));
#1314 = DIRECTION('',(0.,0.,1.));
#1315 = DIRECTION('',(1.,0.,0.));
#1316 = PCURVE('',#92,#1317);
#1317 = DEFINITIONAL_REPRESENTATION('',(#1318),#1322);
#1318 = CIRCLE('',#1319,73.);
#1319 = AXIS2_PLACEMENT_2D('',#1320,#1321);
#1320 = CARTESIAN_POINT('',(4.375808424126E-15,-1.1100836264E-15));
#1321 = DIRECTION('',(1.,0.));
#1322 = ( GEOMETRIC_REPRESENTATION_CONTEXT(2) 
PARAMETRIC_REPRESENTATION_CONTEXT() REPRESENTATION_CONTEXT('2D SPACE',''
  ) );
#1323 = PCURVE('',#1324,#1329);
#1324 = CYLINDRICAL_SURFACE('',#1325,73.);
#1325 = AXIS2_PLACEMENT_3D('',#1326,#1327,#1328);
#1326 = CARTESIAN_POINT('',(0.,0.,44.));
#1327 = DIRECTION('',(-0.,-0.,-1.));
#1328 = DIRECTION('',(1.,0.,0.));
#1329 = DEFINITIONAL_REPRESENTATION('',(#1330),#1334);
#1330 = LINE('',#1331,#1332);
#1331 = CARTESIAN_POINT('',(-0.,-7.));
#1332 = VECTOR('',#1333,1.);
#1333 = DIRECTION('',(-1.,0.));
#1334 = ( GEOMETRIC_REPRESENTATION_CONTEXT(2) 
PARAMETRIC_REPRESENTATION_CONTEXT() REPRESENTATION_CONTEXT('2D SPACE',''
  ) );
#1335 = ORIENTED_EDGE('',*,*,#1336,.T.);
#1336 = EDGE_CURVE('',#1306,#1337,#1339,.T.);
#1337 = VERTEX_POINT('',#1338);
#1338 = CARTESIAN_POINT('',(36.486298798316,1.,51.));
#1339 = SURFACE_CURVE('',#1340,(#1344,#1351),.PCURVE_S1.);
#1340 = LINE('',#1341,#1342);
#1341 = CARTESIAN_POINT('',(73.5,1.,51.));
#1342 = VECTOR('',#1343,1.);
#1343 = DIRECTION('',(-1.,0.,0.));
#1344 = PCURVE('',#92,#1345);
#1345 = DEFINITIONAL_REPRESENTATION('',(#1346),#1350);
#1346 = LINE('',#1347,#1348);
#1347 = CARTESIAN_POINT('',(73.5,1.));
#1348 = VECTOR('',#1349,1.);
#1349 = DIRECTION('',(-1.,0.));
#1350 = ( GEOMETRIC_REPRESENTATION_CONTEXT(2) 
PARAMETRIC_REPRESENTATION_CONTEXT() REPRESENTATION_CONTEXT('2D SPACE',''
  ) );
#1351 = PCURVE('',#1352,#1357);
#1352 = PLANE('',#1353);
#1353 = AXIS2_PLACEMENT_3D('',#1354,#1355,#1356);
#1354 = CARTESIAN_POINT('',(54.076684273369,1.,26.380541934569));
#1355 = DIRECTION('',(-0.,-1.,-0.));
#1356 = DIRECTION('',(0.,0.,-1.));
#1357 = DEFINITIONAL_REPRESENTATION('',(#1358),#1362);
#1358 = LINE('',#1359,#1360);
#1359 = CARTESIAN_POINT('',(-24.61945806543,19.423315726631));
#1360 = VECTOR('',#1361,1.);
#1361 = DIRECTION('',(0.,-1.));
#1362 = ( GEOMETRIC_REPRESENTATION_CONTEXT(2) 
PARAMETRIC_REPRESENTATION_CONTEXT() REPRESENTATION_CONTEXT('2D SPACE',''
  ) );
#1363 = ORIENTED_EDGE('',*,*,#1364,.T.);
#1364 = EDGE_CURVE('',#1337,#1365,#1367,.T.);
#1365 = VERTEX_POINT('',#1366);
#1366 = CARTESIAN_POINT('',(19.109174802942,31.098061649412,51.));
#1367 = SURFACE_CURVE('',#1368,(#1373,#1380),.PCURVE_S1.);
#1368 = CIRCLE('',#1369,36.5);
#1369 = AXIS2_PLACEMENT_3D('',#1370,#1371,#1372);
#1370 = CARTESIAN_POINT('',(0.,0.,51.));
#1371 = DIRECTION('',(0.,0.,1.));
#1372 = DIRECTION('',(1.,0.,0.));
#1373 = PCURVE('',#92,#1374);
#1374 = DEFINITIONAL_REPRESENTATION('',(#1375),#1379);
#1375 = CIRCLE('',#1376,36.5);
#1376 = AXIS2_PLACEMENT_2D('',#1377,#1378);
#1377 = CARTESIAN_POINT('',(4.375808424126E-15,-1.1100836264E-15));
#1378 = DIRECTION('',(1.,0.));
#1379 = ( GEOMETRIC_REPRESENTATION_CONTEXT(2) 
PARAMETRIC_REPRESENTATION_CONTEXT() REPRESENTATION_CONTEXT('2D SPACE',''
  ) );
#1380 = PCURVE('',#1381,#1386);
#1381 = CYLINDRICAL_SURFACE('',#1382,36.5);
#1382 = AXIS2_PLACEMENT_3D('',#1383,#1384,#1385);
#1383 = CARTESIAN_POINT('',(0.,0.,0.));
#1384 = DIRECTION('',(-0.,-0.,-1.));
#1385 = DIRECTION('',(1.,0.,0.));
#1386 = DEFINITIONAL_REPRESENTATION('',(#1387),#1391);
#1387 = LINE('',#1388,#1389);
#1388 = CARTESIAN_POINT('',(-0.,-51.));
#1389 = VECTOR('',#1390,1.);
#1390 = DIRECTION('',(-1.,0.));
#1391 = ( GEOMETRIC_REPRESENTATION_CONTEXT(2) 
PARAMETRIC_REPRESENTATION_CONTEXT() REPRESENTATION_CONTEXT('2D SPACE',''
  ) );
#1392 = ORIENTED_EDGE('',*,*,#1393,.F.);
#1393 = EDGE_CURVE('',#1308,#1365,#1394,.T.);
#1394 = SURFACE_CURVE('',#1395,(#1399,#1406),.PCURVE_S1.);
#1395 = LINE('',#1396,#1397);
#1396 = CARTESIAN_POINT('',(37.616025403784,63.152867178156,51.));
#1397 = VECTOR('',#1398,1.);
#1398 = DIRECTION('',(-0.5,-0.866025403784,0.));
#1399 = PCURVE('',#92,#1400);
#1400 = DEFINITIONAL_REPRESENTATION('',(#1401),#1405);
#1401 = LINE('',#1402,#1403);
#1402 = CARTESIAN_POINT('',(37.616025403784,63.152867178156));
#1403 = VECTOR('',#1404,1.);
#1404 = DIRECTION('',(-0.5,-0.866025403784));
#1405 = ( GEOMETRIC_REPRESENTATION_CONTEXT(2) 
PARAMETRIC_REPRESENTATION_CONTEXT() REPRESENTATION_CONTEXT('2D SPACE',''
  ) );
#1406 = PCURVE('',#1407,#1412);
#1407 = PLANE('',#1408);
#1408 = AXIS2_PLACEMENT_3D('',#1409,#1410,#1411);
#1409 = CARTESIAN_POINT('',(27.904367540469,46.331782333168,
    26.380541934569));
#1410 = DIRECTION('',(0.866025403784,-0.5,-0.));
#1411 = DIRECTION('',(0.,0.,-1.));
#1412 = DEFINITIONAL_REPRESENTATION('',(#1413),#1417);
#1413 = LINE('',#1414,#1415);
#1414 = CARTESIAN_POINT('',(-24.61945806543,19.423315726631));
#1415 = VECTOR('',#1416,1.);
#1416 = DIRECTION('',(-0.,-1.));
#1417 = ( GEOMETRIC_REPRESENTATION_CONTEXT(2) 
PARAMETRIC_REPRESENTATION_CONTEXT() REPRESENTATION_CONTEXT('2D SPACE',''
  ) );
#1418 = FACE_BOUND('',#1419,.T.);
#1419 = EDGE_LOOP('',(#1420,#1451,#1479,#1508));
#1420 = ORIENTED_EDGE('',*,*,#1421,.F.);
#1421 = EDGE_CURVE('',#1422,#1424,#1426,.T.);
#1422 = VERTEX_POINT('',#1423);
#1423 = CARTESIAN_POINT('',(35.630549778006,63.713922517116,51.));
#1424 = VERTEX_POINT('',#1425);
#1425 = CARTESIAN_POINT('',(-35.630549778,63.713922517116,51.));
#1426 = SURFACE_CURVE('',#1427,(#1432,#1439),.PCURVE_S1.);
#1427 = CIRCLE('',#1428,73.);
#1428 = AXIS2_PLACEMENT_3D('',#1429,#1430,#1431);
#1429 = CARTESIAN_POINT('',(0.,0.,51.));
#1430 = DIRECTION('',(0.,0.,1.));
#1431 = DIRECTION('',(1.,0.,0.));
#1432 = PCURVE('',#92,#1433);
#1433 = DEFINITIONAL_REPRESENTATION('',(#1434),#1438);
#1434 = CIRCLE('',#1435,73.);
#1435 = AXIS2_PLACEMENT_2D('',#1436,#1437);
#1436 = CARTESIAN_POINT('',(4.375808424126E-15,-1.1100836264E-15));
#1437 = DIRECTION('',(1.,0.));
#1438 = ( GEOMETRIC_REPRESENTATION_CONTEXT(2) 
PARAMETRIC_REPRESENTATION_CONTEXT() REPRESENTATION_CONTEXT('2D SPACE',''
  ) );
#1439 = PCURVE('',#1440,#1445);
#1440 = CYLINDRICAL_SURFACE('',#1441,73.);
#1441 = AXIS2_PLACEMENT_3D('',#1442,#1443,#1444);
#1442 = CARTESIAN_POINT('',(0.,0.,44.));
#1443 = DIRECTION('',(-0.,-0.,-1.));
#1444 = DIRECTION('',(1.,0.,0.));
#1445 = DEFINITIONAL_REPRESENTATION('',(#1446),#1450);
#1446 = LINE('',#1447,#1448);
#1447 = CARTESIAN_POINT('',(-0.,-7.));
#1448 = VECTOR('',#1449,1.);
#1449 = DIRECTION('',(-1.,0.));
#1450 = ( GEOMETRIC_REPRESENTATION_CONTEXT(2) 
PARAMETRIC_REPRESENTATION_CONTEXT() REPRESENTATION_CONTEXT('2D SPACE',''
  ) );
#1451 = ORIENTED_EDGE('',*,*,#1452,.T.);
#1452 = EDGE_CURVE('',#1422,#1453,#1455,.T.);
#1453 = VERTEX_POINT('',#1454);
#1454 = CARTESIAN_POINT('',(17.377123995373,32.098061649411,51.));
#1455 = SURFACE_CURVE('',#1456,(#1460,#1467),.PCURVE_S1.);
#1456 = LINE('',#1457,#1458);
#1457 = CARTESIAN_POINT('',(35.883974596216,64.152867178156,51.));
#1458 = VECTOR('',#1459,1.);
#1459 = DIRECTION('',(-0.5,-0.866025403784,0.));
#1460 = PCURVE('',#92,#1461);
#1461 = DEFINITIONAL_REPRESENTATION('',(#1462),#1466);
#1462 = LINE('',#1463,#1464);
#1463 = CARTESIAN_POINT('',(35.883974596216,64.152867178156));
#1464 = VECTOR('',#1465,1.);
#1465 = DIRECTION('',(-0.5,-0.866025403784));
#1466 = ( GEOMETRIC_REPRESENTATION_CONTEXT(2) 
PARAMETRIC_REPRESENTATION_CONTEXT() REPRESENTATION_CONTEXT('2D SPACE',''
  ) );
#1467 = PCURVE('',#1468,#1473);
#1468 = PLANE('',#1469);
#1469 = AXIS2_PLACEMENT_3D('',#1470,#1471,#1472);
#1470 = CARTESIAN_POINT('',(26.1723167329,47.331782333168,
    26.380541934569));
#1471 = DIRECTION('',(0.866025403784,-0.5,-0.));
#1472 = DIRECTION('',(0.,0.,-1.));
#1473 = DEFINITIONAL_REPRESENTATION('',(#1474),#1478);
#1474 = LINE('',#1475,#1476);
#1475 = CARTESIAN_POINT('',(-24.61945806543,19.423315726631));
#1476 = VECTOR('',#1477,1.);
#1477 = DIRECTION('',(-0.,-1.));
#1478 = ( GEOMETRIC_REPRESENTATION_CONTEXT(2) 
PARAMETRIC_REPRESENTATION_CONTEXT() REPRESENTATION_CONTEXT('2D SPACE',''
  ) );
#1479 = ORIENTED_EDGE('',*,*,#1480,.T.);
#1480 = EDGE_CURVE('',#1453,#1481,#1483,.T.);
#1481 = VERTEX_POINT('',#1482);
#1482 = CARTESIAN_POINT('',(-17.37712399537,32.098061649411,51.));
#1483 = SURFACE_CURVE('',#1484,(#1489,#1496),.PCURVE_S1.);
#1484 = CIRCLE('',#1485,36.5);
#1485 = AXIS2_PLACEMENT_3D('',#1486,#1487,#1488);
#1486 = CARTESIAN_POINT('',(0.,0.,51.));
#1487 = DIRECTION('',(0.,0.,1.));
#1488 = DIRECTION('',(1.,0.,0.));
#1489 = PCURVE('',#92,#1490);
#1490 = DEFINITIONAL_REPRESENTATION('',(#1491),#1495);
#1491 = CIRCLE('',#1492,36.5);
#1492 = AXIS2_PLACEMENT_2D('',#1493,#1494);
#1493 = CARTESIAN_POINT('',(4.375808424126E-15,-1.1100836264E-15));
#1494 = DIRECTION('',(1.,0.));
#1495 = ( GEOMETRIC_REPRESENTATION_CONTEXT(2) 
PARAMETRIC_REPRESENTATION_CONTEXT() REPRESENTATION_CONTEXT('2D SPACE',''
  ) );
#1496 = PCURVE('',#1497,#1502);
#1497 = CYLINDRICAL_SURFACE('',#1498,36.5);
#1498 = AXIS2_PLACEMENT_3D('',#1499,#1500,#1501);
#1499 = CARTESIAN_POINT('',(0.,0.,0.));
#1500 = DIRECTION('',(-0.,-0.,-1.));
#1501 = DIRECTION('',(1.,0.,0.));
#1502 = DEFINITIONAL_REPRESENTATION('',(#1503),#1507);
#1503 = LINE('',#1504,#1505);
#1504 = CARTESIAN_POINT('',(-0.,-51.));
#1505 = VECTOR('',#1506,1.);
#1506 = DIRECTION('',(-1.,0.));
#1507 = ( GEOMETRIC_REPRESENTATION_CONTEXT(2) 
PARAMETRIC_REPRESENTATION_CONTEXT() REPRESENTATION_CONTEXT('2D SPACE',''
  ) );
#1508 = ORIENTED_EDGE('',*,*,#1509,.F.);
#1509 = EDGE_CURVE('',#1424,#1481,#1510,.T.);
#1510 = SURFACE_CURVE('',#1511,(#1515,#1522),.PCURVE_S1.);
#1511 = LINE('',#1512,#1513);
#1512 = CARTESIAN_POINT('',(-35.88397459621,64.152867178156,51.));
#1513 = VECTOR('',#1514,1.);
#1514 = DIRECTION('',(0.5,-0.866025403784,0.));
#1515 = PCURVE('',#92,#1516);
#1516 = DEFINITIONAL_REPRESENTATION('',(#1517),#1521);
#1517 = LINE('',#1518,#1519);
#1518 = CARTESIAN_POINT('',(-35.88397459621,64.152867178156));
#1519 = VECTOR('',#1520,1.);
#1520 = DIRECTION('',(0.5,-0.866025403784));
#1521 = ( GEOMETRIC_REPRESENTATION_CONTEXT(2) 
PARAMETRIC_REPRESENTATION_CONTEXT() REPRESENTATION_CONTEXT('2D SPACE',''
  ) );
#1522 = PCURVE('',#1523,#1528);
#1523 = PLANE('',#1524);
#1524 = AXIS2_PLACEMENT_3D('',#1525,#1526,#1527);
#1525 = CARTESIAN_POINT('',(-26.1723167329,47.331782333168,
    26.380541934569));
#1526 = DIRECTION('',(0.866025403784,0.5,-0.));
#1527 = DIRECTION('',(-0.,0.,-1.));
#1528 = DEFINITIONAL_REPRESENTATION('',(#1529),#1533);
#1529 = LINE('',#1530,#1531);
#1530 = CARTESIAN_POINT('',(-24.61945806543,19.423315726631));
#1531 = VECTOR('',#1532,1.);
#1532 = DIRECTION('',(-0.,-1.));
#1533 = ( GEOMETRIC_REPRESENTATION_CONTEXT(2) 
PARAMETRIC_REPRESENTATION_CONTEXT() REPRESENTATION_CONTEXT('2D SPACE',''
  ) );
#1534 = ADVANCED_FACE('',(#1535,#1588),#124,.T.);
#1535 = FACE_BOUND('',#1536,.F.);
#1536 = EDGE_LOOP('',(#1537,#1560,#1561,#1562));
#1537 = ORIENTED_EDGE('',*,*,#1538,.T.);
#1538 = EDGE_CURVE('',#1539,#109,#1541,.T.);
#1539 = VERTEX_POINT('',#1540);
#1540 = CARTESIAN_POINT('',(75.,0.,7.));
#1541 = SEAM_CURVE('',#1542,(#1546,#1553),.PCURVE_S1.);
#1542 = LINE('',#1543,#1544);
#1543 = CARTESIAN_POINT('',(75.,0.,7.));
#1544 = VECTOR('',#1545,1.);
#1545 = DIRECTION('',(0.,0.,1.));
#1546 = PCURVE('',#124,#1547);
#1547 = DEFINITIONAL_REPRESENTATION('',(#1548),#1552);
#1548 = LINE('',#1549,#1550);
#1549 = CARTESIAN_POINT('',(-0.,0.));
#1550 = VECTOR('',#1551,1.);
#1551 = DIRECTION('',(-0.,-1.));
#1552 = ( GEOMETRIC_REPRESENTATION_CONTEXT(2) 
PARAMETRIC_REPRESENTATION_CONTEXT() REPRESENTATION_CONTEXT('2D SPACE',''
  ) );
#1553 = PCURVE('',#124,#1554);
#1554 = DEFINITIONAL_REPRESENTATION('',(#1555),#1559);
#1555 = LINE('',#1556,#1557);
#1556 = CARTESIAN_POINT('',(-6.28318530718,0.));
#1557 = VECTOR('',#1558,1.);
#1558 = DIRECTION('',(-0.,-1.));
#1559 = ( GEOMETRIC_REPRESENTATION_CONTEXT(2) 
PARAMETRIC_REPRESENTATION_CONTEXT() REPRESENTATION_CONTEXT('2D SPACE',''
  ) );
#1560 = ORIENTED_EDGE('',*,*,#108,.T.);
#1561 = ORIENTED_EDGE('',*,*,#1538,.F.);
#1562 = ORIENTED_EDGE('',*,*,#1563,.F.);
#1563 = EDGE_CURVE('',#1539,#1539,#1564,.T.);
#1564 = SURFACE_CURVE('',#1565,(#1570,#1577),.PCURVE_S1.);
#1565 = CIRCLE('',#1566,75.);
#1566 = AXIS2_PLACEMENT_3D('',#1567,#1568,#1569);
#1567 = CARTESIAN_POINT('',(0.,0.,7.));
#1568 = DIRECTION('',(0.,0.,1.));
#1569 = DIRECTION('',(1.,0.,0.));
#1570 = PCURVE('',#124,#1571);
#1571 = DEFINITIONAL_REPRESENTATION('',(#1572),#1576);
#1572 = LINE('',#1573,#1574);
#1573 = CARTESIAN_POINT('',(-0.,0.));
#1574 = VECTOR('',#1575,1.);
#1575 = DIRECTION('',(-1.,0.));
#1576 = ( GEOMETRIC_REPRESENTATION_CONTEXT(2) 
PARAMETRIC_REPRESENTATION_CONTEXT() REPRESENTATION_CONTEXT('2D SPACE',''
  ) );
#1577 = PCURVE('',#1578,#1583);
#1578 = CONICAL_SURFACE('',#1579,80.,0.785398163397);
#1579 = AXIS2_PLACEMENT_3D('',#1580,#1581,#1582);
#1580 = CARTESIAN_POINT('',(0.,0.,2.));
#1581 = DIRECTION('',(-0.,-0.,-1.));
#1582 = DIRECTION('',(1.,0.,0.));
#1583 = DEFINITIONAL_REPRESENTATION('',(#1584),#1587);
#1584 = B_SPLINE_CURVE_WITH_KNOTS('',1,(#1585,#1586),.UNSPECIFIED.,.F.,
  .F.,(2,2),(0.,6.28318530718),.PIECEWISE_BEZIER_KNOTS.);
#1585 = CARTESIAN_POINT('',(0.,-5.));
#1586 = CARTESIAN_POINT('',(-6.28318530718,-5.));
#1587 = ( GEOMETRIC_REPRESENTATION_CONTEXT(2) 
PARAMETRIC_REPRESENTATION_CONTEXT() REPRESENTATION_CONTEXT('2D SPACE',''
  ) );
#1588 = FACE_BOUND('',#1589,.F.);
#1589 = EDGE_LOOP('',(#1590,#1614,#1723,#1749));
#1590 = ORIENTED_EDGE('',*,*,#1591,.F.);
#1591 = EDGE_CURVE('',#1592,#1594,#1596,.T.);
#1592 = VERTEX_POINT('',#1593);
#1593 = CARTESIAN_POINT('',(-74.99333303701,1.,36.));
#1594 = VERTEX_POINT('',#1595);
#1595 = CARTESIAN_POINT('',(-74.99333303701,1.,30.));
#1596 = SURFACE_CURVE('',#1597,(#1601,#1607),.PCURVE_S1.);
#1597 = LINE('',#1598,#1599);
#1598 = CARTESIAN_POINT('',(-74.99333303701,1.,7.));
#1599 = VECTOR('',#1600,1.);
#1600 = DIRECTION('',(-0.,-0.,-1.));
#1601 = PCURVE('',#124,#1602);
#1602 = DEFINITIONAL_REPRESENTATION('',(#1603),#1606);
#1603 = B_SPLINE_CURVE_WITH_KNOTS('',1,(#1604,#1605),.UNSPECIFIED.,.F.,
  .F.,(2,2),(-29.6,-22.4),.PIECEWISE_BEZIER_KNOTS.);
#1604 = CARTESIAN_POINT('',(-3.128258925163,-29.6));
#1605 = CARTESIAN_POINT('',(-3.128258925163,-22.4));
#1606 = ( GEOMETRIC_REPRESENTATION_CONTEXT(2) 
PARAMETRIC_REPRESENTATION_CONTEXT() REPRESENTATION_CONTEXT('2D SPACE',''
  ) );
#1607 = PCURVE('',#611,#1608);
#1608 = DEFINITIONAL_REPRESENTATION('',(#1609),#1613);
#1609 = LINE('',#1610,#1611);
#1610 = CARTESIAN_POINT('',(19.380541934569,20.916648763642));
#1611 = VECTOR('',#1612,1.);
#1612 = DIRECTION('',(1.,0.));
#1613 = ( GEOMETRIC_REPRESENTATION_CONTEXT(2) 
PARAMETRIC_REPRESENTATION_CONTEXT() REPRESENTATION_CONTEXT('2D SPACE',''
  ) );
#1614 = ORIENTED_EDGE('',*,*,#1615,.T.);
#1615 = EDGE_CURVE('',#1592,#1616,#1618,.T.);
#1616 = VERTEX_POINT('',#1617);
#1617 = CARTESIAN_POINT('',(-74.57211275,8.,36.));
#1618 = SURFACE_CURVE('',#1619,(#1650,#1684),.PCURVE_S1.);
#1619 = B_SPLINE_CURVE_WITH_KNOTS('',8,(#1620,#1621,#1622,#1623,#1624,
    #1625,#1626,#1627,#1628,#1629,#1630,#1631,#1632,#1633,#1634,#1635,
    #1636,#1637,#1638,#1639,#1640,#1641,#1642,#1643,#1644,#1645,#1646,
    #1647,#1648,#1649),.UNSPECIFIED.,.F.,.F.,(9,7,7,7,9),(0.,
    0.207459713798,0.400015350195,0.657504383497,1.),.UNSPECIFIED.);
#1620 = CARTESIAN_POINT('',(-74.99333303701,1.,36.));
#1621 = CARTESIAN_POINT('',(-74.99333303701,1.,36.248672290241));
#1622 = CARTESIAN_POINT('',(-74.9930638284,1.02019176164,36.497231573206
    ));
#1623 = CARTESIAN_POINT('',(-74.99252564572,1.060544398468,
    36.744786897692));
#1624 = CARTESIAN_POINT('',(-74.99168550967,1.121269847597,
    36.990398486429));
#1625 = CARTESIAN_POINT('',(-74.99047689062,1.202796095401,
    37.233000063252));
#1626 = CARTESIAN_POINT('',(-74.98879623519,1.305735247452,
    37.471306397676));
#1627 = CARTESIAN_POINT('',(-74.98649635616,1.430846442712,
    37.703706066877));
#1628 = CARTESIAN_POINT('',(-74.98048113473,1.716497766086,
    38.136449324517));
#1629 = CARTESIAN_POINT('',(-74.97686760696,1.87440571991,
    38.338742973793));
#1630 = CARTESIAN_POINT('',(-74.97237317667,2.053345202459,
    38.532748864289));
#1631 = CARTESIAN_POINT('',(-74.96679981111,2.253768533095,
    38.715906599255));
#1632 = CARTESIAN_POINT('',(-74.95991432007,2.475914472066,
    38.885344207178));
#1633 = CARTESIAN_POINT('',(-74.95145112522,2.719741678684,
    39.037834324594));
#1634 = CARTESIAN_POINT('',(-74.9411263687,2.984822787861,39.16972264834
    ));
#1635 = CARTESIAN_POINT('',(-74.91201750231,3.651784021097,
    39.420037385963));
#1636 = CARTESIAN_POINT('',(-74.89170972896,4.066101860482,
    39.517593310537));
#1637 = CARTESIAN_POINT('',(-74.86764506953,4.500170630996,
    39.55736370865));
#1638 = CARTESIAN_POINT('',(-74.84017966617,4.938294734482,
    39.533863576577));
#1639 = CARTESIAN_POINT('',(-74.8103484576,5.363911026754,39.44808399986
    ));
#1640 = CARTESIAN_POINT('',(-74.77988906292,5.761560788534,
    39.30732601791));
#1641 = CARTESIAN_POINT('',(-74.75061369017,6.118989608805,
    39.125074401651));
#1642 = CARTESIAN_POINT('',(-74.68864454925,6.839350968967,
    38.649568031062));
#1643 = CARTESIAN_POINT('',(-74.65642179623,7.183638027721,
    38.327321280866));
#1644 = CARTESIAN_POINT('',(-74.62867354062,7.462827133888,
    37.971847413699));
#1645 = CARTESIAN_POINT('',(-74.60615587054,7.680677127675,
    37.594800676519));
#1646 = CARTESIAN_POINT('',(-74.58917081317,7.840988877022,
    37.204316144185));
#1647 = CARTESIAN_POINT('',(-74.57781520155,7.94684535431,
    36.805956946078));
#1648 = CARTESIAN_POINT('',(-74.57211275,8.,36.403465615708));
#1649 = CARTESIAN_POINT('',(-74.57211275,8.,36.));
#1650 = PCURVE('',#124,#1651);
#1651 = DEFINITIONAL_REPRESENTATION('',(#1652),#1683);
#1652 = B_SPLINE_CURVE_WITH_KNOTS('',8,(#1653,#1654,#1655,#1656,#1657,
    #1658,#1659,#1660,#1661,#1662,#1663,#1664,#1665,#1666,#1667,#1668,
    #1669,#1670,#1671,#1672,#1673,#1674,#1675,#1676,#1677,#1678,#1679,
    #1680,#1681,#1682),.UNSPECIFIED.,.F.,.F.,(9,7,7,7,9),(0.,
    0.207459713798,0.400015350195,0.657504383497,1.),.UNSPECIFIED.);
#1653 = CARTESIAN_POINT('',(-3.128258925163,-29.));
#1654 = CARTESIAN_POINT('',(-3.128258925163,-29.24867229024));
#1655 = CARTESIAN_POINT('',(-3.127989677681,-29.4972315732));
#1656 = CARTESIAN_POINT('',(-3.127451594834,-29.74478689769));
#1657 = CARTESIAN_POINT('',(-3.126641844733,-29.99039848642));
#1658 = CARTESIAN_POINT('',(-3.125554709686,-30.23300006325));
#1659 = CARTESIAN_POINT('',(-3.124182008564,-30.47130639767));
#1660 = CARTESIAN_POINT('',(-3.122513583349,-30.70370606687));
#1661 = CARTESIAN_POINT('',(-3.118704054677,-31.13644932451));
#1662 = CARTESIAN_POINT('',(-3.116598067564,-31.33874297379));
#1663 = CARTESIAN_POINT('',(-3.114211465719,-31.53274886428));
#1664 = CARTESIAN_POINT('',(-3.111538142305,-31.71590659925));
#1665 = CARTESIAN_POINT('',(-3.108574808545,-31.88534420717));
#1666 = CARTESIAN_POINT('',(-3.105321866444,-32.03783432459));
#1667 = CARTESIAN_POINT('',(-3.101784810593,-32.16972264834));
#1668 = CARTESIAN_POINT('',(-3.092883528661,-32.42003738596));
#1669 = CARTESIAN_POINT('',(-3.087352738759,-32.51759331053));
#1670 = CARTESIAN_POINT('',(-3.081556465019,-32.55736370865));
#1671 = CARTESIAN_POINT('',(-3.075703657791,-32.53386357657));
#1672 = CARTESIAN_POINT('',(-3.070015107235,-32.44808399986));
#1673 = CARTESIAN_POINT('',(-3.064697701765,-32.30732601791));
#1674 = CARTESIAN_POINT('',(-3.05991606588,-32.12507440165));
#1675 = CARTESIAN_POINT('',(-3.050275773919,-31.64956803106));
#1676 = CARTESIAN_POINT('',(-3.04566534825,-31.32732128086));
#1677 = CARTESIAN_POINT('',(-3.041924559857,-30.97184741369));
#1678 = CARTESIAN_POINT('',(-3.03900443591,-30.59480067652));
#1679 = CARTESIAN_POINT('',(-3.036854986045,-30.20431614418));
#1680 = CARTESIAN_POINT('',(-3.035435467851,-29.80595694607));
#1681 = CARTESIAN_POINT('',(-3.034722672619,-29.4034656157));
#1682 = CARTESIAN_POINT('',(-3.034722672619,-29.));
#1683 = ( GEOMETRIC_REPRESENTATION_CONTEXT(2) 
PARAMETRIC_REPRESENTATION_CONTEXT() REPRESENTATION_CONTEXT('2D SPACE',''
  ) );
#1684 = PCURVE('',#1685,#1690);
#1685 = CYLINDRICAL_SURFACE('',#1686,3.5);
#1686 = AXIS2_PLACEMENT_3D('',#1687,#1688,#1689);
#1687 = CARTESIAN_POINT('',(-77.,4.5,36.));
#1688 = DIRECTION('',(-1.,0.,0.));
#1689 = DIRECTION('',(0.,-1.,1.110223024625E-16));
#1690 = DEFINITIONAL_REPRESENTATION('',(#1691),#1722);
#1691 = B_SPLINE_CURVE_WITH_KNOTS('',8,(#1692,#1693,#1694,#1695,#1696,
    #1697,#1698,#1699,#1700,#1701,#1702,#1703,#1704,#1705,#1706,#1707,
    #1708,#1709,#1710,#1711,#1712,#1713,#1714,#1715,#1716,#1717,#1718,
    #1719,#1720,#1721),.UNSPECIFIED.,.F.,.F.,(9,7,7,7,9),(0.,
    0.207459713798,0.400015350195,0.657504383497,1.),.UNSPECIFIED.);
#1692 = CARTESIAN_POINT('',(0.,-2.006666962989));
#1693 = CARTESIAN_POINT('',(7.104922578318E-02,-2.006666962989));
#1694 = CARTESIAN_POINT('',(0.142066535564,-2.006936171591));
#1695 = CARTESIAN_POINT('',(0.213342213941,-2.007474354277));
#1696 = CARTESIAN_POINT('',(0.285154966315,-2.008314490321));
#1697 = CARTESIAN_POINT('',(0.357779357448,-2.009523109372));
#1698 = CARTESIAN_POINT('',(0.431495983041,-2.011203764804));
#1699 = CARTESIAN_POINT('',(0.506604374323,-2.013503643833));
#1700 = CARTESIAN_POINT('',(0.654753060137,-2.01951886527));
#1701 = CARTESIAN_POINT('',(0.727844377614,-2.023132393038));
#1702 = CARTESIAN_POINT('',(0.802822869021,-2.027626823329));
#1703 = CARTESIAN_POINT('',(0.879816439765,-2.033200188885));
#1704 = CARTESIAN_POINT('',(0.958984680644,-2.04008567993));
#1705 = CARTESIAN_POINT('',(1.040522408114,-2.048548874771));
#1706 = CARTESIAN_POINT('',(1.124671165454,-2.058873631298));
#1707 = CARTESIAN_POINT('',(1.328210211402,-2.087982497689));
#1708 = CARTESIAN_POINT('',(1.448832796274,-2.10829027104));
#1709 = CARTESIAN_POINT('',(1.571340945486,-2.132354930461));
#1710 = CARTESIAN_POINT('',(1.694128478258,-2.159820333826));
#1711 = CARTESIAN_POINT('',(1.815704115492,-2.189651542391));
#1712 = CARTESIAN_POINT('',(1.934482879225,-2.220110937076));
#1713 = CARTESIAN_POINT('',(2.048398211284,-2.249386309829));
#1714 = CARTESIAN_POINT('',(2.295012310834,-2.311355450749));
#1715 = CARTESIAN_POINT('',(2.427829203737,-2.343578203766));
#1716 = CARTESIAN_POINT('',(2.554601334139,-2.371326459373));
#1717 = CARTESIAN_POINT('',(2.676640282601,-2.393844129455));
#1718 = CARTESIAN_POINT('',(2.795170359007,-2.410829186826));
#1719 = CARTESIAN_POINT('',(2.911318744315,-2.422184798444));
#1720 = CARTESIAN_POINT('',(3.026316763387,-2.427887249991));
#1721 = CARTESIAN_POINT('',(3.14159265359,-2.427887249991));
#1722 = ( GEOMETRIC_REPRESENTATION_CONTEXT(2) 
PARAMETRIC_REPRESENTATION_CONTEXT() REPRESENTATION_CONTEXT('2D SPACE',''
  ) );
#1723 = ORIENTED_EDGE('',*,*,#1724,.T.);
#1724 = EDGE_CURVE('',#1616,#1725,#1727,.T.);
#1725 = VERTEX_POINT('',#1726);
#1726 = CARTESIAN_POINT('',(-74.57211275,8.,30.));
#1727 = SURFACE_CURVE('',#1728,(#1732,#1738),.PCURVE_S1.);
#1728 = LINE('',#1729,#1730);
#1729 = CARTESIAN_POINT('',(-74.57211275,8.,7.));
#1730 = VECTOR('',#1731,1.);
#1731 = DIRECTION('',(-0.,-0.,-1.));
#1732 = PCURVE('',#124,#1733);
#1733 = DEFINITIONAL_REPRESENTATION('',(#1734),#1737);
#1734 = B_SPLINE_CURVE_WITH_KNOTS('',1,(#1735,#1736),.UNSPECIFIED.,.F.,
  .F.,(2,2),(-29.6,-22.4),.PIECEWISE_BEZIER_KNOTS.);
#1735 = CARTESIAN_POINT('',(-3.034722672619,-29.6));
#1736 = CARTESIAN_POINT('',(-3.034722672619,-22.4));
#1737 = ( GEOMETRIC_REPRESENTATION_CONTEXT(2) 
PARAMETRIC_REPRESENTATION_CONTEXT() REPRESENTATION_CONTEXT('2D SPACE',''
  ) );
#1738 = PCURVE('',#1739,#1744);
#1739 = PLANE('',#1740);
#1740 = AXIS2_PLACEMENT_3D('',#1741,#1742,#1743);
#1741 = CARTESIAN_POINT('',(-77.,8.,36.));
#1742 = DIRECTION('',(0.,1.,-1.110223024625E-16));
#1743 = DIRECTION('',(0.,-1.110223024625E-16,-1.));
#1744 = DEFINITIONAL_REPRESENTATION('',(#1745),#1748);
#1745 = B_SPLINE_CURVE_WITH_KNOTS('',1,(#1746,#1747),.UNSPECIFIED.,.F.,
  .F.,(2,2),(-29.6,-22.4),.PIECEWISE_BEZIER_KNOTS.);
#1746 = CARTESIAN_POINT('',(-0.6,-2.427887249991));
#1747 = CARTESIAN_POINT('',(6.6,-2.427887249991));
#1748 = ( GEOMETRIC_REPRESENTATION_CONTEXT(2) 
PARAMETRIC_REPRESENTATION_CONTEXT() REPRESENTATION_CONTEXT('2D SPACE',''
  ) );
#1749 = ORIENTED_EDGE('',*,*,#1750,.T.);
#1750 = EDGE_CURVE('',#1725,#1594,#1751,.T.);
#1751 = SURFACE_CURVE('',#1752,(#1783,#1817),.PCURVE_S1.);
#1752 = B_SPLINE_CURVE_WITH_KNOTS('',8,(#1753,#1754,#1755,#1756,#1757,
    #1758,#1759,#1760,#1761,#1762,#1763,#1764,#1765,#1766,#1767,#1768,
    #1769,#1770,#1771,#1772,#1773,#1774,#1775,#1776,#1777,#1778,#1779,
    #1780,#1781,#1782),.UNSPECIFIED.,.F.,.F.,(9,7,7,7,9),(0.,
    0.2077698384,0.401053926902,0.658351087653,1.),.UNSPECIFIED.);
#1753 = CARTESIAN_POINT('',(-74.57211275,8.,30.));
#1754 = CARTESIAN_POINT('',(-74.57211275,8.,29.751193596142));
#1755 = CARTESIAN_POINT('',(-74.57428127111,7.979786459481,
    29.502492342053));
#1756 = CARTESIAN_POINT('',(-74.57861506458,7.939388020508,
    29.254815986293));
#1757 = CARTESIAN_POINT('',(-74.58510508132,7.878602474866,
    29.009131444708));
#1758 = CARTESIAN_POINT('',(-74.59373306968,7.797021988613,
    28.766526550217));
#1759 = CARTESIAN_POINT('',(-74.60446466783,7.694062916336,
    28.528299159196));
#1760 = CARTESIAN_POINT('',(-74.61723899085,7.569000205089,
    28.296061614472));
#1761 = CARTESIAN_POINT('',(-74.64564445117,7.283330726074,
    27.863290852211));
#1762 = CARTESIAN_POINT('',(-74.66106569713,7.125293517909,
    27.660893585859));
#1763 = CARTESIAN_POINT('',(-74.6781276968,6.94628438106,27.466890806674
    ));
#1764 = CARTESIAN_POINT('',(-74.69668491377,6.745854695327,
    27.283798422762));
#1765 = CARTESIAN_POINT('',(-74.71653217755,6.523758892243,
    27.114451580303));
#1766 = CARTESIAN_POINT('',(-74.73739927171,6.280023641092,
    26.962050382598));
#1767 = CARTESIAN_POINT('',(-74.75895216275,6.015057285457,
    26.830232342423));
#1768 = CARTESIAN_POINT('',(-74.80990236034,5.350097069641,26.5806685992
    ));
#1769 = CARTESIAN_POINT('',(-74.83934141299,4.936954794692,
    26.48298389085));
#1770 = CARTESIAN_POINT('',(-74.86745072913,4.503374961158,
    26.442694779569));
#1771 = CARTESIAN_POINT('',(-74.89268407847,4.065130557322,
    26.465623583814));
#1772 = CARTESIAN_POINT('',(-74.91407214777,3.638921570949,
    26.551017883564));
#1773 = CARTESIAN_POINT('',(-74.93148420226,3.240392433709,
    26.691719952628));
#1774 = CARTESIAN_POINT('',(-74.94525008329,2.881973879329,26.8742896054
    ));
#1775 = CARTESIAN_POINT('',(-74.97001944364,2.16008036391,27.35080734282
    ));
#1776 = CARTESIAN_POINT('',(-74.97925619799,1.815438691908,
    27.673551033007));
#1777 = CARTESIAN_POINT('',(-74.98514115566,1.536170808447,
    28.02950147167));
#1778 = CARTESIAN_POINT('',(-74.98887764884,1.318497716228,
    28.406841206912));
#1779 = CARTESIAN_POINT('',(-74.99121897589,1.158507497175,
    28.797317140772));
#1780 = CARTESIAN_POINT('',(-74.99262679627,1.052969992089,
    29.195338094269));
#1781 = CARTESIAN_POINT('',(-74.99333303701,1.,29.597235867723));
#1782 = CARTESIAN_POINT('',(-74.99333303701,1.,30.));
#1783 = PCURVE('',#124,#1784);
#1784 = DEFINITIONAL_REPRESENTATION('',(#1785),#1816);
#1785 = B_SPLINE_CURVE_WITH_KNOTS('',8,(#1786,#1787,#1788,#1789,#1790,
    #1791,#1792,#1793,#1794,#1795,#1796,#1797,#1798,#1799,#1800,#1801,
    #1802,#1803,#1804,#1805,#1806,#1807,#1808,#1809,#1810,#1811,#1812,
    #1813,#1814,#1815),.UNSPECIFIED.,.F.,.F.,(9,7,7,7,9),(0.,
    0.2077698384,0.401053926902,0.658351087653,1.),.UNSPECIFIED.);
#1786 = CARTESIAN_POINT('',(-3.034722672619,-23.));
#1787 = CARTESIAN_POINT('',(-3.034722672619,-22.75119359614));
#1788 = CARTESIAN_POINT('',(-3.034993733053,-22.50249234205));
#1789 = CARTESIAN_POINT('',(-3.03553546931,-22.25481598629));
#1790 = CARTESIAN_POINT('',(-3.036350549671,-22.0091314447));
#1791 = CARTESIAN_POINT('',(-3.037444354834,-21.76652655021));
#1792 = CARTESIAN_POINT('',(-3.038824575586,-21.52829915919));
#1793 = CARTESIAN_POINT('',(-3.040500748629,-21.29606161447));
#1794 = CARTESIAN_POINT('',(-3.044328458624,-20.86329085221));
#1795 = CARTESIAN_POINT('',(-3.046445626113,-20.66089358585));
#1796 = CARTESIAN_POINT('',(-3.048843221139,-20.46689080667));
#1797 = CARTESIAN_POINT('',(-3.051527025933,-20.28379842276));
#1798 = CARTESIAN_POINT('',(-3.054500069034,-20.1144515803));
#1799 = CARTESIAN_POINT('',(-3.057761715274,-19.96205038259));
#1800 = CARTESIAN_POINT('',(-3.061306229408,-19.83023234242));
#1801 = CARTESIAN_POINT('',(-3.070198353377,-19.5806685992));
#1802 = CARTESIAN_POINT('',(-3.075720805091,-19.48298389085));
#1803 = CARTESIAN_POINT('',(-3.081513809342,-19.44269477956));
#1804 = CARTESIAN_POINT('',(-3.087366430917,-19.46562358381));
#1805 = CARTESIAN_POINT('',(-3.093056112631,-19.55101788356));
#1806 = CARTESIAN_POINT('',(-3.09837478074,-19.69171995262));
#1807 = CARTESIAN_POINT('',(-3.103157177814,-19.8742896054));
#1808 = CARTESIAN_POINT('',(-3.112788088871,-20.35080734282));
#1809 = CARTESIAN_POINT('',(-3.117384831697,-20.673551033));
#1810 = CARTESIAN_POINT('',(-3.12110915772,-21.02950147166));
#1811 = CARTESIAN_POINT('',(-3.124011875752,-21.40684120691));
#1812 = CARTESIAN_POINT('',(-3.126145303344,-21.79731714077));
#1813 = CARTESIAN_POINT('',(-3.127552595949,-22.19533809426));
#1814 = CARTESIAN_POINT('',(-3.128258925163,-22.59723586772));
#1815 = CARTESIAN_POINT('',(-3.128258925163,-23.));
#1816 = ( GEOMETRIC_REPRESENTATION_CONTEXT(2) 
PARAMETRIC_REPRESENTATION_CONTEXT() REPRESENTATION_CONTEXT('2D SPACE',''
  ) );
#1817 = PCURVE('',#1818,#1823);
#1818 = CYLINDRICAL_SURFACE('',#1819,3.5);
#1819 = AXIS2_PLACEMENT_3D('',#1820,#1821,#1822);
#1820 = CARTESIAN_POINT('',(-77.,4.5,30.));
#1821 = DIRECTION('',(-1.,0.,-0.));
#1822 = DIRECTION('',(0.,1.,-1.110223024625E-16));
#1823 = DEFINITIONAL_REPRESENTATION('',(#1824),#1855);
#1824 = B_SPLINE_CURVE_WITH_KNOTS('',8,(#1825,#1826,#1827,#1828,#1829,
    #1830,#1831,#1832,#1833,#1834,#1835,#1836,#1837,#1838,#1839,#1840,
    #1841,#1842,#1843,#1844,#1845,#1846,#1847,#1848,#1849,#1850,#1851,
    #1852,#1853,#1854),.UNSPECIFIED.,.F.,.F.,(9,7,7,7,9),(0.,
    0.2077698384,0.401053926902,0.658351087653,1.),.UNSPECIFIED.);
#1825 = CARTESIAN_POINT('',(0.,-2.427887249991));
#1826 = CARTESIAN_POINT('',(7.10875439595E-02,-2.427887249991));
#1827 = CARTESIAN_POINT('',(0.142145410659,-2.425718728886));
#1828 = CARTESIAN_POINT('',(0.213456569645,-2.42138493542));
#1829 = CARTESIAN_POINT('',(0.285292954756,-2.414894918677));
#1830 = CARTESIAN_POINT('',(0.357923003471,-2.406266930316));
#1831 = CARTESIAN_POINT('',(0.431621812281,-2.395535332161));
#1832 = CARTESIAN_POINT('',(0.506683908093,-2.382761009149));
#1833 = CARTESIAN_POINT('',(0.654842010052,-2.354355548823));
#1834 = CARTESIAN_POINT('',(0.727978381217,-2.338934302864));
#1835 = CARTESIAN_POINT('',(0.802969158515,-2.321872303196));
#1836 = CARTESIAN_POINT('',(0.879951790681,-2.303315086225));
#1837 = CARTESIAN_POINT('',(0.959093821622,-2.283467822442));
#1838 = CARTESIAN_POINT('',(1.040596759133,-2.262600728281));
#1839 = CARTESIAN_POINT('',(1.124707763927,-2.24104783725));
#1840 = CARTESIAN_POINT('',(1.327636151929,-2.19009763966));
#1841 = CARTESIAN_POINT('',(1.447957217075,-2.160658587006));
#1842 = CARTESIAN_POINT('',(1.57035116631,-2.132549270862));
#1843 = CARTESIAN_POINT('',(1.693162041923,-2.107315921528));
#1844 = CARTESIAN_POINT('',(1.814870497948,-2.085927852228));
#1845 = CARTESIAN_POINT('',(1.933866944131,-2.068515797731));
#1846 = CARTESIAN_POINT('',(2.048068363278,-2.05474991671));
#1847 = CARTESIAN_POINT('',(2.295206992751,-2.029980556358));
#1848 = CARTESIAN_POINT('',(2.428186665399,-2.020743802008));
#1849 = CARTESIAN_POINT('',(2.555070224821,-2.014858844333));
#1850 = CARTESIAN_POINT('',(2.677152499515,-2.011122351158));
#1851 = CARTESIAN_POINT('',(2.795649212449,-2.008781024105));
#1852 = CARTESIAN_POINT('',(2.911688745928,-2.007373203725));
#1853 = CARTESIAN_POINT('',(3.026517187225,-2.006666962989));
#1854 = CARTESIAN_POINT('',(3.14159265359,-2.006666962989));
#1855 = ( GEOMETRIC_REPRESENTATION_CONTEXT(2) 
PARAMETRIC_REPRESENTATION_CONTEXT() REPRESENTATION_CONTEXT('2D SPACE',''
  ) );
#1856 = ADVANCED_FACE('',(#1857),#180,.F.);
#1857 = FACE_BOUND('',#1858,.T.);
#1858 = EDGE_LOOP('',(#1859,#1860,#1881,#1909));
#1859 = ORIENTED_EDGE('',*,*,#161,.T.);
#1860 = ORIENTED_EDGE('',*,*,#1861,.T.);
#1861 = EDGE_CURVE('',#164,#1862,#1864,.T.);
#1862 = VERTEX_POINT('',#1863);
#1863 = CARTESIAN_POINT('',(35.630549778005,-63.71392251711,9.));
#1864 = SURFACE_CURVE('',#1865,(#1869,#1875),.PCURVE_S1.);
#1865 = LINE('',#1866,#1867);
#1866 = CARTESIAN_POINT('',(35.630549778005,-63.71392251711,44.));
#1867 = VECTOR('',#1868,1.);
#1868 = DIRECTION('',(-0.,-0.,-1.));
#1869 = PCURVE('',#180,#1870);
#1870 = DEFINITIONAL_REPRESENTATION('',(#1871),#1874);
#1871 = B_SPLINE_CURVE_WITH_KNOTS('',1,(#1872,#1873),.UNSPECIFIED.,.F.,
  .F.,(2,2),(-7.0000006,35.0000006),.PIECEWISE_BEZIER_KNOTS.);
#1872 = CARTESIAN_POINT('',(-5.22228869738,-7.0000006));
#1873 = CARTESIAN_POINT('',(-5.22228869738,35.0000006));
#1874 = ( GEOMETRIC_REPRESENTATION_CONTEXT(2) 
PARAMETRIC_REPRESENTATION_CONTEXT() REPRESENTATION_CONTEXT('2D SPACE',''
  ) );
#1875 = PCURVE('',#263,#1876);
#1876 = DEFINITIONAL_REPRESENTATION('',(#1877),#1880);
#1877 = B_SPLINE_CURVE_WITH_KNOTS('',1,(#1878,#1879),.UNSPECIFIED.,.F.,
  .F.,(2,2),(-7.0000006,35.0000006),.PIECEWISE_BEZIER_KNOTS.);
#1878 = CARTESIAN_POINT('',(-24.61945866543,18.91646609021));
#1879 = CARTESIAN_POINT('',(17.380542534569,18.91646609021));
#1880 = ( GEOMETRIC_REPRESENTATION_CONTEXT(2) 
PARAMETRIC_REPRESENTATION_CONTEXT() REPRESENTATION_CONTEXT('2D SPACE',''
  ) );
#1881 = ORIENTED_EDGE('',*,*,#1882,.F.);
#1882 = EDGE_CURVE('',#1883,#1862,#1885,.T.);
#1883 = VERTEX_POINT('',#1884);
#1884 = CARTESIAN_POINT('',(-35.630549778,-63.71392251711,9.));
#1885 = SURFACE_CURVE('',#1886,(#1891,#1898),.PCURVE_S1.);
#1886 = CIRCLE('',#1887,73.);
#1887 = AXIS2_PLACEMENT_3D('',#1888,#1889,#1890);
#1888 = CARTESIAN_POINT('',(0.,0.,9.));
#1889 = DIRECTION('',(0.,0.,1.));
#1890 = DIRECTION('',(1.,0.,0.));
#1891 = PCURVE('',#180,#1892);
#1892 = DEFINITIONAL_REPRESENTATION('',(#1893),#1897);
#1893 = LINE('',#1894,#1895);
#1894 = CARTESIAN_POINT('',(-0.,35.));
#1895 = VECTOR('',#1896,1.);
#1896 = DIRECTION('',(-1.,0.));
#1897 = ( GEOMETRIC_REPRESENTATION_CONTEXT(2) 
PARAMETRIC_REPRESENTATION_CONTEXT() REPRESENTATION_CONTEXT('2D SPACE',''
  ) );
#1898 = PCURVE('',#1899,#1904);
#1899 = CONICAL_SURFACE('',#1900,66.,0.785398163397);
#1900 = AXIS2_PLACEMENT_3D('',#1901,#1902,#1903);
#1901 = CARTESIAN_POINT('',(0.,0.,2.));
#1902 = DIRECTION('',(0.,0.,1.));
#1903 = DIRECTION('',(1.,0.,0.));
#1904 = DEFINITIONAL_REPRESENTATION('',(#1905),#1908);
#1905 = B_SPLINE_CURVE_WITH_KNOTS('',1,(#1906,#1907),.UNSPECIFIED.,.F.,
  .F.,(2,2),(0.,6.28318530718),.PIECEWISE_BEZIER_KNOTS.);
#1906 = CARTESIAN_POINT('',(0.,7.));
#1907 = CARTESIAN_POINT('',(6.28318530718,7.));
#1908 = ( GEOMETRIC_REPRESENTATION_CONTEXT(2) 
PARAMETRIC_REPRESENTATION_CONTEXT() REPRESENTATION_CONTEXT('2D SPACE',''
  ) );
#1909 = ORIENTED_EDGE('',*,*,#1910,.F.);
#1910 = EDGE_CURVE('',#162,#1883,#1911,.T.);
#1911 = SURFACE_CURVE('',#1912,(#1916,#1922),.PCURVE_S1.);
#1912 = LINE('',#1913,#1914);
#1913 = CARTESIAN_POINT('',(-35.630549778,-63.71392251711,44.));
#1914 = VECTOR('',#1915,1.);
#1915 = DIRECTION('',(-0.,-0.,-1.));
#1916 = PCURVE('',#180,#1917);
#1917 = DEFINITIONAL_REPRESENTATION('',(#1918),#1921);
#1918 = B_SPLINE_CURVE_WITH_KNOTS('',1,(#1919,#1920),.UNSPECIFIED.,.F.,
  .F.,(2,2),(-7.0000006,35.0000006),.PIECEWISE_BEZIER_KNOTS.);
#1919 = CARTESIAN_POINT('',(-4.20248926339,-7.0000006));
#1920 = CARTESIAN_POINT('',(-4.20248926339,35.0000006));
#1921 = ( GEOMETRIC_REPRESENTATION_CONTEXT(2) 
PARAMETRIC_REPRESENTATION_CONTEXT() REPRESENTATION_CONTEXT('2D SPACE',''
  ) );
#1922 = PCURVE('',#208,#1923);
#1923 = DEFINITIONAL_REPRESENTATION('',(#1924),#1927);
#1924 = B_SPLINE_CURVE_WITH_KNOTS('',1,(#1925,#1926),.UNSPECIFIED.,.F.,
  .F.,(2,2),(-7.0000006,35.0000006),.PIECEWISE_BEZIER_KNOTS.);
#1925 = CARTESIAN_POINT('',(-24.61945866543,18.91646609021));
#1926 = CARTESIAN_POINT('',(17.380542534569,18.91646609021));
#1927 = ( GEOMETRIC_REPRESENTATION_CONTEXT(2) 
PARAMETRIC_REPRESENTATION_CONTEXT() REPRESENTATION_CONTEXT('2D SPACE',''
  ) );
#1928 = ADVANCED_FACE('',(#1929),#208,.F.);
#1929 = FACE_BOUND('',#1930,.F.);
#1930 = EDGE_LOOP('',(#1931,#1952,#1980,#2008,#2034,#2059,#2060));
#1931 = ORIENTED_EDGE('',*,*,#1932,.T.);
#1932 = EDGE_CURVE('',#193,#1933,#1935,.T.);
#1933 = VERTEX_POINT('',#1934);
#1934 = CARTESIAN_POINT('',(-17.37712399537,-32.09806164941,0.));
#1935 = SURFACE_CURVE('',#1936,(#1940,#1946),.PCURVE_S1.);
#1936 = LINE('',#1937,#1938);
#1937 = CARTESIAN_POINT('',(-17.37712399537,-32.09806164941,0.));
#1938 = VECTOR('',#1939,1.);
#1939 = DIRECTION('',(-0.,-0.,-1.));
#1940 = PCURVE('',#208,#1941);
#1941 = DEFINITIONAL_REPRESENTATION('',(#1942),#1945);
#1942 = B_SPLINE_CURVE_WITH_KNOTS('',1,(#1943,#1944),.UNSPECIFIED.,.F.,
  .F.,(2,2),(-51.0000006,6.E-07),.PIECEWISE_BEZIER_KNOTS.);
#1943 = CARTESIAN_POINT('',(-24.61945866543,-17.59038547505));
#1944 = CARTESIAN_POINT('',(26.380542534569,-17.59038547505));
#1945 = ( GEOMETRIC_REPRESENTATION_CONTEXT(2) 
PARAMETRIC_REPRESENTATION_CONTEXT() REPRESENTATION_CONTEXT('2D SPACE',''
  ) );
#1946 = PCURVE('',#237,#1947);
#1947 = DEFINITIONAL_REPRESENTATION('',(#1948),#1951);
#1948 = B_SPLINE_CURVE_WITH_KNOTS('',1,(#1949,#1950),.UNSPECIFIED.,.F.,
  .F.,(2,2),(-51.0000006,6.E-07),.PIECEWISE_BEZIER_KNOTS.);
#1949 = CARTESIAN_POINT('',(-4.216190893661,-51.0000006));
#1950 = CARTESIAN_POINT('',(-4.216190893661,6.E-07));
#1951 = ( GEOMETRIC_REPRESENTATION_CONTEXT(2) 
PARAMETRIC_REPRESENTATION_CONTEXT() REPRESENTATION_CONTEXT('2D SPACE',''
  ) );
#1952 = ORIENTED_EDGE('',*,*,#1953,.T.);
#1953 = EDGE_CURVE('',#1933,#1954,#1956,.T.);
#1954 = VERTEX_POINT('',#1955);
#1955 = CARTESIAN_POINT('',(-31.38397459621,-56.35863854409,0.));
#1956 = SURFACE_CURVE('',#1957,(#1961,#1968),.PCURVE_S1.);
#1957 = LINE('',#1958,#1959);
#1958 = CARTESIAN_POINT('',(-17.13397459621,-31.67691453624,0.));
#1959 = VECTOR('',#1960,1.);
#1960 = DIRECTION('',(-0.5,-0.866025403784,0.));
#1961 = PCURVE('',#208,#1962);
#1962 = DEFINITIONAL_REPRESENTATION('',(#1963),#1967);
#1963 = LINE('',#1964,#1965);
#1964 = CARTESIAN_POINT('',(26.380541934569,-18.07668427336));
#1965 = VECTOR('',#1966,1.);
#1966 = DIRECTION('',(0.,1.));
#1967 = ( GEOMETRIC_REPRESENTATION_CONTEXT(2) 
PARAMETRIC_REPRESENTATION_CONTEXT() REPRESENTATION_CONTEXT('2D SPACE',''
  ) );
#1968 = PCURVE('',#1969,#1974);
#1969 = PLANE('',#1970);
#1970 = AXIS2_PLACEMENT_3D('',#1971,#1972,#1973);
#1971 = CARTESIAN_POINT('',(36.,0.,0.));
#1972 = DIRECTION('',(0.,0.,1.));
#1973 = DIRECTION('',(1.,0.,0.));
#1974 = DEFINITIONAL_REPRESENTATION('',(#1975),#1979);
#1975 = LINE('',#1976,#1977);
#1976 = CARTESIAN_POINT('',(-53.13397459621,-31.67691453624));
#1977 = VECTOR('',#1978,1.);
#1978 = DIRECTION('',(-0.5,-0.866025403784));
#1979 = ( GEOMETRIC_REPRESENTATION_CONTEXT(2) 
PARAMETRIC_REPRESENTATION_CONTEXT() REPRESENTATION_CONTEXT('2D SPACE',''
  ) );
#1980 = ORIENTED_EDGE('',*,*,#1981,.T.);
#1981 = EDGE_CURVE('',#1954,#1982,#1984,.T.);
#1982 = VERTEX_POINT('',#1983);
#1983 = CARTESIAN_POINT('',(-32.1301865,-57.65111547467,1.492423807586)
  );
#1984 = SURFACE_CURVE('',#1985,(#1989,#1996),.PCURVE_S1.);
#1985 = LINE('',#1986,#1987);
#1986 = CARTESIAN_POINT('',(-31.38397459621,-56.35863854409,0.));
#1987 = VECTOR('',#1988,1.);
#1988 = DIRECTION('',(-0.353553390593,-0.612372435696,0.707106781187));
#1989 = PCURVE('',#208,#1990);
#1990 = DEFINITIONAL_REPRESENTATION('',(#1991),#1995);
#1991 = LINE('',#1992,#1993);
#1992 = CARTESIAN_POINT('',(26.380541934569,10.423315726631));
#1993 = VECTOR('',#1994,1.);
#1994 = DIRECTION('',(-0.707106781187,0.707106781187));
#1995 = ( GEOMETRIC_REPRESENTATION_CONTEXT(2) 
PARAMETRIC_REPRESENTATION_CONTEXT() REPRESENTATION_CONTEXT('2D SPACE',''
  ) );
#1996 = PCURVE('',#1997,#2002);
#1997 = PLANE('',#1998);
#1998 = AXIS2_PLACEMENT_3D('',#1999,#2000,#2001);
#1999 = CARTESIAN_POINT('',(-32.25,-55.85863854409,0.));
#2000 = DIRECTION('',(0.353553390593,0.612372435696,0.707106781187));
#2001 = DIRECTION('',(-0.353553390593,-0.612372435696,0.707106781187));
#2002 = DEFINITIONAL_REPRESENTATION('',(#2003),#2007);
#2003 = LINE('',#2004,#2005);
#2004 = CARTESIAN_POINT('',(8.326672684689E-17,1.));
#2005 = VECTOR('',#2006,1.);
#2006 = DIRECTION('',(1.,0.));
#2007 = ( GEOMETRIC_REPRESENTATION_CONTEXT(2) 
PARAMETRIC_REPRESENTATION_CONTEXT() REPRESENTATION_CONTEXT('2D SPACE',''
  ) );
#2008 = ORIENTED_EDGE('',*,*,#2009,.F.);
#2009 = EDGE_CURVE('',#2010,#1982,#2012,.T.);
#2010 = VERTEX_POINT('',#2011);
#2011 = CARTESIAN_POINT('',(-32.1301865,-57.65111547467,2.));
#2012 = SURFACE_CURVE('',#2013,(#2017,#2023),.PCURVE_S1.);
#2013 = LINE('',#2014,#2015);
#2014 = CARTESIAN_POINT('',(-32.1301865,-57.65111547467,0.));
#2015 = VECTOR('',#2016,1.);
#2016 = DIRECTION('',(-0.,-0.,-1.));
#2017 = PCURVE('',#208,#2018);
#2018 = DEFINITIONAL_REPRESENTATION('',(#2019),#2022);
#2019 = B_SPLINE_CURVE_WITH_KNOTS('',1,(#2020,#2021),.UNSPECIFIED.,.F.,
  .F.,(2,2),(-2.0000006,6.E-07),.PIECEWISE_BEZIER_KNOTS.);
#2020 = CARTESIAN_POINT('',(24.380541334569,11.915739534217));
#2021 = CARTESIAN_POINT('',(26.380542534569,11.915739534217));
#2022 = ( GEOMETRIC_REPRESENTATION_CONTEXT(2) 
PARAMETRIC_REPRESENTATION_CONTEXT() REPRESENTATION_CONTEXT('2D SPACE',''
  ) );
#2023 = PCURVE('',#2024,#2029);
#2024 = CYLINDRICAL_SURFACE('',#2025,66.);
#2025 = AXIS2_PLACEMENT_3D('',#2026,#2027,#2028);
#2026 = CARTESIAN_POINT('',(0.,0.,0.));
#2027 = DIRECTION('',(-0.,-0.,-1.));
#2028 = DIRECTION('',(1.,0.,0.));
#2029 = DEFINITIONAL_REPRESENTATION('',(#2030),#2033);
#2030 = B_SPLINE_CURVE_WITH_KNOTS('',1,(#2031,#2032),.UNSPECIFIED.,.F.,
  .F.,(2,2),(-2.0000006,6.E-07),.PIECEWISE_BEZIER_KNOTS.);
#2031 = CARTESIAN_POINT('',(-4.203942299716,-2.0000006));
#2032 = CARTESIAN_POINT('',(-4.203942299716,6.E-07));
#2033 = ( GEOMETRIC_REPRESENTATION_CONTEXT(2) 
PARAMETRIC_REPRESENTATION_CONTEXT() REPRESENTATION_CONTEXT('2D SPACE',''
  ) );
#2034 = ORIENTED_EDGE('',*,*,#2035,.F.);
#2035 = EDGE_CURVE('',#1883,#2010,#2036,.T.);
#2036 = SURFACE_CURVE('',#2037,(#2042,#2049),.PCURVE_S1.);
#2037 = HYPERBOLA('',#2038,1.,1.);
#2038 = AXIS2_PLACEMENT_3D('',#2039,#2040,#2041);
#2039 = CARTESIAN_POINT('',(0.866025403784,-0.5,-64.));
#2040 = DIRECTION('',(-0.866025403784,0.5,0.));
#2041 = DIRECTION('',(0.,0.,1.));
#2042 = PCURVE('',#208,#2043);
#2043 = DEFINITIONAL_REPRESENTATION('',(#2044),#2048);
#2044 = ( BOUNDED_CURVE() B_SPLINE_CURVE(2,(#2045,#2046,#2047),
.UNSPECIFIED.,.F.,.F.) B_SPLINE_CURVE_WITH_KNOTS((3,3),(-4.98355970529,
-4.882744525542),.PIECEWISE_BEZIER_KNOTS.) CURVE() 
GEOMETRIC_REPRESENTATION_ITEM() RATIONAL_B_SPLINE_CURVE((1.,
1.001270731594,1.)) REPRESENTATION_ITEM('') );
#2045 = CARTESIAN_POINT('',(17.380541934569,18.91646609021));
#2046 = CARTESIAN_POINT('',(21.056837518425,15.239825524832));
#2047 = CARTESIAN_POINT('',(24.380541934569,11.915739534217));
#2048 = ( GEOMETRIC_REPRESENTATION_CONTEXT(2) 
PARAMETRIC_REPRESENTATION_CONTEXT() REPRESENTATION_CONTEXT('2D SPACE',''
  ) );
#2049 = PCURVE('',#1899,#2050);
#2050 = DEFINITIONAL_REPRESENTATION('',(#2051),#2058);
#2051 = B_SPLINE_CURVE_WITH_KNOTS('',5,(#2052,#2053,#2054,#2055,#2056,
    #2057),.UNSPECIFIED.,.F.,.F.,(6,6),(-4.98355970529,-4.882744525542),
  .PIECEWISE_BEZIER_KNOTS.);
#2052 = CARTESIAN_POINT('',(4.20248926339,7.));
#2053 = CARTESIAN_POINT('',(4.202765469362,5.528236485149));
#2054 = CARTESIAN_POINT('',(4.203048636119,4.093570474776));
#2055 = CARTESIAN_POINT('',(4.203338997515,2.694755436599));
#2056 = CARTESIAN_POINT('',(4.203636799171,1.33060761363));
#2057 = CARTESIAN_POINT('',(4.203942299716,-7.105427357601E-15));
#2058 = ( GEOMETRIC_REPRESENTATION_CONTEXT(2) 
PARAMETRIC_REPRESENTATION_CONTEXT() REPRESENTATION_CONTEXT('2D SPACE',''
  ) );
#2059 = ORIENTED_EDGE('',*,*,#1910,.F.);
#2060 = ORIENTED_EDGE('',*,*,#192,.T.);
#2061 = ADVANCED_FACE('',(#2062),#263,.T.);
#2062 = FACE_BOUND('',#2063,.T.);
#2063 = EDGE_LOOP('',(#2064,#2085,#2108,#2136,#2157,#2182,#2183));
#2064 = ORIENTED_EDGE('',*,*,#2065,.T.);
#2065 = EDGE_CURVE('',#221,#2066,#2068,.T.);
#2066 = VERTEX_POINT('',#2067);
#2067 = CARTESIAN_POINT('',(17.377123995373,-32.09806164941,0.));
#2068 = SURFACE_CURVE('',#2069,(#2073,#2079),.PCURVE_S1.);
#2069 = LINE('',#2070,#2071);
#2070 = CARTESIAN_POINT('',(17.377123995374,-32.09806164941,0.));
#2071 = VECTOR('',#2072,1.);
#2072 = DIRECTION('',(-0.,-0.,-1.));
#2073 = PCURVE('',#263,#2074);
#2074 = DEFINITIONAL_REPRESENTATION('',(#2075),#2078);
#2075 = B_SPLINE_CURVE_WITH_KNOTS('',1,(#2076,#2077),.UNSPECIFIED.,.F.,
  .F.,(2,2),(-51.0000006,6.E-07),.PIECEWISE_BEZIER_KNOTS.);
#2076 = CARTESIAN_POINT('',(-24.61945866543,-17.59038547505));
#2077 = CARTESIAN_POINT('',(26.380542534569,-17.59038547505));
#2078 = ( GEOMETRIC_REPRESENTATION_CONTEXT(2) 
PARAMETRIC_REPRESENTATION_CONTEXT() REPRESENTATION_CONTEXT('2D SPACE',''
  ) );
#2079 = PCURVE('',#237,#2080);
#2080 = DEFINITIONAL_REPRESENTATION('',(#2081),#2084);
#2081 = B_SPLINE_CURVE_WITH_KNOTS('',1,(#2082,#2083),.UNSPECIFIED.,.F.,
  .F.,(2,2),(-51.0000006,6.E-07),.PIECEWISE_BEZIER_KNOTS.);
#2082 = CARTESIAN_POINT('',(-5.208587067108,-51.0000006));
#2083 = CARTESIAN_POINT('',(-5.208587067108,6.E-07));
#2084 = ( GEOMETRIC_REPRESENTATION_CONTEXT(2) 
PARAMETRIC_REPRESENTATION_CONTEXT() REPRESENTATION_CONTEXT('2D SPACE',''
  ) );
#2085 = ORIENTED_EDGE('',*,*,#2086,.T.);
#2086 = EDGE_CURVE('',#2066,#2087,#2089,.T.);
#2087 = VERTEX_POINT('',#2088);
#2088 = CARTESIAN_POINT('',(31.383974596216,-56.35863854409,0.));
#2089 = SURFACE_CURVE('',#2090,(#2094,#2101),.PCURVE_S1.);
#2090 = LINE('',#2091,#2092);
#2091 = CARTESIAN_POINT('',(17.133974596216,-31.67691453624,0.));
#2092 = VECTOR('',#2093,1.);
#2093 = DIRECTION('',(0.5,-0.866025403784,0.));
#2094 = PCURVE('',#263,#2095);
#2095 = DEFINITIONAL_REPRESENTATION('',(#2096),#2100);
#2096 = LINE('',#2097,#2098);
#2097 = CARTESIAN_POINT('',(26.380541934569,-18.07668427336));
#2098 = VECTOR('',#2099,1.);
#2099 = DIRECTION('',(0.,1.));
#2100 = ( GEOMETRIC_REPRESENTATION_CONTEXT(2) 
PARAMETRIC_REPRESENTATION_CONTEXT() REPRESENTATION_CONTEXT('2D SPACE',''
  ) );
#2101 = PCURVE('',#1969,#2102);
#2102 = DEFINITIONAL_REPRESENTATION('',(#2103),#2107);
#2103 = LINE('',#2104,#2105);
#2104 = CARTESIAN_POINT('',(-18.86602540378,-31.67691453624));
#2105 = VECTOR('',#2106,1.);
#2106 = DIRECTION('',(0.5,-0.866025403784));
#2107 = ( GEOMETRIC_REPRESENTATION_CONTEXT(2) 
PARAMETRIC_REPRESENTATION_CONTEXT() REPRESENTATION_CONTEXT('2D SPACE',''
  ) );
#2108 = ORIENTED_EDGE('',*,*,#2109,.T.);
#2109 = EDGE_CURVE('',#2087,#2110,#2112,.T.);
#2110 = VERTEX_POINT('',#2111);
#2111 = CARTESIAN_POINT('',(32.130186500008,-57.65111547467,
    1.492423807586));
#2112 = SURFACE_CURVE('',#2113,(#2117,#2124),.PCURVE_S1.);
#2113 = LINE('',#2114,#2115);
#2114 = CARTESIAN_POINT('',(31.383974596216,-56.35863854409,0.));
#2115 = VECTOR('',#2116,1.);
#2116 = DIRECTION('',(0.353553390593,-0.612372435696,0.707106781187));
#2117 = PCURVE('',#263,#2118);
#2118 = DEFINITIONAL_REPRESENTATION('',(#2119),#2123);
#2119 = LINE('',#2120,#2121);
#2120 = CARTESIAN_POINT('',(26.380541934569,10.423315726631));
#2121 = VECTOR('',#2122,1.);
#2122 = DIRECTION('',(-0.707106781187,0.707106781187));
#2123 = ( GEOMETRIC_REPRESENTATION_CONTEXT(2) 
PARAMETRIC_REPRESENTATION_CONTEXT() REPRESENTATION_CONTEXT('2D SPACE',''
  ) );
#2124 = PCURVE('',#2125,#2130);
#2125 = PLANE('',#2126);
#2126 = AXIS2_PLACEMENT_3D('',#2127,#2128,#2129);
#2127 = CARTESIAN_POINT('',(32.25,-55.85863854409,0.));
#2128 = DIRECTION('',(-0.353553390593,0.612372435696,0.707106781187));
#2129 = DIRECTION('',(0.353553390593,-0.612372435696,0.707106781187));
#2130 = DEFINITIONAL_REPRESENTATION('',(#2131),#2135);
#2131 = LINE('',#2132,#2133);
#2132 = CARTESIAN_POINT('',(5.828670879282E-16,-1.));
#2133 = VECTOR('',#2134,1.);
#2134 = DIRECTION('',(1.,-5.551115123126E-17));
#2135 = ( GEOMETRIC_REPRESENTATION_CONTEXT(2) 
PARAMETRIC_REPRESENTATION_CONTEXT() REPRESENTATION_CONTEXT('2D SPACE',''
  ) );
#2136 = ORIENTED_EDGE('',*,*,#2137,.F.);
#2137 = EDGE_CURVE('',#2138,#2110,#2140,.T.);
#2138 = VERTEX_POINT('',#2139);
#2139 = CARTESIAN_POINT('',(32.130186500008,-57.65111547467,2.));
#2140 = SURFACE_CURVE('',#2141,(#2145,#2151),.PCURVE_S1.);
#2141 = LINE('',#2142,#2143);
#2142 = CARTESIAN_POINT('',(32.130186500008,-57.65111547467,0.));
#2143 = VECTOR('',#2144,1.);
#2144 = DIRECTION('',(-0.,-0.,-1.));
#2145 = PCURVE('',#263,#2146);
#2146 = DEFINITIONAL_REPRESENTATION('',(#2147),#2150);
#2147 = B_SPLINE_CURVE_WITH_KNOTS('',1,(#2148,#2149),.UNSPECIFIED.,.F.,
  .F.,(2,2),(-2.0000006,6.E-07),.PIECEWISE_BEZIER_KNOTS.);
#2148 = CARTESIAN_POINT('',(24.380541334569,11.915739534217));
#2149 = CARTESIAN_POINT('',(26.380542534569,11.915739534217));
#2150 = ( GEOMETRIC_REPRESENTATION_CONTEXT(2) 
PARAMETRIC_REPRESENTATION_CONTEXT() REPRESENTATION_CONTEXT('2D SPACE',''
  ) );
#2151 = PCURVE('',#2024,#2152);
#2152 = DEFINITIONAL_REPRESENTATION('',(#2153),#2156);
#2153 = B_SPLINE_CURVE_WITH_KNOTS('',1,(#2154,#2155),.UNSPECIFIED.,.F.,
  .F.,(2,2),(-2.0000006,6.E-07),.PIECEWISE_BEZIER_KNOTS.);
#2154 = CARTESIAN_POINT('',(-5.220835661053,-2.0000006));
#2155 = CARTESIAN_POINT('',(-5.220835661053,6.E-07));
#2156 = ( GEOMETRIC_REPRESENTATION_CONTEXT(2) 
PARAMETRIC_REPRESENTATION_CONTEXT() REPRESENTATION_CONTEXT('2D SPACE',''
  ) );
#2157 = ORIENTED_EDGE('',*,*,#2158,.F.);
#2158 = EDGE_CURVE('',#1862,#2138,#2159,.T.);
#2159 = SURFACE_CURVE('',#2160,(#2165,#2172),.PCURVE_S1.);
#2160 = HYPERBOLA('',#2161,1.,1.);
#2161 = AXIS2_PLACEMENT_3D('',#2162,#2163,#2164);
#2162 = CARTESIAN_POINT('',(-0.866025403784,-0.5,-64.));
#2163 = DIRECTION('',(-0.866025403784,-0.5,0.));
#2164 = DIRECTION('',(0.,-0.,1.));
#2165 = PCURVE('',#263,#2166);
#2166 = DEFINITIONAL_REPRESENTATION('',(#2167),#2171);
#2167 = ( BOUNDED_CURVE() B_SPLINE_CURVE(2,(#2168,#2169,#2170),
.UNSPECIFIED.,.F.,.F.) B_SPLINE_CURVE_WITH_KNOTS((3,3),(-4.98355970529,
-4.882744525542),.PIECEWISE_BEZIER_KNOTS.) CURVE() 
GEOMETRIC_REPRESENTATION_ITEM() RATIONAL_B_SPLINE_CURVE((1.,
1.001270731594,1.)) REPRESENTATION_ITEM('') );
#2168 = CARTESIAN_POINT('',(17.380541934569,18.91646609021));
#2169 = CARTESIAN_POINT('',(21.056837518425,15.239825524832));
#2170 = CARTESIAN_POINT('',(24.380541934569,11.915739534217));
#2171 = ( GEOMETRIC_REPRESENTATION_CONTEXT(2) 
PARAMETRIC_REPRESENTATION_CONTEXT() REPRESENTATION_CONTEXT('2D SPACE',''
  ) );
#2172 = PCURVE('',#1899,#2173);
#2173 = DEFINITIONAL_REPRESENTATION('',(#2174),#2181);
#2174 = B_SPLINE_CURVE_WITH_KNOTS('',5,(#2175,#2176,#2177,#2178,#2179,
    #2180),.UNSPECIFIED.,.F.,.F.,(6,6),(-4.98355970529,-4.882744525542),
  .PIECEWISE_BEZIER_KNOTS.);
#2175 = CARTESIAN_POINT('',(5.22228869738,7.));
#2176 = CARTESIAN_POINT('',(5.222012491408,5.528236485149));
#2177 = CARTESIAN_POINT('',(5.221729324651,4.093570474776));
#2178 = CARTESIAN_POINT('',(5.221438963254,2.694755436599));
#2179 = CARTESIAN_POINT('',(5.221141161598,1.33060761363));
#2180 = CARTESIAN_POINT('',(5.220835661053,-7.105427357601E-15));
#2181 = ( GEOMETRIC_REPRESENTATION_CONTEXT(2) 
PARAMETRIC_REPRESENTATION_CONTEXT() REPRESENTATION_CONTEXT('2D SPACE',''
  ) );
#2182 = ORIENTED_EDGE('',*,*,#1861,.F.);
#2183 = ORIENTED_EDGE('',*,*,#249,.T.);
#2184 = ADVANCED_FACE('',(#2185),#237,.T.);
#2185 = FACE_BOUND('',#2186,.F.);
#2186 = EDGE_LOOP('',(#2187,#2188,#2210,#2211));
#2187 = ORIENTED_EDGE('',*,*,#2065,.T.);
#2188 = ORIENTED_EDGE('',*,*,#2189,.F.);
#2189 = EDGE_CURVE('',#1933,#2066,#2190,.T.);
#2190 = SURFACE_CURVE('',#2191,(#2196,#2203),.PCURVE_S1.);
#2191 = CIRCLE('',#2192,36.5);
#2192 = AXIS2_PLACEMENT_3D('',#2193,#2194,#2195);
#2193 = CARTESIAN_POINT('',(0.,0.,0.));
#2194 = DIRECTION('',(0.,0.,1.));
#2195 = DIRECTION('',(1.,0.,0.));
#2196 = PCURVE('',#237,#2197);
#2197 = DEFINITIONAL_REPRESENTATION('',(#2198),#2202);
#2198 = LINE('',#2199,#2200);
#2199 = CARTESIAN_POINT('',(-0.,0.));
#2200 = VECTOR('',#2201,1.);
#2201 = DIRECTION('',(-1.,0.));
#2202 = ( GEOMETRIC_REPRESENTATION_CONTEXT(2) 
PARAMETRIC_REPRESENTATION_CONTEXT() REPRESENTATION_CONTEXT('2D SPACE',''
  ) );
#2203 = PCURVE('',#1969,#2204);
#2204 = DEFINITIONAL_REPRESENTATION('',(#2205),#2209);
#2205 = CIRCLE('',#2206,36.5);
#2206 = AXIS2_PLACEMENT_2D('',#2207,#2208);
#2207 = CARTESIAN_POINT('',(-36.,0.));
#2208 = DIRECTION('',(1.,0.));
#2209 = ( GEOMETRIC_REPRESENTATION_CONTEXT(2) 
PARAMETRIC_REPRESENTATION_CONTEXT() REPRESENTATION_CONTEXT('2D SPACE',''
  ) );
#2210 = ORIENTED_EDGE('',*,*,#1932,.F.);
#2211 = ORIENTED_EDGE('',*,*,#220,.T.);
#2212 = ADVANCED_FACE('',(#2213),#296,.F.);
#2213 = FACE_BOUND('',#2214,.T.);
#2214 = EDGE_LOOP('',(#2215,#2216,#2237,#2265));
#2215 = ORIENTED_EDGE('',*,*,#277,.T.);
#2216 = ORIENTED_EDGE('',*,*,#2217,.T.);
#2217 = EDGE_CURVE('',#280,#2218,#2220,.T.);
#2218 = VERTEX_POINT('',#2219);
#2219 = CARTESIAN_POINT('',(-37.36260058557,-62.71392251711,9.));
#2220 = SURFACE_CURVE('',#2221,(#2225,#2231),.PCURVE_S1.);
#2221 = LINE('',#2222,#2223);
#2222 = CARTESIAN_POINT('',(-37.36260058557,-62.71392251711,44.));
#2223 = VECTOR('',#2224,1.);
#2224 = DIRECTION('',(-0.,-0.,-1.));
#2225 = PCURVE('',#296,#2226);
#2226 = DEFINITIONAL_REPRESENTATION('',(#2227),#2230);
#2227 = B_SPLINE_CURVE_WITH_KNOTS('',1,(#2228,#2229),.UNSPECIFIED.,.F.,
  .F.,(2,2),(-7.0000006,35.0000006),.PIECEWISE_BEZIER_KNOTS.);
#2228 = CARTESIAN_POINT('',(-4.175091146183,-7.0000006));
#2229 = CARTESIAN_POINT('',(-4.175091146183,35.0000006));
#2230 = ( GEOMETRIC_REPRESENTATION_CONTEXT(2) 
PARAMETRIC_REPRESENTATION_CONTEXT() REPRESENTATION_CONTEXT('2D SPACE',''
  ) );
#2231 = PCURVE('',#379,#2232);
#2232 = DEFINITIONAL_REPRESENTATION('',(#2233),#2236);
#2233 = B_SPLINE_CURVE_WITH_KNOTS('',1,(#2234,#2235),.UNSPECIFIED.,.F.,
  .F.,(2,2),(-7.0000006,35.0000006),.PIECEWISE_BEZIER_KNOTS.);
#2234 = CARTESIAN_POINT('',(-24.61945866543,18.91646609021));
#2235 = CARTESIAN_POINT('',(17.380542534569,18.91646609021));
#2236 = ( GEOMETRIC_REPRESENTATION_CONTEXT(2) 
PARAMETRIC_REPRESENTATION_CONTEXT() REPRESENTATION_CONTEXT('2D SPACE',''
  ) );
#2237 = ORIENTED_EDGE('',*,*,#2238,.F.);
#2238 = EDGE_CURVE('',#2239,#2218,#2241,.T.);
#2239 = VERTEX_POINT('',#2240);
#2240 = CARTESIAN_POINT('',(-72.99315036357,-1.,9.));
#2241 = SURFACE_CURVE('',#2242,(#2247,#2254),.PCURVE_S1.);
#2242 = CIRCLE('',#2243,73.);
#2243 = AXIS2_PLACEMENT_3D('',#2244,#2245,#2246);
#2244 = CARTESIAN_POINT('',(0.,0.,9.));
#2245 = DIRECTION('',(0.,0.,1.));
#2246 = DIRECTION('',(1.,0.,0.));
#2247 = PCURVE('',#296,#2248);
#2248 = DEFINITIONAL_REPRESENTATION('',(#2249),#2253);
#2249 = LINE('',#2250,#2251);
#2250 = CARTESIAN_POINT('',(-0.,35.));
#2251 = VECTOR('',#2252,1.);
#2252 = DIRECTION('',(-1.,0.));
#2253 = ( GEOMETRIC_REPRESENTATION_CONTEXT(2) 
PARAMETRIC_REPRESENTATION_CONTEXT() REPRESENTATION_CONTEXT('2D SPACE',''
  ) );
#2254 = PCURVE('',#2255,#2260);
#2255 = CONICAL_SURFACE('',#2256,66.,0.785398163397);
#2256 = AXIS2_PLACEMENT_3D('',#2257,#2258,#2259);
#2257 = CARTESIAN_POINT('',(0.,0.,2.));
#2258 = DIRECTION('',(0.,0.,1.));
#2259 = DIRECTION('',(1.,0.,0.));
#2260 = DEFINITIONAL_REPRESENTATION('',(#2261),#2264);
#2261 = B_SPLINE_CURVE_WITH_KNOTS('',1,(#2262,#2263),.UNSPECIFIED.,.F.,
  .F.,(2,2),(0.,6.28318530718),.PIECEWISE_BEZIER_KNOTS.);
#2262 = CARTESIAN_POINT('',(0.,7.));
#2263 = CARTESIAN_POINT('',(6.28318530718,7.));
#2264 = ( GEOMETRIC_REPRESENTATION_CONTEXT(2) 
PARAMETRIC_REPRESENTATION_CONTEXT() REPRESENTATION_CONTEXT('2D SPACE',''
  ) );
#2265 = ORIENTED_EDGE('',*,*,#2266,.F.);
#2266 = EDGE_CURVE('',#278,#2239,#2267,.T.);
#2267 = SURFACE_CURVE('',#2268,(#2272,#2278),.PCURVE_S1.);
#2268 = LINE('',#2269,#2270);
#2269 = CARTESIAN_POINT('',(-72.99315036357,-1.,44.));
#2270 = VECTOR('',#2271,1.);
#2271 = DIRECTION('',(-0.,-0.,-1.));
#2272 = PCURVE('',#296,#2273);
#2273 = DEFINITIONAL_REPRESENTATION('',(#2274),#2277);
#2274 = B_SPLINE_CURVE_WITH_KNOTS('',1,(#2275,#2276),.UNSPECIFIED.,.F.,
  .F.,(2,2),(-7.0000006,35.0000006),.PIECEWISE_BEZIER_KNOTS.);
#2275 = CARTESIAN_POINT('',(-3.155291712193,-7.0000006));
#2276 = CARTESIAN_POINT('',(-3.155291712193,35.0000006));
#2277 = ( GEOMETRIC_REPRESENTATION_CONTEXT(2) 
PARAMETRIC_REPRESENTATION_CONTEXT() REPRESENTATION_CONTEXT('2D SPACE',''
  ) );
#2278 = PCURVE('',#324,#2279);
#2279 = DEFINITIONAL_REPRESENTATION('',(#2280),#2283);
#2280 = B_SPLINE_CURVE_WITH_KNOTS('',1,(#2281,#2282),.UNSPECIFIED.,.F.,
  .F.,(2,2),(-7.0000006,35.0000006),.PIECEWISE_BEZIER_KNOTS.);
#2281 = CARTESIAN_POINT('',(-24.61945866543,18.91646609021));
#2282 = CARTESIAN_POINT('',(17.380542534569,18.91646609021));
#2283 = ( GEOMETRIC_REPRESENTATION_CONTEXT(2) 
PARAMETRIC_REPRESENTATION_CONTEXT() REPRESENTATION_CONTEXT('2D SPACE',''
  ) );
#2284 = ADVANCED_FACE('',(#2285),#324,.F.);
#2285 = FACE_BOUND('',#2286,.F.);
#2286 = EDGE_LOOP('',(#2287,#2308,#2331,#2359,#2380,#2405,#2406));
#2287 = ORIENTED_EDGE('',*,*,#2288,.T.);
#2288 = EDGE_CURVE('',#309,#2289,#2291,.T.);
#2289 = VERTEX_POINT('',#2290);
#2290 = CARTESIAN_POINT('',(-36.48629879831,-1.000000000001,0.));
#2291 = SURFACE_CURVE('',#2292,(#2296,#2302),.PCURVE_S1.);
#2292 = LINE('',#2293,#2294);
#2293 = CARTESIAN_POINT('',(-36.48629879831,-1.,0.));
#2294 = VECTOR('',#2295,1.);
#2295 = DIRECTION('',(-0.,-0.,-1.));
#2296 = PCURVE('',#324,#2297);
#2297 = DEFINITIONAL_REPRESENTATION('',(#2298),#2301);
#2298 = B_SPLINE_CURVE_WITH_KNOTS('',1,(#2299,#2300),.UNSPECIFIED.,.F.,
  .F.,(2,2),(-51.0000006,6.E-07),.PIECEWISE_BEZIER_KNOTS.);
#2299 = CARTESIAN_POINT('',(-24.61945866543,-17.59038547505));
#2300 = CARTESIAN_POINT('',(26.380542534569,-17.59038547505));
#2301 = ( GEOMETRIC_REPRESENTATION_CONTEXT(2) 
PARAMETRIC_REPRESENTATION_CONTEXT() REPRESENTATION_CONTEXT('2D SPACE',''
  ) );
#2302 = PCURVE('',#353,#2303);
#2303 = DEFINITIONAL_REPRESENTATION('',(#2304),#2307);
#2304 = B_SPLINE_CURVE_WITH_KNOTS('',1,(#2305,#2306),.UNSPECIFIED.,.F.,
  .F.,(2,2),(-51.0000006,6.E-07),.PIECEWISE_BEZIER_KNOTS.);
#2305 = CARTESIAN_POINT('',(-3.168993342464,-51.0000006));
#2306 = CARTESIAN_POINT('',(-3.168993342464,6.E-07));
#2307 = ( GEOMETRIC_REPRESENTATION_CONTEXT(2) 
PARAMETRIC_REPRESENTATION_CONTEXT() REPRESENTATION_CONTEXT('2D SPACE',''
  ) );
#2308 = ORIENTED_EDGE('',*,*,#2309,.T.);
#2309 = EDGE_CURVE('',#2289,#2310,#2312,.T.);
#2310 = VERTEX_POINT('',#2311);
#2311 = CARTESIAN_POINT('',(-64.5,-1.,0.));
#2312 = SURFACE_CURVE('',#2313,(#2317,#2324),.PCURVE_S1.);
#2313 = LINE('',#2314,#2315);
#2314 = CARTESIAN_POINT('',(-36.,-1.,0.));
#2315 = VECTOR('',#2316,1.);
#2316 = DIRECTION('',(-1.,1.224646799147E-16,0.));
#2317 = PCURVE('',#324,#2318);
#2318 = DEFINITIONAL_REPRESENTATION('',(#2319),#2323);
#2319 = LINE('',#2320,#2321);
#2320 = CARTESIAN_POINT('',(26.380541934569,-18.07668427336));
#2321 = VECTOR('',#2322,1.);
#2322 = DIRECTION('',(0.,1.));
#2323 = ( GEOMETRIC_REPRESENTATION_CONTEXT(2) 
PARAMETRIC_REPRESENTATION_CONTEXT() REPRESENTATION_CONTEXT('2D SPACE',''
  ) );
#2324 = PCURVE('',#1969,#2325);
#2325 = DEFINITIONAL_REPRESENTATION('',(#2326),#2330);
#2326 = LINE('',#2327,#2328);
#2327 = CARTESIAN_POINT('',(-72.,-1.));
#2328 = VECTOR('',#2329,1.);
#2329 = DIRECTION('',(-1.,1.224646799147E-16));
#2330 = ( GEOMETRIC_REPRESENTATION_CONTEXT(2) 
PARAMETRIC_REPRESENTATION_CONTEXT() REPRESENTATION_CONTEXT('2D SPACE',''
  ) );
#2331 = ORIENTED_EDGE('',*,*,#2332,.T.);
#2332 = EDGE_CURVE('',#2310,#2333,#2335,.T.);
#2333 = VERTEX_POINT('',#2334);
#2334 = CARTESIAN_POINT('',(-65.99242380758,-1.,1.492423807586));
#2335 = SURFACE_CURVE('',#2336,(#2340,#2347),.PCURVE_S1.);
#2336 = LINE('',#2337,#2338);
#2337 = CARTESIAN_POINT('',(-64.5,-1.,0.));
#2338 = VECTOR('',#2339,1.);
#2339 = DIRECTION('',(-0.707106781187,8.659560562355E-17,0.707106781187)
  );
#2340 = PCURVE('',#324,#2341);
#2341 = DEFINITIONAL_REPRESENTATION('',(#2342),#2346);
#2342 = LINE('',#2343,#2344);
#2343 = CARTESIAN_POINT('',(26.380541934569,10.423315726631));
#2344 = VECTOR('',#2345,1.);
#2345 = DIRECTION('',(-0.707106781187,0.707106781187));
#2346 = ( GEOMETRIC_REPRESENTATION_CONTEXT(2) 
PARAMETRIC_REPRESENTATION_CONTEXT() REPRESENTATION_CONTEXT('2D SPACE',''
  ) );
#2347 = PCURVE('',#2348,#2353);
#2348 = PLANE('',#2349);
#2349 = AXIS2_PLACEMENT_3D('',#2350,#2351,#2352);
#2350 = CARTESIAN_POINT('',(-64.5,7.8989718545E-15,0.));
#2351 = DIRECTION('',(0.707106781187,-8.659560562355E-17,0.707106781187)
  );
#2352 = DIRECTION('',(-0.707106781187,8.659560562355E-17,0.707106781187)
  );
#2353 = DEFINITIONAL_REPRESENTATION('',(#2354),#2358);
#2354 = LINE('',#2355,#2356);
#2355 = CARTESIAN_POINT('',(-1.298934084353E-16,1.));
#2356 = VECTOR('',#2357,1.);
#2357 = DIRECTION('',(1.,0.));
#2358 = ( GEOMETRIC_REPRESENTATION_CONTEXT(2) 
PARAMETRIC_REPRESENTATION_CONTEXT() REPRESENTATION_CONTEXT('2D SPACE',''
  ) );
#2359 = ORIENTED_EDGE('',*,*,#2360,.F.);
#2360 = EDGE_CURVE('',#2361,#2333,#2363,.T.);
#2361 = VERTEX_POINT('',#2362);
#2362 = CARTESIAN_POINT('',(-65.99242380758,-1.,2.));
#2363 = SURFACE_CURVE('',#2364,(#2368,#2374),.PCURVE_S1.);
#2364 = LINE('',#2365,#2366);
#2365 = CARTESIAN_POINT('',(-65.99242380758,-1.,0.));
#2366 = VECTOR('',#2367,1.);
#2367 = DIRECTION('',(-0.,-0.,-1.));
#2368 = PCURVE('',#324,#2369);
#2369 = DEFINITIONAL_REPRESENTATION('',(#2370),#2373);
#2370 = B_SPLINE_CURVE_WITH_KNOTS('',1,(#2371,#2372),.UNSPECIFIED.,.F.,
  .F.,(2,2),(-2.0000006,6.E-07),.PIECEWISE_BEZIER_KNOTS.);
#2371 = CARTESIAN_POINT('',(24.380541334569,11.915739534217));
#2372 = CARTESIAN_POINT('',(26.380542534569,11.915739534217));
#2373 = ( GEOMETRIC_REPRESENTATION_CONTEXT(2) 
PARAMETRIC_REPRESENTATION_CONTEXT() REPRESENTATION_CONTEXT('2D SPACE',''
  ) );
#2374 = PCURVE('',#2024,#2375);
#2375 = DEFINITIONAL_REPRESENTATION('',(#2376),#2379);
#2376 = B_SPLINE_CURVE_WITH_KNOTS('',1,(#2377,#2378),.UNSPECIFIED.,.F.,
  .F.,(2,2),(-2.0000006,6.E-07),.PIECEWISE_BEZIER_KNOTS.);
#2377 = CARTESIAN_POINT('',(-3.156744748519,-2.0000006));
#2378 = CARTESIAN_POINT('',(-3.156744748519,6.E-07));
#2379 = ( GEOMETRIC_REPRESENTATION_CONTEXT(2) 
PARAMETRIC_REPRESENTATION_CONTEXT() REPRESENTATION_CONTEXT('2D SPACE',''
  ) );
#2380 = ORIENTED_EDGE('',*,*,#2381,.F.);
#2381 = EDGE_CURVE('',#2239,#2361,#2382,.T.);
#2382 = SURFACE_CURVE('',#2383,(#2388,#2395),.PCURVE_S1.);
#2383 = HYPERBOLA('',#2384,1.,1.);
#2384 = AXIS2_PLACEMENT_3D('',#2385,#2386,#2387);
#2385 = CARTESIAN_POINT('',(-1.224646799147E-16,-1.,-64.));
#2386 = DIRECTION('',(1.224646799147E-16,1.,-0.));
#2387 = DIRECTION('',(0.,0.,1.));
#2388 = PCURVE('',#324,#2389);
#2389 = DEFINITIONAL_REPRESENTATION('',(#2390),#2394);
#2390 = ( BOUNDED_CURVE() B_SPLINE_CURVE(2,(#2391,#2392,#2393),
.UNSPECIFIED.,.F.,.F.) B_SPLINE_CURVE_WITH_KNOTS((3,3),(-4.98355970529,
-4.882744525542),.PIECEWISE_BEZIER_KNOTS.) CURVE() 
GEOMETRIC_REPRESENTATION_ITEM() RATIONAL_B_SPLINE_CURVE((1.,
1.001270731594,1.)) REPRESENTATION_ITEM('') );
#2391 = CARTESIAN_POINT('',(17.380541934569,18.91646609021));
#2392 = CARTESIAN_POINT('',(21.056837518425,15.239825524832));
#2393 = CARTESIAN_POINT('',(24.380541934569,11.915739534217));
#2394 = ( GEOMETRIC_REPRESENTATION_CONTEXT(2) 
PARAMETRIC_REPRESENTATION_CONTEXT() REPRESENTATION_CONTEXT('2D SPACE',''
  ) );
#2395 = PCURVE('',#2255,#2396);
#2396 = DEFINITIONAL_REPRESENTATION('',(#2397),#2404);
#2397 = B_SPLINE_CURVE_WITH_KNOTS('',5,(#2398,#2399,#2400,#2401,#2402,
    #2403),.UNSPECIFIED.,.F.,.F.,(6,6),(-4.98355970529,-4.882744525542),
  .PIECEWISE_BEZIER_KNOTS.);
#2398 = CARTESIAN_POINT('',(3.155291712193,7.));
#2399 = CARTESIAN_POINT('',(3.155567918165,5.528236485149));
#2400 = CARTESIAN_POINT('',(3.155851084922,4.093570474776));
#2401 = CARTESIAN_POINT('',(3.156141446319,2.694755436599));
#2402 = CARTESIAN_POINT('',(3.156439247975,1.33060761363));
#2403 = CARTESIAN_POINT('',(3.156744748519,-1.42108547152E-14));
#2404 = ( GEOMETRIC_REPRESENTATION_CONTEXT(2) 
PARAMETRIC_REPRESENTATION_CONTEXT() REPRESENTATION_CONTEXT('2D SPACE',''
  ) );
#2405 = ORIENTED_EDGE('',*,*,#2266,.F.);
#2406 = ORIENTED_EDGE('',*,*,#308,.T.);
#2407 = ADVANCED_FACE('',(#2408),#379,.T.);
#2408 = FACE_BOUND('',#2409,.T.);
#2409 = EDGE_LOOP('',(#2410,#2431,#2454,#2477,#2498,#2523,#2524));
#2410 = ORIENTED_EDGE('',*,*,#2411,.T.);
#2411 = EDGE_CURVE('',#337,#2412,#2414,.T.);
#2412 = VERTEX_POINT('',#2413);
#2413 = CARTESIAN_POINT('',(-19.10917480294,-31.09806164941,0.));
#2414 = SURFACE_CURVE('',#2415,(#2419,#2425),.PCURVE_S1.);
#2415 = LINE('',#2416,#2417);
#2416 = CARTESIAN_POINT('',(-19.10917480294,-31.09806164941,0.));
#2417 = VECTOR('',#2418,1.);
#2418 = DIRECTION('',(-0.,-0.,-1.));
#2419 = PCURVE('',#379,#2420);
#2420 = DEFINITIONAL_REPRESENTATION('',(#2421),#2424);
#2421 = B_SPLINE_CURVE_WITH_KNOTS('',1,(#2422,#2423),.UNSPECIFIED.,.F.,
  .F.,(2,2),(-51.0000006,6.E-07),.PIECEWISE_BEZIER_KNOTS.);
#2422 = CARTESIAN_POINT('',(-24.61945866543,-17.59038547505));
#2423 = CARTESIAN_POINT('',(26.380542534569,-17.59038547505));
#2424 = ( GEOMETRIC_REPRESENTATION_CONTEXT(2) 
PARAMETRIC_REPRESENTATION_CONTEXT() REPRESENTATION_CONTEXT('2D SPACE',''
  ) );
#2425 = PCURVE('',#353,#2426);
#2426 = DEFINITIONAL_REPRESENTATION('',(#2427),#2430);
#2427 = B_SPLINE_CURVE_WITH_KNOTS('',1,(#2428,#2429),.UNSPECIFIED.,.F.,
  .F.,(2,2),(-51.0000006,6.E-07),.PIECEWISE_BEZIER_KNOTS.);
#2428 = CARTESIAN_POINT('',(-4.161389515912,-51.0000006));
#2429 = CARTESIAN_POINT('',(-4.161389515912,6.E-07));
#2430 = ( GEOMETRIC_REPRESENTATION_CONTEXT(2) 
PARAMETRIC_REPRESENTATION_CONTEXT() REPRESENTATION_CONTEXT('2D SPACE',''
  ) );
#2431 = ORIENTED_EDGE('',*,*,#2432,.T.);
#2432 = EDGE_CURVE('',#2412,#2433,#2435,.T.);
#2433 = VERTEX_POINT('',#2434);
#2434 = CARTESIAN_POINT('',(-33.11602540378,-55.35863854409,0.));
#2435 = SURFACE_CURVE('',#2436,(#2440,#2447),.PCURVE_S1.);
#2436 = LINE('',#2437,#2438);
#2437 = CARTESIAN_POINT('',(-18.86602540378,-30.67691453624,0.));
#2438 = VECTOR('',#2439,1.);
#2439 = DIRECTION('',(-0.5,-0.866025403784,0.));
#2440 = PCURVE('',#379,#2441);
#2441 = DEFINITIONAL_REPRESENTATION('',(#2442),#2446);
#2442 = LINE('',#2443,#2444);
#2443 = CARTESIAN_POINT('',(26.380541934569,-18.07668427336));
#2444 = VECTOR('',#2445,1.);
#2445 = DIRECTION('',(0.,1.));
#2446 = ( GEOMETRIC_REPRESENTATION_CONTEXT(2) 
PARAMETRIC_REPRESENTATION_CONTEXT() REPRESENTATION_CONTEXT('2D SPACE',''
  ) );
#2447 = PCURVE('',#1969,#2448);
#2448 = DEFINITIONAL_REPRESENTATION('',(#2449),#2453);
#2449 = LINE('',#2450,#2451);
#2450 = CARTESIAN_POINT('',(-54.86602540378,-30.67691453624));
#2451 = VECTOR('',#2452,1.);
#2452 = DIRECTION('',(-0.5,-0.866025403784));
#2453 = ( GEOMETRIC_REPRESENTATION_CONTEXT(2) 
PARAMETRIC_REPRESENTATION_CONTEXT() REPRESENTATION_CONTEXT('2D SPACE',''
  ) );
#2454 = ORIENTED_EDGE('',*,*,#2455,.T.);
#2455 = EDGE_CURVE('',#2433,#2456,#2458,.T.);
#2456 = VERTEX_POINT('',#2457);
#2457 = CARTESIAN_POINT('',(-33.86223730757,-56.65111547467,
    1.492423807586));
#2458 = SURFACE_CURVE('',#2459,(#2463,#2470),.PCURVE_S1.);
#2459 = LINE('',#2460,#2461);
#2460 = CARTESIAN_POINT('',(-33.11602540378,-55.35863854409,0.));
#2461 = VECTOR('',#2462,1.);
#2462 = DIRECTION('',(-0.353553390593,-0.612372435696,0.707106781187));
#2463 = PCURVE('',#379,#2464);
#2464 = DEFINITIONAL_REPRESENTATION('',(#2465),#2469);
#2465 = LINE('',#2466,#2467);
#2466 = CARTESIAN_POINT('',(26.380541934569,10.423315726631));
#2467 = VECTOR('',#2468,1.);
#2468 = DIRECTION('',(-0.707106781187,0.707106781187));
#2469 = ( GEOMETRIC_REPRESENTATION_CONTEXT(2) 
PARAMETRIC_REPRESENTATION_CONTEXT() REPRESENTATION_CONTEXT('2D SPACE',''
  ) );
#2470 = PCURVE('',#1997,#2471);
#2471 = DEFINITIONAL_REPRESENTATION('',(#2472),#2476);
#2472 = LINE('',#2473,#2474);
#2473 = CARTESIAN_POINT('',(1.748601263785E-15,-1.));
#2474 = VECTOR('',#2475,1.);
#2475 = DIRECTION('',(1.,0.));
#2476 = ( GEOMETRIC_REPRESENTATION_CONTEXT(2) 
PARAMETRIC_REPRESENTATION_CONTEXT() REPRESENTATION_CONTEXT('2D SPACE',''
  ) );
#2477 = ORIENTED_EDGE('',*,*,#2478,.F.);
#2478 = EDGE_CURVE('',#2479,#2456,#2481,.T.);
#2479 = VERTEX_POINT('',#2480);
#2480 = CARTESIAN_POINT('',(-33.86223730757,-56.65111547467,2.));
#2481 = SURFACE_CURVE('',#2482,(#2486,#2492),.PCURVE_S1.);
#2482 = LINE('',#2483,#2484);
#2483 = CARTESIAN_POINT('',(-33.86223730757,-56.65111547467,0.));
#2484 = VECTOR('',#2485,1.);
#2485 = DIRECTION('',(-0.,-0.,-1.));
#2486 = PCURVE('',#379,#2487);
#2487 = DEFINITIONAL_REPRESENTATION('',(#2488),#2491);
#2488 = B_SPLINE_CURVE_WITH_KNOTS('',1,(#2489,#2490),.UNSPECIFIED.,.F.,
  .F.,(2,2),(-2.0000006,6.E-07),.PIECEWISE_BEZIER_KNOTS.);
#2489 = CARTESIAN_POINT('',(24.380541334569,11.915739534217));
#2490 = CARTESIAN_POINT('',(26.380542534569,11.915739534217));
#2491 = ( GEOMETRIC_REPRESENTATION_CONTEXT(2) 
PARAMETRIC_REPRESENTATION_CONTEXT() REPRESENTATION_CONTEXT('2D SPACE',''
  ) );
#2492 = PCURVE('',#2024,#2493);
#2493 = DEFINITIONAL_REPRESENTATION('',(#2494),#2497);
#2494 = B_SPLINE_CURVE_WITH_KNOTS('',1,(#2495,#2496),.UNSPECIFIED.,.F.,
  .F.,(2,2),(-2.0000006,6.E-07),.PIECEWISE_BEZIER_KNOTS.);
#2495 = CARTESIAN_POINT('',(-4.173638109857,-2.0000006));
#2496 = CARTESIAN_POINT('',(-4.173638109857,6.E-07));
#2497 = ( GEOMETRIC_REPRESENTATION_CONTEXT(2) 
PARAMETRIC_REPRESENTATION_CONTEXT() REPRESENTATION_CONTEXT('2D SPACE',''
  ) );
#2498 = ORIENTED_EDGE('',*,*,#2499,.F.);
#2499 = EDGE_CURVE('',#2218,#2479,#2500,.T.);
#2500 = SURFACE_CURVE('',#2501,(#2506,#2513),.PCURVE_S1.);
#2501 = HYPERBOLA('',#2502,1.,1.);
#2502 = AXIS2_PLACEMENT_3D('',#2503,#2504,#2505);
#2503 = CARTESIAN_POINT('',(-0.866025403784,0.5,-64.));
#2504 = DIRECTION('',(-0.866025403784,0.5,0.));
#2505 = DIRECTION('',(0.,0.,1.));
#2506 = PCURVE('',#379,#2507);
#2507 = DEFINITIONAL_REPRESENTATION('',(#2508),#2512);
#2508 = ( BOUNDED_CURVE() B_SPLINE_CURVE(2,(#2509,#2510,#2511),
.UNSPECIFIED.,.F.,.F.) B_SPLINE_CURVE_WITH_KNOTS((3,3),(-4.98355970529,
-4.882744525542),.PIECEWISE_BEZIER_KNOTS.) CURVE() 
GEOMETRIC_REPRESENTATION_ITEM() RATIONAL_B_SPLINE_CURVE((1.,
1.001270731594,1.)) REPRESENTATION_ITEM('') );
#2509 = CARTESIAN_POINT('',(17.380541934569,18.91646609021));
#2510 = CARTESIAN_POINT('',(21.056837518425,15.239825524832));
#2511 = CARTESIAN_POINT('',(24.380541934569,11.915739534217));
#2512 = ( GEOMETRIC_REPRESENTATION_CONTEXT(2) 
PARAMETRIC_REPRESENTATION_CONTEXT() REPRESENTATION_CONTEXT('2D SPACE',''
  ) );
#2513 = PCURVE('',#2255,#2514);
#2514 = DEFINITIONAL_REPRESENTATION('',(#2515),#2522);
#2515 = B_SPLINE_CURVE_WITH_KNOTS('',5,(#2516,#2517,#2518,#2519,#2520,
    #2521),.UNSPECIFIED.,.F.,.F.,(6,6),(-4.98355970529,-4.882744525542),
  .PIECEWISE_BEZIER_KNOTS.);
#2516 = CARTESIAN_POINT('',(4.175091146183,7.));
#2517 = CARTESIAN_POINT('',(4.174814940211,5.528236485149));
#2518 = CARTESIAN_POINT('',(4.174531773454,4.093570474776));
#2519 = CARTESIAN_POINT('',(4.174241412057,2.694755436599));
#2520 = CARTESIAN_POINT('',(4.173943610401,1.33060761363));
#2521 = CARTESIAN_POINT('',(4.173638109857,-1.42108547152E-14));
#2522 = ( GEOMETRIC_REPRESENTATION_CONTEXT(2) 
PARAMETRIC_REPRESENTATION_CONTEXT() REPRESENTATION_CONTEXT('2D SPACE',''
  ) );
#2523 = ORIENTED_EDGE('',*,*,#2217,.F.);
#2524 = ORIENTED_EDGE('',*,*,#365,.T.);
#2525 = ADVANCED_FACE('',(#2526,#2553),#353,.T.);
#2526 = FACE_BOUND('',#2527,.F.);
#2527 = EDGE_LOOP('',(#2528,#2529,#2551,#2552));
#2528 = ORIENTED_EDGE('',*,*,#2411,.T.);
#2529 = ORIENTED_EDGE('',*,*,#2530,.F.);
#2530 = EDGE_CURVE('',#2289,#2412,#2531,.T.);
#2531 = SURFACE_CURVE('',#2532,(#2537,#2544),.PCURVE_S1.);
#2532 = CIRCLE('',#2533,36.5);
#2533 = AXIS2_PLACEMENT_3D('',#2534,#2535,#2536);
#2534 = CARTESIAN_POINT('',(0.,0.,0.));
#2535 = DIRECTION('',(0.,0.,1.));
#2536 = DIRECTION('',(1.,0.,0.));
#2537 = PCURVE('',#353,#2538);
#2538 = DEFINITIONAL_REPRESENTATION('',(#2539),#2543);
#2539 = LINE('',#2540,#2541);
#2540 = CARTESIAN_POINT('',(-0.,0.));
#2541 = VECTOR('',#2542,1.);
#2542 = DIRECTION('',(-1.,0.));
#2543 = ( GEOMETRIC_REPRESENTATION_CONTEXT(2) 
PARAMETRIC_REPRESENTATION_CONTEXT() REPRESENTATION_CONTEXT('2D SPACE',''
  ) );
#2544 = PCURVE('',#1969,#2545);
#2545 = DEFINITIONAL_REPRESENTATION('',(#2546),#2550);
#2546 = CIRCLE('',#2547,36.5);
#2547 = AXIS2_PLACEMENT_2D('',#2548,#2549);
#2548 = CARTESIAN_POINT('',(-36.,0.));
#2549 = DIRECTION('',(1.,0.));
#2550 = ( GEOMETRIC_REPRESENTATION_CONTEXT(2) 
PARAMETRIC_REPRESENTATION_CONTEXT() REPRESENTATION_CONTEXT('2D SPACE',''
  ) );
#2551 = ORIENTED_EDGE('',*,*,#2288,.F.);
#2552 = ORIENTED_EDGE('',*,*,#336,.T.);
#2553 = FACE_BOUND('',#2554,.F.);
#2554 = EDGE_LOOP('',(#2555,#2583,#2616,#2642));
#2555 = ORIENTED_EDGE('',*,*,#2556,.F.);
#2556 = EDGE_CURVE('',#2557,#2559,#2561,.T.);
#2557 = VERTEX_POINT('',#2558);
#2558 = CARTESIAN_POINT('',(-31.09806164941,-19.10917480294,35.5));
#2559 = VERTEX_POINT('',#2560);
#2560 = CARTESIAN_POINT('',(-31.09806164941,-19.10917480294,11.979));
#2561 = SURFACE_CURVE('',#2562,(#2566,#2572),.PCURVE_S1.);
#2562 = LINE('',#2563,#2564);
#2563 = CARTESIAN_POINT('',(-31.09806164941,-19.10917480294,0.));
#2564 = VECTOR('',#2565,1.);
#2565 = DIRECTION('',(-0.,-0.,-1.));
#2566 = PCURVE('',#353,#2567);
#2567 = DEFINITIONAL_REPRESENTATION('',(#2568),#2571);
#2568 = B_SPLINE_CURVE_WITH_KNOTS('',1,(#2569,#2570),.UNSPECIFIED.,.F.,
  .F.,(2,2),(-38.20058519615,-5.793562842282),.PIECEWISE_BEZIER_KNOTS.);
#2569 = CARTESIAN_POINT('',(-3.692592118063,-38.20058519615));
#2570 = CARTESIAN_POINT('',(-3.692592118063,-5.793562842282));
#2571 = ( GEOMETRIC_REPRESENTATION_CONTEXT(2) 
PARAMETRIC_REPRESENTATION_CONTEXT() REPRESENTATION_CONTEXT('2D SPACE',''
  ) );
#2572 = PCURVE('',#2573,#2578);
#2573 = PLANE('',#2574);
#2574 = AXIS2_PLACEMENT_3D('',#2575,#2576,#2577);
#2575 = CARTESIAN_POINT('',(-31.54293994002,-19.36602540378,-25.5));
#2576 = DIRECTION('',(-0.5,0.866025403784,0.));
#2577 = DIRECTION('',(0.,0.,1.));
#2578 = DEFINITIONAL_REPRESENTATION('',(#2579),#2582);
#2579 = B_SPLINE_CURVE_WITH_KNOTS('',1,(#2580,#2581),.UNSPECIFIED.,.F.,
  .F.,(2,2),(-38.20058519615,-5.793562842282),.PIECEWISE_BEZIER_KNOTS.);
#2580 = CARTESIAN_POINT('',(63.700585196156,0.513701201684));
#2581 = CARTESIAN_POINT('',(31.293562842282,0.513701201684));
#2582 = ( GEOMETRIC_REPRESENTATION_CONTEXT(2) 
PARAMETRIC_REPRESENTATION_CONTEXT() REPRESENTATION_CONTEXT('2D SPACE',''
  ) );
#2583 = ORIENTED_EDGE('',*,*,#2584,.T.);
#2584 = EDGE_CURVE('',#2557,#2585,#2587,.T.);
#2585 = VERTEX_POINT('',#2586);
#2586 = CARTESIAN_POINT('',(-32.09806164941,-17.37712399537,35.5));
#2587 = SURFACE_CURVE('',#2588,(#2593,#2600),.PCURVE_S1.);
#2588 = CIRCLE('',#2589,36.5);
#2589 = AXIS2_PLACEMENT_3D('',#2590,#2591,#2592);
#2590 = CARTESIAN_POINT('',(0.,0.,35.5));
#2591 = DIRECTION('',(0.,0.,-1.));
#2592 = DIRECTION('',(1.,0.,0.));
#2593 = PCURVE('',#353,#2594);
#2594 = DEFINITIONAL_REPRESENTATION('',(#2595),#2599);
#2595 = LINE('',#2596,#2597);
#2596 = CARTESIAN_POINT('',(-6.28318530718,-35.5));
#2597 = VECTOR('',#2598,1.);
#2598 = DIRECTION('',(1.,-0.));
#2599 = ( GEOMETRIC_REPRESENTATION_CONTEXT(2) 
PARAMETRIC_REPRESENTATION_CONTEXT() REPRESENTATION_CONTEXT('2D SPACE',''
  ) );
#2600 = PCURVE('',#2601,#2606);
#2601 = PLANE('',#2602);
#2602 = AXIS2_PLACEMENT_3D('',#2603,#2604,#2605);
#2603 = CARTESIAN_POINT('',(-31.54293994002,-19.36602540378,35.5));
#2604 = DIRECTION('',(0.,0.,1.));
#2605 = DIRECTION('',(0.866025403784,0.5,0.));
#2606 = DEFINITIONAL_REPRESENTATION('',(#2607),#2615);
#2607 = ( BOUNDED_CURVE() B_SPLINE_CURVE(2,(#2608,#2609,#2610,#2611,
#2612,#2613,#2614),.UNSPECIFIED.,.T.,.F.) B_SPLINE_CURVE_WITH_KNOTS((1,2
    ,2,2,2,1),(-2.094395102393,0.,2.094395102393,4.188790204786,
6.28318530718,8.377580409573),.UNSPECIFIED.) CURVE() 
GEOMETRIC_REPRESENTATION_ITEM() RATIONAL_B_SPLINE_CURVE((1.,0.5,1.,0.5,
1.,0.5,1.)) REPRESENTATION_ITEM('') );
#2608 = CARTESIAN_POINT('',(68.609927238132,-17.25));
#2609 = CARTESIAN_POINT('',(37.,-72.));
#2610 = CARTESIAN_POINT('',(5.390072761868,-17.25));
#2611 = CARTESIAN_POINT('',(-26.21985447626,37.5));
#2612 = CARTESIAN_POINT('',(37.,37.5));
#2613 = CARTESIAN_POINT('',(100.21985447626,37.5));
#2614 = CARTESIAN_POINT('',(68.609927238132,-17.25));
#2615 = ( GEOMETRIC_REPRESENTATION_CONTEXT(2) 
PARAMETRIC_REPRESENTATION_CONTEXT() REPRESENTATION_CONTEXT('2D SPACE',''
  ) );
#2616 = ORIENTED_EDGE('',*,*,#2617,.T.);
#2617 = EDGE_CURVE('',#2585,#2618,#2620,.T.);
#2618 = VERTEX_POINT('',#2619);
#2619 = CARTESIAN_POINT('',(-32.09806164941,-17.37712399537,11.979));
#2620 = SURFACE_CURVE('',#2621,(#2625,#2631),.PCURVE_S1.);
#2621 = LINE('',#2622,#2623);
#2622 = CARTESIAN_POINT('',(-32.09806164941,-17.37712399537,0.));
#2623 = VECTOR('',#2624,1.);
#2624 = DIRECTION('',(-0.,-0.,-1.));
#2625 = PCURVE('',#353,#2626);
#2626 = DEFINITIONAL_REPRESENTATION('',(#2627),#2630);
#2627 = B_SPLINE_CURVE_WITH_KNOTS('',1,(#2628,#2629),.UNSPECIFIED.,.F.,
  .F.,(2,2),(-38.20058519615,-5.793562842282),.PIECEWISE_BEZIER_KNOTS.);
#2628 = CARTESIAN_POINT('',(-3.637790740314,-38.20058519615));
#2629 = CARTESIAN_POINT('',(-3.637790740314,-5.793562842282));
#2630 = ( GEOMETRIC_REPRESENTATION_CONTEXT(2) 
PARAMETRIC_REPRESENTATION_CONTEXT() REPRESENTATION_CONTEXT('2D SPACE',''
  ) );
#2631 = PCURVE('',#2632,#2637);
#2632 = PLANE('',#2633);
#2633 = AXIS2_PLACEMENT_3D('',#2634,#2635,#2636);
#2634 = CARTESIAN_POINT('',(-32.54293994002,-17.63397459621,-25.5));
#2635 = DIRECTION('',(-0.5,0.866025403784,0.));
#2636 = DIRECTION('',(0.,0.,1.));
#2637 = DEFINITIONAL_REPRESENTATION('',(#2638),#2641);
#2638 = B_SPLINE_CURVE_WITH_KNOTS('',1,(#2639,#2640),.UNSPECIFIED.,.F.,
  .F.,(2,2),(-38.20058519615,-5.793562842282),.PIECEWISE_BEZIER_KNOTS.);
#2639 = CARTESIAN_POINT('',(63.700585196156,0.513701201684));
#2640 = CARTESIAN_POINT('',(31.293562842282,0.513701201684));
#2641 = ( GEOMETRIC_REPRESENTATION_CONTEXT(2) 
PARAMETRIC_REPRESENTATION_CONTEXT() REPRESENTATION_CONTEXT('2D SPACE',''
  ) );
#2642 = ORIENTED_EDGE('',*,*,#2643,.F.);
#2643 = EDGE_CURVE('',#2559,#2618,#2644,.T.);
#2644 = SURFACE_CURVE('',#2645,(#2650,#2657),.PCURVE_S1.);
#2645 = CIRCLE('',#2646,36.5);
#2646 = AXIS2_PLACEMENT_3D('',#2647,#2648,#2649);
#2647 = CARTESIAN_POINT('',(0.,0.,11.979));
#2648 = DIRECTION('',(0.,-0.,-1.));
#2649 = DIRECTION('',(0.,1.,-0.));
#2650 = PCURVE('',#353,#2651);
#2651 = DEFINITIONAL_REPRESENTATION('',(#2652),#2656);
#2652 = LINE('',#2653,#2654);
#2653 = CARTESIAN_POINT('',(-7.853981633974,-11.979));
#2654 = VECTOR('',#2655,1.);
#2655 = DIRECTION('',(1.,-0.));
#2656 = ( GEOMETRIC_REPRESENTATION_CONTEXT(2) 
PARAMETRIC_REPRESENTATION_CONTEXT() REPRESENTATION_CONTEXT('2D SPACE',''
  ) );
#2657 = PCURVE('',#2658,#2663);
#2658 = CONICAL_SURFACE('',#2659,1.E-03,0.785398163397);
#2659 = AXIS2_PLACEMENT_3D('',#2660,#2661,#2662);
#2660 = CARTESIAN_POINT('',(0.,0.,-24.52));
#2661 = DIRECTION('',(0.,0.,1.));
#2662 = DIRECTION('',(0.866025403784,0.5,0.));
#2663 = DEFINITIONAL_REPRESENTATION('',(#2664),#2668);
#2664 = LINE('',#2665,#2666);
#2665 = CARTESIAN_POINT('',(7.330382858376,36.499));
#2666 = VECTOR('',#2667,1.);
#2667 = DIRECTION('',(-1.,0.));
#2668 = ( GEOMETRIC_REPRESENTATION_CONTEXT(2) 
PARAMETRIC_REPRESENTATION_CONTEXT() REPRESENTATION_CONTEXT('2D SPACE',''
  ) );
#2669 = ADVANCED_FACE('',(#2670),#412,.F.);
#2670 = FACE_BOUND('',#2671,.T.);
#2671 = EDGE_LOOP('',(#2672,#2673,#2694,#2722));
#2672 = ORIENTED_EDGE('',*,*,#393,.T.);
#2673 = ORIENTED_EDGE('',*,*,#2674,.T.);
#2674 = EDGE_CURVE('',#396,#2675,#2677,.T.);
#2675 = VERTEX_POINT('',#2676);
#2676 = CARTESIAN_POINT('',(72.993150363579,-1.,9.));
#2677 = SURFACE_CURVE('',#2678,(#2682,#2688),.PCURVE_S1.);
#2678 = LINE('',#2679,#2680);
#2679 = CARTESIAN_POINT('',(72.993150363579,-1.,44.));
#2680 = VECTOR('',#2681,1.);
#2681 = DIRECTION('',(-0.,-0.,-1.));
#2682 = PCURVE('',#412,#2683);
#2683 = DEFINITIONAL_REPRESENTATION('',(#2684),#2687);
#2684 = B_SPLINE_CURVE_WITH_KNOTS('',1,(#2685,#2686),.UNSPECIFIED.,.F.,
  .F.,(2,2),(-7.0000006,35.0000006),.PIECEWISE_BEZIER_KNOTS.);
#2685 = CARTESIAN_POINT('',(-6.269486248576,-7.0000006));
#2686 = CARTESIAN_POINT('',(-6.269486248576,35.0000006));
#2687 = ( GEOMETRIC_REPRESENTATION_CONTEXT(2) 
PARAMETRIC_REPRESENTATION_CONTEXT() REPRESENTATION_CONTEXT('2D SPACE',''
  ) );
#2688 = PCURVE('',#495,#2689);
#2689 = DEFINITIONAL_REPRESENTATION('',(#2690),#2693);
#2690 = B_SPLINE_CURVE_WITH_KNOTS('',1,(#2691,#2692),.UNSPECIFIED.,.F.,
  .F.,(2,2),(-7.0000006,35.0000006),.PIECEWISE_BEZIER_KNOTS.);
#2691 = CARTESIAN_POINT('',(-24.61945866543,18.91646609021));
#2692 = CARTESIAN_POINT('',(17.380542534569,18.91646609021));
#2693 = ( GEOMETRIC_REPRESENTATION_CONTEXT(2) 
PARAMETRIC_REPRESENTATION_CONTEXT() REPRESENTATION_CONTEXT('2D SPACE',''
  ) );
#2694 = ORIENTED_EDGE('',*,*,#2695,.F.);
#2695 = EDGE_CURVE('',#2696,#2675,#2698,.T.);
#2696 = VERTEX_POINT('',#2697);
#2697 = CARTESIAN_POINT('',(37.362600585574,-62.71392251711,9.));
#2698 = SURFACE_CURVE('',#2699,(#2704,#2711),.PCURVE_S1.);
#2699 = CIRCLE('',#2700,73.);
#2700 = AXIS2_PLACEMENT_3D('',#2701,#2702,#2703);
#2701 = CARTESIAN_POINT('',(0.,0.,9.));
#2702 = DIRECTION('',(0.,0.,1.));
#2703 = DIRECTION('',(1.,0.,0.));
#2704 = PCURVE('',#412,#2705);
#2705 = DEFINITIONAL_REPRESENTATION('',(#2706),#2710);
#2706 = LINE('',#2707,#2708);
#2707 = CARTESIAN_POINT('',(-0.,35.));
#2708 = VECTOR('',#2709,1.);
#2709 = DIRECTION('',(-1.,0.));
#2710 = ( GEOMETRIC_REPRESENTATION_CONTEXT(2) 
PARAMETRIC_REPRESENTATION_CONTEXT() REPRESENTATION_CONTEXT('2D SPACE',''
  ) );
#2711 = PCURVE('',#2712,#2717);
#2712 = CONICAL_SURFACE('',#2713,66.,0.785398163397);
#2713 = AXIS2_PLACEMENT_3D('',#2714,#2715,#2716);
#2714 = CARTESIAN_POINT('',(0.,0.,2.));
#2715 = DIRECTION('',(0.,0.,1.));
#2716 = DIRECTION('',(1.,0.,0.));
#2717 = DEFINITIONAL_REPRESENTATION('',(#2718),#2721);
#2718 = B_SPLINE_CURVE_WITH_KNOTS('',1,(#2719,#2720),.UNSPECIFIED.,.F.,
  .F.,(2,2),(0.,6.28318530718),.PIECEWISE_BEZIER_KNOTS.);
#2719 = CARTESIAN_POINT('',(0.,7.));
#2720 = CARTESIAN_POINT('',(6.28318530718,7.));
#2721 = ( GEOMETRIC_REPRESENTATION_CONTEXT(2) 
PARAMETRIC_REPRESENTATION_CONTEXT() REPRESENTATION_CONTEXT('2D SPACE',''
  ) );
#2722 = ORIENTED_EDGE('',*,*,#2723,.F.);
#2723 = EDGE_CURVE('',#394,#2696,#2724,.T.);
#2724 = SURFACE_CURVE('',#2725,(#2729,#2735),.PCURVE_S1.);
#2725 = LINE('',#2726,#2727);
#2726 = CARTESIAN_POINT('',(37.362600585574,-62.71392251711,44.));
#2727 = VECTOR('',#2728,1.);
#2728 = DIRECTION('',(-0.,-0.,-1.));
#2729 = PCURVE('',#412,#2730);
#2730 = DEFINITIONAL_REPRESENTATION('',(#2731),#2734);
#2731 = B_SPLINE_CURVE_WITH_KNOTS('',1,(#2732,#2733),.UNSPECIFIED.,.F.,
  .F.,(2,2),(-7.0000006,35.0000006),.PIECEWISE_BEZIER_KNOTS.);
#2732 = CARTESIAN_POINT('',(-5.249686814586,-7.0000006));
#2733 = CARTESIAN_POINT('',(-5.249686814586,35.0000006));
#2734 = ( GEOMETRIC_REPRESENTATION_CONTEXT(2) 
PARAMETRIC_REPRESENTATION_CONTEXT() REPRESENTATION_CONTEXT('2D SPACE',''
  ) );
#2735 = PCURVE('',#440,#2736);
#2736 = DEFINITIONAL_REPRESENTATION('',(#2737),#2740);
#2737 = B_SPLINE_CURVE_WITH_KNOTS('',1,(#2738,#2739),.UNSPECIFIED.,.F.,
  .F.,(2,2),(-7.0000006,35.0000006),.PIECEWISE_BEZIER_KNOTS.);
#2738 = CARTESIAN_POINT('',(-24.61945866543,18.91646609021));
#2739 = CARTESIAN_POINT('',(17.380542534569,18.91646609021));
#2740 = ( GEOMETRIC_REPRESENTATION_CONTEXT(2) 
PARAMETRIC_REPRESENTATION_CONTEXT() REPRESENTATION_CONTEXT('2D SPACE',''
  ) );
#2741 = ADVANCED_FACE('',(#2742),#440,.F.);
#2742 = FACE_BOUND('',#2743,.F.);
#2743 = EDGE_LOOP('',(#2744,#2765,#2788,#2811,#2832,#2857,#2858));
#2744 = ORIENTED_EDGE('',*,*,#2745,.T.);
#2745 = EDGE_CURVE('',#425,#2746,#2748,.T.);
#2746 = VERTEX_POINT('',#2747);
#2747 = CARTESIAN_POINT('',(19.109174802942,-31.09806164941,0.));
#2748 = SURFACE_CURVE('',#2749,(#2753,#2759),.PCURVE_S1.);
#2749 = LINE('',#2750,#2751);
#2750 = CARTESIAN_POINT('',(19.109174802942,-31.09806164941,0.));
#2751 = VECTOR('',#2752,1.);
#2752 = DIRECTION('',(-0.,-0.,-1.));
#2753 = PCURVE('',#440,#2754);
#2754 = DEFINITIONAL_REPRESENTATION('',(#2755),#2758);
#2755 = B_SPLINE_CURVE_WITH_KNOTS('',1,(#2756,#2757),.UNSPECIFIED.,.F.,
  .F.,(2,2),(-51.0000006,6.E-07),.PIECEWISE_BEZIER_KNOTS.);
#2756 = CARTESIAN_POINT('',(-24.61945866543,-17.59038547505));
#2757 = CARTESIAN_POINT('',(26.380542534569,-17.59038547505));
#2758 = ( GEOMETRIC_REPRESENTATION_CONTEXT(2) 
PARAMETRIC_REPRESENTATION_CONTEXT() REPRESENTATION_CONTEXT('2D SPACE',''
  ) );
#2759 = PCURVE('',#469,#2760);
#2760 = DEFINITIONAL_REPRESENTATION('',(#2761),#2764);
#2761 = B_SPLINE_CURVE_WITH_KNOTS('',1,(#2762,#2763),.UNSPECIFIED.,.F.,
  .F.,(2,2),(-51.0000006,6.E-07),.PIECEWISE_BEZIER_KNOTS.);
#2762 = CARTESIAN_POINT('',(-5.263388444858,-51.0000006));
#2763 = CARTESIAN_POINT('',(-5.263388444858,6.E-07));
#2764 = ( GEOMETRIC_REPRESENTATION_CONTEXT(2) 
PARAMETRIC_REPRESENTATION_CONTEXT() REPRESENTATION_CONTEXT('2D SPACE',''
  ) );
#2765 = ORIENTED_EDGE('',*,*,#2766,.T.);
#2766 = EDGE_CURVE('',#2746,#2767,#2769,.T.);
#2767 = VERTEX_POINT('',#2768);
#2768 = CARTESIAN_POINT('',(33.116025403784,-55.35863854409,0.));
#2769 = SURFACE_CURVE('',#2770,(#2774,#2781),.PCURVE_S1.);
#2770 = LINE('',#2771,#2772);
#2771 = CARTESIAN_POINT('',(18.866025403784,-30.67691453624,0.));
#2772 = VECTOR('',#2773,1.);
#2773 = DIRECTION('',(0.5,-0.866025403784,0.));
#2774 = PCURVE('',#440,#2775);
#2775 = DEFINITIONAL_REPRESENTATION('',(#2776),#2780);
#2776 = LINE('',#2777,#2778);
#2777 = CARTESIAN_POINT('',(26.380541934569,-18.07668427336));
#2778 = VECTOR('',#2779,1.);
#2779 = DIRECTION('',(0.,1.));
#2780 = ( GEOMETRIC_REPRESENTATION_CONTEXT(2) 
PARAMETRIC_REPRESENTATION_CONTEXT() REPRESENTATION_CONTEXT('2D SPACE',''
  ) );
#2781 = PCURVE('',#1969,#2782);
#2782 = DEFINITIONAL_REPRESENTATION('',(#2783),#2787);
#2783 = LINE('',#2784,#2785);
#2784 = CARTESIAN_POINT('',(-17.13397459621,-30.67691453624));
#2785 = VECTOR('',#2786,1.);
#2786 = DIRECTION('',(0.5,-0.866025403784));
#2787 = ( GEOMETRIC_REPRESENTATION_CONTEXT(2) 
PARAMETRIC_REPRESENTATION_CONTEXT() REPRESENTATION_CONTEXT('2D SPACE',''
  ) );
#2788 = ORIENTED_EDGE('',*,*,#2789,.T.);
#2789 = EDGE_CURVE('',#2767,#2790,#2792,.T.);
#2790 = VERTEX_POINT('',#2791);
#2791 = CARTESIAN_POINT('',(33.862237307577,-56.65111547467,
    1.492423807586));
#2792 = SURFACE_CURVE('',#2793,(#2797,#2804),.PCURVE_S1.);
#2793 = LINE('',#2794,#2795);
#2794 = CARTESIAN_POINT('',(33.116025403784,-55.35863854409,0.));
#2795 = VECTOR('',#2796,1.);
#2796 = DIRECTION('',(0.353553390593,-0.612372435696,0.707106781187));
#2797 = PCURVE('',#440,#2798);
#2798 = DEFINITIONAL_REPRESENTATION('',(#2799),#2803);
#2799 = LINE('',#2800,#2801);
#2800 = CARTESIAN_POINT('',(26.380541934569,10.423315726631));
#2801 = VECTOR('',#2802,1.);
#2802 = DIRECTION('',(-0.707106781187,0.707106781187));
#2803 = ( GEOMETRIC_REPRESENTATION_CONTEXT(2) 
PARAMETRIC_REPRESENTATION_CONTEXT() REPRESENTATION_CONTEXT('2D SPACE',''
  ) );
#2804 = PCURVE('',#2125,#2805);
#2805 = DEFINITIONAL_REPRESENTATION('',(#2806),#2810);
#2806 = LINE('',#2807,#2808);
#2807 = CARTESIAN_POINT('',(1.33226762955E-15,1.));
#2808 = VECTOR('',#2809,1.);
#2809 = DIRECTION('',(1.,-5.551115123126E-17));
#2810 = ( GEOMETRIC_REPRESENTATION_CONTEXT(2) 
PARAMETRIC_REPRESENTATION_CONTEXT() REPRESENTATION_CONTEXT('2D SPACE',''
  ) );
#2811 = ORIENTED_EDGE('',*,*,#2812,.F.);
#2812 = EDGE_CURVE('',#2813,#2790,#2815,.T.);
#2813 = VERTEX_POINT('',#2814);
#2814 = CARTESIAN_POINT('',(33.862237307577,-56.65111547467,2.));
#2815 = SURFACE_CURVE('',#2816,(#2820,#2826),.PCURVE_S1.);
#2816 = LINE('',#2817,#2818);
#2817 = CARTESIAN_POINT('',(33.862237307577,-56.65111547467,0.));
#2818 = VECTOR('',#2819,1.);
#2819 = DIRECTION('',(-0.,-0.,-1.));
#2820 = PCURVE('',#440,#2821);
#2821 = DEFINITIONAL_REPRESENTATION('',(#2822),#2825);
#2822 = B_SPLINE_CURVE_WITH_KNOTS('',1,(#2823,#2824),.UNSPECIFIED.,.F.,
  .F.,(2,2),(-2.0000006,6.E-07),.PIECEWISE_BEZIER_KNOTS.);
#2823 = CARTESIAN_POINT('',(24.380541334569,11.915739534217));
#2824 = CARTESIAN_POINT('',(26.380542534569,11.915739534217));
#2825 = ( GEOMETRIC_REPRESENTATION_CONTEXT(2) 
PARAMETRIC_REPRESENTATION_CONTEXT() REPRESENTATION_CONTEXT('2D SPACE',''
  ) );
#2826 = PCURVE('',#2024,#2827);
#2827 = DEFINITIONAL_REPRESENTATION('',(#2828),#2831);
#2828 = B_SPLINE_CURVE_WITH_KNOTS('',1,(#2829,#2830),.UNSPECIFIED.,.F.,
  .F.,(2,2),(-2.0000006,6.E-07),.PIECEWISE_BEZIER_KNOTS.);
#2829 = CARTESIAN_POINT('',(-5.251139850913,-2.0000006));
#2830 = CARTESIAN_POINT('',(-5.251139850913,6.E-07));
#2831 = ( GEOMETRIC_REPRESENTATION_CONTEXT(2) 
PARAMETRIC_REPRESENTATION_CONTEXT() REPRESENTATION_CONTEXT('2D SPACE',''
  ) );
#2832 = ORIENTED_EDGE('',*,*,#2833,.F.);
#2833 = EDGE_CURVE('',#2696,#2813,#2834,.T.);
#2834 = SURFACE_CURVE('',#2835,(#2840,#2847),.PCURVE_S1.);
#2835 = HYPERBOLA('',#2836,1.,1.);
#2836 = AXIS2_PLACEMENT_3D('',#2837,#2838,#2839);
#2837 = CARTESIAN_POINT('',(0.866025403784,0.5,-64.));
#2838 = DIRECTION('',(-0.866025403784,-0.5,0.));
#2839 = DIRECTION('',(0.,-0.,1.));
#2840 = PCURVE('',#440,#2841);
#2841 = DEFINITIONAL_REPRESENTATION('',(#2842),#2846);
#2842 = ( BOUNDED_CURVE() B_SPLINE_CURVE(2,(#2843,#2844,#2845),
.UNSPECIFIED.,.F.,.F.) B_SPLINE_CURVE_WITH_KNOTS((3,3),(-4.98355970529,
-4.882744525542),.PIECEWISE_BEZIER_KNOTS.) CURVE() 
GEOMETRIC_REPRESENTATION_ITEM() RATIONAL_B_SPLINE_CURVE((1.,
1.001270731594,1.)) REPRESENTATION_ITEM('') );
#2843 = CARTESIAN_POINT('',(17.380541934569,18.91646609021));
#2844 = CARTESIAN_POINT('',(21.056837518425,15.239825524833));
#2845 = CARTESIAN_POINT('',(24.380541934569,11.915739534217));
#2846 = ( GEOMETRIC_REPRESENTATION_CONTEXT(2) 
PARAMETRIC_REPRESENTATION_CONTEXT() REPRESENTATION_CONTEXT('2D SPACE',''
  ) );
#2847 = PCURVE('',#2712,#2848);
#2848 = DEFINITIONAL_REPRESENTATION('',(#2849),#2856);
#2849 = B_SPLINE_CURVE_WITH_KNOTS('',5,(#2850,#2851,#2852,#2853,#2854,
    #2855),.UNSPECIFIED.,.F.,.F.,(6,6),(-4.98355970529,-4.882744525542),
  .PIECEWISE_BEZIER_KNOTS.);
#2850 = CARTESIAN_POINT('',(5.249686814586,7.));
#2851 = CARTESIAN_POINT('',(5.249963020558,5.528236485149));
#2852 = CARTESIAN_POINT('',(5.250246187315,4.093570474776));
#2853 = CARTESIAN_POINT('',(5.250536548712,2.694755436599));
#2854 = CARTESIAN_POINT('',(5.250834350368,1.33060761363));
#2855 = CARTESIAN_POINT('',(5.251139850913,-2.13162820728E-14));
#2856 = ( GEOMETRIC_REPRESENTATION_CONTEXT(2) 
PARAMETRIC_REPRESENTATION_CONTEXT() REPRESENTATION_CONTEXT('2D SPACE',''
  ) );
#2857 = ORIENTED_EDGE('',*,*,#2723,.F.);
#2858 = ORIENTED_EDGE('',*,*,#424,.T.);
#2859 = ADVANCED_FACE('',(#2860),#495,.T.);
#2860 = FACE_BOUND('',#2861,.T.);
#2861 = EDGE_LOOP('',(#2862,#2883,#2906,#2934,#2955,#2980,#2981));
#2862 = ORIENTED_EDGE('',*,*,#2863,.T.);
#2863 = EDGE_CURVE('',#453,#2864,#2866,.T.);
#2864 = VERTEX_POINT('',#2865);
#2865 = CARTESIAN_POINT('',(36.486298798316,-1.,0.));
#2866 = SURFACE_CURVE('',#2867,(#2871,#2877),.PCURVE_S1.);
#2867 = LINE('',#2868,#2869);
#2868 = CARTESIAN_POINT('',(36.486298798316,-1.,0.));
#2869 = VECTOR('',#2870,1.);
#2870 = DIRECTION('',(-0.,-0.,-1.));
#2871 = PCURVE('',#495,#2872);
#2872 = DEFINITIONAL_REPRESENTATION('',(#2873),#2876);
#2873 = B_SPLINE_CURVE_WITH_KNOTS('',1,(#2874,#2875),.UNSPECIFIED.,.F.,
  .F.,(2,2),(-51.0000006,6.E-07),.PIECEWISE_BEZIER_KNOTS.);
#2874 = CARTESIAN_POINT('',(-24.61945866543,-17.59038547505));
#2875 = CARTESIAN_POINT('',(26.380542534569,-17.59038547505));
#2876 = ( GEOMETRIC_REPRESENTATION_CONTEXT(2) 
PARAMETRIC_REPRESENTATION_CONTEXT() REPRESENTATION_CONTEXT('2D SPACE',''
  ) );
#2877 = PCURVE('',#469,#2878);
#2878 = DEFINITIONAL_REPRESENTATION('',(#2879),#2882);
#2879 = B_SPLINE_CURVE_WITH_KNOTS('',1,(#2880,#2881),.UNSPECIFIED.,.F.,
  .F.,(2,2),(-51.0000006,6.E-07),.PIECEWISE_BEZIER_KNOTS.);
#2880 = CARTESIAN_POINT('',(-6.255784618305,-51.0000006));
#2881 = CARTESIAN_POINT('',(-6.255784618305,6.E-07));
#2882 = ( GEOMETRIC_REPRESENTATION_CONTEXT(2) 
PARAMETRIC_REPRESENTATION_CONTEXT() REPRESENTATION_CONTEXT('2D SPACE',''
  ) );
#2883 = ORIENTED_EDGE('',*,*,#2884,.T.);
#2884 = EDGE_CURVE('',#2864,#2885,#2887,.T.);
#2885 = VERTEX_POINT('',#2886);
#2886 = CARTESIAN_POINT('',(64.5,-1.,0.));
#2887 = SURFACE_CURVE('',#2888,(#2892,#2899),.PCURVE_S1.);
#2888 = LINE('',#2889,#2890);
#2889 = CARTESIAN_POINT('',(36.,-1.,0.));
#2890 = VECTOR('',#2891,1.);
#2891 = DIRECTION('',(1.,0.,0.));
#2892 = PCURVE('',#495,#2893);
#2893 = DEFINITIONAL_REPRESENTATION('',(#2894),#2898);
#2894 = LINE('',#2895,#2896);
#2895 = CARTESIAN_POINT('',(26.380541934569,-18.07668427336));
#2896 = VECTOR('',#2897,1.);
#2897 = DIRECTION('',(0.,1.));
#2898 = ( GEOMETRIC_REPRESENTATION_CONTEXT(2) 
PARAMETRIC_REPRESENTATION_CONTEXT() REPRESENTATION_CONTEXT('2D SPACE',''
  ) );
#2899 = PCURVE('',#1969,#2900);
#2900 = DEFINITIONAL_REPRESENTATION('',(#2901),#2905);
#2901 = LINE('',#2902,#2903);
#2902 = CARTESIAN_POINT('',(0.,-1.));
#2903 = VECTOR('',#2904,1.);
#2904 = DIRECTION('',(1.,0.));
#2905 = ( GEOMETRIC_REPRESENTATION_CONTEXT(2) 
PARAMETRIC_REPRESENTATION_CONTEXT() REPRESENTATION_CONTEXT('2D SPACE',''
  ) );
#2906 = ORIENTED_EDGE('',*,*,#2907,.T.);
#2907 = EDGE_CURVE('',#2885,#2908,#2910,.T.);
#2908 = VERTEX_POINT('',#2909);
#2909 = CARTESIAN_POINT('',(65.992423807586,-1.,1.492423807586));
#2910 = SURFACE_CURVE('',#2911,(#2915,#2922),.PCURVE_S1.);
#2911 = LINE('',#2912,#2913);
#2912 = CARTESIAN_POINT('',(64.5,-1.,0.));
#2913 = VECTOR('',#2914,1.);
#2914 = DIRECTION('',(0.707106781187,0.,0.707106781187));
#2915 = PCURVE('',#495,#2916);
#2916 = DEFINITIONAL_REPRESENTATION('',(#2917),#2921);
#2917 = LINE('',#2918,#2919);
#2918 = CARTESIAN_POINT('',(26.380541934569,10.423315726631));
#2919 = VECTOR('',#2920,1.);
#2920 = DIRECTION('',(-0.707106781187,0.707106781187));
#2921 = ( GEOMETRIC_REPRESENTATION_CONTEXT(2) 
PARAMETRIC_REPRESENTATION_CONTEXT() REPRESENTATION_CONTEXT('2D SPACE',''
  ) );
#2922 = PCURVE('',#2923,#2928);
#2923 = PLANE('',#2924);
#2924 = AXIS2_PLACEMENT_3D('',#2925,#2926,#2927);
#2925 = CARTESIAN_POINT('',(64.5,0.,0.));
#2926 = DIRECTION('',(-0.707106781187,0.,0.707106781187));
#2927 = DIRECTION('',(0.707106781187,0.,0.707106781187));
#2928 = DEFINITIONAL_REPRESENTATION('',(#2929),#2933);
#2929 = LINE('',#2930,#2931);
#2930 = CARTESIAN_POINT('',(0.,-1.));
#2931 = VECTOR('',#2932,1.);
#2932 = DIRECTION('',(1.,0.));
#2933 = ( GEOMETRIC_REPRESENTATION_CONTEXT(2) 
PARAMETRIC_REPRESENTATION_CONTEXT() REPRESENTATION_CONTEXT('2D SPACE',''
  ) );
#2934 = ORIENTED_EDGE('',*,*,#2935,.F.);
#2935 = EDGE_CURVE('',#2936,#2908,#2938,.T.);
#2936 = VERTEX_POINT('',#2937);
#2937 = CARTESIAN_POINT('',(65.992423807586,-1.,2.));
#2938 = SURFACE_CURVE('',#2939,(#2943,#2949),.PCURVE_S1.);
#2939 = LINE('',#2940,#2941);
#2940 = CARTESIAN_POINT('',(65.992423807586,-1.,0.));
#2941 = VECTOR('',#2942,1.);
#2942 = DIRECTION('',(-0.,-0.,-1.));
#2943 = PCURVE('',#495,#2944);
#2944 = DEFINITIONAL_REPRESENTATION('',(#2945),#2948);
#2945 = B_SPLINE_CURVE_WITH_KNOTS('',1,(#2946,#2947),.UNSPECIFIED.,.F.,
  .F.,(2,2),(-2.0000006,6.E-07),.PIECEWISE_BEZIER_KNOTS.);
#2946 = CARTESIAN_POINT('',(24.380541334569,11.915739534217));
#2947 = CARTESIAN_POINT('',(26.380542534569,11.915739534217));
#2948 = ( GEOMETRIC_REPRESENTATION_CONTEXT(2) 
PARAMETRIC_REPRESENTATION_CONTEXT() REPRESENTATION_CONTEXT('2D SPACE',''
  ) );
#2949 = PCURVE('',#2024,#2950);
#2950 = DEFINITIONAL_REPRESENTATION('',(#2951),#2954);
#2951 = B_SPLINE_CURVE_WITH_KNOTS('',1,(#2952,#2953),.UNSPECIFIED.,.F.,
  .F.,(2,2),(-2.0000006,6.E-07),.PIECEWISE_BEZIER_KNOTS.);
#2952 = CARTESIAN_POINT('',(-6.26803321225,-2.0000006));
#2953 = CARTESIAN_POINT('',(-6.26803321225,6.E-07));
#2954 = ( GEOMETRIC_REPRESENTATION_CONTEXT(2) 
PARAMETRIC_REPRESENTATION_CONTEXT() REPRESENTATION_CONTEXT('2D SPACE',''
  ) );
#2955 = ORIENTED_EDGE('',*,*,#2956,.F.);
#2956 = EDGE_CURVE('',#2675,#2936,#2957,.T.);
#2957 = SURFACE_CURVE('',#2958,(#2963,#2970),.PCURVE_S1.);
#2958 = HYPERBOLA('',#2959,1.,1.);
#2959 = AXIS2_PLACEMENT_3D('',#2960,#2961,#2962);
#2960 = CARTESIAN_POINT('',(0.,-1.,-64.));
#2961 = DIRECTION('',(-0.,-1.,0.));
#2962 = DIRECTION('',(0.,-0.,1.));
#2963 = PCURVE('',#495,#2964);
#2964 = DEFINITIONAL_REPRESENTATION('',(#2965),#2969);
#2965 = ( BOUNDED_CURVE() B_SPLINE_CURVE(2,(#2966,#2967,#2968),
.UNSPECIFIED.,.F.,.F.) B_SPLINE_CURVE_WITH_KNOTS((3,3),(-4.98355970529,
-4.882744525542),.PIECEWISE_BEZIER_KNOTS.) CURVE() 
GEOMETRIC_REPRESENTATION_ITEM() RATIONAL_B_SPLINE_CURVE((1.,
1.001270731594,1.)) REPRESENTATION_ITEM('') );
#2966 = CARTESIAN_POINT('',(17.380541934569,18.91646609021));
#2967 = CARTESIAN_POINT('',(21.056837518425,15.239825524832));
#2968 = CARTESIAN_POINT('',(24.380541934569,11.915739534217));
#2969 = ( GEOMETRIC_REPRESENTATION_CONTEXT(2) 
PARAMETRIC_REPRESENTATION_CONTEXT() REPRESENTATION_CONTEXT('2D SPACE',''
  ) );
#2970 = PCURVE('',#2712,#2971);
#2971 = DEFINITIONAL_REPRESENTATION('',(#2972),#2979);
#2972 = B_SPLINE_CURVE_WITH_KNOTS('',5,(#2973,#2974,#2975,#2976,#2977,
    #2978),.UNSPECIFIED.,.F.,.F.,(6,6),(-4.98355970529,-4.882744525542),
  .PIECEWISE_BEZIER_KNOTS.);
#2973 = CARTESIAN_POINT('',(6.269486248576,7.));
#2974 = CARTESIAN_POINT('',(6.269210042604,5.528236485149));
#2975 = CARTESIAN_POINT('',(6.268926875847,4.093570474776));
#2976 = CARTESIAN_POINT('',(6.268636514451,2.694755436599));
#2977 = CARTESIAN_POINT('',(6.268338712795,1.33060761363));
#2978 = CARTESIAN_POINT('',(6.26803321225,-1.42108547152E-14));
#2979 = ( GEOMETRIC_REPRESENTATION_CONTEXT(2) 
PARAMETRIC_REPRESENTATION_CONTEXT() REPRESENTATION_CONTEXT('2D SPACE',''
  ) );
#2980 = ORIENTED_EDGE('',*,*,#2674,.F.);
#2981 = ORIENTED_EDGE('',*,*,#481,.T.);
#2982 = ADVANCED_FACE('',(#2983),#469,.T.);
#2983 = FACE_BOUND('',#2984,.F.);
#2984 = EDGE_LOOP('',(#2985,#2986,#3008,#3009));
#2985 = ORIENTED_EDGE('',*,*,#2863,.T.);
#2986 = ORIENTED_EDGE('',*,*,#2987,.F.);
#2987 = EDGE_CURVE('',#2746,#2864,#2988,.T.);
#2988 = SURFACE_CURVE('',#2989,(#2994,#3001),.PCURVE_S1.);
#2989 = CIRCLE('',#2990,36.5);
#2990 = AXIS2_PLACEMENT_3D('',#2991,#2992,#2993);
#2991 = CARTESIAN_POINT('',(0.,0.,0.));
#2992 = DIRECTION('',(0.,0.,1.));
#2993 = DIRECTION('',(1.,0.,0.));
#2994 = PCURVE('',#469,#2995);
#2995 = DEFINITIONAL_REPRESENTATION('',(#2996),#3000);
#2996 = LINE('',#2997,#2998);
#2997 = CARTESIAN_POINT('',(-0.,0.));
#2998 = VECTOR('',#2999,1.);
#2999 = DIRECTION('',(-1.,0.));
#3000 = ( GEOMETRIC_REPRESENTATION_CONTEXT(2) 
PARAMETRIC_REPRESENTATION_CONTEXT() REPRESENTATION_CONTEXT('2D SPACE',''
  ) );
#3001 = PCURVE('',#1969,#3002);
#3002 = DEFINITIONAL_REPRESENTATION('',(#3003),#3007);
#3003 = CIRCLE('',#3004,36.5);
#3004 = AXIS2_PLACEMENT_2D('',#3005,#3006);
#3005 = CARTESIAN_POINT('',(-36.,0.));
#3006 = DIRECTION('',(1.,0.));
#3007 = ( GEOMETRIC_REPRESENTATION_CONTEXT(2) 
PARAMETRIC_REPRESENTATION_CONTEXT() REPRESENTATION_CONTEXT('2D SPACE',''
  ) );
#3008 = ORIENTED_EDGE('',*,*,#2745,.F.);
#3009 = ORIENTED_EDGE('',*,*,#452,.T.);
#3010 = ADVANCED_FACE('',(#3011),#528,.F.);
#3011 = FACE_BOUND('',#3012,.T.);
#3012 = EDGE_LOOP('',(#3013,#3034,#3035,#3057,#3161,#3182,#3286,#3308));
#3013 = ORIENTED_EDGE('',*,*,#3014,.F.);
#3014 = EDGE_CURVE('',#510,#3015,#3017,.T.);
#3015 = VERTEX_POINT('',#3016);
#3016 = CARTESIAN_POINT('',(-37.36260058557,62.713922517116,9.));
#3017 = SURFACE_CURVE('',#3018,(#3022,#3028),.PCURVE_S1.);
#3018 = LINE('',#3019,#3020);
#3019 = CARTESIAN_POINT('',(-37.36260058557,62.713922517116,44.));
#3020 = VECTOR('',#3021,1.);
#3021 = DIRECTION('',(-0.,-0.,-1.));
#3022 = PCURVE('',#528,#3023);
#3023 = DEFINITIONAL_REPRESENTATION('',(#3024),#3027);
#3024 = B_SPLINE_CURVE_WITH_KNOTS('',1,(#3025,#3026),.UNSPECIFIED.,.F.,
  .F.,(2,2),(-7.0000006,35.0000006),.PIECEWISE_BEZIER_KNOTS.);
#3025 = CARTESIAN_POINT('',(-2.108094160997,-7.0000006));
#3026 = CARTESIAN_POINT('',(-2.108094160997,35.0000006));
#3027 = ( GEOMETRIC_REPRESENTATION_CONTEXT(2) 
PARAMETRIC_REPRESENTATION_CONTEXT() REPRESENTATION_CONTEXT('2D SPACE',''
  ) );
#3028 = PCURVE('',#556,#3029);
#3029 = DEFINITIONAL_REPRESENTATION('',(#3030),#3033);
#3030 = B_SPLINE_CURVE_WITH_KNOTS('',1,(#3031,#3032),.UNSPECIFIED.,.F.,
  .F.,(2,2),(-7.0000006,35.0000006),.PIECEWISE_BEZIER_KNOTS.);
#3031 = CARTESIAN_POINT('',(-24.61945866543,18.91646609021));
#3032 = CARTESIAN_POINT('',(17.380542534569,18.91646609021));
#3033 = ( GEOMETRIC_REPRESENTATION_CONTEXT(2) 
PARAMETRIC_REPRESENTATION_CONTEXT() REPRESENTATION_CONTEXT('2D SPACE',''
  ) );
#3034 = ORIENTED_EDGE('',*,*,#509,.T.);
#3035 = ORIENTED_EDGE('',*,*,#3036,.T.);
#3036 = EDGE_CURVE('',#512,#3037,#3039,.T.);
#3037 = VERTEX_POINT('',#3038);
#3038 = CARTESIAN_POINT('',(-72.99315036357,1.,36.));
#3039 = SURFACE_CURVE('',#3040,(#3044,#3050),.PCURVE_S1.);
#3040 = LINE('',#3041,#3042);
#3041 = CARTESIAN_POINT('',(-72.99315036357,1.,44.));
#3042 = VECTOR('',#3043,1.);
#3043 = DIRECTION('',(-0.,-0.,-1.));
#3044 = PCURVE('',#528,#3045);
#3045 = DEFINITIONAL_REPRESENTATION('',(#3046),#3049);
#3046 = B_SPLINE_CURVE_WITH_KNOTS('',1,(#3047,#3048),.UNSPECIFIED.,.F.,
  .F.,(2,2),(-7.0000006,35.0000006),.PIECEWISE_BEZIER_KNOTS.);
#3047 = CARTESIAN_POINT('',(-3.127893594986,-7.0000006));
#3048 = CARTESIAN_POINT('',(-3.127893594986,35.0000006));
#3049 = ( GEOMETRIC_REPRESENTATION_CONTEXT(2) 
PARAMETRIC_REPRESENTATION_CONTEXT() REPRESENTATION_CONTEXT('2D SPACE',''
  ) );
#3050 = PCURVE('',#611,#3051);
#3051 = DEFINITIONAL_REPRESENTATION('',(#3052),#3056);
#3052 = LINE('',#3053,#3054);
#3053 = CARTESIAN_POINT('',(-17.61945806543,18.91646609021));
#3054 = VECTOR('',#3055,1.);
#3055 = DIRECTION('',(1.,0.));
#3056 = ( GEOMETRIC_REPRESENTATION_CONTEXT(2) 
PARAMETRIC_REPRESENTATION_CONTEXT() REPRESENTATION_CONTEXT('2D SPACE',''
  ) );
#3057 = ORIENTED_EDGE('',*,*,#3058,.T.);
#3058 = EDGE_CURVE('',#3037,#3059,#3061,.T.);
#3059 = VERTEX_POINT('',#3060);
#3060 = CARTESIAN_POINT('',(-72.56031973468,8.,36.));
#3061 = SURFACE_CURVE('',#3062,(#3093,#3127),.PCURVE_S1.);
#3062 = B_SPLINE_CURVE_WITH_KNOTS('',8,(#3063,#3064,#3065,#3066,#3067,
    #3068,#3069,#3070,#3071,#3072,#3073,#3074,#3075,#3076,#3077,#3078,
    #3079,#3080,#3081,#3082,#3083,#3084,#3085,#3086,#3087,#3088,#3089,
    #3090,#3091,#3092),.UNSPECIFIED.,.F.,.F.,(9,7,7,7,9),(0.,
    0.20744245987,0.399986424215,0.657508779521,1.),.UNSPECIFIED.);
#3063 = CARTESIAN_POINT('',(-72.99315036357,1.,36.));
#3064 = CARTESIAN_POINT('',(-72.99315036357,1.,36.248672547857));
#3065 = CARTESIAN_POINT('',(-72.99287377746,1.020191802175,
    36.497232160145));
#3066 = CARTESIAN_POINT('',(-72.99232084588,1.060544546235,
    36.744787830448));
#3067 = CARTESIAN_POINT('',(-72.99145768547,1.121270157513,
    36.990399692127));
#3068 = CARTESIAN_POINT('',(-72.99021594309,1.202796579476,
    37.233001377436));
#3069 = CARTESIAN_POINT('',(-72.98848922723,1.305735838844,
    37.471307580662));
#3070 = CARTESIAN_POINT('',(-72.98612631681,1.430846943326,
    37.703706825275));
#3071 = CARTESIAN_POINT('',(-72.97994617246,1.716500402553,
    38.136453318594));
#3072 = CARTESIAN_POINT('',(-72.97623348847,1.874412567715,
    38.338751931758));
#3073 = CARTESIAN_POINT('',(-72.97161569568,2.053357225773,38.5327619003
    ));
#3074 = CARTESIAN_POINT('',(-72.96588933628,2.253785498651,
    38.715921518166));
#3075 = CARTESIAN_POINT('',(-72.95881484925,2.475934526862,
    38.885358168152));
#3076 = CARTESIAN_POINT('',(-72.95011943175,2.719761110069,
    39.03784462449));
#3077 = CARTESIAN_POINT('',(-72.93951153809,2.984836030398,
    39.169727618347));
#3078 = CARTESIAN_POINT('',(-72.90960172248,3.651838827812,
    39.420057955267));
#3079 = CARTESIAN_POINT('',(-72.88873430617,4.066184841521,
    39.517607805415));
#3080 = CARTESIAN_POINT('',(-72.86400731264,4.500257932598,
    39.557362585949));
#3081 = CARTESIAN_POINT('',(-72.8357867205,4.938368338504,
    39.533849195766));
#3082 = CARTESIAN_POINT('',(-72.80513557412,5.363961323617,
    39.448064979194));
#3083 = CARTESIAN_POINT('',(-72.77383846706,5.76158710623,
    39.307311449758));
#3084 = CARTESIAN_POINT('',(-72.74375700279,6.118997677214,
    39.125069075741));
#3085 = CARTESIAN_POINT('',(-72.68008381995,6.839281752524,
    38.649613720436));
#3086 = CARTESIAN_POINT('',(-72.64697265901,7.183552836021,
    38.327409479793));
#3087 = CARTESIAN_POINT('',(-72.61845546176,7.462756942544,
    37.971955402919));
#3088 = CARTESIAN_POINT('',(-72.59531138061,7.680633208388,
    37.594904030924));
#3089 = CARTESIAN_POINT('',(-72.57785295355,7.840968877166,
    37.204396545531));
#3090 = CARTESIAN_POINT('',(-72.56618086072,7.946840185277,
    36.806005927178));
#3091 = CARTESIAN_POINT('',(-72.56031973468,8.,36.403485252565));
#3092 = CARTESIAN_POINT('',(-72.56031973468,8.,36.));
#3093 = PCURVE('',#528,#3094);
#3094 = DEFINITIONAL_REPRESENTATION('',(#3095),#3126);
#3095 = B_SPLINE_CURVE_WITH_KNOTS('',8,(#3096,#3097,#3098,#3099,#3100,
    #3101,#3102,#3103,#3104,#3105,#3106,#3107,#3108,#3109,#3110,#3111,
    #3112,#3113,#3114,#3115,#3116,#3117,#3118,#3119,#3120,#3121,#3122,
    #3123,#3124,#3125),.UNSPECIFIED.,.F.,.F.,(9,7,7,7,9),(0.,
    0.20744245987,0.399986424215,0.657508779521,1.),.UNSPECIFIED.);
#3096 = CARTESIAN_POINT('',(-3.127893594986,8.));
#3097 = CARTESIAN_POINT('',(-3.127893594986,7.751327452143));
#3098 = CARTESIAN_POINT('',(-3.127616968937,7.502767839855));
#3099 = CARTESIAN_POINT('',(-3.127064139902,7.255212169552));
#3100 = CARTESIAN_POINT('',(-3.126232198226,7.009600307873));
#3101 = CARTESIAN_POINT('',(-3.125115269512,6.766998622564));
#3102 = CARTESIAN_POINT('',(-3.123704948447,6.528692419338));
#3103 = CARTESIAN_POINT('',(-3.121990798444,6.296293174725));
#3104 = CARTESIAN_POINT('',(-3.118076821657,5.863546681406));
#3105 = CARTESIAN_POINT('',(-3.115913047291,5.661248068242));
#3106 = CARTESIAN_POINT('',(-3.1134609458,5.4672380997));
#3107 = CARTESIAN_POINT('',(-3.110714255102,5.284078481834));
#3108 = CARTESIAN_POINT('',(-3.107669612488,5.114641831848));
#3109 = CARTESIAN_POINT('',(-3.104327447935,4.96215537551));
#3110 = CARTESIAN_POINT('',(-3.100693420354,4.830272381653));
#3111 = CARTESIAN_POINT('',(-3.091547213911,4.579942044733));
#3112 = CARTESIAN_POINT('',(-3.085864134198,4.482392194585));
#3113 = CARTESIAN_POINT('',(-3.079908501567,4.442637414051));
#3114 = CARTESIAN_POINT('',(-3.073894892594,4.466150804234));
#3115 = CARTESIAN_POINT('',(-3.068050028363,4.551935020806));
#3116 = CARTESIAN_POINT('',(-3.062586386675,4.692688550241));
#3117 = CARTESIAN_POINT('',(-3.057673084772,4.874930924259));
#3118 = CARTESIAN_POINT('',(-3.04776770181,5.350386279564));
#3119 = CARTESIAN_POINT('',(-3.043030038799,5.672590520207));
#3120 = CARTESIAN_POINT('',(-3.039185506907,6.028044597081));
#3121 = CARTESIAN_POINT('',(-3.036184128352,6.405095969075));
#3122 = CARTESIAN_POINT('',(-3.033974771307,6.79560345447));
#3123 = CARTESIAN_POINT('',(-3.032515691442,7.193994072822));
#3124 = CARTESIAN_POINT('',(-3.031783062153,7.596514747435));
#3125 = CARTESIAN_POINT('',(-3.031783062153,8.));
#3126 = ( GEOMETRIC_REPRESENTATION_CONTEXT(2) 
PARAMETRIC_REPRESENTATION_CONTEXT() REPRESENTATION_CONTEXT('2D SPACE',''
  ) );
#3127 = PCURVE('',#1685,#3128);
#3128 = DEFINITIONAL_REPRESENTATION('',(#3129),#3160);
#3129 = B_SPLINE_CURVE_WITH_KNOTS('',8,(#3130,#3131,#3132,#3133,#3134,
    #3135,#3136,#3137,#3138,#3139,#3140,#3141,#3142,#3143,#3144,#3145,
    #3146,#3147,#3148,#3149,#3150,#3151,#3152,#3153,#3154,#3155,#3156,
    #3157,#3158,#3159),.UNSPECIFIED.,.F.,.F.,(9,7,7,7,9),(0.,
    0.20744245987,0.399986424215,0.657508779521,1.),.UNSPECIFIED.);
#3130 = CARTESIAN_POINT('',(0.,-4.006849636421));
#3131 = CARTESIAN_POINT('',(7.104929938767E-02,-4.006849636421));
#3132 = CARTESIAN_POINT('',(0.142066703081,-4.007126222535));
#3133 = CARTESIAN_POINT('',(0.213342482343,-4.007679154119));
#3134 = CARTESIAN_POINT('',(0.285155319131,-4.008542314524));
#3135 = CARTESIAN_POINT('',(0.357779753831,-4.009784056908));
#3136 = CARTESIAN_POINT('',(0.431496358265,-4.011510772767));
#3137 = CARTESIAN_POINT('',(0.506604633958,-4.01387368319));
#3138 = CARTESIAN_POINT('',(0.6547544275,-4.020053827534));
#3139 = CARTESIAN_POINT('',(0.727847591517,-4.023766511526));
#3140 = CARTESIAN_POINT('',(0.802827901581,-4.028384304318));
#3141 = CARTESIAN_POINT('',(0.879822830447,-4.034110663715));
#3142 = CARTESIAN_POINT('',(0.95899158668,-4.041185150748));
#3143 = CARTESIAN_POINT('',(1.040528640022,-4.049880568247));
#3144 = CARTESIAN_POINT('',(1.124675206729,-4.060488461901));
#3145 = CARTESIAN_POINT('',(1.328226936972,-4.090398277514));
#3146 = CARTESIAN_POINT('',(1.448856447932,-4.111265693829));
#3147 = CARTESIAN_POINT('',(1.571365225893,-4.135992687359));
#3148 = CARTESIAN_POINT('',(1.694149366968,-4.164213279493));
#3149 = CARTESIAN_POINT('',(1.81571923939,-4.194864425871));
#3150 = CARTESIAN_POINT('',(1.93449144867,-4.226161532937));
#3151 = CARTESIAN_POINT('',(2.048400973486,-4.256242997209));
#3152 = CARTESIAN_POINT('',(2.294988614739,-4.319916180047));
#3153 = CARTESIAN_POINT('',(2.42779500565,-4.353027340988));
#3154 = CARTESIAN_POINT('',(2.554565463645,-4.381544538231));
#3155 = CARTESIAN_POINT('',(2.67660894375,-4.404688619385));
#3156 = CARTESIAN_POINT('',(2.795147036383,-4.422147046444));
#3157 = CARTESIAN_POINT('',(2.911304751983,-4.433819139275));
#3158 = CARTESIAN_POINT('',(3.026311152857,-4.439680265313));
#3159 = CARTESIAN_POINT('',(3.14159265359,-4.439680265313));
#3160 = ( GEOMETRIC_REPRESENTATION_CONTEXT(2) 
PARAMETRIC_REPRESENTATION_CONTEXT() REPRESENTATION_CONTEXT('2D SPACE',''
  ) );
#3161 = ORIENTED_EDGE('',*,*,#3162,.T.);
#3162 = EDGE_CURVE('',#3059,#3163,#3165,.T.);
#3163 = VERTEX_POINT('',#3164);
#3164 = CARTESIAN_POINT('',(-72.56031973468,8.,30.));
#3165 = SURFACE_CURVE('',#3166,(#3170,#3176),.PCURVE_S1.);
#3166 = LINE('',#3167,#3168);
#3167 = CARTESIAN_POINT('',(-72.56031973468,8.,44.));
#3168 = VECTOR('',#3169,1.);
#3169 = DIRECTION('',(-0.,-0.,-1.));
#3170 = PCURVE('',#528,#3171);
#3171 = DEFINITIONAL_REPRESENTATION('',(#3172),#3175);
#3172 = B_SPLINE_CURVE_WITH_KNOTS('',1,(#3173,#3174),.UNSPECIFIED.,.F.,
  .F.,(2,2),(7.4,14.6),.PIECEWISE_BEZIER_KNOTS.);
#3173 = CARTESIAN_POINT('',(-3.031783062153,7.4));
#3174 = CARTESIAN_POINT('',(-3.031783062153,14.6));
#3175 = ( GEOMETRIC_REPRESENTATION_CONTEXT(2) 
PARAMETRIC_REPRESENTATION_CONTEXT() REPRESENTATION_CONTEXT('2D SPACE',''
  ) );
#3176 = PCURVE('',#1739,#3177);
#3177 = DEFINITIONAL_REPRESENTATION('',(#3178),#3181);
#3178 = B_SPLINE_CURVE_WITH_KNOTS('',1,(#3179,#3180),.UNSPECIFIED.,.F.,
  .F.,(2,2),(7.4,14.6),.PIECEWISE_BEZIER_KNOTS.);
#3179 = CARTESIAN_POINT('',(-0.6,-4.439680265313));
#3180 = CARTESIAN_POINT('',(6.6,-4.439680265313));
#3181 = ( GEOMETRIC_REPRESENTATION_CONTEXT(2) 
PARAMETRIC_REPRESENTATION_CONTEXT() REPRESENTATION_CONTEXT('2D SPACE',''
  ) );
#3182 = ORIENTED_EDGE('',*,*,#3183,.T.);
#3183 = EDGE_CURVE('',#3163,#3184,#3186,.T.);
#3184 = VERTEX_POINT('',#3185);
#3185 = CARTESIAN_POINT('',(-72.99315036357,1.,30.));
#3186 = SURFACE_CURVE('',#3187,(#3218,#3252),.PCURVE_S1.);
#3187 = B_SPLINE_CURVE_WITH_KNOTS('',8,(#3188,#3189,#3190,#3191,#3192,
    #3193,#3194,#3195,#3196,#3197,#3198,#3199,#3200,#3201,#3202,#3203,
    #3204,#3205,#3206,#3207,#3208,#3209,#3210,#3211,#3212,#3213,#3214,
    #3215,#3216,#3217),.UNSPECIFIED.,.F.,.F.,(9,7,7,7,9),(0.,
    0.207778817959,0.401100237599,0.658431206167,1.),.UNSPECIFIED.);
#3188 = CARTESIAN_POINT('',(-72.56031973468,8.,30.));
#3189 = CARTESIAN_POINT('',(-72.56031973468,8.,29.751185787327));
#3190 = CARTESIAN_POINT('',(-72.56254851977,7.979785189235,
    29.502476228883));
#3191 = CARTESIAN_POINT('',(-72.56700276606,7.939384076488,
    29.254792769702));
#3192 = CARTESIAN_POINT('',(-72.57367308804,7.878595004286,
    29.009103893112));
#3193 = CARTESIAN_POINT('',(-72.58254055003,7.797011304037,
    28.766498703427));
#3194 = CARTESIAN_POINT('',(-72.59356959085,7.694051006444,
    28.528275855593));
#3195 = CARTESIAN_POINT('',(-72.6066973617,7.568991107213,
    28.296047831779));
#3196 = CARTESIAN_POINT('',(-72.63588938524,7.283318551124,
    27.86327240795));
#3197 = CARTESIAN_POINT('',(-72.65173842717,7.125269967029,
    27.660864456144));
#3198 = CARTESIAN_POINT('',(-72.66927309465,6.94625183747,
    27.466857838653));
#3199 = CARTESIAN_POINT('',(-72.68834361584,6.74581692974,
    27.283767248215));
#3200 = CARTESIAN_POINT('',(-72.70873898419,6.523720876443,
    27.114426411075));
#3201 = CARTESIAN_POINT('',(-72.73018142267,6.279991365422,
    26.962033786473));
#3202 = CARTESIAN_POINT('',(-72.75232767025,6.015037534331,
    26.830224929702));
#3203 = CARTESIAN_POINT('',(-72.80467683006,5.350146801525,
    26.580687263888));
#3204 = CARTESIAN_POINT('',(-72.83492428586,4.937041776558,
    26.48300150453));
#3205 = CARTESIAN_POINT('',(-72.86380612707,4.503484921592,
    26.442699197182));
#3206 = CARTESIAN_POINT('',(-72.88973348325,4.065247644621,
    26.465609475079));
#3207 = CARTESIAN_POINT('',(-72.91171032277,3.639029091335,
    26.55098692876));
#3208 = CARTESIAN_POINT('',(-72.92960204128,3.240475028467,
    26.691681361931));
#3209 = CARTESIAN_POINT('',(-72.94374737622,2.882019583953,
    26.874259436042));
#3210 = CARTESIAN_POINT('',(-72.96919462027,2.160170348938,
    27.350747944223));
#3211 = CARTESIAN_POINT('',(-72.9786859399,1.815522902294,
    27.673453834418));
#3212 = CARTESIAN_POINT('',(-72.98473371846,1.536206534261,
    28.029419094239));
#3213 = CARTESIAN_POINT('',(-72.98857320664,1.318486602619,
    28.406815845303));
#3214 = CARTESIAN_POINT('',(-72.99097881431,1.15847566601,
    28.797362465924));
#3215 = CARTESIAN_POINT('',(-72.99242508053,1.052947250609,
    29.195432168568));
#3216 = CARTESIAN_POINT('',(-72.99315036357,1.,29.597322320332));
#3217 = CARTESIAN_POINT('',(-72.99315036357,1.,30.));
#3218 = PCURVE('',#528,#3219);
#3219 = DEFINITIONAL_REPRESENTATION('',(#3220),#3251);
#3220 = B_SPLINE_CURVE_WITH_KNOTS('',8,(#3221,#3222,#3223,#3224,#3225,
    #3226,#3227,#3228,#3229,#3230,#3231,#3232,#3233,#3234,#3235,#3236,
    #3237,#3238,#3239,#3240,#3241,#3242,#3243,#3244,#3245,#3246,#3247,
    #3248,#3249,#3250),.UNSPECIFIED.,.F.,.F.,(9,7,7,7,9),(0.,
    0.207778817959,0.401100237599,0.658431206167,1.),.UNSPECIFIED.);
#3221 = CARTESIAN_POINT('',(-3.031783062153,14.));
#3222 = CARTESIAN_POINT('',(-3.031783062153,14.248814212673));
#3223 = CARTESIAN_POINT('',(-3.032061655467,14.497523771117));
#3224 = CARTESIAN_POINT('',(-3.032618448629,14.745207230298));
#3225 = CARTESIAN_POINT('',(-3.033456173799,14.990896106888));
#3226 = CARTESIAN_POINT('',(-3.034580339685,15.233501296573));
#3227 = CARTESIAN_POINT('',(-3.035998819368,15.471724144407));
#3228 = CARTESIAN_POINT('',(-3.037721375033,15.703952168221));
#3229 = CARTESIAN_POINT('',(-3.041655076477,16.13672759205));
#3230 = CARTESIAN_POINT('',(-3.043830980358,16.339135543856));
#3231 = CARTESIAN_POINT('',(-3.0462950077,16.533142161346));
#3232 = CARTESIAN_POINT('',(-3.049053068533,16.716232751785));
#3233 = CARTESIAN_POINT('',(-3.05210824372,16.885573588926));
#3234 = CARTESIAN_POINT('',(-3.055459850683,17.037966213527));
#3235 = CARTESIAN_POINT('',(-3.059101969578,17.169775070298));
#3236 = CARTESIAN_POINT('',(-3.068238248546,17.419312736112));
#3237 = CARTESIAN_POINT('',(-3.073912284727,17.51699849547));
#3238 = CARTESIAN_POINT('',(-3.079864370103,17.557300802817));
#3239 = CARTESIAN_POINT('',(-3.085877775952,17.534390524922));
#3240 = CARTESIAN_POINT('',(-3.091723865344,17.44901307124));
#3241 = CARTESIAN_POINT('',(-3.097188875163,17.30831863807));
#3242 = CARTESIAN_POINT('',(-3.102103001673,17.125740563958));
#3243 = CARTESIAN_POINT('',(-3.111997489889,16.649252055777));
#3244 = CARTESIAN_POINT('',(-3.11672033738,16.326546165582));
#3245 = CARTESIAN_POINT('',(-3.120547407108,15.970580905762));
#3246 = CARTESIAN_POINT('',(-3.12353031676,15.593184154695));
#3247 = CARTESIAN_POINT('',(-3.125722491046,15.202637534078));
#3248 = CARTESIAN_POINT('',(-3.127168222267,14.804567831432));
#3249 = CARTESIAN_POINT('',(-3.127893594986,14.402677679668));
#3250 = CARTESIAN_POINT('',(-3.127893594986,14.));
#3251 = ( GEOMETRIC_REPRESENTATION_CONTEXT(2) 
PARAMETRIC_REPRESENTATION_CONTEXT() REPRESENTATION_CONTEXT('2D SPACE',''
  ) );
#3252 = PCURVE('',#1818,#3253);
#3253 = DEFINITIONAL_REPRESENTATION('',(#3254),#3285);
#3254 = B_SPLINE_CURVE_WITH_KNOTS('',8,(#3255,#3256,#3257,#3258,#3259,
    #3260,#3261,#3262,#3263,#3264,#3265,#3266,#3267,#3268,#3269,#3270,
    #3271,#3272,#3273,#3274,#3275,#3276,#3277,#3278,#3279,#3280,#3281,
    #3282,#3283,#3284),.UNSPECIFIED.,.F.,.F.,(9,7,7,7,9),(0.,
    0.207778817959,0.401100237599,0.658431206167,1.),.UNSPECIFIED.);
#3255 = CARTESIAN_POINT('',(0.,-4.439680265313));
#3256 = CARTESIAN_POINT('',(7.108977504953E-02,-4.439680265313));
#3257 = CARTESIAN_POINT('',(0.142150014035,-4.437451480227));
#3258 = CARTESIAN_POINT('',(0.213463255155,-4.432997233938));
#3259 = CARTESIAN_POINT('',(0.285301041692,-4.426326911957));
#3260 = CARTESIAN_POINT('',(0.357931451464,-4.417459449965));
#3261 = CARTESIAN_POINT('',(0.431629244161,-4.406430409145));
#3262 = CARTESIAN_POINT('',(0.506688626567,-4.393302638294));
#3263 = CARTESIAN_POINT('',(0.654848324404,-4.364110614755));
#3264 = CARTESIAN_POINT('',(0.727989034112,-4.348261572822));
#3265 = CARTESIAN_POINT('',(0.802982289148,-4.330726905342));
#3266 = CARTESIAN_POINT('',(0.879965648273,-4.311656384159));
#3267 = CARTESIAN_POINT('',(0.959106726176,-4.291261015807));
#3268 = CARTESIAN_POINT('',(1.040607058883,-4.269818577328));
#3269 = CARTESIAN_POINT('',(1.124713791452,-4.247672329744));
#3270 = CARTESIAN_POINT('',(1.327620975065,-4.195323169937));
#3271 = CARTESIAN_POINT('',(1.447932181456,-4.165075714133));
#3272 = CARTESIAN_POINT('',(1.570320377161,-4.136193872928));
#3273 = CARTESIAN_POINT('',(1.693129129033,-4.110266516746));
#3274 = CARTESIAN_POINT('',(1.814839183041,-4.088289677228));
#3275 = CARTESIAN_POINT('',(1.93384117484,-4.070397958715));
#3276 = CARTESIAN_POINT('',(2.048052716402,-4.056252623772));
#3277 = CARTESIAN_POINT('',(2.295176186578,-4.030805379722));
#3278 = CARTESIAN_POINT('',(2.428151282492,-4.0213140601));
#3279 = CARTESIAN_POINT('',(2.555045964607,-4.015266281537));
#3280 = CARTESIAN_POINT('',(2.677147445952,-4.011426793357));
#3281 = CARTESIAN_POINT('',(2.795663637865,-4.009021185683));
#3282 = CARTESIAN_POINT('',(2.911715628563,-4.007574919467));
#3283 = CARTESIAN_POINT('',(3.02654188797,-4.006849636421));
#3284 = CARTESIAN_POINT('',(3.14159265359,-4.006849636421));
#3285 = ( GEOMETRIC_REPRESENTATION_CONTEXT(2) 
PARAMETRIC_REPRESENTATION_CONTEXT() REPRESENTATION_CONTEXT('2D SPACE',''
  ) );
#3286 = ORIENTED_EDGE('',*,*,#3287,.T.);
#3287 = EDGE_CURVE('',#3184,#3288,#3290,.T.);
#3288 = VERTEX_POINT('',#3289);
#3289 = CARTESIAN_POINT('',(-72.99315036357,1.,9.));
#3290 = SURFACE_CURVE('',#3291,(#3295,#3301),.PCURVE_S1.);
#3291 = LINE('',#3292,#3293);
#3292 = CARTESIAN_POINT('',(-72.99315036357,1.,44.));
#3293 = VECTOR('',#3294,1.);
#3294 = DIRECTION('',(-0.,-0.,-1.));
#3295 = PCURVE('',#528,#3296);
#3296 = DEFINITIONAL_REPRESENTATION('',(#3297),#3300);
#3297 = B_SPLINE_CURVE_WITH_KNOTS('',1,(#3298,#3299),.UNSPECIFIED.,.F.,
  .F.,(2,2),(-7.0000006,35.0000006),.PIECEWISE_BEZIER_KNOTS.);
#3298 = CARTESIAN_POINT('',(-3.127893594986,-7.0000006));
#3299 = CARTESIAN_POINT('',(-3.127893594986,35.0000006));
#3300 = ( GEOMETRIC_REPRESENTATION_CONTEXT(2) 
PARAMETRIC_REPRESENTATION_CONTEXT() REPRESENTATION_CONTEXT('2D SPACE',''
  ) );
#3301 = PCURVE('',#611,#3302);
#3302 = DEFINITIONAL_REPRESENTATION('',(#3303),#3307);
#3303 = LINE('',#3304,#3305);
#3304 = CARTESIAN_POINT('',(-17.61945806543,18.91646609021));
#3305 = VECTOR('',#3306,1.);
#3306 = DIRECTION('',(1.,0.));
#3307 = ( GEOMETRIC_REPRESENTATION_CONTEXT(2) 
PARAMETRIC_REPRESENTATION_CONTEXT() REPRESENTATION_CONTEXT('2D SPACE',''
  ) );
#3308 = ORIENTED_EDGE('',*,*,#3309,.F.);
#3309 = EDGE_CURVE('',#3015,#3288,#3310,.T.);
#3310 = SURFACE_CURVE('',#3311,(#3316,#3323),.PCURVE_S1.);
#3311 = CIRCLE('',#3312,73.);
#3312 = AXIS2_PLACEMENT_3D('',#3313,#3314,#3315);
#3313 = CARTESIAN_POINT('',(0.,0.,9.));
#3314 = DIRECTION('',(0.,0.,1.));
#3315 = DIRECTION('',(1.,0.,0.));
#3316 = PCURVE('',#528,#3317);
#3317 = DEFINITIONAL_REPRESENTATION('',(#3318),#3322);
#3318 = LINE('',#3319,#3320);
#3319 = CARTESIAN_POINT('',(-0.,35.));
#3320 = VECTOR('',#3321,1.);
#3321 = DIRECTION('',(-1.,0.));
#3322 = ( GEOMETRIC_REPRESENTATION_CONTEXT(2) 
PARAMETRIC_REPRESENTATION_CONTEXT() REPRESENTATION_CONTEXT('2D SPACE',''
  ) );
#3323 = PCURVE('',#3324,#3329);
#3324 = CONICAL_SURFACE('',#3325,66.,0.785398163397);
#3325 = AXIS2_PLACEMENT_3D('',#3326,#3327,#3328);
#3326 = CARTESIAN_POINT('',(0.,0.,2.));
#3327 = DIRECTION('',(0.,0.,1.));
#3328 = DIRECTION('',(1.,0.,0.));
#3329 = DEFINITIONAL_REPRESENTATION('',(#3330),#3333);
#3330 = B_SPLINE_CURVE_WITH_KNOTS('',1,(#3331,#3332),.UNSPECIFIED.,.F.,
  .F.,(2,2),(0.,6.28318530718),.PIECEWISE_BEZIER_KNOTS.);
#3331 = CARTESIAN_POINT('',(0.,7.));
#3332 = CARTESIAN_POINT('',(6.28318530718,7.));
#3333 = ( GEOMETRIC_REPRESENTATION_CONTEXT(2) 
PARAMETRIC_REPRESENTATION_CONTEXT() REPRESENTATION_CONTEXT('2D SPACE',''
  ) );
#3334 = ADVANCED_FACE('',(#3335),#556,.F.);
#3335 = FACE_BOUND('',#3336,.F.);
#3336 = EDGE_LOOP('',(#3337,#3358,#3381,#3409,#3430,#3455,#3456));
#3337 = ORIENTED_EDGE('',*,*,#3338,.T.);
#3338 = EDGE_CURVE('',#541,#3339,#3341,.T.);
#3339 = VERTEX_POINT('',#3340);
#3340 = CARTESIAN_POINT('',(-19.10917480294,31.098061649412,0.));
#3341 = SURFACE_CURVE('',#3342,(#3346,#3352),.PCURVE_S1.);
#3342 = LINE('',#3343,#3344);
#3343 = CARTESIAN_POINT('',(-19.10917480294,31.098061649411,0.));
#3344 = VECTOR('',#3345,1.);
#3345 = DIRECTION('',(-0.,-0.,-1.));
#3346 = PCURVE('',#556,#3347);
#3347 = DEFINITIONAL_REPRESENTATION('',(#3348),#3351);
#3348 = B_SPLINE_CURVE_WITH_KNOTS('',1,(#3349,#3350),.UNSPECIFIED.,.F.,
  .F.,(2,2),(-51.0000006,6.E-07),.PIECEWISE_BEZIER_KNOTS.);
#3349 = CARTESIAN_POINT('',(-24.61945866543,-17.59038547505));
#3350 = CARTESIAN_POINT('',(26.380542534569,-17.59038547505));
#3351 = ( GEOMETRIC_REPRESENTATION_CONTEXT(2) 
PARAMETRIC_REPRESENTATION_CONTEXT() REPRESENTATION_CONTEXT('2D SPACE',''
  ) );
#3352 = PCURVE('',#585,#3353);
#3353 = DEFINITIONAL_REPRESENTATION('',(#3354),#3357);
#3354 = B_SPLINE_CURVE_WITH_KNOTS('',1,(#3355,#3356),.UNSPECIFIED.,.F.,
  .F.,(2,2),(-51.0000006,6.E-07),.PIECEWISE_BEZIER_KNOTS.);
#3355 = CARTESIAN_POINT('',(-2.121795791268,-51.0000006));
#3356 = CARTESIAN_POINT('',(-2.121795791268,6.E-07));
#3357 = ( GEOMETRIC_REPRESENTATION_CONTEXT(2) 
PARAMETRIC_REPRESENTATION_CONTEXT() REPRESENTATION_CONTEXT('2D SPACE',''
  ) );
#3358 = ORIENTED_EDGE('',*,*,#3359,.T.);
#3359 = EDGE_CURVE('',#3339,#3360,#3362,.T.);
#3360 = VERTEX_POINT('',#3361);
#3361 = CARTESIAN_POINT('',(-33.11602540378,55.358638544096,0.));
#3362 = SURFACE_CURVE('',#3363,(#3367,#3374),.PCURVE_S1.);
#3363 = LINE('',#3364,#3365);
#3364 = CARTESIAN_POINT('',(-18.86602540378,30.67691453624,0.));
#3365 = VECTOR('',#3366,1.);
#3366 = DIRECTION('',(-0.5,0.866025403784,0.));
#3367 = PCURVE('',#556,#3368);
#3368 = DEFINITIONAL_REPRESENTATION('',(#3369),#3373);
#3369 = LINE('',#3370,#3371);
#3370 = CARTESIAN_POINT('',(26.380541934569,-18.07668427336));
#3371 = VECTOR('',#3372,1.);
#3372 = DIRECTION('',(0.,1.));
#3373 = ( GEOMETRIC_REPRESENTATION_CONTEXT(2) 
PARAMETRIC_REPRESENTATION_CONTEXT() REPRESENTATION_CONTEXT('2D SPACE',''
  ) );
#3374 = PCURVE('',#1969,#3375);
#3375 = DEFINITIONAL_REPRESENTATION('',(#3376),#3380);
#3376 = LINE('',#3377,#3378);
#3377 = CARTESIAN_POINT('',(-54.86602540378,30.67691453624));
#3378 = VECTOR('',#3379,1.);
#3379 = DIRECTION('',(-0.5,0.866025403784));
#3380 = ( GEOMETRIC_REPRESENTATION_CONTEXT(2) 
PARAMETRIC_REPRESENTATION_CONTEXT() REPRESENTATION_CONTEXT('2D SPACE',''
  ) );
#3381 = ORIENTED_EDGE('',*,*,#3382,.T.);
#3382 = EDGE_CURVE('',#3360,#3383,#3385,.T.);
#3383 = VERTEX_POINT('',#3384);
#3384 = CARTESIAN_POINT('',(-33.86223730757,56.651115474678,
    1.492423807586));
#3385 = SURFACE_CURVE('',#3386,(#3390,#3397),.PCURVE_S1.);
#3386 = LINE('',#3387,#3388);
#3387 = CARTESIAN_POINT('',(-33.11602540378,55.358638544096,0.));
#3388 = VECTOR('',#3389,1.);
#3389 = DIRECTION('',(-0.353553390593,0.612372435696,0.707106781187));
#3390 = PCURVE('',#556,#3391);
#3391 = DEFINITIONAL_REPRESENTATION('',(#3392),#3396);
#3392 = LINE('',#3393,#3394);
#3393 = CARTESIAN_POINT('',(26.380541934569,10.423315726631));
#3394 = VECTOR('',#3395,1.);
#3395 = DIRECTION('',(-0.707106781187,0.707106781187));
#3396 = ( GEOMETRIC_REPRESENTATION_CONTEXT(2) 
PARAMETRIC_REPRESENTATION_CONTEXT() REPRESENTATION_CONTEXT('2D SPACE',''
  ) );
#3397 = PCURVE('',#3398,#3403);
#3398 = PLANE('',#3399);
#3399 = AXIS2_PLACEMENT_3D('',#3400,#3401,#3402);
#3400 = CARTESIAN_POINT('',(-32.25,55.858638544096,0.));
#3401 = DIRECTION('',(0.353553390593,-0.612372435696,0.707106781187));
#3402 = DIRECTION('',(-0.353553390593,0.612372435696,0.707106781187));
#3403 = DEFINITIONAL_REPRESENTATION('',(#3404),#3408);
#3404 = LINE('',#3405,#3406);
#3405 = CARTESIAN_POINT('',(1.08246744901E-15,1.));
#3406 = VECTOR('',#3407,1.);
#3407 = DIRECTION('',(1.,0.));
#3408 = ( GEOMETRIC_REPRESENTATION_CONTEXT(2) 
PARAMETRIC_REPRESENTATION_CONTEXT() REPRESENTATION_CONTEXT('2D SPACE',''
  ) );
#3409 = ORIENTED_EDGE('',*,*,#3410,.F.);
#3410 = EDGE_CURVE('',#3411,#3383,#3413,.T.);
#3411 = VERTEX_POINT('',#3412);
#3412 = CARTESIAN_POINT('',(-33.86223730757,56.651115474678,2.));
#3413 = SURFACE_CURVE('',#3414,(#3418,#3424),.PCURVE_S1.);
#3414 = LINE('',#3415,#3416);
#3415 = CARTESIAN_POINT('',(-33.86223730757,56.651115474678,0.));
#3416 = VECTOR('',#3417,1.);
#3417 = DIRECTION('',(-0.,-0.,-1.));
#3418 = PCURVE('',#556,#3419);
#3419 = DEFINITIONAL_REPRESENTATION('',(#3420),#3423);
#3420 = B_SPLINE_CURVE_WITH_KNOTS('',1,(#3421,#3422),.UNSPECIFIED.,.F.,
  .F.,(2,2),(-2.0000006,6.E-07),.PIECEWISE_BEZIER_KNOTS.);
#3421 = CARTESIAN_POINT('',(24.380541334569,11.915739534217));
#3422 = CARTESIAN_POINT('',(26.380542534569,11.915739534217));
#3423 = ( GEOMETRIC_REPRESENTATION_CONTEXT(2) 
PARAMETRIC_REPRESENTATION_CONTEXT() REPRESENTATION_CONTEXT('2D SPACE',''
  ) );
#3424 = PCURVE('',#2024,#3425);
#3425 = DEFINITIONAL_REPRESENTATION('',(#3426),#3429);
#3426 = B_SPLINE_CURVE_WITH_KNOTS('',1,(#3427,#3428),.UNSPECIFIED.,.F.,
  .F.,(2,2),(-2.0000006,6.E-07),.PIECEWISE_BEZIER_KNOTS.);
#3427 = CARTESIAN_POINT('',(-2.109547197323,-2.0000006));
#3428 = CARTESIAN_POINT('',(-2.109547197323,6.E-07));
#3429 = ( GEOMETRIC_REPRESENTATION_CONTEXT(2) 
PARAMETRIC_REPRESENTATION_CONTEXT() REPRESENTATION_CONTEXT('2D SPACE',''
  ) );
#3430 = ORIENTED_EDGE('',*,*,#3431,.F.);
#3431 = EDGE_CURVE('',#3015,#3411,#3432,.T.);
#3432 = SURFACE_CURVE('',#3433,(#3438,#3445),.PCURVE_S1.);
#3433 = HYPERBOLA('',#3434,1.,1.);
#3434 = AXIS2_PLACEMENT_3D('',#3435,#3436,#3437);
#3435 = CARTESIAN_POINT('',(-0.866025403784,-0.5,-64.));
#3436 = DIRECTION('',(0.866025403784,0.5,-0.));
#3437 = DIRECTION('',(0.,0.,1.));
#3438 = PCURVE('',#556,#3439);
#3439 = DEFINITIONAL_REPRESENTATION('',(#3440),#3444);
#3440 = ( BOUNDED_CURVE() B_SPLINE_CURVE(2,(#3441,#3442,#3443),
.UNSPECIFIED.,.F.,.F.) B_SPLINE_CURVE_WITH_KNOTS((3,3),(-4.98355970529,
-4.882744525542),.PIECEWISE_BEZIER_KNOTS.) CURVE() 
GEOMETRIC_REPRESENTATION_ITEM() RATIONAL_B_SPLINE_CURVE((1.,
1.001270731594,1.)) REPRESENTATION_ITEM('') );
#3441 = CARTESIAN_POINT('',(17.380541934569,18.91646609021));
#3442 = CARTESIAN_POINT('',(21.056837518425,15.239825524832));
#3443 = CARTESIAN_POINT('',(24.380541934569,11.915739534217));
#3444 = ( GEOMETRIC_REPRESENTATION_CONTEXT(2) 
PARAMETRIC_REPRESENTATION_CONTEXT() REPRESENTATION_CONTEXT('2D SPACE',''
  ) );
#3445 = PCURVE('',#3324,#3446);
#3446 = DEFINITIONAL_REPRESENTATION('',(#3447),#3454);
#3447 = B_SPLINE_CURVE_WITH_KNOTS('',5,(#3448,#3449,#3450,#3451,#3452,
    #3453),.UNSPECIFIED.,.F.,.F.,(6,6),(-4.98355970529,-4.882744525542),
  .PIECEWISE_BEZIER_KNOTS.);
#3448 = CARTESIAN_POINT('',(2.108094160997,7.));
#3449 = CARTESIAN_POINT('',(2.108370366969,5.528236485149));
#3450 = CARTESIAN_POINT('',(2.108653533726,4.093570474776));
#3451 = CARTESIAN_POINT('',(2.108943895122,2.694755436599));
#3452 = CARTESIAN_POINT('',(2.109241696778,1.33060761363));
#3453 = CARTESIAN_POINT('',(2.109547197323,-1.42108547152E-14));
#3454 = ( GEOMETRIC_REPRESENTATION_CONTEXT(2) 
PARAMETRIC_REPRESENTATION_CONTEXT() REPRESENTATION_CONTEXT('2D SPACE',''
  ) );
#3455 = ORIENTED_EDGE('',*,*,#3014,.F.);
#3456 = ORIENTED_EDGE('',*,*,#540,.T.);
#3457 = ADVANCED_FACE('',(#3458),#611,.T.);
#3458 = FACE_BOUND('',#3459,.T.);
#3459 = EDGE_LOOP('',(#3460,#3461,#3483,#3506,#3529,#3551,#3576,#3577,
    #3598,#3599,#3620));
#3460 = ORIENTED_EDGE('',*,*,#597,.T.);
#3461 = ORIENTED_EDGE('',*,*,#3462,.T.);
#3462 = EDGE_CURVE('',#569,#3463,#3465,.T.);
#3463 = VERTEX_POINT('',#3464);
#3464 = CARTESIAN_POINT('',(-36.48629879831,1.000000000001,0.));
#3465 = SURFACE_CURVE('',#3466,(#3470,#3477),.PCURVE_S1.);
#3466 = LINE('',#3467,#3468);
#3467 = CARTESIAN_POINT('',(-36.48629879831,1.,0.));
#3468 = VECTOR('',#3469,1.);
#3469 = DIRECTION('',(-0.,-0.,-1.));
#3470 = PCURVE('',#611,#3471);
#3471 = DEFINITIONAL_REPRESENTATION('',(#3472),#3476);
#3472 = LINE('',#3473,#3474);
#3473 = CARTESIAN_POINT('',(26.380541934569,-17.59038547505));
#3474 = VECTOR('',#3475,1.);
#3475 = DIRECTION('',(1.,0.));
#3476 = ( GEOMETRIC_REPRESENTATION_CONTEXT(2) 
PARAMETRIC_REPRESENTATION_CONTEXT() REPRESENTATION_CONTEXT('2D SPACE',''
  ) );
#3477 = PCURVE('',#585,#3478);
#3478 = DEFINITIONAL_REPRESENTATION('',(#3479),#3482);
#3479 = B_SPLINE_CURVE_WITH_KNOTS('',1,(#3480,#3481),.UNSPECIFIED.,.F.,
  .F.,(2,2),(-51.0000006,6.E-07),.PIECEWISE_BEZIER_KNOTS.);
#3480 = CARTESIAN_POINT('',(-3.114191964715,-51.0000006));
#3481 = CARTESIAN_POINT('',(-3.114191964715,6.E-07));
#3482 = ( GEOMETRIC_REPRESENTATION_CONTEXT(2) 
PARAMETRIC_REPRESENTATION_CONTEXT() REPRESENTATION_CONTEXT('2D SPACE',''
  ) );
#3483 = ORIENTED_EDGE('',*,*,#3484,.T.);
#3484 = EDGE_CURVE('',#3463,#3485,#3487,.T.);
#3485 = VERTEX_POINT('',#3486);
#3486 = CARTESIAN_POINT('',(-64.5,1.,0.));
#3487 = SURFACE_CURVE('',#3488,(#3492,#3499),.PCURVE_S1.);
#3488 = LINE('',#3489,#3490);
#3489 = CARTESIAN_POINT('',(-36.,1.,0.));
#3490 = VECTOR('',#3491,1.);
#3491 = DIRECTION('',(-1.,1.224646799147E-16,0.));
#3492 = PCURVE('',#611,#3493);
#3493 = DEFINITIONAL_REPRESENTATION('',(#3494),#3498);
#3494 = LINE('',#3495,#3496);
#3495 = CARTESIAN_POINT('',(26.380541934569,-18.07668427336));
#3496 = VECTOR('',#3497,1.);
#3497 = DIRECTION('',(0.,1.));
#3498 = ( GEOMETRIC_REPRESENTATION_CONTEXT(2) 
PARAMETRIC_REPRESENTATION_CONTEXT() REPRESENTATION_CONTEXT('2D SPACE',''
  ) );
#3499 = PCURVE('',#1969,#3500);
#3500 = DEFINITIONAL_REPRESENTATION('',(#3501),#3505);
#3501 = LINE('',#3502,#3503);
#3502 = CARTESIAN_POINT('',(-72.,1.));
#3503 = VECTOR('',#3504,1.);
#3504 = DIRECTION('',(-1.,1.224646799147E-16));
#3505 = ( GEOMETRIC_REPRESENTATION_CONTEXT(2) 
PARAMETRIC_REPRESENTATION_CONTEXT() REPRESENTATION_CONTEXT('2D SPACE',''
  ) );
#3506 = ORIENTED_EDGE('',*,*,#3507,.T.);
#3507 = EDGE_CURVE('',#3485,#3508,#3510,.T.);
#3508 = VERTEX_POINT('',#3509);
#3509 = CARTESIAN_POINT('',(-65.99242380758,1.,1.492423807586));
#3510 = SURFACE_CURVE('',#3511,(#3515,#3522),.PCURVE_S1.);
#3511 = LINE('',#3512,#3513);
#3512 = CARTESIAN_POINT('',(-64.5,1.,0.));
#3513 = VECTOR('',#3514,1.);
#3514 = DIRECTION('',(-0.707106781187,8.659560562355E-17,0.707106781187)
  );
#3515 = PCURVE('',#611,#3516);
#3516 = DEFINITIONAL_REPRESENTATION('',(#3517),#3521);
#3517 = LINE('',#3518,#3519);
#3518 = CARTESIAN_POINT('',(26.380541934569,10.423315726631));
#3519 = VECTOR('',#3520,1.);
#3520 = DIRECTION('',(-0.707106781187,0.707106781187));
#3521 = ( GEOMETRIC_REPRESENTATION_CONTEXT(2) 
PARAMETRIC_REPRESENTATION_CONTEXT() REPRESENTATION_CONTEXT('2D SPACE',''
  ) );
#3522 = PCURVE('',#2348,#3523);
#3523 = DEFINITIONAL_REPRESENTATION('',(#3524),#3528);
#3524 = LINE('',#3525,#3526);
#3525 = CARTESIAN_POINT('',(1.298934084353E-16,-1.));
#3526 = VECTOR('',#3527,1.);
#3527 = DIRECTION('',(1.,0.));
#3528 = ( GEOMETRIC_REPRESENTATION_CONTEXT(2) 
PARAMETRIC_REPRESENTATION_CONTEXT() REPRESENTATION_CONTEXT('2D SPACE',''
  ) );
#3529 = ORIENTED_EDGE('',*,*,#3530,.F.);
#3530 = EDGE_CURVE('',#3531,#3508,#3533,.T.);
#3531 = VERTEX_POINT('',#3532);
#3532 = CARTESIAN_POINT('',(-65.99242380758,1.,2.));
#3533 = SURFACE_CURVE('',#3534,(#3538,#3545),.PCURVE_S1.);
#3534 = LINE('',#3535,#3536);
#3535 = CARTESIAN_POINT('',(-65.99242380758,1.,0.));
#3536 = VECTOR('',#3537,1.);
#3537 = DIRECTION('',(-0.,-0.,-1.));
#3538 = PCURVE('',#611,#3539);
#3539 = DEFINITIONAL_REPRESENTATION('',(#3540),#3544);
#3540 = LINE('',#3541,#3542);
#3541 = CARTESIAN_POINT('',(26.380541934569,11.915739534217));
#3542 = VECTOR('',#3543,1.);
#3543 = DIRECTION('',(1.,0.));
#3544 = ( GEOMETRIC_REPRESENTATION_CONTEXT(2) 
PARAMETRIC_REPRESENTATION_CONTEXT() REPRESENTATION_CONTEXT('2D SPACE',''
  ) );
#3545 = PCURVE('',#2024,#3546);
#3546 = DEFINITIONAL_REPRESENTATION('',(#3547),#3550);
#3547 = B_SPLINE_CURVE_WITH_KNOTS('',1,(#3548,#3549),.UNSPECIFIED.,.F.,
  .F.,(2,2),(-2.0000006,6.E-07),.PIECEWISE_BEZIER_KNOTS.);
#3548 = CARTESIAN_POINT('',(-3.12644055866,-2.0000006));
#3549 = CARTESIAN_POINT('',(-3.12644055866,6.E-07));
#3550 = ( GEOMETRIC_REPRESENTATION_CONTEXT(2) 
PARAMETRIC_REPRESENTATION_CONTEXT() REPRESENTATION_CONTEXT('2D SPACE',''
  ) );
#3551 = ORIENTED_EDGE('',*,*,#3552,.F.);
#3552 = EDGE_CURVE('',#3288,#3531,#3553,.T.);
#3553 = SURFACE_CURVE('',#3554,(#3559,#3566),.PCURVE_S1.);
#3554 = HYPERBOLA('',#3555,1.,1.);
#3555 = AXIS2_PLACEMENT_3D('',#3556,#3557,#3558);
#3556 = CARTESIAN_POINT('',(1.224646799147E-16,1.,-64.));
#3557 = DIRECTION('',(1.224646799147E-16,1.,-0.));
#3558 = DIRECTION('',(0.,0.,1.));
#3559 = PCURVE('',#611,#3560);
#3560 = DEFINITIONAL_REPRESENTATION('',(#3561),#3565);
#3561 = HYPERBOLA('',#3562,1.,1.);
#3562 = AXIS2_PLACEMENT_2D('',#3563,#3564);
#3563 = CARTESIAN_POINT('',(90.380541934569,-54.07668427336));
#3564 = DIRECTION('',(-1.,0.));
#3565 = ( GEOMETRIC_REPRESENTATION_CONTEXT(2) 
PARAMETRIC_REPRESENTATION_CONTEXT() REPRESENTATION_CONTEXT('2D SPACE',''
  ) );
#3566 = PCURVE('',#3324,#3567);
#3567 = DEFINITIONAL_REPRESENTATION('',(#3568),#3575);
#3568 = B_SPLINE_CURVE_WITH_KNOTS('',5,(#3569,#3570,#3571,#3572,#3573,
    #3574),.UNSPECIFIED.,.F.,.F.,(6,6),(-4.98355970529,-4.882744525542),
  .PIECEWISE_BEZIER_KNOTS.);
#3569 = CARTESIAN_POINT('',(3.127893594986,7.));
#3570 = CARTESIAN_POINT('',(3.127617389014,5.528236485149));
#3571 = CARTESIAN_POINT('',(3.127334222257,4.093570474776));
#3572 = CARTESIAN_POINT('',(3.127043860861,2.694755436599));
#3573 = CARTESIAN_POINT('',(3.126746059205,1.33060761363));
#3574 = CARTESIAN_POINT('',(3.12644055866,-1.42108547152E-14));
#3575 = ( GEOMETRIC_REPRESENTATION_CONTEXT(2) 
PARAMETRIC_REPRESENTATION_CONTEXT() REPRESENTATION_CONTEXT('2D SPACE',''
  ) );
#3576 = ORIENTED_EDGE('',*,*,#3287,.F.);
#3577 = ORIENTED_EDGE('',*,*,#3578,.F.);
#3578 = EDGE_CURVE('',#1594,#3184,#3579,.T.);
#3579 = SURFACE_CURVE('',#3580,(#3584,#3591),.PCURVE_S1.);
#3580 = LINE('',#3581,#3582);
#3581 = CARTESIAN_POINT('',(-77.,1.,30.));
#3582 = VECTOR('',#3583,1.);
#3583 = DIRECTION('',(1.,0.,0.));
#3584 = PCURVE('',#611,#3585);
#3585 = DEFINITIONAL_REPRESENTATION('',(#3586),#3590);
#3586 = LINE('',#3587,#3588);
#3587 = CARTESIAN_POINT('',(-3.619458065431,22.923315726631));
#3588 = VECTOR('',#3589,1.);
#3589 = DIRECTION('',(-0.,-1.));
#3590 = ( GEOMETRIC_REPRESENTATION_CONTEXT(2) 
PARAMETRIC_REPRESENTATION_CONTEXT() REPRESENTATION_CONTEXT('2D SPACE',''
  ) );
#3591 = PCURVE('',#1818,#3592);
#3592 = DEFINITIONAL_REPRESENTATION('',(#3593),#3597);
#3593 = LINE('',#3594,#3595);
#3594 = CARTESIAN_POINT('',(3.14159265359,0.));
#3595 = VECTOR('',#3596,1.);
#3596 = DIRECTION('',(0.,-1.));
#3597 = ( GEOMETRIC_REPRESENTATION_CONTEXT(2) 
PARAMETRIC_REPRESENTATION_CONTEXT() REPRESENTATION_CONTEXT('2D SPACE',''
  ) );
#3598 = ORIENTED_EDGE('',*,*,#1591,.F.);
#3599 = ORIENTED_EDGE('',*,*,#3600,.T.);
#3600 = EDGE_CURVE('',#1592,#3037,#3601,.T.);
#3601 = SURFACE_CURVE('',#3602,(#3606,#3613),.PCURVE_S1.);
#3602 = LINE('',#3603,#3604);
#3603 = CARTESIAN_POINT('',(-77.,1.,36.));
#3604 = VECTOR('',#3605,1.);
#3605 = DIRECTION('',(1.,0.,0.));
#3606 = PCURVE('',#611,#3607);
#3607 = DEFINITIONAL_REPRESENTATION('',(#3608),#3612);
#3608 = LINE('',#3609,#3610);
#3609 = CARTESIAN_POINT('',(-9.619458065431,22.923315726631));
#3610 = VECTOR('',#3611,1.);
#3611 = DIRECTION('',(-0.,-1.));
#3612 = ( GEOMETRIC_REPRESENTATION_CONTEXT(2) 
PARAMETRIC_REPRESENTATION_CONTEXT() REPRESENTATION_CONTEXT('2D SPACE',''
  ) );
#3613 = PCURVE('',#1685,#3614);
#3614 = DEFINITIONAL_REPRESENTATION('',(#3615),#3619);
#3615 = LINE('',#3616,#3617);
#3616 = CARTESIAN_POINT('',(0.,0.));
#3617 = VECTOR('',#3618,1.);
#3618 = DIRECTION('',(0.,-1.));
#3619 = ( GEOMETRIC_REPRESENTATION_CONTEXT(2) 
PARAMETRIC_REPRESENTATION_CONTEXT() REPRESENTATION_CONTEXT('2D SPACE',''
  ) );
#3620 = ORIENTED_EDGE('',*,*,#3036,.F.);
#3621 = ADVANCED_FACE('',(#3622),#585,.T.);
#3622 = FACE_BOUND('',#3623,.F.);
#3623 = EDGE_LOOP('',(#3624,#3646,#3647,#3648));
#3624 = ORIENTED_EDGE('',*,*,#3625,.F.);
#3625 = EDGE_CURVE('',#3339,#3463,#3626,.T.);
#3626 = SURFACE_CURVE('',#3627,(#3632,#3639),.PCURVE_S1.);
#3627 = CIRCLE('',#3628,36.5);
#3628 = AXIS2_PLACEMENT_3D('',#3629,#3630,#3631);
#3629 = CARTESIAN_POINT('',(0.,0.,0.));
#3630 = DIRECTION('',(0.,0.,1.));
#3631 = DIRECTION('',(1.,0.,0.));
#3632 = PCURVE('',#585,#3633);
#3633 = DEFINITIONAL_REPRESENTATION('',(#3634),#3638);
#3634 = LINE('',#3635,#3636);
#3635 = CARTESIAN_POINT('',(-0.,0.));
#3636 = VECTOR('',#3637,1.);
#3637 = DIRECTION('',(-1.,0.));
#3638 = ( GEOMETRIC_REPRESENTATION_CONTEXT(2) 
PARAMETRIC_REPRESENTATION_CONTEXT() REPRESENTATION_CONTEXT('2D SPACE',''
  ) );
#3639 = PCURVE('',#1969,#3640);
#3640 = DEFINITIONAL_REPRESENTATION('',(#3641),#3645);
#3641 = CIRCLE('',#3642,36.5);
#3642 = AXIS2_PLACEMENT_2D('',#3643,#3644);
#3643 = CARTESIAN_POINT('',(-36.,0.));
#3644 = DIRECTION('',(1.,0.));
#3645 = ( GEOMETRIC_REPRESENTATION_CONTEXT(2) 
PARAMETRIC_REPRESENTATION_CONTEXT() REPRESENTATION_CONTEXT('2D SPACE',''
  ) );
#3646 = ORIENTED_EDGE('',*,*,#3338,.F.);
#3647 = ORIENTED_EDGE('',*,*,#568,.T.);
#3648 = ORIENTED_EDGE('',*,*,#3462,.T.);
#3649 = ADVANCED_FACE('',(#3650),#644,.F.);
#3650 = FACE_BOUND('',#3651,.T.);
#3651 = EDGE_LOOP('',(#3652,#3683,#3702,#3703));
#3652 = ORIENTED_EDGE('',*,*,#3653,.F.);
#3653 = EDGE_CURVE('',#3654,#3656,#3658,.T.);
#3654 = VERTEX_POINT('',#3655);
#3655 = CARTESIAN_POINT('',(33.478500563795,1.2,43.));
#3656 = VERTEX_POINT('',#3657);
#3657 = CARTESIAN_POINT('',(17.778480766439,28.393231968858,43.));
#3658 = SURFACE_CURVE('',#3659,(#3664,#3671),.PCURVE_S1.);
#3659 = CIRCLE('',#3660,33.5);
#3660 = AXIS2_PLACEMENT_3D('',#3661,#3662,#3663);
#3661 = CARTESIAN_POINT('',(0.,0.,43.));
#3662 = DIRECTION('',(0.,0.,1.));
#3663 = DIRECTION('',(1.,0.,0.));
#3664 = PCURVE('',#644,#3665);
#3665 = DEFINITIONAL_REPRESENTATION('',(#3666),#3670);
#3666 = LINE('',#3667,#3668);
#3667 = CARTESIAN_POINT('',(-0.,0.));
#3668 = VECTOR('',#3669,1.);
#3669 = DIRECTION('',(-1.,0.));
#3670 = ( GEOMETRIC_REPRESENTATION_CONTEXT(2) 
PARAMETRIC_REPRESENTATION_CONTEXT() REPRESENTATION_CONTEXT('2D SPACE',''
  ) );
#3671 = PCURVE('',#3672,#3677);
#3672 = PLANE('',#3673);
#3673 = AXIS2_PLACEMENT_3D('',#3674,#3675,#3676);
#3674 = CARTESIAN_POINT('',(-1.959317204833E-15,-6.131078915947E-17,43.)
  );
#3675 = DIRECTION('',(0.,0.,1.));
#3676 = DIRECTION('',(1.,0.,-0.));
#3677 = DEFINITIONAL_REPRESENTATION('',(#3678),#3682);
#3678 = CIRCLE('',#3679,33.5);
#3679 = AXIS2_PLACEMENT_2D('',#3680,#3681);
#3680 = CARTESIAN_POINT('',(1.959317204833E-15,6.131078915947E-17));
#3681 = DIRECTION('',(1.,0.));
#3682 = ( GEOMETRIC_REPRESENTATION_CONTEXT(2) 
PARAMETRIC_REPRESENTATION_CONTEXT() REPRESENTATION_CONTEXT('2D SPACE',''
  ) );
#3683 = ORIENTED_EDGE('',*,*,#3684,.F.);
#3684 = EDGE_CURVE('',#626,#3654,#3685,.T.);
#3685 = SURFACE_CURVE('',#3686,(#3690,#3696),.PCURVE_S1.);
#3686 = LINE('',#3687,#3688);
#3687 = CARTESIAN_POINT('',(33.478500563795,1.2,43.));
#3688 = VECTOR('',#3689,1.);
#3689 = DIRECTION('',(-0.,-0.,-1.));
#3690 = PCURVE('',#644,#3691);
#3691 = DEFINITIONAL_REPRESENTATION('',(#3692),#3695);
#3692 = B_SPLINE_CURVE_WITH_KNOTS('',1,(#3693,#3694),.UNSPECIFIED.,.F.,
  .F.,(2,2),(-8.0000006,5.999999999062E-07),.PIECEWISE_BEZIER_KNOTS.);
#3693 = CARTESIAN_POINT('',(-3.582856046579E-02,-8.0000006));
#3694 = CARTESIAN_POINT('',(-3.582856046579E-02,5.999999999062E-07));
#3695 = ( GEOMETRIC_REPRESENTATION_CONTEXT(2) 
PARAMETRIC_REPRESENTATION_CONTEXT() REPRESENTATION_CONTEXT('2D SPACE',''
  ) );
#3696 = PCURVE('',#672,#3697);
#3697 = DEFINITIONAL_REPRESENTATION('',(#3698),#3701);
#3698 = B_SPLINE_CURVE_WITH_KNOTS('',1,(#3699,#3700),.UNSPECIFIED.,.F.,
  .F.,(2,2),(-8.0000006,5.999999999062E-07),.PIECEWISE_BEZIER_KNOTS.);
#3699 = CARTESIAN_POINT('',(8.0000006,0.478500563795));
#3700 = CARTESIAN_POINT('',(-5.999999999062E-07,0.478500563795));
#3701 = ( GEOMETRIC_REPRESENTATION_CONTEXT(2) 
PARAMETRIC_REPRESENTATION_CONTEXT() REPRESENTATION_CONTEXT('2D SPACE',''
  ) );
#3702 = ORIENTED_EDGE('',*,*,#625,.T.);
#3703 = ORIENTED_EDGE('',*,*,#3704,.T.);
#3704 = EDGE_CURVE('',#628,#3656,#3705,.T.);
#3705 = SURFACE_CURVE('',#3706,(#3710,#3716),.PCURVE_S1.);
#3706 = LINE('',#3707,#3708);
#3707 = CARTESIAN_POINT('',(17.778480766439,28.393231968858,43.));
#3708 = VECTOR('',#3709,1.);
#3709 = DIRECTION('',(-0.,-0.,-1.));
#3710 = PCURVE('',#644,#3711);
#3711 = DEFINITIONAL_REPRESENTATION('',(#3712),#3715);
#3712 = B_SPLINE_CURVE_WITH_KNOTS('',1,(#3713,#3714),.UNSPECIFIED.,.F.,
  .F.,(2,2),(-8.0000006,5.999999999062E-07),.PIECEWISE_BEZIER_KNOTS.);
#3713 = CARTESIAN_POINT('',(-1.011368990731,-8.0000006));
#3714 = CARTESIAN_POINT('',(-1.011368990731,5.999999999062E-07));
#3715 = ( GEOMETRIC_REPRESENTATION_CONTEXT(2) 
PARAMETRIC_REPRESENTATION_CONTEXT() REPRESENTATION_CONTEXT('2D SPACE',''
  ) );
#3716 = PCURVE('',#1291,#3717);
#3717 = DEFINITIONAL_REPRESENTATION('',(#3718),#3721);
#3718 = B_SPLINE_CURVE_WITH_KNOTS('',1,(#3719,#3720),.UNSPECIFIED.,.F.,
  .F.,(2,2),(-8.0000006,5.999999999062E-07),.PIECEWISE_BEZIER_KNOTS.);
#3719 = CARTESIAN_POINT('',(8.0000006,0.478500563795));
#3720 = CARTESIAN_POINT('',(-5.999999999062E-07,0.478500563795));
#3721 = ( GEOMETRIC_REPRESENTATION_CONTEXT(2) 
PARAMETRIC_REPRESENTATION_CONTEXT() REPRESENTATION_CONTEXT('2D SPACE',''
  ) );
#3722 = ADVANCED_FACE('',(#3723),#1291,.T.);
#3723 = FACE_BOUND('',#3724,.T.);
#3724 = EDGE_LOOP('',(#3725,#3748,#3749,#3750));
#3725 = ORIENTED_EDGE('',*,*,#3726,.F.);
#3726 = EDGE_CURVE('',#3656,#3727,#3729,.T.);
#3727 = VERTEX_POINT('',#3728);
#3728 = CARTESIAN_POINT('',(18.489230484541,29.624286592077,43.));
#3729 = SURFACE_CURVE('',#3730,(#3734,#3741),.PCURVE_S1.);
#3730 = LINE('',#3731,#3732);
#3731 = CARTESIAN_POINT('',(17.539230484541,27.978838324886,43.));
#3732 = VECTOR('',#3733,1.);
#3733 = DIRECTION('',(0.5,0.866025403784,0.));
#3734 = PCURVE('',#1291,#3735);
#3735 = DEFINITIONAL_REPRESENTATION('',(#3736),#3740);
#3736 = LINE('',#3737,#3738);
#3737 = CARTESIAN_POINT('',(0.,0.));
#3738 = VECTOR('',#3739,1.);
#3739 = DIRECTION('',(0.,1.));
#3740 = ( GEOMETRIC_REPRESENTATION_CONTEXT(2) 
PARAMETRIC_REPRESENTATION_CONTEXT() REPRESENTATION_CONTEXT('2D SPACE',''
  ) );
#3741 = PCURVE('',#3672,#3742);
#3742 = DEFINITIONAL_REPRESENTATION('',(#3743),#3747);
#3743 = LINE('',#3744,#3745);
#3744 = CARTESIAN_POINT('',(17.539230484541,27.978838324886));
#3745 = VECTOR('',#3746,1.);
#3746 = DIRECTION('',(0.5,0.866025403784));
#3747 = ( GEOMETRIC_REPRESENTATION_CONTEXT(2) 
PARAMETRIC_REPRESENTATION_CONTEXT() REPRESENTATION_CONTEXT('2D SPACE',''
  ) );
#3748 = ORIENTED_EDGE('',*,*,#3704,.F.);
#3749 = ORIENTED_EDGE('',*,*,#1277,.T.);
#3750 = ORIENTED_EDGE('',*,*,#3751,.F.);
#3751 = EDGE_CURVE('',#3727,#1250,#3752,.T.);
#3752 = SURFACE_CURVE('',#3753,(#3757,#3764),.PCURVE_S1.);
#3753 = LINE('',#3754,#3755);
#3754 = CARTESIAN_POINT('',(18.489230484541,29.624286592077,43.));
#3755 = VECTOR('',#3756,1.);
#3756 = DIRECTION('',(0.,0.,1.));
#3757 = PCURVE('',#1291,#3758);
#3758 = DEFINITIONAL_REPRESENTATION('',(#3759),#3763);
#3759 = LINE('',#3760,#3761);
#3760 = CARTESIAN_POINT('',(0.,1.9));
#3761 = VECTOR('',#3762,1.);
#3762 = DIRECTION('',(1.,0.));
#3763 = ( GEOMETRIC_REPRESENTATION_CONTEXT(2) 
PARAMETRIC_REPRESENTATION_CONTEXT() REPRESENTATION_CONTEXT('2D SPACE',''
  ) );
#3764 = PCURVE('',#1265,#3765);
#3765 = DEFINITIONAL_REPRESENTATION('',(#3766),#3770);
#3766 = LINE('',#3767,#3768);
#3767 = CARTESIAN_POINT('',(0.,0.));
#3768 = VECTOR('',#3769,1.);
#3769 = DIRECTION('',(1.,0.));
#3770 = ( GEOMETRIC_REPRESENTATION_CONTEXT(2) 
PARAMETRIC_REPRESENTATION_CONTEXT() REPRESENTATION_CONTEXT('2D SPACE',''
  ) );
#3771 = ADVANCED_FACE('',(#3772),#1265,.F.);
#3772 = FACE_BOUND('',#3773,.F.);
#3773 = EDGE_LOOP('',(#3774,#3775,#3798,#3819));
#3774 = ORIENTED_EDGE('',*,*,#3751,.F.);
#3775 = ORIENTED_EDGE('',*,*,#3776,.T.);
#3776 = EDGE_CURVE('',#3727,#3777,#3779,.T.);
#3777 = VERTEX_POINT('',#3778);
#3778 = CARTESIAN_POINT('',(16.410769515459,30.824286592077,43.));
#3779 = SURFACE_CURVE('',#3780,(#3784,#3791),.PCURVE_S1.);
#3780 = LINE('',#3781,#3782);
#3781 = CARTESIAN_POINT('',(18.489230484541,29.624286592077,43.));
#3782 = VECTOR('',#3783,1.);
#3783 = DIRECTION('',(-0.866025403784,0.5,0.));
#3784 = PCURVE('',#1265,#3785);
#3785 = DEFINITIONAL_REPRESENTATION('',(#3786),#3790);
#3786 = LINE('',#3787,#3788);
#3787 = CARTESIAN_POINT('',(0.,0.));
#3788 = VECTOR('',#3789,1.);
#3789 = DIRECTION('',(0.,-1.));
#3790 = ( GEOMETRIC_REPRESENTATION_CONTEXT(2) 
PARAMETRIC_REPRESENTATION_CONTEXT() REPRESENTATION_CONTEXT('2D SPACE',''
  ) );
#3791 = PCURVE('',#3672,#3792);
#3792 = DEFINITIONAL_REPRESENTATION('',(#3793),#3797);
#3793 = LINE('',#3794,#3795);
#3794 = CARTESIAN_POINT('',(18.489230484541,29.624286592077));
#3795 = VECTOR('',#3796,1.);
#3796 = DIRECTION('',(-0.866025403784,0.5));
#3797 = ( GEOMETRIC_REPRESENTATION_CONTEXT(2) 
PARAMETRIC_REPRESENTATION_CONTEXT() REPRESENTATION_CONTEXT('2D SPACE',''
  ) );
#3798 = ORIENTED_EDGE('',*,*,#3799,.T.);
#3799 = EDGE_CURVE('',#3777,#1222,#3800,.T.);
#3800 = SURFACE_CURVE('',#3801,(#3805,#3812),.PCURVE_S1.);
#3801 = LINE('',#3802,#3803);
#3802 = CARTESIAN_POINT('',(16.410769515459,30.824286592077,43.));
#3803 = VECTOR('',#3804,1.);
#3804 = DIRECTION('',(0.,0.,1.));
#3805 = PCURVE('',#1265,#3806);
#3806 = DEFINITIONAL_REPRESENTATION('',(#3807),#3811);
#3807 = LINE('',#3808,#3809);
#3808 = CARTESIAN_POINT('',(0.,-2.4));
#3809 = VECTOR('',#3810,1.);
#3810 = DIRECTION('',(1.,0.));
#3811 = ( GEOMETRIC_REPRESENTATION_CONTEXT(2) 
PARAMETRIC_REPRESENTATION_CONTEXT() REPRESENTATION_CONTEXT('2D SPACE',''
  ) );
#3812 = PCURVE('',#1237,#3813);
#3813 = DEFINITIONAL_REPRESENTATION('',(#3814),#3818);
#3814 = LINE('',#3815,#3816);
#3815 = CARTESIAN_POINT('',(0.,1.9));
#3816 = VECTOR('',#3817,1.);
#3817 = DIRECTION('',(1.,0.));
#3818 = ( GEOMETRIC_REPRESENTATION_CONTEXT(2) 
PARAMETRIC_REPRESENTATION_CONTEXT() REPRESENTATION_CONTEXT('2D SPACE',''
  ) );
#3819 = ORIENTED_EDGE('',*,*,#1249,.F.);
#3820 = ADVANCED_FACE('',(#3821),#1237,.F.);
#3821 = FACE_BOUND('',#3822,.F.);
#3822 = EDGE_LOOP('',(#3823,#3846,#3865,#3866));
#3823 = ORIENTED_EDGE('',*,*,#3824,.F.);
#3824 = EDGE_CURVE('',#3825,#3777,#3827,.T.);
#3825 = VERTEX_POINT('',#3826);
#3826 = CARTESIAN_POINT('',(15.700019797355,29.593231968858,43.));
#3827 = SURFACE_CURVE('',#3828,(#3832,#3839),.PCURVE_S1.);
#3828 = LINE('',#3829,#3830);
#3829 = CARTESIAN_POINT('',(15.460769515459,29.178838324886,43.));
#3830 = VECTOR('',#3831,1.);
#3831 = DIRECTION('',(0.5,0.866025403784,0.));
#3832 = PCURVE('',#1237,#3833);
#3833 = DEFINITIONAL_REPRESENTATION('',(#3834),#3838);
#3834 = LINE('',#3835,#3836);
#3835 = CARTESIAN_POINT('',(0.,0.));
#3836 = VECTOR('',#3837,1.);
#3837 = DIRECTION('',(0.,1.));
#3838 = ( GEOMETRIC_REPRESENTATION_CONTEXT(2) 
PARAMETRIC_REPRESENTATION_CONTEXT() REPRESENTATION_CONTEXT('2D SPACE',''
  ) );
#3839 = PCURVE('',#3672,#3840);
#3840 = DEFINITIONAL_REPRESENTATION('',(#3841),#3845);
#3841 = LINE('',#3842,#3843);
#3842 = CARTESIAN_POINT('',(15.460769515459,29.178838324886));
#3843 = VECTOR('',#3844,1.);
#3844 = DIRECTION('',(0.5,0.866025403784));
#3845 = ( GEOMETRIC_REPRESENTATION_CONTEXT(2) 
PARAMETRIC_REPRESENTATION_CONTEXT() REPRESENTATION_CONTEXT('2D SPACE',''
  ) );
#3846 = ORIENTED_EDGE('',*,*,#3847,.F.);
#3847 = EDGE_CURVE('',#1193,#3825,#3848,.T.);
#3848 = SURFACE_CURVE('',#3849,(#3853,#3859),.PCURVE_S1.);
#3849 = LINE('',#3850,#3851);
#3850 = CARTESIAN_POINT('',(15.700019797356,29.593231968858,43.));
#3851 = VECTOR('',#3852,1.);
#3852 = DIRECTION('',(-0.,-0.,-1.));
#3853 = PCURVE('',#1237,#3854);
#3854 = DEFINITIONAL_REPRESENTATION('',(#3855),#3858);
#3855 = B_SPLINE_CURVE_WITH_KNOTS('',1,(#3856,#3857),.UNSPECIFIED.,.F.,
  .F.,(2,2),(-8.0000006,5.999999999062E-07),.PIECEWISE_BEZIER_KNOTS.);
#3856 = CARTESIAN_POINT('',(8.0000006,0.478500563795));
#3857 = CARTESIAN_POINT('',(-5.999999999062E-07,0.478500563795));
#3858 = ( GEOMETRIC_REPRESENTATION_CONTEXT(2) 
PARAMETRIC_REPRESENTATION_CONTEXT() REPRESENTATION_CONTEXT('2D SPACE',''
  ) );
#3859 = PCURVE('',#1209,#3860);
#3860 = DEFINITIONAL_REPRESENTATION('',(#3861),#3864);
#3861 = B_SPLINE_CURVE_WITH_KNOTS('',1,(#3862,#3863),.UNSPECIFIED.,.F.,
  .F.,(2,2),(-8.0000006,5.999999999062E-07),.PIECEWISE_BEZIER_KNOTS.);
#3862 = CARTESIAN_POINT('',(-1.083026111662,-8.0000006));
#3863 = CARTESIAN_POINT('',(-1.083026111662,5.999999999062E-07));
#3864 = ( GEOMETRIC_REPRESENTATION_CONTEXT(2) 
PARAMETRIC_REPRESENTATION_CONTEXT() REPRESENTATION_CONTEXT('2D SPACE',''
  ) );
#3865 = ORIENTED_EDGE('',*,*,#1221,.T.);
#3866 = ORIENTED_EDGE('',*,*,#3799,.F.);
#3867 = ADVANCED_FACE('',(#3868),#1209,.F.);
#3868 = FACE_BOUND('',#3869,.T.);
#3869 = EDGE_LOOP('',(#3870,#3894,#3895,#3896));
#3870 = ORIENTED_EDGE('',*,*,#3871,.F.);
#3871 = EDGE_CURVE('',#3825,#3872,#3874,.T.);
#3872 = VERTEX_POINT('',#3873);
#3873 = CARTESIAN_POINT('',(-15.70001979735,29.593231968858,43.));
#3874 = SURFACE_CURVE('',#3875,(#3880,#3887),.PCURVE_S1.);
#3875 = CIRCLE('',#3876,33.5);
#3876 = AXIS2_PLACEMENT_3D('',#3877,#3878,#3879);
#3877 = CARTESIAN_POINT('',(0.,0.,43.));
#3878 = DIRECTION('',(0.,0.,1.));
#3879 = DIRECTION('',(1.,0.,0.));
#3880 = PCURVE('',#1209,#3881);
#3881 = DEFINITIONAL_REPRESENTATION('',(#3882),#3886);
#3882 = LINE('',#3883,#3884);
#3883 = CARTESIAN_POINT('',(-0.,0.));
#3884 = VECTOR('',#3885,1.);
#3885 = DIRECTION('',(-1.,0.));
#3886 = ( GEOMETRIC_REPRESENTATION_CONTEXT(2) 
PARAMETRIC_REPRESENTATION_CONTEXT() REPRESENTATION_CONTEXT('2D SPACE',''
  ) );
#3887 = PCURVE('',#3672,#3888);
#3888 = DEFINITIONAL_REPRESENTATION('',(#3889),#3893);
#3889 = CIRCLE('',#3890,33.5);
#3890 = AXIS2_PLACEMENT_2D('',#3891,#3892);
#3891 = CARTESIAN_POINT('',(1.959317204833E-15,6.131078915947E-17));
#3892 = DIRECTION('',(1.,0.));
#3893 = ( GEOMETRIC_REPRESENTATION_CONTEXT(2) 
PARAMETRIC_REPRESENTATION_CONTEXT() REPRESENTATION_CONTEXT('2D SPACE',''
  ) );
#3894 = ORIENTED_EDGE('',*,*,#3847,.F.);
#3895 = ORIENTED_EDGE('',*,*,#1192,.T.);
#3896 = ORIENTED_EDGE('',*,*,#3897,.T.);
#3897 = EDGE_CURVE('',#1165,#3872,#3898,.T.);
#3898 = SURFACE_CURVE('',#3899,(#3903,#3909),.PCURVE_S1.);
#3899 = LINE('',#3900,#3901);
#3900 = CARTESIAN_POINT('',(-15.70001979735,29.593231968858,43.));
#3901 = VECTOR('',#3902,1.);
#3902 = DIRECTION('',(-0.,-0.,-1.));
#3903 = PCURVE('',#1209,#3904);
#3904 = DEFINITIONAL_REPRESENTATION('',(#3905),#3908);
#3905 = B_SPLINE_CURVE_WITH_KNOTS('',1,(#3906,#3907),.UNSPECIFIED.,.F.,
  .F.,(2,2),(-8.0000006,5.999999999062E-07),.PIECEWISE_BEZIER_KNOTS.);
#3906 = CARTESIAN_POINT('',(-2.058566541927,-8.0000006));
#3907 = CARTESIAN_POINT('',(-2.058566541927,5.999999999062E-07));
#3908 = ( GEOMETRIC_REPRESENTATION_CONTEXT(2) 
PARAMETRIC_REPRESENTATION_CONTEXT() REPRESENTATION_CONTEXT('2D SPACE',''
  ) );
#3909 = PCURVE('',#1180,#3910);
#3910 = DEFINITIONAL_REPRESENTATION('',(#3911),#3914);
#3911 = B_SPLINE_CURVE_WITH_KNOTS('',1,(#3912,#3913),.UNSPECIFIED.,.F.,
  .F.,(2,2),(-8.0000006,5.999999999062E-07),.PIECEWISE_BEZIER_KNOTS.);
#3912 = CARTESIAN_POINT('',(8.0000006,0.478500563795));
#3913 = CARTESIAN_POINT('',(-5.999999999062E-07,0.478500563795));
#3914 = ( GEOMETRIC_REPRESENTATION_CONTEXT(2) 
PARAMETRIC_REPRESENTATION_CONTEXT() REPRESENTATION_CONTEXT('2D SPACE',''
  ) );
#3915 = ADVANCED_FACE('',(#3916),#1180,.T.);
#3916 = FACE_BOUND('',#3917,.T.);
#3917 = EDGE_LOOP('',(#3918,#3941,#3942,#3943));
#3918 = ORIENTED_EDGE('',*,*,#3919,.F.);
#3919 = EDGE_CURVE('',#3872,#3920,#3922,.T.);
#3920 = VERTEX_POINT('',#3921);
#3921 = CARTESIAN_POINT('',(-16.41076951545,30.824286592077,43.));
#3922 = SURFACE_CURVE('',#3923,(#3927,#3934),.PCURVE_S1.);
#3923 = LINE('',#3924,#3925);
#3924 = CARTESIAN_POINT('',(-15.46076951545,29.178838324886,43.));
#3925 = VECTOR('',#3926,1.);
#3926 = DIRECTION('',(-0.5,0.866025403784,0.));
#3927 = PCURVE('',#1180,#3928);
#3928 = DEFINITIONAL_REPRESENTATION('',(#3929),#3933);
#3929 = LINE('',#3930,#3931);
#3930 = CARTESIAN_POINT('',(0.,0.));
#3931 = VECTOR('',#3932,1.);
#3932 = DIRECTION('',(0.,1.));
#3933 = ( GEOMETRIC_REPRESENTATION_CONTEXT(2) 
PARAMETRIC_REPRESENTATION_CONTEXT() REPRESENTATION_CONTEXT('2D SPACE',''
  ) );
#3934 = PCURVE('',#3672,#3935);
#3935 = DEFINITIONAL_REPRESENTATION('',(#3936),#3940);
#3936 = LINE('',#3937,#3938);
#3937 = CARTESIAN_POINT('',(-15.46076951545,29.178838324886));
#3938 = VECTOR('',#3939,1.);
#3939 = DIRECTION('',(-0.5,0.866025403784));
#3940 = ( GEOMETRIC_REPRESENTATION_CONTEXT(2) 
PARAMETRIC_REPRESENTATION_CONTEXT() REPRESENTATION_CONTEXT('2D SPACE',''
  ) );
#3941 = ORIENTED_EDGE('',*,*,#3897,.F.);
#3942 = ORIENTED_EDGE('',*,*,#1164,.T.);
#3943 = ORIENTED_EDGE('',*,*,#3944,.F.);
#3944 = EDGE_CURVE('',#3920,#1137,#3945,.T.);
#3945 = SURFACE_CURVE('',#3946,(#3950,#3957),.PCURVE_S1.);
#3946 = LINE('',#3947,#3948);
#3947 = CARTESIAN_POINT('',(-16.41076951545,30.824286592077,43.));
#3948 = VECTOR('',#3949,1.);
#3949 = DIRECTION('',(0.,0.,1.));
#3950 = PCURVE('',#1180,#3951);
#3951 = DEFINITIONAL_REPRESENTATION('',(#3952),#3956);
#3952 = LINE('',#3953,#3954);
#3953 = CARTESIAN_POINT('',(0.,1.9));
#3954 = VECTOR('',#3955,1.);
#3955 = DIRECTION('',(1.,0.));
#3956 = ( GEOMETRIC_REPRESENTATION_CONTEXT(2) 
PARAMETRIC_REPRESENTATION_CONTEXT() REPRESENTATION_CONTEXT('2D SPACE',''
  ) );
#3957 = PCURVE('',#1152,#3958);
#3958 = DEFINITIONAL_REPRESENTATION('',(#3959),#3963);
#3959 = LINE('',#3960,#3961);
#3960 = CARTESIAN_POINT('',(0.,0.));
#3961 = VECTOR('',#3962,1.);
#3962 = DIRECTION('',(1.,0.));
#3963 = ( GEOMETRIC_REPRESENTATION_CONTEXT(2) 
PARAMETRIC_REPRESENTATION_CONTEXT() REPRESENTATION_CONTEXT('2D SPACE',''
  ) );
#3964 = ADVANCED_FACE('',(#3965),#1152,.F.);
#3965 = FACE_BOUND('',#3966,.F.);
#3966 = EDGE_LOOP('',(#3967,#3968,#3991,#4012));
#3967 = ORIENTED_EDGE('',*,*,#3944,.F.);
#3968 = ORIENTED_EDGE('',*,*,#3969,.T.);
#3969 = EDGE_CURVE('',#3920,#3970,#3972,.T.);
#3970 = VERTEX_POINT('',#3971);
#3971 = CARTESIAN_POINT('',(-18.48923048454,29.624286592077,43.));
#3972 = SURFACE_CURVE('',#3973,(#3977,#3984),.PCURVE_S1.);
#3973 = LINE('',#3974,#3975);
#3974 = CARTESIAN_POINT('',(-16.41076951545,30.824286592077,43.));
#3975 = VECTOR('',#3976,1.);
#3976 = DIRECTION('',(-0.866025403784,-0.5,0.));
#3977 = PCURVE('',#1152,#3978);
#3978 = DEFINITIONAL_REPRESENTATION('',(#3979),#3983);
#3979 = LINE('',#3980,#3981);
#3980 = CARTESIAN_POINT('',(0.,0.));
#3981 = VECTOR('',#3982,1.);
#3982 = DIRECTION('',(0.,-1.));
#3983 = ( GEOMETRIC_REPRESENTATION_CONTEXT(2) 
PARAMETRIC_REPRESENTATION_CONTEXT() REPRESENTATION_CONTEXT('2D SPACE',''
  ) );
#3984 = PCURVE('',#3672,#3985);
#3985 = DEFINITIONAL_REPRESENTATION('',(#3986),#3990);
#3986 = LINE('',#3987,#3988);
#3987 = CARTESIAN_POINT('',(-16.41076951545,30.824286592077));
#3988 = VECTOR('',#3989,1.);
#3989 = DIRECTION('',(-0.866025403784,-0.5));
#3990 = ( GEOMETRIC_REPRESENTATION_CONTEXT(2) 
PARAMETRIC_REPRESENTATION_CONTEXT() REPRESENTATION_CONTEXT('2D SPACE',''
  ) );
#3991 = ORIENTED_EDGE('',*,*,#3992,.T.);
#3992 = EDGE_CURVE('',#3970,#1109,#3993,.T.);
#3993 = SURFACE_CURVE('',#3994,(#3998,#4005),.PCURVE_S1.);
#3994 = LINE('',#3995,#3996);
#3995 = CARTESIAN_POINT('',(-18.48923048454,29.624286592077,43.));
#3996 = VECTOR('',#3997,1.);
#3997 = DIRECTION('',(0.,0.,1.));
#3998 = PCURVE('',#1152,#3999);
#3999 = DEFINITIONAL_REPRESENTATION('',(#4000),#4004);
#4000 = LINE('',#4001,#4002);
#4001 = CARTESIAN_POINT('',(0.,-2.4));
#4002 = VECTOR('',#4003,1.);
#4003 = DIRECTION('',(1.,0.));
#4004 = ( GEOMETRIC_REPRESENTATION_CONTEXT(2) 
PARAMETRIC_REPRESENTATION_CONTEXT() REPRESENTATION_CONTEXT('2D SPACE',''
  ) );
#4005 = PCURVE('',#1124,#4006);
#4006 = DEFINITIONAL_REPRESENTATION('',(#4007),#4011);
#4007 = LINE('',#4008,#4009);
#4008 = CARTESIAN_POINT('',(0.,1.9));
#4009 = VECTOR('',#4010,1.);
#4010 = DIRECTION('',(1.,0.));
#4011 = ( GEOMETRIC_REPRESENTATION_CONTEXT(2) 
PARAMETRIC_REPRESENTATION_CONTEXT() REPRESENTATION_CONTEXT('2D SPACE',''
  ) );
#4012 = ORIENTED_EDGE('',*,*,#1136,.F.);
#4013 = ADVANCED_FACE('',(#4014),#1124,.F.);
#4014 = FACE_BOUND('',#4015,.F.);
#4015 = EDGE_LOOP('',(#4016,#4039,#4058,#4059));
#4016 = ORIENTED_EDGE('',*,*,#4017,.F.);
#4017 = EDGE_CURVE('',#4018,#3970,#4020,.T.);
#4018 = VERTEX_POINT('',#4019);
#4019 = CARTESIAN_POINT('',(-17.77848076643,28.393231968858,43.));
#4020 = SURFACE_CURVE('',#4021,(#4025,#4032),.PCURVE_S1.);
#4021 = LINE('',#4022,#4023);
#4022 = CARTESIAN_POINT('',(-17.53923048454,27.978838324886,43.));
#4023 = VECTOR('',#4024,1.);
#4024 = DIRECTION('',(-0.5,0.866025403784,0.));
#4025 = PCURVE('',#1124,#4026);
#4026 = DEFINITIONAL_REPRESENTATION('',(#4027),#4031);
#4027 = LINE('',#4028,#4029);
#4028 = CARTESIAN_POINT('',(0.,0.));
#4029 = VECTOR('',#4030,1.);
#4030 = DIRECTION('',(0.,1.));
#4031 = ( GEOMETRIC_REPRESENTATION_CONTEXT(2) 
PARAMETRIC_REPRESENTATION_CONTEXT() REPRESENTATION_CONTEXT('2D SPACE',''
  ) );
#4032 = PCURVE('',#3672,#4033);
#4033 = DEFINITIONAL_REPRESENTATION('',(#4034),#4038);
#4034 = LINE('',#4035,#4036);
#4035 = CARTESIAN_POINT('',(-17.53923048454,27.978838324886));
#4036 = VECTOR('',#4037,1.);
#4037 = DIRECTION('',(-0.5,0.866025403784));
#4038 = ( GEOMETRIC_REPRESENTATION_CONTEXT(2) 
PARAMETRIC_REPRESENTATION_CONTEXT() REPRESENTATION_CONTEXT('2D SPACE',''
  ) );
#4039 = ORIENTED_EDGE('',*,*,#4040,.F.);
#4040 = EDGE_CURVE('',#1080,#4018,#4041,.T.);
#4041 = SURFACE_CURVE('',#4042,(#4046,#4052),.PCURVE_S1.);
#4042 = LINE('',#4043,#4044);
#4043 = CARTESIAN_POINT('',(-17.77848076643,28.393231968858,43.));
#4044 = VECTOR('',#4045,1.);
#4045 = DIRECTION('',(-0.,-0.,-1.));
#4046 = PCURVE('',#1124,#4047);
#4047 = DEFINITIONAL_REPRESENTATION('',(#4048),#4051);
#4048 = B_SPLINE_CURVE_WITH_KNOTS('',1,(#4049,#4050),.UNSPECIFIED.,.F.,
  .F.,(2,2),(-8.0000006,5.999999999062E-07),.PIECEWISE_BEZIER_KNOTS.);
#4049 = CARTESIAN_POINT('',(8.0000006,0.478500563795));
#4050 = CARTESIAN_POINT('',(-5.999999999062E-07,0.478500563795));
#4051 = ( GEOMETRIC_REPRESENTATION_CONTEXT(2) 
PARAMETRIC_REPRESENTATION_CONTEXT() REPRESENTATION_CONTEXT('2D SPACE',''
  ) );
#4052 = PCURVE('',#1096,#4053);
#4053 = DEFINITIONAL_REPRESENTATION('',(#4054),#4057);
#4054 = B_SPLINE_CURVE_WITH_KNOTS('',1,(#4055,#4056),.UNSPECIFIED.,.F.,
  .F.,(2,2),(-8.0000006,5.999999999062E-07),.PIECEWISE_BEZIER_KNOTS.);
#4055 = CARTESIAN_POINT('',(-2.130223662859,-8.0000006));
#4056 = CARTESIAN_POINT('',(-2.130223662859,5.999999999062E-07));
#4057 = ( GEOMETRIC_REPRESENTATION_CONTEXT(2) 
PARAMETRIC_REPRESENTATION_CONTEXT() REPRESENTATION_CONTEXT('2D SPACE',''
  ) );
#4058 = ORIENTED_EDGE('',*,*,#1108,.T.);
#4059 = ORIENTED_EDGE('',*,*,#3992,.F.);
#4060 = ADVANCED_FACE('',(#4061),#1096,.F.);
#4061 = FACE_BOUND('',#4062,.T.);
#4062 = EDGE_LOOP('',(#4063,#4087,#4088,#4089));
#4063 = ORIENTED_EDGE('',*,*,#4064,.F.);
#4064 = EDGE_CURVE('',#4018,#4065,#4067,.T.);
#4065 = VERTEX_POINT('',#4066);
#4066 = CARTESIAN_POINT('',(-33.47850056379,1.200000000001,43.));
#4067 = SURFACE_CURVE('',#4068,(#4073,#4080),.PCURVE_S1.);
#4068 = CIRCLE('',#4069,33.5);
#4069 = AXIS2_PLACEMENT_3D('',#4070,#4071,#4072);
#4070 = CARTESIAN_POINT('',(0.,0.,43.));
#4071 = DIRECTION('',(0.,0.,1.));
#4072 = DIRECTION('',(1.,0.,0.));
#4073 = PCURVE('',#1096,#4074);
#4074 = DEFINITIONAL_REPRESENTATION('',(#4075),#4079);
#4075 = LINE('',#4076,#4077);
#4076 = CARTESIAN_POINT('',(-0.,0.));
#4077 = VECTOR('',#4078,1.);
#4078 = DIRECTION('',(-1.,0.));
#4079 = ( GEOMETRIC_REPRESENTATION_CONTEXT(2) 
PARAMETRIC_REPRESENTATION_CONTEXT() REPRESENTATION_CONTEXT('2D SPACE',''
  ) );
#4080 = PCURVE('',#3672,#4081);
#4081 = DEFINITIONAL_REPRESENTATION('',(#4082),#4086);
#4082 = CIRCLE('',#4083,33.5);
#4083 = AXIS2_PLACEMENT_2D('',#4084,#4085);
#4084 = CARTESIAN_POINT('',(1.959317204833E-15,6.131078915947E-17));
#4085 = DIRECTION('',(1.,0.));
#4086 = ( GEOMETRIC_REPRESENTATION_CONTEXT(2) 
PARAMETRIC_REPRESENTATION_CONTEXT() REPRESENTATION_CONTEXT('2D SPACE',''
  ) );
#4087 = ORIENTED_EDGE('',*,*,#4040,.F.);
#4088 = ORIENTED_EDGE('',*,*,#1079,.T.);
#4089 = ORIENTED_EDGE('',*,*,#4090,.T.);
#4090 = EDGE_CURVE('',#1052,#4065,#4091,.T.);
#4091 = SURFACE_CURVE('',#4092,(#4096,#4102),.PCURVE_S1.);
#4092 = LINE('',#4093,#4094);
#4093 = CARTESIAN_POINT('',(-33.47850056379,1.2,43.));
#4094 = VECTOR('',#4095,1.);
#4095 = DIRECTION('',(-0.,-0.,-1.));
#4096 = PCURVE('',#1096,#4097);
#4097 = DEFINITIONAL_REPRESENTATION('',(#4098),#4101);
#4098 = B_SPLINE_CURVE_WITH_KNOTS('',1,(#4099,#4100),.UNSPECIFIED.,.F.,
  .F.,(2,2),(-8.0000006,5.999999999062E-07),.PIECEWISE_BEZIER_KNOTS.);
#4099 = CARTESIAN_POINT('',(-3.105764093124,-8.0000006));
#4100 = CARTESIAN_POINT('',(-3.105764093124,5.999999999062E-07));
#4101 = ( GEOMETRIC_REPRESENTATION_CONTEXT(2) 
PARAMETRIC_REPRESENTATION_CONTEXT() REPRESENTATION_CONTEXT('2D SPACE',''
  ) );
#4102 = PCURVE('',#1067,#4103);
#4103 = DEFINITIONAL_REPRESENTATION('',(#4104),#4107);
#4104 = B_SPLINE_CURVE_WITH_KNOTS('',1,(#4105,#4106),.UNSPECIFIED.,.F.,
  .F.,(2,2),(-8.0000006,5.999999999062E-07),.PIECEWISE_BEZIER_KNOTS.);
#4105 = CARTESIAN_POINT('',(8.0000006,0.478500563795));
#4106 = CARTESIAN_POINT('',(-5.999999999062E-07,0.478500563795));
#4107 = ( GEOMETRIC_REPRESENTATION_CONTEXT(2) 
PARAMETRIC_REPRESENTATION_CONTEXT() REPRESENTATION_CONTEXT('2D SPACE',''
  ) );
#4108 = ADVANCED_FACE('',(#4109),#1067,.T.);
#4109 = FACE_BOUND('',#4110,.T.);
#4110 = EDGE_LOOP('',(#4111,#4134,#4135,#4136));
#4111 = ORIENTED_EDGE('',*,*,#4112,.F.);
#4112 = EDGE_CURVE('',#4065,#4113,#4115,.T.);
#4113 = VERTEX_POINT('',#4114);
#4114 = CARTESIAN_POINT('',(-34.9,1.2,43.));
#4115 = SURFACE_CURVE('',#4116,(#4120,#4127),.PCURVE_S1.);
#4116 = LINE('',#4117,#4118);
#4117 = CARTESIAN_POINT('',(-33.,1.2,43.));
#4118 = VECTOR('',#4119,1.);
#4119 = DIRECTION('',(-1.,1.224646799147E-16,0.));
#4120 = PCURVE('',#1067,#4121);
#4121 = DEFINITIONAL_REPRESENTATION('',(#4122),#4126);
#4122 = LINE('',#4123,#4124);
#4123 = CARTESIAN_POINT('',(0.,0.));
#4124 = VECTOR('',#4125,1.);
#4125 = DIRECTION('',(0.,1.));
#4126 = ( GEOMETRIC_REPRESENTATION_CONTEXT(2) 
PARAMETRIC_REPRESENTATION_CONTEXT() REPRESENTATION_CONTEXT('2D SPACE',''
  ) );
#4127 = PCURVE('',#3672,#4128);
#4128 = DEFINITIONAL_REPRESENTATION('',(#4129),#4133);
#4129 = LINE('',#4130,#4131);
#4130 = CARTESIAN_POINT('',(-33.,1.2));
#4131 = VECTOR('',#4132,1.);
#4132 = DIRECTION('',(-1.,1.224646799147E-16));
#4133 = ( GEOMETRIC_REPRESENTATION_CONTEXT(2) 
PARAMETRIC_REPRESENTATION_CONTEXT() REPRESENTATION_CONTEXT('2D SPACE',''
  ) );
#4134 = ORIENTED_EDGE('',*,*,#4090,.F.);
#4135 = ORIENTED_EDGE('',*,*,#1051,.T.);
#4136 = ORIENTED_EDGE('',*,*,#4137,.F.);
#4137 = EDGE_CURVE('',#4113,#1024,#4138,.T.);
#4138 = SURFACE_CURVE('',#4139,(#4143,#4150),.PCURVE_S1.);
#4139 = LINE('',#4140,#4141);
#4140 = CARTESIAN_POINT('',(-34.9,1.2,43.));
#4141 = VECTOR('',#4142,1.);
#4142 = DIRECTION('',(0.,0.,1.));
#4143 = PCURVE('',#1067,#4144);
#4144 = DEFINITIONAL_REPRESENTATION('',(#4145),#4149);
#4145 = LINE('',#4146,#4147);
#4146 = CARTESIAN_POINT('',(0.,1.9));
#4147 = VECTOR('',#4148,1.);
#4148 = DIRECTION('',(1.,0.));
#4149 = ( GEOMETRIC_REPRESENTATION_CONTEXT(2) 
PARAMETRIC_REPRESENTATION_CONTEXT() REPRESENTATION_CONTEXT('2D SPACE',''
  ) );
#4150 = PCURVE('',#1039,#4151);
#4151 = DEFINITIONAL_REPRESENTATION('',(#4152),#4156);
#4152 = LINE('',#4153,#4154);
#4153 = CARTESIAN_POINT('',(0.,0.));
#4154 = VECTOR('',#4155,1.);
#4155 = DIRECTION('',(1.,0.));
#4156 = ( GEOMETRIC_REPRESENTATION_CONTEXT(2) 
PARAMETRIC_REPRESENTATION_CONTEXT() REPRESENTATION_CONTEXT('2D SPACE',''
  ) );
#4157 = ADVANCED_FACE('',(#4158),#1039,.F.);
#4158 = FACE_BOUND('',#4159,.F.);
#4159 = EDGE_LOOP('',(#4160,#4161,#4184,#4205));
#4160 = ORIENTED_EDGE('',*,*,#4137,.F.);
#4161 = ORIENTED_EDGE('',*,*,#4162,.T.);
#4162 = EDGE_CURVE('',#4113,#4163,#4165,.T.);
#4163 = VERTEX_POINT('',#4164);
#4164 = CARTESIAN_POINT('',(-34.9,-1.2,43.));
#4165 = SURFACE_CURVE('',#4166,(#4170,#4177),.PCURVE_S1.);
#4166 = LINE('',#4167,#4168);
#4167 = CARTESIAN_POINT('',(-34.9,1.2,43.));
#4168 = VECTOR('',#4169,1.);
#4169 = DIRECTION('',(-1.224646799147E-16,-1.,0.));
#4170 = PCURVE('',#1039,#4171);
#4171 = DEFINITIONAL_REPRESENTATION('',(#4172),#4176);
#4172 = LINE('',#4173,#4174);
#4173 = CARTESIAN_POINT('',(0.,0.));
#4174 = VECTOR('',#4175,1.);
#4175 = DIRECTION('',(0.,-1.));
#4176 = ( GEOMETRIC_REPRESENTATION_CONTEXT(2) 
PARAMETRIC_REPRESENTATION_CONTEXT() REPRESENTATION_CONTEXT('2D SPACE',''
  ) );
#4177 = PCURVE('',#3672,#4178);
#4178 = DEFINITIONAL_REPRESENTATION('',(#4179),#4183);
#4179 = LINE('',#4180,#4181);
#4180 = CARTESIAN_POINT('',(-34.9,1.2));
#4181 = VECTOR('',#4182,1.);
#4182 = DIRECTION('',(-1.224646799147E-16,-1.));
#4183 = ( GEOMETRIC_REPRESENTATION_CONTEXT(2) 
PARAMETRIC_REPRESENTATION_CONTEXT() REPRESENTATION_CONTEXT('2D SPACE',''
  ) );
#4184 = ORIENTED_EDGE('',*,*,#4185,.T.);
#4185 = EDGE_CURVE('',#4163,#996,#4186,.T.);
#4186 = SURFACE_CURVE('',#4187,(#4191,#4198),.PCURVE_S1.);
#4187 = LINE('',#4188,#4189);
#4188 = CARTESIAN_POINT('',(-34.9,-1.2,43.));
#4189 = VECTOR('',#4190,1.);
#4190 = DIRECTION('',(0.,0.,1.));
#4191 = PCURVE('',#1039,#4192);
#4192 = DEFINITIONAL_REPRESENTATION('',(#4193),#4197);
#4193 = LINE('',#4194,#4195);
#4194 = CARTESIAN_POINT('',(0.,-2.4));
#4195 = VECTOR('',#4196,1.);
#4196 = DIRECTION('',(1.,0.));
#4197 = ( GEOMETRIC_REPRESENTATION_CONTEXT(2) 
PARAMETRIC_REPRESENTATION_CONTEXT() REPRESENTATION_CONTEXT('2D SPACE',''
  ) );
#4198 = PCURVE('',#1011,#4199);
#4199 = DEFINITIONAL_REPRESENTATION('',(#4200),#4204);
#4200 = LINE('',#4201,#4202);
#4201 = CARTESIAN_POINT('',(0.,1.9));
#4202 = VECTOR('',#4203,1.);
#4203 = DIRECTION('',(1.,0.));
#4204 = ( GEOMETRIC_REPRESENTATION_CONTEXT(2) 
PARAMETRIC_REPRESENTATION_CONTEXT() REPRESENTATION_CONTEXT('2D SPACE',''
  ) );
#4205 = ORIENTED_EDGE('',*,*,#1023,.F.);
#4206 = ADVANCED_FACE('',(#4207),#1011,.F.);
#4207 = FACE_BOUND('',#4208,.F.);
#4208 = EDGE_LOOP('',(#4209,#4232,#4251,#4252));
#4209 = ORIENTED_EDGE('',*,*,#4210,.F.);
#4210 = EDGE_CURVE('',#4211,#4163,#4213,.T.);
#4211 = VERTEX_POINT('',#4212);
#4212 = CARTESIAN_POINT('',(-33.47850056379,-1.200000000001,43.));
#4213 = SURFACE_CURVE('',#4214,(#4218,#4225),.PCURVE_S1.);
#4214 = LINE('',#4215,#4216);
#4215 = CARTESIAN_POINT('',(-33.,-1.2,43.));
#4216 = VECTOR('',#4217,1.);
#4217 = DIRECTION('',(-1.,1.224646799147E-16,0.));
#4218 = PCURVE('',#1011,#4219);
#4219 = DEFINITIONAL_REPRESENTATION('',(#4220),#4224);
#4220 = LINE('',#4221,#4222);
#4221 = CARTESIAN_POINT('',(0.,0.));
#4222 = VECTOR('',#4223,1.);
#4223 = DIRECTION('',(0.,1.));
#4224 = ( GEOMETRIC_REPRESENTATION_CONTEXT(2) 
PARAMETRIC_REPRESENTATION_CONTEXT() REPRESENTATION_CONTEXT('2D SPACE',''
  ) );
#4225 = PCURVE('',#3672,#4226);
#4226 = DEFINITIONAL_REPRESENTATION('',(#4227),#4231);
#4227 = LINE('',#4228,#4229);
#4228 = CARTESIAN_POINT('',(-33.,-1.2));
#4229 = VECTOR('',#4230,1.);
#4230 = DIRECTION('',(-1.,1.224646799147E-16));
#4231 = ( GEOMETRIC_REPRESENTATION_CONTEXT(2) 
PARAMETRIC_REPRESENTATION_CONTEXT() REPRESENTATION_CONTEXT('2D SPACE',''
  ) );
#4232 = ORIENTED_EDGE('',*,*,#4233,.F.);
#4233 = EDGE_CURVE('',#967,#4211,#4234,.T.);
#4234 = SURFACE_CURVE('',#4235,(#4239,#4245),.PCURVE_S1.);
#4235 = LINE('',#4236,#4237);
#4236 = CARTESIAN_POINT('',(-33.47850056379,-1.2,43.));
#4237 = VECTOR('',#4238,1.);
#4238 = DIRECTION('',(-0.,-0.,-1.));
#4239 = PCURVE('',#1011,#4240);
#4240 = DEFINITIONAL_REPRESENTATION('',(#4241),#4244);
#4241 = B_SPLINE_CURVE_WITH_KNOTS('',1,(#4242,#4243),.UNSPECIFIED.,.F.,
  .F.,(2,2),(-8.0000006,5.999999999062E-07),.PIECEWISE_BEZIER_KNOTS.);
#4242 = CARTESIAN_POINT('',(8.0000006,0.478500563795));
#4243 = CARTESIAN_POINT('',(-5.999999999062E-07,0.478500563795));
#4244 = ( GEOMETRIC_REPRESENTATION_CONTEXT(2) 
PARAMETRIC_REPRESENTATION_CONTEXT() REPRESENTATION_CONTEXT('2D SPACE',''
  ) );
#4245 = PCURVE('',#983,#4246);
#4246 = DEFINITIONAL_REPRESENTATION('',(#4247),#4250);
#4247 = B_SPLINE_CURVE_WITH_KNOTS('',1,(#4248,#4249),.UNSPECIFIED.,.F.,
  .F.,(2,2),(-8.0000006,5.999999999062E-07),.PIECEWISE_BEZIER_KNOTS.);
#4248 = CARTESIAN_POINT('',(-3.177421214056,-8.0000006));
#4249 = CARTESIAN_POINT('',(-3.177421214056,5.999999999062E-07));
#4250 = ( GEOMETRIC_REPRESENTATION_CONTEXT(2) 
PARAMETRIC_REPRESENTATION_CONTEXT() REPRESENTATION_CONTEXT('2D SPACE',''
  ) );
#4251 = ORIENTED_EDGE('',*,*,#995,.T.);
#4252 = ORIENTED_EDGE('',*,*,#4185,.F.);
#4253 = ADVANCED_FACE('',(#4254),#983,.F.);
#4254 = FACE_BOUND('',#4255,.T.);
#4255 = EDGE_LOOP('',(#4256,#4277,#4299,#4300));
#4256 = ORIENTED_EDGE('',*,*,#4257,.T.);
#4257 = EDGE_CURVE('',#939,#4258,#4260,.T.);
#4258 = VERTEX_POINT('',#4259);
#4259 = CARTESIAN_POINT('',(-17.77848076643,-28.39323196885,43.));
#4260 = SURFACE_CURVE('',#4261,(#4265,#4271),.PCURVE_S1.);
#4261 = LINE('',#4262,#4263);
#4262 = CARTESIAN_POINT('',(-17.77848076643,-28.39323196885,43.));
#4263 = VECTOR('',#4264,1.);
#4264 = DIRECTION('',(-0.,-0.,-1.));
#4265 = PCURVE('',#983,#4266);
#4266 = DEFINITIONAL_REPRESENTATION('',(#4267),#4270);
#4267 = B_SPLINE_CURVE_WITH_KNOTS('',1,(#4268,#4269),.UNSPECIFIED.,.F.,
  .F.,(2,2),(-8.0000006,5.999999999062E-07),.PIECEWISE_BEZIER_KNOTS.);
#4268 = CARTESIAN_POINT('',(-4.152961644321,-8.0000006));
#4269 = CARTESIAN_POINT('',(-4.152961644321,5.999999999062E-07));
#4270 = ( GEOMETRIC_REPRESENTATION_CONTEXT(2) 
PARAMETRIC_REPRESENTATION_CONTEXT() REPRESENTATION_CONTEXT('2D SPACE',''
  ) );
#4271 = PCURVE('',#954,#4272);
#4272 = DEFINITIONAL_REPRESENTATION('',(#4273),#4276);
#4273 = B_SPLINE_CURVE_WITH_KNOTS('',1,(#4274,#4275),.UNSPECIFIED.,.F.,
  .F.,(2,2),(-8.0000006,5.999999999062E-07),.PIECEWISE_BEZIER_KNOTS.);
#4274 = CARTESIAN_POINT('',(8.0000006,0.478500563795));
#4275 = CARTESIAN_POINT('',(-5.999999999062E-07,0.478500563795));
#4276 = ( GEOMETRIC_REPRESENTATION_CONTEXT(2) 
PARAMETRIC_REPRESENTATION_CONTEXT() REPRESENTATION_CONTEXT('2D SPACE',''
  ) );
#4277 = ORIENTED_EDGE('',*,*,#4278,.F.);
#4278 = EDGE_CURVE('',#4211,#4258,#4279,.T.);
#4279 = SURFACE_CURVE('',#4280,(#4285,#4292),.PCURVE_S1.);
#4280 = CIRCLE('',#4281,33.5);
#4281 = AXIS2_PLACEMENT_3D('',#4282,#4283,#4284);
#4282 = CARTESIAN_POINT('',(0.,0.,43.));
#4283 = DIRECTION('',(0.,0.,1.));
#4284 = DIRECTION('',(1.,0.,0.));
#4285 = PCURVE('',#983,#4286);
#4286 = DEFINITIONAL_REPRESENTATION('',(#4287),#4291);
#4287 = LINE('',#4288,#4289);
#4288 = CARTESIAN_POINT('',(-0.,0.));
#4289 = VECTOR('',#4290,1.);
#4290 = DIRECTION('',(-1.,0.));
#4291 = ( GEOMETRIC_REPRESENTATION_CONTEXT(2) 
PARAMETRIC_REPRESENTATION_CONTEXT() REPRESENTATION_CONTEXT('2D SPACE',''
  ) );
#4292 = PCURVE('',#3672,#4293);
#4293 = DEFINITIONAL_REPRESENTATION('',(#4294),#4298);
#4294 = CIRCLE('',#4295,33.5);
#4295 = AXIS2_PLACEMENT_2D('',#4296,#4297);
#4296 = CARTESIAN_POINT('',(1.959317204833E-15,6.131078915947E-17));
#4297 = DIRECTION('',(1.,0.));
#4298 = ( GEOMETRIC_REPRESENTATION_CONTEXT(2) 
PARAMETRIC_REPRESENTATION_CONTEXT() REPRESENTATION_CONTEXT('2D SPACE',''
  ) );
#4299 = ORIENTED_EDGE('',*,*,#4233,.F.);
#4300 = ORIENTED_EDGE('',*,*,#966,.T.);
#4301 = ADVANCED_FACE('',(#4302),#954,.T.);
#4302 = FACE_BOUND('',#4303,.T.);
#4303 = EDGE_LOOP('',(#4304,#4327,#4328,#4329));
#4304 = ORIENTED_EDGE('',*,*,#4305,.F.);
#4305 = EDGE_CURVE('',#4258,#4306,#4308,.T.);
#4306 = VERTEX_POINT('',#4307);
#4307 = CARTESIAN_POINT('',(-18.48923048454,-29.62428659207,43.));
#4308 = SURFACE_CURVE('',#4309,(#4313,#4320),.PCURVE_S1.);
#4309 = LINE('',#4310,#4311);
#4310 = CARTESIAN_POINT('',(-17.53923048454,-27.97883832488,43.));
#4311 = VECTOR('',#4312,1.);
#4312 = DIRECTION('',(-0.5,-0.866025403784,0.));
#4313 = PCURVE('',#954,#4314);
#4314 = DEFINITIONAL_REPRESENTATION('',(#4315),#4319);
#4315 = LINE('',#4316,#4317);
#4316 = CARTESIAN_POINT('',(0.,0.));
#4317 = VECTOR('',#4318,1.);
#4318 = DIRECTION('',(0.,1.));
#4319 = ( GEOMETRIC_REPRESENTATION_CONTEXT(2) 
PARAMETRIC_REPRESENTATION_CONTEXT() REPRESENTATION_CONTEXT('2D SPACE',''
  ) );
#4320 = PCURVE('',#3672,#4321);
#4321 = DEFINITIONAL_REPRESENTATION('',(#4322),#4326);
#4322 = LINE('',#4323,#4324);
#4323 = CARTESIAN_POINT('',(-17.53923048454,-27.97883832488));
#4324 = VECTOR('',#4325,1.);
#4325 = DIRECTION('',(-0.5,-0.866025403784));
#4326 = ( GEOMETRIC_REPRESENTATION_CONTEXT(2) 
PARAMETRIC_REPRESENTATION_CONTEXT() REPRESENTATION_CONTEXT('2D SPACE',''
  ) );
#4327 = ORIENTED_EDGE('',*,*,#4257,.F.);
#4328 = ORIENTED_EDGE('',*,*,#938,.T.);
#4329 = ORIENTED_EDGE('',*,*,#4330,.F.);
#4330 = EDGE_CURVE('',#4306,#911,#4331,.T.);
#4331 = SURFACE_CURVE('',#4332,(#4336,#4343),.PCURVE_S1.);
#4332 = LINE('',#4333,#4334);
#4333 = CARTESIAN_POINT('',(-18.48923048454,-29.62428659207,43.));
#4334 = VECTOR('',#4335,1.);
#4335 = DIRECTION('',(0.,0.,1.));
#4336 = PCURVE('',#954,#4337);
#4337 = DEFINITIONAL_REPRESENTATION('',(#4338),#4342);
#4338 = LINE('',#4339,#4340);
#4339 = CARTESIAN_POINT('',(0.,1.9));
#4340 = VECTOR('',#4341,1.);
#4341 = DIRECTION('',(1.,0.));
#4342 = ( GEOMETRIC_REPRESENTATION_CONTEXT(2) 
PARAMETRIC_REPRESENTATION_CONTEXT() REPRESENTATION_CONTEXT('2D SPACE',''
  ) );
#4343 = PCURVE('',#926,#4344);
#4344 = DEFINITIONAL_REPRESENTATION('',(#4345),#4349);
#4345 = LINE('',#4346,#4347);
#4346 = CARTESIAN_POINT('',(0.,0.));
#4347 = VECTOR('',#4348,1.);
#4348 = DIRECTION('',(1.,0.));
#4349 = ( GEOMETRIC_REPRESENTATION_CONTEXT(2) 
PARAMETRIC_REPRESENTATION_CONTEXT() REPRESENTATION_CONTEXT('2D SPACE',''
  ) );
#4350 = ADVANCED_FACE('',(#4351),#926,.F.);
#4351 = FACE_BOUND('',#4352,.F.);
#4352 = EDGE_LOOP('',(#4353,#4354,#4377,#4398));
#4353 = ORIENTED_EDGE('',*,*,#4330,.F.);
#4354 = ORIENTED_EDGE('',*,*,#4355,.T.);
#4355 = EDGE_CURVE('',#4306,#4356,#4358,.T.);
#4356 = VERTEX_POINT('',#4357);
#4357 = CARTESIAN_POINT('',(-16.41076951545,-30.82428659207,43.));
#4358 = SURFACE_CURVE('',#4359,(#4363,#4370),.PCURVE_S1.);
#4359 = LINE('',#4360,#4361);
#4360 = CARTESIAN_POINT('',(-18.48923048454,-29.62428659207,43.));
#4361 = VECTOR('',#4362,1.);
#4362 = DIRECTION('',(0.866025403784,-0.5,0.));
#4363 = PCURVE('',#926,#4364);
#4364 = DEFINITIONAL_REPRESENTATION('',(#4365),#4369);
#4365 = LINE('',#4366,#4367);
#4366 = CARTESIAN_POINT('',(0.,0.));
#4367 = VECTOR('',#4368,1.);
#4368 = DIRECTION('',(0.,-1.));
#4369 = ( GEOMETRIC_REPRESENTATION_CONTEXT(2) 
PARAMETRIC_REPRESENTATION_CONTEXT() REPRESENTATION_CONTEXT('2D SPACE',''
  ) );
#4370 = PCURVE('',#3672,#4371);
#4371 = DEFINITIONAL_REPRESENTATION('',(#4372),#4376);
#4372 = LINE('',#4373,#4374);
#4373 = CARTESIAN_POINT('',(-18.48923048454,-29.62428659207));
#4374 = VECTOR('',#4375,1.);
#4375 = DIRECTION('',(0.866025403784,-0.5));
#4376 = ( GEOMETRIC_REPRESENTATION_CONTEXT(2) 
PARAMETRIC_REPRESENTATION_CONTEXT() REPRESENTATION_CONTEXT('2D SPACE',''
  ) );
#4377 = ORIENTED_EDGE('',*,*,#4378,.T.);
#4378 = EDGE_CURVE('',#4356,#883,#4379,.T.);
#4379 = SURFACE_CURVE('',#4380,(#4384,#4391),.PCURVE_S1.);
#4380 = LINE('',#4381,#4382);
#4381 = CARTESIAN_POINT('',(-16.41076951545,-30.82428659207,43.));
#4382 = VECTOR('',#4383,1.);
#4383 = DIRECTION('',(0.,0.,1.));
#4384 = PCURVE('',#926,#4385);
#4385 = DEFINITIONAL_REPRESENTATION('',(#4386),#4390);
#4386 = LINE('',#4387,#4388);
#4387 = CARTESIAN_POINT('',(0.,-2.4));
#4388 = VECTOR('',#4389,1.);
#4389 = DIRECTION('',(1.,0.));
#4390 = ( GEOMETRIC_REPRESENTATION_CONTEXT(2) 
PARAMETRIC_REPRESENTATION_CONTEXT() REPRESENTATION_CONTEXT('2D SPACE',''
  ) );
#4391 = PCURVE('',#898,#4392);
#4392 = DEFINITIONAL_REPRESENTATION('',(#4393),#4397);
#4393 = LINE('',#4394,#4395);
#4394 = CARTESIAN_POINT('',(0.,1.9));
#4395 = VECTOR('',#4396,1.);
#4396 = DIRECTION('',(1.,0.));
#4397 = ( GEOMETRIC_REPRESENTATION_CONTEXT(2) 
PARAMETRIC_REPRESENTATION_CONTEXT() REPRESENTATION_CONTEXT('2D SPACE',''
  ) );
#4398 = ORIENTED_EDGE('',*,*,#910,.F.);
#4399 = ADVANCED_FACE('',(#4400),#898,.F.);
#4400 = FACE_BOUND('',#4401,.F.);
#4401 = EDGE_LOOP('',(#4402,#4425,#4444,#4445));
#4402 = ORIENTED_EDGE('',*,*,#4403,.F.);
#4403 = EDGE_CURVE('',#4404,#4356,#4406,.T.);
#4404 = VERTEX_POINT('',#4405);
#4405 = CARTESIAN_POINT('',(-15.70001979735,-29.59323196885,43.));
#4406 = SURFACE_CURVE('',#4407,(#4411,#4418),.PCURVE_S1.);
#4407 = LINE('',#4408,#4409);
#4408 = CARTESIAN_POINT('',(-15.46076951545,-29.17883832488,43.));
#4409 = VECTOR('',#4410,1.);
#4410 = DIRECTION('',(-0.5,-0.866025403784,0.));
#4411 = PCURVE('',#898,#4412);
#4412 = DEFINITIONAL_REPRESENTATION('',(#4413),#4417);
#4413 = LINE('',#4414,#4415);
#4414 = CARTESIAN_POINT('',(0.,0.));
#4415 = VECTOR('',#4416,1.);
#4416 = DIRECTION('',(0.,1.));
#4417 = ( GEOMETRIC_REPRESENTATION_CONTEXT(2) 
PARAMETRIC_REPRESENTATION_CONTEXT() REPRESENTATION_CONTEXT('2D SPACE',''
  ) );
#4418 = PCURVE('',#3672,#4419);
#4419 = DEFINITIONAL_REPRESENTATION('',(#4420),#4424);
#4420 = LINE('',#4421,#4422);
#4421 = CARTESIAN_POINT('',(-15.46076951545,-29.17883832488));
#4422 = VECTOR('',#4423,1.);
#4423 = DIRECTION('',(-0.5,-0.866025403784));
#4424 = ( GEOMETRIC_REPRESENTATION_CONTEXT(2) 
PARAMETRIC_REPRESENTATION_CONTEXT() REPRESENTATION_CONTEXT('2D SPACE',''
  ) );
#4425 = ORIENTED_EDGE('',*,*,#4426,.F.);
#4426 = EDGE_CURVE('',#854,#4404,#4427,.T.);
#4427 = SURFACE_CURVE('',#4428,(#4432,#4438),.PCURVE_S1.);
#4428 = LINE('',#4429,#4430);
#4429 = CARTESIAN_POINT('',(-15.70001979735,-29.59323196885,43.));
#4430 = VECTOR('',#4431,1.);
#4431 = DIRECTION('',(-0.,-0.,-1.));
#4432 = PCURVE('',#898,#4433);
#4433 = DEFINITIONAL_REPRESENTATION('',(#4434),#4437);
#4434 = B_SPLINE_CURVE_WITH_KNOTS('',1,(#4435,#4436),.UNSPECIFIED.,.F.,
  .F.,(2,2),(-8.0000006,5.999999999062E-07),.PIECEWISE_BEZIER_KNOTS.);
#4435 = CARTESIAN_POINT('',(8.0000006,0.478500563795));
#4436 = CARTESIAN_POINT('',(-5.999999999062E-07,0.478500563795));
#4437 = ( GEOMETRIC_REPRESENTATION_CONTEXT(2) 
PARAMETRIC_REPRESENTATION_CONTEXT() REPRESENTATION_CONTEXT('2D SPACE',''
  ) );
#4438 = PCURVE('',#870,#4439);
#4439 = DEFINITIONAL_REPRESENTATION('',(#4440),#4443);
#4440 = B_SPLINE_CURVE_WITH_KNOTS('',1,(#4441,#4442),.UNSPECIFIED.,.F.,
  .F.,(2,2),(-8.0000006,5.999999999062E-07),.PIECEWISE_BEZIER_KNOTS.);
#4441 = CARTESIAN_POINT('',(-4.224618765252,-8.0000006));
#4442 = CARTESIAN_POINT('',(-4.224618765252,5.999999999062E-07));
#4443 = ( GEOMETRIC_REPRESENTATION_CONTEXT(2) 
PARAMETRIC_REPRESENTATION_CONTEXT() REPRESENTATION_CONTEXT('2D SPACE',''
  ) );
#4444 = ORIENTED_EDGE('',*,*,#882,.T.);
#4445 = ORIENTED_EDGE('',*,*,#4378,.F.);
#4446 = ADVANCED_FACE('',(#4447),#870,.F.);
#4447 = FACE_BOUND('',#4448,.T.);
#4448 = EDGE_LOOP('',(#4449,#4470,#4492,#4493));
#4449 = ORIENTED_EDGE('',*,*,#4450,.T.);
#4450 = EDGE_CURVE('',#826,#4451,#4453,.T.);
#4451 = VERTEX_POINT('',#4452);
#4452 = CARTESIAN_POINT('',(15.700019797355,-29.59323196885,43.));
#4453 = SURFACE_CURVE('',#4454,(#4458,#4464),.PCURVE_S1.);
#4454 = LINE('',#4455,#4456);
#4455 = CARTESIAN_POINT('',(15.700019797356,-29.59323196885,43.));
#4456 = VECTOR('',#4457,1.);
#4457 = DIRECTION('',(-0.,-0.,-1.));
#4458 = PCURVE('',#870,#4459);
#4459 = DEFINITIONAL_REPRESENTATION('',(#4460),#4463);
#4460 = B_SPLINE_CURVE_WITH_KNOTS('',1,(#4461,#4462),.UNSPECIFIED.,.F.,
  .F.,(2,2),(-8.0000006,5.999999999062E-07),.PIECEWISE_BEZIER_KNOTS.);
#4461 = CARTESIAN_POINT('',(-5.200159195517,-8.0000006));
#4462 = CARTESIAN_POINT('',(-5.200159195517,5.999999999062E-07));
#4463 = ( GEOMETRIC_REPRESENTATION_CONTEXT(2) 
PARAMETRIC_REPRESENTATION_CONTEXT() REPRESENTATION_CONTEXT('2D SPACE',''
  ) );
#4464 = PCURVE('',#841,#4465);
#4465 = DEFINITIONAL_REPRESENTATION('',(#4466),#4469);
#4466 = B_SPLINE_CURVE_WITH_KNOTS('',1,(#4467,#4468),.UNSPECIFIED.,.F.,
  .F.,(2,2),(-8.0000006,5.999999999062E-07),.PIECEWISE_BEZIER_KNOTS.);
#4467 = CARTESIAN_POINT('',(8.0000006,0.478500563795));
#4468 = CARTESIAN_POINT('',(-5.999999999062E-07,0.478500563795));
#4469 = ( GEOMETRIC_REPRESENTATION_CONTEXT(2) 
PARAMETRIC_REPRESENTATION_CONTEXT() REPRESENTATION_CONTEXT('2D SPACE',''
  ) );
#4470 = ORIENTED_EDGE('',*,*,#4471,.F.);
#4471 = EDGE_CURVE('',#4404,#4451,#4472,.T.);
#4472 = SURFACE_CURVE('',#4473,(#4478,#4485),.PCURVE_S1.);
#4473 = CIRCLE('',#4474,33.5);
#4474 = AXIS2_PLACEMENT_3D('',#4475,#4476,#4477);
#4475 = CARTESIAN_POINT('',(0.,0.,43.));
#4476 = DIRECTION('',(0.,0.,1.));
#4477 = DIRECTION('',(1.,0.,0.));
#4478 = PCURVE('',#870,#4479);
#4479 = DEFINITIONAL_REPRESENTATION('',(#4480),#4484);
#4480 = LINE('',#4481,#4482);
#4481 = CARTESIAN_POINT('',(-0.,0.));
#4482 = VECTOR('',#4483,1.);
#4483 = DIRECTION('',(-1.,0.));
#4484 = ( GEOMETRIC_REPRESENTATION_CONTEXT(2) 
PARAMETRIC_REPRESENTATION_CONTEXT() REPRESENTATION_CONTEXT('2D SPACE',''
  ) );
#4485 = PCURVE('',#3672,#4486);
#4486 = DEFINITIONAL_REPRESENTATION('',(#4487),#4491);
#4487 = CIRCLE('',#4488,33.5);
#4488 = AXIS2_PLACEMENT_2D('',#4489,#4490);
#4489 = CARTESIAN_POINT('',(1.959317204833E-15,6.131078915947E-17));
#4490 = DIRECTION('',(1.,0.));
#4491 = ( GEOMETRIC_REPRESENTATION_CONTEXT(2) 
PARAMETRIC_REPRESENTATION_CONTEXT() REPRESENTATION_CONTEXT('2D SPACE',''
  ) );
#4492 = ORIENTED_EDGE('',*,*,#4426,.F.);
#4493 = ORIENTED_EDGE('',*,*,#853,.T.);
#4494 = ADVANCED_FACE('',(#4495),#841,.T.);
#4495 = FACE_BOUND('',#4496,.T.);
#4496 = EDGE_LOOP('',(#4497,#4520,#4521,#4522));
#4497 = ORIENTED_EDGE('',*,*,#4498,.F.);
#4498 = EDGE_CURVE('',#4451,#4499,#4501,.T.);
#4499 = VERTEX_POINT('',#4500);
#4500 = CARTESIAN_POINT('',(16.410769515459,-30.82428659207,43.));
#4501 = SURFACE_CURVE('',#4502,(#4506,#4513),.PCURVE_S1.);
#4502 = LINE('',#4503,#4504);
#4503 = CARTESIAN_POINT('',(15.460769515459,-29.17883832488,43.));
#4504 = VECTOR('',#4505,1.);
#4505 = DIRECTION('',(0.5,-0.866025403784,0.));
#4506 = PCURVE('',#841,#4507);
#4507 = DEFINITIONAL_REPRESENTATION('',(#4508),#4512);
#4508 = LINE('',#4509,#4510);
#4509 = CARTESIAN_POINT('',(0.,0.));
#4510 = VECTOR('',#4511,1.);
#4511 = DIRECTION('',(0.,1.));
#4512 = ( GEOMETRIC_REPRESENTATION_CONTEXT(2) 
PARAMETRIC_REPRESENTATION_CONTEXT() REPRESENTATION_CONTEXT('2D SPACE',''
  ) );
#4513 = PCURVE('',#3672,#4514);
#4514 = DEFINITIONAL_REPRESENTATION('',(#4515),#4519);
#4515 = LINE('',#4516,#4517);
#4516 = CARTESIAN_POINT('',(15.460769515459,-29.17883832488));
#4517 = VECTOR('',#4518,1.);
#4518 = DIRECTION('',(0.5,-0.866025403784));
#4519 = ( GEOMETRIC_REPRESENTATION_CONTEXT(2) 
PARAMETRIC_REPRESENTATION_CONTEXT() REPRESENTATION_CONTEXT('2D SPACE',''
  ) );
#4520 = ORIENTED_EDGE('',*,*,#4450,.F.);
#4521 = ORIENTED_EDGE('',*,*,#825,.T.);
#4522 = ORIENTED_EDGE('',*,*,#4523,.F.);
#4523 = EDGE_CURVE('',#4499,#798,#4524,.T.);
#4524 = SURFACE_CURVE('',#4525,(#4529,#4536),.PCURVE_S1.);
#4525 = LINE('',#4526,#4527);
#4526 = CARTESIAN_POINT('',(16.410769515459,-30.82428659207,43.));
#4527 = VECTOR('',#4528,1.);
#4528 = DIRECTION('',(0.,0.,1.));
#4529 = PCURVE('',#841,#4530);
#4530 = DEFINITIONAL_REPRESENTATION('',(#4531),#4535);
#4531 = LINE('',#4532,#4533);
#4532 = CARTESIAN_POINT('',(0.,1.9));
#4533 = VECTOR('',#4534,1.);
#4534 = DIRECTION('',(1.,0.));
#4535 = ( GEOMETRIC_REPRESENTATION_CONTEXT(2) 
PARAMETRIC_REPRESENTATION_CONTEXT() REPRESENTATION_CONTEXT('2D SPACE',''
  ) );
#4536 = PCURVE('',#813,#4537);
#4537 = DEFINITIONAL_REPRESENTATION('',(#4538),#4542);
#4538 = LINE('',#4539,#4540);
#4539 = CARTESIAN_POINT('',(0.,0.));
#4540 = VECTOR('',#4541,1.);
#4541 = DIRECTION('',(1.,0.));
#4542 = ( GEOMETRIC_REPRESENTATION_CONTEXT(2) 
PARAMETRIC_REPRESENTATION_CONTEXT() REPRESENTATION_CONTEXT('2D SPACE',''
  ) );
#4543 = ADVANCED_FACE('',(#4544),#813,.F.);
#4544 = FACE_BOUND('',#4545,.F.);
#4545 = EDGE_LOOP('',(#4546,#4547,#4570,#4591));
#4546 = ORIENTED_EDGE('',*,*,#4523,.F.);
#4547 = ORIENTED_EDGE('',*,*,#4548,.T.);
#4548 = EDGE_CURVE('',#4499,#4549,#4551,.T.);
#4549 = VERTEX_POINT('',#4550);
#4550 = CARTESIAN_POINT('',(18.489230484541,-29.62428659207,43.));
#4551 = SURFACE_CURVE('',#4552,(#4556,#4563),.PCURVE_S1.);
#4552 = LINE('',#4553,#4554);
#4553 = CARTESIAN_POINT('',(16.410769515459,-30.82428659207,43.));
#4554 = VECTOR('',#4555,1.);
#4555 = DIRECTION('',(0.866025403784,0.5,0.));
#4556 = PCURVE('',#813,#4557);
#4557 = DEFINITIONAL_REPRESENTATION('',(#4558),#4562);
#4558 = LINE('',#4559,#4560);
#4559 = CARTESIAN_POINT('',(0.,0.));
#4560 = VECTOR('',#4561,1.);
#4561 = DIRECTION('',(0.,-1.));
#4562 = ( GEOMETRIC_REPRESENTATION_CONTEXT(2) 
PARAMETRIC_REPRESENTATION_CONTEXT() REPRESENTATION_CONTEXT('2D SPACE',''
  ) );
#4563 = PCURVE('',#3672,#4564);
#4564 = DEFINITIONAL_REPRESENTATION('',(#4565),#4569);
#4565 = LINE('',#4566,#4567);
#4566 = CARTESIAN_POINT('',(16.410769515459,-30.82428659207));
#4567 = VECTOR('',#4568,1.);
#4568 = DIRECTION('',(0.866025403784,0.5));
#4569 = ( GEOMETRIC_REPRESENTATION_CONTEXT(2) 
PARAMETRIC_REPRESENTATION_CONTEXT() REPRESENTATION_CONTEXT('2D SPACE',''
  ) );
#4570 = ORIENTED_EDGE('',*,*,#4571,.T.);
#4571 = EDGE_CURVE('',#4549,#770,#4572,.T.);
#4572 = SURFACE_CURVE('',#4573,(#4577,#4584),.PCURVE_S1.);
#4573 = LINE('',#4574,#4575);
#4574 = CARTESIAN_POINT('',(18.489230484541,-29.62428659207,43.));
#4575 = VECTOR('',#4576,1.);
#4576 = DIRECTION('',(0.,0.,1.));
#4577 = PCURVE('',#813,#4578);
#4578 = DEFINITIONAL_REPRESENTATION('',(#4579),#4583);
#4579 = LINE('',#4580,#4581);
#4580 = CARTESIAN_POINT('',(0.,-2.4));
#4581 = VECTOR('',#4582,1.);
#4582 = DIRECTION('',(1.,0.));
#4583 = ( GEOMETRIC_REPRESENTATION_CONTEXT(2) 
PARAMETRIC_REPRESENTATION_CONTEXT() REPRESENTATION_CONTEXT('2D SPACE',''
  ) );
#4584 = PCURVE('',#785,#4585);
#4585 = DEFINITIONAL_REPRESENTATION('',(#4586),#4590);
#4586 = LINE('',#4587,#4588);
#4587 = CARTESIAN_POINT('',(0.,1.9));
#4588 = VECTOR('',#4589,1.);
#4589 = DIRECTION('',(1.,0.));
#4590 = ( GEOMETRIC_REPRESENTATION_CONTEXT(2) 
PARAMETRIC_REPRESENTATION_CONTEXT() REPRESENTATION_CONTEXT('2D SPACE',''
  ) );
#4591 = ORIENTED_EDGE('',*,*,#797,.F.);
#4592 = ADVANCED_FACE('',(#4593),#785,.F.);
#4593 = FACE_BOUND('',#4594,.F.);
#4594 = EDGE_LOOP('',(#4595,#4618,#4637,#4638));
#4595 = ORIENTED_EDGE('',*,*,#4596,.F.);
#4596 = EDGE_CURVE('',#4597,#4549,#4599,.T.);
#4597 = VERTEX_POINT('',#4598);
#4598 = CARTESIAN_POINT('',(17.778480766439,-28.39323196885,43.));
#4599 = SURFACE_CURVE('',#4600,(#4604,#4611),.PCURVE_S1.);
#4600 = LINE('',#4601,#4602);
#4601 = CARTESIAN_POINT('',(17.539230484541,-27.97883832488,43.));
#4602 = VECTOR('',#4603,1.);
#4603 = DIRECTION('',(0.5,-0.866025403784,0.));
#4604 = PCURVE('',#785,#4605);
#4605 = DEFINITIONAL_REPRESENTATION('',(#4606),#4610);
#4606 = LINE('',#4607,#4608);
#4607 = CARTESIAN_POINT('',(0.,0.));
#4608 = VECTOR('',#4609,1.);
#4609 = DIRECTION('',(0.,1.));
#4610 = ( GEOMETRIC_REPRESENTATION_CONTEXT(2) 
PARAMETRIC_REPRESENTATION_CONTEXT() REPRESENTATION_CONTEXT('2D SPACE',''
  ) );
#4611 = PCURVE('',#3672,#4612);
#4612 = DEFINITIONAL_REPRESENTATION('',(#4613),#4617);
#4613 = LINE('',#4614,#4615);
#4614 = CARTESIAN_POINT('',(17.539230484541,-27.97883832488));
#4615 = VECTOR('',#4616,1.);
#4616 = DIRECTION('',(0.5,-0.866025403784));
#4617 = ( GEOMETRIC_REPRESENTATION_CONTEXT(2) 
PARAMETRIC_REPRESENTATION_CONTEXT() REPRESENTATION_CONTEXT('2D SPACE',''
  ) );
#4618 = ORIENTED_EDGE('',*,*,#4619,.F.);
#4619 = EDGE_CURVE('',#741,#4597,#4620,.T.);
#4620 = SURFACE_CURVE('',#4621,(#4625,#4631),.PCURVE_S1.);
#4621 = LINE('',#4622,#4623);
#4622 = CARTESIAN_POINT('',(17.778480766439,-28.39323196885,43.));
#4623 = VECTOR('',#4624,1.);
#4624 = DIRECTION('',(-0.,-0.,-1.));
#4625 = PCURVE('',#785,#4626);
#4626 = DEFINITIONAL_REPRESENTATION('',(#4627),#4630);
#4627 = B_SPLINE_CURVE_WITH_KNOTS('',1,(#4628,#4629),.UNSPECIFIED.,.F.,
  .F.,(2,2),(-8.0000006,5.999999999062E-07),.PIECEWISE_BEZIER_KNOTS.);
#4628 = CARTESIAN_POINT('',(8.0000006,0.478500563795));
#4629 = CARTESIAN_POINT('',(-5.999999999062E-07,0.478500563795));
#4630 = ( GEOMETRIC_REPRESENTATION_CONTEXT(2) 
PARAMETRIC_REPRESENTATION_CONTEXT() REPRESENTATION_CONTEXT('2D SPACE',''
  ) );
#4631 = PCURVE('',#757,#4632);
#4632 = DEFINITIONAL_REPRESENTATION('',(#4633),#4636);
#4633 = B_SPLINE_CURVE_WITH_KNOTS('',1,(#4634,#4635),.UNSPECIFIED.,.F.,
  .F.,(2,2),(-8.0000006,5.999999999062E-07),.PIECEWISE_BEZIER_KNOTS.);
#4634 = CARTESIAN_POINT('',(-5.271816316449,-8.0000006));
#4635 = CARTESIAN_POINT('',(-5.271816316449,5.999999999062E-07));
#4636 = ( GEOMETRIC_REPRESENTATION_CONTEXT(2) 
PARAMETRIC_REPRESENTATION_CONTEXT() REPRESENTATION_CONTEXT('2D SPACE',''
  ) );
#4637 = ORIENTED_EDGE('',*,*,#769,.T.);
#4638 = ORIENTED_EDGE('',*,*,#4571,.F.);
#4639 = ADVANCED_FACE('',(#4640),#757,.F.);
#4640 = FACE_BOUND('',#4641,.T.);
#4641 = EDGE_LOOP('',(#4642,#4663,#4685,#4686));
#4642 = ORIENTED_EDGE('',*,*,#4643,.T.);
#4643 = EDGE_CURVE('',#713,#4644,#4646,.T.);
#4644 = VERTEX_POINT('',#4645);
#4645 = CARTESIAN_POINT('',(33.478500563795,-1.2,43.));
#4646 = SURFACE_CURVE('',#4647,(#4651,#4657),.PCURVE_S1.);
#4647 = LINE('',#4648,#4649);
#4648 = CARTESIAN_POINT('',(33.478500563795,-1.2,43.));
#4649 = VECTOR('',#4650,1.);
#4650 = DIRECTION('',(-0.,-0.,-1.));
#4651 = PCURVE('',#757,#4652);
#4652 = DEFINITIONAL_REPRESENTATION('',(#4653),#4656);
#4653 = B_SPLINE_CURVE_WITH_KNOTS('',1,(#4654,#4655),.UNSPECIFIED.,.F.,
  .F.,(2,2),(-8.0000006,5.999999999062E-07),.PIECEWISE_BEZIER_KNOTS.);
#4654 = CARTESIAN_POINT('',(-6.247356746714,-8.0000006));
#4655 = CARTESIAN_POINT('',(-6.247356746714,5.999999999062E-07));
#4656 = ( GEOMETRIC_REPRESENTATION_CONTEXT(2) 
PARAMETRIC_REPRESENTATION_CONTEXT() REPRESENTATION_CONTEXT('2D SPACE',''
  ) );
#4657 = PCURVE('',#728,#4658);
#4658 = DEFINITIONAL_REPRESENTATION('',(#4659),#4662);
#4659 = B_SPLINE_CURVE_WITH_KNOTS('',1,(#4660,#4661),.UNSPECIFIED.,.F.,
  .F.,(2,2),(-8.0000006,5.999999999062E-07),.PIECEWISE_BEZIER_KNOTS.);
#4660 = CARTESIAN_POINT('',(8.0000006,0.478500563795));
#4661 = CARTESIAN_POINT('',(-5.999999999062E-07,0.478500563795));
#4662 = ( GEOMETRIC_REPRESENTATION_CONTEXT(2) 
PARAMETRIC_REPRESENTATION_CONTEXT() REPRESENTATION_CONTEXT('2D SPACE',''
  ) );
#4663 = ORIENTED_EDGE('',*,*,#4664,.F.);
#4664 = EDGE_CURVE('',#4597,#4644,#4665,.T.);
#4665 = SURFACE_CURVE('',#4666,(#4671,#4678),.PCURVE_S1.);
#4666 = CIRCLE('',#4667,33.5);
#4667 = AXIS2_PLACEMENT_3D('',#4668,#4669,#4670);
#4668 = CARTESIAN_POINT('',(0.,0.,43.));
#4669 = DIRECTION('',(0.,0.,1.));
#4670 = DIRECTION('',(1.,0.,0.));
#4671 = PCURVE('',#757,#4672);
#4672 = DEFINITIONAL_REPRESENTATION('',(#4673),#4677);
#4673 = LINE('',#4674,#4675);
#4674 = CARTESIAN_POINT('',(-0.,0.));
#4675 = VECTOR('',#4676,1.);
#4676 = DIRECTION('',(-1.,0.));
#4677 = ( GEOMETRIC_REPRESENTATION_CONTEXT(2) 
PARAMETRIC_REPRESENTATION_CONTEXT() REPRESENTATION_CONTEXT('2D SPACE',''
  ) );
#4678 = PCURVE('',#3672,#4679);
#4679 = DEFINITIONAL_REPRESENTATION('',(#4680),#4684);
#4680 = CIRCLE('',#4681,33.5);
#4681 = AXIS2_PLACEMENT_2D('',#4682,#4683);
#4682 = CARTESIAN_POINT('',(1.959317204833E-15,6.131078915947E-17));
#4683 = DIRECTION('',(1.,0.));
#4684 = ( GEOMETRIC_REPRESENTATION_CONTEXT(2) 
PARAMETRIC_REPRESENTATION_CONTEXT() REPRESENTATION_CONTEXT('2D SPACE',''
  ) );
#4685 = ORIENTED_EDGE('',*,*,#4619,.F.);
#4686 = ORIENTED_EDGE('',*,*,#740,.T.);
#4687 = ADVANCED_FACE('',(#4688),#728,.T.);
#4688 = FACE_BOUND('',#4689,.T.);
#4689 = EDGE_LOOP('',(#4690,#4713,#4714,#4715));
#4690 = ORIENTED_EDGE('',*,*,#4691,.F.);
#4691 = EDGE_CURVE('',#4644,#4692,#4694,.T.);
#4692 = VERTEX_POINT('',#4693);
#4693 = CARTESIAN_POINT('',(34.9,-1.2,43.));
#4694 = SURFACE_CURVE('',#4695,(#4699,#4706),.PCURVE_S1.);
#4695 = LINE('',#4696,#4697);
#4696 = CARTESIAN_POINT('',(33.,-1.2,43.));
#4697 = VECTOR('',#4698,1.);
#4698 = DIRECTION('',(1.,0.,0.));
#4699 = PCURVE('',#728,#4700);
#4700 = DEFINITIONAL_REPRESENTATION('',(#4701),#4705);
#4701 = LINE('',#4702,#4703);
#4702 = CARTESIAN_POINT('',(0.,0.));
#4703 = VECTOR('',#4704,1.);
#4704 = DIRECTION('',(0.,1.));
#4705 = ( GEOMETRIC_REPRESENTATION_CONTEXT(2) 
PARAMETRIC_REPRESENTATION_CONTEXT() REPRESENTATION_CONTEXT('2D SPACE',''
  ) );
#4706 = PCURVE('',#3672,#4707);
#4707 = DEFINITIONAL_REPRESENTATION('',(#4708),#4712);
#4708 = LINE('',#4709,#4710);
#4709 = CARTESIAN_POINT('',(33.,-1.2));
#4710 = VECTOR('',#4711,1.);
#4711 = DIRECTION('',(1.,0.));
#4712 = ( GEOMETRIC_REPRESENTATION_CONTEXT(2) 
PARAMETRIC_REPRESENTATION_CONTEXT() REPRESENTATION_CONTEXT('2D SPACE',''
  ) );
#4713 = ORIENTED_EDGE('',*,*,#4643,.F.);
#4714 = ORIENTED_EDGE('',*,*,#712,.T.);
#4715 = ORIENTED_EDGE('',*,*,#4716,.F.);
#4716 = EDGE_CURVE('',#4692,#685,#4717,.T.);
#4717 = SURFACE_CURVE('',#4718,(#4722,#4729),.PCURVE_S1.);
#4718 = LINE('',#4719,#4720);
#4719 = CARTESIAN_POINT('',(34.9,-1.2,43.));
#4720 = VECTOR('',#4721,1.);
#4721 = DIRECTION('',(0.,0.,1.));
#4722 = PCURVE('',#728,#4723);
#4723 = DEFINITIONAL_REPRESENTATION('',(#4724),#4728);
#4724 = LINE('',#4725,#4726);
#4725 = CARTESIAN_POINT('',(0.,1.9));
#4726 = VECTOR('',#4727,1.);
#4727 = DIRECTION('',(1.,0.));
#4728 = ( GEOMETRIC_REPRESENTATION_CONTEXT(2) 
PARAMETRIC_REPRESENTATION_CONTEXT() REPRESENTATION_CONTEXT('2D SPACE',''
  ) );
#4729 = PCURVE('',#700,#4730);
#4730 = DEFINITIONAL_REPRESENTATION('',(#4731),#4735);
#4731 = LINE('',#4732,#4733);
#4732 = CARTESIAN_POINT('',(0.,0.));
#4733 = VECTOR('',#4734,1.);
#4734 = DIRECTION('',(1.,0.));
#4735 = ( GEOMETRIC_REPRESENTATION_CONTEXT(2) 
PARAMETRIC_REPRESENTATION_CONTEXT() REPRESENTATION_CONTEXT('2D SPACE',''
  ) );
#4736 = ADVANCED_FACE('',(#4737),#700,.F.);
#4737 = FACE_BOUND('',#4738,.F.);
#4738 = EDGE_LOOP('',(#4739,#4740,#4763,#4784));
#4739 = ORIENTED_EDGE('',*,*,#4716,.F.);
#4740 = ORIENTED_EDGE('',*,*,#4741,.T.);
#4741 = EDGE_CURVE('',#4692,#4742,#4744,.T.);
#4742 = VERTEX_POINT('',#4743);
#4743 = CARTESIAN_POINT('',(34.9,1.2,43.));
#4744 = SURFACE_CURVE('',#4745,(#4749,#4756),.PCURVE_S1.);
#4745 = LINE('',#4746,#4747);
#4746 = CARTESIAN_POINT('',(34.9,-1.2,43.));
#4747 = VECTOR('',#4748,1.);
#4748 = DIRECTION('',(0.,1.,0.));
#4749 = PCURVE('',#700,#4750);
#4750 = DEFINITIONAL_REPRESENTATION('',(#4751),#4755);
#4751 = LINE('',#4752,#4753);
#4752 = CARTESIAN_POINT('',(0.,0.));
#4753 = VECTOR('',#4754,1.);
#4754 = DIRECTION('',(0.,-1.));
#4755 = ( GEOMETRIC_REPRESENTATION_CONTEXT(2) 
PARAMETRIC_REPRESENTATION_CONTEXT() REPRESENTATION_CONTEXT('2D SPACE',''
  ) );
#4756 = PCURVE('',#3672,#4757);
#4757 = DEFINITIONAL_REPRESENTATION('',(#4758),#4762);
#4758 = LINE('',#4759,#4760);
#4759 = CARTESIAN_POINT('',(34.9,-1.2));
#4760 = VECTOR('',#4761,1.);
#4761 = DIRECTION('',(0.,1.));
#4762 = ( GEOMETRIC_REPRESENTATION_CONTEXT(2) 
PARAMETRIC_REPRESENTATION_CONTEXT() REPRESENTATION_CONTEXT('2D SPACE',''
  ) );
#4763 = ORIENTED_EDGE('',*,*,#4764,.T.);
#4764 = EDGE_CURVE('',#4742,#657,#4765,.T.);
#4765 = SURFACE_CURVE('',#4766,(#4770,#4777),.PCURVE_S1.);
#4766 = LINE('',#4767,#4768);
#4767 = CARTESIAN_POINT('',(34.9,1.2,43.));
#4768 = VECTOR('',#4769,1.);
#4769 = DIRECTION('',(0.,0.,1.));
#4770 = PCURVE('',#700,#4771);
#4771 = DEFINITIONAL_REPRESENTATION('',(#4772),#4776);
#4772 = LINE('',#4773,#4774);
#4773 = CARTESIAN_POINT('',(0.,-2.4));
#4774 = VECTOR('',#4775,1.);
#4775 = DIRECTION('',(1.,0.));
#4776 = ( GEOMETRIC_REPRESENTATION_CONTEXT(2) 
PARAMETRIC_REPRESENTATION_CONTEXT() REPRESENTATION_CONTEXT('2D SPACE',''
  ) );
#4777 = PCURVE('',#672,#4778);
#4778 = DEFINITIONAL_REPRESENTATION('',(#4779),#4783);
#4779 = LINE('',#4780,#4781);
#4780 = CARTESIAN_POINT('',(0.,1.9));
#4781 = VECTOR('',#4782,1.);
#4782 = DIRECTION('',(1.,0.));
#4783 = ( GEOMETRIC_REPRESENTATION_CONTEXT(2) 
PARAMETRIC_REPRESENTATION_CONTEXT() REPRESENTATION_CONTEXT('2D SPACE',''
  ) );
#4784 = ORIENTED_EDGE('',*,*,#684,.F.);
#4785 = ADVANCED_FACE('',(#4786),#672,.F.);
#4786 = FACE_BOUND('',#4787,.F.);
#4787 = EDGE_LOOP('',(#4788,#4809,#4810,#4811));
#4788 = ORIENTED_EDGE('',*,*,#4789,.F.);
#4789 = EDGE_CURVE('',#3654,#4742,#4790,.T.);
#4790 = SURFACE_CURVE('',#4791,(#4795,#4802),.PCURVE_S1.);
#4791 = LINE('',#4792,#4793);
#4792 = CARTESIAN_POINT('',(33.,1.2,43.));
#4793 = VECTOR('',#4794,1.);
#4794 = DIRECTION('',(1.,0.,0.));
#4795 = PCURVE('',#672,#4796);
#4796 = DEFINITIONAL_REPRESENTATION('',(#4797),#4801);
#4797 = LINE('',#4798,#4799);
#4798 = CARTESIAN_POINT('',(0.,0.));
#4799 = VECTOR('',#4800,1.);
#4800 = DIRECTION('',(0.,1.));
#4801 = ( GEOMETRIC_REPRESENTATION_CONTEXT(2) 
PARAMETRIC_REPRESENTATION_CONTEXT() REPRESENTATION_CONTEXT('2D SPACE',''
  ) );
#4802 = PCURVE('',#3672,#4803);
#4803 = DEFINITIONAL_REPRESENTATION('',(#4804),#4808);
#4804 = LINE('',#4805,#4806);
#4805 = CARTESIAN_POINT('',(33.,1.2));
#4806 = VECTOR('',#4807,1.);
#4807 = DIRECTION('',(1.,0.));
#4808 = ( GEOMETRIC_REPRESENTATION_CONTEXT(2) 
PARAMETRIC_REPRESENTATION_CONTEXT() REPRESENTATION_CONTEXT('2D SPACE',''
  ) );
#4809 = ORIENTED_EDGE('',*,*,#3684,.F.);
#4810 = ORIENTED_EDGE('',*,*,#656,.T.);
#4811 = ORIENTED_EDGE('',*,*,#4764,.F.);
#4812 = ADVANCED_FACE('',(#4813),#1324,.F.);
#4813 = FACE_BOUND('',#4814,.T.);
#4814 = EDGE_LOOP('',(#4815,#4836,#4837,#4858));
#4815 = ORIENTED_EDGE('',*,*,#4816,.F.);
#4816 = EDGE_CURVE('',#1306,#4817,#4819,.T.);
#4817 = VERTEX_POINT('',#4818);
#4818 = CARTESIAN_POINT('',(72.993150363579,1.,9.));
#4819 = SURFACE_CURVE('',#4820,(#4824,#4830),.PCURVE_S1.);
#4820 = LINE('',#4821,#4822);
#4821 = CARTESIAN_POINT('',(72.993150363579,1.,44.));
#4822 = VECTOR('',#4823,1.);
#4823 = DIRECTION('',(-0.,-0.,-1.));
#4824 = PCURVE('',#1324,#4825);
#4825 = DEFINITIONAL_REPRESENTATION('',(#4826),#4829);
#4826 = B_SPLINE_CURVE_WITH_KNOTS('',1,(#4827,#4828),.UNSPECIFIED.,.F.,
  .F.,(2,2),(-7.0000006,35.0000006),.PIECEWISE_BEZIER_KNOTS.);
#4827 = CARTESIAN_POINT('',(-1.369905860346E-02,-7.0000006));
#4828 = CARTESIAN_POINT('',(-1.369905860346E-02,35.0000006));
#4829 = ( GEOMETRIC_REPRESENTATION_CONTEXT(2) 
PARAMETRIC_REPRESENTATION_CONTEXT() REPRESENTATION_CONTEXT('2D SPACE',''
  ) );
#4830 = PCURVE('',#1352,#4831);
#4831 = DEFINITIONAL_REPRESENTATION('',(#4832),#4835);
#4832 = B_SPLINE_CURVE_WITH_KNOTS('',1,(#4833,#4834),.UNSPECIFIED.,.F.,
  .F.,(2,2),(-7.0000006,35.0000006),.PIECEWISE_BEZIER_KNOTS.);
#4833 = CARTESIAN_POINT('',(-24.61945866543,18.91646609021));
#4834 = CARTESIAN_POINT('',(17.380542534569,18.91646609021));
#4835 = ( GEOMETRIC_REPRESENTATION_CONTEXT(2) 
PARAMETRIC_REPRESENTATION_CONTEXT() REPRESENTATION_CONTEXT('2D SPACE',''
  ) );
#4836 = ORIENTED_EDGE('',*,*,#1305,.T.);
#4837 = ORIENTED_EDGE('',*,*,#4838,.T.);
#4838 = EDGE_CURVE('',#1308,#4839,#4841,.T.);
#4839 = VERTEX_POINT('',#4840);
#4840 = CARTESIAN_POINT('',(37.362600585574,62.713922517116,9.));
#4841 = SURFACE_CURVE('',#4842,(#4846,#4852),.PCURVE_S1.);
#4842 = LINE('',#4843,#4844);
#4843 = CARTESIAN_POINT('',(37.362600585574,62.713922517116,44.));
#4844 = VECTOR('',#4845,1.);
#4845 = DIRECTION('',(-0.,-0.,-1.));
#4846 = PCURVE('',#1324,#4847);
#4847 = DEFINITIONAL_REPRESENTATION('',(#4848),#4851);
#4848 = B_SPLINE_CURVE_WITH_KNOTS('',1,(#4849,#4850),.UNSPECIFIED.,.F.,
  .F.,(2,2),(-7.0000006,35.0000006),.PIECEWISE_BEZIER_KNOTS.);
#4849 = CARTESIAN_POINT('',(-1.033498492593,-7.0000006));
#4850 = CARTESIAN_POINT('',(-1.033498492593,35.0000006));
#4851 = ( GEOMETRIC_REPRESENTATION_CONTEXT(2) 
PARAMETRIC_REPRESENTATION_CONTEXT() REPRESENTATION_CONTEXT('2D SPACE',''
  ) );
#4852 = PCURVE('',#1407,#4853);
#4853 = DEFINITIONAL_REPRESENTATION('',(#4854),#4857);
#4854 = B_SPLINE_CURVE_WITH_KNOTS('',1,(#4855,#4856),.UNSPECIFIED.,.F.,
  .F.,(2,2),(-7.0000006,35.0000006),.PIECEWISE_BEZIER_KNOTS.);
#4855 = CARTESIAN_POINT('',(-24.61945866543,18.91646609021));
#4856 = CARTESIAN_POINT('',(17.380542534569,18.91646609021));
#4857 = ( GEOMETRIC_REPRESENTATION_CONTEXT(2) 
PARAMETRIC_REPRESENTATION_CONTEXT() REPRESENTATION_CONTEXT('2D SPACE',''
  ) );
#4858 = ORIENTED_EDGE('',*,*,#4859,.F.);
#4859 = EDGE_CURVE('',#4817,#4839,#4860,.T.);
#4860 = SURFACE_CURVE('',#4861,(#4866,#4873),.PCURVE_S1.);
#4861 = CIRCLE('',#4862,73.);
#4862 = AXIS2_PLACEMENT_3D('',#4863,#4864,#4865);
#4863 = CARTESIAN_POINT('',(0.,0.,9.));
#4864 = DIRECTION('',(0.,0.,1.));
#4865 = DIRECTION('',(1.,0.,0.));
#4866 = PCURVE('',#1324,#4867);
#4867 = DEFINITIONAL_REPRESENTATION('',(#4868),#4872);
#4868 = LINE('',#4869,#4870);
#4869 = CARTESIAN_POINT('',(-0.,35.));
#4870 = VECTOR('',#4871,1.);
#4871 = DIRECTION('',(-1.,0.));
#4872 = ( GEOMETRIC_REPRESENTATION_CONTEXT(2) 
PARAMETRIC_REPRESENTATION_CONTEXT() REPRESENTATION_CONTEXT('2D SPACE',''
  ) );
#4873 = PCURVE('',#4874,#4879);
#4874 = CONICAL_SURFACE('',#4875,66.,0.785398163397);
#4875 = AXIS2_PLACEMENT_3D('',#4876,#4877,#4878);
#4876 = CARTESIAN_POINT('',(0.,0.,2.));
#4877 = DIRECTION('',(0.,0.,1.));
#4878 = DIRECTION('',(1.,0.,0.));
#4879 = DEFINITIONAL_REPRESENTATION('',(#4880),#4883);
#4880 = B_SPLINE_CURVE_WITH_KNOTS('',1,(#4881,#4882),.UNSPECIFIED.,.F.,
  .F.,(2,2),(0.,6.28318530718),.PIECEWISE_BEZIER_KNOTS.);
#4881 = CARTESIAN_POINT('',(0.,7.));
#4882 = CARTESIAN_POINT('',(6.28318530718,7.));
#4883 = ( GEOMETRIC_REPRESENTATION_CONTEXT(2) 
PARAMETRIC_REPRESENTATION_CONTEXT() REPRESENTATION_CONTEXT('2D SPACE',''
  ) );
#4884 = ADVANCED_FACE('',(#4885),#1352,.F.);
#4885 = FACE_BOUND('',#4886,.F.);
#4886 = EDGE_LOOP('',(#4887,#4908,#4931,#4954,#4975,#5000,#5001));
#4887 = ORIENTED_EDGE('',*,*,#4888,.T.);
#4888 = EDGE_CURVE('',#1337,#4889,#4891,.T.);
#4889 = VERTEX_POINT('',#4890);
#4890 = CARTESIAN_POINT('',(36.486298798316,1.,0.));
#4891 = SURFACE_CURVE('',#4892,(#4896,#4902),.PCURVE_S1.);
#4892 = LINE('',#4893,#4894);
#4893 = CARTESIAN_POINT('',(36.486298798316,1.,0.));
#4894 = VECTOR('',#4895,1.);
#4895 = DIRECTION('',(-0.,-0.,-1.));
#4896 = PCURVE('',#1352,#4897);
#4897 = DEFINITIONAL_REPRESENTATION('',(#4898),#4901);
#4898 = B_SPLINE_CURVE_WITH_KNOTS('',1,(#4899,#4900),.UNSPECIFIED.,.F.,
  .F.,(2,2),(-51.0000006,6.E-07),.PIECEWISE_BEZIER_KNOTS.);
#4899 = CARTESIAN_POINT('',(-24.61945866543,-17.59038547505));
#4900 = CARTESIAN_POINT('',(26.380542534569,-17.59038547505));
#4901 = ( GEOMETRIC_REPRESENTATION_CONTEXT(2) 
PARAMETRIC_REPRESENTATION_CONTEXT() REPRESENTATION_CONTEXT('2D SPACE',''
  ) );
#4902 = PCURVE('',#1381,#4903);
#4903 = DEFINITIONAL_REPRESENTATION('',(#4904),#4907);
#4904 = B_SPLINE_CURVE_WITH_KNOTS('',1,(#4905,#4906),.UNSPECIFIED.,.F.,
  .F.,(2,2),(-51.0000006,6.E-07),.PIECEWISE_BEZIER_KNOTS.);
#4905 = CARTESIAN_POINT('',(-2.740068887452E-02,-51.0000006));
#4906 = CARTESIAN_POINT('',(-2.740068887452E-02,6.E-07));
#4907 = ( GEOMETRIC_REPRESENTATION_CONTEXT(2) 
PARAMETRIC_REPRESENTATION_CONTEXT() REPRESENTATION_CONTEXT('2D SPACE',''
  ) );
#4908 = ORIENTED_EDGE('',*,*,#4909,.T.);
#4909 = EDGE_CURVE('',#4889,#4910,#4912,.T.);
#4910 = VERTEX_POINT('',#4911);
#4911 = CARTESIAN_POINT('',(64.5,1.,0.));
#4912 = SURFACE_CURVE('',#4913,(#4917,#4924),.PCURVE_S1.);
#4913 = LINE('',#4914,#4915);
#4914 = CARTESIAN_POINT('',(36.,1.,0.));
#4915 = VECTOR('',#4916,1.);
#4916 = DIRECTION('',(1.,0.,0.));
#4917 = PCURVE('',#1352,#4918);
#4918 = DEFINITIONAL_REPRESENTATION('',(#4919),#4923);
#4919 = LINE('',#4920,#4921);
#4920 = CARTESIAN_POINT('',(26.380541934569,-18.07668427336));
#4921 = VECTOR('',#4922,1.);
#4922 = DIRECTION('',(0.,1.));
#4923 = ( GEOMETRIC_REPRESENTATION_CONTEXT(2) 
PARAMETRIC_REPRESENTATION_CONTEXT() REPRESENTATION_CONTEXT('2D SPACE',''
  ) );
#4924 = PCURVE('',#1969,#4925);
#4925 = DEFINITIONAL_REPRESENTATION('',(#4926),#4930);
#4926 = LINE('',#4927,#4928);
#4927 = CARTESIAN_POINT('',(0.,1.));
#4928 = VECTOR('',#4929,1.);
#4929 = DIRECTION('',(1.,0.));
#4930 = ( GEOMETRIC_REPRESENTATION_CONTEXT(2) 
PARAMETRIC_REPRESENTATION_CONTEXT() REPRESENTATION_CONTEXT('2D SPACE',''
  ) );
#4931 = ORIENTED_EDGE('',*,*,#4932,.T.);
#4932 = EDGE_CURVE('',#4910,#4933,#4935,.T.);
#4933 = VERTEX_POINT('',#4934);
#4934 = CARTESIAN_POINT('',(65.992423807586,1.,1.492423807586));
#4935 = SURFACE_CURVE('',#4936,(#4940,#4947),.PCURVE_S1.);
#4936 = LINE('',#4937,#4938);
#4937 = CARTESIAN_POINT('',(64.5,1.,0.));
#4938 = VECTOR('',#4939,1.);
#4939 = DIRECTION('',(0.707106781187,0.,0.707106781187));
#4940 = PCURVE('',#1352,#4941);
#4941 = DEFINITIONAL_REPRESENTATION('',(#4942),#4946);
#4942 = LINE('',#4943,#4944);
#4943 = CARTESIAN_POINT('',(26.380541934569,10.423315726631));
#4944 = VECTOR('',#4945,1.);
#4945 = DIRECTION('',(-0.707106781187,0.707106781187));
#4946 = ( GEOMETRIC_REPRESENTATION_CONTEXT(2) 
PARAMETRIC_REPRESENTATION_CONTEXT() REPRESENTATION_CONTEXT('2D SPACE',''
  ) );
#4947 = PCURVE('',#2923,#4948);
#4948 = DEFINITIONAL_REPRESENTATION('',(#4949),#4953);
#4949 = LINE('',#4950,#4951);
#4950 = CARTESIAN_POINT('',(0.,1.));
#4951 = VECTOR('',#4952,1.);
#4952 = DIRECTION('',(1.,0.));
#4953 = ( GEOMETRIC_REPRESENTATION_CONTEXT(2) 
PARAMETRIC_REPRESENTATION_CONTEXT() REPRESENTATION_CONTEXT('2D SPACE',''
  ) );
#4954 = ORIENTED_EDGE('',*,*,#4955,.F.);
#4955 = EDGE_CURVE('',#4956,#4933,#4958,.T.);
#4956 = VERTEX_POINT('',#4957);
#4957 = CARTESIAN_POINT('',(65.992423807586,1.,2.));
#4958 = SURFACE_CURVE('',#4959,(#4963,#4969),.PCURVE_S1.);
#4959 = LINE('',#4960,#4961);
#4960 = CARTESIAN_POINT('',(65.992423807586,1.,0.));
#4961 = VECTOR('',#4962,1.);
#4962 = DIRECTION('',(-0.,-0.,-1.));
#4963 = PCURVE('',#1352,#4964);
#4964 = DEFINITIONAL_REPRESENTATION('',(#4965),#4968);
#4965 = B_SPLINE_CURVE_WITH_KNOTS('',1,(#4966,#4967),.UNSPECIFIED.,.F.,
  .F.,(2,2),(-2.0000006,6.E-07),.PIECEWISE_BEZIER_KNOTS.);
#4966 = CARTESIAN_POINT('',(24.380541334569,11.915739534217));
#4967 = CARTESIAN_POINT('',(26.380542534569,11.915739534217));
#4968 = ( GEOMETRIC_REPRESENTATION_CONTEXT(2) 
PARAMETRIC_REPRESENTATION_CONTEXT() REPRESENTATION_CONTEXT('2D SPACE',''
  ) );
#4969 = PCURVE('',#2024,#4970);
#4970 = DEFINITIONAL_REPRESENTATION('',(#4971),#4974);
#4971 = B_SPLINE_CURVE_WITH_KNOTS('',1,(#4972,#4973),.UNSPECIFIED.,.F.,
  .F.,(2,2),(-2.0000006,6.E-07),.PIECEWISE_BEZIER_KNOTS.);
#4972 = CARTESIAN_POINT('',(-1.515209492962E-02,-2.0000006));
#4973 = CARTESIAN_POINT('',(-1.515209492962E-02,6.E-07));
#4974 = ( GEOMETRIC_REPRESENTATION_CONTEXT(2) 
PARAMETRIC_REPRESENTATION_CONTEXT() REPRESENTATION_CONTEXT('2D SPACE',''
  ) );
#4975 = ORIENTED_EDGE('',*,*,#4976,.F.);
#4976 = EDGE_CURVE('',#4817,#4956,#4977,.T.);
#4977 = SURFACE_CURVE('',#4978,(#4983,#4990),.PCURVE_S1.);
#4978 = HYPERBOLA('',#4979,1.,1.);
#4979 = AXIS2_PLACEMENT_3D('',#4980,#4981,#4982);
#4980 = CARTESIAN_POINT('',(0.,1.,-64.));
#4981 = DIRECTION('',(-0.,-1.,0.));
#4982 = DIRECTION('',(0.,-0.,1.));
#4983 = PCURVE('',#1352,#4984);
#4984 = DEFINITIONAL_REPRESENTATION('',(#4985),#4989);
#4985 = ( BOUNDED_CURVE() B_SPLINE_CURVE(2,(#4986,#4987,#4988),
.UNSPECIFIED.,.F.,.F.) B_SPLINE_CURVE_WITH_KNOTS((3,3),(-4.98355970529,
-4.882744525542),.PIECEWISE_BEZIER_KNOTS.) CURVE() 
GEOMETRIC_REPRESENTATION_ITEM() RATIONAL_B_SPLINE_CURVE((1.,
1.001270731594,1.)) REPRESENTATION_ITEM('') );
#4986 = CARTESIAN_POINT('',(17.380541934569,18.91646609021));
#4987 = CARTESIAN_POINT('',(21.056837518425,15.239825524832));
#4988 = CARTESIAN_POINT('',(24.380541934569,11.915739534217));
#4989 = ( GEOMETRIC_REPRESENTATION_CONTEXT(2) 
PARAMETRIC_REPRESENTATION_CONTEXT() REPRESENTATION_CONTEXT('2D SPACE',''
  ) );
#4990 = PCURVE('',#4874,#4991);
#4991 = DEFINITIONAL_REPRESENTATION('',(#4992),#4999);
#4992 = B_SPLINE_CURVE_WITH_KNOTS('',5,(#4993,#4994,#4995,#4996,#4997,
    #4998),.UNSPECIFIED.,.F.,.F.,(6,6),(-4.98355970529,-4.882744525542),
  .PIECEWISE_BEZIER_KNOTS.);
#4993 = CARTESIAN_POINT('',(1.369905860346E-02,7.));
#4994 = CARTESIAN_POINT('',(1.397526457537E-02,5.528236485149));
#4995 = CARTESIAN_POINT('',(1.425843133231E-02,4.093570474776));
#4996 = CARTESIAN_POINT('',(1.4548792729E-02,2.694755436599));
#4997 = CARTESIAN_POINT('',(1.484659438493E-02,1.33060761363));
#4998 = CARTESIAN_POINT('',(1.515209492962E-02,-1.42108547152E-14));
#4999 = ( GEOMETRIC_REPRESENTATION_CONTEXT(2) 
PARAMETRIC_REPRESENTATION_CONTEXT() REPRESENTATION_CONTEXT('2D SPACE',''
  ) );
#5000 = ORIENTED_EDGE('',*,*,#4816,.F.);
#5001 = ORIENTED_EDGE('',*,*,#1336,.T.);
#5002 = ADVANCED_FACE('',(#5003),#1407,.T.);
#5003 = FACE_BOUND('',#5004,.T.);
#5004 = EDGE_LOOP('',(#5005,#5026,#5049,#5077,#5098,#5123,#5124));
#5005 = ORIENTED_EDGE('',*,*,#5006,.T.);
#5006 = EDGE_CURVE('',#1365,#5007,#5009,.T.);
#5007 = VERTEX_POINT('',#5008);
#5008 = CARTESIAN_POINT('',(19.109174802942,31.098061649412,0.));
#5009 = SURFACE_CURVE('',#5010,(#5014,#5020),.PCURVE_S1.);
#5010 = LINE('',#5011,#5012);
#5011 = CARTESIAN_POINT('',(19.109174802942,31.098061649411,0.));
#5012 = VECTOR('',#5013,1.);
#5013 = DIRECTION('',(-0.,-0.,-1.));
#5014 = PCURVE('',#1407,#5015);
#5015 = DEFINITIONAL_REPRESENTATION('',(#5016),#5019);
#5016 = B_SPLINE_CURVE_WITH_KNOTS('',1,(#5017,#5018),.UNSPECIFIED.,.F.,
  .F.,(2,2),(-51.0000006,6.E-07),.PIECEWISE_BEZIER_KNOTS.);
#5017 = CARTESIAN_POINT('',(-24.61945866543,-17.59038547505));
#5018 = CARTESIAN_POINT('',(26.380542534569,-17.59038547505));
#5019 = ( GEOMETRIC_REPRESENTATION_CONTEXT(2) 
PARAMETRIC_REPRESENTATION_CONTEXT() REPRESENTATION_CONTEXT('2D SPACE',''
  ) );
#5020 = PCURVE('',#1381,#5021);
#5021 = DEFINITIONAL_REPRESENTATION('',(#5022),#5025);
#5022 = B_SPLINE_CURVE_WITH_KNOTS('',1,(#5023,#5024),.UNSPECIFIED.,.F.,
  .F.,(2,2),(-51.0000006,6.E-07),.PIECEWISE_BEZIER_KNOTS.);
#5023 = CARTESIAN_POINT('',(-1.019796862322,-51.0000006));
#5024 = CARTESIAN_POINT('',(-1.019796862322,6.E-07));
#5025 = ( GEOMETRIC_REPRESENTATION_CONTEXT(2) 
PARAMETRIC_REPRESENTATION_CONTEXT() REPRESENTATION_CONTEXT('2D SPACE',''
  ) );
#5026 = ORIENTED_EDGE('',*,*,#5027,.T.);
#5027 = EDGE_CURVE('',#5007,#5028,#5030,.T.);
#5028 = VERTEX_POINT('',#5029);
#5029 = CARTESIAN_POINT('',(33.116025403784,55.358638544096,0.));
#5030 = SURFACE_CURVE('',#5031,(#5035,#5042),.PCURVE_S1.);
#5031 = LINE('',#5032,#5033);
#5032 = CARTESIAN_POINT('',(18.866025403784,30.67691453624,0.));
#5033 = VECTOR('',#5034,1.);
#5034 = DIRECTION('',(0.5,0.866025403784,0.));
#5035 = PCURVE('',#1407,#5036);
#5036 = DEFINITIONAL_REPRESENTATION('',(#5037),#5041);
#5037 = LINE('',#5038,#5039);
#5038 = CARTESIAN_POINT('',(26.380541934569,-18.07668427336));
#5039 = VECTOR('',#5040,1.);
#5040 = DIRECTION('',(0.,1.));
#5041 = ( GEOMETRIC_REPRESENTATION_CONTEXT(2) 
PARAMETRIC_REPRESENTATION_CONTEXT() REPRESENTATION_CONTEXT('2D SPACE',''
  ) );
#5042 = PCURVE('',#1969,#5043);
#5043 = DEFINITIONAL_REPRESENTATION('',(#5044),#5048);
#5044 = LINE('',#5045,#5046);
#5045 = CARTESIAN_POINT('',(-17.13397459621,30.67691453624));
#5046 = VECTOR('',#5047,1.);
#5047 = DIRECTION('',(0.5,0.866025403784));
#5048 = ( GEOMETRIC_REPRESENTATION_CONTEXT(2) 
PARAMETRIC_REPRESENTATION_CONTEXT() REPRESENTATION_CONTEXT('2D SPACE',''
  ) );
#5049 = ORIENTED_EDGE('',*,*,#5050,.T.);
#5050 = EDGE_CURVE('',#5028,#5051,#5053,.T.);
#5051 = VERTEX_POINT('',#5052);
#5052 = CARTESIAN_POINT('',(33.862237307577,56.651115474678,
    1.492423807586));
#5053 = SURFACE_CURVE('',#5054,(#5058,#5065),.PCURVE_S1.);
#5054 = LINE('',#5055,#5056);
#5055 = CARTESIAN_POINT('',(33.116025403784,55.358638544096,0.));
#5056 = VECTOR('',#5057,1.);
#5057 = DIRECTION('',(0.353553390593,0.612372435696,0.707106781187));
#5058 = PCURVE('',#1407,#5059);
#5059 = DEFINITIONAL_REPRESENTATION('',(#5060),#5064);
#5060 = LINE('',#5061,#5062);
#5061 = CARTESIAN_POINT('',(26.380541934569,10.423315726631));
#5062 = VECTOR('',#5063,1.);
#5063 = DIRECTION('',(-0.707106781187,0.707106781187));
#5064 = ( GEOMETRIC_REPRESENTATION_CONTEXT(2) 
PARAMETRIC_REPRESENTATION_CONTEXT() REPRESENTATION_CONTEXT('2D SPACE',''
  ) );
#5065 = PCURVE('',#5066,#5071);
#5066 = PLANE('',#5067);
#5067 = AXIS2_PLACEMENT_3D('',#5068,#5069,#5070);
#5068 = CARTESIAN_POINT('',(32.25,55.858638544096,0.));
#5069 = DIRECTION('',(-0.353553390593,-0.612372435696,0.707106781187));
#5070 = DIRECTION('',(0.353553390593,0.612372435696,0.707106781187));
#5071 = DEFINITIONAL_REPRESENTATION('',(#5072),#5076);
#5072 = LINE('',#5073,#5074);
#5073 = CARTESIAN_POINT('',(1.33226762955E-15,-1.));
#5074 = VECTOR('',#5075,1.);
#5075 = DIRECTION('',(1.,5.551115123126E-17));
#5076 = ( GEOMETRIC_REPRESENTATION_CONTEXT(2) 
PARAMETRIC_REPRESENTATION_CONTEXT() REPRESENTATION_CONTEXT('2D SPACE',''
  ) );
#5077 = ORIENTED_EDGE('',*,*,#5078,.F.);
#5078 = EDGE_CURVE('',#5079,#5051,#5081,.T.);
#5079 = VERTEX_POINT('',#5080);
#5080 = CARTESIAN_POINT('',(33.862237307577,56.651115474678,2.));
#5081 = SURFACE_CURVE('',#5082,(#5086,#5092),.PCURVE_S1.);
#5082 = LINE('',#5083,#5084);
#5083 = CARTESIAN_POINT('',(33.862237307577,56.651115474678,0.));
#5084 = VECTOR('',#5085,1.);
#5085 = DIRECTION('',(-0.,-0.,-1.));
#5086 = PCURVE('',#1407,#5087);
#5087 = DEFINITIONAL_REPRESENTATION('',(#5088),#5091);
#5088 = B_SPLINE_CURVE_WITH_KNOTS('',1,(#5089,#5090),.UNSPECIFIED.,.F.,
  .F.,(2,2),(-2.0000006,6.E-07),.PIECEWISE_BEZIER_KNOTS.);
#5089 = CARTESIAN_POINT('',(24.380541334569,11.915739534217));
#5090 = CARTESIAN_POINT('',(26.380542534569,11.915739534217));
#5091 = ( GEOMETRIC_REPRESENTATION_CONTEXT(2) 
PARAMETRIC_REPRESENTATION_CONTEXT() REPRESENTATION_CONTEXT('2D SPACE',''
  ) );
#5092 = PCURVE('',#2024,#5093);
#5093 = DEFINITIONAL_REPRESENTATION('',(#5094),#5097);
#5094 = B_SPLINE_CURVE_WITH_KNOTS('',1,(#5095,#5096),.UNSPECIFIED.,.F.,
  .F.,(2,2),(-2.0000006,6.E-07),.PIECEWISE_BEZIER_KNOTS.);
#5095 = CARTESIAN_POINT('',(-1.032045456267,-2.0000006));
#5096 = CARTESIAN_POINT('',(-1.032045456267,6.E-07));
#5097 = ( GEOMETRIC_REPRESENTATION_CONTEXT(2) 
PARAMETRIC_REPRESENTATION_CONTEXT() REPRESENTATION_CONTEXT('2D SPACE',''
  ) );
#5098 = ORIENTED_EDGE('',*,*,#5099,.F.);
#5099 = EDGE_CURVE('',#4839,#5079,#5100,.T.);
#5100 = SURFACE_CURVE('',#5101,(#5106,#5113),.PCURVE_S1.);
#5101 = HYPERBOLA('',#5102,1.,1.);
#5102 = AXIS2_PLACEMENT_3D('',#5103,#5104,#5105);
#5103 = CARTESIAN_POINT('',(0.866025403784,-0.5,-64.));
#5104 = DIRECTION('',(0.866025403784,-0.5,0.));
#5105 = DIRECTION('',(0.,0.,1.));
#5106 = PCURVE('',#1407,#5107);
#5107 = DEFINITIONAL_REPRESENTATION('',(#5108),#5112);
#5108 = ( BOUNDED_CURVE() B_SPLINE_CURVE(2,(#5109,#5110,#5111),
.UNSPECIFIED.,.F.,.F.) B_SPLINE_CURVE_WITH_KNOTS((3,3),(-4.98355970529,
-4.882744525542),.PIECEWISE_BEZIER_KNOTS.) CURVE() 
GEOMETRIC_REPRESENTATION_ITEM() RATIONAL_B_SPLINE_CURVE((1.,
1.001270731594,1.)) REPRESENTATION_ITEM('') );
#5109 = CARTESIAN_POINT('',(17.380541934569,18.91646609021));
#5110 = CARTESIAN_POINT('',(21.056837518425,15.239825524833));
#5111 = CARTESIAN_POINT('',(24.380541934569,11.915739534217));
#5112 = ( GEOMETRIC_REPRESENTATION_CONTEXT(2) 
PARAMETRIC_REPRESENTATION_CONTEXT() REPRESENTATION_CONTEXT('2D SPACE',''
  ) );
#5113 = PCURVE('',#4874,#5114);
#5114 = DEFINITIONAL_REPRESENTATION('',(#5115),#5122);
#5115 = B_SPLINE_CURVE_WITH_KNOTS('',5,(#5116,#5117,#5118,#5119,#5120,
    #5121),.UNSPECIFIED.,.F.,.F.,(6,6),(-4.98355970529,-4.882744525542),
  .PIECEWISE_BEZIER_KNOTS.);
#5116 = CARTESIAN_POINT('',(1.033498492593,7.));
#5117 = CARTESIAN_POINT('',(1.033222286621,5.528236485149));
#5118 = CARTESIAN_POINT('',(1.032939119864,4.093570474776));
#5119 = CARTESIAN_POINT('',(1.032648758468,2.694755436599));
#5120 = CARTESIAN_POINT('',(1.032350956812,1.33060761363));
#5121 = CARTESIAN_POINT('',(1.032045456267,-1.42108547152E-14));
#5122 = ( GEOMETRIC_REPRESENTATION_CONTEXT(2) 
PARAMETRIC_REPRESENTATION_CONTEXT() REPRESENTATION_CONTEXT('2D SPACE',''
  ) );
#5123 = ORIENTED_EDGE('',*,*,#4838,.F.);
#5124 = ORIENTED_EDGE('',*,*,#1393,.T.);
#5125 = ADVANCED_FACE('',(#5126),#1381,.T.);
#5126 = FACE_BOUND('',#5127,.F.);
#5127 = EDGE_LOOP('',(#5128,#5150,#5151,#5152));
#5128 = ORIENTED_EDGE('',*,*,#5129,.F.);
#5129 = EDGE_CURVE('',#4889,#5007,#5130,.T.);
#5130 = SURFACE_CURVE('',#5131,(#5136,#5143),.PCURVE_S1.);
#5131 = CIRCLE('',#5132,36.5);
#5132 = AXIS2_PLACEMENT_3D('',#5133,#5134,#5135);
#5133 = CARTESIAN_POINT('',(0.,0.,0.));
#5134 = DIRECTION('',(0.,0.,1.));
#5135 = DIRECTION('',(1.,0.,0.));
#5136 = PCURVE('',#1381,#5137);
#5137 = DEFINITIONAL_REPRESENTATION('',(#5138),#5142);
#5138 = LINE('',#5139,#5140);
#5139 = CARTESIAN_POINT('',(-0.,0.));
#5140 = VECTOR('',#5141,1.);
#5141 = DIRECTION('',(-1.,0.));
#5142 = ( GEOMETRIC_REPRESENTATION_CONTEXT(2) 
PARAMETRIC_REPRESENTATION_CONTEXT() REPRESENTATION_CONTEXT('2D SPACE',''
  ) );
#5143 = PCURVE('',#1969,#5144);
#5144 = DEFINITIONAL_REPRESENTATION('',(#5145),#5149);
#5145 = CIRCLE('',#5146,36.5);
#5146 = AXIS2_PLACEMENT_2D('',#5147,#5148);
#5147 = CARTESIAN_POINT('',(-36.,0.));
#5148 = DIRECTION('',(1.,0.));
#5149 = ( GEOMETRIC_REPRESENTATION_CONTEXT(2) 
PARAMETRIC_REPRESENTATION_CONTEXT() REPRESENTATION_CONTEXT('2D SPACE',''
  ) );
#5150 = ORIENTED_EDGE('',*,*,#4888,.F.);
#5151 = ORIENTED_EDGE('',*,*,#1364,.T.);
#5152 = ORIENTED_EDGE('',*,*,#5006,.T.);
#5153 = ADVANCED_FACE('',(#5154),#1440,.F.);
#5154 = FACE_BOUND('',#5155,.T.);
#5155 = EDGE_LOOP('',(#5156,#5177,#5178,#5199));
#5156 = ORIENTED_EDGE('',*,*,#5157,.F.);
#5157 = EDGE_CURVE('',#1422,#5158,#5160,.T.);
#5158 = VERTEX_POINT('',#5159);
#5159 = CARTESIAN_POINT('',(35.630549778005,63.713922517116,9.));
#5160 = SURFACE_CURVE('',#5161,(#5165,#5171),.PCURVE_S1.);
#5161 = LINE('',#5162,#5163);
#5162 = CARTESIAN_POINT('',(35.630549778005,63.713922517116,44.));
#5163 = VECTOR('',#5164,1.);
#5164 = DIRECTION('',(-0.,-0.,-1.));
#5165 = PCURVE('',#1440,#5166);
#5166 = DEFINITIONAL_REPRESENTATION('',(#5167),#5170);
#5167 = B_SPLINE_CURVE_WITH_KNOTS('',1,(#5168,#5169),.UNSPECIFIED.,.F.,
  .F.,(2,2),(-7.0000006,35.0000006),.PIECEWISE_BEZIER_KNOTS.);
#5168 = CARTESIAN_POINT('',(-1.0608966098,-7.0000006));
#5169 = CARTESIAN_POINT('',(-1.0608966098,35.0000006));
#5170 = ( GEOMETRIC_REPRESENTATION_CONTEXT(2) 
PARAMETRIC_REPRESENTATION_CONTEXT() REPRESENTATION_CONTEXT('2D SPACE',''
  ) );
#5171 = PCURVE('',#1468,#5172);
#5172 = DEFINITIONAL_REPRESENTATION('',(#5173),#5176);
#5173 = B_SPLINE_CURVE_WITH_KNOTS('',1,(#5174,#5175),.UNSPECIFIED.,.F.,
  .F.,(2,2),(-7.0000006,35.0000006),.PIECEWISE_BEZIER_KNOTS.);
#5174 = CARTESIAN_POINT('',(-24.61945866543,18.91646609021));
#5175 = CARTESIAN_POINT('',(17.380542534569,18.91646609021));
#5176 = ( GEOMETRIC_REPRESENTATION_CONTEXT(2) 
PARAMETRIC_REPRESENTATION_CONTEXT() REPRESENTATION_CONTEXT('2D SPACE',''
  ) );
#5177 = ORIENTED_EDGE('',*,*,#1421,.T.);
#5178 = ORIENTED_EDGE('',*,*,#5179,.T.);
#5179 = EDGE_CURVE('',#1424,#5180,#5182,.T.);
#5180 = VERTEX_POINT('',#5181);
#5181 = CARTESIAN_POINT('',(-35.630549778,63.713922517116,9.));
#5182 = SURFACE_CURVE('',#5183,(#5187,#5193),.PCURVE_S1.);
#5183 = LINE('',#5184,#5185);
#5184 = CARTESIAN_POINT('',(-35.630549778,63.713922517116,44.));
#5185 = VECTOR('',#5186,1.);
#5186 = DIRECTION('',(-0.,-0.,-1.));
#5187 = PCURVE('',#1440,#5188);
#5188 = DEFINITIONAL_REPRESENTATION('',(#5189),#5192);
#5189 = B_SPLINE_CURVE_WITH_KNOTS('',1,(#5190,#5191),.UNSPECIFIED.,.F.,
  .F.,(2,2),(-7.0000006,35.0000006),.PIECEWISE_BEZIER_KNOTS.);
#5190 = CARTESIAN_POINT('',(-2.08069604379,-7.0000006));
#5191 = CARTESIAN_POINT('',(-2.08069604379,35.0000006));
#5192 = ( GEOMETRIC_REPRESENTATION_CONTEXT(2) 
PARAMETRIC_REPRESENTATION_CONTEXT() REPRESENTATION_CONTEXT('2D SPACE',''
  ) );
#5193 = PCURVE('',#1523,#5194);
#5194 = DEFINITIONAL_REPRESENTATION('',(#5195),#5198);
#5195 = B_SPLINE_CURVE_WITH_KNOTS('',1,(#5196,#5197),.UNSPECIFIED.,.F.,
  .F.,(2,2),(-7.0000006,35.0000006),.PIECEWISE_BEZIER_KNOTS.);
#5196 = CARTESIAN_POINT('',(-24.61945866543,18.91646609021));
#5197 = CARTESIAN_POINT('',(17.380542534569,18.91646609021));
#5198 = ( GEOMETRIC_REPRESENTATION_CONTEXT(2) 
PARAMETRIC_REPRESENTATION_CONTEXT() REPRESENTATION_CONTEXT('2D SPACE',''
  ) );
#5199 = ORIENTED_EDGE('',*,*,#5200,.F.);
#5200 = EDGE_CURVE('',#5158,#5180,#5201,.T.);
#5201 = SURFACE_CURVE('',#5202,(#5207,#5214),.PCURVE_S1.);
#5202 = CIRCLE('',#5203,73.);
#5203 = AXIS2_PLACEMENT_3D('',#5204,#5205,#5206);
#5204 = CARTESIAN_POINT('',(0.,0.,9.));
#5205 = DIRECTION('',(0.,0.,1.));
#5206 = DIRECTION('',(1.,0.,0.));
#5207 = PCURVE('',#1440,#5208);
#5208 = DEFINITIONAL_REPRESENTATION('',(#5209),#5213);
#5209 = LINE('',#5210,#5211);
#5210 = CARTESIAN_POINT('',(-0.,35.));
#5211 = VECTOR('',#5212,1.);
#5212 = DIRECTION('',(-1.,0.));
#5213 = ( GEOMETRIC_REPRESENTATION_CONTEXT(2) 
PARAMETRIC_REPRESENTATION_CONTEXT() REPRESENTATION_CONTEXT('2D SPACE',''
  ) );
#5214 = PCURVE('',#5215,#5220);
#5215 = CONICAL_SURFACE('',#5216,66.,0.785398163397);
#5216 = AXIS2_PLACEMENT_3D('',#5217,#5218,#5219);
#5217 = CARTESIAN_POINT('',(0.,0.,2.));
#5218 = DIRECTION('',(0.,0.,1.));
#5219 = DIRECTION('',(1.,0.,0.));
#5220 = DEFINITIONAL_REPRESENTATION('',(#5221),#5224);
#5221 = B_SPLINE_CURVE_WITH_KNOTS('',1,(#5222,#5223),.UNSPECIFIED.,.F.,
  .F.,(2,2),(0.,6.28318530718),.PIECEWISE_BEZIER_KNOTS.);
#5222 = CARTESIAN_POINT('',(0.,7.));
#5223 = CARTESIAN_POINT('',(6.28318530718,7.));
#5224 = ( GEOMETRIC_REPRESENTATION_CONTEXT(2) 
PARAMETRIC_REPRESENTATION_CONTEXT() REPRESENTATION_CONTEXT('2D SPACE',''
  ) );
#5225 = ADVANCED_FACE('',(#5226),#1468,.F.);
#5226 = FACE_BOUND('',#5227,.F.);
#5227 = EDGE_LOOP('',(#5228,#5249,#5272,#5295,#5316,#5341,#5342));
#5228 = ORIENTED_EDGE('',*,*,#5229,.T.);
#5229 = EDGE_CURVE('',#1453,#5230,#5232,.T.);
#5230 = VERTEX_POINT('',#5231);
#5231 = CARTESIAN_POINT('',(17.377123995373,32.098061649411,0.));
#5232 = SURFACE_CURVE('',#5233,(#5237,#5243),.PCURVE_S1.);
#5233 = LINE('',#5234,#5235);
#5234 = CARTESIAN_POINT('',(17.377123995374,32.098061649411,0.));
#5235 = VECTOR('',#5236,1.);
#5236 = DIRECTION('',(-0.,-0.,-1.));
#5237 = PCURVE('',#1468,#5238);
#5238 = DEFINITIONAL_REPRESENTATION('',(#5239),#5242);
#5239 = B_SPLINE_CURVE_WITH_KNOTS('',1,(#5240,#5241),.UNSPECIFIED.,.F.,
  .F.,(2,2),(-51.0000006,6.E-07),.PIECEWISE_BEZIER_KNOTS.);
#5240 = CARTESIAN_POINT('',(-24.61945866543,-17.59038547505));
#5241 = CARTESIAN_POINT('',(26.380542534569,-17.59038547505));
#5242 = ( GEOMETRIC_REPRESENTATION_CONTEXT(2) 
PARAMETRIC_REPRESENTATION_CONTEXT() REPRESENTATION_CONTEXT('2D SPACE',''
  ) );
#5243 = PCURVE('',#1497,#5244);
#5244 = DEFINITIONAL_REPRESENTATION('',(#5245),#5248);
#5245 = B_SPLINE_CURVE_WITH_KNOTS('',1,(#5246,#5247),.UNSPECIFIED.,.F.,
  .F.,(2,2),(-51.0000006,6.E-07),.PIECEWISE_BEZIER_KNOTS.);
#5246 = CARTESIAN_POINT('',(-1.074598240071,-51.0000006));
#5247 = CARTESIAN_POINT('',(-1.074598240071,6.E-07));
#5248 = ( GEOMETRIC_REPRESENTATION_CONTEXT(2) 
PARAMETRIC_REPRESENTATION_CONTEXT() REPRESENTATION_CONTEXT('2D SPACE',''
  ) );
#5249 = ORIENTED_EDGE('',*,*,#5250,.T.);
#5250 = EDGE_CURVE('',#5230,#5251,#5253,.T.);
#5251 = VERTEX_POINT('',#5252);
#5252 = CARTESIAN_POINT('',(31.383974596216,56.358638544096,0.));
#5253 = SURFACE_CURVE('',#5254,(#5258,#5265),.PCURVE_S1.);
#5254 = LINE('',#5255,#5256);
#5255 = CARTESIAN_POINT('',(17.133974596216,31.67691453624,0.));
#5256 = VECTOR('',#5257,1.);
#5257 = DIRECTION('',(0.5,0.866025403784,0.));
#5258 = PCURVE('',#1468,#5259);
#5259 = DEFINITIONAL_REPRESENTATION('',(#5260),#5264);
#5260 = LINE('',#5261,#5262);
#5261 = CARTESIAN_POINT('',(26.380541934569,-18.07668427336));
#5262 = VECTOR('',#5263,1.);
#5263 = DIRECTION('',(0.,1.));
#5264 = ( GEOMETRIC_REPRESENTATION_CONTEXT(2) 
PARAMETRIC_REPRESENTATION_CONTEXT() REPRESENTATION_CONTEXT('2D SPACE',''
  ) );
#5265 = PCURVE('',#1969,#5266);
#5266 = DEFINITIONAL_REPRESENTATION('',(#5267),#5271);
#5267 = LINE('',#5268,#5269);
#5268 = CARTESIAN_POINT('',(-18.86602540378,31.67691453624));
#5269 = VECTOR('',#5270,1.);
#5270 = DIRECTION('',(0.5,0.866025403784));
#5271 = ( GEOMETRIC_REPRESENTATION_CONTEXT(2) 
PARAMETRIC_REPRESENTATION_CONTEXT() REPRESENTATION_CONTEXT('2D SPACE',''
  ) );
#5272 = ORIENTED_EDGE('',*,*,#5273,.T.);
#5273 = EDGE_CURVE('',#5251,#5274,#5276,.T.);
#5274 = VERTEX_POINT('',#5275);
#5275 = CARTESIAN_POINT('',(32.130186500008,57.651115474678,
    1.492423807586));
#5276 = SURFACE_CURVE('',#5277,(#5281,#5288),.PCURVE_S1.);
#5277 = LINE('',#5278,#5279);
#5278 = CARTESIAN_POINT('',(31.383974596216,56.358638544096,0.));
#5279 = VECTOR('',#5280,1.);
#5280 = DIRECTION('',(0.353553390593,0.612372435696,0.707106781187));
#5281 = PCURVE('',#1468,#5282);
#5282 = DEFINITIONAL_REPRESENTATION('',(#5283),#5287);
#5283 = LINE('',#5284,#5285);
#5284 = CARTESIAN_POINT('',(26.380541934569,10.423315726631));
#5285 = VECTOR('',#5286,1.);
#5286 = DIRECTION('',(-0.707106781187,0.707106781187));
#5287 = ( GEOMETRIC_REPRESENTATION_CONTEXT(2) 
PARAMETRIC_REPRESENTATION_CONTEXT() REPRESENTATION_CONTEXT('2D SPACE',''
  ) );
#5288 = PCURVE('',#5066,#5289);
#5289 = DEFINITIONAL_REPRESENTATION('',(#5290),#5294);
#5290 = LINE('',#5291,#5292);
#5291 = CARTESIAN_POINT('',(5.828670879282E-16,1.));
#5292 = VECTOR('',#5293,1.);
#5293 = DIRECTION('',(1.,5.551115123126E-17));
#5294 = ( GEOMETRIC_REPRESENTATION_CONTEXT(2) 
PARAMETRIC_REPRESENTATION_CONTEXT() REPRESENTATION_CONTEXT('2D SPACE',''
  ) );
#5295 = ORIENTED_EDGE('',*,*,#5296,.F.);
#5296 = EDGE_CURVE('',#5297,#5274,#5299,.T.);
#5297 = VERTEX_POINT('',#5298);
#5298 = CARTESIAN_POINT('',(32.130186500008,57.651115474678,2.));
#5299 = SURFACE_CURVE('',#5300,(#5304,#5310),.PCURVE_S1.);
#5300 = LINE('',#5301,#5302);
#5301 = CARTESIAN_POINT('',(32.130186500008,57.651115474678,0.));
#5302 = VECTOR('',#5303,1.);
#5303 = DIRECTION('',(-0.,-0.,-1.));
#5304 = PCURVE('',#1468,#5305);
#5305 = DEFINITIONAL_REPRESENTATION('',(#5306),#5309);
#5306 = B_SPLINE_CURVE_WITH_KNOTS('',1,(#5307,#5308),.UNSPECIFIED.,.F.,
  .F.,(2,2),(-2.0000006,6.E-07),.PIECEWISE_BEZIER_KNOTS.);
#5307 = CARTESIAN_POINT('',(24.380541334569,11.915739534217));
#5308 = CARTESIAN_POINT('',(26.380542534569,11.915739534217));
#5309 = ( GEOMETRIC_REPRESENTATION_CONTEXT(2) 
PARAMETRIC_REPRESENTATION_CONTEXT() REPRESENTATION_CONTEXT('2D SPACE',''
  ) );
#5310 = PCURVE('',#2024,#5311);
#5311 = DEFINITIONAL_REPRESENTATION('',(#5312),#5315);
#5312 = B_SPLINE_CURVE_WITH_KNOTS('',1,(#5313,#5314),.UNSPECIFIED.,.F.,
  .F.,(2,2),(-2.0000006,6.E-07),.PIECEWISE_BEZIER_KNOTS.);
#5313 = CARTESIAN_POINT('',(-1.062349646126,-2.0000006));
#5314 = CARTESIAN_POINT('',(-1.062349646126,6.E-07));
#5315 = ( GEOMETRIC_REPRESENTATION_CONTEXT(2) 
PARAMETRIC_REPRESENTATION_CONTEXT() REPRESENTATION_CONTEXT('2D SPACE',''
  ) );
#5316 = ORIENTED_EDGE('',*,*,#5317,.F.);
#5317 = EDGE_CURVE('',#5158,#5297,#5318,.T.);
#5318 = SURFACE_CURVE('',#5319,(#5324,#5331),.PCURVE_S1.);
#5319 = HYPERBOLA('',#5320,1.,1.);
#5320 = AXIS2_PLACEMENT_3D('',#5321,#5322,#5323);
#5321 = CARTESIAN_POINT('',(-0.866025403784,0.5,-64.));
#5322 = DIRECTION('',(0.866025403784,-0.5,0.));
#5323 = DIRECTION('',(0.,0.,1.));
#5324 = PCURVE('',#1468,#5325);
#5325 = DEFINITIONAL_REPRESENTATION('',(#5326),#5330);
#5326 = ( BOUNDED_CURVE() B_SPLINE_CURVE(2,(#5327,#5328,#5329),
.UNSPECIFIED.,.F.,.F.) B_SPLINE_CURVE_WITH_KNOTS((3,3),(-4.98355970529,
-4.882744525542),.PIECEWISE_BEZIER_KNOTS.) CURVE() 
GEOMETRIC_REPRESENTATION_ITEM() RATIONAL_B_SPLINE_CURVE((1.,
1.001270731594,1.)) REPRESENTATION_ITEM('') );
#5327 = CARTESIAN_POINT('',(17.380541934569,18.91646609021));
#5328 = CARTESIAN_POINT('',(21.056837518425,15.239825524832));
#5329 = CARTESIAN_POINT('',(24.380541934569,11.915739534217));
#5330 = ( GEOMETRIC_REPRESENTATION_CONTEXT(2) 
PARAMETRIC_REPRESENTATION_CONTEXT() REPRESENTATION_CONTEXT('2D SPACE',''
  ) );
#5331 = PCURVE('',#5215,#5332);
#5332 = DEFINITIONAL_REPRESENTATION('',(#5333),#5340);
#5333 = B_SPLINE_CURVE_WITH_KNOTS('',5,(#5334,#5335,#5336,#5337,#5338,
    #5339),.UNSPECIFIED.,.F.,.F.,(6,6),(-4.98355970529,-4.882744525542),
  .PIECEWISE_BEZIER_KNOTS.);
#5334 = CARTESIAN_POINT('',(1.0608966098,7.));
#5335 = CARTESIAN_POINT('',(1.061172815772,5.528236485149));
#5336 = CARTESIAN_POINT('',(1.061455982529,4.093570474776));
#5337 = CARTESIAN_POINT('',(1.061746343926,2.694755436599));
#5338 = CARTESIAN_POINT('',(1.062044145582,1.33060761363));
#5339 = CARTESIAN_POINT('',(1.062349646126,-7.105427357601E-15));
#5340 = ( GEOMETRIC_REPRESENTATION_CONTEXT(2) 
PARAMETRIC_REPRESENTATION_CONTEXT() REPRESENTATION_CONTEXT('2D SPACE',''
  ) );
#5341 = ORIENTED_EDGE('',*,*,#5157,.F.);
#5342 = ORIENTED_EDGE('',*,*,#1452,.T.);
#5343 = ADVANCED_FACE('',(#5344),#1523,.T.);
#5344 = FACE_BOUND('',#5345,.T.);
#5345 = EDGE_LOOP('',(#5346,#5367,#5390,#5413,#5434,#5459,#5460));
#5346 = ORIENTED_EDGE('',*,*,#5347,.T.);
#5347 = EDGE_CURVE('',#1481,#5348,#5350,.T.);
#5348 = VERTEX_POINT('',#5349);
#5349 = CARTESIAN_POINT('',(-17.37712399537,32.098061649411,0.));
#5350 = SURFACE_CURVE('',#5351,(#5355,#5361),.PCURVE_S1.);
#5351 = LINE('',#5352,#5353);
#5352 = CARTESIAN_POINT('',(-17.37712399537,32.098061649411,0.));
#5353 = VECTOR('',#5354,1.);
#5354 = DIRECTION('',(-0.,-0.,-1.));
#5355 = PCURVE('',#1523,#5356);
#5356 = DEFINITIONAL_REPRESENTATION('',(#5357),#5360);
#5357 = B_SPLINE_CURVE_WITH_KNOTS('',1,(#5358,#5359),.UNSPECIFIED.,.F.,
  .F.,(2,2),(-51.0000006,6.E-07),.PIECEWISE_BEZIER_KNOTS.);
#5358 = CARTESIAN_POINT('',(-24.61945866543,-17.59038547505));
#5359 = CARTESIAN_POINT('',(26.380542534569,-17.59038547505));
#5360 = ( GEOMETRIC_REPRESENTATION_CONTEXT(2) 
PARAMETRIC_REPRESENTATION_CONTEXT() REPRESENTATION_CONTEXT('2D SPACE',''
  ) );
#5361 = PCURVE('',#1497,#5362);
#5362 = DEFINITIONAL_REPRESENTATION('',(#5363),#5366);
#5363 = B_SPLINE_CURVE_WITH_KNOTS('',1,(#5364,#5365),.UNSPECIFIED.,.F.,
  .F.,(2,2),(-51.0000006,6.E-07),.PIECEWISE_BEZIER_KNOTS.);
#5364 = CARTESIAN_POINT('',(-2.066994413519,-51.0000006));
#5365 = CARTESIAN_POINT('',(-2.066994413519,6.E-07));
#5366 = ( GEOMETRIC_REPRESENTATION_CONTEXT(2) 
PARAMETRIC_REPRESENTATION_CONTEXT() REPRESENTATION_CONTEXT('2D SPACE',''
  ) );
#5367 = ORIENTED_EDGE('',*,*,#5368,.T.);
#5368 = EDGE_CURVE('',#5348,#5369,#5371,.T.);
#5369 = VERTEX_POINT('',#5370);
#5370 = CARTESIAN_POINT('',(-31.38397459621,56.358638544096,0.));
#5371 = SURFACE_CURVE('',#5372,(#5376,#5383),.PCURVE_S1.);
#5372 = LINE('',#5373,#5374);
#5373 = CARTESIAN_POINT('',(-17.13397459621,31.67691453624,0.));
#5374 = VECTOR('',#5375,1.);
#5375 = DIRECTION('',(-0.5,0.866025403784,0.));
#5376 = PCURVE('',#1523,#5377);
#5377 = DEFINITIONAL_REPRESENTATION('',(#5378),#5382);
#5378 = LINE('',#5379,#5380);
#5379 = CARTESIAN_POINT('',(26.380541934569,-18.07668427336));
#5380 = VECTOR('',#5381,1.);
#5381 = DIRECTION('',(0.,1.));
#5382 = ( GEOMETRIC_REPRESENTATION_CONTEXT(2) 
PARAMETRIC_REPRESENTATION_CONTEXT() REPRESENTATION_CONTEXT('2D SPACE',''
  ) );
#5383 = PCURVE('',#1969,#5384);
#5384 = DEFINITIONAL_REPRESENTATION('',(#5385),#5389);
#5385 = LINE('',#5386,#5387);
#5386 = CARTESIAN_POINT('',(-53.13397459621,31.67691453624));
#5387 = VECTOR('',#5388,1.);
#5388 = DIRECTION('',(-0.5,0.866025403784));
#5389 = ( GEOMETRIC_REPRESENTATION_CONTEXT(2) 
PARAMETRIC_REPRESENTATION_CONTEXT() REPRESENTATION_CONTEXT('2D SPACE',''
  ) );
#5390 = ORIENTED_EDGE('',*,*,#5391,.T.);
#5391 = EDGE_CURVE('',#5369,#5392,#5394,.T.);
#5392 = VERTEX_POINT('',#5393);
#5393 = CARTESIAN_POINT('',(-32.1301865,57.651115474678,1.492423807586)
  );
#5394 = SURFACE_CURVE('',#5395,(#5399,#5406),.PCURVE_S1.);
#5395 = LINE('',#5396,#5397);
#5396 = CARTESIAN_POINT('',(-31.38397459621,56.358638544096,0.));
#5397 = VECTOR('',#5398,1.);
#5398 = DIRECTION('',(-0.353553390593,0.612372435696,0.707106781187));
#5399 = PCURVE('',#1523,#5400);
#5400 = DEFINITIONAL_REPRESENTATION('',(#5401),#5405);
#5401 = LINE('',#5402,#5403);
#5402 = CARTESIAN_POINT('',(26.380541934569,10.423315726631));
#5403 = VECTOR('',#5404,1.);
#5404 = DIRECTION('',(-0.707106781187,0.707106781187));
#5405 = ( GEOMETRIC_REPRESENTATION_CONTEXT(2) 
PARAMETRIC_REPRESENTATION_CONTEXT() REPRESENTATION_CONTEXT('2D SPACE',''
  ) );
#5406 = PCURVE('',#3398,#5407);
#5407 = DEFINITIONAL_REPRESENTATION('',(#5408),#5412);
#5408 = LINE('',#5409,#5410);
#5409 = CARTESIAN_POINT('',(8.326672684689E-16,-1.));
#5410 = VECTOR('',#5411,1.);
#5411 = DIRECTION('',(1.,0.));
#5412 = ( GEOMETRIC_REPRESENTATION_CONTEXT(2) 
PARAMETRIC_REPRESENTATION_CONTEXT() REPRESENTATION_CONTEXT('2D SPACE',''
  ) );
#5413 = ORIENTED_EDGE('',*,*,#5414,.F.);
#5414 = EDGE_CURVE('',#5415,#5392,#5417,.T.);
#5415 = VERTEX_POINT('',#5416);
#5416 = CARTESIAN_POINT('',(-32.1301865,57.651115474678,2.));
#5417 = SURFACE_CURVE('',#5418,(#5422,#5428),.PCURVE_S1.);
#5418 = LINE('',#5419,#5420);
#5419 = CARTESIAN_POINT('',(-32.1301865,57.651115474678,0.));
#5420 = VECTOR('',#5421,1.);
#5421 = DIRECTION('',(-0.,-0.,-1.));
#5422 = PCURVE('',#1523,#5423);
#5423 = DEFINITIONAL_REPRESENTATION('',(#5424),#5427);
#5424 = B_SPLINE_CURVE_WITH_KNOTS('',1,(#5425,#5426),.UNSPECIFIED.,.F.,
  .F.,(2,2),(-2.0000006,6.E-07),.PIECEWISE_BEZIER_KNOTS.);
#5425 = CARTESIAN_POINT('',(24.380541334569,11.915739534217));
#5426 = CARTESIAN_POINT('',(26.380542534569,11.915739534217));
#5427 = ( GEOMETRIC_REPRESENTATION_CONTEXT(2) 
PARAMETRIC_REPRESENTATION_CONTEXT() REPRESENTATION_CONTEXT('2D SPACE',''
  ) );
#5428 = PCURVE('',#2024,#5429);
#5429 = DEFINITIONAL_REPRESENTATION('',(#5430),#5433);
#5430 = B_SPLINE_CURVE_WITH_KNOTS('',1,(#5431,#5432),.UNSPECIFIED.,.F.,
  .F.,(2,2),(-2.0000006,6.E-07),.PIECEWISE_BEZIER_KNOTS.);
#5431 = CARTESIAN_POINT('',(-2.079243007464,-2.0000006));
#5432 = CARTESIAN_POINT('',(-2.079243007464,6.E-07));
#5433 = ( GEOMETRIC_REPRESENTATION_CONTEXT(2) 
PARAMETRIC_REPRESENTATION_CONTEXT() REPRESENTATION_CONTEXT('2D SPACE',''
  ) );
#5434 = ORIENTED_EDGE('',*,*,#5435,.F.);
#5435 = EDGE_CURVE('',#5180,#5415,#5436,.T.);
#5436 = SURFACE_CURVE('',#5437,(#5442,#5449),.PCURVE_S1.);
#5437 = HYPERBOLA('',#5438,1.,1.);
#5438 = AXIS2_PLACEMENT_3D('',#5439,#5440,#5441);
#5439 = CARTESIAN_POINT('',(0.866025403784,0.5,-64.));
#5440 = DIRECTION('',(0.866025403784,0.5,-0.));
#5441 = DIRECTION('',(0.,0.,1.));
#5442 = PCURVE('',#1523,#5443);
#5443 = DEFINITIONAL_REPRESENTATION('',(#5444),#5448);
#5444 = ( BOUNDED_CURVE() B_SPLINE_CURVE(2,(#5445,#5446,#5447),
.UNSPECIFIED.,.F.,.F.) B_SPLINE_CURVE_WITH_KNOTS((3,3),(-4.98355970529,
-4.882744525542),.PIECEWISE_BEZIER_KNOTS.) CURVE() 
GEOMETRIC_REPRESENTATION_ITEM() RATIONAL_B_SPLINE_CURVE((1.,
1.001270731594,1.)) REPRESENTATION_ITEM('') );
#5445 = CARTESIAN_POINT('',(17.380541934569,18.91646609021));
#5446 = CARTESIAN_POINT('',(21.056837518425,15.239825524832));
#5447 = CARTESIAN_POINT('',(24.380541934569,11.915739534217));
#5448 = ( GEOMETRIC_REPRESENTATION_CONTEXT(2) 
PARAMETRIC_REPRESENTATION_CONTEXT() REPRESENTATION_CONTEXT('2D SPACE',''
  ) );
#5449 = PCURVE('',#5215,#5450);
#5450 = DEFINITIONAL_REPRESENTATION('',(#5451),#5458);
#5451 = B_SPLINE_CURVE_WITH_KNOTS('',5,(#5452,#5453,#5454,#5455,#5456,
    #5457),.UNSPECIFIED.,.F.,.F.,(6,6),(-4.98355970529,-4.882744525542),
  .PIECEWISE_BEZIER_KNOTS.);
#5452 = CARTESIAN_POINT('',(2.08069604379,7.));
#5453 = CARTESIAN_POINT('',(2.080419837818,5.528236485149));
#5454 = CARTESIAN_POINT('',(2.080136671061,4.093570474776));
#5455 = CARTESIAN_POINT('',(2.079846309664,2.694755436599));
#5456 = CARTESIAN_POINT('',(2.079548508008,1.33060761363));
#5457 = CARTESIAN_POINT('',(2.079243007464,-7.105427357601E-15));
#5458 = ( GEOMETRIC_REPRESENTATION_CONTEXT(2) 
PARAMETRIC_REPRESENTATION_CONTEXT() REPRESENTATION_CONTEXT('2D SPACE',''
  ) );
#5459 = ORIENTED_EDGE('',*,*,#5179,.F.);
#5460 = ORIENTED_EDGE('',*,*,#1509,.T.);
#5461 = ADVANCED_FACE('',(#5462),#1497,.T.);
#5462 = FACE_BOUND('',#5463,.F.);
#5463 = EDGE_LOOP('',(#5464,#5486,#5487,#5488));
#5464 = ORIENTED_EDGE('',*,*,#5465,.F.);
#5465 = EDGE_CURVE('',#5230,#5348,#5466,.T.);
#5466 = SURFACE_CURVE('',#5467,(#5472,#5479),.PCURVE_S1.);
#5467 = CIRCLE('',#5468,36.5);
#5468 = AXIS2_PLACEMENT_3D('',#5469,#5470,#5471);
#5469 = CARTESIAN_POINT('',(0.,0.,0.));
#5470 = DIRECTION('',(0.,0.,1.));
#5471 = DIRECTION('',(1.,0.,0.));
#5472 = PCURVE('',#1497,#5473);
#5473 = DEFINITIONAL_REPRESENTATION('',(#5474),#5478);
#5474 = LINE('',#5475,#5476);
#5475 = CARTESIAN_POINT('',(-0.,0.));
#5476 = VECTOR('',#5477,1.);
#5477 = DIRECTION('',(-1.,0.));
#5478 = ( GEOMETRIC_REPRESENTATION_CONTEXT(2) 
PARAMETRIC_REPRESENTATION_CONTEXT() REPRESENTATION_CONTEXT('2D SPACE',''
  ) );
#5479 = PCURVE('',#1969,#5480);
#5480 = DEFINITIONAL_REPRESENTATION('',(#5481),#5485);
#5481 = CIRCLE('',#5482,36.5);
#5482 = AXIS2_PLACEMENT_2D('',#5483,#5484);
#5483 = CARTESIAN_POINT('',(-36.,0.));
#5484 = DIRECTION('',(1.,0.));
#5485 = ( GEOMETRIC_REPRESENTATION_CONTEXT(2) 
PARAMETRIC_REPRESENTATION_CONTEXT() REPRESENTATION_CONTEXT('2D SPACE',''
  ) );
#5486 = ORIENTED_EDGE('',*,*,#5229,.F.);
#5487 = ORIENTED_EDGE('',*,*,#1480,.T.);
#5488 = ORIENTED_EDGE('',*,*,#5347,.T.);
#5489 = ADVANCED_FACE('',(#5490),#1578,.T.);
#5490 = FACE_BOUND('',#5491,.T.);
#5491 = EDGE_LOOP('',(#5492,#5520,#5538,#5539));
#5492 = ORIENTED_EDGE('',*,*,#5493,.T.);
#5493 = EDGE_CURVE('',#5494,#5494,#5496,.T.);
#5494 = VERTEX_POINT('',#5495);
#5495 = CARTESIAN_POINT('',(80.,0.,2.));
#5496 = SURFACE_CURVE('',#5497,(#5502,#5508),.PCURVE_S1.);
#5497 = CIRCLE('',#5498,80.);
#5498 = AXIS2_PLACEMENT_3D('',#5499,#5500,#5501);
#5499 = CARTESIAN_POINT('',(0.,0.,2.));
#5500 = DIRECTION('',(0.,0.,1.));
#5501 = DIRECTION('',(1.,0.,0.));
#5502 = PCURVE('',#1578,#5503);
#5503 = DEFINITIONAL_REPRESENTATION('',(#5504),#5507);
#5504 = B_SPLINE_CURVE_WITH_KNOTS('',1,(#5505,#5506),.UNSPECIFIED.,.F.,
  .F.,(2,2),(0.,6.28318530718),.PIECEWISE_BEZIER_KNOTS.);
#5505 = CARTESIAN_POINT('',(0.,0.));
#5506 = CARTESIAN_POINT('',(-6.28318530718,0.));
#5507 = ( GEOMETRIC_REPRESENTATION_CONTEXT(2) 
PARAMETRIC_REPRESENTATION_CONTEXT() REPRESENTATION_CONTEXT('2D SPACE',''
  ) );
#5508 = PCURVE('',#5509,#5514);
#5509 = CYLINDRICAL_SURFACE('',#5510,80.);
#5510 = AXIS2_PLACEMENT_3D('',#5511,#5512,#5513);
#5511 = CARTESIAN_POINT('',(0.,0.,0.));
#5512 = DIRECTION('',(-0.,-0.,-1.));
#5513 = DIRECTION('',(1.,0.,0.));
#5514 = DEFINITIONAL_REPRESENTATION('',(#5515),#5519);
#5515 = LINE('',#5516,#5517);
#5516 = CARTESIAN_POINT('',(-0.,-2.));
#5517 = VECTOR('',#5518,1.);
#5518 = DIRECTION('',(-1.,0.));
#5519 = ( GEOMETRIC_REPRESENTATION_CONTEXT(2) 
PARAMETRIC_REPRESENTATION_CONTEXT() REPRESENTATION_CONTEXT('2D SPACE',''
  ) );
#5520 = ORIENTED_EDGE('',*,*,#5521,.T.);
#5521 = EDGE_CURVE('',#5494,#1539,#5522,.T.);
#5522 = SEAM_CURVE('',#5523,(#5526,#5532),.PCURVE_S1.);
#5523 = B_SPLINE_CURVE_WITH_KNOTS('',1,(#5524,#5525),.UNSPECIFIED.,.F.,
  .F.,(2,2),(0.,1.),.PIECEWISE_BEZIER_KNOTS.);
#5524 = CARTESIAN_POINT('',(80.,0.,2.));
#5525 = CARTESIAN_POINT('',(75.,0.,7.));
#5526 = PCURVE('',#1578,#5527);
#5527 = DEFINITIONAL_REPRESENTATION('',(#5528),#5531);
#5528 = B_SPLINE_CURVE_WITH_KNOTS('',1,(#5529,#5530),.UNSPECIFIED.,.F.,
  .F.,(2,2),(0.,1.),.PIECEWISE_BEZIER_KNOTS.);
#5529 = CARTESIAN_POINT('',(-6.28318530718,0.));
#5530 = CARTESIAN_POINT('',(-6.28318530718,-5.));
#5531 = ( GEOMETRIC_REPRESENTATION_CONTEXT(2) 
PARAMETRIC_REPRESENTATION_CONTEXT() REPRESENTATION_CONTEXT('2D SPACE',''
  ) );
#5532 = PCURVE('',#1578,#5533);
#5533 = DEFINITIONAL_REPRESENTATION('',(#5534),#5537);
#5534 = B_SPLINE_CURVE_WITH_KNOTS('',1,(#5535,#5536),.UNSPECIFIED.,.F.,
  .F.,(2,2),(0.,1.),.PIECEWISE_BEZIER_KNOTS.);
#5535 = CARTESIAN_POINT('',(0.,0.));
#5536 = CARTESIAN_POINT('',(0.,-5.));
#5537 = ( GEOMETRIC_REPRESENTATION_CONTEXT(2) 
PARAMETRIC_REPRESENTATION_CONTEXT() REPRESENTATION_CONTEXT('2D SPACE',''
  ) );
#5538 = ORIENTED_EDGE('',*,*,#1563,.F.);
#5539 = ORIENTED_EDGE('',*,*,#5521,.F.);
#5540 = ADVANCED_FACE('',(#5541),#1818,.F.);
#5541 = FACE_BOUND('',#5542,.F.);
#5542 = EDGE_LOOP('',(#5543,#5544,#5565,#5566));
#5543 = ORIENTED_EDGE('',*,*,#1750,.F.);
#5544 = ORIENTED_EDGE('',*,*,#5545,.T.);
#5545 = EDGE_CURVE('',#1725,#3163,#5546,.T.);
#5546 = SURFACE_CURVE('',#5547,(#5551,#5558),.PCURVE_S1.);
#5547 = LINE('',#5548,#5549);
#5548 = CARTESIAN_POINT('',(-77.,8.,30.));
#5549 = VECTOR('',#5550,1.);
#5550 = DIRECTION('',(1.,0.,0.));
#5551 = PCURVE('',#1818,#5552);
#5552 = DEFINITIONAL_REPRESENTATION('',(#5553),#5557);
#5553 = LINE('',#5554,#5555);
#5554 = CARTESIAN_POINT('',(0.,0.));
#5555 = VECTOR('',#5556,1.);
#5556 = DIRECTION('',(0.,-1.));
#5557 = ( GEOMETRIC_REPRESENTATION_CONTEXT(2) 
PARAMETRIC_REPRESENTATION_CONTEXT() REPRESENTATION_CONTEXT('2D SPACE',''
  ) );
#5558 = PCURVE('',#1739,#5559);
#5559 = DEFINITIONAL_REPRESENTATION('',(#5560),#5564);
#5560 = LINE('',#5561,#5562);
#5561 = CARTESIAN_POINT('',(6.,0.));
#5562 = VECTOR('',#5563,1.);
#5563 = DIRECTION('',(0.,-1.));
#5564 = ( GEOMETRIC_REPRESENTATION_CONTEXT(2) 
PARAMETRIC_REPRESENTATION_CONTEXT() REPRESENTATION_CONTEXT('2D SPACE',''
  ) );
#5565 = ORIENTED_EDGE('',*,*,#3183,.T.);
#5566 = ORIENTED_EDGE('',*,*,#3578,.F.);
#5567 = ADVANCED_FACE('',(#5568),#1739,.F.);
#5568 = FACE_BOUND('',#5569,.F.);
#5569 = EDGE_LOOP('',(#5570,#5571,#5592,#5593));
#5570 = ORIENTED_EDGE('',*,*,#1724,.F.);
#5571 = ORIENTED_EDGE('',*,*,#5572,.T.);
#5572 = EDGE_CURVE('',#1616,#3059,#5573,.T.);
#5573 = SURFACE_CURVE('',#5574,(#5578,#5585),.PCURVE_S1.);
#5574 = LINE('',#5575,#5576);
#5575 = CARTESIAN_POINT('',(-77.,8.,36.));
#5576 = VECTOR('',#5577,1.);
#5577 = DIRECTION('',(1.,0.,0.));
#5578 = PCURVE('',#1739,#5579);
#5579 = DEFINITIONAL_REPRESENTATION('',(#5580),#5584);
#5580 = LINE('',#5581,#5582);
#5581 = CARTESIAN_POINT('',(0.,0.));
#5582 = VECTOR('',#5583,1.);
#5583 = DIRECTION('',(0.,-1.));
#5584 = ( GEOMETRIC_REPRESENTATION_CONTEXT(2) 
PARAMETRIC_REPRESENTATION_CONTEXT() REPRESENTATION_CONTEXT('2D SPACE',''
  ) );
#5585 = PCURVE('',#1685,#5586);
#5586 = DEFINITIONAL_REPRESENTATION('',(#5587),#5591);
#5587 = LINE('',#5588,#5589);
#5588 = CARTESIAN_POINT('',(3.14159265359,0.));
#5589 = VECTOR('',#5590,1.);
#5590 = DIRECTION('',(0.,-1.));
#5591 = ( GEOMETRIC_REPRESENTATION_CONTEXT(2) 
PARAMETRIC_REPRESENTATION_CONTEXT() REPRESENTATION_CONTEXT('2D SPACE',''
  ) );
#5592 = ORIENTED_EDGE('',*,*,#3162,.T.);
#5593 = ORIENTED_EDGE('',*,*,#5545,.F.);
#5594 = ADVANCED_FACE('',(#5595),#1685,.F.);
#5595 = FACE_BOUND('',#5596,.F.);
#5596 = EDGE_LOOP('',(#5597,#5598,#5599,#5600));
#5597 = ORIENTED_EDGE('',*,*,#3600,.T.);
#5598 = ORIENTED_EDGE('',*,*,#3058,.T.);
#5599 = ORIENTED_EDGE('',*,*,#5572,.F.);
#5600 = ORIENTED_EDGE('',*,*,#1615,.F.);
#5601 = ADVANCED_FACE('',(#5602),#1899,.F.);
#5602 = FACE_BOUND('',#5603,.F.);
#5603 = EDGE_LOOP('',(#5604,#5625,#5626,#5627));
#5604 = ORIENTED_EDGE('',*,*,#5605,.T.);
#5605 = EDGE_CURVE('',#2010,#2138,#5606,.T.);
#5606 = SURFACE_CURVE('',#5607,(#5612,#5618),.PCURVE_S1.);
#5607 = CIRCLE('',#5608,66.);
#5608 = AXIS2_PLACEMENT_3D('',#5609,#5610,#5611);
#5609 = CARTESIAN_POINT('',(0.,0.,2.));
#5610 = DIRECTION('',(0.,0.,1.));
#5611 = DIRECTION('',(1.,0.,0.));
#5612 = PCURVE('',#1899,#5613);
#5613 = DEFINITIONAL_REPRESENTATION('',(#5614),#5617);
#5614 = B_SPLINE_CURVE_WITH_KNOTS('',1,(#5615,#5616),.UNSPECIFIED.,.F.,
  .F.,(2,2),(0.,6.28318530718),.PIECEWISE_BEZIER_KNOTS.);
#5615 = CARTESIAN_POINT('',(0.,0.));
#5616 = CARTESIAN_POINT('',(6.28318530718,0.));
#5617 = ( GEOMETRIC_REPRESENTATION_CONTEXT(2) 
PARAMETRIC_REPRESENTATION_CONTEXT() REPRESENTATION_CONTEXT('2D SPACE',''
  ) );
#5618 = PCURVE('',#2024,#5619);
#5619 = DEFINITIONAL_REPRESENTATION('',(#5620),#5624);
#5620 = LINE('',#5621,#5622);
#5621 = CARTESIAN_POINT('',(-0.,-2.));
#5622 = VECTOR('',#5623,1.);
#5623 = DIRECTION('',(-1.,0.));
#5624 = ( GEOMETRIC_REPRESENTATION_CONTEXT(2) 
PARAMETRIC_REPRESENTATION_CONTEXT() REPRESENTATION_CONTEXT('2D SPACE',''
  ) );
#5625 = ORIENTED_EDGE('',*,*,#2158,.F.);
#5626 = ORIENTED_EDGE('',*,*,#1882,.F.);
#5627 = ORIENTED_EDGE('',*,*,#2035,.T.);
#5628 = ADVANCED_FACE('',(#5629),#2024,.F.);
#5629 = FACE_BOUND('',#5630,.T.);
#5630 = EDGE_LOOP('',(#5631,#5695,#5718,#5743,#5744,#5765,#5766,#5791,
    #5792,#5813,#5814,#5839,#5840,#5861,#5862,#5887,#5888,#5909,#5910,
    #5935,#5936,#5937,#5938,#5963,#5964,#5985,#5986,#6011,#6012,#6069,
    #6096,#6149,#6176,#6229,#6256,#6309,#6336,#6389,#6416,#6469,#6496,
    #6549,#6576,#6629,#6656,#6709,#6736,#6789,#6816,#6869,#6896,#6949,
    #6976,#7029,#7056,#7109,#7136,#7189,#7216,#7269,#7296,#7349,#7376,
    #7429,#7456,#7509,#7536,#7589,#7616,#7669,#7696,#7749,#7776,#7829,
    #7856,#7909,#7936,#7989,#8016,#8069,#8096,#8149,#8176,#8229,#8256,
    #8309,#8336,#8389));
#5631 = ORIENTED_EDGE('',*,*,#5632,.T.);
#5632 = EDGE_CURVE('',#5633,#5635,#5637,.T.);
#5633 = VERTEX_POINT('',#5634);
#5634 = CARTESIAN_POINT('',(65.663811147988,6.653112468713,0.));
#5635 = VERTEX_POINT('',#5636);
#5636 = CARTESIAN_POINT('',(65.999999983339,-3.654071954926E-13,
    0.699177449065));
#5637 = SURFACE_CURVE('',#5638,(#5651,#5661),.PCURVE_S1.);
#5638 = B_SPLINE_CURVE_WITH_KNOTS('',4,(#5639,#5640,#5641,#5642,#5643,
    #5644,#5645,#5646,#5647,#5648,#5649,#5650),.UNSPECIFIED.,.F.,.F.,(5,
    3,1,3,5),(0.,0.498965425347,1.,1.537143501823,2.074001602437),
  .UNSPECIFIED.);
#5639 = CARTESIAN_POINT('',(65.663811147988,6.653112468713,0.));
#5640 = CARTESIAN_POINT('',(65.747305286215,5.829055555465,
    8.752260056417E-02));
#5641 = CARTESIAN_POINT('',(65.817159938384,5.002128862574,
    0.174893742793));
#5642 = CARTESIAN_POINT('',(65.873194442316,4.173002793394,
    0.262151387148));
#5643 = CARTESIAN_POINT('',(65.957605739327,2.508324571913,
    0.436873546559));
#5644 = CARTESIAN_POINT('',(66.016165230786,0.776974943879,
    0.618104864605));
#5645 = CARTESIAN_POINT('',(66.014064300572,-0.957750583278,
    0.799158818094));
#5646 = CARTESIAN_POINT('',(65.951264998928,-2.689344804179,
    0.98035554079));
#5647 = CARTESIAN_POINT('',(65.854046255784,-4.477239129246,
    1.167970866462));
#5648 = CARTESIAN_POINT('',(65.789335954338,-5.369226707472,
    1.261836756651));
#5649 = CARTESIAN_POINT('',(65.70862978153,-6.258607608028,
    1.355830716533));
#5650 = CARTESIAN_POINT('',(65.612159192013,-7.144548002633,1.45));
#5651 = PCURVE('',#2024,#5652);
#5652 = DEFINITIONAL_REPRESENTATION('',(#5653),#5660);
#5653 = B_SPLINE_CURVE_WITH_KNOTS('',5,(#5654,#5655,#5656,#5657,#5658,
    #5659),.UNSPECIFIED.,.F.,.F.,(6,6),(0.,1.),
  .PIECEWISE_BEZIER_KNOTS.);
#5654 = CARTESIAN_POINT('',(-0.100976242602,0.));
#5655 = CARTESIAN_POINT('',(-8.08551919099E-02,-0.140326517419));
#5656 = CARTESIAN_POINT('',(-6.068010511322E-02,-0.28028798745));
#5657 = CARTESIAN_POINT('',(-4.046732707478E-02,-0.420006949963));
#5658 = CARTESIAN_POINT('',(-2.023466081448E-02,-0.55959855864));
#5659 = CARTESIAN_POINT('',(6.039595490392E-10,-0.699177453231));
#5660 = ( GEOMETRIC_REPRESENTATION_CONTEXT(2) 
PARAMETRIC_REPRESENTATION_CONTEXT() REPRESENTATION_CONTEXT('2D SPACE',''
  ) );
#5661 = PCURVE('',#5662,#5667);
#5662 = B_SPLINE_SURFACE_WITH_KNOTS('',1,1,(
    (#5663,#5664)
    ,(#5665,#5666
    )),.UNSPECIFIED.,.F.,.F.,.F.,(2,2),(2,2),(0.,9.),(0.,1.),
  .PIECEWISE_BEZIER_KNOTS.);
#5663 = CARTESIAN_POINT('',(64.618035567892,-7.03629727532,1.45));
#5664 = CARTESIAN_POINT('',(64.668904918473,6.552307734339,0.));
#5665 = CARTESIAN_POINT('',(73.565148184984,-8.010553821133,1.45));
#5666 = CARTESIAN_POINT('',(73.623060984108,7.459550343708,0.));
#5667 = DEFINITIONAL_REPRESENTATION('',(#5668),#5694);
#5668 = B_SPLINE_CURVE_WITH_KNOTS('',3,(#5669,#5670,#5671,#5672,#5673,
    #5674,#5675,#5676,#5677,#5678,#5679,#5680,#5681,#5682,#5683,#5684,
    #5685,#5686,#5687,#5688,#5689,#5690,#5691,#5692,#5693),
  .UNSPECIFIED.,.F.,.F.,(4,1,1,1,1,1,1,1,1,1,1,1,1,1,1,1,1,1,1,1,1,1,4),
  (0.,9.427280011076E-02,0.188545600222,0.282818400332,0.377091200443,
    0.471364000554,0.565636800665,0.659909600775,0.754182400886,
    0.848455200997,0.942728001108,1.037000801218,1.131273601329,
    1.22554640144,1.319819201551,1.414092001661,1.508364801772,
    1.602637601883,1.696910401994,1.791183202104,1.885456002215,
    1.979728802326,2.074001602437),.QUASI_UNIFORM_KNOTS.);
#5669 = CARTESIAN_POINT('',(1.,1.));
#5670 = CARTESIAN_POINT('',(1.021930788712,0.984794285598));
#5671 = CARTESIAN_POINT('',(1.063834816719,0.95439776001));
#5672 = CARTESIAN_POINT('',(1.120792549475,0.90884350396));
#5673 = CARTESIAN_POINT('',(1.171825292853,0.863325589924));
#5674 = CARTESIAN_POINT('',(1.216909933656,0.817839873106));
#5675 = CARTESIAN_POINT('',(1.256025697323,0.772382246261));
#5676 = CARTESIAN_POINT('',(1.289154475457,0.726948643896));
#5677 = CARTESIAN_POINT('',(1.316280924141,0.681535008455));
#5678 = CARTESIAN_POINT('',(1.337392395646,0.636137331784));
#5679 = CARTESIAN_POINT('',(1.352479064572,0.590751600975));
#5680 = CARTESIAN_POINT('',(1.361533900786,0.545373817703));
#5681 = CARTESIAN_POINT('',(1.364552676615,0.500000000659));
#5682 = CARTESIAN_POINT('',(1.361533965284,0.454626191452));
#5683 = CARTESIAN_POINT('',(1.352479160165,0.409248417306));
#5684 = CARTESIAN_POINT('',(1.337392478989,0.363862688206));
#5685 = CARTESIAN_POINT('',(1.316280961665,0.318465004628));
#5686 = CARTESIAN_POINT('',(1.289154475637,0.273051363513));
#5687 = CARTESIAN_POINT('',(1.256025696433,0.227617762414));
#5688 = CARTESIAN_POINT('',(1.216909931263,0.182160131872));
#5689 = CARTESIAN_POINT('',(1.171825301955,0.136674415191));
#5690 = CARTESIAN_POINT('',(1.120792561046,9.115649961483E-02));
#5691 = CARTESIAN_POINT('',(1.063834821327,4.560224096278E-02));
#5692 = CARTESIAN_POINT('',(1.021930789327,1.520571440379E-02));
#5693 = CARTESIAN_POINT('',(1.,0.));
#5694 = ( GEOMETRIC_REPRESENTATION_CONTEXT(2) 
PARAMETRIC_REPRESENTATION_CONTEXT() REPRESENTATION_CONTEXT('2D SPACE',''
  ) );
#5695 = ORIENTED_EDGE('',*,*,#5696,.T.);
#5696 = EDGE_CURVE('',#5635,#5697,#5699,.T.);
#5697 = VERTEX_POINT('',#5698);
#5698 = CARTESIAN_POINT('',(66.,0.,1.5));
#5699 = SEAM_CURVE('',#5700,(#5704,#5711),.PCURVE_S1.);
#5700 = LINE('',#5701,#5702);
#5701 = CARTESIAN_POINT('',(66.,0.,0.));
#5702 = VECTOR('',#5703,1.);
#5703 = DIRECTION('',(0.,0.,1.));
#5704 = PCURVE('',#2024,#5705);
#5705 = DEFINITIONAL_REPRESENTATION('',(#5706),#5710);
#5706 = LINE('',#5707,#5708);
#5707 = CARTESIAN_POINT('',(-6.28318530718,0.));
#5708 = VECTOR('',#5709,1.);
#5709 = DIRECTION('',(-0.,-1.));
#5710 = ( GEOMETRIC_REPRESENTATION_CONTEXT(2) 
PARAMETRIC_REPRESENTATION_CONTEXT() REPRESENTATION_CONTEXT('2D SPACE',''
  ) );
#5711 = PCURVE('',#2024,#5712);
#5712 = DEFINITIONAL_REPRESENTATION('',(#5713),#5717);
#5713 = LINE('',#5714,#5715);
#5714 = CARTESIAN_POINT('',(-0.,0.));
#5715 = VECTOR('',#5716,1.);
#5716 = DIRECTION('',(-0.,-1.));
#5717 = ( GEOMETRIC_REPRESENTATION_CONTEXT(2) 
PARAMETRIC_REPRESENTATION_CONTEXT() REPRESENTATION_CONTEXT('2D SPACE',''
  ) );
#5718 = ORIENTED_EDGE('',*,*,#5719,.T.);
#5719 = EDGE_CURVE('',#5697,#4933,#5720,.T.);
#5720 = SURFACE_CURVE('',#5721,(#5726,#5736),.PCURVE_S1.);
#5721 = ELLIPSE('',#5722,93.338095116624,66.);
#5722 = AXIS2_PLACEMENT_3D('',#5723,#5724,#5725);
#5723 = CARTESIAN_POINT('',(0.,0.,-64.5));
#5724 = DIRECTION('',(-0.707106781187,0.,0.707106781187));
#5725 = DIRECTION('',(-0.707106781187,0.,-0.707106781187));
#5726 = PCURVE('',#2024,#5727);
#5727 = DEFINITIONAL_REPRESENTATION('',(#5728),#5735);
#5728 = B_SPLINE_CURVE_WITH_KNOTS('',5,(#5729,#5730,#5731,#5732,#5733,
    #5734),.UNSPECIFIED.,.F.,.F.,(6,6),(3.14159265359,3.159775473674),
  .PIECEWISE_BEZIER_KNOTS.);
#5729 = CARTESIAN_POINT('',(8.881784197001E-16,-1.5));
#5730 = CARTESIAN_POINT('',(-3.636564016787E-03,-1.5));
#5731 = CARTESIAN_POINT('',(-7.273128033576E-03,-1.498908970678));
#5732 = CARTESIAN_POINT('',(-1.090969205036E-02,-1.496726912032));
#5733 = CARTESIAN_POINT('',(-1.454625606715E-02,-1.493453884184));
#5734 = CARTESIAN_POINT('',(-1.818282008394E-02,-1.489090007364));
#5735 = ( GEOMETRIC_REPRESENTATION_CONTEXT(2) 
PARAMETRIC_REPRESENTATION_CONTEXT() REPRESENTATION_CONTEXT('2D SPACE',''
  ) );
#5736 = PCURVE('',#2923,#5737);
#5737 = DEFINITIONAL_REPRESENTATION('',(#5738),#5742);
#5738 = ELLIPSE('',#5739,93.338095116624,66.);
#5739 = AXIS2_PLACEMENT_2D('',#5740,#5741);
#5740 = CARTESIAN_POINT('',(-91.21677477306,0.));
#5741 = DIRECTION('',(-1.,0.));
#5742 = ( GEOMETRIC_REPRESENTATION_CONTEXT(2) 
PARAMETRIC_REPRESENTATION_CONTEXT() REPRESENTATION_CONTEXT('2D SPACE',''
  ) );
#5743 = ORIENTED_EDGE('',*,*,#4955,.F.);
#5744 = ORIENTED_EDGE('',*,*,#5745,.T.);
#5745 = EDGE_CURVE('',#4956,#5079,#5746,.T.);
#5746 = SURFACE_CURVE('',#5747,(#5752,#5759),.PCURVE_S1.);
#5747 = CIRCLE('',#5748,66.);
#5748 = AXIS2_PLACEMENT_3D('',#5749,#5750,#5751);
#5749 = CARTESIAN_POINT('',(0.,0.,2.));
#5750 = DIRECTION('',(0.,0.,1.));
#5751 = DIRECTION('',(1.,0.,0.));
#5752 = PCURVE('',#2024,#5753);
#5753 = DEFINITIONAL_REPRESENTATION('',(#5754),#5758);
#5754 = LINE('',#5755,#5756);
#5755 = CARTESIAN_POINT('',(-0.,-2.));
#5756 = VECTOR('',#5757,1.);
#5757 = DIRECTION('',(-1.,0.));
#5758 = ( GEOMETRIC_REPRESENTATION_CONTEXT(2) 
PARAMETRIC_REPRESENTATION_CONTEXT() REPRESENTATION_CONTEXT('2D SPACE',''
  ) );
#5759 = PCURVE('',#4874,#5760);
#5760 = DEFINITIONAL_REPRESENTATION('',(#5761),#5764);
#5761 = B_SPLINE_CURVE_WITH_KNOTS('',1,(#5762,#5763),.UNSPECIFIED.,.F.,
  .F.,(2,2),(0.,6.28318530718),.PIECEWISE_BEZIER_KNOTS.);
#5762 = CARTESIAN_POINT('',(0.,0.));
#5763 = CARTESIAN_POINT('',(6.28318530718,0.));
#5764 = ( GEOMETRIC_REPRESENTATION_CONTEXT(2) 
PARAMETRIC_REPRESENTATION_CONTEXT() REPRESENTATION_CONTEXT('2D SPACE',''
  ) );
#5765 = ORIENTED_EDGE('',*,*,#5078,.T.);
#5766 = ORIENTED_EDGE('',*,*,#5767,.T.);
#5767 = EDGE_CURVE('',#5051,#5274,#5768,.T.);
#5768 = SURFACE_CURVE('',#5769,(#5774,#5784),.PCURVE_S1.);
#5769 = ELLIPSE('',#5770,93.338095116624,66.);
#5770 = AXIS2_PLACEMENT_3D('',#5771,#5772,#5773);
#5771 = CARTESIAN_POINT('',(0.,0.,-64.5));
#5772 = DIRECTION('',(-0.353553390593,-0.612372435696,0.707106781187));
#5773 = DIRECTION('',(-0.353553390593,-0.612372435696,-0.707106781187));
#5774 = PCURVE('',#2024,#5775);
#5775 = DEFINITIONAL_REPRESENTATION('',(#5776),#5783);
#5776 = B_SPLINE_CURVE_WITH_KNOTS('',5,(#5777,#5778,#5779,#5780,#5781,
    #5782),.UNSPECIFIED.,.F.,.F.,(6,6),(3.123409833506,3.159775473674),
  .PIECEWISE_BEZIER_KNOTS.);
#5777 = CARTESIAN_POINT('',(-1.029014731113,-1.489090007364));
#5778 = CARTESIAN_POINT('',(-1.036287859146,-1.497817761004));
#5779 = CARTESIAN_POINT('',(-1.04356098718,-1.502182118761));
#5780 = CARTESIAN_POINT('',(-1.050834115213,-1.502182118761));
#5781 = CARTESIAN_POINT('',(-1.058107243247,-1.497817761004));
#5782 = CARTESIAN_POINT('',(-1.065380371281,-1.489090007364));
#5783 = ( GEOMETRIC_REPRESENTATION_CONTEXT(2) 
PARAMETRIC_REPRESENTATION_CONTEXT() REPRESENTATION_CONTEXT('2D SPACE',''
  ) );
#5784 = PCURVE('',#5066,#5785);
#5785 = DEFINITIONAL_REPRESENTATION('',(#5786),#5790);
#5786 = ELLIPSE('',#5787,93.338095116624,66.);
#5787 = AXIS2_PLACEMENT_2D('',#5788,#5789);
#5788 = CARTESIAN_POINT('',(-91.21677477306,0.));
#5789 = DIRECTION('',(-1.,0.));
#5790 = ( GEOMETRIC_REPRESENTATION_CONTEXT(2) 
PARAMETRIC_REPRESENTATION_CONTEXT() REPRESENTATION_CONTEXT('2D SPACE',''
  ) );
#5791 = ORIENTED_EDGE('',*,*,#5296,.F.);
#5792 = ORIENTED_EDGE('',*,*,#5793,.T.);
#5793 = EDGE_CURVE('',#5297,#5415,#5794,.T.);
#5794 = SURFACE_CURVE('',#5795,(#5800,#5807),.PCURVE_S1.);
#5795 = CIRCLE('',#5796,66.);
#5796 = AXIS2_PLACEMENT_3D('',#5797,#5798,#5799);
#5797 = CARTESIAN_POINT('',(0.,0.,2.));
#5798 = DIRECTION('',(0.,0.,1.));
#5799 = DIRECTION('',(1.,0.,0.));
#5800 = PCURVE('',#2024,#5801);
#5801 = DEFINITIONAL_REPRESENTATION('',(#5802),#5806);
#5802 = LINE('',#5803,#5804);
#5803 = CARTESIAN_POINT('',(-0.,-2.));
#5804 = VECTOR('',#5805,1.);
#5805 = DIRECTION('',(-1.,0.));
#5806 = ( GEOMETRIC_REPRESENTATION_CONTEXT(2) 
PARAMETRIC_REPRESENTATION_CONTEXT() REPRESENTATION_CONTEXT('2D SPACE',''
  ) );
#5807 = PCURVE('',#5215,#5808);
#5808 = DEFINITIONAL_REPRESENTATION('',(#5809),#5812);
#5809 = B_SPLINE_CURVE_WITH_KNOTS('',1,(#5810,#5811),.UNSPECIFIED.,.F.,
  .F.,(2,2),(0.,6.28318530718),.PIECEWISE_BEZIER_KNOTS.);
#5810 = CARTESIAN_POINT('',(0.,0.));
#5811 = CARTESIAN_POINT('',(6.28318530718,0.));
#5812 = ( GEOMETRIC_REPRESENTATION_CONTEXT(2) 
PARAMETRIC_REPRESENTATION_CONTEXT() REPRESENTATION_CONTEXT('2D SPACE',''
  ) );
#5813 = ORIENTED_EDGE('',*,*,#5414,.T.);
#5814 = ORIENTED_EDGE('',*,*,#5815,.T.);
#5815 = EDGE_CURVE('',#5392,#3383,#5816,.T.);
#5816 = SURFACE_CURVE('',#5817,(#5822,#5832),.PCURVE_S1.);
#5817 = ELLIPSE('',#5818,93.338095116624,66.);
#5818 = AXIS2_PLACEMENT_3D('',#5819,#5820,#5821);
#5819 = CARTESIAN_POINT('',(0.,0.,-64.5));
#5820 = DIRECTION('',(0.353553390593,-0.612372435696,0.707106781187));
#5821 = DIRECTION('',(0.353553390593,-0.612372435696,-0.707106781187));
#5822 = PCURVE('',#2024,#5823);
#5823 = DEFINITIONAL_REPRESENTATION('',(#5824),#5831);
#5824 = B_SPLINE_CURVE_WITH_KNOTS('',5,(#5825,#5826,#5827,#5828,#5829,
    #5830),.UNSPECIFIED.,.F.,.F.,(6,6),(3.123409833506,3.159775473674),
  .PIECEWISE_BEZIER_KNOTS.);
#5825 = CARTESIAN_POINT('',(-2.076212282309,-1.489090007364));
#5826 = CARTESIAN_POINT('',(-2.083485410343,-1.497817761004));
#5827 = CARTESIAN_POINT('',(-2.090758538376,-1.502182118761));
#5828 = CARTESIAN_POINT('',(-2.09803166641,-1.502182118761));
#5829 = CARTESIAN_POINT('',(-2.105304794444,-1.497817761004));
#5830 = CARTESIAN_POINT('',(-2.112577922477,-1.489090007364));
#5831 = ( GEOMETRIC_REPRESENTATION_CONTEXT(2) 
PARAMETRIC_REPRESENTATION_CONTEXT() REPRESENTATION_CONTEXT('2D SPACE',''
  ) );
#5832 = PCURVE('',#3398,#5833);
#5833 = DEFINITIONAL_REPRESENTATION('',(#5834),#5838);
#5834 = ELLIPSE('',#5835,93.338095116624,66.);
#5835 = AXIS2_PLACEMENT_2D('',#5836,#5837);
#5836 = CARTESIAN_POINT('',(-91.21677477306,-3.552713678801E-15));
#5837 = DIRECTION('',(-1.,0.));
#5838 = ( GEOMETRIC_REPRESENTATION_CONTEXT(2) 
PARAMETRIC_REPRESENTATION_CONTEXT() REPRESENTATION_CONTEXT('2D SPACE',''
  ) );
#5839 = ORIENTED_EDGE('',*,*,#3410,.F.);
#5840 = ORIENTED_EDGE('',*,*,#5841,.T.);
#5841 = EDGE_CURVE('',#3411,#3531,#5842,.T.);
#5842 = SURFACE_CURVE('',#5843,(#5848,#5855),.PCURVE_S1.);
#5843 = CIRCLE('',#5844,66.);
#5844 = AXIS2_PLACEMENT_3D('',#5845,#5846,#5847);
#5845 = CARTESIAN_POINT('',(0.,0.,2.));
#5846 = DIRECTION('',(0.,0.,1.));
#5847 = DIRECTION('',(1.,0.,0.));
#5848 = PCURVE('',#2024,#5849);
#5849 = DEFINITIONAL_REPRESENTATION('',(#5850),#5854);
#5850 = LINE('',#5851,#5852);
#5851 = CARTESIAN_POINT('',(-0.,-2.));
#5852 = VECTOR('',#5853,1.);
#5853 = DIRECTION('',(-1.,0.));
#5854 = ( GEOMETRIC_REPRESENTATION_CONTEXT(2) 
PARAMETRIC_REPRESENTATION_CONTEXT() REPRESENTATION_CONTEXT('2D SPACE',''
  ) );
#5855 = PCURVE('',#3324,#5856);
#5856 = DEFINITIONAL_REPRESENTATION('',(#5857),#5860);
#5857 = B_SPLINE_CURVE_WITH_KNOTS('',1,(#5858,#5859),.UNSPECIFIED.,.F.,
  .F.,(2,2),(0.,6.28318530718),.PIECEWISE_BEZIER_KNOTS.);
#5858 = CARTESIAN_POINT('',(0.,0.));
#5859 = CARTESIAN_POINT('',(6.28318530718,0.));
#5860 = ( GEOMETRIC_REPRESENTATION_CONTEXT(2) 
PARAMETRIC_REPRESENTATION_CONTEXT() REPRESENTATION_CONTEXT('2D SPACE',''
  ) );
#5861 = ORIENTED_EDGE('',*,*,#3530,.T.);
#5862 = ORIENTED_EDGE('',*,*,#5863,.T.);
#5863 = EDGE_CURVE('',#3508,#2333,#5864,.T.);
#5864 = SURFACE_CURVE('',#5865,(#5870,#5880),.PCURVE_S1.);
#5865 = ELLIPSE('',#5866,93.338095116624,66.);
#5866 = AXIS2_PLACEMENT_3D('',#5867,#5868,#5869);
#5867 = CARTESIAN_POINT('',(0.,0.,-64.5));
#5868 = DIRECTION('',(0.707106781187,-8.659560562355E-17,0.707106781187)
  );
#5869 = DIRECTION('',(0.707106781187,-8.659560562355E-17,-0.707106781187
    ));
#5870 = PCURVE('',#2024,#5871);
#5871 = DEFINITIONAL_REPRESENTATION('',(#5872),#5879);
#5872 = B_SPLINE_CURVE_WITH_KNOTS('',5,(#5873,#5874,#5875,#5876,#5877,
    #5878),.UNSPECIFIED.,.F.,.F.,(6,6),(3.123409833506,3.159775473674),
  .PIECEWISE_BEZIER_KNOTS.);
#5873 = CARTESIAN_POINT('',(-3.123409833506,-1.489090007364));
#5874 = CARTESIAN_POINT('',(-3.130682961539,-1.497817761004));
#5875 = CARTESIAN_POINT('',(-3.137956089573,-1.502182118761));
#5876 = CARTESIAN_POINT('',(-3.145229217607,-1.502182118761));
#5877 = CARTESIAN_POINT('',(-3.15250234564,-1.497817761004));
#5878 = CARTESIAN_POINT('',(-3.159775473674,-1.489090007364));
#5879 = ( GEOMETRIC_REPRESENTATION_CONTEXT(2) 
PARAMETRIC_REPRESENTATION_CONTEXT() REPRESENTATION_CONTEXT('2D SPACE',''
  ) );
#5880 = PCURVE('',#2348,#5881);
#5881 = DEFINITIONAL_REPRESENTATION('',(#5882),#5886);
#5882 = ELLIPSE('',#5883,93.338095116624,66.);
#5883 = AXIS2_PLACEMENT_2D('',#5884,#5885);
#5884 = CARTESIAN_POINT('',(-91.21677477306,0.));
#5885 = DIRECTION('',(-1.,-2.465190328816E-32));
#5886 = ( GEOMETRIC_REPRESENTATION_CONTEXT(2) 
PARAMETRIC_REPRESENTATION_CONTEXT() REPRESENTATION_CONTEXT('2D SPACE',''
  ) );
#5887 = ORIENTED_EDGE('',*,*,#2360,.F.);
#5888 = ORIENTED_EDGE('',*,*,#5889,.T.);
#5889 = EDGE_CURVE('',#2361,#2479,#5890,.T.);
#5890 = SURFACE_CURVE('',#5891,(#5896,#5903),.PCURVE_S1.);
#5891 = CIRCLE('',#5892,66.);
#5892 = AXIS2_PLACEMENT_3D('',#5893,#5894,#5895);
#5893 = CARTESIAN_POINT('',(0.,0.,2.));
#5894 = DIRECTION('',(0.,0.,1.));
#5895 = DIRECTION('',(1.,0.,0.));
#5896 = PCURVE('',#2024,#5897);
#5897 = DEFINITIONAL_REPRESENTATION('',(#5898),#5902);
#5898 = LINE('',#5899,#5900);
#5899 = CARTESIAN_POINT('',(-0.,-2.));
#5900 = VECTOR('',#5901,1.);
#5901 = DIRECTION('',(-1.,0.));
#5902 = ( GEOMETRIC_REPRESENTATION_CONTEXT(2) 
PARAMETRIC_REPRESENTATION_CONTEXT() REPRESENTATION_CONTEXT('2D SPACE',''
  ) );
#5903 = PCURVE('',#2255,#5904);
#5904 = DEFINITIONAL_REPRESENTATION('',(#5905),#5908);
#5905 = B_SPLINE_CURVE_WITH_KNOTS('',1,(#5906,#5907),.UNSPECIFIED.,.F.,
  .F.,(2,2),(0.,6.28318530718),.PIECEWISE_BEZIER_KNOTS.);
#5906 = CARTESIAN_POINT('',(0.,0.));
#5907 = CARTESIAN_POINT('',(6.28318530718,0.));
#5908 = ( GEOMETRIC_REPRESENTATION_CONTEXT(2) 
PARAMETRIC_REPRESENTATION_CONTEXT() REPRESENTATION_CONTEXT('2D SPACE',''
  ) );
#5909 = ORIENTED_EDGE('',*,*,#2478,.T.);
#5910 = ORIENTED_EDGE('',*,*,#5911,.T.);
#5911 = EDGE_CURVE('',#2456,#1982,#5912,.T.);
#5912 = SURFACE_CURVE('',#5913,(#5918,#5928),.PCURVE_S1.);
#5913 = ELLIPSE('',#5914,93.338095116624,66.);
#5914 = AXIS2_PLACEMENT_3D('',#5915,#5916,#5917);
#5915 = CARTESIAN_POINT('',(0.,0.,-64.5));
#5916 = DIRECTION('',(0.353553390593,0.612372435696,0.707106781187));
#5917 = DIRECTION('',(0.353553390593,0.612372435696,-0.707106781187));
#5918 = PCURVE('',#2024,#5919);
#5919 = DEFINITIONAL_REPRESENTATION('',(#5920),#5927);
#5920 = B_SPLINE_CURVE_WITH_KNOTS('',5,(#5921,#5922,#5923,#5924,#5925,
    #5926),.UNSPECIFIED.,.F.,.F.,(6,6),(3.123409833506,3.159775473674),
  .PIECEWISE_BEZIER_KNOTS.);
#5921 = CARTESIAN_POINT('',(-4.170607384702,-1.489090007364));
#5922 = CARTESIAN_POINT('',(-4.177880512736,-1.497817761004));
#5923 = CARTESIAN_POINT('',(-4.18515364077,-1.502182118761));
#5924 = CARTESIAN_POINT('',(-4.192426768803,-1.502182118761));
#5925 = CARTESIAN_POINT('',(-4.199699896837,-1.497817761004));
#5926 = CARTESIAN_POINT('',(-4.20697302487,-1.489090007364));
#5927 = ( GEOMETRIC_REPRESENTATION_CONTEXT(2) 
PARAMETRIC_REPRESENTATION_CONTEXT() REPRESENTATION_CONTEXT('2D SPACE',''
  ) );
#5928 = PCURVE('',#1997,#5929);
#5929 = DEFINITIONAL_REPRESENTATION('',(#5930),#5934);
#5930 = ELLIPSE('',#5931,93.338095116624,66.);
#5931 = AXIS2_PLACEMENT_2D('',#5932,#5933);
#5932 = CARTESIAN_POINT('',(-91.21677477306,0.));
#5933 = DIRECTION('',(-1.,5.551115123126E-17));
#5934 = ( GEOMETRIC_REPRESENTATION_CONTEXT(2) 
PARAMETRIC_REPRESENTATION_CONTEXT() REPRESENTATION_CONTEXT('2D SPACE',''
  ) );
#5935 = ORIENTED_EDGE('',*,*,#2009,.F.);
#5936 = ORIENTED_EDGE('',*,*,#5605,.T.);
#5937 = ORIENTED_EDGE('',*,*,#2137,.T.);
#5938 = ORIENTED_EDGE('',*,*,#5939,.T.);
#5939 = EDGE_CURVE('',#2110,#2790,#5940,.T.);
#5940 = SURFACE_CURVE('',#5941,(#5946,#5956),.PCURVE_S1.);
#5941 = ELLIPSE('',#5942,93.338095116624,66.);
#5942 = AXIS2_PLACEMENT_3D('',#5943,#5944,#5945);
#5943 = CARTESIAN_POINT('',(0.,0.,-64.5));
#5944 = DIRECTION('',(-0.353553390593,0.612372435696,0.707106781187));
#5945 = DIRECTION('',(-0.353553390593,0.612372435696,-0.707106781187));
#5946 = PCURVE('',#2024,#5947);
#5947 = DEFINITIONAL_REPRESENTATION('',(#5948),#5955);
#5948 = B_SPLINE_CURVE_WITH_KNOTS('',5,(#5949,#5950,#5951,#5952,#5953,
    #5954),.UNSPECIFIED.,.F.,.F.,(6,6),(3.123409833506,3.159775473674),
  .PIECEWISE_BEZIER_KNOTS.);
#5949 = CARTESIAN_POINT('',(-5.217804935899,-1.489090007364));
#5950 = CARTESIAN_POINT('',(-5.225078063933,-1.497817761004));
#5951 = CARTESIAN_POINT('',(-5.232351191966,-1.502182118761));
#5952 = CARTESIAN_POINT('',(-5.23962432,-1.502182118761));
#5953 = CARTESIAN_POINT('',(-5.246897448033,-1.497817761004));
#5954 = CARTESIAN_POINT('',(-5.254170576067,-1.489090007364));
#5955 = ( GEOMETRIC_REPRESENTATION_CONTEXT(2) 
PARAMETRIC_REPRESENTATION_CONTEXT() REPRESENTATION_CONTEXT('2D SPACE',''
  ) );
#5956 = PCURVE('',#2125,#5957);
#5957 = DEFINITIONAL_REPRESENTATION('',(#5958),#5962);
#5958 = ELLIPSE('',#5959,93.338095116624,66.);
#5959 = AXIS2_PLACEMENT_2D('',#5960,#5961);
#5960 = CARTESIAN_POINT('',(-91.21677477306,0.));
#5961 = DIRECTION('',(-1.,0.));
#5962 = ( GEOMETRIC_REPRESENTATION_CONTEXT(2) 
PARAMETRIC_REPRESENTATION_CONTEXT() REPRESENTATION_CONTEXT('2D SPACE',''
  ) );
#5963 = ORIENTED_EDGE('',*,*,#2812,.F.);
#5964 = ORIENTED_EDGE('',*,*,#5965,.T.);
#5965 = EDGE_CURVE('',#2813,#2936,#5966,.T.);
#5966 = SURFACE_CURVE('',#5967,(#5972,#5979),.PCURVE_S1.);
#5967 = CIRCLE('',#5968,66.);
#5968 = AXIS2_PLACEMENT_3D('',#5969,#5970,#5971);
#5969 = CARTESIAN_POINT('',(0.,0.,2.));
#5970 = DIRECTION('',(0.,0.,1.));
#5971 = DIRECTION('',(1.,0.,0.));
#5972 = PCURVE('',#2024,#5973);
#5973 = DEFINITIONAL_REPRESENTATION('',(#5974),#5978);
#5974 = LINE('',#5975,#5976);
#5975 = CARTESIAN_POINT('',(-0.,-2.));
#5976 = VECTOR('',#5977,1.);
#5977 = DIRECTION('',(-1.,0.));
#5978 = ( GEOMETRIC_REPRESENTATION_CONTEXT(2) 
PARAMETRIC_REPRESENTATION_CONTEXT() REPRESENTATION_CONTEXT('2D SPACE',''
  ) );
#5979 = PCURVE('',#2712,#5980);
#5980 = DEFINITIONAL_REPRESENTATION('',(#5981),#5984);
#5981 = B_SPLINE_CURVE_WITH_KNOTS('',1,(#5982,#5983),.UNSPECIFIED.,.F.,
  .F.,(2,2),(0.,6.28318530718),.PIECEWISE_BEZIER_KNOTS.);
#5982 = CARTESIAN_POINT('',(0.,0.));
#5983 = CARTESIAN_POINT('',(6.28318530718,0.));
#5984 = ( GEOMETRIC_REPRESENTATION_CONTEXT(2) 
PARAMETRIC_REPRESENTATION_CONTEXT() REPRESENTATION_CONTEXT('2D SPACE',''
  ) );
#5985 = ORIENTED_EDGE('',*,*,#2935,.T.);
#5986 = ORIENTED_EDGE('',*,*,#5987,.T.);
#5987 = EDGE_CURVE('',#2908,#5697,#5988,.T.);
#5988 = SURFACE_CURVE('',#5989,(#5994,#6004),.PCURVE_S1.);
#5989 = ELLIPSE('',#5990,93.338095116624,66.);
#5990 = AXIS2_PLACEMENT_3D('',#5991,#5992,#5993);
#5991 = CARTESIAN_POINT('',(0.,0.,-64.5));
#5992 = DIRECTION('',(-0.707106781187,0.,0.707106781187));
#5993 = DIRECTION('',(-0.707106781187,0.,-0.707106781187));
#5994 = PCURVE('',#2024,#5995);
#5995 = DEFINITIONAL_REPRESENTATION('',(#5996),#6003);
#5996 = B_SPLINE_CURVE_WITH_KNOTS('',5,(#5997,#5998,#5999,#6000,#6001,
    #6002),.UNSPECIFIED.,.F.,.F.,(6,6),(3.123409833506,3.14159265359),
  .PIECEWISE_BEZIER_KNOTS.);
#5997 = CARTESIAN_POINT('',(-6.265002487096,-1.489090007364));
#5998 = CARTESIAN_POINT('',(-6.268639051112,-1.493453884184));
#5999 = CARTESIAN_POINT('',(-6.272275615129,-1.496726912032));
#6000 = CARTESIAN_POINT('',(-6.275912179146,-1.498908970678));
#6001 = CARTESIAN_POINT('',(-6.279548743163,-1.5));
#6002 = CARTESIAN_POINT('',(-6.28318530718,-1.5));
#6003 = ( GEOMETRIC_REPRESENTATION_CONTEXT(2) 
PARAMETRIC_REPRESENTATION_CONTEXT() REPRESENTATION_CONTEXT('2D SPACE',''
  ) );
#6004 = PCURVE('',#2923,#6005);
#6005 = DEFINITIONAL_REPRESENTATION('',(#6006),#6010);
#6006 = ELLIPSE('',#6007,93.338095116624,66.);
#6007 = AXIS2_PLACEMENT_2D('',#6008,#6009);
#6008 = CARTESIAN_POINT('',(-91.21677477306,0.));
#6009 = DIRECTION('',(-1.,0.));
#6010 = ( GEOMETRIC_REPRESENTATION_CONTEXT(2) 
PARAMETRIC_REPRESENTATION_CONTEXT() REPRESENTATION_CONTEXT('2D SPACE',''
  ) );
#6011 = ORIENTED_EDGE('',*,*,#5696,.F.);
#6012 = ORIENTED_EDGE('',*,*,#6013,.T.);
#6013 = EDGE_CURVE('',#5635,#6014,#6016,.T.);
#6014 = VERTEX_POINT('',#6015);
#6015 = CARTESIAN_POINT('',(65.612159192013,-7.144548002633,1.45));
#6016 = SURFACE_CURVE('',#6017,(#6030,#6040),.PCURVE_S1.);
#6017 = B_SPLINE_CURVE_WITH_KNOTS('',4,(#6018,#6019,#6020,#6021,#6022,
    #6023,#6024,#6025,#6026,#6027,#6028,#6029),.UNSPECIFIED.,.F.,.F.,(5,
    3,1,3,5),(0.,0.498965425347,1.,1.537143501823,2.074001602437),
  .UNSPECIFIED.);
#6018 = CARTESIAN_POINT('',(65.663811147988,6.653112468713,0.));
#6019 = CARTESIAN_POINT('',(65.747305286215,5.829055555465,
    8.752260056417E-02));
#6020 = CARTESIAN_POINT('',(65.817159938384,5.002128862574,
    0.174893742793));
#6021 = CARTESIAN_POINT('',(65.873194442316,4.173002793394,
    0.262151387148));
#6022 = CARTESIAN_POINT('',(65.957605739327,2.508324571913,
    0.436873546559));
#6023 = CARTESIAN_POINT('',(66.016165230786,0.776974943879,
    0.618104864605));
#6024 = CARTESIAN_POINT('',(66.014064300572,-0.957750583278,
    0.799158818094));
#6025 = CARTESIAN_POINT('',(65.951264998928,-2.689344804179,
    0.98035554079));
#6026 = CARTESIAN_POINT('',(65.854046255784,-4.477239129246,
    1.167970866462));
#6027 = CARTESIAN_POINT('',(65.789335954338,-5.369226707472,
    1.261836756651));
#6028 = CARTESIAN_POINT('',(65.70862978153,-6.258607608028,
    1.355830716533));
#6029 = CARTESIAN_POINT('',(65.612159192013,-7.144548002633,1.45));
#6030 = PCURVE('',#2024,#6031);
#6031 = DEFINITIONAL_REPRESENTATION('',(#6032),#6039);
#6032 = B_SPLINE_CURVE_WITH_KNOTS('',5,(#6033,#6034,#6035,#6036,#6037,
    #6038),.UNSPECIFIED.,.F.,.F.,(6,6),(1.,2.074001602437),
  .PIECEWISE_BEZIER_KNOTS.);
#6033 = CARTESIAN_POINT('',(-6.283185306576,-0.699177453231));
#6034 = CARTESIAN_POINT('',(-6.261453247787,-0.849085409689));
#6035 = CARTESIAN_POINT('',(-6.239718908506,-0.998978673369));
#6036 = CARTESIAN_POINT('',(-6.218004450547,-1.148999255272));
#6037 = CARTESIAN_POINT('',(-6.196332079989,-1.299289097096));
#6038 = CARTESIAN_POINT('',(-6.174722039542,-1.45));
#6039 = ( GEOMETRIC_REPRESENTATION_CONTEXT(2) 
PARAMETRIC_REPRESENTATION_CONTEXT() REPRESENTATION_CONTEXT('2D SPACE',''
  ) );
#6040 = PCURVE('',#5662,#6041);
#6041 = DEFINITIONAL_REPRESENTATION('',(#6042),#6068);
#6042 = B_SPLINE_CURVE_WITH_KNOTS('',3,(#6043,#6044,#6045,#6046,#6047,
    #6048,#6049,#6050,#6051,#6052,#6053,#6054,#6055,#6056,#6057,#6058,
    #6059,#6060,#6061,#6062,#6063,#6064,#6065,#6066,#6067),
  .UNSPECIFIED.,.F.,.F.,(4,1,1,1,1,1,1,1,1,1,1,1,1,1,1,1,1,1,1,1,1,1,4),
  (0.,9.427280011076E-02,0.188545600222,0.282818400332,0.377091200443,
    0.471364000554,0.565636800665,0.659909600775,0.754182400886,
    0.848455200997,0.942728001108,1.037000801218,1.131273601329,
    1.22554640144,1.319819201551,1.414092001661,1.508364801772,
    1.602637601883,1.696910401994,1.791183202104,1.885456002215,
    1.979728802326,2.074001602437),.QUASI_UNIFORM_KNOTS.);
#6043 = CARTESIAN_POINT('',(1.,1.));
#6044 = CARTESIAN_POINT('',(1.021930788712,0.984794285598));
#6045 = CARTESIAN_POINT('',(1.063834816719,0.95439776001));
#6046 = CARTESIAN_POINT('',(1.120792549475,0.90884350396));
#6047 = CARTESIAN_POINT('',(1.171825292853,0.863325589924));
#6048 = CARTESIAN_POINT('',(1.216909933656,0.817839873106));
#6049 = CARTESIAN_POINT('',(1.256025697323,0.772382246261));
#6050 = CARTESIAN_POINT('',(1.289154475457,0.726948643896));
#6051 = CARTESIAN_POINT('',(1.316280924141,0.681535008455));
#6052 = CARTESIAN_POINT('',(1.337392395646,0.636137331784));
#6053 = CARTESIAN_POINT('',(1.352479064572,0.590751600975));
#6054 = CARTESIAN_POINT('',(1.361533900786,0.545373817703));
#6055 = CARTESIAN_POINT('',(1.364552676615,0.500000000659));
#6056 = CARTESIAN_POINT('',(1.361533965284,0.454626191452));
#6057 = CARTESIAN_POINT('',(1.352479160165,0.409248417306));
#6058 = CARTESIAN_POINT('',(1.337392478989,0.363862688206));
#6059 = CARTESIAN_POINT('',(1.316280961665,0.318465004628));
#6060 = CARTESIAN_POINT('',(1.289154475637,0.273051363513));
#6061 = CARTESIAN_POINT('',(1.256025696433,0.227617762414));
#6062 = CARTESIAN_POINT('',(1.216909931263,0.182160131872));
#6063 = CARTESIAN_POINT('',(1.171825301955,0.136674415191));
#6064 = CARTESIAN_POINT('',(1.120792561046,9.115649961483E-02));
#6065 = CARTESIAN_POINT('',(1.063834821327,4.560224096278E-02));
#6066 = CARTESIAN_POINT('',(1.021930789327,1.520571440379E-02));
#6067 = CARTESIAN_POINT('',(1.,0.));
#6068 = ( GEOMETRIC_REPRESENTATION_CONTEXT(2) 
PARAMETRIC_REPRESENTATION_CONTEXT() REPRESENTATION_CONTEXT('2D SPACE',''
  ) );
#6069 = ORIENTED_EDGE('',*,*,#6070,.T.);
#6070 = EDGE_CURVE('',#6014,#6071,#6073,.T.);
#6071 = VERTEX_POINT('',#6072);
#6072 = CARTESIAN_POINT('',(65.612159192013,-7.144548002633,0.));
#6073 = SURFACE_CURVE('',#6074,(#6078,#6085),.PCURVE_S1.);
#6074 = LINE('',#6075,#6076);
#6075 = CARTESIAN_POINT('',(65.612159192013,-7.144548002633,0.));
#6076 = VECTOR('',#6077,1.);
#6077 = DIRECTION('',(-0.,-0.,-1.));
#6078 = PCURVE('',#2024,#6079);
#6079 = DEFINITIONAL_REPRESENTATION('',(#6080),#6084);
#6080 = LINE('',#6081,#6082);
#6081 = CARTESIAN_POINT('',(-6.174722039542,0.));
#6082 = VECTOR('',#6083,1.);
#6083 = DIRECTION('',(-0.,1.));
#6084 = ( GEOMETRIC_REPRESENTATION_CONTEXT(2) 
PARAMETRIC_REPRESENTATION_CONTEXT() REPRESENTATION_CONTEXT('2D SPACE',''
  ) );
#6085 = PCURVE('',#6086,#6091);
#6086 = PLANE('',#6087);
#6087 = AXIS2_PLACEMENT_3D('',#6088,#6089,#6090);
#6088 = CARTESIAN_POINT('',(64.618035567892,-7.03629727532,0.));
#6089 = DIRECTION('',(0.108250727313,0.994123624121,0.));
#6090 = DIRECTION('',(0.980597502371,-0.106777859672,0.164398987305));
#6091 = DEFINITIONAL_REPRESENTATION('',(#6092),#6095);
#6092 = B_SPLINE_CURVE_WITH_KNOTS('',1,(#6093,#6094),.UNSPECIFIED.,.F.,
  .F.,(2,2),(-1.5000006,6.E-07),.PIECEWISE_BEZIER_KNOTS.);
#6093 = CARTESIAN_POINT('',(1.23299250343,-1.315192490279));
#6094 = CARTESIAN_POINT('',(0.986393825193,0.164399579142));
#6095 = ( GEOMETRIC_REPRESENTATION_CONTEXT(2) 
PARAMETRIC_REPRESENTATION_CONTEXT() REPRESENTATION_CONTEXT('2D SPACE',''
  ) );
#6096 = ORIENTED_EDGE('',*,*,#6097,.F.);
#6097 = EDGE_CURVE('',#6098,#6071,#6100,.T.);
#6098 = VERTEX_POINT('',#6099);
#6099 = CARTESIAN_POINT('',(62.692941037276,-20.62995744291,1.45));
#6100 = SURFACE_CURVE('',#6101,(#6116,#6126),.PCURVE_S1.);
#6101 = B_SPLINE_CURVE_WITH_KNOTS('',4,(#6102,#6103,#6104,#6105,#6106,
    #6107,#6108,#6109,#6110,#6111,#6112,#6113,#6114,#6115),
  .UNSPECIFIED.,.F.,.F.,(5,3,3,3,5),(0.,0.250841857833,0.501282987113,
    0.751421403663,1.),.UNSPECIFIED.);
#6102 = CARTESIAN_POINT('',(62.692941037276,-20.62995744291,1.45));
#6103 = CARTESIAN_POINT('',(62.962881566361,-19.80962779753,
    1.358744540836));
#6104 = CARTESIAN_POINT('',(63.219013367613,-18.98306002847,
    1.267653728618));
#6105 = CARTESIAN_POINT('',(63.46097276867,-18.15095237305,
    1.176684549981));
#6106 = CARTESIAN_POINT('',(63.915632572947,-16.47852081909,
    0.99505280334));
#6107 = CARTESIAN_POINT('',(64.128379670893,-15.63821082239,
    0.904389882949));
#6108 = CARTESIAN_POINT('',(64.326452024363,-14.79389829887,
    0.813766609067));
#6109 = CARTESIAN_POINT('',(64.692680947037,-13.09988825667,
    0.632628873997));
#6110 = CARTESIAN_POINT('',(64.860873704489,-12.25019700642,
    0.542114316627));
#6111 = CARTESIAN_POINT('',(65.014084230672,-11.39810236152,
    0.45155943525));
#6112 = CARTESIAN_POINT('',(65.289551268922,-9.696034375281,
    0.270853066755));
#6113 = CARTESIAN_POINT('',(65.411994883745,-8.846079519952,
    0.180702493393));
#6114 = CARTESIAN_POINT('',(65.519517123304,-7.995329067832,
    9.043209202884E-02));
#6115 = CARTESIAN_POINT('',(65.612159192013,-7.144548002633,0.));
#6116 = PCURVE('',#2024,#6117);
#6117 = DEFINITIONAL_REPRESENTATION('',(#6118),#6125);
#6118 = B_SPLINE_CURVE_WITH_KNOTS('',5,(#6119,#6120,#6121,#6122,#6123,
    #6124),.UNSPECIFIED.,.F.,.F.,(6,6),(0.,1.),
  .PIECEWISE_BEZIER_KNOTS.);
#6119 = CARTESIAN_POINT('',(-5.965282529303,-1.45));
#6120 = CARTESIAN_POINT('',(-6.007013620508,-1.158962579206));
#6121 = CARTESIAN_POINT('',(-6.048977118047,-0.869495527107));
#6122 = CARTESIAN_POINT('',(-6.091027451423,-0.580504468734));
#6123 = CARTESIAN_POINT('',(-6.13299094829,-0.291037421118));
#6124 = CARTESIAN_POINT('',(-6.174722039542,0.));
#6125 = ( GEOMETRIC_REPRESENTATION_CONTEXT(2) 
PARAMETRIC_REPRESENTATION_CONTEXT() REPRESENTATION_CONTEXT('2D SPACE',''
  ) );
#6126 = PCURVE('',#6127,#6132);
#6127 = B_SPLINE_SURFACE_WITH_KNOTS('',1,1,(
    (#6128,#6129)
    ,(#6130,#6131
    )),.UNSPECIFIED.,.F.,.F.,.F.,(2,2),(2,2),(0.,9.),(0.,1.),
  .PIECEWISE_BEZIER_KNOTS.);
#6128 = CARTESIAN_POINT('',(61.743047991257,-20.31738233014,1.45));
#6129 = CARTESIAN_POINT('',(64.618035567892,-7.03629727532,0.));
#6130 = CARTESIAN_POINT('',(70.292085405431,-23.13055834509,1.45));
#6131 = CARTESIAN_POINT('',(73.565148184984,-8.010553821133,0.));
#6132 = DEFINITIONAL_REPRESENTATION('',(#6133),#6148);
#6133 = B_SPLINE_CURVE_WITH_KNOTS('',4,(#6134,#6135,#6136,#6137,#6138,
    #6139,#6140,#6141,#6142,#6143,#6144,#6145,#6146,#6147),
  .UNSPECIFIED.,.F.,.F.,(5,3,3,3,5),(0.,0.250841857833,0.501282987113,
    0.751421403663,1.),.UNSPECIFIED.);
#6134 = CARTESIAN_POINT('',(1.,0.));
#6135 = CARTESIAN_POINT('',(1.090768240072,6.293479942318E-02));
#6136 = CARTESIAN_POINT('',(1.166638926129,0.125756049229));
#6137 = CARTESIAN_POINT('',(1.227403201744,0.188493413806));
#6138 = CARTESIAN_POINT('',(1.318429687841,0.313756687352));
#6139 = CARTESIAN_POINT('',(1.348740744822,0.376282839345));
#6140 = CARTESIAN_POINT('',(1.363778768286,0.43878164892));
#6141 = CARTESIAN_POINT('',(1.36330960797,0.56370422483));
#6142 = CARTESIAN_POINT('',(1.347839321574,0.626128057499));
#6143 = CARTESIAN_POINT('',(1.317134015353,0.688579699828));
#6144 = CARTESIAN_POINT('',(1.225754749372,0.813204781548));
#6145 = CARTESIAN_POINT('',(1.165268596764,0.875377590764));
#6146 = CARTESIAN_POINT('',(1.089949268951,0.93763303998));
#6147 = CARTESIAN_POINT('',(1.,1.));
#6148 = ( GEOMETRIC_REPRESENTATION_CONTEXT(2) 
PARAMETRIC_REPRESENTATION_CONTEXT() REPRESENTATION_CONTEXT('2D SPACE',''
  ) );
#6149 = ORIENTED_EDGE('',*,*,#6150,.T.);
#6150 = EDGE_CURVE('',#6098,#6151,#6153,.T.);
#6151 = VERTEX_POINT('',#6152);
#6152 = CARTESIAN_POINT('',(62.692941037277,-20.62995744291,0.));
#6153 = SURFACE_CURVE('',#6154,(#6158,#6165),.PCURVE_S1.);
#6154 = LINE('',#6155,#6156);
#6155 = CARTESIAN_POINT('',(62.692941037276,-20.62995744291,0.));
#6156 = VECTOR('',#6157,1.);
#6157 = DIRECTION('',(-0.,-0.,-1.));
#6158 = PCURVE('',#2024,#6159);
#6159 = DEFINITIONAL_REPRESENTATION('',(#6160),#6164);
#6160 = LINE('',#6161,#6162);
#6161 = CARTESIAN_POINT('',(-5.965282529303,0.));
#6162 = VECTOR('',#6163,1.);
#6163 = DIRECTION('',(-0.,1.));
#6164 = ( GEOMETRIC_REPRESENTATION_CONTEXT(2) 
PARAMETRIC_REPRESENTATION_CONTEXT() REPRESENTATION_CONTEXT('2D SPACE',''
  ) );
#6165 = PCURVE('',#6166,#6171);
#6166 = PLANE('',#6167);
#6167 = AXIS2_PLACEMENT_3D('',#6168,#6169,#6170);
#6168 = CARTESIAN_POINT('',(61.743047991257,-20.31738233014,0.));
#6169 = DIRECTION('',(0.312575112771,0.949893046019,0.));
#6170 = DIRECTION('',(0.936968728884,-0.308322191979,0.164398987305));
#6171 = DEFINITIONAL_REPRESENTATION('',(#6172),#6175);
#6172 = B_SPLINE_CURVE_WITH_KNOTS('',1,(#6173,#6174),.UNSPECIFIED.,.F.,
  .F.,(2,2),(-1.5000006,6.E-07),.PIECEWISE_BEZIER_KNOTS.);
#6173 = CARTESIAN_POINT('',(1.23299250343,-1.315192490279));
#6174 = CARTESIAN_POINT('',(0.986393825193,0.164399579142));
#6175 = ( GEOMETRIC_REPRESENTATION_CONTEXT(2) 
PARAMETRIC_REPRESENTATION_CONTEXT() REPRESENTATION_CONTEXT('2D SPACE',''
  ) );
#6176 = ORIENTED_EDGE('',*,*,#6177,.F.);
#6177 = EDGE_CURVE('',#6178,#6151,#6180,.T.);
#6178 = VERTEX_POINT('',#6179);
#6179 = CARTESIAN_POINT('',(57.033740525102,-33.21373874942,1.45));
#6180 = SURFACE_CURVE('',#6181,(#6196,#6206),.PCURVE_S1.);
#6181 = B_SPLINE_CURVE_WITH_KNOTS('',4,(#6182,#6183,#6184,#6185,#6186,
    #6187,#6188,#6189,#6190,#6191,#6192,#6193,#6194,#6195),
  .UNSPECIFIED.,.F.,.F.,(5,3,3,3,5),(0.,0.250841857833,0.501282987113,
    0.751421403663,1.),.UNSPECIFIED.);
#6182 = CARTESIAN_POINT('',(57.033740525102,-33.21373874942,1.45));
#6183 = CARTESIAN_POINT('',(57.468338329568,-32.4674590668,
    1.358744540836));
#6184 = CARTESIAN_POINT('',(57.890726138873,-31.71220658253,
    1.267653728618));
#6185 = CARTESIAN_POINT('',(58.300403056073,-30.94858866401,
    1.176684549981));
#6186 = CARTESIAN_POINT('',(59.092845524939,-29.40723284076,
    0.99505280334));
#6187 = CARTESIAN_POINT('',(59.475653860581,-28.62951824247,
    0.904389882949));
#6188 = CARTESIAN_POINT('',(59.844940302243,-27.84483753124,
    0.813766609067));
#6189 = CARTESIAN_POINT('',(60.555370736414,-26.26398894737,
    0.632628873997));
#6190 = CARTESIAN_POINT('',(60.896548823088,-25.46783473016,
    0.542114316627));
#6191 = CARTESIAN_POINT('',(61.223571770039,-24.6662146572,0.45155943525
    ));
#6192 = CARTESIAN_POINT('',(61.846899025491,-23.05861375786,
    0.270853066755));
#6193 = CARTESIAN_POINT('',(62.143382504646,-22.25268991438,
    0.180702493393));
#6194 = CARTESIAN_POINT('',(62.42543609026,-21.44288553144,
    9.043209202884E-02));
#6195 = CARTESIAN_POINT('',(62.692941037276,-20.62995744291,0.));
#6196 = PCURVE('',#2024,#6197);
#6197 = DEFINITIONAL_REPRESENTATION('',(#6198),#6205);
#6198 = B_SPLINE_CURVE_WITH_KNOTS('',5,(#6199,#6200,#6201,#6202,#6203,
    #6204),.UNSPECIFIED.,.F.,.F.,(6,6),(0.,1.),
  .PIECEWISE_BEZIER_KNOTS.);
#6199 = CARTESIAN_POINT('',(-5.755843019063,-1.45));
#6200 = CARTESIAN_POINT('',(-5.797574110269,-1.158962579206));
#6201 = CARTESIAN_POINT('',(-5.839537607808,-0.869495527107));
#6202 = CARTESIAN_POINT('',(-5.881587941184,-0.580504468734));
#6203 = CARTESIAN_POINT('',(-5.92355143805,-0.291037421118));
#6204 = CARTESIAN_POINT('',(-5.965282529303,0.));
#6205 = ( GEOMETRIC_REPRESENTATION_CONTEXT(2) 
PARAMETRIC_REPRESENTATION_CONTEXT() REPRESENTATION_CONTEXT('2D SPACE',''
  ) );
#6206 = PCURVE('',#6207,#6212);
#6207 = B_SPLINE_SURFACE_WITH_KNOTS('',1,1,(
    (#6208,#6209)
    ,(#6210,#6211
    )),.UNSPECIFIED.,.F.,.F.,.F.,(2,2),(2,2),(0.,9.),(0.,1.),
  .PIECEWISE_BEZIER_KNOTS.);
#6208 = CARTESIAN_POINT('',(56.169592941389,-32.71050028352,1.45));
#6209 = CARTESIAN_POINT('',(61.743047991257,-20.31738233014,0.));
#6210 = CARTESIAN_POINT('',(63.946921194812,-37.23964647663,1.45));
#6211 = CARTESIAN_POINT('',(70.292085405431,-23.13055834509,0.));
#6212 = DEFINITIONAL_REPRESENTATION('',(#6213),#6228);
#6213 = B_SPLINE_CURVE_WITH_KNOTS('',4,(#6214,#6215,#6216,#6217,#6218,
    #6219,#6220,#6221,#6222,#6223,#6224,#6225,#6226,#6227),
  .UNSPECIFIED.,.F.,.F.,(5,3,3,3,5),(0.,0.250841857833,0.501282987113,
    0.751421403663,1.),.UNSPECIFIED.);
#6214 = CARTESIAN_POINT('',(1.,0.));
#6215 = CARTESIAN_POINT('',(1.090768240072,6.293479942318E-02));
#6216 = CARTESIAN_POINT('',(1.166638926129,0.125756049229));
#6217 = CARTESIAN_POINT('',(1.227403201744,0.188493413806));
#6218 = CARTESIAN_POINT('',(1.318429687841,0.313756687352));
#6219 = CARTESIAN_POINT('',(1.348740744822,0.376282839345));
#6220 = CARTESIAN_POINT('',(1.363778768286,0.43878164892));
#6221 = CARTESIAN_POINT('',(1.36330960797,0.56370422483));
#6222 = CARTESIAN_POINT('',(1.347839321574,0.626128057499));
#6223 = CARTESIAN_POINT('',(1.317134015353,0.688579699828));
#6224 = CARTESIAN_POINT('',(1.225754749372,0.813204781548));
#6225 = CARTESIAN_POINT('',(1.165268596764,0.875377590764));
#6226 = CARTESIAN_POINT('',(1.089949268951,0.93763303998));
#6227 = CARTESIAN_POINT('',(1.,1.));
#6228 = ( GEOMETRIC_REPRESENTATION_CONTEXT(2) 
PARAMETRIC_REPRESENTATION_CONTEXT() REPRESENTATION_CONTEXT('2D SPACE',''
  ) );
#6229 = ORIENTED_EDGE('',*,*,#6230,.T.);
#6230 = EDGE_CURVE('',#6178,#6231,#6233,.T.);
#6231 = VERTEX_POINT('',#6232);
#6232 = CARTESIAN_POINT('',(57.033740525103,-33.21373874942,0.));
#6233 = SURFACE_CURVE('',#6234,(#6238,#6245),.PCURVE_S1.);
#6234 = LINE('',#6235,#6236);
#6235 = CARTESIAN_POINT('',(57.033740525102,-33.21373874942,
    -4.798453555896E-30));
#6236 = VECTOR('',#6237,1.);
#6237 = DIRECTION('',(-0.,-0.,-1.));
#6238 = PCURVE('',#2024,#6239);
#6239 = DEFINITIONAL_REPRESENTATION('',(#6240),#6244);
#6240 = LINE('',#6241,#6242);
#6241 = CARTESIAN_POINT('',(-5.755843019063,4.798453555896E-30));
#6242 = VECTOR('',#6243,1.);
#6243 = DIRECTION('',(-0.,1.));
#6244 = ( GEOMETRIC_REPRESENTATION_CONTEXT(2) 
PARAMETRIC_REPRESENTATION_CONTEXT() REPRESENTATION_CONTEXT('2D SPACE',''
  ) );
#6245 = PCURVE('',#6246,#6251);
#6246 = PLANE('',#6247);
#6247 = AXIS2_PLACEMENT_3D('',#6248,#6249,#6250);
#6248 = CARTESIAN_POINT('',(56.169592941389,-32.71050028352,0.));
#6249 = DIRECTION('',(0.5032384659,0.864147583714,3.376611507232E-16));
#6250 = DIRECTION('',(0.852389925869,-0.496391365003,0.164398987305));
#6251 = DEFINITIONAL_REPRESENTATION('',(#6252),#6255);
#6252 = B_SPLINE_CURVE_WITH_KNOTS('',1,(#6253,#6254),.UNSPECIFIED.,.F.,
  .F.,(2,2),(-1.5000006,6.E-07),.PIECEWISE_BEZIER_KNOTS.);
#6253 = CARTESIAN_POINT('',(1.23299250343,-1.315192490279));
#6254 = CARTESIAN_POINT('',(0.986393825193,0.164399579142));
#6255 = ( GEOMETRIC_REPRESENTATION_CONTEXT(2) 
PARAMETRIC_REPRESENTATION_CONTEXT() REPRESENTATION_CONTEXT('2D SPACE',''
  ) );
#6256 = ORIENTED_EDGE('',*,*,#6257,.F.);
#6257 = EDGE_CURVE('',#6258,#6231,#6260,.T.);
#6258 = VERTEX_POINT('',#6259);
#6259 = CARTESIAN_POINT('',(48.88189187373,-44.34592029538,1.45));
#6260 = SURFACE_CURVE('',#6261,(#6276,#6286),.PCURVE_S1.);
#6261 = B_SPLINE_CURVE_WITH_KNOTS('',4,(#6262,#6263,#6264,#6265,#6266,
    #6267,#6268,#6269,#6270,#6271,#6272,#6273,#6274,#6275),
  .UNSPECIFIED.,.F.,.F.,(5,3,3,3,5),(0.,0.250841857833,0.501282987113,
    0.751421403669,1.),.UNSPECIFIED.);
#6262 = CARTESIAN_POINT('',(48.88189187373,-44.34592029538,1.45));
#6263 = CARTESIAN_POINT('',(49.46215294409,-43.7063065787,1.358744540836
    ));
#6264 = CARTESIAN_POINT('',(50.032336387341,-43.05537753687,
    1.267653728618));
#6265 = CARTESIAN_POINT('',(50.591825973553,-42.39362312254,
    1.176684549981));
#6266 = CARTESIAN_POINT('',(51.687417568558,-41.05070767573,
    0.99505280334));
#6267 = CARTESIAN_POINT('',(52.223556580711,-40.36957833568,
    0.904389882949));
#6268 = CARTESIAN_POINT('',(52.747917521031,-39.67882374913,
    0.813766609067));
#6269 = CARTESIAN_POINT('',(53.771500247712,-38.28022729246,
    0.632628873995));
#6270 = CARTESIAN_POINT('',(54.270752544079,-37.57240586794,
    0.542114316623));
#6271 = CARTESIAN_POINT('',(54.757295439797,-36.85629501069,
    0.451559435244));
#6272 = CARTESIAN_POINT('',(55.701240520329,-35.41342107168,
    0.270853066749));
#6273 = CARTESIAN_POINT('',(56.15880611308,-34.68675097927,
    0.180702493389));
#6274 = CARTESIAN_POINT('',(56.603063949604,-33.95328500293,
    9.043209202676E-02));
#6275 = CARTESIAN_POINT('',(57.033740525102,-33.21373874942,0.));
#6276 = PCURVE('',#2024,#6277);
#6277 = DEFINITIONAL_REPRESENTATION('',(#6278),#6285);
#6278 = B_SPLINE_CURVE_WITH_KNOTS('',5,(#6279,#6280,#6281,#6282,#6283,
    #6284),.UNSPECIFIED.,.F.,.F.,(6,6),(0.,1.),
  .PIECEWISE_BEZIER_KNOTS.);
#6279 = CARTESIAN_POINT('',(-5.546403508824,-1.45));
#6280 = CARTESIAN_POINT('',(-5.58813460003,-1.158962579206));
#6281 = CARTESIAN_POINT('',(-5.630098097569,-0.869495527107));
#6282 = CARTESIAN_POINT('',(-5.672148430944,-0.580504468734));
#6283 = CARTESIAN_POINT('',(-5.714111927811,-0.291037421118));
#6284 = CARTESIAN_POINT('',(-5.755843019063,0.));
#6285 = ( GEOMETRIC_REPRESENTATION_CONTEXT(2) 
PARAMETRIC_REPRESENTATION_CONTEXT() REPRESENTATION_CONTEXT('2D SPACE',''
  ) );
#6286 = PCURVE('',#6287,#6292);
#6287 = B_SPLINE_SURFACE_WITH_KNOTS('',1,1,(
    (#6288,#6289)
    ,(#6290,#6291
    )),.UNSPECIFIED.,.F.,.F.,.F.,(2,2),(2,2),(0.,9.),(0.,1.),
  .PIECEWISE_BEZIER_KNOTS.);
#6288 = CARTESIAN_POINT('',(48.14125714837,-43.67401241212,1.45));
#6289 = CARTESIAN_POINT('',(56.169592941389,-32.71050028352,0.));
#6290 = CARTESIAN_POINT('',(54.806969676606,-49.72118336149,1.45));
#6291 = CARTESIAN_POINT('',(63.946921194812,-37.23964647663,0.));
#6292 = DEFINITIONAL_REPRESENTATION('',(#6293),#6308);
#6293 = B_SPLINE_CURVE_WITH_KNOTS('',4,(#6294,#6295,#6296,#6297,#6298,
    #6299,#6300,#6301,#6302,#6303,#6304,#6305,#6306,#6307),
  .UNSPECIFIED.,.F.,.F.,(5,3,3,3,5),(0.,0.250841857833,0.501282987113,
    0.751421403669,1.),.UNSPECIFIED.);
#6294 = CARTESIAN_POINT('',(1.,0.));
#6295 = CARTESIAN_POINT('',(1.090768240072,6.293479942318E-02));
#6296 = CARTESIAN_POINT('',(1.166638926129,0.125756049229));
#6297 = CARTESIAN_POINT('',(1.227403201744,0.188493413806));
#6298 = CARTESIAN_POINT('',(1.318429687841,0.313756687352));
#6299 = CARTESIAN_POINT('',(1.348740744822,0.376282839345));
#6300 = CARTESIAN_POINT('',(1.363778768286,0.43878164892));
#6301 = CARTESIAN_POINT('',(1.36330960797,0.563704224831));
#6302 = CARTESIAN_POINT('',(1.347839321574,0.626128057502));
#6303 = CARTESIAN_POINT('',(1.317134015351,0.688579699832));
#6304 = CARTESIAN_POINT('',(1.225754749368,0.813204781553));
#6305 = CARTESIAN_POINT('',(1.165268596761,0.875377590767));
#6306 = CARTESIAN_POINT('',(1.089949268949,0.937633039982));
#6307 = CARTESIAN_POINT('',(1.,1.));
#6308 = ( GEOMETRIC_REPRESENTATION_CONTEXT(2) 
PARAMETRIC_REPRESENTATION_CONTEXT() REPRESENTATION_CONTEXT('2D SPACE',''
  ) );
#6309 = ORIENTED_EDGE('',*,*,#6310,.T.);
#6310 = EDGE_CURVE('',#6258,#6311,#6313,.T.);
#6311 = VERTEX_POINT('',#6312);
#6312 = CARTESIAN_POINT('',(48.881891873729,-44.34592029538,0.));
#6313 = SURFACE_CURVE('',#6314,(#6318,#6325),.PCURVE_S1.);
#6314 = LINE('',#6315,#6316);
#6315 = CARTESIAN_POINT('',(48.88189187373,-44.34592029538,0.));
#6316 = VECTOR('',#6317,1.);
#6317 = DIRECTION('',(-0.,-0.,-1.));
#6318 = PCURVE('',#2024,#6319);
#6319 = DEFINITIONAL_REPRESENTATION('',(#6320),#6324);
#6320 = LINE('',#6321,#6322);
#6321 = CARTESIAN_POINT('',(-5.546403508824,0.));
#6322 = VECTOR('',#6323,1.);
#6323 = DIRECTION('',(-0.,1.));
#6324 = ( GEOMETRIC_REPRESENTATION_CONTEXT(2) 
PARAMETRIC_REPRESENTATION_CONTEXT() REPRESENTATION_CONTEXT('2D SPACE',''
  ) );
#6325 = PCURVE('',#6326,#6331);
#6326 = PLANE('',#6327);
#6327 = AXIS2_PLACEMENT_3D('',#6328,#6329,#6330);
#6328 = CARTESIAN_POINT('',(48.14125714837,-43.67401241212,0.));
#6329 = DIRECTION('',(0.671907883263,0.74063472536,0.));
#6330 = DIRECTION('',(0.730557592874,-0.662765853426,0.164398987305));
#6331 = DEFINITIONAL_REPRESENTATION('',(#6332),#6335);
#6332 = B_SPLINE_CURVE_WITH_KNOTS('',1,(#6333,#6334),.UNSPECIFIED.,.F.,
  .F.,(2,2),(-1.5000006,6.E-07),.PIECEWISE_BEZIER_KNOTS.);
#6333 = CARTESIAN_POINT('',(1.23299250343,-1.315192490279));
#6334 = CARTESIAN_POINT('',(0.986393825193,0.164399579142));
#6335 = ( GEOMETRIC_REPRESENTATION_CONTEXT(2) 
PARAMETRIC_REPRESENTATION_CONTEXT() REPRESENTATION_CONTEXT('2D SPACE',''
  ) );
#6336 = ORIENTED_EDGE('',*,*,#6337,.F.);
#6337 = EDGE_CURVE('',#6338,#6311,#6340,.T.);
#6338 = VERTEX_POINT('',#6339);
#6339 = CARTESIAN_POINT('',(38.593669986134,-53.5399723291,1.45));
#6340 = SURFACE_CURVE('',#6341,(#6356,#6366),.PCURVE_S1.);
#6341 = B_SPLINE_CURVE_WITH_KNOTS('',4,(#6342,#6343,#6344,#6345,#6346,
    #6347,#6348,#6349,#6350,#6351,#6352,#6353,#6354,#6355),
  .UNSPECIFIED.,.F.,.F.,(5,3,3,3,5),(0.,0.250841857833,0.501282987113,
    0.751421403663,1.),.UNSPECIFIED.);
#6342 = CARTESIAN_POINT('',(38.593669986134,-53.5399723291,1.45));
#6343 = CARTESIAN_POINT('',(39.294234129212,-53.03497876699,
    1.358744540836));
#6344 = CARTESIAN_POINT('',(39.987293453895,-52.51682189024,
    1.267653728618));
#6345 = CARTESIAN_POINT('',(40.672143329474,-51.98585282345,
    1.176684549981));
#6346 = CARTESIAN_POINT('',(42.023001440683,-50.90006960212,
    0.99505280334));
#6347 = CARTESIAN_POINT('',(42.689039281835,-50.3452941409,
    0.904389882949));
#6348 = CARTESIAN_POINT('',(43.345557631559,-49.77865496906,
    0.813766609067));
#6349 = CARTESIAN_POINT('',(44.637557173878,-48.62343601599,
    0.632628873997));
#6350 = CARTESIAN_POINT('',(45.273063958886,-48.03488257694,
    0.542114316627));
#6351 = CARTESIAN_POINT('',(45.897862544115,-47.43557841618,
    0.45155943525));
#6352 = CARTESIAN_POINT('',(47.121170520161,-46.22049195231,
    0.270853066755));
#6353 = CARTESIAN_POINT('',(47.719820414483,-45.60483458093,
    0.180702493393));
#6354 = CARTESIAN_POINT('',(48.306866302696,-44.97976299389,
    9.043209202883E-02));
#6355 = CARTESIAN_POINT('',(48.88189187373,-44.34592029538,0.));
#6356 = PCURVE('',#2024,#6357);
#6357 = DEFINITIONAL_REPRESENTATION('',(#6358),#6365);
#6358 = B_SPLINE_CURVE_WITH_KNOTS('',5,(#6359,#6360,#6361,#6362,#6363,
    #6364),.UNSPECIFIED.,.F.,.F.,(6,6),(0.,1.),
  .PIECEWISE_BEZIER_KNOTS.);
#6359 = CARTESIAN_POINT('',(-5.336963998585,-1.45));
#6360 = CARTESIAN_POINT('',(-5.378695089791,-1.158962579206));
#6361 = CARTESIAN_POINT('',(-5.420658587329,-0.869495527107));
#6362 = CARTESIAN_POINT('',(-5.462708920705,-0.580504468734));
#6363 = CARTESIAN_POINT('',(-5.504672417572,-0.291037421118));
#6364 = CARTESIAN_POINT('',(-5.546403508824,0.));
#6365 = ( GEOMETRIC_REPRESENTATION_CONTEXT(2) 
PARAMETRIC_REPRESENTATION_CONTEXT() REPRESENTATION_CONTEXT('2D SPACE',''
  ) );
#6366 = PCURVE('',#6367,#6372);
#6367 = B_SPLINE_SURFACE_WITH_KNOTS('',1,1,(
    (#6368,#6369)
    ,(#6370,#6371
    )),.UNSPECIFIED.,.F.,.F.,.F.,(2,2),(2,2),(0.,9.),(0.,1.),
  .PIECEWISE_BEZIER_KNOTS.);
#6368 = CARTESIAN_POINT('',(38.008917410587,-52.72876062714,1.45));
#6369 = CARTESIAN_POINT('',(48.14125714837,-43.67401241212,0.));
#6370 = CARTESIAN_POINT('',(43.271690590514,-60.02966594475,1.45));
#6371 = CARTESIAN_POINT('',(54.806969676606,-49.72118336149,0.));
#6372 = DEFINITIONAL_REPRESENTATION('',(#6373),#6388);
#6373 = B_SPLINE_CURVE_WITH_KNOTS('',4,(#6374,#6375,#6376,#6377,#6378,
    #6379,#6380,#6381,#6382,#6383,#6384,#6385,#6386,#6387),
  .UNSPECIFIED.,.F.,.F.,(5,3,3,3,5),(0.,0.250841857833,0.501282987113,
    0.751421403663,1.),.UNSPECIFIED.);
#6374 = CARTESIAN_POINT('',(1.,0.));
#6375 = CARTESIAN_POINT('',(1.090768240072,6.293479942318E-02));
#6376 = CARTESIAN_POINT('',(1.166638926129,0.125756049229));
#6377 = CARTESIAN_POINT('',(1.227403201744,0.188493413806));
#6378 = CARTESIAN_POINT('',(1.318429687841,0.313756687352));
#6379 = CARTESIAN_POINT('',(1.348740744822,0.376282839345));
#6380 = CARTESIAN_POINT('',(1.363778768286,0.43878164892));
#6381 = CARTESIAN_POINT('',(1.36330960797,0.56370422483));
#6382 = CARTESIAN_POINT('',(1.347839321574,0.626128057499));
#6383 = CARTESIAN_POINT('',(1.317134015353,0.688579699828));
#6384 = CARTESIAN_POINT('',(1.225754749372,0.813204781548));
#6385 = CARTESIAN_POINT('',(1.165268596764,0.875377590764));
#6386 = CARTESIAN_POINT('',(1.089949268951,0.93763303998));
#6387 = CARTESIAN_POINT('',(1.,1.));
#6388 = ( GEOMETRIC_REPRESENTATION_CONTEXT(2) 
PARAMETRIC_REPRESENTATION_CONTEXT() REPRESENTATION_CONTEXT('2D SPACE',''
  ) );
#6389 = ORIENTED_EDGE('',*,*,#6390,.T.);
#6390 = EDGE_CURVE('',#6338,#6391,#6393,.T.);
#6391 = VERTEX_POINT('',#6392);
#6392 = CARTESIAN_POINT('',(38.593669986134,-53.5399723291,0.));
#6393 = SURFACE_CURVE('',#6394,(#6398,#6405),.PCURVE_S1.);
#6394 = LINE('',#6395,#6396);
#6395 = CARTESIAN_POINT('',(38.593669986134,-53.5399723291,0.));
#6396 = VECTOR('',#6397,1.);
#6397 = DIRECTION('',(-0.,-0.,-1.));
#6398 = PCURVE('',#2024,#6399);
#6399 = DEFINITIONAL_REPRESENTATION('',(#6400),#6404);
#6400 = LINE('',#6401,#6402);
#6401 = CARTESIAN_POINT('',(-5.336963998585,0.));
#6402 = VECTOR('',#6403,1.);
#6403 = DIRECTION('',(-0.,1.));
#6404 = ( GEOMETRIC_REPRESENTATION_CONTEXT(2) 
PARAMETRIC_REPRESENTATION_CONTEXT() REPRESENTATION_CONTEXT('2D SPACE',''
  ) );
#6405 = PCURVE('',#6406,#6411);
#6406 = PLANE('',#6407);
#6407 = AXIS2_PLACEMENT_3D('',#6408,#6409,#6410);
#6408 = CARTESIAN_POINT('',(38.008917410587,-52.72876062714,0.));
#6409 = DIRECTION('',(0.811211701956,0.584752575547,0.));
#6410 = DIRECTION('',(0.576796387465,-0.800174293751,0.164398987305));
#6411 = DEFINITIONAL_REPRESENTATION('',(#6412),#6415);
#6412 = B_SPLINE_CURVE_WITH_KNOTS('',1,(#6413,#6414),.UNSPECIFIED.,.F.,
  .F.,(2,2),(-1.5000006,6.E-07),.PIECEWISE_BEZIER_KNOTS.);
#6413 = CARTESIAN_POINT('',(1.23299250343,-1.315192490279));
#6414 = CARTESIAN_POINT('',(0.986393825193,0.164399579142));
#6415 = ( GEOMETRIC_REPRESENTATION_CONTEXT(2) 
PARAMETRIC_REPRESENTATION_CONTEXT() REPRESENTATION_CONTEXT('2D SPACE',''
  ) );
#6416 = ORIENTED_EDGE('',*,*,#6417,.F.);
#6417 = EDGE_CURVE('',#6418,#6391,#6420,.T.);
#6418 = VERTEX_POINT('',#6419);
#6419 = CARTESIAN_POINT('',(26.618719527169,-60.39407065874,1.45));
#6420 = SURFACE_CURVE('',#6421,(#6436,#6446),.PCURVE_S1.);
#6421 = B_SPLINE_CURVE_WITH_KNOTS('',4,(#6422,#6423,#6424,#6425,#6426,
    #6427,#6428,#6429,#6430,#6431,#6432,#6433,#6434,#6435),
  .UNSPECIFIED.,.F.,.F.,(5,3,3,3,5),(0.,0.250841857833,0.501282987113,
    0.751421403669,1.),.UNSPECIFIED.);
#6422 = CARTESIAN_POINT('',(26.618719527169,-60.39407065874,1.45));
#6423 = CARTESIAN_POINT('',(27.408968728232,-60.04576789309,
    1.358744540836));
#6424 = CARTESIAN_POINT('',(28.19461391619,-59.68302912332,
    1.267653728618));
#6425 = CARTESIAN_POINT('',(28.9748928553,-59.30605130017,1.176684549981
    ));
#6426 = CARTESIAN_POINT('',(30.521978501117,-58.52485424127,
    0.99505280334));
#6427 = CARTESIAN_POINT('',(31.288806121606,-58.12067900863,
    0.904389882949));
#6428 = CARTESIAN_POINT('',(32.048788878525,-57.70292010236,
    0.813766609067));
#6429 = CARTESIAN_POINT('',(33.55273865681,-56.84156726446,
    0.632628873995));
#6430 = CARTESIAN_POINT('',(34.296725234482,-56.39800442033,
    0.542114316623));
#6431 = CARTESIAN_POINT('',(35.032472812959,-55.94169942365,
    0.451559435244));
#6432 = CARTESIAN_POINT('',(36.481679255879,-55.00750554401,
    0.270853066749));
#6433 = CARTESIAN_POINT('',(37.195249578721,-54.52976807507,
    0.180702493389));
#6434 = CARTESIAN_POINT('',(37.899426796323,-54.04040950514,
    9.043209202677E-02));
#6435 = CARTESIAN_POINT('',(38.593669986134,-53.5399723291,0.));
#6436 = PCURVE('',#2024,#6437);
#6437 = DEFINITIONAL_REPRESENTATION('',(#6438),#6445);
#6438 = B_SPLINE_CURVE_WITH_KNOTS('',5,(#6439,#6440,#6441,#6442,#6443,
    #6444),.UNSPECIFIED.,.F.,.F.,(6,6),(0.,1.),
  .PIECEWISE_BEZIER_KNOTS.);
#6439 = CARTESIAN_POINT('',(-5.127524488345,-1.45));
#6440 = CARTESIAN_POINT('',(-5.169255579551,-1.158962579206));
#6441 = CARTESIAN_POINT('',(-5.21121907709,-0.869495527107));
#6442 = CARTESIAN_POINT('',(-5.253269410466,-0.580504468734));
#6443 = CARTESIAN_POINT('',(-5.295232907332,-0.291037421118));
#6444 = CARTESIAN_POINT('',(-5.336963998585,0.));
#6445 = ( GEOMETRIC_REPRESENTATION_CONTEXT(2) 
PARAMETRIC_REPRESENTATION_CONTEXT() REPRESENTATION_CONTEXT('2D SPACE',''
  ) );
#6446 = PCURVE('',#6447,#6452);
#6447 = B_SPLINE_SURFACE_WITH_KNOTS('',1,1,(
    (#6448,#6449)
    ,(#6450,#6451
    )),.UNSPECIFIED.,.F.,.F.,.F.,(2,2),(2,2),(0.,9.),(0.,1.),
  .PIECEWISE_BEZIER_KNOTS.);
#6448 = CARTESIAN_POINT('',(26.21540559494,-59.4790089821,1.45));
#6449 = CARTESIAN_POINT('',(38.008917410587,-52.72876062714,0.));
#6450 = CARTESIAN_POINT('',(29.845230985008,-67.71456407193,1.45));
#6451 = CARTESIAN_POINT('',(43.271690590514,-60.02966594475,0.));
#6452 = DEFINITIONAL_REPRESENTATION('',(#6453),#6468);
#6453 = B_SPLINE_CURVE_WITH_KNOTS('',4,(#6454,#6455,#6456,#6457,#6458,
    #6459,#6460,#6461,#6462,#6463,#6464,#6465,#6466,#6467),
  .UNSPECIFIED.,.F.,.F.,(5,3,3,3,5),(0.,0.250841857833,0.501282987113,
    0.751421403669,1.),.UNSPECIFIED.);
#6454 = CARTESIAN_POINT('',(1.,0.));
#6455 = CARTESIAN_POINT('',(1.090768240072,6.293479942318E-02));
#6456 = CARTESIAN_POINT('',(1.166638926129,0.125756049229));
#6457 = CARTESIAN_POINT('',(1.227403201744,0.188493413806));
#6458 = CARTESIAN_POINT('',(1.318429687841,0.313756687352));
#6459 = CARTESIAN_POINT('',(1.348740744822,0.376282839345));
#6460 = CARTESIAN_POINT('',(1.363778768286,0.43878164892));
#6461 = CARTESIAN_POINT('',(1.36330960797,0.563704224831));
#6462 = CARTESIAN_POINT('',(1.347839321574,0.626128057502));
#6463 = CARTESIAN_POINT('',(1.317134015351,0.688579699832));
#6464 = CARTESIAN_POINT('',(1.225754749368,0.813204781553));
#6465 = CARTESIAN_POINT('',(1.165268596761,0.875377590767));
#6466 = CARTESIAN_POINT('',(1.089949268949,0.937633039982));
#6467 = CARTESIAN_POINT('',(1.,1.));
#6468 = ( GEOMETRIC_REPRESENTATION_CONTEXT(2) 
PARAMETRIC_REPRESENTATION_CONTEXT() REPRESENTATION_CONTEXT('2D SPACE',''
  ) );
#6469 = ORIENTED_EDGE('',*,*,#6470,.T.);
#6470 = EDGE_CURVE('',#6418,#6471,#6473,.T.);
#6471 = VERTEX_POINT('',#6472);
#6472 = CARTESIAN_POINT('',(26.618719527169,-60.39407065874,0.));
#6473 = SURFACE_CURVE('',#6474,(#6478,#6485),.PCURVE_S1.);
#6474 = LINE('',#6475,#6476);
#6475 = CARTESIAN_POINT('',(26.618719527169,-60.39407065874,
    4.798453555896E-30));
#6476 = VECTOR('',#6477,1.);
#6477 = DIRECTION('',(-0.,-0.,-1.));
#6478 = PCURVE('',#2024,#6479);
#6479 = DEFINITIONAL_REPRESENTATION('',(#6480),#6484);
#6480 = LINE('',#6481,#6482);
#6481 = CARTESIAN_POINT('',(-5.127524488345,-4.798453555896E-30));
#6482 = VECTOR('',#6483,1.);
#6483 = DIRECTION('',(-0.,1.));
#6484 = ( GEOMETRIC_REPRESENTATION_CONTEXT(2) 
PARAMETRIC_REPRESENTATION_CONTEXT() REPRESENTATION_CONTEXT('2D SPACE',''
  ) );
#6485 = PCURVE('',#6486,#6491);
#6486 = PLANE('',#6487);
#6487 = AXIS2_PLACEMENT_3D('',#6488,#6489,#6490);
#6488 = CARTESIAN_POINT('',(26.21540559494,-59.4790089821,0.));
#6489 = DIRECTION('',(0.915061676648,0.40331393223,-3.376611507232E-16)
  );
#6490 = DIRECTION('',(0.397826412148,-0.902611277777,0.164398987305));
#6491 = DEFINITIONAL_REPRESENTATION('',(#6492),#6495);
#6492 = B_SPLINE_CURVE_WITH_KNOTS('',1,(#6493,#6494),.UNSPECIFIED.,.F.,
  .F.,(2,2),(-1.5000006,6.E-07),.PIECEWISE_BEZIER_KNOTS.);
#6493 = CARTESIAN_POINT('',(1.23299250343,-1.315192490279));
#6494 = CARTESIAN_POINT('',(0.986393825193,0.164399579142));
#6495 = ( GEOMETRIC_REPRESENTATION_CONTEXT(2) 
PARAMETRIC_REPRESENTATION_CONTEXT() REPRESENTATION_CONTEXT('2D SPACE',''
  ) );
#6496 = ORIENTED_EDGE('',*,*,#6497,.F.);
#6497 = EDGE_CURVE('',#6498,#6471,#6500,.T.);
#6498 = VERTEX_POINT('',#6499);
#6499 = CARTESIAN_POINT('',(13.480403294079,-64.6086582977,1.45));
#6500 = SURFACE_CURVE('',#6501,(#6516,#6526),.PCURVE_S1.);
#6501 = B_SPLINE_CURVE_WITH_KNOTS('',4,(#6502,#6503,#6504,#6505,#6506,
    #6507,#6508,#6509,#6510,#6511,#6512,#6513,#6514,#6515),
  .UNSPECIFIED.,.F.,.F.,(5,3,3,3,5),(0.,0.250841857833,0.501282987113,
    0.751421403663,1.),.UNSPECIFIED.);
#6502 = CARTESIAN_POINT('',(13.480403294079,-64.6086582977,1.45));
#6503 = CARTESIAN_POINT('',(14.325799871005,-64.4322688307,
    1.358744540836));
#6504 = CARTESIAN_POINT('',(15.169694457581,-64.24080159277,
    1.267653728618));
#6505 = CARTESIAN_POINT('',(16.011300526387,-64.03429075306,
    1.176684549981));
#6506 = CARTESIAN_POINT('',(17.68699864035,-63.59182191667,0.99505280334
    ));
#6507 = CARTESIAN_POINT('',(18.521101993513,-63.35591130972,
    0.904389882949));
#6508 = CARTESIAN_POINT('',(19.351334264349,-63.10529073785,
    0.813766609067));
#6509 = CARTESIAN_POINT('',(21.001504456503,-62.57544926739,
    0.632628873997));
#6510 = CARTESIAN_POINT('',(21.821455043318,-62.29626284295,
    0.542114316627));
#6511 = CARTESIAN_POINT('',(22.635995915322,-62.0028997283,0.45155943525
    ));
#6512 = CARTESIAN_POINT('',(24.2477635495,-61.39042718821,0.270853066755
    ));
#6513 = CARTESIAN_POINT('',(25.045067853697,-61.07148904151,
    0.180702493393));
#6514 = CARTESIAN_POINT('',(25.835600477293,-60.73923080638,
    9.043209202884E-02));
#6515 = CARTESIAN_POINT('',(26.618719527169,-60.39407065874,0.));
#6516 = PCURVE('',#2024,#6517);
#6517 = DEFINITIONAL_REPRESENTATION('',(#6518),#6525);
#6518 = B_SPLINE_CURVE_WITH_KNOTS('',5,(#6519,#6520,#6521,#6522,#6523,
    #6524),.UNSPECIFIED.,.F.,.F.,(6,6),(0.,1.),
  .PIECEWISE_BEZIER_KNOTS.);
#6519 = CARTESIAN_POINT('',(-4.918084978106,-1.45));
#6520 = CARTESIAN_POINT('',(-4.959816069312,-1.158962579206));
#6521 = CARTESIAN_POINT('',(-5.001779566851,-0.869495527107));
#6522 = CARTESIAN_POINT('',(-5.043829900226,-0.580504468734));
#6523 = CARTESIAN_POINT('',(-5.085793397093,-0.291037421118));
#6524 = CARTESIAN_POINT('',(-5.127524488345,0.));
#6525 = ( GEOMETRIC_REPRESENTATION_CONTEXT(2) 
PARAMETRIC_REPRESENTATION_CONTEXT() REPRESENTATION_CONTEXT('2D SPACE',''
  ) );
#6526 = PCURVE('',#6527,#6532);
#6527 = B_SPLINE_SURFACE_WITH_KNOTS('',1,1,(
    (#6528,#6529)
    ,(#6530,#6531
    )),.UNSPECIFIED.,.F.,.F.,.F.,(2,2),(2,2),(0.,9.),(0.,1.),
  .PIECEWISE_BEZIER_KNOTS.);
#6528 = CARTESIAN_POINT('',(13.276154759321,-63.62973923258,1.45));
#6529 = CARTESIAN_POINT('',(26.21540559494,-59.4790089821,0.));
#6530 = CARTESIAN_POINT('',(15.11439157215,-72.44001081863,1.45));
#6531 = CARTESIAN_POINT('',(29.845230985008,-67.71456407193,0.));
#6532 = DEFINITIONAL_REPRESENTATION('',(#6533),#6548);
#6533 = B_SPLINE_CURVE_WITH_KNOTS('',4,(#6534,#6535,#6536,#6537,#6538,
    #6539,#6540,#6541,#6542,#6543,#6544,#6545,#6546,#6547),
  .UNSPECIFIED.,.F.,.F.,(5,3,3,3,5),(0.,0.250841857833,0.501282987113,
    0.751421403663,1.),.UNSPECIFIED.);
#6534 = CARTESIAN_POINT('',(1.,0.));
#6535 = CARTESIAN_POINT('',(1.090768240072,6.293479942318E-02));
#6536 = CARTESIAN_POINT('',(1.166638926129,0.125756049229));
#6537 = CARTESIAN_POINT('',(1.227403201744,0.188493413806));
#6538 = CARTESIAN_POINT('',(1.318429687841,0.313756687352));
#6539 = CARTESIAN_POINT('',(1.348740744822,0.376282839345));
#6540 = CARTESIAN_POINT('',(1.363778768286,0.43878164892));
#6541 = CARTESIAN_POINT('',(1.36330960797,0.56370422483));
#6542 = CARTESIAN_POINT('',(1.347839321574,0.626128057499));
#6543 = CARTESIAN_POINT('',(1.317134015353,0.688579699828));
#6544 = CARTESIAN_POINT('',(1.225754749372,0.813204781548));
#6545 = CARTESIAN_POINT('',(1.165268596764,0.875377590764));
#6546 = CARTESIAN_POINT('',(1.089949268951,0.93763303998));
#6547 = CARTESIAN_POINT('',(1.,1.));
#6548 = ( GEOMETRIC_REPRESENTATION_CONTEXT(2) 
PARAMETRIC_REPRESENTATION_CONTEXT() REPRESENTATION_CONTEXT('2D SPACE',''
  ) );
#6549 = ORIENTED_EDGE('',*,*,#6550,.T.);
#6550 = EDGE_CURVE('',#6498,#6551,#6553,.T.);
#6551 = VERTEX_POINT('',#6552);
#6552 = CARTESIAN_POINT('',(13.480403294078,-64.6086582977,0.));
#6553 = SURFACE_CURVE('',#6554,(#6558,#6565),.PCURVE_S1.);
#6554 = LINE('',#6555,#6556);
#6555 = CARTESIAN_POINT('',(13.480403294079,-64.6086582977,
    2.999033472435E-31));
#6556 = VECTOR('',#6557,1.);
#6557 = DIRECTION('',(-0.,-0.,-1.));
#6558 = PCURVE('',#2024,#6559);
#6559 = DEFINITIONAL_REPRESENTATION('',(#6560),#6564);
#6560 = LINE('',#6561,#6562);
#6561 = CARTESIAN_POINT('',(-4.918084978106,-2.999033472435E-31));
#6562 = VECTOR('',#6563,1.);
#6563 = DIRECTION('',(-0.,1.));
#6564 = ( GEOMETRIC_REPRESENTATION_CONTEXT(2) 
PARAMETRIC_REPRESENTATION_CONTEXT() REPRESENTATION_CONTEXT('2D SPACE',''
  ) );
#6565 = PCURVE('',#6566,#6571);
#6566 = PLANE('',#6567);
#6567 = AXIS2_PLACEMENT_3D('',#6568,#6569,#6570);
#6568 = CARTESIAN_POINT('',(13.276154759321,-63.62973923258,0.));
#6569 = DIRECTION('',(0.978919065117,0.204248534759,-1.688305753616E-16)
  );
#6570 = DIRECTION('',(0.201469513638,-0.965599817755,0.164398987305));
#6571 = DEFINITIONAL_REPRESENTATION('',(#6572),#6575);
#6572 = B_SPLINE_CURVE_WITH_KNOTS('',1,(#6573,#6574),.UNSPECIFIED.,.F.,
  .F.,(2,2),(-1.5000006,6.E-07),.PIECEWISE_BEZIER_KNOTS.);
#6573 = CARTESIAN_POINT('',(1.23299250343,-1.315192490279));
#6574 = CARTESIAN_POINT('',(0.986393825193,0.164399579142));
#6575 = ( GEOMETRIC_REPRESENTATION_CONTEXT(2) 
PARAMETRIC_REPRESENTATION_CONTEXT() REPRESENTATION_CONTEXT('2D SPACE',''
  ) );
#6576 = ORIENTED_EDGE('',*,*,#6577,.F.);
#6577 = EDGE_CURVE('',#6578,#6551,#6580,.T.);
#6578 = VERTEX_POINT('',#6579);
#6579 = CARTESIAN_POINT('',(-0.247071249114,-65.9995375423,1.45));
#6580 = SURFACE_CURVE('',#6581,(#6596,#6606),.PCURVE_S1.);
#6581 = B_SPLINE_CURVE_WITH_KNOTS('',4,(#6582,#6583,#6584,#6585,#6586,
    #6587,#6588,#6589,#6590,#6591,#6592,#6593,#6594,#6595),
  .UNSPECIFIED.,.F.,.F.,(5,3,3,3,5),(0.,0.250841857833,0.501282987113,
    0.751421403663,1.),.UNSPECIFIED.);
#6582 = CARTESIAN_POINT('',(-0.247071249114,-65.9995375423,1.45));
#6583 = CARTESIAN_POINT('',(0.616524816599,-66.00277044008,
    1.358744540836));
#6584 = CARTESIAN_POINT('',(1.481786558904,-65.99094277105,
    1.267653728618));
#6585 = CARTESIAN_POINT('',(2.347937533727,-65.96392442943,
    1.176684549981));
#6586 = CARTESIAN_POINT('',(4.079012067364,-65.87952182688,0.99505280334
    ));
#6587 = CARTESIAN_POINT('',(4.943936834196,-65.82218627119,
    0.904389882949));
#6588 = CARTESIAN_POINT('',(5.808133484817,-65.74965735532,
    0.813766609067));
#6589 = CARTESIAN_POINT('',(7.532403735064,-65.574483867,0.632628873997)
  );
#6590 = CARTESIAN_POINT('',(8.392482555836,-65.47187564867,
    0.542114316627));
#6591 = CARTESIAN_POINT('',(9.250217376677,-65.35427579187,0.45155943525
    ));
#6592 = CARTESIAN_POINT('',(10.954104222378,-65.0902925803,
    0.270853066755));
#6593 = CARTESIAN_POINT('',(11.800296483929,-64.9440928833,
    0.180702493393));
#6594 = CARTESIAN_POINT('',(12.642634444456,-64.78345626221,
    9.043209202883E-02));
#6595 = CARTESIAN_POINT('',(13.480403294079,-64.6086582977,0.));
#6596 = PCURVE('',#2024,#6597);
#6597 = DEFINITIONAL_REPRESENTATION('',(#6598),#6605);
#6598 = B_SPLINE_CURVE_WITH_KNOTS('',5,(#6599,#6600,#6601,#6602,#6603,
    #6604),.UNSPECIFIED.,.F.,.F.,(6,6),(0.,1.),
  .PIECEWISE_BEZIER_KNOTS.);
#6599 = CARTESIAN_POINT('',(-4.708645467867,-1.45));
#6600 = CARTESIAN_POINT('',(-4.750376559073,-1.158962579206));
#6601 = CARTESIAN_POINT('',(-4.792340056611,-0.869495527107));
#6602 = CARTESIAN_POINT('',(-4.834390389987,-0.580504468734));
#6603 = CARTESIAN_POINT('',(-4.876353886854,-0.291037421118));
#6604 = CARTESIAN_POINT('',(-4.918084978106,0.));
#6605 = ( GEOMETRIC_REPRESENTATION_CONTEXT(2) 
PARAMETRIC_REPRESENTATION_CONTEXT() REPRESENTATION_CONTEXT('2D SPACE',''
  ) );
#6606 = PCURVE('',#6607,#6612);
#6607 = B_SPLINE_SURFACE_WITH_KNOTS('',1,1,(
    (#6608,#6609)
    ,(#6610,#6611
    )),.UNSPECIFIED.,.F.,.F.,.F.,(2,2),(2,2),(0.,9.),(0.,1.),
  .PIECEWISE_BEZIER_KNOTS.);
#6608 = CARTESIAN_POINT('',(-0.24332774534,-64.99954454923,1.45));
#6609 = CARTESIAN_POINT('',(13.276154759321,-63.62973923258,0.));
#6610 = CARTESIAN_POINT('',(-0.27701927931,-73.99948148682,1.45));
#6611 = CARTESIAN_POINT('',(15.11439157215,-72.44001081863,0.));
#6612 = DEFINITIONAL_REPRESENTATION('',(#6613),#6628);
#6613 = B_SPLINE_CURVE_WITH_KNOTS('',4,(#6614,#6615,#6616,#6617,#6618,
    #6619,#6620,#6621,#6622,#6623,#6624,#6625,#6626,#6627),
  .UNSPECIFIED.,.F.,.F.,(5,3,3,3,5),(0.,0.250841857833,0.501282987113,
    0.751421403663,1.),.UNSPECIFIED.);
#6614 = CARTESIAN_POINT('',(1.,0.));
#6615 = CARTESIAN_POINT('',(1.090768240072,6.293479942318E-02));
#6616 = CARTESIAN_POINT('',(1.166638926129,0.125756049229));
#6617 = CARTESIAN_POINT('',(1.227403201744,0.188493413806));
#6618 = CARTESIAN_POINT('',(1.318429687841,0.313756687352));
#6619 = CARTESIAN_POINT('',(1.348740744822,0.376282839345));
#6620 = CARTESIAN_POINT('',(1.363778768286,0.43878164892));
#6621 = CARTESIAN_POINT('',(1.36330960797,0.56370422483));
#6622 = CARTESIAN_POINT('',(1.347839321574,0.626128057499));
#6623 = CARTESIAN_POINT('',(1.317134015353,0.688579699828));
#6624 = CARTESIAN_POINT('',(1.225754749372,0.813204781548));
#6625 = CARTESIAN_POINT('',(1.165268596764,0.875377590764));
#6626 = CARTESIAN_POINT('',(1.089949268951,0.93763303998));
#6627 = CARTESIAN_POINT('',(1.,1.));
#6628 = ( GEOMETRIC_REPRESENTATION_CONTEXT(2) 
PARAMETRIC_REPRESENTATION_CONTEXT() REPRESENTATION_CONTEXT('2D SPACE',''
  ) );
#6629 = ORIENTED_EDGE('',*,*,#6630,.T.);
#6630 = EDGE_CURVE('',#6578,#6631,#6633,.T.);
#6631 = VERTEX_POINT('',#6632);
#6632 = CARTESIAN_POINT('',(-0.247071249115,-65.9995375423,0.));
#6633 = SURFACE_CURVE('',#6634,(#6638,#6645),.PCURVE_S1.);
#6634 = LINE('',#6635,#6636);
#6635 = CARTESIAN_POINT('',(-0.247071249114,-65.9995375423,0.));
#6636 = VECTOR('',#6637,1.);
#6637 = DIRECTION('',(-0.,-0.,-1.));
#6638 = PCURVE('',#2024,#6639);
#6639 = DEFINITIONAL_REPRESENTATION('',(#6640),#6644);
#6640 = LINE('',#6641,#6642);
#6641 = CARTESIAN_POINT('',(-4.708645467867,0.));
#6642 = VECTOR('',#6643,1.);
#6643 = DIRECTION('',(-0.,1.));
#6644 = ( GEOMETRIC_REPRESENTATION_CONTEXT(2) 
PARAMETRIC_REPRESENTATION_CONTEXT() REPRESENTATION_CONTEXT('2D SPACE',''
  ) );
#6645 = PCURVE('',#6646,#6651);
#6646 = PLANE('',#6647);
#6647 = AXIS2_PLACEMENT_3D('',#6648,#6649,#6650);
#6648 = CARTESIAN_POINT('',(-0.24332774534,-64.99954454923,0.));
#6649 = DIRECTION('',(0.999992993065,-3.743503774454E-03,0.));
#6650 = DIRECTION('',(-3.692569376964E-03,-0.986387012234,0.164398987305
    ));
#6651 = DEFINITIONAL_REPRESENTATION('',(#6652),#6655);
#6652 = B_SPLINE_CURVE_WITH_KNOTS('',1,(#6653,#6654),.UNSPECIFIED.,.F.,
  .F.,(2,2),(-1.5000006,6.E-07),.PIECEWISE_BEZIER_KNOTS.);
#6653 = CARTESIAN_POINT('',(1.23299250343,-1.315192490279));
#6654 = CARTESIAN_POINT('',(0.986393825193,0.164399579142));
#6655 = ( GEOMETRIC_REPRESENTATION_CONTEXT(2) 
PARAMETRIC_REPRESENTATION_CONTEXT() REPRESENTATION_CONTEXT('2D SPACE',''
  ) );
#6656 = ORIENTED_EDGE('',*,*,#6657,.F.);
#6657 = EDGE_CURVE('',#6658,#6631,#6660,.T.);
#6658 = VERTEX_POINT('',#6659);
#6659 = CARTESIAN_POINT('',(-13.96374759314,-64.50592029538,1.45));
#6660 = SURFACE_CURVE('',#6661,(#6676,#6686),.PCURVE_S1.);
#6661 = B_SPLINE_CURVE_WITH_KNOTS('',4,(#6662,#6663,#6664,#6665,#6666,
    #6667,#6668,#6669,#6670,#6671,#6672,#6673,#6674,#6675),
  .UNSPECIFIED.,.F.,.F.,(5,3,3,3,5),(0.,0.250841857833,0.501282987113,
    0.751421403669,1.),.UNSPECIFIED.);
#6662 = CARTESIAN_POINT('',(-13.96374759314,-64.50592029538,1.45));
#6663 = CARTESIAN_POINT('',(-13.1196953307,-64.6886342648,1.358744540836
    ));
#6664 = CARTESIAN_POINT('',(-12.27088252279,-64.85696309056,
    1.267653728618));
#6665 = CARTESIAN_POINT('',(-11.41804159581,-65.01061807821,
    1.176684549981));
#6666 = CARTESIAN_POINT('',(-9.707246906237,-65.28797050825,
    0.99505280334));
#6667 = CARTESIAN_POINT('',(-8.849302088416,-65.41171584271,
    0.904389882949));
#6668 = CARTESIAN_POINT('',(-7.988910598519,-65.5204484445,
    0.813766609067));
#6669 = CARTESIAN_POINT('',(-6.265899174061,-65.70759886035,
    0.632628873995));
#6670 = CARTESIAN_POINT('',(-5.403281690896,-65.78605331964,
    0.542114316623));
#6671 = CARTESIAN_POINT('',(-4.539840048738,-65.84935639874,
    0.451559435244));
#6672 = CARTESIAN_POINT('',(-2.818302022827,-65.94539984875,
    0.270853066749));
#6673 = CARTESIAN_POINT('',(-1.960204466253,-65.97832822976,
    0.180702493389));
#6674 = CARTESIAN_POINT('',(-1.102875379676,-65.99633381386,
    9.043209202677E-02));
#6675 = CARTESIAN_POINT('',(-0.247071249114,-65.9995375423,0.));
#6676 = PCURVE('',#2024,#6677);
#6677 = DEFINITIONAL_REPRESENTATION('',(#6678),#6685);
#6678 = B_SPLINE_CURVE_WITH_KNOTS('',5,(#6679,#6680,#6681,#6682,#6683,
    #6684),.UNSPECIFIED.,.F.,.F.,(6,6),(0.,1.),
  .PIECEWISE_BEZIER_KNOTS.);
#6679 = CARTESIAN_POINT('',(-4.499205957627,-1.45));
#6680 = CARTESIAN_POINT('',(-4.540937048833,-1.158962579206));
#6681 = CARTESIAN_POINT('',(-4.582900546372,-0.869495527107));
#6682 = CARTESIAN_POINT('',(-4.624950879748,-0.580504468734));
#6683 = CARTESIAN_POINT('',(-4.666914376614,-0.291037421118));
#6684 = CARTESIAN_POINT('',(-4.708645467867,0.));
#6685 = ( GEOMETRIC_REPRESENTATION_CONTEXT(2) 
PARAMETRIC_REPRESENTATION_CONTEXT() REPRESENTATION_CONTEXT('2D SPACE',''
  ) );
#6686 = PCURVE('',#6687,#6692);
#6687 = B_SPLINE_SURFACE_WITH_KNOTS('',1,1,(
    (#6688,#6689)
    ,(#6690,#6691
    )),.UNSPECIFIED.,.F.,.F.,.F.,(2,2),(2,2),(0.,9.),(0.,1.),
  .PIECEWISE_BEZIER_KNOTS.);
#6688 = CARTESIAN_POINT('',(-13.75217565991,-63.52855786667,1.45));
#6689 = CARTESIAN_POINT('',(-0.24332774534,-64.99954454923,0.));
#6690 = CARTESIAN_POINT('',(-15.65632305897,-72.32481972513,1.45));
#6691 = CARTESIAN_POINT('',(-0.27701927931,-73.99948148682,0.));
#6692 = DEFINITIONAL_REPRESENTATION('',(#6693),#6708);
#6693 = B_SPLINE_CURVE_WITH_KNOTS('',4,(#6694,#6695,#6696,#6697,#6698,
    #6699,#6700,#6701,#6702,#6703,#6704,#6705,#6706,#6707),
  .UNSPECIFIED.,.F.,.F.,(5,3,3,3,5),(0.,0.250841857833,0.501282987113,
    0.751421403669,1.),.UNSPECIFIED.);
#6694 = CARTESIAN_POINT('',(1.,0.));
#6695 = CARTESIAN_POINT('',(1.090768240072,6.293479942318E-02));
#6696 = CARTESIAN_POINT('',(1.166638926129,0.125756049229));
#6697 = CARTESIAN_POINT('',(1.227403201744,0.188493413806));
#6698 = CARTESIAN_POINT('',(1.318429687841,0.313756687352));
#6699 = CARTESIAN_POINT('',(1.348740744822,0.376282839345));
#6700 = CARTESIAN_POINT('',(1.363778768286,0.43878164892));
#6701 = CARTESIAN_POINT('',(1.36330960797,0.563704224831));
#6702 = CARTESIAN_POINT('',(1.347839321574,0.626128057502));
#6703 = CARTESIAN_POINT('',(1.317134015351,0.688579699832));
#6704 = CARTESIAN_POINT('',(1.225754749368,0.813204781553));
#6705 = CARTESIAN_POINT('',(1.165268596761,0.875377590767));
#6706 = CARTESIAN_POINT('',(1.089949268949,0.937633039982));
#6707 = CARTESIAN_POINT('',(1.,1.));
#6708 = ( GEOMETRIC_REPRESENTATION_CONTEXT(2) 
PARAMETRIC_REPRESENTATION_CONTEXT() REPRESENTATION_CONTEXT('2D SPACE',''
  ) );
#6709 = ORIENTED_EDGE('',*,*,#6710,.T.);
#6710 = EDGE_CURVE('',#6658,#6711,#6713,.T.);
#6711 = VERTEX_POINT('',#6712);
#6712 = CARTESIAN_POINT('',(-13.96374759314,-64.50592029538,0.));
#6713 = SURFACE_CURVE('',#6714,(#6718,#6725),.PCURVE_S1.);
#6714 = LINE('',#6715,#6716);
#6715 = CARTESIAN_POINT('',(-13.96374759314,-64.50592029538,0.));
#6716 = VECTOR('',#6717,1.);
#6717 = DIRECTION('',(-0.,-0.,-1.));
#6718 = PCURVE('',#2024,#6719);
#6719 = DEFINITIONAL_REPRESENTATION('',(#6720),#6724);
#6720 = LINE('',#6721,#6722);
#6721 = CARTESIAN_POINT('',(-4.499205957627,0.));
#6722 = VECTOR('',#6723,1.);
#6723 = DIRECTION('',(-0.,1.));
#6724 = ( GEOMETRIC_REPRESENTATION_CONTEXT(2) 
PARAMETRIC_REPRESENTATION_CONTEXT() REPRESENTATION_CONTEXT('2D SPACE',''
  ) );
#6725 = PCURVE('',#6726,#6731);
#6726 = PLANE('',#6727);
#6727 = AXIS2_PLACEMENT_3D('',#6728,#6729,#6730);
#6728 = CARTESIAN_POINT('',(-13.75217565991,-63.52855786667,0.));
#6729 = DIRECTION('',(0.977362428718,-0.211571933229,1.688305753616E-16)
  );
#6730 = DIRECTION('',(-0.208693269391,-0.964064361069,0.164398987305));
#6731 = DEFINITIONAL_REPRESENTATION('',(#6732),#6735);
#6732 = B_SPLINE_CURVE_WITH_KNOTS('',1,(#6733,#6734),.UNSPECIFIED.,.F.,
  .F.,(2,2),(-1.5000006,6.E-07),.PIECEWISE_BEZIER_KNOTS.);
#6733 = CARTESIAN_POINT('',(1.23299250343,-1.315192490279));
#6734 = CARTESIAN_POINT('',(0.986393825193,0.164399579142));
#6735 = ( GEOMETRIC_REPRESENTATION_CONTEXT(2) 
PARAMETRIC_REPRESENTATION_CONTEXT() REPRESENTATION_CONTEXT('2D SPACE',''
  ) );
#6736 = ORIENTED_EDGE('',*,*,#6737,.F.);
#6737 = EDGE_CURVE('',#6738,#6711,#6740,.T.);
#6738 = VERTEX_POINT('',#6739);
#6739 = CARTESIAN_POINT('',(-27.07014116185,-60.19308479781,1.45));
#6740 = SURFACE_CURVE('',#6741,(#6756,#6766),.PCURVE_S1.);
#6741 = B_SPLINE_CURVE_WITH_KNOTS('',4,(#6742,#6743,#6744,#6745,#6746,
    #6747,#6748,#6749,#6750,#6751,#6752,#6753,#6754,#6755),
  .UNSPECIFIED.,.F.,.F.,(5,3,3,3,5),(0.,0.250841857833,0.501282987113,
    0.751421403669,1.),.UNSPECIFIED.);
#6742 = CARTESIAN_POINT('',(-27.07014116185,-60.19308479781,1.45));
#6743 = CARTESIAN_POINT('',(-26.28252183677,-60.54729436164,
    1.358744540836));
#6744 = CARTESIAN_POINT('',(-25.48725515602,-60.88842290477,
    1.267653728618));
#6745 = CARTESIAN_POINT('',(-24.68499751777,-61.21603576141,
    1.176684549981));
#6746 = CARTESIAN_POINT('',(-23.06925260949,-61.84302159196,
    0.99505280334));
#6747 = CARTESIAN_POINT('',(-22.2557840461,-62.14243955167,
    0.904389882949));
#6748 = CARTESIAN_POINT('',(-21.43680095365,-62.42768153466,
    0.813766609067));
#6749 = CARTESIAN_POINT('',(-19.79035222217,-62.96897648346,
    0.632628873995));
#6750 = CARTESIAN_POINT('',(-18.96289659995,-63.22506478403,
    0.542114316623));
#6751 = CARTESIAN_POINT('',(-18.13148467951,-63.46650415072,
    0.451559435244));
#6752 = CARTESIAN_POINT('',(-16.46753494597,-63.91837670268,
    0.270853066749));
#6753 = CARTESIAN_POINT('',(-15.63503507519,-64.12899403344,
    0.180702493389));
#6754 = CARTESIAN_POINT('',(-14.80018425755,-64.3248548923,
    9.043209202678E-02));
#6755 = CARTESIAN_POINT('',(-13.96374759314,-64.50592029538,0.));
#6756 = PCURVE('',#2024,#6757);
#6757 = DEFINITIONAL_REPRESENTATION('',(#6758),#6765);
#6758 = B_SPLINE_CURVE_WITH_KNOTS('',5,(#6759,#6760,#6761,#6762,#6763,
    #6764),.UNSPECIFIED.,.F.,.F.,(6,6),(0.,1.),
  .PIECEWISE_BEZIER_KNOTS.);
#6759 = CARTESIAN_POINT('',(-4.289766447388,-1.45));
#6760 = CARTESIAN_POINT('',(-4.331497538594,-1.158962579206));
#6761 = CARTESIAN_POINT('',(-4.373461036133,-0.869495527107));
#6762 = CARTESIAN_POINT('',(-4.415511369508,-0.580504468734));
#6763 = CARTESIAN_POINT('',(-4.457474866375,-0.291037421118));
#6764 = CARTESIAN_POINT('',(-4.499205957627,0.));
#6765 = ( GEOMETRIC_REPRESENTATION_CONTEXT(2) 
PARAMETRIC_REPRESENTATION_CONTEXT() REPRESENTATION_CONTEXT('2D SPACE',''
  ) );
#6766 = PCURVE('',#6767,#6772);
#6767 = B_SPLINE_SURFACE_WITH_KNOTS('',1,1,(
    (#6768,#6769)
    ,(#6770,#6771
    )),.UNSPECIFIED.,.F.,.F.,.F.,(2,2),(2,2),(0.,9.),(0.,1.),
  .PIECEWISE_BEZIER_KNOTS.);
#6768 = CARTESIAN_POINT('',(-26.65998750788,-59.28106836148,1.45));
#6769 = CARTESIAN_POINT('',(-13.75217565991,-63.52855786667,0.));
#6770 = CARTESIAN_POINT('',(-30.35137039359,-67.48921628846,1.45));
#6771 = CARTESIAN_POINT('',(-15.65632305897,-72.32481972513,0.));
#6772 = DEFINITIONAL_REPRESENTATION('',(#6773),#6788);
#6773 = B_SPLINE_CURVE_WITH_KNOTS('',4,(#6774,#6775,#6776,#6777,#6778,
    #6779,#6780,#6781,#6782,#6783,#6784,#6785,#6786,#6787),
  .UNSPECIFIED.,.F.,.F.,(5,3,3,3,5),(0.,0.250841857833,0.501282987113,
    0.751421403669,1.),.UNSPECIFIED.);
#6774 = CARTESIAN_POINT('',(1.,0.));
#6775 = CARTESIAN_POINT('',(1.090768240072,6.293479942318E-02));
#6776 = CARTESIAN_POINT('',(1.166638926129,0.125756049229));
#6777 = CARTESIAN_POINT('',(1.227403201744,0.188493413806));
#6778 = CARTESIAN_POINT('',(1.318429687841,0.313756687352));
#6779 = CARTESIAN_POINT('',(1.348740744822,0.376282839345));
#6780 = CARTESIAN_POINT('',(1.363778768286,0.43878164892));
#6781 = CARTESIAN_POINT('',(1.36330960797,0.563704224831));
#6782 = CARTESIAN_POINT('',(1.347839321574,0.626128057502));
#6783 = CARTESIAN_POINT('',(1.317134015351,0.688579699832));
#6784 = CARTESIAN_POINT('',(1.225754749368,0.813204781553));
#6785 = CARTESIAN_POINT('',(1.165268596761,0.875377590767));
#6786 = CARTESIAN_POINT('',(1.089949268949,0.937633039982));
#6787 = CARTESIAN_POINT('',(1.,1.));
#6788 = ( GEOMETRIC_REPRESENTATION_CONTEXT(2) 
PARAMETRIC_REPRESENTATION_CONTEXT() REPRESENTATION_CONTEXT('2D SPACE',''
  ) );
#6789 = ORIENTED_EDGE('',*,*,#6790,.T.);
#6790 = EDGE_CURVE('',#6738,#6791,#6793,.T.);
#6791 = VERTEX_POINT('',#6792);
#6792 = CARTESIAN_POINT('',(-27.07014116185,-60.19308479781,0.));
#6793 = SURFACE_CURVE('',#6794,(#6798,#6805),.PCURVE_S1.);
#6794 = LINE('',#6795,#6796);
#6795 = CARTESIAN_POINT('',(-27.07014116185,-60.19308479781,
    -2.399226777948E-30));
#6796 = VECTOR('',#6797,1.);
#6797 = DIRECTION('',(-0.,-0.,-1.));
#6798 = PCURVE('',#2024,#6799);
#6799 = DEFINITIONAL_REPRESENTATION('',(#6800),#6804);
#6800 = LINE('',#6801,#6802);
#6801 = CARTESIAN_POINT('',(-4.289766447388,2.399226777948E-30));
#6802 = VECTOR('',#6803,1.);
#6803 = DIRECTION('',(-0.,1.));
#6804 = ( GEOMETRIC_REPRESENTATION_CONTEXT(2) 
PARAMETRIC_REPRESENTATION_CONTEXT() REPRESENTATION_CONTEXT('2D SPACE',''
  ) );
#6805 = PCURVE('',#6806,#6811);
#6806 = PLANE('',#6807);
#6807 = AXIS2_PLACEMENT_3D('',#6808,#6809,#6810);
#6808 = CARTESIAN_POINT('',(-26.65998750788,-59.28106836148,0.));
#6809 = DIRECTION('',(0.912016436331,-0.410153653967,3.376611507232E-16)
  );
#6810 = DIRECTION('',(-0.404573072111,-0.899607471232,0.164398987305));
#6811 = DEFINITIONAL_REPRESENTATION('',(#6812),#6815);
#6812 = B_SPLINE_CURVE_WITH_KNOTS('',1,(#6813,#6814),.UNSPECIFIED.,.F.,
  .F.,(2,2),(-1.5000006,6.E-07),.PIECEWISE_BEZIER_KNOTS.);
#6813 = CARTESIAN_POINT('',(1.23299250343,-1.315192490279));
#6814 = CARTESIAN_POINT('',(0.986393825193,0.164399579142));
#6815 = ( GEOMETRIC_REPRESENTATION_CONTEXT(2) 
PARAMETRIC_REPRESENTATION_CONTEXT() REPRESENTATION_CONTEXT('2D SPACE',''
  ) );
#6816 = ORIENTED_EDGE('',*,*,#6817,.F.);
#6817 = EDGE_CURVE('',#6818,#6791,#6820,.T.);
#6818 = VERTEX_POINT('',#6819);
#6819 = CARTESIAN_POINT('',(-38.99343966484,-53.24952265611,1.45));
#6820 = SURFACE_CURVE('',#6821,(#6836,#6846),.PCURVE_S1.);
#6821 = B_SPLINE_CURVE_WITH_KNOTS('',4,(#6822,#6823,#6824,#6825,#6826,
    #6827,#6828,#6829,#6830,#6831,#6832,#6833,#6834,#6835),
  .UNSPECIFIED.,.F.,.F.,(5,3,3,3,5),(0.,0.250841857833,0.501282987113,
    0.751421403669,1.),.UNSPECIFIED.);
#6822 = CARTESIAN_POINT('',(-38.99343966484,-53.24952265611,1.45));
#6823 = CARTESIAN_POINT('',(-38.29667602104,-53.75974715672,
    1.358744540836));
#6824 = CARTESIAN_POINT('',(-37.58971243751,-54.25876646298,
    1.267653728618));
#6825 = CARTESIAN_POINT('',(-36.87310059644,-54.7460189347,
    1.176684549981));
#6826 = CARTESIAN_POINT('',(-35.42302127516,-55.69523587636,
    0.99505280334));
#6827 = CARTESIAN_POINT('',(-34.68958144587,-56.15724045971,
    0.904389882949));
#6828 = CARTESIAN_POINT('',(-33.94780024192,-56.60652538051,
    0.813766609067));
#6829 = CARTESIAN_POINT('',(-32.44987191354,-57.47830767556,
    0.632628873995));
#6830 = CARTESIAN_POINT('',(-31.69374193351,-57.90083752984,
    0.542114316623));
#6831 = CARTESIAN_POINT('',(-30.93069642527,-58.30986112523,
    0.451559435244));
#6832 = CARTESIAN_POINT('',(-29.39705757199,-59.09781378031,
    0.270853066749));
#6833 = CARTESIAN_POINT('',(-28.62653962612,-59.47691507281,
    0.180702493389));
#6834 = CARTESIAN_POINT('',(-27.8506540642,-59.84207114705,
    9.043209202676E-02));
#6835 = CARTESIAN_POINT('',(-27.07014116185,-60.19308479781,0.));
#6836 = PCURVE('',#2024,#6837);
#6837 = DEFINITIONAL_REPRESENTATION('',(#6838),#6845);
#6838 = B_SPLINE_CURVE_WITH_KNOTS('',5,(#6839,#6840,#6841,#6842,#6843,
    #6844),.UNSPECIFIED.,.F.,.F.,(6,6),(0.,1.),
  .PIECEWISE_BEZIER_KNOTS.);
#6839 = CARTESIAN_POINT('',(-4.080326937149,-1.45));
#6840 = CARTESIAN_POINT('',(-4.122058028355,-1.158962579206));
#6841 = CARTESIAN_POINT('',(-4.164021525893,-0.869495527107));
#6842 = CARTESIAN_POINT('',(-4.206071859269,-0.580504468734));
#6843 = CARTESIAN_POINT('',(-4.248035356136,-0.291037421118));
#6844 = CARTESIAN_POINT('',(-4.289766447388,0.));
#6845 = ( GEOMETRIC_REPRESENTATION_CONTEXT(2) 
PARAMETRIC_REPRESENTATION_CONTEXT() REPRESENTATION_CONTEXT('2D SPACE',''
  ) );
#6846 = PCURVE('',#6847,#6852);
#6847 = B_SPLINE_SURFACE_WITH_KNOTS('',1,1,(
    (#6848,#6849)
    ,(#6850,#6851
    )),.UNSPECIFIED.,.F.,.F.,.F.,(2,2),(2,2),(0.,9.),(0.,1.),
  .PIECEWISE_BEZIER_KNOTS.);
#6848 = CARTESIAN_POINT('',(-38.40262997295,-52.44271170678,1.45));
#6849 = CARTESIAN_POINT('',(-26.65998750788,-59.28106836148,0.));
#6850 = CARTESIAN_POINT('',(-43.71991719997,-59.70401025079,1.45));
#6851 = CARTESIAN_POINT('',(-30.35137039359,-67.48921628846,0.));
#6852 = DEFINITIONAL_REPRESENTATION('',(#6853),#6868);
#6853 = B_SPLINE_CURVE_WITH_KNOTS('',4,(#6854,#6855,#6856,#6857,#6858,
    #6859,#6860,#6861,#6862,#6863,#6864,#6865,#6866,#6867),
  .UNSPECIFIED.,.F.,.F.,(5,3,3,3,5),(0.,0.250841857833,0.501282987113,
    0.751421403669,1.),.UNSPECIFIED.);
#6854 = CARTESIAN_POINT('',(1.,0.));
#6855 = CARTESIAN_POINT('',(1.090768240072,6.293479942318E-02));
#6856 = CARTESIAN_POINT('',(1.166638926129,0.125756049229));
#6857 = CARTESIAN_POINT('',(1.227403201744,0.188493413806));
#6858 = CARTESIAN_POINT('',(1.318429687841,0.313756687352));
#6859 = CARTESIAN_POINT('',(1.348740744822,0.376282839345));
#6860 = CARTESIAN_POINT('',(1.363778768286,0.43878164892));
#6861 = CARTESIAN_POINT('',(1.36330960797,0.563704224831));
#6862 = CARTESIAN_POINT('',(1.347839321574,0.626128057502));
#6863 = CARTESIAN_POINT('',(1.317134015351,0.688579699832));
#6864 = CARTESIAN_POINT('',(1.225754749368,0.813204781553));
#6865 = CARTESIAN_POINT('',(1.165268596761,0.875377590766));
#6866 = CARTESIAN_POINT('',(1.089949268949,0.937633039982));
#6867 = CARTESIAN_POINT('',(1.,1.));
#6868 = ( GEOMETRIC_REPRESENTATION_CONTEXT(2) 
PARAMETRIC_REPRESENTATION_CONTEXT() REPRESENTATION_CONTEXT('2D SPACE',''
  ) );
#6869 = ORIENTED_EDGE('',*,*,#6870,.T.);
#6870 = EDGE_CURVE('',#6818,#6871,#6873,.T.);
#6871 = VERTEX_POINT('',#6872);
#6872 = CARTESIAN_POINT('',(-38.99343966484,-53.24952265611,0.));
#6873 = SURFACE_CURVE('',#6874,(#6878,#6885),.PCURVE_S1.);
#6874 = LINE('',#6875,#6876);
#6875 = CARTESIAN_POINT('',(-38.99343966484,-53.24952265611,0.));
#6876 = VECTOR('',#6877,1.);
#6877 = DIRECTION('',(-0.,-0.,-1.));
#6878 = PCURVE('',#2024,#6879);
#6879 = DEFINITIONAL_REPRESENTATION('',(#6880),#6884);
#6880 = LINE('',#6881,#6882);
#6881 = CARTESIAN_POINT('',(-4.080326937149,0.));
#6882 = VECTOR('',#6883,1.);
#6883 = DIRECTION('',(-0.,1.));
#6884 = ( GEOMETRIC_REPRESENTATION_CONTEXT(2) 
PARAMETRIC_REPRESENTATION_CONTEXT() REPRESENTATION_CONTEXT('2D SPACE',''
  ) );
#6885 = PCURVE('',#6886,#6891);
#6886 = PLANE('',#6887);
#6887 = AXIS2_PLACEMENT_3D('',#6888,#6889,#6890);
#6888 = CARTESIAN_POINT('',(-38.40262997295,-52.44271170678,0.));
#6889 = DIRECTION('',(0.806810949335,-0.590809691892,0.));
#6890 = DIRECTION('',(-0.582771090223,-0.795833418105,0.164398987305));
#6891 = DEFINITIONAL_REPRESENTATION('',(#6892),#6895);
#6892 = B_SPLINE_CURVE_WITH_KNOTS('',1,(#6893,#6894),.UNSPECIFIED.,.F.,
  .F.,(2,2),(-1.5000006,6.E-07),.PIECEWISE_BEZIER_KNOTS.);
#6893 = CARTESIAN_POINT('',(1.23299250343,-1.315192490279));
#6894 = CARTESIAN_POINT('',(0.986393825193,0.164399579142));
#6895 = ( GEOMETRIC_REPRESENTATION_CONTEXT(2) 
PARAMETRIC_REPRESENTATION_CONTEXT() REPRESENTATION_CONTEXT('2D SPACE',''
  ) );
#6896 = ORIENTED_EDGE('',*,*,#6897,.F.);
#6897 = EDGE_CURVE('',#6898,#6871,#6900,.T.);
#6898 = VERTEX_POINT('',#6899);
#6899 = CARTESIAN_POINT('',(-49.21253774319,-43.97870085478,1.45));
#6900 = SURFACE_CURVE('',#6901,(#6916,#6926),.PCURVE_S1.);
#6901 = B_SPLINE_CURVE_WITH_KNOTS('',4,(#6902,#6903,#6904,#6905,#6906,
    #6907,#6908,#6909,#6910,#6911,#6912,#6913,#6914,#6915),
  .UNSPECIFIED.,.F.,.F.,(5,3,3,3,5),(0.,0.250841857833,0.501282987113,
    0.751421403669,1.),.UNSPECIFIED.);
#6902 = CARTESIAN_POINT('',(-49.21253774319,-43.97870085478,1.45));
#6903 = CARTESIAN_POINT('',(-48.63708169535,-44.62264103317,
    1.358744540836));
#6904 = CARTESIAN_POINT('',(-48.04931891003,-45.2577415643,
    1.267653728618));
#6905 = CARTESIAN_POINT('',(-47.44967224228,-45.88333838001,
    1.176684549981));
#6906 = CARTESIAN_POINT('',(-46.22863393259,-47.11330109757,
    0.99505280334));
#6907 = CARTESIAN_POINT('',(-45.60727767737,-47.71770048732,
    0.904389882949));
#6908 = CARTESIAN_POINT('',(-44.97511776001,-48.31139243898,
    0.813766609067));
#6909 = CARTESIAN_POINT('',(-43.69117649052,-49.47556101073,
    0.632628873995));
#6910 = CARTESIAN_POINT('',(-43.03941866114,-50.04606583655,
    0.542114316623));
#6911 = CARTESIAN_POINT('',(-42.3780883153,-50.60479736682,
    0.451559435244));
#6912 = CARTESIAN_POINT('',(-41.04178771937,-51.69439281296,
    0.270853066749));
#6913 = CARTESIAN_POINT('',(-40.36692703001,-52.22540952158,
    0.180702493389));
#6914 = CARTESIAN_POINT('',(-39.68391664599,-52.74390173856,
    9.043209202677E-02));
#6915 = CARTESIAN_POINT('',(-38.99343966484,-53.24952265611,0.));
#6916 = PCURVE('',#2024,#6917);
#6917 = DEFINITIONAL_REPRESENTATION('',(#6918),#6925);
#6918 = B_SPLINE_CURVE_WITH_KNOTS('',5,(#6919,#6920,#6921,#6922,#6923,
    #6924),.UNSPECIFIED.,.F.,.F.,(6,6),(0.,1.),
  .PIECEWISE_BEZIER_KNOTS.);
#6919 = CARTESIAN_POINT('',(-3.870887426909,-1.45));
#6920 = CARTESIAN_POINT('',(-3.912618518115,-1.158962579206));
#6921 = CARTESIAN_POINT('',(-3.954582015654,-0.869495527107));
#6922 = CARTESIAN_POINT('',(-3.99663234903,-0.580504468734));
#6923 = CARTESIAN_POINT('',(-4.038595845896,-0.291037421118));
#6924 = CARTESIAN_POINT('',(-4.080326937149,0.));
#6925 = ( GEOMETRIC_REPRESENTATION_CONTEXT(2) 
PARAMETRIC_REPRESENTATION_CONTEXT() REPRESENTATION_CONTEXT('2D SPACE',''
  ) );
#6926 = PCURVE('',#6927,#6932);
#6927 = B_SPLINE_SURFACE_WITH_KNOTS('',1,1,(
    (#6928,#6929)
    ,(#6930,#6931
    )),.UNSPECIFIED.,.F.,.F.,.F.,(2,2),(2,2),(0.,9.),(0.,1.),
  .PIECEWISE_BEZIER_KNOTS.);
#6928 = CARTESIAN_POINT('',(-48.46689323193,-43.31235690243,1.45));
#6929 = CARTESIAN_POINT('',(-38.40262997295,-52.44271170678,0.));
#6930 = CARTESIAN_POINT('',(-55.17769383328,-49.30945247354,1.45));
#6931 = CARTESIAN_POINT('',(-43.71991719997,-59.70401025079,0.));
#6932 = DEFINITIONAL_REPRESENTATION('',(#6933),#6948);
#6933 = B_SPLINE_CURVE_WITH_KNOTS('',4,(#6934,#6935,#6936,#6937,#6938,
    #6939,#6940,#6941,#6942,#6943,#6944,#6945,#6946,#6947),
  .UNSPECIFIED.,.F.,.F.,(5,3,3,3,5),(0.,0.250841857833,0.501282987113,
    0.751421403669,1.),.UNSPECIFIED.);
#6934 = CARTESIAN_POINT('',(1.,0.));
#6935 = CARTESIAN_POINT('',(1.090768240072,6.293479942318E-02));
#6936 = CARTESIAN_POINT('',(1.166638926129,0.125756049229));
#6937 = CARTESIAN_POINT('',(1.227403201744,0.188493413806));
#6938 = CARTESIAN_POINT('',(1.318429687841,0.313756687352));
#6939 = CARTESIAN_POINT('',(1.348740744822,0.376282839345));
#6940 = CARTESIAN_POINT('',(1.363778768286,0.43878164892));
#6941 = CARTESIAN_POINT('',(1.36330960797,0.563704224831));
#6942 = CARTESIAN_POINT('',(1.347839321574,0.626128057502));
#6943 = CARTESIAN_POINT('',(1.317134015351,0.688579699832));
#6944 = CARTESIAN_POINT('',(1.225754749368,0.813204781553));
#6945 = CARTESIAN_POINT('',(1.165268596761,0.875377590766));
#6946 = CARTESIAN_POINT('',(1.089949268949,0.937633039982));
#6947 = CARTESIAN_POINT('',(1.,1.));
#6948 = ( GEOMETRIC_REPRESENTATION_CONTEXT(2) 
PARAMETRIC_REPRESENTATION_CONTEXT() REPRESENTATION_CONTEXT('2D SPACE',''
  ) );
#6949 = ORIENTED_EDGE('',*,*,#6950,.T.);
#6950 = EDGE_CURVE('',#6898,#6951,#6953,.T.);
#6951 = VERTEX_POINT('',#6952);
#6952 = CARTESIAN_POINT('',(-49.21253774319,-43.97870085478,0.));
#6953 = SURFACE_CURVE('',#6954,(#6958,#6965),.PCURVE_S1.);
#6954 = LINE('',#6955,#6956);
#6955 = CARTESIAN_POINT('',(-49.21253774319,-43.97870085478,0.));
#6956 = VECTOR('',#6957,1.);
#6957 = DIRECTION('',(-0.,-0.,-1.));
#6958 = PCURVE('',#2024,#6959);
#6959 = DEFINITIONAL_REPRESENTATION('',(#6960),#6964);
#6960 = LINE('',#6961,#6962);
#6961 = CARTESIAN_POINT('',(-3.870887426909,0.));
#6962 = VECTOR('',#6963,1.);
#6963 = DIRECTION('',(-0.,1.));
#6964 = ( GEOMETRIC_REPRESENTATION_CONTEXT(2) 
PARAMETRIC_REPRESENTATION_CONTEXT() REPRESENTATION_CONTEXT('2D SPACE',''
  ) );
#6965 = PCURVE('',#6966,#6971);
#6966 = PLANE('',#6967);
#6967 = AXIS2_PLACEMENT_3D('',#6968,#6969,#6970);
#6968 = CARTESIAN_POINT('',(-48.46689323193,-43.31235690243,0.));
#6969 = DIRECTION('',(0.666343952345,-0.745644511261,0.));
#6970 = DIRECTION('',(-0.735499215246,-0.657277625776,0.164398987305));
#6971 = DEFINITIONAL_REPRESENTATION('',(#6972),#6975);
#6972 = B_SPLINE_CURVE_WITH_KNOTS('',1,(#6973,#6974),.UNSPECIFIED.,.F.,
  .F.,(2,2),(-1.5000006,6.E-07),.PIECEWISE_BEZIER_KNOTS.);
#6973 = CARTESIAN_POINT('',(1.23299250343,-1.315192490279));
#6974 = CARTESIAN_POINT('',(0.986393825193,0.164399579142));
#6975 = ( GEOMETRIC_REPRESENTATION_CONTEXT(2) 
PARAMETRIC_REPRESENTATION_CONTEXT() REPRESENTATION_CONTEXT('2D SPACE',''
  ) );
#6976 = ORIENTED_EDGE('',*,*,#6977,.F.);
#6977 = EDGE_CURVE('',#6978,#6951,#6980,.T.);
#6978 = VERTEX_POINT('',#6979);
#6979 = CARTESIAN_POINT('',(-57.28081177421,-32.78579879287,1.45));
#6980 = SURFACE_CURVE('',#6981,(#6996,#7006),.PCURVE_S1.);
#6981 = B_SPLINE_CURVE_WITH_KNOTS('',4,(#6982,#6983,#6984,#6985,#6986,
    #6987,#6988,#6989,#6990,#6991,#6992,#6993,#6994,#6995),
  .UNSPECIFIED.,.F.,.F.,(5,3,3,3,5),(0.,0.250841857833,0.501282987113,
    0.751421403663,1.),.UNSPECIFIED.);
#6982 = CARTESIAN_POINT('',(-57.28081177421,-32.78579879287,1.45));
#6983 = CARTESIAN_POINT('',(-56.85181351296,-33.53531137328,
    1.358744540836));
#6984 = CARTESIAN_POINT('',(-56.40893957996,-34.27873618852,
    1.267653728618));
#6985 = CARTESIAN_POINT('',(-55.95246552234,-35.01533576542,
    1.176684549981));
#6986 = CARTESIAN_POINT('',(-55.01383345757,-36.47228898612,
    0.99505280334));
#6987 = CARTESIAN_POINT('',(-54.53171702638,-37.19266802871,
    0.904389882949));
#6988 = CARTESIAN_POINT('',(-54.03680681742,-37.90481982408,
    0.813766609067));
#6989 = CARTESIAN_POINT('',(-53.02296700135,-39.31049491963,
    0.632628873997));
#6990 = CARTESIAN_POINT('',(-52.50406626725,-40.00404091851,
    0.542114316627));
#6991 = CARTESIAN_POINT('',(-51.97335439336,-40.68806113467,
    0.45155943525));
#6992 = CARTESIAN_POINT('',(-50.89279480311,-42.03167882243,
    0.270853066755));
#6993 = CARTESIAN_POINT('',(-50.34308602071,-42.69140296892,
    0.180702493393));
#6994 = CARTESIAN_POINT('',(-49.7828016458,-43.34057073076,
    9.043209202883E-02));
#6995 = CARTESIAN_POINT('',(-49.21253774319,-43.97870085478,0.));
#6996 = PCURVE('',#2024,#6997);
#6997 = DEFINITIONAL_REPRESENTATION('',(#6998),#7005);
#6998 = B_SPLINE_CURVE_WITH_KNOTS('',5,(#6999,#7000,#7001,#7002,#7003,
    #7004),.UNSPECIFIED.,.F.,.F.,(6,6),(0.,1.),
  .PIECEWISE_BEZIER_KNOTS.);
#6999 = CARTESIAN_POINT('',(-3.66144791667,-1.45));
#7000 = CARTESIAN_POINT('',(-3.703179007876,-1.158962579206));
#7001 = CARTESIAN_POINT('',(-3.745142505415,-0.869495527107));
#7002 = CARTESIAN_POINT('',(-3.78719283879,-0.580504468734));
#7003 = CARTESIAN_POINT('',(-3.829156335657,-0.291037421118));
#7004 = CARTESIAN_POINT('',(-3.870887426909,0.));
#7005 = ( GEOMETRIC_REPRESENTATION_CONTEXT(2) 
PARAMETRIC_REPRESENTATION_CONTEXT() REPRESENTATION_CONTEXT('2D SPACE',''
  ) );
#7006 = PCURVE('',#7007,#7012);
#7007 = B_SPLINE_SURFACE_WITH_KNOTS('',1,1,(
    (#7008,#7009)
    ,(#7010,#7011
    )),.UNSPECIFIED.,.F.,.F.,.F.,(2,2),(2,2),(0.,9.),(0.,1.),
  .PIECEWISE_BEZIER_KNOTS.);
#7008 = CARTESIAN_POINT('',(-56.41292068672,-32.2890442657,1.45));
#7009 = CARTESIAN_POINT('',(-48.46689323193,-43.31235690243,0.));
#7010 = CARTESIAN_POINT('',(-64.22394047412,-36.75983501019,1.45));
#7011 = CARTESIAN_POINT('',(-55.17769383328,-49.30945247354,0.));
#7012 = DEFINITIONAL_REPRESENTATION('',(#7013),#7028);
#7013 = B_SPLINE_CURVE_WITH_KNOTS('',4,(#7014,#7015,#7016,#7017,#7018,
    #7019,#7020,#7021,#7022,#7023,#7024,#7025,#7026,#7027),
  .UNSPECIFIED.,.F.,.F.,(5,3,3,3,5),(0.,0.250841857833,0.501282987113,
    0.751421403663,1.),.UNSPECIFIED.);
#7014 = CARTESIAN_POINT('',(1.,0.));
#7015 = CARTESIAN_POINT('',(1.090768240072,6.293479942318E-02));
#7016 = CARTESIAN_POINT('',(1.166638926129,0.125756049229));
#7017 = CARTESIAN_POINT('',(1.227403201744,0.188493413806));
#7018 = CARTESIAN_POINT('',(1.318429687841,0.313756687352));
#7019 = CARTESIAN_POINT('',(1.348740744822,0.376282839345));
#7020 = CARTESIAN_POINT('',(1.363778768286,0.43878164892));
#7021 = CARTESIAN_POINT('',(1.36330960797,0.56370422483));
#7022 = CARTESIAN_POINT('',(1.347839321574,0.626128057499));
#7023 = CARTESIAN_POINT('',(1.317134015353,0.688579699828));
#7024 = CARTESIAN_POINT('',(1.225754749372,0.813204781548));
#7025 = CARTESIAN_POINT('',(1.165268596764,0.875377590764));
#7026 = CARTESIAN_POINT('',(1.089949268951,0.93763303998));
#7027 = CARTESIAN_POINT('',(1.,1.));
#7028 = ( GEOMETRIC_REPRESENTATION_CONTEXT(2) 
PARAMETRIC_REPRESENTATION_CONTEXT() REPRESENTATION_CONTEXT('2D SPACE',''
  ) );
#7029 = ORIENTED_EDGE('',*,*,#7030,.T.);
#7030 = EDGE_CURVE('',#6978,#7031,#7033,.T.);
#7031 = VERTEX_POINT('',#7032);
#7032 = CARTESIAN_POINT('',(-57.28081177421,-32.78579879287,0.));
#7033 = SURFACE_CURVE('',#7034,(#7038,#7045),.PCURVE_S1.);
#7034 = LINE('',#7035,#7036);
#7035 = CARTESIAN_POINT('',(-57.28081177421,-32.78579879287,0.));
#7036 = VECTOR('',#7037,1.);
#7037 = DIRECTION('',(-0.,-0.,-1.));
#7038 = PCURVE('',#2024,#7039);
#7039 = DEFINITIONAL_REPRESENTATION('',(#7040),#7044);
#7040 = LINE('',#7041,#7042);
#7041 = CARTESIAN_POINT('',(-3.66144791667,0.));
#7042 = VECTOR('',#7043,1.);
#7043 = DIRECTION('',(-0.,1.));
#7044 = ( GEOMETRIC_REPRESENTATION_CONTEXT(2) 
PARAMETRIC_REPRESENTATION_CONTEXT() REPRESENTATION_CONTEXT('2D SPACE',''
  ) );
#7045 = PCURVE('',#7046,#7051);
#7046 = PLANE('',#7047);
#7047 = AXIS2_PLACEMENT_3D('',#7048,#7049,#7050);
#7048 = CARTESIAN_POINT('',(-56.41292068672,-32.2890442657,0.));
#7049 = DIRECTION('',(0.496754527165,-0.867891087488,0.));
#7050 = DIRECTION('',(-0.856082495246,-0.489995647231,0.164398987305));
#7051 = DEFINITIONAL_REPRESENTATION('',(#7052),#7055);
#7052 = B_SPLINE_CURVE_WITH_KNOTS('',1,(#7053,#7054),.UNSPECIFIED.,.F.,
  .F.,(2,2),(-1.5000006,6.E-07),.PIECEWISE_BEZIER_KNOTS.);
#7053 = CARTESIAN_POINT('',(1.23299250343,-1.315192490279));
#7054 = CARTESIAN_POINT('',(0.986393825193,0.164399579142));
#7055 = ( GEOMETRIC_REPRESENTATION_CONTEXT(2) 
PARAMETRIC_REPRESENTATION_CONTEXT() REPRESENTATION_CONTEXT('2D SPACE',''
  ) );
#7056 = ORIENTED_EDGE('',*,*,#7057,.F.);
#7057 = EDGE_CURVE('',#7058,#7031,#7060,.T.);
#7058 = VERTEX_POINT('',#7059);
#7059 = CARTESIAN_POINT('',(-62.84563946687,-20.16,1.45));
#7060 = SURFACE_CURVE('',#7061,(#7076,#7086),.PCURVE_S1.);
#7061 = B_SPLINE_CURVE_WITH_KNOTS('',4,(#7062,#7063,#7064,#7065,#7066,
    #7067,#7068,#7069,#7070,#7071,#7072,#7073,#7074,#7075),
  .UNSPECIFIED.,.F.,.F.,(5,3,3,3,5),(0.,0.250841857833,0.501282987113,
    0.751421403669,1.),.UNSPECIFIED.);
#7062 = CARTESIAN_POINT('',(-62.84563946687,-20.16,1.45));
#7063 = CARTESIAN_POINT('',(-62.58184827479,-20.9823276861,
    1.358744540836));
#7064 = CARTESIAN_POINT('',(-62.30321891013,-21.80158555368,
    1.267653728618));
#7065 = CARTESIAN_POINT('',(-62.00986756936,-22.61699495566,
    1.176684549981));
#7066 = CARTESIAN_POINT('',(-61.39466447479,-24.23726283251,
    0.99505280334));
#7067 = CARTESIAN_POINT('',(-61.07285866912,-25.04213750702,
    0.904389882949));
#7068 = CARTESIAN_POINT('',(-60.73682811955,-25.84162469537,
    0.813766609067));
#7069 = CARTESIAN_POINT('',(-60.03739942177,-27.42737156788,
    0.632628873995));
#7070 = CARTESIAN_POINT('',(-59.67403423497,-28.2136474517,
    0.542114316623));
#7071 = CARTESIAN_POINT('',(-59.29713548853,-28.99306138804,
    0.451559435244));
#7072 = CARTESIAN_POINT('',(-58.51954254315,-30.53197877707,
    0.270853066749));
#7073 = CARTESIAN_POINT('',(-58.11901057933,-31.29157725049,
    0.180702493389));
#7074 = CARTESIAN_POINT('',(-57.70593932928,-32.04304881092,
    9.043209202677E-02));
#7075 = CARTESIAN_POINT('',(-57.28081177421,-32.78579879287,0.));
#7076 = PCURVE('',#2024,#7077);
#7077 = DEFINITIONAL_REPRESENTATION('',(#7078),#7085);
#7078 = B_SPLINE_CURVE_WITH_KNOTS('',5,(#7079,#7080,#7081,#7082,#7083,
    #7084),.UNSPECIFIED.,.F.,.F.,(6,6),(0.,1.),
  .PIECEWISE_BEZIER_KNOTS.);
#7079 = CARTESIAN_POINT('',(-3.452008406431,-1.45));
#7080 = CARTESIAN_POINT('',(-3.493739497637,-1.158962579206));
#7081 = CARTESIAN_POINT('',(-3.535702995175,-0.869495527107));
#7082 = CARTESIAN_POINT('',(-3.577753328551,-0.580504468734));
#7083 = CARTESIAN_POINT('',(-3.619716825418,-0.291037421118));
#7084 = CARTESIAN_POINT('',(-3.66144791667,0.));
#7085 = ( GEOMETRIC_REPRESENTATION_CONTEXT(2) 
PARAMETRIC_REPRESENTATION_CONTEXT() REPRESENTATION_CONTEXT('2D SPACE',''
  ) );
#7086 = PCURVE('',#7087,#7092);
#7087 = B_SPLINE_SURFACE_WITH_KNOTS('',1,1,(
    (#7088,#7089)
    ,(#7090,#7091
    )),.UNSPECIFIED.,.F.,.F.,.F.,(2,2),(2,2),(0.,9.),(0.,1.),
  .PIECEWISE_BEZIER_KNOTS.);
#7088 = CARTESIAN_POINT('',(-61.89343280828,-19.85454545454,1.45));
#7089 = CARTESIAN_POINT('',(-56.41292068672,-32.2890442657,0.));
#7090 = CARTESIAN_POINT('',(-70.46329273558,-22.60363636363,1.45));
#7091 = CARTESIAN_POINT('',(-64.22394047412,-36.75983501019,0.));
#7092 = DEFINITIONAL_REPRESENTATION('',(#7093),#7108);
#7093 = B_SPLINE_CURVE_WITH_KNOTS('',4,(#7094,#7095,#7096,#7097,#7098,
    #7099,#7100,#7101,#7102,#7103,#7104,#7105,#7106,#7107),
  .UNSPECIFIED.,.F.,.F.,(5,3,3,3,5),(0.,0.250841857833,0.501282987113,
    0.751421403669,1.),.UNSPECIFIED.);
#7094 = CARTESIAN_POINT('',(1.,0.));
#7095 = CARTESIAN_POINT('',(1.090768240072,6.293479942319E-02));
#7096 = CARTESIAN_POINT('',(1.166638926129,0.125756049229));
#7097 = CARTESIAN_POINT('',(1.227403201744,0.188493413806));
#7098 = CARTESIAN_POINT('',(1.318429687841,0.313756687352));
#7099 = CARTESIAN_POINT('',(1.348740744822,0.376282839345));
#7100 = CARTESIAN_POINT('',(1.363778768286,0.43878164892));
#7101 = CARTESIAN_POINT('',(1.36330960797,0.563704224831));
#7102 = CARTESIAN_POINT('',(1.347839321574,0.626128057502));
#7103 = CARTESIAN_POINT('',(1.317134015351,0.688579699832));
#7104 = CARTESIAN_POINT('',(1.225754749368,0.813204781553));
#7105 = CARTESIAN_POINT('',(1.165268596761,0.875377590767));
#7106 = CARTESIAN_POINT('',(1.089949268949,0.937633039982));
#7107 = CARTESIAN_POINT('',(1.,1.));
#7108 = ( GEOMETRIC_REPRESENTATION_CONTEXT(2) 
PARAMETRIC_REPRESENTATION_CONTEXT() REPRESENTATION_CONTEXT('2D SPACE',''
  ) );
#7109 = ORIENTED_EDGE('',*,*,#7110,.T.);
#7110 = EDGE_CURVE('',#7058,#7111,#7113,.T.);
#7111 = VERTEX_POINT('',#7112);
#7112 = CARTESIAN_POINT('',(-62.84563946687,-20.16,0.));
#7113 = SURFACE_CURVE('',#7114,(#7118,#7125),.PCURVE_S1.);
#7114 = LINE('',#7115,#7116);
#7115 = CARTESIAN_POINT('',(-62.84563946687,-20.16,1.199613388974E-30));
#7116 = VECTOR('',#7117,1.);
#7117 = DIRECTION('',(-0.,-0.,-1.));
#7118 = PCURVE('',#2024,#7119);
#7119 = DEFINITIONAL_REPRESENTATION('',(#7120),#7124);
#7120 = LINE('',#7121,#7122);
#7121 = CARTESIAN_POINT('',(-3.452008406431,-1.199613388974E-30));
#7122 = VECTOR('',#7123,1.);
#7123 = DIRECTION('',(-0.,1.));
#7124 = ( GEOMETRIC_REPRESENTATION_CONTEXT(2) 
PARAMETRIC_REPRESENTATION_CONTEXT() REPRESENTATION_CONTEXT('2D SPACE',''
  ) );
#7125 = PCURVE('',#7126,#7131);
#7126 = PLANE('',#7127);
#7127 = AXIS2_PLACEMENT_3D('',#7128,#7129,#7130);
#7128 = CARTESIAN_POINT('',(-61.89343280828,-19.85454545454,0.));
#7129 = DIRECTION('',(0.305454545455,-0.952206658589,-3.376611507232E-16
    ));
#7130 = DIRECTION('',(-0.939250862265,-0.301298507643,0.164398987305));
#7131 = DEFINITIONAL_REPRESENTATION('',(#7132),#7135);
#7132 = B_SPLINE_CURVE_WITH_KNOTS('',1,(#7133,#7134),.UNSPECIFIED.,.F.,
  .F.,(2,2),(-1.5000006,6.E-07),.PIECEWISE_BEZIER_KNOTS.);
#7133 = CARTESIAN_POINT('',(1.23299250343,-1.315192490279));
#7134 = CARTESIAN_POINT('',(0.986393825193,0.164399579142));
#7135 = ( GEOMETRIC_REPRESENTATION_CONTEXT(2) 
PARAMETRIC_REPRESENTATION_CONTEXT() REPRESENTATION_CONTEXT('2D SPACE',''
  ) );
#7136 = ORIENTED_EDGE('',*,*,#7137,.F.);
#7137 = EDGE_CURVE('',#7138,#7111,#7140,.T.);
#7138 = VERTEX_POINT('',#7139);
#7139 = CARTESIAN_POINT('',(-65.66381114798,-6.653112468713,1.45));
#7140 = SURFACE_CURVE('',#7141,(#7156,#7166),.PCURVE_S1.);
#7141 = B_SPLINE_CURVE_WITH_KNOTS('',4,(#7142,#7143,#7144,#7145,#7146,
    #7147,#7148,#7149,#7150,#7151,#7152,#7153,#7154,#7155),
  .UNSPECIFIED.,.F.,.F.,(5,3,3,3,5),(0.,0.250841857833,0.501282987113,
    0.751421403663,1.),.UNSPECIFIED.);
#7142 = CARTESIAN_POINT('',(-65.66381114798,-6.653112468713,1.45));
#7143 = CARTESIAN_POINT('',(-65.57675596598,-7.512315594656,
    1.358744540836));
#7144 = CARTESIAN_POINT('',(-65.47454860991,-8.371601014535,
    1.267653728618));
#7145 = CARTESIAN_POINT('',(-65.35714084724,-9.230182937961,
    1.176684549981));
#7146 = CARTESIAN_POINT('',(-65.09225405018,-10.94295198983,
    0.99505280334));
#7147 = CARTESIAN_POINT('',(-64.94482332793,-11.79714541077,
    0.904389882949));
#7148 = CARTESIAN_POINT('',(-64.78235858521,-12.64902656559,
    0.813766609067));
#7149 = CARTESIAN_POINT('',(-64.42790939607,-14.34554046746,
    0.632628873997));
#7150 = CARTESIAN_POINT('',(-64.23596055887,-15.19018220708,
    0.542114316627));
#7151 = CARTESIAN_POINT('',(-64.02934722368,-16.03092573451,
    0.45155943525));
#7152 = CARTESIAN_POINT('',(-63.58870546619,-17.69788475036,
    0.270853066755));
#7153 = CARTESIAN_POINT('',(-63.35485548971,-18.5241594525,
    0.180702493393));
#7154 = CARTESIAN_POINT('',(-63.10705056026,-19.3450918984,
    9.043209202883E-02));
#7155 = CARTESIAN_POINT('',(-62.84563946687,-20.16,0.));
#7156 = PCURVE('',#2024,#7157);
#7157 = DEFINITIONAL_REPRESENTATION('',(#7158),#7165);
#7158 = B_SPLINE_CURVE_WITH_KNOTS('',5,(#7159,#7160,#7161,#7162,#7163,
    #7164),.UNSPECIFIED.,.F.,.F.,(6,6),(0.,1.),
  .PIECEWISE_BEZIER_KNOTS.);
#7159 = CARTESIAN_POINT('',(-3.242568896191,-1.45));
#7160 = CARTESIAN_POINT('',(-3.284299987397,-1.158962579206));
#7161 = CARTESIAN_POINT('',(-3.326263484936,-0.869495527107));
#7162 = CARTESIAN_POINT('',(-3.368313818312,-0.580504468734));
#7163 = CARTESIAN_POINT('',(-3.410277315178,-0.291037421118));
#7164 = CARTESIAN_POINT('',(-3.452008406431,0.));
#7165 = ( GEOMETRIC_REPRESENTATION_CONTEXT(2) 
PARAMETRIC_REPRESENTATION_CONTEXT() REPRESENTATION_CONTEXT('2D SPACE',''
  ) );
#7166 = PCURVE('',#7167,#7172);
#7167 = B_SPLINE_SURFACE_WITH_KNOTS('',1,1,(
    (#7168,#7169)
    ,(#7170,#7171
    )),.UNSPECIFIED.,.F.,.F.,.F.,(2,2),(2,2),(0.,9.),(0.,1.),
  .PIECEWISE_BEZIER_KNOTS.);
#7168 = CARTESIAN_POINT('',(-64.66890491847,-6.552307734339,1.45));
#7169 = CARTESIAN_POINT('',(-61.89343280828,-19.85454545454,0.));
#7170 = CARTESIAN_POINT('',(-73.6230609841,-7.459550343708,1.45));
#7171 = CARTESIAN_POINT('',(-70.46329273558,-22.60363636363,0.));
#7172 = DEFINITIONAL_REPRESENTATION('',(#7173),#7188);
#7173 = B_SPLINE_CURVE_WITH_KNOTS('',4,(#7174,#7175,#7176,#7177,#7178,
    #7179,#7180,#7181,#7182,#7183,#7184,#7185,#7186,#7187),
  .UNSPECIFIED.,.F.,.F.,(5,3,3,3,5),(0.,0.250841857833,0.501282987113,
    0.751421403663,1.),.UNSPECIFIED.);
#7174 = CARTESIAN_POINT('',(1.,0.));
#7175 = CARTESIAN_POINT('',(1.090768240072,6.293479942319E-02));
#7176 = CARTESIAN_POINT('',(1.166638926129,0.125756049229));
#7177 = CARTESIAN_POINT('',(1.227403201744,0.188493413806));
#7178 = CARTESIAN_POINT('',(1.318429687841,0.313756687352));
#7179 = CARTESIAN_POINT('',(1.348740744822,0.376282839345));
#7180 = CARTESIAN_POINT('',(1.363778768286,0.43878164892));
#7181 = CARTESIAN_POINT('',(1.36330960797,0.56370422483));
#7182 = CARTESIAN_POINT('',(1.347839321574,0.626128057499));
#7183 = CARTESIAN_POINT('',(1.317134015353,0.688579699828));
#7184 = CARTESIAN_POINT('',(1.225754749372,0.813204781548));
#7185 = CARTESIAN_POINT('',(1.165268596764,0.875377590764));
#7186 = CARTESIAN_POINT('',(1.089949268951,0.93763303998));
#7187 = CARTESIAN_POINT('',(1.,1.));
#7188 = ( GEOMETRIC_REPRESENTATION_CONTEXT(2) 
PARAMETRIC_REPRESENTATION_CONTEXT() REPRESENTATION_CONTEXT('2D SPACE',''
  ) );
#7189 = ORIENTED_EDGE('',*,*,#7190,.T.);
#7190 = EDGE_CURVE('',#7138,#7191,#7193,.T.);
#7191 = VERTEX_POINT('',#7192);
#7192 = CARTESIAN_POINT('',(-65.66381114798,-6.653112468713,0.));
#7193 = SURFACE_CURVE('',#7194,(#7198,#7205),.PCURVE_S1.);
#7194 = LINE('',#7195,#7196);
#7195 = CARTESIAN_POINT('',(-65.66381114798,-6.653112468713,0.));
#7196 = VECTOR('',#7197,1.);
#7197 = DIRECTION('',(-0.,-0.,-1.));
#7198 = PCURVE('',#2024,#7199);
#7199 = DEFINITIONAL_REPRESENTATION('',(#7200),#7204);
#7200 = LINE('',#7201,#7202);
#7201 = CARTESIAN_POINT('',(-3.242568896191,0.));
#7202 = VECTOR('',#7203,1.);
#7203 = DIRECTION('',(-0.,1.));
#7204 = ( GEOMETRIC_REPRESENTATION_CONTEXT(2) 
PARAMETRIC_REPRESENTATION_CONTEXT() REPRESENTATION_CONTEXT('2D SPACE',''
  ) );
#7205 = PCURVE('',#7206,#7211);
#7206 = PLANE('',#7207);
#7207 = AXIS2_PLACEMENT_3D('',#7208,#7209,#7210);
#7208 = CARTESIAN_POINT('',(-64.66890491847,-6.552307734339,0.));
#7209 = DIRECTION('',(0.100804734374,-0.994906229515,0.));
#7210 = DIRECTION('',(-0.981369459576,-9.943317748046E-02,0.164398987305
    ));
#7211 = DEFINITIONAL_REPRESENTATION('',(#7212),#7215);
#7212 = B_SPLINE_CURVE_WITH_KNOTS('',1,(#7213,#7214),.UNSPECIFIED.,.F.,
  .F.,(2,2),(-1.5000006,6.E-07),.PIECEWISE_BEZIER_KNOTS.);
#7213 = CARTESIAN_POINT('',(1.23299250343,-1.315192490279));
#7214 = CARTESIAN_POINT('',(0.986393825193,0.164399579142));
#7215 = ( GEOMETRIC_REPRESENTATION_CONTEXT(2) 
PARAMETRIC_REPRESENTATION_CONTEXT() REPRESENTATION_CONTEXT('2D SPACE',''
  ) );
#7216 = ORIENTED_EDGE('',*,*,#7217,.F.);
#7217 = EDGE_CURVE('',#7218,#7191,#7220,.T.);
#7218 = VERTEX_POINT('',#7219);
#7219 = CARTESIAN_POINT('',(-65.61215919201,7.144548002633,1.45));
#7220 = SURFACE_CURVE('',#7221,(#7236,#7246),.PCURVE_S1.);
#7221 = B_SPLINE_CURVE_WITH_KNOTS('',4,(#7222,#7223,#7224,#7225,#7226,
    #7227,#7228,#7229,#7230,#7231,#7232,#7233,#7234,#7235),
  .UNSPECIFIED.,.F.,.F.,(5,3,3,3,5),(0.,0.250841857833,0.501282987113,
    0.751421403669,1.),.UNSPECIFIED.);
#7222 = CARTESIAN_POINT('',(-65.61215919201,7.144548002633,1.45));
#7223 = CARTESIAN_POINT('',(-65.70564474927,6.286020736364,
    1.358744540836));
#7224 = CARTESIAN_POINT('',(-65.7843263537,5.42426266035,1.267653728618)
  );
#7225 = CARTESIAN_POINT('',(-65.84799345174,4.560032365464,
    1.176684549981));
#7226 = CARTESIAN_POINT('',(-65.94499977628,2.829618364907,0.99505280334
    ));
#7227 = CARTESIAN_POINT('',(-65.97838756748,1.963438548919,
    0.904389882949));
#7228 = CARTESIAN_POINT('',(-65.99658912045,1.096394721855,
    0.813766609067));
#7229 = CARTESIAN_POINT('',(-66.00261057035,-0.636740411106,
    0.632628873995));
#7230 = CARTESIAN_POINT('',(-65.990467168,-1.502833109507,0.542114316623
    ));
#7231 = CARTESIAN_POINT('',(-65.96316923823,-2.368161701585,
    0.451559435244));
#7232 = CARTESIAN_POINT('',(-65.87873682787,-4.090308236299,
    0.270853066749));
#7233 = CARTESIAN_POINT('',(-65.82178920484,-4.947146997739,
    0.180702493389));
#7234 = CARTESIAN_POINT('',(-65.75008086053,-5.801661641912,
    9.043209202676E-02));
#7235 = CARTESIAN_POINT('',(-65.66381114798,-6.653112468713,0.));
#7236 = PCURVE('',#2024,#7237);
#7237 = DEFINITIONAL_REPRESENTATION('',(#7238),#7245);
#7238 = B_SPLINE_CURVE_WITH_KNOTS('',5,(#7239,#7240,#7241,#7242,#7243,
    #7244),.UNSPECIFIED.,.F.,.F.,(6,6),(0.,1.),
  .PIECEWISE_BEZIER_KNOTS.);
#7239 = CARTESIAN_POINT('',(-3.033129385952,-1.45));
#7240 = CARTESIAN_POINT('',(-3.074860477158,-1.158962579206));
#7241 = CARTESIAN_POINT('',(-3.116823974697,-0.869495527106));
#7242 = CARTESIAN_POINT('',(-3.158874308072,-0.580504468734));
#7243 = CARTESIAN_POINT('',(-3.200837804939,-0.291037421118));
#7244 = CARTESIAN_POINT('',(-3.242568896191,0.));
#7245 = ( GEOMETRIC_REPRESENTATION_CONTEXT(2) 
PARAMETRIC_REPRESENTATION_CONTEXT() REPRESENTATION_CONTEXT('2D SPACE',''
  ) );
#7246 = PCURVE('',#7247,#7252);
#7247 = B_SPLINE_SURFACE_WITH_KNOTS('',1,1,(
    (#7248,#7249)
    ,(#7250,#7251
    )),.UNSPECIFIED.,.F.,.F.,.F.,(2,2),(2,2),(0.,9.),(0.,1.),
  .PIECEWISE_BEZIER_KNOTS.);
#7248 = CARTESIAN_POINT('',(-64.61803556789,7.03629727532,1.45));
#7249 = CARTESIAN_POINT('',(-64.66890491847,-6.552307734339,0.));
#7250 = CARTESIAN_POINT('',(-73.56514818498,8.010553821133,1.45));
#7251 = CARTESIAN_POINT('',(-73.6230609841,-7.459550343708,0.));
#7252 = DEFINITIONAL_REPRESENTATION('',(#7253),#7268);
#7253 = B_SPLINE_CURVE_WITH_KNOTS('',4,(#7254,#7255,#7256,#7257,#7258,
    #7259,#7260,#7261,#7262,#7263,#7264,#7265,#7266,#7267),
  .UNSPECIFIED.,.F.,.F.,(5,3,3,3,5),(0.,0.250841857833,0.501282987113,
    0.751421403669,1.),.UNSPECIFIED.);
#7254 = CARTESIAN_POINT('',(1.,0.));
#7255 = CARTESIAN_POINT('',(1.090768240072,6.293479942319E-02));
#7256 = CARTESIAN_POINT('',(1.166638926129,0.125756049229));
#7257 = CARTESIAN_POINT('',(1.227403201744,0.188493413806));
#7258 = CARTESIAN_POINT('',(1.318429687841,0.313756687352));
#7259 = CARTESIAN_POINT('',(1.348740744822,0.376282839345));
#7260 = CARTESIAN_POINT('',(1.363778768286,0.43878164892));
#7261 = CARTESIAN_POINT('',(1.36330960797,0.563704224831));
#7262 = CARTESIAN_POINT('',(1.347839321574,0.626128057502));
#7263 = CARTESIAN_POINT('',(1.317134015351,0.688579699832));
#7264 = CARTESIAN_POINT('',(1.225754749368,0.813204781553));
#7265 = CARTESIAN_POINT('',(1.165268596761,0.875377590766));
#7266 = CARTESIAN_POINT('',(1.089949268949,0.937633039982));
#7267 = CARTESIAN_POINT('',(1.,1.));
#7268 = ( GEOMETRIC_REPRESENTATION_CONTEXT(2) 
PARAMETRIC_REPRESENTATION_CONTEXT() REPRESENTATION_CONTEXT('2D SPACE',''
  ) );
#7269 = ORIENTED_EDGE('',*,*,#7270,.T.);
#7270 = EDGE_CURVE('',#7218,#7271,#7273,.T.);
#7271 = VERTEX_POINT('',#7272);
#7272 = CARTESIAN_POINT('',(-65.61215919201,7.144548002633,0.));
#7273 = SURFACE_CURVE('',#7274,(#7278,#7285),.PCURVE_S1.);
#7274 = LINE('',#7275,#7276);
#7275 = CARTESIAN_POINT('',(-65.61215919201,7.144548002633,0.));
#7276 = VECTOR('',#7277,1.);
#7277 = DIRECTION('',(-0.,-0.,-1.));
#7278 = PCURVE('',#2024,#7279);
#7279 = DEFINITIONAL_REPRESENTATION('',(#7280),#7284);
#7280 = LINE('',#7281,#7282);
#7281 = CARTESIAN_POINT('',(-3.033129385952,0.));
#7282 = VECTOR('',#7283,1.);
#7283 = DIRECTION('',(-0.,1.));
#7284 = ( GEOMETRIC_REPRESENTATION_CONTEXT(2) 
PARAMETRIC_REPRESENTATION_CONTEXT() REPRESENTATION_CONTEXT('2D SPACE',''
  ) );
#7285 = PCURVE('',#7286,#7291);
#7286 = PLANE('',#7287);
#7287 = AXIS2_PLACEMENT_3D('',#7288,#7289,#7290);
#7288 = CARTESIAN_POINT('',(-64.61803556789,7.03629727532,0.));
#7289 = DIRECTION('',(-0.108250727313,-0.994123624121,0.));
#7290 = DIRECTION('',(-0.980597502371,0.106777859672,0.164398987305));
#7291 = DEFINITIONAL_REPRESENTATION('',(#7292),#7295);
#7292 = B_SPLINE_CURVE_WITH_KNOTS('',1,(#7293,#7294),.UNSPECIFIED.,.F.,
  .F.,(2,2),(-1.5000006,6.E-07),.PIECEWISE_BEZIER_KNOTS.);
#7293 = CARTESIAN_POINT('',(1.23299250343,-1.315192490279));
#7294 = CARTESIAN_POINT('',(0.986393825193,0.164399579142));
#7295 = ( GEOMETRIC_REPRESENTATION_CONTEXT(2) 
PARAMETRIC_REPRESENTATION_CONTEXT() REPRESENTATION_CONTEXT('2D SPACE',''
  ) );
#7296 = ORIENTED_EDGE('',*,*,#7297,.F.);
#7297 = EDGE_CURVE('',#7298,#7271,#7300,.T.);
#7298 = VERTEX_POINT('',#7299);
#7299 = CARTESIAN_POINT('',(-62.69294103727,20.629957442918,1.45));
#7300 = SURFACE_CURVE('',#7301,(#7316,#7326),.PCURVE_S1.);
#7301 = B_SPLINE_CURVE_WITH_KNOTS('',4,(#7302,#7303,#7304,#7305,#7306,
    #7307,#7308,#7309,#7310,#7311,#7312,#7313,#7314,#7315),
  .UNSPECIFIED.,.F.,.F.,(5,3,3,3,5),(0.,0.250841857833,0.501282987113,
    0.751421403663,1.),.UNSPECIFIED.);
#7302 = CARTESIAN_POINT('',(-62.69294103727,20.629957442918,1.45));
#7303 = CARTESIAN_POINT('',(-62.96288156636,19.809627797531,
    1.358744540836));
#7304 = CARTESIAN_POINT('',(-63.21901336761,18.983060028477,
    1.267653728618));
#7305 = CARTESIAN_POINT('',(-63.46097276867,18.150952373056,
    1.176684549981));
#7306 = CARTESIAN_POINT('',(-63.91563257294,16.478520819091,
    0.99505280334));
#7307 = CARTESIAN_POINT('',(-64.12837967089,15.638210822397,
    0.904389882949));
#7308 = CARTESIAN_POINT('',(-64.32645202436,14.793898298878,
    0.813766609067));
#7309 = CARTESIAN_POINT('',(-64.69268094703,13.099888256673,
    0.632628873997));
#7310 = CARTESIAN_POINT('',(-64.86087370448,12.250197006423,
    0.542114316627));
#7311 = CARTESIAN_POINT('',(-65.01408423067,11.398102361522,
    0.45155943525));
#7312 = CARTESIAN_POINT('',(-65.28955126892,9.696034375281,
    0.270853066755));
#7313 = CARTESIAN_POINT('',(-65.41199488374,8.846079519952,
    0.180702493393));
#7314 = CARTESIAN_POINT('',(-65.5195171233,7.995329067832,
    9.043209202883E-02));
#7315 = CARTESIAN_POINT('',(-65.61215919201,7.144548002633,0.));
#7316 = PCURVE('',#2024,#7317);
#7317 = DEFINITIONAL_REPRESENTATION('',(#7318),#7325);
#7318 = B_SPLINE_CURVE_WITH_KNOTS('',5,(#7319,#7320,#7321,#7322,#7323,
    #7324),.UNSPECIFIED.,.F.,.F.,(6,6),(0.,1.),
  .PIECEWISE_BEZIER_KNOTS.);
#7319 = CARTESIAN_POINT('',(-2.823689875713,-1.45));
#7320 = CARTESIAN_POINT('',(-2.865420966919,-1.158962579206));
#7321 = CARTESIAN_POINT('',(-2.907384464457,-0.869495527107));
#7322 = CARTESIAN_POINT('',(-2.949434797833,-0.580504468734));
#7323 = CARTESIAN_POINT('',(-2.9913982947,-0.291037421118));
#7324 = CARTESIAN_POINT('',(-3.033129385952,0.));
#7325 = ( GEOMETRIC_REPRESENTATION_CONTEXT(2) 
PARAMETRIC_REPRESENTATION_CONTEXT() REPRESENTATION_CONTEXT('2D SPACE',''
  ) );
#7326 = PCURVE('',#7327,#7332);
#7327 = B_SPLINE_SURFACE_WITH_KNOTS('',1,1,(
    (#7328,#7329)
    ,(#7330,#7331
    )),.UNSPECIFIED.,.F.,.F.,.F.,(2,2),(2,2),(0.,9.),(0.,1.),
  .PIECEWISE_BEZIER_KNOTS.);
#7328 = CARTESIAN_POINT('',(-61.74304799125,20.317382330146,1.45));
#7329 = CARTESIAN_POINT('',(-64.61803556789,7.03629727532,0.));
#7330 = CARTESIAN_POINT('',(-70.29208540543,23.13055834509,1.45));
#7331 = CARTESIAN_POINT('',(-73.56514818498,8.010553821133,0.));
#7332 = DEFINITIONAL_REPRESENTATION('',(#7333),#7348);
#7333 = B_SPLINE_CURVE_WITH_KNOTS('',4,(#7334,#7335,#7336,#7337,#7338,
    #7339,#7340,#7341,#7342,#7343,#7344,#7345,#7346,#7347),
  .UNSPECIFIED.,.F.,.F.,(5,3,3,3,5),(0.,0.250841857833,0.501282987113,
    0.751421403663,1.),.UNSPECIFIED.);
#7334 = CARTESIAN_POINT('',(1.,0.));
#7335 = CARTESIAN_POINT('',(1.090768240072,6.29347994232E-02));
#7336 = CARTESIAN_POINT('',(1.166638926129,0.125756049229));
#7337 = CARTESIAN_POINT('',(1.227403201744,0.188493413806));
#7338 = CARTESIAN_POINT('',(1.318429687841,0.313756687352));
#7339 = CARTESIAN_POINT('',(1.348740744822,0.376282839345));
#7340 = CARTESIAN_POINT('',(1.363778768286,0.43878164892));
#7341 = CARTESIAN_POINT('',(1.36330960797,0.56370422483));
#7342 = CARTESIAN_POINT('',(1.347839321574,0.626128057499));
#7343 = CARTESIAN_POINT('',(1.317134015353,0.688579699828));
#7344 = CARTESIAN_POINT('',(1.225754749372,0.813204781548));
#7345 = CARTESIAN_POINT('',(1.165268596764,0.875377590764));
#7346 = CARTESIAN_POINT('',(1.089949268951,0.93763303998));
#7347 = CARTESIAN_POINT('',(1.,1.));
#7348 = ( GEOMETRIC_REPRESENTATION_CONTEXT(2) 
PARAMETRIC_REPRESENTATION_CONTEXT() REPRESENTATION_CONTEXT('2D SPACE',''
  ) );
#7349 = ORIENTED_EDGE('',*,*,#7350,.T.);
#7350 = EDGE_CURVE('',#7298,#7351,#7353,.T.);
#7351 = VERTEX_POINT('',#7352);
#7352 = CARTESIAN_POINT('',(-62.69294103727,20.629957442917,0.));
#7353 = SURFACE_CURVE('',#7354,(#7358,#7365),.PCURVE_S1.);
#7354 = LINE('',#7355,#7356);
#7355 = CARTESIAN_POINT('',(-62.69294103727,20.629957442918,
    2.399226777948E-30));
#7356 = VECTOR('',#7357,1.);
#7357 = DIRECTION('',(-0.,-0.,-1.));
#7358 = PCURVE('',#2024,#7359);
#7359 = DEFINITIONAL_REPRESENTATION('',(#7360),#7364);
#7360 = LINE('',#7361,#7362);
#7361 = CARTESIAN_POINT('',(-2.823689875713,-2.399226777948E-30));
#7362 = VECTOR('',#7363,1.);
#7363 = DIRECTION('',(-0.,1.));
#7364 = ( GEOMETRIC_REPRESENTATION_CONTEXT(2) 
PARAMETRIC_REPRESENTATION_CONTEXT() REPRESENTATION_CONTEXT('2D SPACE',''
  ) );
#7365 = PCURVE('',#7366,#7371);
#7366 = PLANE('',#7367);
#7367 = AXIS2_PLACEMENT_3D('',#7368,#7369,#7370);
#7368 = CARTESIAN_POINT('',(-61.74304799125,20.317382330146,0.));
#7369 = DIRECTION('',(-0.312575112771,-0.949893046019,
    -3.376611507232E-16));
#7370 = DIRECTION('',(-0.936968728884,0.308322191979,0.164398987305));
#7371 = DEFINITIONAL_REPRESENTATION('',(#7372),#7375);
#7372 = B_SPLINE_CURVE_WITH_KNOTS('',1,(#7373,#7374),.UNSPECIFIED.,.F.,
  .F.,(2,2),(-1.5000006,6.E-07),.PIECEWISE_BEZIER_KNOTS.);
#7373 = CARTESIAN_POINT('',(1.23299250343,-1.315192490279));
#7374 = CARTESIAN_POINT('',(0.986393825193,0.164399579142));
#7375 = ( GEOMETRIC_REPRESENTATION_CONTEXT(2) 
PARAMETRIC_REPRESENTATION_CONTEXT() REPRESENTATION_CONTEXT('2D SPACE',''
  ) );
#7376 = ORIENTED_EDGE('',*,*,#7377,.F.);
#7377 = EDGE_CURVE('',#7378,#7351,#7380,.T.);
#7378 = VERTEX_POINT('',#7379);
#7379 = CARTESIAN_POINT('',(-57.0337405251,33.213738749429,1.45));
#7380 = SURFACE_CURVE('',#7381,(#7396,#7406),.PCURVE_S1.);
#7381 = B_SPLINE_CURVE_WITH_KNOTS('',4,(#7382,#7383,#7384,#7385,#7386,
    #7387,#7388,#7389,#7390,#7391,#7392,#7393,#7394,#7395),
  .UNSPECIFIED.,.F.,.F.,(5,3,3,3,5),(0.,0.250841857833,0.501282987113,
    0.751421403663,1.),.UNSPECIFIED.);
#7382 = CARTESIAN_POINT('',(-57.0337405251,33.213738749429,1.45));
#7383 = CARTESIAN_POINT('',(-57.46833832956,32.467459066805,
    1.358744540836));
#7384 = CARTESIAN_POINT('',(-57.89072613887,31.712206582532,
    1.267653728618));
#7385 = CARTESIAN_POINT('',(-58.30040305607,30.948588664012,
    1.176684549981));
#7386 = CARTESIAN_POINT('',(-59.09284552493,29.407232840764,
    0.99505280334));
#7387 = CARTESIAN_POINT('',(-59.47565386058,28.629518242476,
    0.904389882949));
#7388 = CARTESIAN_POINT('',(-59.84494030224,27.844837531241,
    0.813766609067));
#7389 = CARTESIAN_POINT('',(-60.55537073641,26.263988947378,
    0.632628873997));
#7390 = CARTESIAN_POINT('',(-60.89654882308,25.467834730167,
    0.542114316627));
#7391 = CARTESIAN_POINT('',(-61.22357177003,24.666214657209,
    0.45155943525));
#7392 = CARTESIAN_POINT('',(-61.84689902549,23.058613757868,
    0.270853066755));
#7393 = CARTESIAN_POINT('',(-62.14338250464,22.252689914384,
    0.180702493393));
#7394 = CARTESIAN_POINT('',(-62.42543609026,21.442885531446,
    9.043209202883E-02));
#7395 = CARTESIAN_POINT('',(-62.69294103727,20.629957442918,0.));
#7396 = PCURVE('',#2024,#7397);
#7397 = DEFINITIONAL_REPRESENTATION('',(#7398),#7405);
#7398 = B_SPLINE_CURVE_WITH_KNOTS('',5,(#7399,#7400,#7401,#7402,#7403,
    #7404),.UNSPECIFIED.,.F.,.F.,(6,6),(0.,1.),
  .PIECEWISE_BEZIER_KNOTS.);
#7399 = CARTESIAN_POINT('',(-2.614250365474,-1.45));
#7400 = CARTESIAN_POINT('',(-2.655981456679,-1.158962579206));
#7401 = CARTESIAN_POINT('',(-2.697944954218,-0.869495527107));
#7402 = CARTESIAN_POINT('',(-2.739995287594,-0.580504468734));
#7403 = CARTESIAN_POINT('',(-2.78195878446,-0.291037421118));
#7404 = CARTESIAN_POINT('',(-2.823689875713,0.));
#7405 = ( GEOMETRIC_REPRESENTATION_CONTEXT(2) 
PARAMETRIC_REPRESENTATION_CONTEXT() REPRESENTATION_CONTEXT('2D SPACE',''
  ) );
#7406 = PCURVE('',#7407,#7412);
#7407 = B_SPLINE_SURFACE_WITH_KNOTS('',1,1,(
    (#7408,#7409)
    ,(#7410,#7411
    )),.UNSPECIFIED.,.F.,.F.,.F.,(2,2),(2,2),(0.,9.),(0.,1.),
  .PIECEWISE_BEZIER_KNOTS.);
#7408 = CARTESIAN_POINT('',(-56.16959294138,32.710500283528,1.45));
#7409 = CARTESIAN_POINT('',(-61.74304799125,20.317382330146,0.));
#7410 = CARTESIAN_POINT('',(-63.94692119481,37.239646476632,1.45));
#7411 = CARTESIAN_POINT('',(-70.29208540543,23.13055834509,0.));
#7412 = DEFINITIONAL_REPRESENTATION('',(#7413),#7428);
#7413 = B_SPLINE_CURVE_WITH_KNOTS('',4,(#7414,#7415,#7416,#7417,#7418,
    #7419,#7420,#7421,#7422,#7423,#7424,#7425,#7426,#7427),
  .UNSPECIFIED.,.F.,.F.,(5,3,3,3,5),(0.,0.250841857833,0.501282987113,
    0.751421403663,1.),.UNSPECIFIED.);
#7414 = CARTESIAN_POINT('',(1.,0.));
#7415 = CARTESIAN_POINT('',(1.090768240072,6.293479942319E-02));
#7416 = CARTESIAN_POINT('',(1.166638926129,0.125756049229));
#7417 = CARTESIAN_POINT('',(1.227403201744,0.188493413806));
#7418 = CARTESIAN_POINT('',(1.318429687841,0.313756687352));
#7419 = CARTESIAN_POINT('',(1.348740744822,0.376282839345));
#7420 = CARTESIAN_POINT('',(1.363778768286,0.43878164892));
#7421 = CARTESIAN_POINT('',(1.36330960797,0.56370422483));
#7422 = CARTESIAN_POINT('',(1.347839321574,0.626128057499));
#7423 = CARTESIAN_POINT('',(1.317134015353,0.688579699828));
#7424 = CARTESIAN_POINT('',(1.225754749372,0.813204781548));
#7425 = CARTESIAN_POINT('',(1.165268596764,0.875377590764));
#7426 = CARTESIAN_POINT('',(1.089949268951,0.93763303998));
#7427 = CARTESIAN_POINT('',(1.,1.));
#7428 = ( GEOMETRIC_REPRESENTATION_CONTEXT(2) 
PARAMETRIC_REPRESENTATION_CONTEXT() REPRESENTATION_CONTEXT('2D SPACE',''
  ) );
#7429 = ORIENTED_EDGE('',*,*,#7430,.T.);
#7430 = EDGE_CURVE('',#7378,#7431,#7433,.T.);
#7431 = VERTEX_POINT('',#7432);
#7432 = CARTESIAN_POINT('',(-57.0337405251,33.213738749428,0.));
#7433 = SURFACE_CURVE('',#7434,(#7438,#7445),.PCURVE_S1.);
#7434 = LINE('',#7435,#7436);
#7435 = CARTESIAN_POINT('',(-57.0337405251,33.213738749429,
    -3.598840166922E-30));
#7436 = VECTOR('',#7437,1.);
#7437 = DIRECTION('',(-0.,-0.,-1.));
#7438 = PCURVE('',#2024,#7439);
#7439 = DEFINITIONAL_REPRESENTATION('',(#7440),#7444);
#7440 = LINE('',#7441,#7442);
#7441 = CARTESIAN_POINT('',(-2.614250365474,3.598840166922E-30));
#7442 = VECTOR('',#7443,1.);
#7443 = DIRECTION('',(-0.,1.));
#7444 = ( GEOMETRIC_REPRESENTATION_CONTEXT(2) 
PARAMETRIC_REPRESENTATION_CONTEXT() REPRESENTATION_CONTEXT('2D SPACE',''
  ) );
#7445 = PCURVE('',#7446,#7451);
#7446 = PLANE('',#7447);
#7447 = AXIS2_PLACEMENT_3D('',#7448,#7449,#7450);
#7448 = CARTESIAN_POINT('',(-56.16959294138,32.710500283528,0.));
#7449 = DIRECTION('',(-0.5032384659,-0.864147583714,3.376611507232E-16)
  );
#7450 = DIRECTION('',(-0.852389925869,0.496391365003,0.164398987305));
#7451 = DEFINITIONAL_REPRESENTATION('',(#7452),#7455);
#7452 = B_SPLINE_CURVE_WITH_KNOTS('',1,(#7453,#7454),.UNSPECIFIED.,.F.,
  .F.,(2,2),(-1.5000006,6.E-07),.PIECEWISE_BEZIER_KNOTS.);
#7453 = CARTESIAN_POINT('',(1.23299250343,-1.315192490279));
#7454 = CARTESIAN_POINT('',(0.986393825193,0.164399579142));
#7455 = ( GEOMETRIC_REPRESENTATION_CONTEXT(2) 
PARAMETRIC_REPRESENTATION_CONTEXT() REPRESENTATION_CONTEXT('2D SPACE',''
  ) );
#7456 = ORIENTED_EDGE('',*,*,#7457,.F.);
#7457 = EDGE_CURVE('',#7458,#7431,#7460,.T.);
#7458 = VERTEX_POINT('',#7459);
#7459 = CARTESIAN_POINT('',(-48.88189187373,44.345920295389,1.45));
#7460 = SURFACE_CURVE('',#7461,(#7476,#7486),.PCURVE_S1.);
#7461 = B_SPLINE_CURVE_WITH_KNOTS('',4,(#7462,#7463,#7464,#7465,#7466,
    #7467,#7468,#7469,#7470,#7471,#7472,#7473,#7474,#7475),
  .UNSPECIFIED.,.F.,.F.,(5,3,3,3,5),(0.,0.250841857833,0.501282987113,
    0.751421403669,1.),.UNSPECIFIED.);
#7462 = CARTESIAN_POINT('',(-48.88189187373,44.345920295389,1.45));
#7463 = CARTESIAN_POINT('',(-49.46215294409,43.706306578706,
    1.358744540836));
#7464 = CARTESIAN_POINT('',(-50.03233638734,43.055377536879,
    1.267653728618));
#7465 = CARTESIAN_POINT('',(-50.59182597355,42.393623122546,
    1.176684549981));
#7466 = CARTESIAN_POINT('',(-51.68741756855,41.050707675736,
    0.99505280334));
#7467 = CARTESIAN_POINT('',(-52.22355658071,40.369578335688,
    0.904389882949));
#7468 = CARTESIAN_POINT('',(-52.74791752103,39.678823749133,
    0.813766609067));
#7469 = CARTESIAN_POINT('',(-53.77150024771,38.280227292465,
    0.632628873995));
#7470 = CARTESIAN_POINT('',(-54.27075254407,37.57240586794,
    0.542114316622));
#7471 = CARTESIAN_POINT('',(-54.75729543979,36.856295010696,
    0.451559435244));
#7472 = CARTESIAN_POINT('',(-55.70124052032,35.413421071682,
    0.270853066749));
#7473 = CARTESIAN_POINT('',(-56.15880611308,34.68675097927,
    0.180702493389));
#7474 = CARTESIAN_POINT('',(-56.6030639496,33.953285002939,
    9.043209202677E-02));
#7475 = CARTESIAN_POINT('',(-57.0337405251,33.213738749429,0.));
#7476 = PCURVE('',#2024,#7477);
#7477 = DEFINITIONAL_REPRESENTATION('',(#7478),#7485);
#7478 = B_SPLINE_CURVE_WITH_KNOTS('',5,(#7479,#7480,#7481,#7482,#7483,
    #7484),.UNSPECIFIED.,.F.,.F.,(6,6),(0.,1.),
  .PIECEWISE_BEZIER_KNOTS.);
#7479 = CARTESIAN_POINT('',(-2.404810855234,-1.45));
#7480 = CARTESIAN_POINT('',(-2.44654194644,-1.158962579206));
#7481 = CARTESIAN_POINT('',(-2.488505443979,-0.869495527107));
#7482 = CARTESIAN_POINT('',(-2.530555777354,-0.580504468734));
#7483 = CARTESIAN_POINT('',(-2.572519274221,-0.291037421118));
#7484 = CARTESIAN_POINT('',(-2.614250365474,0.));
#7485 = ( GEOMETRIC_REPRESENTATION_CONTEXT(2) 
PARAMETRIC_REPRESENTATION_CONTEXT() REPRESENTATION_CONTEXT('2D SPACE',''
  ) );
#7486 = PCURVE('',#7487,#7492);
#7487 = B_SPLINE_SURFACE_WITH_KNOTS('',1,1,(
    (#7488,#7489)
    ,(#7490,#7491
    )),.UNSPECIFIED.,.F.,.F.,.F.,(2,2),(2,2),(0.,9.),(0.,1.),
  .PIECEWISE_BEZIER_KNOTS.);
#7488 = CARTESIAN_POINT('',(-48.14125714837,43.674012412125,1.45));
#7489 = CARTESIAN_POINT('',(-56.16959294138,32.710500283528,0.));
#7490 = CARTESIAN_POINT('',(-54.8069696766,49.721183361496,1.45));
#7491 = CARTESIAN_POINT('',(-63.94692119481,37.239646476632,0.));
#7492 = DEFINITIONAL_REPRESENTATION('',(#7493),#7508);
#7493 = B_SPLINE_CURVE_WITH_KNOTS('',4,(#7494,#7495,#7496,#7497,#7498,
    #7499,#7500,#7501,#7502,#7503,#7504,#7505,#7506,#7507),
  .UNSPECIFIED.,.F.,.F.,(5,3,3,3,5),(0.,0.250841857833,0.501282987113,
    0.751421403669,1.),.UNSPECIFIED.);
#7494 = CARTESIAN_POINT('',(1.,0.));
#7495 = CARTESIAN_POINT('',(1.090768240072,6.293479942318E-02));
#7496 = CARTESIAN_POINT('',(1.166638926129,0.125756049229));
#7497 = CARTESIAN_POINT('',(1.227403201744,0.188493413806));
#7498 = CARTESIAN_POINT('',(1.318429687841,0.313756687352));
#7499 = CARTESIAN_POINT('',(1.348740744822,0.376282839345));
#7500 = CARTESIAN_POINT('',(1.363778768286,0.43878164892));
#7501 = CARTESIAN_POINT('',(1.36330960797,0.563704224831));
#7502 = CARTESIAN_POINT('',(1.347839321574,0.626128057502));
#7503 = CARTESIAN_POINT('',(1.317134015351,0.688579699832));
#7504 = CARTESIAN_POINT('',(1.225754749368,0.813204781553));
#7505 = CARTESIAN_POINT('',(1.165268596761,0.875377590767));
#7506 = CARTESIAN_POINT('',(1.089949268949,0.937633039982));
#7507 = CARTESIAN_POINT('',(1.,1.));
#7508 = ( GEOMETRIC_REPRESENTATION_CONTEXT(2) 
PARAMETRIC_REPRESENTATION_CONTEXT() REPRESENTATION_CONTEXT('2D SPACE',''
  ) );
#7509 = ORIENTED_EDGE('',*,*,#7510,.T.);
#7510 = EDGE_CURVE('',#7458,#7511,#7513,.T.);
#7511 = VERTEX_POINT('',#7512);
#7512 = CARTESIAN_POINT('',(-48.88189187372,44.345920295389,0.));
#7513 = SURFACE_CURVE('',#7514,(#7518,#7525),.PCURVE_S1.);
#7514 = LINE('',#7515,#7516);
#7515 = CARTESIAN_POINT('',(-48.88189187373,44.345920295389,
    -2.399226777948E-30));
#7516 = VECTOR('',#7517,1.);
#7517 = DIRECTION('',(-0.,-0.,-1.));
#7518 = PCURVE('',#2024,#7519);
#7519 = DEFINITIONAL_REPRESENTATION('',(#7520),#7524);
#7520 = LINE('',#7521,#7522);
#7521 = CARTESIAN_POINT('',(-2.404810855234,2.399226777948E-30));
#7522 = VECTOR('',#7523,1.);
#7523 = DIRECTION('',(-0.,1.));
#7524 = ( GEOMETRIC_REPRESENTATION_CONTEXT(2) 
PARAMETRIC_REPRESENTATION_CONTEXT() REPRESENTATION_CONTEXT('2D SPACE',''
  ) );
#7525 = PCURVE('',#7526,#7531);
#7526 = PLANE('',#7527);
#7527 = AXIS2_PLACEMENT_3D('',#7528,#7529,#7530);
#7528 = CARTESIAN_POINT('',(-48.14125714837,43.674012412125,0.));
#7529 = DIRECTION('',(-0.671907883263,-0.74063472536,-3.376611507232E-16
    ));
#7530 = DIRECTION('',(-0.730557592874,0.662765853426,0.164398987305));
#7531 = DEFINITIONAL_REPRESENTATION('',(#7532),#7535);
#7532 = B_SPLINE_CURVE_WITH_KNOTS('',1,(#7533,#7534),.UNSPECIFIED.,.F.,
  .F.,(2,2),(-1.5000006,6.E-07),.PIECEWISE_BEZIER_KNOTS.);
#7533 = CARTESIAN_POINT('',(1.23299250343,-1.315192490279));
#7534 = CARTESIAN_POINT('',(0.986393825193,0.164399579142));
#7535 = ( GEOMETRIC_REPRESENTATION_CONTEXT(2) 
PARAMETRIC_REPRESENTATION_CONTEXT() REPRESENTATION_CONTEXT('2D SPACE',''
  ) );
#7536 = ORIENTED_EDGE('',*,*,#7537,.F.);
#7537 = EDGE_CURVE('',#7538,#7511,#7540,.T.);
#7538 = VERTEX_POINT('',#7539);
#7539 = CARTESIAN_POINT('',(-38.59366998613,53.539972329105,1.45));
#7540 = SURFACE_CURVE('',#7541,(#7556,#7566),.PCURVE_S1.);
#7541 = B_SPLINE_CURVE_WITH_KNOTS('',4,(#7542,#7543,#7544,#7545,#7546,
    #7547,#7548,#7549,#7550,#7551,#7552,#7553,#7554,#7555),
  .UNSPECIFIED.,.F.,.F.,(5,3,3,3,5),(0.,0.250841857833,0.501282987113,
    0.751421403669,1.),.UNSPECIFIED.);
#7542 = CARTESIAN_POINT('',(-38.59366998613,53.539972329105,1.45));
#7543 = CARTESIAN_POINT('',(-39.29423412921,53.03497876699,
    1.358744540836));
#7544 = CARTESIAN_POINT('',(-39.98729345389,52.516821890241,
    1.267653728618));
#7545 = CARTESIAN_POINT('',(-40.67214332947,51.985852823451,
    1.176684549981));
#7546 = CARTESIAN_POINT('',(-42.02300144068,50.900069602128,
    0.99505280334));
#7547 = CARTESIAN_POINT('',(-42.68903928183,50.345294140901,
    0.904389882949));
#7548 = CARTESIAN_POINT('',(-43.34555763155,49.778654969067,
    0.813766609067));
#7549 = CARTESIAN_POINT('',(-44.63755717389,48.623436015979,
    0.632628873995));
#7550 = CARTESIAN_POINT('',(-45.27306395891,48.034882576914,
    0.542114316623));
#7551 = CARTESIAN_POINT('',(-45.89786254415,47.435578416146,
    0.451559435244));
#7552 = CARTESIAN_POINT('',(-47.1211705202,46.22049195227,0.270853066749
    ));
#7553 = CARTESIAN_POINT('',(-47.7198204145,45.604834580901,
    0.180702493389));
#7554 = CARTESIAN_POINT('',(-48.3068663027,44.979762993883,
    9.043209202677E-02));
#7555 = CARTESIAN_POINT('',(-48.88189187373,44.345920295389,0.));
#7556 = PCURVE('',#2024,#7557);
#7557 = DEFINITIONAL_REPRESENTATION('',(#7558),#7565);
#7558 = B_SPLINE_CURVE_WITH_KNOTS('',5,(#7559,#7560,#7561,#7562,#7563,
    #7564),.UNSPECIFIED.,.F.,.F.,(6,6),(0.,1.),
  .PIECEWISE_BEZIER_KNOTS.);
#7559 = CARTESIAN_POINT('',(-2.195371344995,-1.45));
#7560 = CARTESIAN_POINT('',(-2.237102436201,-1.158962579206));
#7561 = CARTESIAN_POINT('',(-2.279065933739,-0.869495527107));
#7562 = CARTESIAN_POINT('',(-2.321116267115,-0.580504468734));
#7563 = CARTESIAN_POINT('',(-2.363079763982,-0.291037421118));
#7564 = CARTESIAN_POINT('',(-2.404810855234,0.));
#7565 = ( GEOMETRIC_REPRESENTATION_CONTEXT(2) 
PARAMETRIC_REPRESENTATION_CONTEXT() REPRESENTATION_CONTEXT('2D SPACE',''
  ) );
#7566 = PCURVE('',#7567,#7572);
#7567 = B_SPLINE_SURFACE_WITH_KNOTS('',1,1,(
    (#7568,#7569)
    ,(#7570,#7571
    )),.UNSPECIFIED.,.F.,.F.,.F.,(2,2),(2,2),(0.,9.),(0.,1.),
  .PIECEWISE_BEZIER_KNOTS.);
#7568 = CARTESIAN_POINT('',(-38.00891741058,52.728760627149,1.45));
#7569 = CARTESIAN_POINT('',(-48.14125714837,43.674012412125,0.));
#7570 = CARTESIAN_POINT('',(-43.27169059051,60.029665944754,1.45));
#7571 = CARTESIAN_POINT('',(-54.8069696766,49.721183361496,0.));
#7572 = DEFINITIONAL_REPRESENTATION('',(#7573),#7588);
#7573 = B_SPLINE_CURVE_WITH_KNOTS('',4,(#7574,#7575,#7576,#7577,#7578,
    #7579,#7580,#7581,#7582,#7583,#7584,#7585,#7586,#7587),
  .UNSPECIFIED.,.F.,.F.,(5,3,3,3,5),(0.,0.250841857833,0.501282987113,
    0.751421403669,1.),.UNSPECIFIED.);
#7574 = CARTESIAN_POINT('',(1.,0.));
#7575 = CARTESIAN_POINT('',(1.090768240072,6.293479942318E-02));
#7576 = CARTESIAN_POINT('',(1.166638926129,0.125756049229));
#7577 = CARTESIAN_POINT('',(1.227403201744,0.188493413806));
#7578 = CARTESIAN_POINT('',(1.318429687841,0.313756687352));
#7579 = CARTESIAN_POINT('',(1.348740744822,0.376282839345));
#7580 = CARTESIAN_POINT('',(1.363778768286,0.43878164892));
#7581 = CARTESIAN_POINT('',(1.36330960797,0.563704224831));
#7582 = CARTESIAN_POINT('',(1.347839321574,0.626128057502));
#7583 = CARTESIAN_POINT('',(1.317134015351,0.688579699832));
#7584 = CARTESIAN_POINT('',(1.225754749368,0.813204781553));
#7585 = CARTESIAN_POINT('',(1.165268596761,0.875377590766));
#7586 = CARTESIAN_POINT('',(1.089949268949,0.937633039982));
#7587 = CARTESIAN_POINT('',(1.,1.));
#7588 = ( GEOMETRIC_REPRESENTATION_CONTEXT(2) 
PARAMETRIC_REPRESENTATION_CONTEXT() REPRESENTATION_CONTEXT('2D SPACE',''
  ) );
#7589 = ORIENTED_EDGE('',*,*,#7590,.T.);
#7590 = EDGE_CURVE('',#7538,#7591,#7593,.T.);
#7591 = VERTEX_POINT('',#7592);
#7592 = CARTESIAN_POINT('',(-38.59366998613,53.539972329105,0.));
#7593 = SURFACE_CURVE('',#7594,(#7598,#7605),.PCURVE_S1.);
#7594 = LINE('',#7595,#7596);
#7595 = CARTESIAN_POINT('',(-38.59366998613,53.539972329105,
    -7.197680333843E-30));
#7596 = VECTOR('',#7597,1.);
#7597 = DIRECTION('',(-0.,-0.,-1.));
#7598 = PCURVE('',#2024,#7599);
#7599 = DEFINITIONAL_REPRESENTATION('',(#7600),#7604);
#7600 = LINE('',#7601,#7602);
#7601 = CARTESIAN_POINT('',(-2.195371344995,7.197680333843E-30));
#7602 = VECTOR('',#7603,1.);
#7603 = DIRECTION('',(-0.,1.));
#7604 = ( GEOMETRIC_REPRESENTATION_CONTEXT(2) 
PARAMETRIC_REPRESENTATION_CONTEXT() REPRESENTATION_CONTEXT('2D SPACE',''
  ) );
#7605 = PCURVE('',#7606,#7611);
#7606 = PLANE('',#7607);
#7607 = AXIS2_PLACEMENT_3D('',#7608,#7609,#7610);
#7608 = CARTESIAN_POINT('',(-38.00891741058,52.728760627149,0.));
#7609 = DIRECTION('',(-0.811211701956,-0.584752575547,3.376611507232E-16
    ));
#7610 = DIRECTION('',(-0.576796387465,0.800174293751,0.164398987305));
#7611 = DEFINITIONAL_REPRESENTATION('',(#7612),#7615);
#7612 = B_SPLINE_CURVE_WITH_KNOTS('',1,(#7613,#7614),.UNSPECIFIED.,.F.,
  .F.,(2,2),(-1.5000006,6.E-07),.PIECEWISE_BEZIER_KNOTS.);
#7613 = CARTESIAN_POINT('',(1.23299250343,-1.315192490279));
#7614 = CARTESIAN_POINT('',(0.986393825193,0.164399579142));
#7615 = ( GEOMETRIC_REPRESENTATION_CONTEXT(2) 
PARAMETRIC_REPRESENTATION_CONTEXT() REPRESENTATION_CONTEXT('2D SPACE',''
  ) );
#7616 = ORIENTED_EDGE('',*,*,#7617,.F.);
#7617 = EDGE_CURVE('',#7618,#7591,#7620,.T.);
#7618 = VERTEX_POINT('',#7619);
#7619 = CARTESIAN_POINT('',(-26.61871952716,60.394070658748,1.45));
#7620 = SURFACE_CURVE('',#7621,(#7636,#7646),.PCURVE_S1.);
#7621 = B_SPLINE_CURVE_WITH_KNOTS('',4,(#7622,#7623,#7624,#7625,#7626,
    #7627,#7628,#7629,#7630,#7631,#7632,#7633,#7634,#7635),
  .UNSPECIFIED.,.F.,.F.,(5,3,3,3,5),(0.,0.250841857833,0.501282987113,
    0.751421403663,1.),.UNSPECIFIED.);
#7622 = CARTESIAN_POINT('',(-26.61871952716,60.394070658748,1.45));
#7623 = CARTESIAN_POINT('',(-27.40896872823,60.045767893092,
    1.358744540836));
#7624 = CARTESIAN_POINT('',(-28.19461391619,59.683029123329,
    1.267653728618));
#7625 = CARTESIAN_POINT('',(-28.9748928553,59.306051300172,
    1.176684549981));
#7626 = CARTESIAN_POINT('',(-30.52197850111,58.524854241275,
    0.99505280334));
#7627 = CARTESIAN_POINT('',(-31.2888061216,58.120679008632,
    0.904389882949));
#7628 = CARTESIAN_POINT('',(-32.04878887852,57.702920102365,
    0.813766609067));
#7629 = CARTESIAN_POINT('',(-33.55273865679,56.841567264472,
    0.632628873997));
#7630 = CARTESIAN_POINT('',(-34.29672523444,56.398004420357,
    0.542114316627));
#7631 = CARTESIAN_POINT('',(-35.0324728129,55.941699423681,0.45155943525
    ));
#7632 = CARTESIAN_POINT('',(-36.48167925583,55.007505544049,
    0.270853066755));
#7633 = CARTESIAN_POINT('',(-37.19524957868,54.529768075093,
    0.180702493393));
#7634 = CARTESIAN_POINT('',(-37.8994267963,54.040409505157,
    9.043209202883E-02));
#7635 = CARTESIAN_POINT('',(-38.59366998613,53.539972329105,0.));
#7636 = PCURVE('',#2024,#7637);
#7637 = DEFINITIONAL_REPRESENTATION('',(#7638),#7645);
#7638 = B_SPLINE_CURVE_WITH_KNOTS('',5,(#7639,#7640,#7641,#7642,#7643,
    #7644),.UNSPECIFIED.,.F.,.F.,(6,6),(0.,1.),
  .PIECEWISE_BEZIER_KNOTS.);
#7639 = CARTESIAN_POINT('',(-1.985931834756,-1.45));
#7640 = CARTESIAN_POINT('',(-2.027662925961,-1.158962579206));
#7641 = CARTESIAN_POINT('',(-2.0696264235,-0.869495527107));
#7642 = CARTESIAN_POINT('',(-2.111676756876,-0.580504468734));
#7643 = CARTESIAN_POINT('',(-2.153640253743,-0.291037421118));
#7644 = CARTESIAN_POINT('',(-2.195371344995,0.));
#7645 = ( GEOMETRIC_REPRESENTATION_CONTEXT(2) 
PARAMETRIC_REPRESENTATION_CONTEXT() REPRESENTATION_CONTEXT('2D SPACE',''
  ) );
#7646 = PCURVE('',#7647,#7652);
#7647 = B_SPLINE_SURFACE_WITH_KNOTS('',1,1,(
    (#7648,#7649)
    ,(#7650,#7651
    )),.UNSPECIFIED.,.F.,.F.,.F.,(2,2),(2,2),(0.,9.),(0.,1.),
  .PIECEWISE_BEZIER_KNOTS.);
#7648 = CARTESIAN_POINT('',(-26.21540559494,59.479008982101,1.45));
#7649 = CARTESIAN_POINT('',(-38.00891741058,52.728760627149,0.));
#7650 = CARTESIAN_POINT('',(-29.845230985,67.71456407193,1.45));
#7651 = CARTESIAN_POINT('',(-43.27169059051,60.029665944754,0.));
#7652 = DEFINITIONAL_REPRESENTATION('',(#7653),#7668);
#7653 = B_SPLINE_CURVE_WITH_KNOTS('',4,(#7654,#7655,#7656,#7657,#7658,
    #7659,#7660,#7661,#7662,#7663,#7664,#7665,#7666,#7667),
  .UNSPECIFIED.,.F.,.F.,(5,3,3,3,5),(0.,0.250841857833,0.501282987113,
    0.751421403663,1.),.UNSPECIFIED.);
#7654 = CARTESIAN_POINT('',(1.,0.));
#7655 = CARTESIAN_POINT('',(1.090768240072,6.293479942319E-02));
#7656 = CARTESIAN_POINT('',(1.166638926129,0.125756049229));
#7657 = CARTESIAN_POINT('',(1.227403201744,0.188493413806));
#7658 = CARTESIAN_POINT('',(1.318429687841,0.313756687352));
#7659 = CARTESIAN_POINT('',(1.348740744822,0.376282839345));
#7660 = CARTESIAN_POINT('',(1.363778768286,0.43878164892));
#7661 = CARTESIAN_POINT('',(1.36330960797,0.56370422483));
#7662 = CARTESIAN_POINT('',(1.347839321574,0.626128057499));
#7663 = CARTESIAN_POINT('',(1.317134015353,0.688579699828));
#7664 = CARTESIAN_POINT('',(1.225754749372,0.813204781548));
#7665 = CARTESIAN_POINT('',(1.165268596764,0.875377590764));
#7666 = CARTESIAN_POINT('',(1.089949268951,0.93763303998));
#7667 = CARTESIAN_POINT('',(1.,1.));
#7668 = ( GEOMETRIC_REPRESENTATION_CONTEXT(2) 
PARAMETRIC_REPRESENTATION_CONTEXT() REPRESENTATION_CONTEXT('2D SPACE',''
  ) );
#7669 = ORIENTED_EDGE('',*,*,#7670,.T.);
#7670 = EDGE_CURVE('',#7618,#7671,#7673,.T.);
#7671 = VERTEX_POINT('',#7672);
#7672 = CARTESIAN_POINT('',(-26.61871952716,60.394070658749,0.));
#7673 = SURFACE_CURVE('',#7674,(#7678,#7685),.PCURVE_S1.);
#7674 = LINE('',#7675,#7676);
#7675 = CARTESIAN_POINT('',(-26.61871952716,60.394070658748,
    2.399226777948E-30));
#7676 = VECTOR('',#7677,1.);
#7677 = DIRECTION('',(-0.,-0.,-1.));
#7678 = PCURVE('',#2024,#7679);
#7679 = DEFINITIONAL_REPRESENTATION('',(#7680),#7684);
#7680 = LINE('',#7681,#7682);
#7681 = CARTESIAN_POINT('',(-1.985931834756,-2.399226777948E-30));
#7682 = VECTOR('',#7683,1.);
#7683 = DIRECTION('',(-0.,1.));
#7684 = ( GEOMETRIC_REPRESENTATION_CONTEXT(2) 
PARAMETRIC_REPRESENTATION_CONTEXT() REPRESENTATION_CONTEXT('2D SPACE',''
  ) );
#7685 = PCURVE('',#7686,#7691);
#7686 = PLANE('',#7687);
#7687 = AXIS2_PLACEMENT_3D('',#7688,#7689,#7690);
#7688 = CARTESIAN_POINT('',(-26.21540559494,59.479008982101,0.));
#7689 = DIRECTION('',(-0.915061676648,-0.40331393223,-3.376611507232E-16
    ));
#7690 = DIRECTION('',(-0.397826412148,0.902611277777,0.164398987305));
#7691 = DEFINITIONAL_REPRESENTATION('',(#7692),#7695);
#7692 = B_SPLINE_CURVE_WITH_KNOTS('',1,(#7693,#7694),.UNSPECIFIED.,.F.,
  .F.,(2,2),(-1.5000006,6.E-07),.PIECEWISE_BEZIER_KNOTS.);
#7693 = CARTESIAN_POINT('',(1.23299250343,-1.315192490279));
#7694 = CARTESIAN_POINT('',(0.986393825193,0.164399579142));
#7695 = ( GEOMETRIC_REPRESENTATION_CONTEXT(2) 
PARAMETRIC_REPRESENTATION_CONTEXT() REPRESENTATION_CONTEXT('2D SPACE',''
  ) );
#7696 = ORIENTED_EDGE('',*,*,#7697,.F.);
#7697 = EDGE_CURVE('',#7698,#7671,#7700,.T.);
#7698 = VERTEX_POINT('',#7699);
#7699 = CARTESIAN_POINT('',(-13.48040329407,64.6086582977,1.45));
#7700 = SURFACE_CURVE('',#7701,(#7716,#7726),.PCURVE_S1.);
#7701 = B_SPLINE_CURVE_WITH_KNOTS('',4,(#7702,#7703,#7704,#7705,#7706,
    #7707,#7708,#7709,#7710,#7711,#7712,#7713,#7714,#7715),
  .UNSPECIFIED.,.F.,.F.,(5,3,3,3,5),(0.,0.250841857833,0.501282987113,
    0.751421403669,1.),.UNSPECIFIED.);
#7702 = CARTESIAN_POINT('',(-13.48040329407,64.6086582977,1.45));
#7703 = CARTESIAN_POINT('',(-14.325799871,64.432268830705,1.358744540836
    ));
#7704 = CARTESIAN_POINT('',(-15.16969445758,64.240801592779,
    1.267653728618));
#7705 = CARTESIAN_POINT('',(-16.01130052638,64.034290753068,
    1.176684549981));
#7706 = CARTESIAN_POINT('',(-17.68699864035,63.59182191667,0.99505280334
    ));
#7707 = CARTESIAN_POINT('',(-18.52110199351,63.355911309725,
    0.904389882949));
#7708 = CARTESIAN_POINT('',(-19.35133426434,63.105290737858,
    0.813766609067));
#7709 = CARTESIAN_POINT('',(-21.00150445652,62.575449267386,
    0.632628873995));
#7710 = CARTESIAN_POINT('',(-21.82145504335,62.296262842941,
    0.542114316623));
#7711 = CARTESIAN_POINT('',(-22.63599591537,62.002899728284,
    0.451559435244));
#7712 = CARTESIAN_POINT('',(-24.24776354955,61.390427188192,
    0.270853066749));
#7713 = CARTESIAN_POINT('',(-25.04506785373,61.071489041502,
    0.180702493389));
#7714 = CARTESIAN_POINT('',(-25.83560047731,60.739230806378,
    9.043209202677E-02));
#7715 = CARTESIAN_POINT('',(-26.61871952716,60.394070658748,0.));
#7716 = PCURVE('',#2024,#7717);
#7717 = DEFINITIONAL_REPRESENTATION('',(#7718),#7725);
#7718 = B_SPLINE_CURVE_WITH_KNOTS('',5,(#7719,#7720,#7721,#7722,#7723,
    #7724),.UNSPECIFIED.,.F.,.F.,(6,6),(0.,1.),
  .PIECEWISE_BEZIER_KNOTS.);
#7719 = CARTESIAN_POINT('',(-1.776492324516,-1.45));
#7720 = CARTESIAN_POINT('',(-1.818223415722,-1.158962579206));
#7721 = CARTESIAN_POINT('',(-1.860186913261,-0.869495527107));
#7722 = CARTESIAN_POINT('',(-1.902237246637,-0.580504468734));
#7723 = CARTESIAN_POINT('',(-1.944200743503,-0.291037421118));
#7724 = CARTESIAN_POINT('',(-1.985931834756,0.));
#7725 = ( GEOMETRIC_REPRESENTATION_CONTEXT(2) 
PARAMETRIC_REPRESENTATION_CONTEXT() REPRESENTATION_CONTEXT('2D SPACE',''
  ) );
#7726 = PCURVE('',#7727,#7732);
#7727 = B_SPLINE_SURFACE_WITH_KNOTS('',1,1,(
    (#7728,#7729)
    ,(#7730,#7731
    )),.UNSPECIFIED.,.F.,.F.,.F.,(2,2),(2,2),(0.,9.),(0.,1.),
  .PIECEWISE_BEZIER_KNOTS.);
#7728 = CARTESIAN_POINT('',(-13.27615475932,63.629739232583,1.45));
#7729 = CARTESIAN_POINT('',(-26.21540559494,59.479008982101,0.));
#7730 = CARTESIAN_POINT('',(-15.11439157215,72.440010818633,1.45));
#7731 = CARTESIAN_POINT('',(-29.845230985,67.71456407193,0.));
#7732 = DEFINITIONAL_REPRESENTATION('',(#7733),#7748);
#7733 = B_SPLINE_CURVE_WITH_KNOTS('',4,(#7734,#7735,#7736,#7737,#7738,
    #7739,#7740,#7741,#7742,#7743,#7744,#7745,#7746,#7747),
  .UNSPECIFIED.,.F.,.F.,(5,3,3,3,5),(0.,0.250841857833,0.501282987113,
    0.751421403669,1.),.UNSPECIFIED.);
#7734 = CARTESIAN_POINT('',(1.,0.));
#7735 = CARTESIAN_POINT('',(1.090768240072,6.293479942319E-02));
#7736 = CARTESIAN_POINT('',(1.166638926129,0.125756049229));
#7737 = CARTESIAN_POINT('',(1.227403201744,0.188493413806));
#7738 = CARTESIAN_POINT('',(1.318429687841,0.313756687352));
#7739 = CARTESIAN_POINT('',(1.348740744822,0.376282839345));
#7740 = CARTESIAN_POINT('',(1.363778768286,0.43878164892));
#7741 = CARTESIAN_POINT('',(1.36330960797,0.563704224831));
#7742 = CARTESIAN_POINT('',(1.347839321574,0.626128057502));
#7743 = CARTESIAN_POINT('',(1.317134015351,0.688579699832));
#7744 = CARTESIAN_POINT('',(1.225754749368,0.813204781553));
#7745 = CARTESIAN_POINT('',(1.165268596761,0.875377590767));
#7746 = CARTESIAN_POINT('',(1.089949268949,0.937633039982));
#7747 = CARTESIAN_POINT('',(1.,1.));
#7748 = ( GEOMETRIC_REPRESENTATION_CONTEXT(2) 
PARAMETRIC_REPRESENTATION_CONTEXT() REPRESENTATION_CONTEXT('2D SPACE',''
  ) );
#7749 = ORIENTED_EDGE('',*,*,#7750,.T.);
#7750 = EDGE_CURVE('',#7698,#7751,#7753,.T.);
#7751 = VERTEX_POINT('',#7752);
#7752 = CARTESIAN_POINT('',(-13.48040329407,64.6086582977,0.));
#7753 = SURFACE_CURVE('',#7754,(#7758,#7765),.PCURVE_S1.);
#7754 = LINE('',#7755,#7756);
#7755 = CARTESIAN_POINT('',(-13.48040329407,64.6086582977,
    8.997100417304E-31));
#7756 = VECTOR('',#7757,1.);
#7757 = DIRECTION('',(-0.,-0.,-1.));
#7758 = PCURVE('',#2024,#7759);
#7759 = DEFINITIONAL_REPRESENTATION('',(#7760),#7764);
#7760 = LINE('',#7761,#7762);
#7761 = CARTESIAN_POINT('',(-1.776492324516,-8.997100417304E-31));
#7762 = VECTOR('',#7763,1.);
#7763 = DIRECTION('',(-0.,1.));
#7764 = ( GEOMETRIC_REPRESENTATION_CONTEXT(2) 
PARAMETRIC_REPRESENTATION_CONTEXT() REPRESENTATION_CONTEXT('2D SPACE',''
  ) );
#7765 = PCURVE('',#7766,#7771);
#7766 = PLANE('',#7767);
#7767 = AXIS2_PLACEMENT_3D('',#7768,#7769,#7770);
#7768 = CARTESIAN_POINT('',(-13.27615475932,63.629739232583,0.));
#7769 = DIRECTION('',(-0.978919065117,-0.204248534759,1.688305753616E-16
    ));
#7770 = DIRECTION('',(-0.201469513638,0.965599817755,0.164398987305));
#7771 = DEFINITIONAL_REPRESENTATION('',(#7772),#7775);
#7772 = B_SPLINE_CURVE_WITH_KNOTS('',1,(#7773,#7774),.UNSPECIFIED.,.F.,
  .F.,(2,2),(-1.5000006,6.E-07),.PIECEWISE_BEZIER_KNOTS.);
#7773 = CARTESIAN_POINT('',(1.23299250343,-1.315192490279));
#7774 = CARTESIAN_POINT('',(0.986393825193,0.164399579142));
#7775 = ( GEOMETRIC_REPRESENTATION_CONTEXT(2) 
PARAMETRIC_REPRESENTATION_CONTEXT() REPRESENTATION_CONTEXT('2D SPACE',''
  ) );
#7776 = ORIENTED_EDGE('',*,*,#7777,.F.);
#7777 = EDGE_CURVE('',#7778,#7751,#7780,.T.);
#7778 = VERTEX_POINT('',#7779);
#7779 = CARTESIAN_POINT('',(0.247071249114,65.999537542303,1.45));
#7780 = SURFACE_CURVE('',#7781,(#7796,#7806),.PCURVE_S1.);
#7781 = B_SPLINE_CURVE_WITH_KNOTS('',4,(#7782,#7783,#7784,#7785,#7786,
    #7787,#7788,#7789,#7790,#7791,#7792,#7793,#7794,#7795),
  .UNSPECIFIED.,.F.,.F.,(5,3,3,3,5),(0.,0.250841857833,0.501282987113,
    0.751421403663,1.),.UNSPECIFIED.);
#7782 = CARTESIAN_POINT('',(0.247071249114,65.999537542303,1.45));
#7783 = CARTESIAN_POINT('',(-0.6165248166,66.002770440087,1.358744540836
    ));
#7784 = CARTESIAN_POINT('',(-1.481786558904,65.990942771058,
    1.267653728618));
#7785 = CARTESIAN_POINT('',(-2.347937533727,65.963924429437,
    1.176684549981));
#7786 = CARTESIAN_POINT('',(-4.079012067364,65.879521826888,
    0.99505280334));
#7787 = CARTESIAN_POINT('',(-4.943936834196,65.822186271191,
    0.904389882949));
#7788 = CARTESIAN_POINT('',(-5.808133484817,65.749657355326,
    0.813766609067));
#7789 = CARTESIAN_POINT('',(-7.532403735064,65.574483867008,
    0.632628873997));
#7790 = CARTESIAN_POINT('',(-8.392482555836,65.471875648677,
    0.542114316627));
#7791 = CARTESIAN_POINT('',(-9.250217376677,65.354275791878,
    0.45155943525));
#7792 = CARTESIAN_POINT('',(-10.95410422237,65.0902925803,0.270853066755
    ));
#7793 = CARTESIAN_POINT('',(-11.80029648392,64.944092883309,
    0.180702493393));
#7794 = CARTESIAN_POINT('',(-12.64263444445,64.78345626221,
    9.043209202883E-02));
#7795 = CARTESIAN_POINT('',(-13.48040329407,64.6086582977,0.));
#7796 = PCURVE('',#2024,#7797);
#7797 = DEFINITIONAL_REPRESENTATION('',(#7798),#7805);
#7798 = B_SPLINE_CURVE_WITH_KNOTS('',5,(#7799,#7800,#7801,#7802,#7803,
    #7804),.UNSPECIFIED.,.F.,.F.,(6,6),(0.,1.),
  .PIECEWISE_BEZIER_KNOTS.);
#7799 = CARTESIAN_POINT('',(-1.567052814277,-1.45));
#7800 = CARTESIAN_POINT('',(-1.608783905483,-1.158962579206));
#7801 = CARTESIAN_POINT('',(-1.650747403021,-0.869495527107));
#7802 = CARTESIAN_POINT('',(-1.692797736397,-0.580504468734));
#7803 = CARTESIAN_POINT('',(-1.734761233264,-0.291037421118));
#7804 = CARTESIAN_POINT('',(-1.776492324516,0.));
#7805 = ( GEOMETRIC_REPRESENTATION_CONTEXT(2) 
PARAMETRIC_REPRESENTATION_CONTEXT() REPRESENTATION_CONTEXT('2D SPACE',''
  ) );
#7806 = PCURVE('',#7807,#7812);
#7807 = B_SPLINE_SURFACE_WITH_KNOTS('',1,1,(
    (#7808,#7809)
    ,(#7810,#7811
    )),.UNSPECIFIED.,.F.,.F.,.F.,(2,2),(2,2),(0.,9.),(0.,1.),
  .PIECEWISE_BEZIER_KNOTS.);
#7808 = CARTESIAN_POINT('',(0.243327745339,64.999544549238,1.45));
#7809 = CARTESIAN_POINT('',(-13.27615475932,63.629739232583,0.));
#7810 = CARTESIAN_POINT('',(0.27701927931,73.999481486825,1.45));
#7811 = CARTESIAN_POINT('',(-15.11439157215,72.440010818633,0.));
#7812 = DEFINITIONAL_REPRESENTATION('',(#7813),#7828);
#7813 = B_SPLINE_CURVE_WITH_KNOTS('',4,(#7814,#7815,#7816,#7817,#7818,
    #7819,#7820,#7821,#7822,#7823,#7824,#7825,#7826,#7827),
  .UNSPECIFIED.,.F.,.F.,(5,3,3,3,5),(0.,0.250841857833,0.501282987113,
    0.751421403663,1.),.UNSPECIFIED.);
#7814 = CARTESIAN_POINT('',(1.,0.));
#7815 = CARTESIAN_POINT('',(1.090768240072,6.293479942319E-02));
#7816 = CARTESIAN_POINT('',(1.166638926129,0.125756049229));
#7817 = CARTESIAN_POINT('',(1.227403201744,0.188493413806));
#7818 = CARTESIAN_POINT('',(1.318429687841,0.313756687352));
#7819 = CARTESIAN_POINT('',(1.348740744822,0.376282839345));
#7820 = CARTESIAN_POINT('',(1.363778768286,0.43878164892));
#7821 = CARTESIAN_POINT('',(1.36330960797,0.56370422483));
#7822 = CARTESIAN_POINT('',(1.347839321574,0.626128057499));
#7823 = CARTESIAN_POINT('',(1.317134015353,0.688579699828));
#7824 = CARTESIAN_POINT('',(1.225754749372,0.813204781548));
#7825 = CARTESIAN_POINT('',(1.165268596764,0.875377590764));
#7826 = CARTESIAN_POINT('',(1.089949268951,0.93763303998));
#7827 = CARTESIAN_POINT('',(1.,1.));
#7828 = ( GEOMETRIC_REPRESENTATION_CONTEXT(2) 
PARAMETRIC_REPRESENTATION_CONTEXT() REPRESENTATION_CONTEXT('2D SPACE',''
  ) );
#7829 = ORIENTED_EDGE('',*,*,#7830,.T.);
#7830 = EDGE_CURVE('',#7778,#7831,#7833,.T.);
#7831 = VERTEX_POINT('',#7832);
#7832 = CARTESIAN_POINT('',(0.247071249115,65.999537542303,0.));
#7833 = SURFACE_CURVE('',#7834,(#7838,#7845),.PCURVE_S1.);
#7834 = LINE('',#7835,#7836);
#7835 = CARTESIAN_POINT('',(0.247071249114,65.999537542303,
    5.857487250849E-34));
#7836 = VECTOR('',#7837,1.);
#7837 = DIRECTION('',(-0.,-0.,-1.));
#7838 = PCURVE('',#2024,#7839);
#7839 = DEFINITIONAL_REPRESENTATION('',(#7840),#7844);
#7840 = LINE('',#7841,#7842);
#7841 = CARTESIAN_POINT('',(-1.567052814277,-5.857487250849E-34));
#7842 = VECTOR('',#7843,1.);
#7843 = DIRECTION('',(-0.,1.));
#7844 = ( GEOMETRIC_REPRESENTATION_CONTEXT(2) 
PARAMETRIC_REPRESENTATION_CONTEXT() REPRESENTATION_CONTEXT('2D SPACE',''
  ) );
#7845 = PCURVE('',#7846,#7851);
#7846 = PLANE('',#7847);
#7847 = AXIS2_PLACEMENT_3D('',#7848,#7849,#7850);
#7848 = CARTESIAN_POINT('',(0.243327745339,64.999544549238,0.));
#7849 = DIRECTION('',(-0.999992993065,3.743503774453E-03,
    -2.637977740025E-18));
#7850 = DIRECTION('',(3.692569376964E-03,0.986387012234,0.164398987305)
  );
#7851 = DEFINITIONAL_REPRESENTATION('',(#7852),#7855);
#7852 = B_SPLINE_CURVE_WITH_KNOTS('',1,(#7853,#7854),.UNSPECIFIED.,.F.,
  .F.,(2,2),(-1.5000006,6.E-07),.PIECEWISE_BEZIER_KNOTS.);
#7853 = CARTESIAN_POINT('',(1.23299250343,-1.315192490279));
#7854 = CARTESIAN_POINT('',(0.986393825193,0.164399579142));
#7855 = ( GEOMETRIC_REPRESENTATION_CONTEXT(2) 
PARAMETRIC_REPRESENTATION_CONTEXT() REPRESENTATION_CONTEXT('2D SPACE',''
  ) );
#7856 = ORIENTED_EDGE('',*,*,#7857,.F.);
#7857 = EDGE_CURVE('',#7858,#7831,#7860,.T.);
#7858 = VERTEX_POINT('',#7859);
#7859 = CARTESIAN_POINT('',(13.963747593141,64.505920295389,1.45));
#7860 = SURFACE_CURVE('',#7861,(#7876,#7886),.PCURVE_S1.);
#7861 = B_SPLINE_CURVE_WITH_KNOTS('',4,(#7862,#7863,#7864,#7865,#7866,
    #7867,#7868,#7869,#7870,#7871,#7872,#7873,#7874,#7875),
  .UNSPECIFIED.,.F.,.F.,(5,3,3,3,5),(0.,0.250841857833,0.501282987113,
    0.751421403663,1.),.UNSPECIFIED.);
#7862 = CARTESIAN_POINT('',(13.963747593141,64.505920295389,1.45));
#7863 = CARTESIAN_POINT('',(13.119695330705,64.688634264806,
    1.358744540836));
#7864 = CARTESIAN_POINT('',(12.270882522796,64.856963090565,
    1.267653728618));
#7865 = CARTESIAN_POINT('',(11.418041595811,65.010618078212,
    1.176684549981));
#7866 = CARTESIAN_POINT('',(9.707246906237,65.287970508253,0.99505280334
    ));
#7867 = CARTESIAN_POINT('',(8.849302088416,65.411715842713,
    0.904389882949));
#7868 = CARTESIAN_POINT('',(7.988910598519,65.520448444505,
    0.813766609067));
#7869 = CARTESIAN_POINT('',(6.26589917408,65.707598860351,0.632628873997
    ));
#7870 = CARTESIAN_POINT('',(5.403281690935,65.786053319638,
    0.542114316627));
#7871 = CARTESIAN_POINT('',(4.539840048797,65.849356398738,0.45155943525
    ));
#7872 = CARTESIAN_POINT('',(2.818302022886,65.945399848751,
    0.270853066755));
#7873 = CARTESIAN_POINT('',(1.960204466292,65.978328229766,
    0.180702493393));
#7874 = CARTESIAN_POINT('',(1.102875379695,65.996333813862,
    9.043209202883E-02));
#7875 = CARTESIAN_POINT('',(0.247071249114,65.999537542303,0.));
#7876 = PCURVE('',#2024,#7877);
#7877 = DEFINITIONAL_REPRESENTATION('',(#7878),#7885);
#7878 = B_SPLINE_CURVE_WITH_KNOTS('',5,(#7879,#7880,#7881,#7882,#7883,
    #7884),.UNSPECIFIED.,.F.,.F.,(6,6),(0.,1.),
  .PIECEWISE_BEZIER_KNOTS.);
#7879 = CARTESIAN_POINT('',(-1.357613304038,-1.45));
#7880 = CARTESIAN_POINT('',(-1.399344395243,-1.158962579206));
#7881 = CARTESIAN_POINT('',(-1.441307892782,-0.869495527107));
#7882 = CARTESIAN_POINT('',(-1.483358226158,-0.580504468734));
#7883 = CARTESIAN_POINT('',(-1.525321723025,-0.291037421118));
#7884 = CARTESIAN_POINT('',(-1.567052814277,0.));
#7885 = ( GEOMETRIC_REPRESENTATION_CONTEXT(2) 
PARAMETRIC_REPRESENTATION_CONTEXT() REPRESENTATION_CONTEXT('2D SPACE',''
  ) );
#7886 = PCURVE('',#7887,#7892);
#7887 = B_SPLINE_SURFACE_WITH_KNOTS('',1,1,(
    (#7888,#7889)
    ,(#7890,#7891
    )),.UNSPECIFIED.,.F.,.F.,.F.,(2,2),(2,2),(0.,9.),(0.,1.),
  .PIECEWISE_BEZIER_KNOTS.);
#7888 = CARTESIAN_POINT('',(13.752175659912,63.528557866671,1.45));
#7889 = CARTESIAN_POINT('',(0.243327745339,64.999544549238,0.));
#7890 = CARTESIAN_POINT('',(15.656323058977,72.324819725133,1.45));
#7891 = CARTESIAN_POINT('',(0.27701927931,73.999481486825,0.));
#7892 = DEFINITIONAL_REPRESENTATION('',(#7893),#7908);
#7893 = B_SPLINE_CURVE_WITH_KNOTS('',4,(#7894,#7895,#7896,#7897,#7898,
    #7899,#7900,#7901,#7902,#7903,#7904,#7905,#7906,#7907),
  .UNSPECIFIED.,.F.,.F.,(5,3,3,3,5),(0.,0.250841857833,0.501282987113,
    0.751421403663,1.),.UNSPECIFIED.);
#7894 = CARTESIAN_POINT('',(1.,0.));
#7895 = CARTESIAN_POINT('',(1.090768240072,6.293479942318E-02));
#7896 = CARTESIAN_POINT('',(1.166638926129,0.125756049229));
#7897 = CARTESIAN_POINT('',(1.227403201744,0.188493413806));
#7898 = CARTESIAN_POINT('',(1.318429687841,0.313756687352));
#7899 = CARTESIAN_POINT('',(1.348740744822,0.376282839345));
#7900 = CARTESIAN_POINT('',(1.363778768286,0.43878164892));
#7901 = CARTESIAN_POINT('',(1.36330960797,0.56370422483));
#7902 = CARTESIAN_POINT('',(1.347839321574,0.626128057499));
#7903 = CARTESIAN_POINT('',(1.317134015353,0.688579699828));
#7904 = CARTESIAN_POINT('',(1.225754749372,0.813204781548));
#7905 = CARTESIAN_POINT('',(1.165268596764,0.875377590764));
#7906 = CARTESIAN_POINT('',(1.089949268951,0.93763303998));
#7907 = CARTESIAN_POINT('',(1.,1.));
#7908 = ( GEOMETRIC_REPRESENTATION_CONTEXT(2) 
PARAMETRIC_REPRESENTATION_CONTEXT() REPRESENTATION_CONTEXT('2D SPACE',''
  ) );
#7909 = ORIENTED_EDGE('',*,*,#7910,.T.);
#7910 = EDGE_CURVE('',#7858,#7911,#7913,.T.);
#7911 = VERTEX_POINT('',#7912);
#7912 = CARTESIAN_POINT('',(13.963747593143,64.505920295388,0.));
#7913 = SURFACE_CURVE('',#7914,(#7918,#7925),.PCURVE_S1.);
#7914 = LINE('',#7915,#7916);
#7915 = CARTESIAN_POINT('',(13.963747593141,64.505920295389,0.));
#7916 = VECTOR('',#7917,1.);
#7917 = DIRECTION('',(-0.,-0.,-1.));
#7918 = PCURVE('',#2024,#7919);
#7919 = DEFINITIONAL_REPRESENTATION('',(#7920),#7924);
#7920 = LINE('',#7921,#7922);
#7921 = CARTESIAN_POINT('',(-1.357613304038,0.));
#7922 = VECTOR('',#7923,1.);
#7923 = DIRECTION('',(-0.,1.));
#7924 = ( GEOMETRIC_REPRESENTATION_CONTEXT(2) 
PARAMETRIC_REPRESENTATION_CONTEXT() REPRESENTATION_CONTEXT('2D SPACE',''
  ) );
#7925 = PCURVE('',#7926,#7931);
#7926 = PLANE('',#7927);
#7927 = AXIS2_PLACEMENT_3D('',#7928,#7929,#7930);
#7928 = CARTESIAN_POINT('',(13.752175659912,63.528557866671,0.));
#7929 = DIRECTION('',(-0.977362428718,0.211571933229,0.));
#7930 = DIRECTION('',(0.208693269391,0.964064361069,0.164398987305));
#7931 = DEFINITIONAL_REPRESENTATION('',(#7932),#7935);
#7932 = B_SPLINE_CURVE_WITH_KNOTS('',1,(#7933,#7934),.UNSPECIFIED.,.F.,
  .F.,(2,2),(-1.5000006,6.E-07),.PIECEWISE_BEZIER_KNOTS.);
#7933 = CARTESIAN_POINT('',(1.23299250343,-1.315192490279));
#7934 = CARTESIAN_POINT('',(0.986393825193,0.164399579142));
#7935 = ( GEOMETRIC_REPRESENTATION_CONTEXT(2) 
PARAMETRIC_REPRESENTATION_CONTEXT() REPRESENTATION_CONTEXT('2D SPACE',''
  ) );
#7936 = ORIENTED_EDGE('',*,*,#7937,.F.);
#7937 = EDGE_CURVE('',#7938,#7911,#7940,.T.);
#7938 = VERTEX_POINT('',#7939);
#7939 = CARTESIAN_POINT('',(27.070141161854,60.193084797818,1.45));
#7940 = SURFACE_CURVE('',#7941,(#7956,#7966),.PCURVE_S1.);
#7941 = B_SPLINE_CURVE_WITH_KNOTS('',4,(#7942,#7943,#7944,#7945,#7946,
    #7947,#7948,#7949,#7950,#7951,#7952,#7953,#7954,#7955),
  .UNSPECIFIED.,.F.,.F.,(5,3,3,3,5),(0.,0.250841857833,0.501282987113,
    0.751421403663,1.),.UNSPECIFIED.);
#7942 = CARTESIAN_POINT('',(27.070141161854,60.193084797818,1.45));
#7943 = CARTESIAN_POINT('',(26.282521836775,60.547294361646,
    1.358744540836));
#7944 = CARTESIAN_POINT('',(25.487255156024,60.888422904776,
    1.267653728618));
#7945 = CARTESIAN_POINT('',(24.68499751777,61.216035761412,
    1.176684549981));
#7946 = CARTESIAN_POINT('',(23.069252609498,61.843021591966,
    0.99505280334));
#7947 = CARTESIAN_POINT('',(22.255784046103,62.142439551672,
    0.904389882949));
#7948 = CARTESIAN_POINT('',(21.436800953653,62.427681534666,
    0.813766609067));
#7949 = CARTESIAN_POINT('',(19.790352222197,62.968976483455,
    0.632628873997));
#7950 = CARTESIAN_POINT('',(18.96289659999,63.225064784023,
    0.542114316627));
#7951 = CARTESIAN_POINT('',(18.131484679569,63.466504150703,
    0.45155943525));
#7952 = CARTESIAN_POINT('',(16.467534946036,63.918376702674,
    0.270853066755));
#7953 = CARTESIAN_POINT('',(15.635035075231,64.128994033438,
    0.180702493393));
#7954 = CARTESIAN_POINT('',(14.800184257571,64.324854892302,
    9.043209202883E-02));
#7955 = CARTESIAN_POINT('',(13.963747593141,64.505920295389,0.));
#7956 = PCURVE('',#2024,#7957);
#7957 = DEFINITIONAL_REPRESENTATION('',(#7958),#7965);
#7958 = B_SPLINE_CURVE_WITH_KNOTS('',5,(#7959,#7960,#7961,#7962,#7963,
    #7964),.UNSPECIFIED.,.F.,.F.,(6,6),(0.,1.),
  .PIECEWISE_BEZIER_KNOTS.);
#7959 = CARTESIAN_POINT('',(-1.148173793798,-1.45));
#7960 = CARTESIAN_POINT('',(-1.189904885004,-1.158962579206));
#7961 = CARTESIAN_POINT('',(-1.231868382543,-0.869495527107));
#7962 = CARTESIAN_POINT('',(-1.273918715919,-0.580504468734));
#7963 = CARTESIAN_POINT('',(-1.315882212785,-0.291037421118));
#7964 = CARTESIAN_POINT('',(-1.357613304038,0.));
#7965 = ( GEOMETRIC_REPRESENTATION_CONTEXT(2) 
PARAMETRIC_REPRESENTATION_CONTEXT() REPRESENTATION_CONTEXT('2D SPACE',''
  ) );
#7966 = PCURVE('',#7967,#7972);
#7967 = B_SPLINE_SURFACE_WITH_KNOTS('',1,1,(
    (#7968,#7969)
    ,(#7970,#7971
    )),.UNSPECIFIED.,.F.,.F.,.F.,(2,2),(2,2),(0.,9.),(0.,1.),
  .PIECEWISE_BEZIER_KNOTS.);
#7968 = CARTESIAN_POINT('',(26.659987507886,59.281068361487,1.45));
#7969 = CARTESIAN_POINT('',(13.752175659912,63.528557866671,0.));
#7970 = CARTESIAN_POINT('',(30.351370393594,67.489216288463,1.45));
#7971 = CARTESIAN_POINT('',(15.656323058977,72.324819725133,0.));
#7972 = DEFINITIONAL_REPRESENTATION('',(#7973),#7988);
#7973 = B_SPLINE_CURVE_WITH_KNOTS('',4,(#7974,#7975,#7976,#7977,#7978,
    #7979,#7980,#7981,#7982,#7983,#7984,#7985,#7986,#7987),
  .UNSPECIFIED.,.F.,.F.,(5,3,3,3,5),(0.,0.250841857833,0.501282987113,
    0.751421403663,1.),.UNSPECIFIED.);
#7974 = CARTESIAN_POINT('',(1.,0.));
#7975 = CARTESIAN_POINT('',(1.090768240072,6.293479942319E-02));
#7976 = CARTESIAN_POINT('',(1.166638926129,0.125756049229));
#7977 = CARTESIAN_POINT('',(1.227403201744,0.188493413806));
#7978 = CARTESIAN_POINT('',(1.318429687841,0.313756687352));
#7979 = CARTESIAN_POINT('',(1.348740744822,0.376282839345));
#7980 = CARTESIAN_POINT('',(1.363778768286,0.43878164892));
#7981 = CARTESIAN_POINT('',(1.36330960797,0.56370422483));
#7982 = CARTESIAN_POINT('',(1.347839321574,0.626128057499));
#7983 = CARTESIAN_POINT('',(1.317134015353,0.688579699828));
#7984 = CARTESIAN_POINT('',(1.225754749372,0.813204781548));
#7985 = CARTESIAN_POINT('',(1.165268596764,0.875377590764));
#7986 = CARTESIAN_POINT('',(1.089949268951,0.93763303998));
#7987 = CARTESIAN_POINT('',(1.,1.));
#7988 = ( GEOMETRIC_REPRESENTATION_CONTEXT(2) 
PARAMETRIC_REPRESENTATION_CONTEXT() REPRESENTATION_CONTEXT('2D SPACE',''
  ) );
#7989 = ORIENTED_EDGE('',*,*,#7990,.T.);
#7990 = EDGE_CURVE('',#7938,#7991,#7993,.T.);
#7991 = VERTEX_POINT('',#7992);
#7992 = CARTESIAN_POINT('',(27.070141161855,60.193084797818,0.));
#7993 = SURFACE_CURVE('',#7994,(#7998,#8005),.PCURVE_S1.);
#7994 = LINE('',#7995,#7996);
#7995 = CARTESIAN_POINT('',(27.070141161854,60.193084797818,0.));
#7996 = VECTOR('',#7997,1.);
#7997 = DIRECTION('',(-0.,-0.,-1.));
#7998 = PCURVE('',#2024,#7999);
#7999 = DEFINITIONAL_REPRESENTATION('',(#8000),#8004);
#8000 = LINE('',#8001,#8002);
#8001 = CARTESIAN_POINT('',(-1.148173793798,0.));
#8002 = VECTOR('',#8003,1.);
#8003 = DIRECTION('',(-0.,1.));
#8004 = ( GEOMETRIC_REPRESENTATION_CONTEXT(2) 
PARAMETRIC_REPRESENTATION_CONTEXT() REPRESENTATION_CONTEXT('2D SPACE',''
  ) );
#8005 = PCURVE('',#8006,#8011);
#8006 = PLANE('',#8007);
#8007 = AXIS2_PLACEMENT_3D('',#8008,#8009,#8010);
#8008 = CARTESIAN_POINT('',(26.659987507886,59.281068361487,0.));
#8009 = DIRECTION('',(-0.912016436331,0.410153653967,0.));
#8010 = DIRECTION('',(0.404573072111,0.899607471232,0.164398987305));
#8011 = DEFINITIONAL_REPRESENTATION('',(#8012),#8015);
#8012 = B_SPLINE_CURVE_WITH_KNOTS('',1,(#8013,#8014),.UNSPECIFIED.,.F.,
  .F.,(2,2),(-1.5000006,6.E-07),.PIECEWISE_BEZIER_KNOTS.);
#8013 = CARTESIAN_POINT('',(1.23299250343,-1.315192490279));
#8014 = CARTESIAN_POINT('',(0.986393825193,0.164399579142));
#8015 = ( GEOMETRIC_REPRESENTATION_CONTEXT(2) 
PARAMETRIC_REPRESENTATION_CONTEXT() REPRESENTATION_CONTEXT('2D SPACE',''
  ) );
#8016 = ORIENTED_EDGE('',*,*,#8017,.F.);
#8017 = EDGE_CURVE('',#8018,#7991,#8020,.T.);
#8018 = VERTEX_POINT('',#8019);
#8019 = CARTESIAN_POINT('',(38.993439664844,53.249522656116,1.45));
#8020 = SURFACE_CURVE('',#8021,(#8036,#8046),.PCURVE_S1.);
#8021 = B_SPLINE_CURVE_WITH_KNOTS('',4,(#8022,#8023,#8024,#8025,#8026,
    #8027,#8028,#8029,#8030,#8031,#8032,#8033,#8034,#8035),
  .UNSPECIFIED.,.F.,.F.,(5,3,3,3,5),(0.,0.250841857833,0.501282987113,
    0.751421403669,1.),.UNSPECIFIED.);
#8022 = CARTESIAN_POINT('',(38.993439664844,53.249522656116,1.45));
#8023 = CARTESIAN_POINT('',(38.296676021046,53.759747156729,
    1.358744540836));
#8024 = CARTESIAN_POINT('',(37.589712437514,54.25876646298,
    1.267653728618));
#8025 = CARTESIAN_POINT('',(36.873100596442,54.746018934708,
    1.176684549981));
#8026 = CARTESIAN_POINT('',(35.423021275167,55.695235876368,
    0.99505280334));
#8027 = CARTESIAN_POINT('',(34.689581445873,56.157240459713,
    0.904389882949));
#8028 = CARTESIAN_POINT('',(33.947800241929,56.60652538051,
    0.813766609067));
#8029 = CARTESIAN_POINT('',(32.449871913541,57.478307675568,
    0.632628873995));
#8030 = CARTESIAN_POINT('',(31.693741933518,57.900837529845,
    0.542114316623));
#8031 = CARTESIAN_POINT('',(30.930696425275,58.309861125235,
    0.451559435244));
#8032 = CARTESIAN_POINT('',(29.397057571992,59.097813780315,
    0.270853066749));
#8033 = CARTESIAN_POINT('',(28.626539626125,59.47691507281,
    0.180702493389));
#8034 = CARTESIAN_POINT('',(27.850654064209,59.842071147058,
    9.043209202676E-02));
#8035 = CARTESIAN_POINT('',(27.070141161854,60.193084797818,0.));
#8036 = PCURVE('',#2024,#8037);
#8037 = DEFINITIONAL_REPRESENTATION('',(#8038),#8045);
#8038 = B_SPLINE_CURVE_WITH_KNOTS('',5,(#8039,#8040,#8041,#8042,#8043,
    #8044),.UNSPECIFIED.,.F.,.F.,(6,6),(0.,1.),
  .PIECEWISE_BEZIER_KNOTS.);
#8039 = CARTESIAN_POINT('',(-0.938734283559,-1.45));
#8040 = CARTESIAN_POINT('',(-0.980465374765,-1.158962579206));
#8041 = CARTESIAN_POINT('',(-1.022428872303,-0.869495527107));
#8042 = CARTESIAN_POINT('',(-1.064479205679,-0.580504468734));
#8043 = CARTESIAN_POINT('',(-1.106442702546,-0.291037421118));
#8044 = CARTESIAN_POINT('',(-1.148173793798,0.));
#8045 = ( GEOMETRIC_REPRESENTATION_CONTEXT(2) 
PARAMETRIC_REPRESENTATION_CONTEXT() REPRESENTATION_CONTEXT('2D SPACE',''
  ) );
#8046 = PCURVE('',#8047,#8052);
#8047 = B_SPLINE_SURFACE_WITH_KNOTS('',1,1,(
    (#8048,#8049)
    ,(#8050,#8051
    )),.UNSPECIFIED.,.F.,.F.,.F.,(2,2),(2,2),(0.,9.),(0.,1.),
  .PIECEWISE_BEZIER_KNOTS.);
#8048 = CARTESIAN_POINT('',(38.402629972952,52.442711706781,1.45));
#8049 = CARTESIAN_POINT('',(26.659987507886,59.281068361487,0.));
#8050 = CARTESIAN_POINT('',(43.719917199976,59.704010250797,1.45));
#8051 = CARTESIAN_POINT('',(30.351370393594,67.489216288463,0.));
#8052 = DEFINITIONAL_REPRESENTATION('',(#8053),#8068);
#8053 = B_SPLINE_CURVE_WITH_KNOTS('',4,(#8054,#8055,#8056,#8057,#8058,
    #8059,#8060,#8061,#8062,#8063,#8064,#8065,#8066,#8067),
  .UNSPECIFIED.,.F.,.F.,(5,3,3,3,5),(0.,0.250841857833,0.501282987113,
    0.751421403669,1.),.UNSPECIFIED.);
#8054 = CARTESIAN_POINT('',(1.,0.));
#8055 = CARTESIAN_POINT('',(1.090768240072,6.293479942319E-02));
#8056 = CARTESIAN_POINT('',(1.166638926129,0.125756049229));
#8057 = CARTESIAN_POINT('',(1.227403201744,0.188493413806));
#8058 = CARTESIAN_POINT('',(1.318429687841,0.313756687352));
#8059 = CARTESIAN_POINT('',(1.348740744822,0.376282839345));
#8060 = CARTESIAN_POINT('',(1.363778768286,0.43878164892));
#8061 = CARTESIAN_POINT('',(1.36330960797,0.563704224831));
#8062 = CARTESIAN_POINT('',(1.347839321574,0.626128057502));
#8063 = CARTESIAN_POINT('',(1.317134015351,0.688579699832));
#8064 = CARTESIAN_POINT('',(1.225754749368,0.813204781553));
#8065 = CARTESIAN_POINT('',(1.165268596761,0.875377590766));
#8066 = CARTESIAN_POINT('',(1.089949268949,0.937633039982));
#8067 = CARTESIAN_POINT('',(1.,1.));
#8068 = ( GEOMETRIC_REPRESENTATION_CONTEXT(2) 
PARAMETRIC_REPRESENTATION_CONTEXT() REPRESENTATION_CONTEXT('2D SPACE',''
  ) );
#8069 = ORIENTED_EDGE('',*,*,#8070,.T.);
#8070 = EDGE_CURVE('',#8018,#8071,#8073,.T.);
#8071 = VERTEX_POINT('',#8072);
#8072 = CARTESIAN_POINT('',(38.993439664843,53.249522656116,0.));
#8073 = SURFACE_CURVE('',#8074,(#8078,#8085),.PCURVE_S1.);
#8074 = LINE('',#8075,#8076);
#8075 = CARTESIAN_POINT('',(38.993439664844,53.249522656116,0.));
#8076 = VECTOR('',#8077,1.);
#8077 = DIRECTION('',(-0.,-0.,-1.));
#8078 = PCURVE('',#2024,#8079);
#8079 = DEFINITIONAL_REPRESENTATION('',(#8080),#8084);
#8080 = LINE('',#8081,#8082);
#8081 = CARTESIAN_POINT('',(-0.938734283559,0.));
#8082 = VECTOR('',#8083,1.);
#8083 = DIRECTION('',(-0.,1.));
#8084 = ( GEOMETRIC_REPRESENTATION_CONTEXT(2) 
PARAMETRIC_REPRESENTATION_CONTEXT() REPRESENTATION_CONTEXT('2D SPACE',''
  ) );
#8085 = PCURVE('',#8086,#8091);
#8086 = PLANE('',#8087);
#8087 = AXIS2_PLACEMENT_3D('',#8088,#8089,#8090);
#8088 = CARTESIAN_POINT('',(38.402629972952,52.442711706781,0.));
#8089 = DIRECTION('',(-0.806810949335,0.590809691892,0.));
#8090 = DIRECTION('',(0.582771090223,0.795833418105,0.164398987305));
#8091 = DEFINITIONAL_REPRESENTATION('',(#8092),#8095);
#8092 = B_SPLINE_CURVE_WITH_KNOTS('',1,(#8093,#8094),.UNSPECIFIED.,.F.,
  .F.,(2,2),(-1.5000006,6.E-07),.PIECEWISE_BEZIER_KNOTS.);
#8093 = CARTESIAN_POINT('',(1.23299250343,-1.315192490279));
#8094 = CARTESIAN_POINT('',(0.986393825193,0.164399579142));
#8095 = ( GEOMETRIC_REPRESENTATION_CONTEXT(2) 
PARAMETRIC_REPRESENTATION_CONTEXT() REPRESENTATION_CONTEXT('2D SPACE',''
  ) );
#8096 = ORIENTED_EDGE('',*,*,#8097,.F.);
#8097 = EDGE_CURVE('',#8098,#8071,#8100,.T.);
#8098 = VERTEX_POINT('',#8099);
#8099 = CARTESIAN_POINT('',(49.212537743197,43.978700854782,1.45));
#8100 = SURFACE_CURVE('',#8101,(#8116,#8126),.PCURVE_S1.);
#8101 = B_SPLINE_CURVE_WITH_KNOTS('',4,(#8102,#8103,#8104,#8105,#8106,
    #8107,#8108,#8109,#8110,#8111,#8112,#8113,#8114,#8115),
  .UNSPECIFIED.,.F.,.F.,(5,3,3,3,5),(0.,0.250841857833,0.501282987113,
    0.751421403669,1.),.UNSPECIFIED.);
#8102 = CARTESIAN_POINT('',(49.212537743197,43.978700854782,1.45));
#8103 = CARTESIAN_POINT('',(48.637081695357,44.622641033175,
    1.358744540836));
#8104 = CARTESIAN_POINT('',(48.049318910032,45.257741564302,
    1.267653728618));
#8105 = CARTESIAN_POINT('',(47.449672242283,45.883338380012,
    1.176684549981));
#8106 = CARTESIAN_POINT('',(46.228633932597,47.113301097579,
    0.99505280334));
#8107 = CARTESIAN_POINT('',(45.607277677379,47.717700487328,
    0.904389882949));
#8108 = CARTESIAN_POINT('',(44.975117760013,48.31139243898,
    0.813766609067));
#8109 = CARTESIAN_POINT('',(43.69117649052,49.475561010733,
    0.632628873995));
#8110 = CARTESIAN_POINT('',(43.039418661142,50.046065836556,
    0.542114316623));
#8111 = CARTESIAN_POINT('',(42.378088315305,50.60479736682,
    0.451559435244));
#8112 = CARTESIAN_POINT('',(41.041787719376,51.694392812968,
    0.270853066749));
#8113 = CARTESIAN_POINT('',(40.366927030017,52.225409521589,
    0.180702493389));
#8114 = CARTESIAN_POINT('',(39.683916645994,52.743901738566,
    9.043209202677E-02));
#8115 = CARTESIAN_POINT('',(38.993439664844,53.249522656116,0.));
#8116 = PCURVE('',#2024,#8117);
#8117 = DEFINITIONAL_REPRESENTATION('',(#8118),#8125);
#8118 = B_SPLINE_CURVE_WITH_KNOTS('',5,(#8119,#8120,#8121,#8122,#8123,
    #8124),.UNSPECIFIED.,.F.,.F.,(6,6),(0.,1.),
  .PIECEWISE_BEZIER_KNOTS.);
#8119 = CARTESIAN_POINT('',(-0.72929477332,-1.45));
#8120 = CARTESIAN_POINT('',(-0.771025864525,-1.158962579206));
#8121 = CARTESIAN_POINT('',(-0.812989362064,-0.869495527107));
#8122 = CARTESIAN_POINT('',(-0.85503969544,-0.580504468734));
#8123 = CARTESIAN_POINT('',(-0.897003192307,-0.291037421118));
#8124 = CARTESIAN_POINT('',(-0.938734283559,0.));
#8125 = ( GEOMETRIC_REPRESENTATION_CONTEXT(2) 
PARAMETRIC_REPRESENTATION_CONTEXT() REPRESENTATION_CONTEXT('2D SPACE',''
  ) );
#8126 = PCURVE('',#8127,#8132);
#8127 = B_SPLINE_SURFACE_WITH_KNOTS('',1,1,(
    (#8128,#8129)
    ,(#8130,#8131
    )),.UNSPECIFIED.,.F.,.F.,.F.,(2,2),(2,2),(0.,9.),(0.,1.),
  .PIECEWISE_BEZIER_KNOTS.);
#8128 = CARTESIAN_POINT('',(48.466893231936,43.312356902437,1.45));
#8129 = CARTESIAN_POINT('',(38.402629972952,52.442711706781,0.));
#8130 = CARTESIAN_POINT('',(55.177693833281,49.309452473544,1.45));
#8131 = CARTESIAN_POINT('',(43.719917199976,59.704010250797,0.));
#8132 = DEFINITIONAL_REPRESENTATION('',(#8133),#8148);
#8133 = B_SPLINE_CURVE_WITH_KNOTS('',4,(#8134,#8135,#8136,#8137,#8138,
    #8139,#8140,#8141,#8142,#8143,#8144,#8145,#8146,#8147),
  .UNSPECIFIED.,.F.,.F.,(5,3,3,3,5),(0.,0.250841857833,0.501282987113,
    0.751421403669,1.),.UNSPECIFIED.);
#8134 = CARTESIAN_POINT('',(1.,0.));
#8135 = CARTESIAN_POINT('',(1.090768240072,6.293479942319E-02));
#8136 = CARTESIAN_POINT('',(1.166638926129,0.125756049229));
#8137 = CARTESIAN_POINT('',(1.227403201744,0.188493413806));
#8138 = CARTESIAN_POINT('',(1.318429687841,0.313756687352));
#8139 = CARTESIAN_POINT('',(1.348740744822,0.376282839345));
#8140 = CARTESIAN_POINT('',(1.363778768286,0.43878164892));
#8141 = CARTESIAN_POINT('',(1.36330960797,0.563704224831));
#8142 = CARTESIAN_POINT('',(1.347839321574,0.626128057502));
#8143 = CARTESIAN_POINT('',(1.317134015351,0.688579699832));
#8144 = CARTESIAN_POINT('',(1.225754749368,0.813204781553));
#8145 = CARTESIAN_POINT('',(1.165268596761,0.875377590767));
#8146 = CARTESIAN_POINT('',(1.089949268949,0.937633039982));
#8147 = CARTESIAN_POINT('',(1.,1.));
#8148 = ( GEOMETRIC_REPRESENTATION_CONTEXT(2) 
PARAMETRIC_REPRESENTATION_CONTEXT() REPRESENTATION_CONTEXT('2D SPACE',''
  ) );
#8149 = ORIENTED_EDGE('',*,*,#8150,.T.);
#8150 = EDGE_CURVE('',#8098,#8151,#8153,.T.);
#8151 = VERTEX_POINT('',#8152);
#8152 = CARTESIAN_POINT('',(49.212537743197,43.978700854783,0.));
#8153 = SURFACE_CURVE('',#8154,(#8158,#8165),.PCURVE_S1.);
#8154 = LINE('',#8155,#8156);
#8155 = CARTESIAN_POINT('',(49.212537743197,43.978700854782,0.));
#8156 = VECTOR('',#8157,1.);
#8157 = DIRECTION('',(-0.,-0.,-1.));
#8158 = PCURVE('',#2024,#8159);
#8159 = DEFINITIONAL_REPRESENTATION('',(#8160),#8164);
#8160 = LINE('',#8161,#8162);
#8161 = CARTESIAN_POINT('',(-0.72929477332,0.));
#8162 = VECTOR('',#8163,1.);
#8163 = DIRECTION('',(-0.,1.));
#8164 = ( GEOMETRIC_REPRESENTATION_CONTEXT(2) 
PARAMETRIC_REPRESENTATION_CONTEXT() REPRESENTATION_CONTEXT('2D SPACE',''
  ) );
#8165 = PCURVE('',#8166,#8171);
#8166 = PLANE('',#8167);
#8167 = AXIS2_PLACEMENT_3D('',#8168,#8169,#8170);
#8168 = CARTESIAN_POINT('',(48.466893231936,43.312356902437,0.));
#8169 = DIRECTION('',(-0.666343952345,0.745644511261,0.));
#8170 = DIRECTION('',(0.735499215246,0.657277625776,0.164398987305));
#8171 = DEFINITIONAL_REPRESENTATION('',(#8172),#8175);
#8172 = B_SPLINE_CURVE_WITH_KNOTS('',1,(#8173,#8174),.UNSPECIFIED.,.F.,
  .F.,(2,2),(-1.5000006,6.E-07),.PIECEWISE_BEZIER_KNOTS.);
#8173 = CARTESIAN_POINT('',(1.23299250343,-1.315192490279));
#8174 = CARTESIAN_POINT('',(0.986393825193,0.164399579142));
#8175 = ( GEOMETRIC_REPRESENTATION_CONTEXT(2) 
PARAMETRIC_REPRESENTATION_CONTEXT() REPRESENTATION_CONTEXT('2D SPACE',''
  ) );
#8176 = ORIENTED_EDGE('',*,*,#8177,.F.);
#8177 = EDGE_CURVE('',#8178,#8151,#8180,.T.);
#8178 = VERTEX_POINT('',#8179);
#8179 = CARTESIAN_POINT('',(57.280811774216,32.785798792874,1.45));
#8180 = SURFACE_CURVE('',#8181,(#8196,#8206),.PCURVE_S1.);
#8181 = B_SPLINE_CURVE_WITH_KNOTS('',4,(#8182,#8183,#8184,#8185,#8186,
    #8187,#8188,#8189,#8190,#8191,#8192,#8193,#8194,#8195),
  .UNSPECIFIED.,.F.,.F.,(5,3,3,3,5),(0.,0.250841857833,0.501282987113,
    0.751421403669,1.),.UNSPECIFIED.);
#8182 = CARTESIAN_POINT('',(57.280811774216,32.785798792874,1.45));
#8183 = CARTESIAN_POINT('',(56.851813512968,33.535311373282,
    1.358744540836));
#8184 = CARTESIAN_POINT('',(56.408939579969,34.278736188527,
    1.267653728618));
#8185 = CARTESIAN_POINT('',(55.952465522346,35.015335765425,
    1.176684549981));
#8186 = CARTESIAN_POINT('',(55.013833457575,36.472288986125,
    0.99505280334));
#8187 = CARTESIAN_POINT('',(54.531717026385,37.192668028715,
    0.904389882949));
#8188 = CARTESIAN_POINT('',(54.036806817426,37.904819824085,
    0.813766609067));
#8189 = CARTESIAN_POINT('',(53.022967001338,39.310494919646,
    0.632628873995));
#8190 = CARTESIAN_POINT('',(52.504066267229,40.004040918542,
    0.542114316623));
#8191 = CARTESIAN_POINT('',(51.973354393326,40.688061134716,
    0.451559435244));
#8192 = CARTESIAN_POINT('',(50.892794803075,42.031678822477,
    0.270853066749));
#8193 = CARTESIAN_POINT('',(50.343086020692,42.691402968954,
    0.180702493389));
#8194 = CARTESIAN_POINT('',(49.782801645791,43.340570730778,
    9.043209202676E-02));
#8195 = CARTESIAN_POINT('',(49.212537743197,43.978700854782,0.));
#8196 = PCURVE('',#2024,#8197);
#8197 = DEFINITIONAL_REPRESENTATION('',(#8198),#8205);
#8198 = B_SPLINE_CURVE_WITH_KNOTS('',5,(#8199,#8200,#8201,#8202,#8203,
    #8204),.UNSPECIFIED.,.F.,.F.,(6,6),(0.,1.),
  .PIECEWISE_BEZIER_KNOTS.);
#8199 = CARTESIAN_POINT('',(-0.51985526308,-1.45));
#8200 = CARTESIAN_POINT('',(-0.561586354286,-1.158962579206));
#8201 = CARTESIAN_POINT('',(-0.603549851825,-0.869495527107));
#8202 = CARTESIAN_POINT('',(-0.645600185201,-0.580504468734));
#8203 = CARTESIAN_POINT('',(-0.687563682067,-0.291037421118));
#8204 = CARTESIAN_POINT('',(-0.72929477332,0.));
#8205 = ( GEOMETRIC_REPRESENTATION_CONTEXT(2) 
PARAMETRIC_REPRESENTATION_CONTEXT() REPRESENTATION_CONTEXT('2D SPACE',''
  ) );
#8206 = PCURVE('',#8207,#8212);
#8207 = B_SPLINE_SURFACE_WITH_KNOTS('',1,1,(
    (#8208,#8209)
    ,(#8210,#8211
    )),.UNSPECIFIED.,.F.,.F.,.F.,(2,2),(2,2),(0.,9.),(0.,1.),
  .PIECEWISE_BEZIER_KNOTS.);
#8208 = CARTESIAN_POINT('',(56.412920686728,32.289044265709,1.45));
#8209 = CARTESIAN_POINT('',(48.466893231936,43.312356902437,0.));
#8210 = CARTESIAN_POINT('',(64.223940474121,36.759835010192,1.45));
#8211 = CARTESIAN_POINT('',(55.177693833281,49.309452473544,0.));
#8212 = DEFINITIONAL_REPRESENTATION('',(#8213),#8228);
#8213 = B_SPLINE_CURVE_WITH_KNOTS('',4,(#8214,#8215,#8216,#8217,#8218,
    #8219,#8220,#8221,#8222,#8223,#8224,#8225,#8226,#8227),
  .UNSPECIFIED.,.F.,.F.,(5,3,3,3,5),(0.,0.250841857833,0.501282987113,
    0.751421403669,1.),.UNSPECIFIED.);
#8214 = CARTESIAN_POINT('',(1.,0.));
#8215 = CARTESIAN_POINT('',(1.090768240072,6.293479942318E-02));
#8216 = CARTESIAN_POINT('',(1.166638926129,0.125756049229));
#8217 = CARTESIAN_POINT('',(1.227403201744,0.188493413806));
#8218 = CARTESIAN_POINT('',(1.318429687841,0.313756687352));
#8219 = CARTESIAN_POINT('',(1.348740744822,0.376282839345));
#8220 = CARTESIAN_POINT('',(1.363778768286,0.43878164892));
#8221 = CARTESIAN_POINT('',(1.36330960797,0.563704224831));
#8222 = CARTESIAN_POINT('',(1.347839321574,0.626128057502));
#8223 = CARTESIAN_POINT('',(1.317134015351,0.688579699832));
#8224 = CARTESIAN_POINT('',(1.225754749368,0.813204781553));
#8225 = CARTESIAN_POINT('',(1.165268596761,0.875377590766));
#8226 = CARTESIAN_POINT('',(1.089949268949,0.937633039982));
#8227 = CARTESIAN_POINT('',(1.,1.));
#8228 = ( GEOMETRIC_REPRESENTATION_CONTEXT(2) 
PARAMETRIC_REPRESENTATION_CONTEXT() REPRESENTATION_CONTEXT('2D SPACE',''
  ) );
#8229 = ORIENTED_EDGE('',*,*,#8230,.T.);
#8230 = EDGE_CURVE('',#8178,#8231,#8233,.T.);
#8231 = VERTEX_POINT('',#8232);
#8232 = CARTESIAN_POINT('',(57.280811774216,32.785798792874,0.));
#8233 = SURFACE_CURVE('',#8234,(#8238,#8245),.PCURVE_S1.);
#8234 = LINE('',#8235,#8236);
#8235 = CARTESIAN_POINT('',(57.280811774216,32.785798792874,0.));
#8236 = VECTOR('',#8237,1.);
#8237 = DIRECTION('',(-0.,-0.,-1.));
#8238 = PCURVE('',#2024,#8239);
#8239 = DEFINITIONAL_REPRESENTATION('',(#8240),#8244);
#8240 = LINE('',#8241,#8242);
#8241 = CARTESIAN_POINT('',(-0.51985526308,0.));
#8242 = VECTOR('',#8243,1.);
#8243 = DIRECTION('',(-0.,1.));
#8244 = ( GEOMETRIC_REPRESENTATION_CONTEXT(2) 
PARAMETRIC_REPRESENTATION_CONTEXT() REPRESENTATION_CONTEXT('2D SPACE',''
  ) );
#8245 = PCURVE('',#8246,#8251);
#8246 = PLANE('',#8247);
#8247 = AXIS2_PLACEMENT_3D('',#8248,#8249,#8250);
#8248 = CARTESIAN_POINT('',(56.412920686728,32.289044265709,0.));
#8249 = DIRECTION('',(-0.496754527165,0.867891087488,0.));
#8250 = DIRECTION('',(0.856082495246,0.489995647231,0.164398987305));
#8251 = DEFINITIONAL_REPRESENTATION('',(#8252),#8255);
#8252 = B_SPLINE_CURVE_WITH_KNOTS('',1,(#8253,#8254),.UNSPECIFIED.,.F.,
  .F.,(2,2),(-1.5000006,6.E-07),.PIECEWISE_BEZIER_KNOTS.);
#8253 = CARTESIAN_POINT('',(1.23299250343,-1.315192490279));
#8254 = CARTESIAN_POINT('',(0.986393825193,0.164399579142));
#8255 = ( GEOMETRIC_REPRESENTATION_CONTEXT(2) 
PARAMETRIC_REPRESENTATION_CONTEXT() REPRESENTATION_CONTEXT('2D SPACE',''
  ) );
#8256 = ORIENTED_EDGE('',*,*,#8257,.F.);
#8257 = EDGE_CURVE('',#8258,#8231,#8260,.T.);
#8258 = VERTEX_POINT('',#8259);
#8259 = CARTESIAN_POINT('',(62.845639466872,20.16,1.45));
#8260 = SURFACE_CURVE('',#8261,(#8276,#8286),.PCURVE_S1.);
#8261 = B_SPLINE_CURVE_WITH_KNOTS('',4,(#8262,#8263,#8264,#8265,#8266,
    #8267,#8268,#8269,#8270,#8271,#8272,#8273,#8274,#8275),
  .UNSPECIFIED.,.F.,.F.,(5,3,3,3,5),(0.,0.250841857833,0.501282987113,
    0.751421403663,1.),.UNSPECIFIED.);
#8262 = CARTESIAN_POINT('',(62.845639466872,20.16,1.45));
#8263 = CARTESIAN_POINT('',(62.581848274795,20.9823276861,1.358744540836
    ));
#8264 = CARTESIAN_POINT('',(62.303218910137,21.801585553686,
    1.267653728618));
#8265 = CARTESIAN_POINT('',(62.009867569365,22.616994955666,
    1.176684549981));
#8266 = CARTESIAN_POINT('',(61.394664474795,24.237262832517,
    0.99505280334));
#8267 = CARTESIAN_POINT('',(61.072858669127,25.042137507025,
    0.904389882949));
#8268 = CARTESIAN_POINT('',(60.73682811955,25.841624695372,
    0.813766609067));
#8269 = CARTESIAN_POINT('',(60.037399421781,27.42737156787,
    0.632628873997));
#8270 = CARTESIAN_POINT('',(59.674034234992,28.213647451666,
    0.542114316627));
#8271 = CARTESIAN_POINT('',(59.297135488561,28.993061387993,
    0.45155943525));
#8272 = CARTESIAN_POINT('',(58.519542543183,30.531978777019,
    0.270853066755));
#8273 = CARTESIAN_POINT('',(58.119010579351,31.291577250463,
    0.180702493393));
#8274 = CARTESIAN_POINT('',(57.70593932929,32.043048810906,
    9.043209202883E-02));
#8275 = CARTESIAN_POINT('',(57.280811774216,32.785798792874,0.));
#8276 = PCURVE('',#2024,#8277);
#8277 = DEFINITIONAL_REPRESENTATION('',(#8278),#8285);
#8278 = B_SPLINE_CURVE_WITH_KNOTS('',5,(#8279,#8280,#8281,#8282,#8283,
    #8284),.UNSPECIFIED.,.F.,.F.,(6,6),(0.,1.),
  .PIECEWISE_BEZIER_KNOTS.);
#8279 = CARTESIAN_POINT('',(-0.310415752841,-1.45));
#8280 = CARTESIAN_POINT('',(-0.352146844047,-1.158962579206));
#8281 = CARTESIAN_POINT('',(-0.394110341586,-0.869495527106));
#8282 = CARTESIAN_POINT('',(-0.436160674961,-0.580504468734));
#8283 = CARTESIAN_POINT('',(-0.478124171828,-0.291037421118));
#8284 = CARTESIAN_POINT('',(-0.51985526308,0.));
#8285 = ( GEOMETRIC_REPRESENTATION_CONTEXT(2) 
PARAMETRIC_REPRESENTATION_CONTEXT() REPRESENTATION_CONTEXT('2D SPACE',''
  ) );
#8286 = PCURVE('',#8287,#8292);
#8287 = B_SPLINE_SURFACE_WITH_KNOTS('',1,1,(
    (#8288,#8289)
    ,(#8290,#8291
    )),.UNSPECIFIED.,.F.,.F.,.F.,(2,2),(2,2),(0.,9.),(0.,1.),
  .PIECEWISE_BEZIER_KNOTS.);
#8288 = CARTESIAN_POINT('',(61.893432808283,19.854545454545,1.45));
#8289 = CARTESIAN_POINT('',(56.412920686728,32.289044265709,0.));
#8290 = CARTESIAN_POINT('',(70.463292735583,22.603636363636,1.45));
#8291 = CARTESIAN_POINT('',(64.223940474121,36.759835010192,0.));
#8292 = DEFINITIONAL_REPRESENTATION('',(#8293),#8308);
#8293 = B_SPLINE_CURVE_WITH_KNOTS('',4,(#8294,#8295,#8296,#8297,#8298,
    #8299,#8300,#8301,#8302,#8303,#8304,#8305,#8306,#8307),
  .UNSPECIFIED.,.F.,.F.,(5,3,3,3,5),(0.,0.250841857833,0.501282987113,
    0.751421403663,1.),.UNSPECIFIED.);
#8294 = CARTESIAN_POINT('',(1.,0.));
#8295 = CARTESIAN_POINT('',(1.090768240072,6.293479942318E-02));
#8296 = CARTESIAN_POINT('',(1.166638926129,0.125756049229));
#8297 = CARTESIAN_POINT('',(1.227403201744,0.188493413806));
#8298 = CARTESIAN_POINT('',(1.318429687841,0.313756687352));
#8299 = CARTESIAN_POINT('',(1.348740744822,0.376282839345));
#8300 = CARTESIAN_POINT('',(1.363778768286,0.43878164892));
#8301 = CARTESIAN_POINT('',(1.36330960797,0.56370422483));
#8302 = CARTESIAN_POINT('',(1.347839321574,0.626128057499));
#8303 = CARTESIAN_POINT('',(1.317134015353,0.688579699828));
#8304 = CARTESIAN_POINT('',(1.225754749372,0.813204781548));
#8305 = CARTESIAN_POINT('',(1.165268596764,0.875377590764));
#8306 = CARTESIAN_POINT('',(1.089949268951,0.93763303998));
#8307 = CARTESIAN_POINT('',(1.,1.));
#8308 = ( GEOMETRIC_REPRESENTATION_CONTEXT(2) 
PARAMETRIC_REPRESENTATION_CONTEXT() REPRESENTATION_CONTEXT('2D SPACE',''
  ) );
#8309 = ORIENTED_EDGE('',*,*,#8310,.T.);
#8310 = EDGE_CURVE('',#8258,#8311,#8313,.T.);
#8311 = VERTEX_POINT('',#8312);
#8312 = CARTESIAN_POINT('',(62.845639466872,20.16,0.));
#8313 = SURFACE_CURVE('',#8314,(#8318,#8325),.PCURVE_S1.);
#8314 = LINE('',#8315,#8316);
#8315 = CARTESIAN_POINT('',(62.845639466872,20.16,1.199613388974E-30));
#8316 = VECTOR('',#8317,1.);
#8317 = DIRECTION('',(-0.,-0.,-1.));
#8318 = PCURVE('',#2024,#8319);
#8319 = DEFINITIONAL_REPRESENTATION('',(#8320),#8324);
#8320 = LINE('',#8321,#8322);
#8321 = CARTESIAN_POINT('',(-0.310415752841,-1.199613388974E-30));
#8322 = VECTOR('',#8323,1.);
#8323 = DIRECTION('',(-0.,1.));
#8324 = ( GEOMETRIC_REPRESENTATION_CONTEXT(2) 
PARAMETRIC_REPRESENTATION_CONTEXT() REPRESENTATION_CONTEXT('2D SPACE',''
  ) );
#8325 = PCURVE('',#8326,#8331);
#8326 = PLANE('',#8327);
#8327 = AXIS2_PLACEMENT_3D('',#8328,#8329,#8330);
#8328 = CARTESIAN_POINT('',(61.893432808283,19.854545454545,0.));
#8329 = DIRECTION('',(-0.305454545455,0.952206658589,-3.376611507232E-16
    ));
#8330 = DIRECTION('',(0.939250862265,0.301298507643,0.164398987305));
#8331 = DEFINITIONAL_REPRESENTATION('',(#8332),#8335);
#8332 = B_SPLINE_CURVE_WITH_KNOTS('',1,(#8333,#8334),.UNSPECIFIED.,.F.,
  .F.,(2,2),(-1.5000006,6.E-07),.PIECEWISE_BEZIER_KNOTS.);
#8333 = CARTESIAN_POINT('',(1.23299250343,-1.315192490279));
#8334 = CARTESIAN_POINT('',(0.986393825193,0.164399579142));
#8335 = ( GEOMETRIC_REPRESENTATION_CONTEXT(2) 
PARAMETRIC_REPRESENTATION_CONTEXT() REPRESENTATION_CONTEXT('2D SPACE',''
  ) );
#8336 = ORIENTED_EDGE('',*,*,#8337,.F.);
#8337 = EDGE_CURVE('',#8338,#8311,#8340,.T.);
#8338 = VERTEX_POINT('',#8339);
#8339 = CARTESIAN_POINT('',(65.663811147988,6.653112468713,1.45));
#8340 = SURFACE_CURVE('',#8341,(#8356,#8366),.PCURVE_S1.);
#8341 = B_SPLINE_CURVE_WITH_KNOTS('',4,(#8342,#8343,#8344,#8345,#8346,
    #8347,#8348,#8349,#8350,#8351,#8352,#8353,#8354,#8355),
  .UNSPECIFIED.,.F.,.F.,(5,3,3,3,5),(0.,0.250841857833,0.501282987113,
    0.751421403663,1.),.UNSPECIFIED.);
#8342 = CARTESIAN_POINT('',(65.663811147988,6.653112468713,1.45));
#8343 = CARTESIAN_POINT('',(65.576755965987,7.512315594656,
    1.358744540836));
#8344 = CARTESIAN_POINT('',(65.474548609919,8.371601014535,
    1.267653728618));
#8345 = CARTESIAN_POINT('',(65.357140847244,9.230182937961,
    1.176684549981));
#8346 = CARTESIAN_POINT('',(65.092254050181,10.942951989837,
    0.99505280334));
#8347 = CARTESIAN_POINT('',(64.944823327938,11.797145410771,
    0.904389882949));
#8348 = CARTESIAN_POINT('',(64.782358585212,12.649026565599,
    0.813766609067));
#8349 = CARTESIAN_POINT('',(64.427909396075,14.345540467462,
    0.632628873997));
#8350 = CARTESIAN_POINT('',(64.235960558876,15.190182207082,
    0.542114316627));
#8351 = CARTESIAN_POINT('',(64.029347223684,16.030925734516,
    0.45155943525));
#8352 = CARTESIAN_POINT('',(63.588705466197,17.697884750361,
    0.270853066755));
#8353 = CARTESIAN_POINT('',(63.354855489714,18.524159452508,
    0.180702493393));
#8354 = CARTESIAN_POINT('',(63.107050560267,19.345091898404,
    9.043209202887E-02));
#8355 = CARTESIAN_POINT('',(62.845639466872,20.16,0.));
#8356 = PCURVE('',#2024,#8357);
#8357 = DEFINITIONAL_REPRESENTATION('',(#8358),#8365);
#8358 = B_SPLINE_CURVE_WITH_KNOTS('',5,(#8359,#8360,#8361,#8362,#8363,
    #8364),.UNSPECIFIED.,.F.,.F.,(6,6),(0.,1.),
  .PIECEWISE_BEZIER_KNOTS.);
#8359 = CARTESIAN_POINT('',(-0.100976242602,-1.45));
#8360 = CARTESIAN_POINT('',(-0.142707333808,-1.158962579206));
#8361 = CARTESIAN_POINT('',(-0.184670831346,-0.869495527107));
#8362 = CARTESIAN_POINT('',(-0.226721164722,-0.580504468734));
#8363 = CARTESIAN_POINT('',(-0.268684661589,-0.291037421118));
#8364 = CARTESIAN_POINT('',(-0.310415752841,0.));
#8365 = ( GEOMETRIC_REPRESENTATION_CONTEXT(2) 
PARAMETRIC_REPRESENTATION_CONTEXT() REPRESENTATION_CONTEXT('2D SPACE',''
  ) );
#8366 = PCURVE('',#8367,#8372);
#8367 = B_SPLINE_SURFACE_WITH_KNOTS('',1,1,(
    (#8368,#8369)
    ,(#8370,#8371
    )),.UNSPECIFIED.,.F.,.F.,.F.,(2,2),(2,2),(0.,9.),(0.,1.),
  .PIECEWISE_BEZIER_KNOTS.);
#8368 = CARTESIAN_POINT('',(64.668904918473,6.552307734339,1.45));
#8369 = CARTESIAN_POINT('',(61.893432808283,19.854545454545,0.));
#8370 = CARTESIAN_POINT('',(73.623060984108,7.459550343708,1.45));
#8371 = CARTESIAN_POINT('',(70.463292735583,22.603636363636,0.));
#8372 = DEFINITIONAL_REPRESENTATION('',(#8373),#8388);
#8373 = B_SPLINE_CURVE_WITH_KNOTS('',4,(#8374,#8375,#8376,#8377,#8378,
    #8379,#8380,#8381,#8382,#8383,#8384,#8385,#8386,#8387),
  .UNSPECIFIED.,.F.,.F.,(5,3,3,3,5),(0.,0.250841857833,0.501282987113,
    0.751421403663,1.),.UNSPECIFIED.);
#8374 = CARTESIAN_POINT('',(1.,0.));
#8375 = CARTESIAN_POINT('',(1.090768240072,6.293479942318E-02));
#8376 = CARTESIAN_POINT('',(1.166638926129,0.125756049229));
#8377 = CARTESIAN_POINT('',(1.227403201744,0.188493413806));
#8378 = CARTESIAN_POINT('',(1.318429687841,0.313756687352));
#8379 = CARTESIAN_POINT('',(1.348740744822,0.376282839345));
#8380 = CARTESIAN_POINT('',(1.363778768286,0.43878164892));
#8381 = CARTESIAN_POINT('',(1.36330960797,0.56370422483));
#8382 = CARTESIAN_POINT('',(1.347839321574,0.626128057499));
#8383 = CARTESIAN_POINT('',(1.317134015353,0.688579699828));
#8384 = CARTESIAN_POINT('',(1.225754749372,0.813204781548));
#8385 = CARTESIAN_POINT('',(1.165268596764,0.875377590764));
#8386 = CARTESIAN_POINT('',(1.089949268951,0.93763303998));
#8387 = CARTESIAN_POINT('',(1.,1.));
#8388 = ( GEOMETRIC_REPRESENTATION_CONTEXT(2) 
PARAMETRIC_REPRESENTATION_CONTEXT() REPRESENTATION_CONTEXT('2D SPACE',''
  ) );
#8389 = ORIENTED_EDGE('',*,*,#8390,.T.);
#8390 = EDGE_CURVE('',#8338,#5633,#8391,.T.);
#8391 = SURFACE_CURVE('',#8392,(#8396,#8403),.PCURVE_S1.);
#8392 = LINE('',#8393,#8394);
#8393 = CARTESIAN_POINT('',(65.663811147988,6.653112468713,0.));
#8394 = VECTOR('',#8395,1.);
#8395 = DIRECTION('',(-0.,-0.,-1.));
#8396 = PCURVE('',#2024,#8397);
#8397 = DEFINITIONAL_REPRESENTATION('',(#8398),#8402);
#8398 = LINE('',#8399,#8400);
#8399 = CARTESIAN_POINT('',(-0.100976242602,0.));
#8400 = VECTOR('',#8401,1.);
#8401 = DIRECTION('',(-0.,1.));
#8402 = ( GEOMETRIC_REPRESENTATION_CONTEXT(2) 
PARAMETRIC_REPRESENTATION_CONTEXT() REPRESENTATION_CONTEXT('2D SPACE',''
  ) );
#8403 = PCURVE('',#8404,#8409);
#8404 = PLANE('',#8405);
#8405 = AXIS2_PLACEMENT_3D('',#8406,#8407,#8408);
#8406 = CARTESIAN_POINT('',(64.668904918473,6.552307734339,0.));
#8407 = DIRECTION('',(-0.100804734374,0.994906229515,0.));
#8408 = DIRECTION('',(0.981369459576,9.943317748046E-02,0.164398987305)
  );
#8409 = DEFINITIONAL_REPRESENTATION('',(#8410),#8413);
#8410 = B_SPLINE_CURVE_WITH_KNOTS('',1,(#8411,#8412),.UNSPECIFIED.,.F.,
  .F.,(2,2),(-1.5000006,6.E-07),.PIECEWISE_BEZIER_KNOTS.);
#8411 = CARTESIAN_POINT('',(1.23299250343,-1.315192490279));
#8412 = CARTESIAN_POINT('',(0.986393825193,0.164399579142));
#8413 = ( GEOMETRIC_REPRESENTATION_CONTEXT(2) 
PARAMETRIC_REPRESENTATION_CONTEXT() REPRESENTATION_CONTEXT('2D SPACE',''
  ) );
#8414 = ADVANCED_FACE('',(#8415),#1997,.F.);
#8415 = FACE_BOUND('',#8416,.F.);
#8416 = EDGE_LOOP('',(#8417,#8438,#8439,#8440));
#8417 = ORIENTED_EDGE('',*,*,#8418,.T.);
#8418 = EDGE_CURVE('',#1954,#2433,#8419,.T.);
#8419 = SURFACE_CURVE('',#8420,(#8424,#8431),.PCURVE_S1.);
#8420 = LINE('',#8421,#8422);
#8421 = CARTESIAN_POINT('',(-31.38397459621,-56.35863854409,0.));
#8422 = VECTOR('',#8423,1.);
#8423 = DIRECTION('',(-0.866025403784,0.5,0.));
#8424 = PCURVE('',#1997,#8425);
#8425 = DEFINITIONAL_REPRESENTATION('',(#8426),#8430);
#8426 = LINE('',#8427,#8428);
#8427 = CARTESIAN_POINT('',(8.326672684689E-17,1.));
#8428 = VECTOR('',#8429,1.);
#8429 = DIRECTION('',(0.,-1.));
#8430 = ( GEOMETRIC_REPRESENTATION_CONTEXT(2) 
PARAMETRIC_REPRESENTATION_CONTEXT() REPRESENTATION_CONTEXT('2D SPACE',''
  ) );
#8431 = PCURVE('',#1969,#8432);
#8432 = DEFINITIONAL_REPRESENTATION('',(#8433),#8437);
#8433 = LINE('',#8434,#8435);
#8434 = CARTESIAN_POINT('',(-67.38397459621,-56.35863854409));
#8435 = VECTOR('',#8436,1.);
#8436 = DIRECTION('',(-0.866025403784,0.5));
#8437 = ( GEOMETRIC_REPRESENTATION_CONTEXT(2) 
PARAMETRIC_REPRESENTATION_CONTEXT() REPRESENTATION_CONTEXT('2D SPACE',''
  ) );
#8438 = ORIENTED_EDGE('',*,*,#2455,.T.);
#8439 = ORIENTED_EDGE('',*,*,#5911,.T.);
#8440 = ORIENTED_EDGE('',*,*,#1981,.F.);
#8441 = ADVANCED_FACE('',(#8442,#8568),#1969,.F.);
#8442 = FACE_BOUND('',#8443,.F.);
#8443 = EDGE_LOOP('',(#8444,#8445,#8446,#8447,#8468,#8469,#8470,#8471,
    #8492,#8493,#8494,#8495,#8516,#8517,#8518,#8519,#8520,#8521,#8522,
    #8523,#8544,#8545,#8546,#8547));
#8444 = ORIENTED_EDGE('',*,*,#4909,.F.);
#8445 = ORIENTED_EDGE('',*,*,#5129,.T.);
#8446 = ORIENTED_EDGE('',*,*,#5027,.T.);
#8447 = ORIENTED_EDGE('',*,*,#8448,.F.);
#8448 = EDGE_CURVE('',#5251,#5028,#8449,.T.);
#8449 = SURFACE_CURVE('',#8450,(#8454,#8461),.PCURVE_S1.);
#8450 = LINE('',#8451,#8452);
#8451 = CARTESIAN_POINT('',(31.383974596216,56.358638544096,0.));
#8452 = VECTOR('',#8453,1.);
#8453 = DIRECTION('',(0.866025403784,-0.5,0.));
#8454 = PCURVE('',#1969,#8455);
#8455 = DEFINITIONAL_REPRESENTATION('',(#8456),#8460);
#8456 = LINE('',#8457,#8458);
#8457 = CARTESIAN_POINT('',(-4.616025403784,56.358638544096));
#8458 = VECTOR('',#8459,1.);
#8459 = DIRECTION('',(0.866025403784,-0.5));
#8460 = ( GEOMETRIC_REPRESENTATION_CONTEXT(2) 
PARAMETRIC_REPRESENTATION_CONTEXT() REPRESENTATION_CONTEXT('2D SPACE',''
  ) );
#8461 = PCURVE('',#5066,#8462);
#8462 = DEFINITIONAL_REPRESENTATION('',(#8463),#8467);
#8463 = LINE('',#8464,#8465);
#8464 = CARTESIAN_POINT('',(5.828670879282E-16,1.));
#8465 = VECTOR('',#8466,1.);
#8466 = DIRECTION('',(-8.326672684689E-17,-1.));
#8467 = ( GEOMETRIC_REPRESENTATION_CONTEXT(2) 
PARAMETRIC_REPRESENTATION_CONTEXT() REPRESENTATION_CONTEXT('2D SPACE',''
  ) );
#8468 = ORIENTED_EDGE('',*,*,#5250,.F.);
#8469 = ORIENTED_EDGE('',*,*,#5465,.T.);
#8470 = ORIENTED_EDGE('',*,*,#5368,.T.);
#8471 = ORIENTED_EDGE('',*,*,#8472,.F.);
#8472 = EDGE_CURVE('',#3360,#5369,#8473,.T.);
#8473 = SURFACE_CURVE('',#8474,(#8478,#8485),.PCURVE_S1.);
#8474 = LINE('',#8475,#8476);
#8475 = CARTESIAN_POINT('',(-33.11602540378,55.358638544096,0.));
#8476 = VECTOR('',#8477,1.);
#8477 = DIRECTION('',(0.866025403784,0.5,0.));
#8478 = PCURVE('',#1969,#8479);
#8479 = DEFINITIONAL_REPRESENTATION('',(#8480),#8484);
#8480 = LINE('',#8481,#8482);
#8481 = CARTESIAN_POINT('',(-69.11602540378,55.358638544096));
#8482 = VECTOR('',#8483,1.);
#8483 = DIRECTION('',(0.866025403784,0.5));
#8484 = ( GEOMETRIC_REPRESENTATION_CONTEXT(2) 
PARAMETRIC_REPRESENTATION_CONTEXT() REPRESENTATION_CONTEXT('2D SPACE',''
  ) );
#8485 = PCURVE('',#3398,#8486);
#8486 = DEFINITIONAL_REPRESENTATION('',(#8487),#8491);
#8487 = LINE('',#8488,#8489);
#8488 = CARTESIAN_POINT('',(1.08246744901E-15,1.));
#8489 = VECTOR('',#8490,1.);
#8490 = DIRECTION('',(0.,-1.));
#8491 = ( GEOMETRIC_REPRESENTATION_CONTEXT(2) 
PARAMETRIC_REPRESENTATION_CONTEXT() REPRESENTATION_CONTEXT('2D SPACE',''
  ) );
#8492 = ORIENTED_EDGE('',*,*,#3359,.F.);
#8493 = ORIENTED_EDGE('',*,*,#3625,.T.);
#8494 = ORIENTED_EDGE('',*,*,#3484,.T.);
#8495 = ORIENTED_EDGE('',*,*,#8496,.F.);
#8496 = EDGE_CURVE('',#2310,#3485,#8497,.T.);
#8497 = SURFACE_CURVE('',#8498,(#8502,#8509),.PCURVE_S1.);
#8498 = LINE('',#8499,#8500);
#8499 = CARTESIAN_POINT('',(-64.5,-1.,0.));
#8500 = VECTOR('',#8501,1.);
#8501 = DIRECTION('',(1.224646799147E-16,1.,0.));
#8502 = PCURVE('',#1969,#8503);
#8503 = DEFINITIONAL_REPRESENTATION('',(#8504),#8508);
#8504 = LINE('',#8505,#8506);
#8505 = CARTESIAN_POINT('',(-100.5,-1.));
#8506 = VECTOR('',#8507,1.);
#8507 = DIRECTION('',(1.224646799147E-16,1.));
#8508 = ( GEOMETRIC_REPRESENTATION_CONTEXT(2) 
PARAMETRIC_REPRESENTATION_CONTEXT() REPRESENTATION_CONTEXT('2D SPACE',''
  ) );
#8509 = PCURVE('',#2348,#8510);
#8510 = DEFINITIONAL_REPRESENTATION('',(#8511),#8515);
#8511 = LINE('',#8512,#8513);
#8512 = CARTESIAN_POINT('',(-1.298934084353E-16,1.));
#8513 = VECTOR('',#8514,1.);
#8514 = DIRECTION('',(0.,-1.));
#8515 = ( GEOMETRIC_REPRESENTATION_CONTEXT(2) 
PARAMETRIC_REPRESENTATION_CONTEXT() REPRESENTATION_CONTEXT('2D SPACE',''
  ) );
#8516 = ORIENTED_EDGE('',*,*,#2309,.F.);
#8517 = ORIENTED_EDGE('',*,*,#2530,.T.);
#8518 = ORIENTED_EDGE('',*,*,#2432,.T.);
#8519 = ORIENTED_EDGE('',*,*,#8418,.F.);
#8520 = ORIENTED_EDGE('',*,*,#1953,.F.);
#8521 = ORIENTED_EDGE('',*,*,#2189,.T.);
#8522 = ORIENTED_EDGE('',*,*,#2086,.T.);
#8523 = ORIENTED_EDGE('',*,*,#8524,.F.);
#8524 = EDGE_CURVE('',#2767,#2087,#8525,.T.);
#8525 = SURFACE_CURVE('',#8526,(#8530,#8537),.PCURVE_S1.);
#8526 = LINE('',#8527,#8528);
#8527 = CARTESIAN_POINT('',(33.116025403784,-55.35863854409,0.));
#8528 = VECTOR('',#8529,1.);
#8529 = DIRECTION('',(-0.866025403784,-0.5,0.));
#8530 = PCURVE('',#1969,#8531);
#8531 = DEFINITIONAL_REPRESENTATION('',(#8532),#8536);
#8532 = LINE('',#8533,#8534);
#8533 = CARTESIAN_POINT('',(-2.883974596216,-55.35863854409));
#8534 = VECTOR('',#8535,1.);
#8535 = DIRECTION('',(-0.866025403784,-0.5));
#8536 = ( GEOMETRIC_REPRESENTATION_CONTEXT(2) 
PARAMETRIC_REPRESENTATION_CONTEXT() REPRESENTATION_CONTEXT('2D SPACE',''
  ) );
#8537 = PCURVE('',#2125,#8538);
#8538 = DEFINITIONAL_REPRESENTATION('',(#8539),#8543);
#8539 = LINE('',#8540,#8541);
#8540 = CARTESIAN_POINT('',(1.33226762955E-15,1.));
#8541 = VECTOR('',#8542,1.);
#8542 = DIRECTION('',(8.326672684689E-17,-1.));
#8543 = ( GEOMETRIC_REPRESENTATION_CONTEXT(2) 
PARAMETRIC_REPRESENTATION_CONTEXT() REPRESENTATION_CONTEXT('2D SPACE',''
  ) );
#8544 = ORIENTED_EDGE('',*,*,#2766,.F.);
#8545 = ORIENTED_EDGE('',*,*,#2987,.T.);
#8546 = ORIENTED_EDGE('',*,*,#2884,.T.);
#8547 = ORIENTED_EDGE('',*,*,#8548,.F.);
#8548 = EDGE_CURVE('',#4910,#2885,#8549,.T.);
#8549 = SURFACE_CURVE('',#8550,(#8554,#8561),.PCURVE_S1.);
#8550 = LINE('',#8551,#8552);
#8551 = CARTESIAN_POINT('',(64.5,1.,0.));
#8552 = VECTOR('',#8553,1.);
#8553 = DIRECTION('',(0.,-1.,0.));
#8554 = PCURVE('',#1969,#8555);
#8555 = DEFINITIONAL_REPRESENTATION('',(#8556),#8560);
#8556 = LINE('',#8557,#8558);
#8557 = CARTESIAN_POINT('',(28.5,1.));
#8558 = VECTOR('',#8559,1.);
#8559 = DIRECTION('',(0.,-1.));
#8560 = ( GEOMETRIC_REPRESENTATION_CONTEXT(2) 
PARAMETRIC_REPRESENTATION_CONTEXT() REPRESENTATION_CONTEXT('2D SPACE',''
  ) );
#8561 = PCURVE('',#2923,#8562);
#8562 = DEFINITIONAL_REPRESENTATION('',(#8563),#8567);
#8563 = LINE('',#8564,#8565);
#8564 = CARTESIAN_POINT('',(0.,1.));
#8565 = VECTOR('',#8566,1.);
#8566 = DIRECTION('',(0.,-1.));
#8567 = ( GEOMETRIC_REPRESENTATION_CONTEXT(2) 
PARAMETRIC_REPRESENTATION_CONTEXT() REPRESENTATION_CONTEXT('2D SPACE',''
  ) );
#8568 = FACE_BOUND('',#8569,.F.);
#8569 = EDGE_LOOP('',(#8570,#8601,#8629,#8657,#8685,#8714,#8742,#8770,
    #8798,#8827,#8855,#8883,#8911,#8940,#8968,#8996,#9024,#9053,#9081,
    #9109,#9137,#9166,#9194,#9222));
#8570 = ORIENTED_EDGE('',*,*,#8571,.F.);
#8571 = EDGE_CURVE('',#8572,#8574,#8576,.T.);
#8572 = VERTEX_POINT('',#8573);
#8573 = CARTESIAN_POINT('',(33.478500563795,1.2,0.));
#8574 = VERTEX_POINT('',#8575);
#8575 = CARTESIAN_POINT('',(17.778480766439,28.393231968858,0.));
#8576 = SURFACE_CURVE('',#8577,(#8582,#8589),.PCURVE_S1.);
#8577 = CIRCLE('',#8578,33.5);
#8578 = AXIS2_PLACEMENT_3D('',#8579,#8580,#8581);
#8579 = CARTESIAN_POINT('',(0.,0.,0.));
#8580 = DIRECTION('',(0.,0.,1.));
#8581 = DIRECTION('',(1.,0.,0.));
#8582 = PCURVE('',#1969,#8583);
#8583 = DEFINITIONAL_REPRESENTATION('',(#8584),#8588);
#8584 = CIRCLE('',#8585,33.5);
#8585 = AXIS2_PLACEMENT_2D('',#8586,#8587);
#8586 = CARTESIAN_POINT('',(-36.,0.));
#8587 = DIRECTION('',(1.,0.));
#8588 = ( GEOMETRIC_REPRESENTATION_CONTEXT(2) 
PARAMETRIC_REPRESENTATION_CONTEXT() REPRESENTATION_CONTEXT('2D SPACE',''
  ) );
#8589 = PCURVE('',#8590,#8595);
#8590 = CYLINDRICAL_SURFACE('',#8591,33.5);
#8591 = AXIS2_PLACEMENT_3D('',#8592,#8593,#8594);
#8592 = CARTESIAN_POINT('',(0.,0.,0.));
#8593 = DIRECTION('',(-0.,-0.,-1.));
#8594 = DIRECTION('',(1.,0.,0.));
#8595 = DEFINITIONAL_REPRESENTATION('',(#8596),#8600);
#8596 = LINE('',#8597,#8598);
#8597 = CARTESIAN_POINT('',(-0.,0.));
#8598 = VECTOR('',#8599,1.);
#8599 = DIRECTION('',(-1.,0.));
#8600 = ( GEOMETRIC_REPRESENTATION_CONTEXT(2) 
PARAMETRIC_REPRESENTATION_CONTEXT() REPRESENTATION_CONTEXT('2D SPACE',''
  ) );
#8601 = ORIENTED_EDGE('',*,*,#8602,.T.);
#8602 = EDGE_CURVE('',#8572,#8603,#8605,.T.);
#8603 = VERTEX_POINT('',#8604);
#8604 = CARTESIAN_POINT('',(34.9,1.2,0.));
#8605 = SURFACE_CURVE('',#8606,(#8610,#8617),.PCURVE_S1.);
#8606 = LINE('',#8607,#8608);
#8607 = CARTESIAN_POINT('',(33.,1.2,0.));
#8608 = VECTOR('',#8609,1.);
#8609 = DIRECTION('',(1.,0.,0.));
#8610 = PCURVE('',#1969,#8611);
#8611 = DEFINITIONAL_REPRESENTATION('',(#8612),#8616);
#8612 = LINE('',#8613,#8614);
#8613 = CARTESIAN_POINT('',(-3.,1.2));
#8614 = VECTOR('',#8615,1.);
#8615 = DIRECTION('',(1.,0.));
#8616 = ( GEOMETRIC_REPRESENTATION_CONTEXT(2) 
PARAMETRIC_REPRESENTATION_CONTEXT() REPRESENTATION_CONTEXT('2D SPACE',''
  ) );
#8617 = PCURVE('',#8618,#8623);
#8618 = PLANE('',#8619);
#8619 = AXIS2_PLACEMENT_3D('',#8620,#8621,#8622);
#8620 = CARTESIAN_POINT('',(33.,1.2,0.));
#8621 = DIRECTION('',(0.,1.,0.));
#8622 = DIRECTION('',(0.,0.,1.));
#8623 = DEFINITIONAL_REPRESENTATION('',(#8624),#8628);
#8624 = LINE('',#8625,#8626);
#8625 = CARTESIAN_POINT('',(0.,0.));
#8626 = VECTOR('',#8627,1.);
#8627 = DIRECTION('',(0.,1.));
#8628 = ( GEOMETRIC_REPRESENTATION_CONTEXT(2) 
PARAMETRIC_REPRESENTATION_CONTEXT() REPRESENTATION_CONTEXT('2D SPACE',''
  ) );
#8629 = ORIENTED_EDGE('',*,*,#8630,.F.);
#8630 = EDGE_CURVE('',#8631,#8603,#8633,.T.);
#8631 = VERTEX_POINT('',#8632);
#8632 = CARTESIAN_POINT('',(34.9,-1.2,0.));
#8633 = SURFACE_CURVE('',#8634,(#8638,#8645),.PCURVE_S1.);
#8634 = LINE('',#8635,#8636);
#8635 = CARTESIAN_POINT('',(34.9,-1.2,0.));
#8636 = VECTOR('',#8637,1.);
#8637 = DIRECTION('',(0.,1.,0.));
#8638 = PCURVE('',#1969,#8639);
#8639 = DEFINITIONAL_REPRESENTATION('',(#8640),#8644);
#8640 = LINE('',#8641,#8642);
#8641 = CARTESIAN_POINT('',(-1.1,-1.2));
#8642 = VECTOR('',#8643,1.);
#8643 = DIRECTION('',(0.,1.));
#8644 = ( GEOMETRIC_REPRESENTATION_CONTEXT(2) 
PARAMETRIC_REPRESENTATION_CONTEXT() REPRESENTATION_CONTEXT('2D SPACE',''
  ) );
#8645 = PCURVE('',#8646,#8651);
#8646 = PLANE('',#8647);
#8647 = AXIS2_PLACEMENT_3D('',#8648,#8649,#8650);
#8648 = CARTESIAN_POINT('',(34.9,-1.2,0.));
#8649 = DIRECTION('',(1.,0.,0.));
#8650 = DIRECTION('',(0.,0.,1.));
#8651 = DEFINITIONAL_REPRESENTATION('',(#8652),#8656);
#8652 = LINE('',#8653,#8654);
#8653 = CARTESIAN_POINT('',(0.,0.));
#8654 = VECTOR('',#8655,1.);
#8655 = DIRECTION('',(0.,-1.));
#8656 = ( GEOMETRIC_REPRESENTATION_CONTEXT(2) 
PARAMETRIC_REPRESENTATION_CONTEXT() REPRESENTATION_CONTEXT('2D SPACE',''
  ) );
#8657 = ORIENTED_EDGE('',*,*,#8658,.F.);
#8658 = EDGE_CURVE('',#8659,#8631,#8661,.T.);
#8659 = VERTEX_POINT('',#8660);
#8660 = CARTESIAN_POINT('',(33.478500563795,-1.2,0.));
#8661 = SURFACE_CURVE('',#8662,(#8666,#8673),.PCURVE_S1.);
#8662 = LINE('',#8663,#8664);
#8663 = CARTESIAN_POINT('',(33.,-1.2,0.));
#8664 = VECTOR('',#8665,1.);
#8665 = DIRECTION('',(1.,0.,0.));
#8666 = PCURVE('',#1969,#8667);
#8667 = DEFINITIONAL_REPRESENTATION('',(#8668),#8672);
#8668 = LINE('',#8669,#8670);
#8669 = CARTESIAN_POINT('',(-3.,-1.2));
#8670 = VECTOR('',#8671,1.);
#8671 = DIRECTION('',(1.,0.));
#8672 = ( GEOMETRIC_REPRESENTATION_CONTEXT(2) 
PARAMETRIC_REPRESENTATION_CONTEXT() REPRESENTATION_CONTEXT('2D SPACE',''
  ) );
#8673 = PCURVE('',#8674,#8679);
#8674 = PLANE('',#8675);
#8675 = AXIS2_PLACEMENT_3D('',#8676,#8677,#8678);
#8676 = CARTESIAN_POINT('',(33.,-1.2,0.));
#8677 = DIRECTION('',(0.,1.,0.));
#8678 = DIRECTION('',(0.,0.,1.));
#8679 = DEFINITIONAL_REPRESENTATION('',(#8680),#8684);
#8680 = LINE('',#8681,#8682);
#8681 = CARTESIAN_POINT('',(0.,0.));
#8682 = VECTOR('',#8683,1.);
#8683 = DIRECTION('',(0.,1.));
#8684 = ( GEOMETRIC_REPRESENTATION_CONTEXT(2) 
PARAMETRIC_REPRESENTATION_CONTEXT() REPRESENTATION_CONTEXT('2D SPACE',''
  ) );
#8685 = ORIENTED_EDGE('',*,*,#8686,.F.);
#8686 = EDGE_CURVE('',#8687,#8659,#8689,.T.);
#8687 = VERTEX_POINT('',#8688);
#8688 = CARTESIAN_POINT('',(17.778480766439,-28.39323196885,0.));
#8689 = SURFACE_CURVE('',#8690,(#8695,#8702),.PCURVE_S1.);
#8690 = CIRCLE('',#8691,33.5);
#8691 = AXIS2_PLACEMENT_3D('',#8692,#8693,#8694);
#8692 = CARTESIAN_POINT('',(0.,0.,0.));
#8693 = DIRECTION('',(0.,0.,1.));
#8694 = DIRECTION('',(1.,0.,0.));
#8695 = PCURVE('',#1969,#8696);
#8696 = DEFINITIONAL_REPRESENTATION('',(#8697),#8701);
#8697 = CIRCLE('',#8698,33.5);
#8698 = AXIS2_PLACEMENT_2D('',#8699,#8700);
#8699 = CARTESIAN_POINT('',(-36.,0.));
#8700 = DIRECTION('',(1.,0.));
#8701 = ( GEOMETRIC_REPRESENTATION_CONTEXT(2) 
PARAMETRIC_REPRESENTATION_CONTEXT() REPRESENTATION_CONTEXT('2D SPACE',''
  ) );
#8702 = PCURVE('',#8703,#8708);
#8703 = CYLINDRICAL_SURFACE('',#8704,33.5);
#8704 = AXIS2_PLACEMENT_3D('',#8705,#8706,#8707);
#8705 = CARTESIAN_POINT('',(0.,0.,0.));
#8706 = DIRECTION('',(-0.,-0.,-1.));
#8707 = DIRECTION('',(1.,0.,0.));
#8708 = DEFINITIONAL_REPRESENTATION('',(#8709),#8713);
#8709 = LINE('',#8710,#8711);
#8710 = CARTESIAN_POINT('',(-0.,0.));
#8711 = VECTOR('',#8712,1.);
#8712 = DIRECTION('',(-1.,0.));
#8713 = ( GEOMETRIC_REPRESENTATION_CONTEXT(2) 
PARAMETRIC_REPRESENTATION_CONTEXT() REPRESENTATION_CONTEXT('2D SPACE',''
  ) );
#8714 = ORIENTED_EDGE('',*,*,#8715,.T.);
#8715 = EDGE_CURVE('',#8687,#8716,#8718,.T.);
#8716 = VERTEX_POINT('',#8717);
#8717 = CARTESIAN_POINT('',(18.489230484541,-29.62428659207,0.));
#8718 = SURFACE_CURVE('',#8719,(#8723,#8730),.PCURVE_S1.);
#8719 = LINE('',#8720,#8721);
#8720 = CARTESIAN_POINT('',(17.539230484541,-27.97883832488,0.));
#8721 = VECTOR('',#8722,1.);
#8722 = DIRECTION('',(0.5,-0.866025403784,0.));
#8723 = PCURVE('',#1969,#8724);
#8724 = DEFINITIONAL_REPRESENTATION('',(#8725),#8729);
#8725 = LINE('',#8726,#8727);
#8726 = CARTESIAN_POINT('',(-18.46076951545,-27.97883832488));
#8727 = VECTOR('',#8728,1.);
#8728 = DIRECTION('',(0.5,-0.866025403784));
#8729 = ( GEOMETRIC_REPRESENTATION_CONTEXT(2) 
PARAMETRIC_REPRESENTATION_CONTEXT() REPRESENTATION_CONTEXT('2D SPACE',''
  ) );
#8730 = PCURVE('',#8731,#8736);
#8731 = PLANE('',#8732);
#8732 = AXIS2_PLACEMENT_3D('',#8733,#8734,#8735);
#8733 = CARTESIAN_POINT('',(17.539230484541,-27.97883832488,0.));
#8734 = DIRECTION('',(0.866025403784,0.5,0.));
#8735 = DIRECTION('',(0.,0.,1.));
#8736 = DEFINITIONAL_REPRESENTATION('',(#8737),#8741);
#8737 = LINE('',#8738,#8739);
#8738 = CARTESIAN_POINT('',(0.,0.));
#8739 = VECTOR('',#8740,1.);
#8740 = DIRECTION('',(0.,1.));
#8741 = ( GEOMETRIC_REPRESENTATION_CONTEXT(2) 
PARAMETRIC_REPRESENTATION_CONTEXT() REPRESENTATION_CONTEXT('2D SPACE',''
  ) );
#8742 = ORIENTED_EDGE('',*,*,#8743,.F.);
#8743 = EDGE_CURVE('',#8744,#8716,#8746,.T.);
#8744 = VERTEX_POINT('',#8745);
#8745 = CARTESIAN_POINT('',(16.410769515459,-30.82428659207,0.));
#8746 = SURFACE_CURVE('',#8747,(#8751,#8758),.PCURVE_S1.);
#8747 = LINE('',#8748,#8749);
#8748 = CARTESIAN_POINT('',(16.410769515459,-30.82428659207,0.));
#8749 = VECTOR('',#8750,1.);
#8750 = DIRECTION('',(0.866025403784,0.5,0.));
#8751 = PCURVE('',#1969,#8752);
#8752 = DEFINITIONAL_REPRESENTATION('',(#8753),#8757);
#8753 = LINE('',#8754,#8755);
#8754 = CARTESIAN_POINT('',(-19.58923048454,-30.82428659207));
#8755 = VECTOR('',#8756,1.);
#8756 = DIRECTION('',(0.866025403784,0.5));
#8757 = ( GEOMETRIC_REPRESENTATION_CONTEXT(2) 
PARAMETRIC_REPRESENTATION_CONTEXT() REPRESENTATION_CONTEXT('2D SPACE',''
  ) );
#8758 = PCURVE('',#8759,#8764);
#8759 = PLANE('',#8760);
#8760 = AXIS2_PLACEMENT_3D('',#8761,#8762,#8763);
#8761 = CARTESIAN_POINT('',(16.410769515459,-30.82428659207,0.));
#8762 = DIRECTION('',(0.5,-0.866025403784,0.));
#8763 = DIRECTION('',(0.,0.,1.));
#8764 = DEFINITIONAL_REPRESENTATION('',(#8765),#8769);
#8765 = LINE('',#8766,#8767);
#8766 = CARTESIAN_POINT('',(0.,0.));
#8767 = VECTOR('',#8768,1.);
#8768 = DIRECTION('',(0.,-1.));
#8769 = ( GEOMETRIC_REPRESENTATION_CONTEXT(2) 
PARAMETRIC_REPRESENTATION_CONTEXT() REPRESENTATION_CONTEXT('2D SPACE',''
  ) );
#8770 = ORIENTED_EDGE('',*,*,#8771,.F.);
#8771 = EDGE_CURVE('',#8772,#8744,#8774,.T.);
#8772 = VERTEX_POINT('',#8773);
#8773 = CARTESIAN_POINT('',(15.700019797355,-29.59323196885,0.));
#8774 = SURFACE_CURVE('',#8775,(#8779,#8786),.PCURVE_S1.);
#8775 = LINE('',#8776,#8777);
#8776 = CARTESIAN_POINT('',(15.460769515459,-29.17883832488,0.));
#8777 = VECTOR('',#8778,1.);
#8778 = DIRECTION('',(0.5,-0.866025403784,0.));
#8779 = PCURVE('',#1969,#8780);
#8780 = DEFINITIONAL_REPRESENTATION('',(#8781),#8785);
#8781 = LINE('',#8782,#8783);
#8782 = CARTESIAN_POINT('',(-20.53923048454,-29.17883832488));
#8783 = VECTOR('',#8784,1.);
#8784 = DIRECTION('',(0.5,-0.866025403784));
#8785 = ( GEOMETRIC_REPRESENTATION_CONTEXT(2) 
PARAMETRIC_REPRESENTATION_CONTEXT() REPRESENTATION_CONTEXT('2D SPACE',''
  ) );
#8786 = PCURVE('',#8787,#8792);
#8787 = PLANE('',#8788);
#8788 = AXIS2_PLACEMENT_3D('',#8789,#8790,#8791);
#8789 = CARTESIAN_POINT('',(15.460769515459,-29.17883832488,0.));
#8790 = DIRECTION('',(0.866025403784,0.5,0.));
#8791 = DIRECTION('',(0.,0.,1.));
#8792 = DEFINITIONAL_REPRESENTATION('',(#8793),#8797);
#8793 = LINE('',#8794,#8795);
#8794 = CARTESIAN_POINT('',(0.,0.));
#8795 = VECTOR('',#8796,1.);
#8796 = DIRECTION('',(0.,1.));
#8797 = ( GEOMETRIC_REPRESENTATION_CONTEXT(2) 
PARAMETRIC_REPRESENTATION_CONTEXT() REPRESENTATION_CONTEXT('2D SPACE',''
  ) );
#8798 = ORIENTED_EDGE('',*,*,#8799,.F.);
#8799 = EDGE_CURVE('',#8800,#8772,#8802,.T.);
#8800 = VERTEX_POINT('',#8801);
#8801 = CARTESIAN_POINT('',(-15.70001979735,-29.59323196885,0.));
#8802 = SURFACE_CURVE('',#8803,(#8808,#8815),.PCURVE_S1.);
#8803 = CIRCLE('',#8804,33.5);
#8804 = AXIS2_PLACEMENT_3D('',#8805,#8806,#8807);
#8805 = CARTESIAN_POINT('',(0.,0.,0.));
#8806 = DIRECTION('',(0.,0.,1.));
#8807 = DIRECTION('',(1.,0.,0.));
#8808 = PCURVE('',#1969,#8809);
#8809 = DEFINITIONAL_REPRESENTATION('',(#8810),#8814);
#8810 = CIRCLE('',#8811,33.5);
#8811 = AXIS2_PLACEMENT_2D('',#8812,#8813);
#8812 = CARTESIAN_POINT('',(-36.,0.));
#8813 = DIRECTION('',(1.,0.));
#8814 = ( GEOMETRIC_REPRESENTATION_CONTEXT(2) 
PARAMETRIC_REPRESENTATION_CONTEXT() REPRESENTATION_CONTEXT('2D SPACE',''
  ) );
#8815 = PCURVE('',#8816,#8821);
#8816 = CYLINDRICAL_SURFACE('',#8817,33.5);
#8817 = AXIS2_PLACEMENT_3D('',#8818,#8819,#8820);
#8818 = CARTESIAN_POINT('',(0.,0.,0.));
#8819 = DIRECTION('',(-0.,-0.,-1.));
#8820 = DIRECTION('',(1.,0.,0.));
#8821 = DEFINITIONAL_REPRESENTATION('',(#8822),#8826);
#8822 = LINE('',#8823,#8824);
#8823 = CARTESIAN_POINT('',(-0.,0.));
#8824 = VECTOR('',#8825,1.);
#8825 = DIRECTION('',(-1.,0.));
#8826 = ( GEOMETRIC_REPRESENTATION_CONTEXT(2) 
PARAMETRIC_REPRESENTATION_CONTEXT() REPRESENTATION_CONTEXT('2D SPACE',''
  ) );
#8827 = ORIENTED_EDGE('',*,*,#8828,.T.);
#8828 = EDGE_CURVE('',#8800,#8829,#8831,.T.);
#8829 = VERTEX_POINT('',#8830);
#8830 = CARTESIAN_POINT('',(-16.41076951545,-30.82428659207,0.));
#8831 = SURFACE_CURVE('',#8832,(#8836,#8843),.PCURVE_S1.);
#8832 = LINE('',#8833,#8834);
#8833 = CARTESIAN_POINT('',(-15.46076951545,-29.17883832488,0.));
#8834 = VECTOR('',#8835,1.);
#8835 = DIRECTION('',(-0.5,-0.866025403784,0.));
#8836 = PCURVE('',#1969,#8837);
#8837 = DEFINITIONAL_REPRESENTATION('',(#8838),#8842);
#8838 = LINE('',#8839,#8840);
#8839 = CARTESIAN_POINT('',(-51.46076951545,-29.17883832488));
#8840 = VECTOR('',#8841,1.);
#8841 = DIRECTION('',(-0.5,-0.866025403784));
#8842 = ( GEOMETRIC_REPRESENTATION_CONTEXT(2) 
PARAMETRIC_REPRESENTATION_CONTEXT() REPRESENTATION_CONTEXT('2D SPACE',''
  ) );
#8843 = PCURVE('',#8844,#8849);
#8844 = PLANE('',#8845);
#8845 = AXIS2_PLACEMENT_3D('',#8846,#8847,#8848);
#8846 = CARTESIAN_POINT('',(-15.46076951545,-29.17883832488,0.));
#8847 = DIRECTION('',(0.866025403784,-0.5,0.));
#8848 = DIRECTION('',(0.,0.,1.));
#8849 = DEFINITIONAL_REPRESENTATION('',(#8850),#8854);
#8850 = LINE('',#8851,#8852);
#8851 = CARTESIAN_POINT('',(0.,0.));
#8852 = VECTOR('',#8853,1.);
#8853 = DIRECTION('',(0.,1.));
#8854 = ( GEOMETRIC_REPRESENTATION_CONTEXT(2) 
PARAMETRIC_REPRESENTATION_CONTEXT() REPRESENTATION_CONTEXT('2D SPACE',''
  ) );
#8855 = ORIENTED_EDGE('',*,*,#8856,.F.);
#8856 = EDGE_CURVE('',#8857,#8829,#8859,.T.);
#8857 = VERTEX_POINT('',#8858);
#8858 = CARTESIAN_POINT('',(-18.48923048454,-29.62428659207,0.));
#8859 = SURFACE_CURVE('',#8860,(#8864,#8871),.PCURVE_S1.);
#8860 = LINE('',#8861,#8862);
#8861 = CARTESIAN_POINT('',(-18.48923048454,-29.62428659207,0.));
#8862 = VECTOR('',#8863,1.);
#8863 = DIRECTION('',(0.866025403784,-0.5,0.));
#8864 = PCURVE('',#1969,#8865);
#8865 = DEFINITIONAL_REPRESENTATION('',(#8866),#8870);
#8866 = LINE('',#8867,#8868);
#8867 = CARTESIAN_POINT('',(-54.48923048454,-29.62428659207));
#8868 = VECTOR('',#8869,1.);
#8869 = DIRECTION('',(0.866025403784,-0.5));
#8870 = ( GEOMETRIC_REPRESENTATION_CONTEXT(2) 
PARAMETRIC_REPRESENTATION_CONTEXT() REPRESENTATION_CONTEXT('2D SPACE',''
  ) );
#8871 = PCURVE('',#8872,#8877);
#8872 = PLANE('',#8873);
#8873 = AXIS2_PLACEMENT_3D('',#8874,#8875,#8876);
#8874 = CARTESIAN_POINT('',(-18.48923048454,-29.62428659207,0.));
#8875 = DIRECTION('',(-0.5,-0.866025403784,0.));
#8876 = DIRECTION('',(0.,0.,1.));
#8877 = DEFINITIONAL_REPRESENTATION('',(#8878),#8882);
#8878 = LINE('',#8879,#8880);
#8879 = CARTESIAN_POINT('',(0.,0.));
#8880 = VECTOR('',#8881,1.);
#8881 = DIRECTION('',(0.,-1.));
#8882 = ( GEOMETRIC_REPRESENTATION_CONTEXT(2) 
PARAMETRIC_REPRESENTATION_CONTEXT() REPRESENTATION_CONTEXT('2D SPACE',''
  ) );
#8883 = ORIENTED_EDGE('',*,*,#8884,.F.);
#8884 = EDGE_CURVE('',#8885,#8857,#8887,.T.);
#8885 = VERTEX_POINT('',#8886);
#8886 = CARTESIAN_POINT('',(-17.77848076643,-28.39323196885,0.));
#8887 = SURFACE_CURVE('',#8888,(#8892,#8899),.PCURVE_S1.);
#8888 = LINE('',#8889,#8890);
#8889 = CARTESIAN_POINT('',(-17.53923048454,-27.97883832488,0.));
#8890 = VECTOR('',#8891,1.);
#8891 = DIRECTION('',(-0.5,-0.866025403784,0.));
#8892 = PCURVE('',#1969,#8893);
#8893 = DEFINITIONAL_REPRESENTATION('',(#8894),#8898);
#8894 = LINE('',#8895,#8896);
#8895 = CARTESIAN_POINT('',(-53.53923048454,-27.97883832488));
#8896 = VECTOR('',#8897,1.);
#8897 = DIRECTION('',(-0.5,-0.866025403784));
#8898 = ( GEOMETRIC_REPRESENTATION_CONTEXT(2) 
PARAMETRIC_REPRESENTATION_CONTEXT() REPRESENTATION_CONTEXT('2D SPACE',''
  ) );
#8899 = PCURVE('',#8900,#8905);
#8900 = PLANE('',#8901);
#8901 = AXIS2_PLACEMENT_3D('',#8902,#8903,#8904);
#8902 = CARTESIAN_POINT('',(-17.53923048454,-27.97883832488,0.));
#8903 = DIRECTION('',(0.866025403784,-0.5,0.));
#8904 = DIRECTION('',(0.,0.,1.));
#8905 = DEFINITIONAL_REPRESENTATION('',(#8906),#8910);
#8906 = LINE('',#8907,#8908);
#8907 = CARTESIAN_POINT('',(0.,0.));
#8908 = VECTOR('',#8909,1.);
#8909 = DIRECTION('',(0.,1.));
#8910 = ( GEOMETRIC_REPRESENTATION_CONTEXT(2) 
PARAMETRIC_REPRESENTATION_CONTEXT() REPRESENTATION_CONTEXT('2D SPACE',''
  ) );
#8911 = ORIENTED_EDGE('',*,*,#8912,.F.);
#8912 = EDGE_CURVE('',#8913,#8885,#8915,.T.);
#8913 = VERTEX_POINT('',#8914);
#8914 = CARTESIAN_POINT('',(-33.47850056379,-1.200000000001,0.));
#8915 = SURFACE_CURVE('',#8916,(#8921,#8928),.PCURVE_S1.);
#8916 = CIRCLE('',#8917,33.5);
#8917 = AXIS2_PLACEMENT_3D('',#8918,#8919,#8920);
#8918 = CARTESIAN_POINT('',(0.,0.,0.));
#8919 = DIRECTION('',(0.,0.,1.));
#8920 = DIRECTION('',(1.,0.,0.));
#8921 = PCURVE('',#1969,#8922);
#8922 = DEFINITIONAL_REPRESENTATION('',(#8923),#8927);
#8923 = CIRCLE('',#8924,33.5);
#8924 = AXIS2_PLACEMENT_2D('',#8925,#8926);
#8925 = CARTESIAN_POINT('',(-36.,0.));
#8926 = DIRECTION('',(1.,0.));
#8927 = ( GEOMETRIC_REPRESENTATION_CONTEXT(2) 
PARAMETRIC_REPRESENTATION_CONTEXT() REPRESENTATION_CONTEXT('2D SPACE',''
  ) );
#8928 = PCURVE('',#8929,#8934);
#8929 = CYLINDRICAL_SURFACE('',#8930,33.5);
#8930 = AXIS2_PLACEMENT_3D('',#8931,#8932,#8933);
#8931 = CARTESIAN_POINT('',(0.,0.,0.));
#8932 = DIRECTION('',(-0.,-0.,-1.));
#8933 = DIRECTION('',(1.,0.,0.));
#8934 = DEFINITIONAL_REPRESENTATION('',(#8935),#8939);
#8935 = LINE('',#8936,#8937);
#8936 = CARTESIAN_POINT('',(-0.,0.));
#8937 = VECTOR('',#8938,1.);
#8938 = DIRECTION('',(-1.,0.));
#8939 = ( GEOMETRIC_REPRESENTATION_CONTEXT(2) 
PARAMETRIC_REPRESENTATION_CONTEXT() REPRESENTATION_CONTEXT('2D SPACE',''
  ) );
#8940 = ORIENTED_EDGE('',*,*,#8941,.T.);
#8941 = EDGE_CURVE('',#8913,#8942,#8944,.T.);
#8942 = VERTEX_POINT('',#8943);
#8943 = CARTESIAN_POINT('',(-34.9,-1.2,0.));
#8944 = SURFACE_CURVE('',#8945,(#8949,#8956),.PCURVE_S1.);
#8945 = LINE('',#8946,#8947);
#8946 = CARTESIAN_POINT('',(-33.,-1.2,0.));
#8947 = VECTOR('',#8948,1.);
#8948 = DIRECTION('',(-1.,1.224646799147E-16,0.));
#8949 = PCURVE('',#1969,#8950);
#8950 = DEFINITIONAL_REPRESENTATION('',(#8951),#8955);
#8951 = LINE('',#8952,#8953);
#8952 = CARTESIAN_POINT('',(-69.,-1.2));
#8953 = VECTOR('',#8954,1.);
#8954 = DIRECTION('',(-1.,1.224646799147E-16));
#8955 = ( GEOMETRIC_REPRESENTATION_CONTEXT(2) 
PARAMETRIC_REPRESENTATION_CONTEXT() REPRESENTATION_CONTEXT('2D SPACE',''
  ) );
#8956 = PCURVE('',#8957,#8962);
#8957 = PLANE('',#8958);
#8958 = AXIS2_PLACEMENT_3D('',#8959,#8960,#8961);
#8959 = CARTESIAN_POINT('',(-33.,-1.2,0.));
#8960 = DIRECTION('',(-1.224646799147E-16,-1.,0.));
#8961 = DIRECTION('',(0.,0.,1.));
#8962 = DEFINITIONAL_REPRESENTATION('',(#8963),#8967);
#8963 = LINE('',#8964,#8965);
#8964 = CARTESIAN_POINT('',(0.,0.));
#8965 = VECTOR('',#8966,1.);
#8966 = DIRECTION('',(0.,1.));
#8967 = ( GEOMETRIC_REPRESENTATION_CONTEXT(2) 
PARAMETRIC_REPRESENTATION_CONTEXT() REPRESENTATION_CONTEXT('2D SPACE',''
  ) );
#8968 = ORIENTED_EDGE('',*,*,#8969,.F.);
#8969 = EDGE_CURVE('',#8970,#8942,#8972,.T.);
#8970 = VERTEX_POINT('',#8971);
#8971 = CARTESIAN_POINT('',(-34.9,1.2,0.));
#8972 = SURFACE_CURVE('',#8973,(#8977,#8984),.PCURVE_S1.);
#8973 = LINE('',#8974,#8975);
#8974 = CARTESIAN_POINT('',(-34.9,1.2,0.));
#8975 = VECTOR('',#8976,1.);
#8976 = DIRECTION('',(-1.224646799147E-16,-1.,0.));
#8977 = PCURVE('',#1969,#8978);
#8978 = DEFINITIONAL_REPRESENTATION('',(#8979),#8983);
#8979 = LINE('',#8980,#8981);
#8980 = CARTESIAN_POINT('',(-70.9,1.2));
#8981 = VECTOR('',#8982,1.);
#8982 = DIRECTION('',(-1.224646799147E-16,-1.));
#8983 = ( GEOMETRIC_REPRESENTATION_CONTEXT(2) 
PARAMETRIC_REPRESENTATION_CONTEXT() REPRESENTATION_CONTEXT('2D SPACE',''
  ) );
#8984 = PCURVE('',#8985,#8990);
#8985 = PLANE('',#8986);
#8986 = AXIS2_PLACEMENT_3D('',#8987,#8988,#8989);
#8987 = CARTESIAN_POINT('',(-34.9,1.2,0.));
#8988 = DIRECTION('',(-1.,1.224646799147E-16,0.));
#8989 = DIRECTION('',(0.,0.,1.));
#8990 = DEFINITIONAL_REPRESENTATION('',(#8991),#8995);
#8991 = LINE('',#8992,#8993);
#8992 = CARTESIAN_POINT('',(0.,0.));
#8993 = VECTOR('',#8994,1.);
#8994 = DIRECTION('',(0.,-1.));
#8995 = ( GEOMETRIC_REPRESENTATION_CONTEXT(2) 
PARAMETRIC_REPRESENTATION_CONTEXT() REPRESENTATION_CONTEXT('2D SPACE',''
  ) );
#8996 = ORIENTED_EDGE('',*,*,#8997,.F.);
#8997 = EDGE_CURVE('',#8998,#8970,#9000,.T.);
#8998 = VERTEX_POINT('',#8999);
#8999 = CARTESIAN_POINT('',(-33.47850056379,1.200000000001,0.));
#9000 = SURFACE_CURVE('',#9001,(#9005,#9012),.PCURVE_S1.);
#9001 = LINE('',#9002,#9003);
#9002 = CARTESIAN_POINT('',(-33.,1.2,0.));
#9003 = VECTOR('',#9004,1.);
#9004 = DIRECTION('',(-1.,1.224646799147E-16,0.));
#9005 = PCURVE('',#1969,#9006);
#9006 = DEFINITIONAL_REPRESENTATION('',(#9007),#9011);
#9007 = LINE('',#9008,#9009);
#9008 = CARTESIAN_POINT('',(-69.,1.2));
#9009 = VECTOR('',#9010,1.);
#9010 = DIRECTION('',(-1.,1.224646799147E-16));
#9011 = ( GEOMETRIC_REPRESENTATION_CONTEXT(2) 
PARAMETRIC_REPRESENTATION_CONTEXT() REPRESENTATION_CONTEXT('2D SPACE',''
  ) );
#9012 = PCURVE('',#9013,#9018);
#9013 = PLANE('',#9014);
#9014 = AXIS2_PLACEMENT_3D('',#9015,#9016,#9017);
#9015 = CARTESIAN_POINT('',(-33.,1.2,0.));
#9016 = DIRECTION('',(-1.224646799147E-16,-1.,0.));
#9017 = DIRECTION('',(0.,0.,1.));
#9018 = DEFINITIONAL_REPRESENTATION('',(#9019),#9023);
#9019 = LINE('',#9020,#9021);
#9020 = CARTESIAN_POINT('',(0.,0.));
#9021 = VECTOR('',#9022,1.);
#9022 = DIRECTION('',(0.,1.));
#9023 = ( GEOMETRIC_REPRESENTATION_CONTEXT(2) 
PARAMETRIC_REPRESENTATION_CONTEXT() REPRESENTATION_CONTEXT('2D SPACE',''
  ) );
#9024 = ORIENTED_EDGE('',*,*,#9025,.F.);
#9025 = EDGE_CURVE('',#9026,#8998,#9028,.T.);
#9026 = VERTEX_POINT('',#9027);
#9027 = CARTESIAN_POINT('',(-17.77848076643,28.393231968858,0.));
#9028 = SURFACE_CURVE('',#9029,(#9034,#9041),.PCURVE_S1.);
#9029 = CIRCLE('',#9030,33.5);
#9030 = AXIS2_PLACEMENT_3D('',#9031,#9032,#9033);
#9031 = CARTESIAN_POINT('',(0.,0.,0.));
#9032 = DIRECTION('',(0.,0.,1.));
#9033 = DIRECTION('',(1.,0.,0.));
#9034 = PCURVE('',#1969,#9035);
#9035 = DEFINITIONAL_REPRESENTATION('',(#9036),#9040);
#9036 = CIRCLE('',#9037,33.5);
#9037 = AXIS2_PLACEMENT_2D('',#9038,#9039);
#9038 = CARTESIAN_POINT('',(-36.,0.));
#9039 = DIRECTION('',(1.,0.));
#9040 = ( GEOMETRIC_REPRESENTATION_CONTEXT(2) 
PARAMETRIC_REPRESENTATION_CONTEXT() REPRESENTATION_CONTEXT('2D SPACE',''
  ) );
#9041 = PCURVE('',#9042,#9047);
#9042 = CYLINDRICAL_SURFACE('',#9043,33.5);
#9043 = AXIS2_PLACEMENT_3D('',#9044,#9045,#9046);
#9044 = CARTESIAN_POINT('',(0.,0.,0.));
#9045 = DIRECTION('',(-0.,-0.,-1.));
#9046 = DIRECTION('',(1.,0.,0.));
#9047 = DEFINITIONAL_REPRESENTATION('',(#9048),#9052);
#9048 = LINE('',#9049,#9050);
#9049 = CARTESIAN_POINT('',(-0.,0.));
#9050 = VECTOR('',#9051,1.);
#9051 = DIRECTION('',(-1.,0.));
#9052 = ( GEOMETRIC_REPRESENTATION_CONTEXT(2) 
PARAMETRIC_REPRESENTATION_CONTEXT() REPRESENTATION_CONTEXT('2D SPACE',''
  ) );
#9053 = ORIENTED_EDGE('',*,*,#9054,.T.);
#9054 = EDGE_CURVE('',#9026,#9055,#9057,.T.);
#9055 = VERTEX_POINT('',#9056);
#9056 = CARTESIAN_POINT('',(-18.48923048454,29.624286592077,0.));
#9057 = SURFACE_CURVE('',#9058,(#9062,#9069),.PCURVE_S1.);
#9058 = LINE('',#9059,#9060);
#9059 = CARTESIAN_POINT('',(-17.53923048454,27.978838324886,0.));
#9060 = VECTOR('',#9061,1.);
#9061 = DIRECTION('',(-0.5,0.866025403784,0.));
#9062 = PCURVE('',#1969,#9063);
#9063 = DEFINITIONAL_REPRESENTATION('',(#9064),#9068);
#9064 = LINE('',#9065,#9066);
#9065 = CARTESIAN_POINT('',(-53.53923048454,27.978838324886));
#9066 = VECTOR('',#9067,1.);
#9067 = DIRECTION('',(-0.5,0.866025403784));
#9068 = ( GEOMETRIC_REPRESENTATION_CONTEXT(2) 
PARAMETRIC_REPRESENTATION_CONTEXT() REPRESENTATION_CONTEXT('2D SPACE',''
  ) );
#9069 = PCURVE('',#9070,#9075);
#9070 = PLANE('',#9071);
#9071 = AXIS2_PLACEMENT_3D('',#9072,#9073,#9074);
#9072 = CARTESIAN_POINT('',(-17.53923048454,27.978838324886,0.));
#9073 = DIRECTION('',(-0.866025403784,-0.5,0.));
#9074 = DIRECTION('',(0.,0.,1.));
#9075 = DEFINITIONAL_REPRESENTATION('',(#9076),#9080);
#9076 = LINE('',#9077,#9078);
#9077 = CARTESIAN_POINT('',(0.,0.));
#9078 = VECTOR('',#9079,1.);
#9079 = DIRECTION('',(0.,1.));
#9080 = ( GEOMETRIC_REPRESENTATION_CONTEXT(2) 
PARAMETRIC_REPRESENTATION_CONTEXT() REPRESENTATION_CONTEXT('2D SPACE',''
  ) );
#9081 = ORIENTED_EDGE('',*,*,#9082,.F.);
#9082 = EDGE_CURVE('',#9083,#9055,#9085,.T.);
#9083 = VERTEX_POINT('',#9084);
#9084 = CARTESIAN_POINT('',(-16.41076951545,30.824286592077,0.));
#9085 = SURFACE_CURVE('',#9086,(#9090,#9097),.PCURVE_S1.);
#9086 = LINE('',#9087,#9088);
#9087 = CARTESIAN_POINT('',(-16.41076951545,30.824286592077,0.));
#9088 = VECTOR('',#9089,1.);
#9089 = DIRECTION('',(-0.866025403784,-0.5,0.));
#9090 = PCURVE('',#1969,#9091);
#9091 = DEFINITIONAL_REPRESENTATION('',(#9092),#9096);
#9092 = LINE('',#9093,#9094);
#9093 = CARTESIAN_POINT('',(-52.41076951545,30.824286592077));
#9094 = VECTOR('',#9095,1.);
#9095 = DIRECTION('',(-0.866025403784,-0.5));
#9096 = ( GEOMETRIC_REPRESENTATION_CONTEXT(2) 
PARAMETRIC_REPRESENTATION_CONTEXT() REPRESENTATION_CONTEXT('2D SPACE',''
  ) );
#9097 = PCURVE('',#9098,#9103);
#9098 = PLANE('',#9099);
#9099 = AXIS2_PLACEMENT_3D('',#9100,#9101,#9102);
#9100 = CARTESIAN_POINT('',(-16.41076951545,30.824286592077,0.));
#9101 = DIRECTION('',(-0.5,0.866025403784,0.));
#9102 = DIRECTION('',(0.,0.,1.));
#9103 = DEFINITIONAL_REPRESENTATION('',(#9104),#9108);
#9104 = LINE('',#9105,#9106);
#9105 = CARTESIAN_POINT('',(0.,0.));
#9106 = VECTOR('',#9107,1.);
#9107 = DIRECTION('',(0.,-1.));
#9108 = ( GEOMETRIC_REPRESENTATION_CONTEXT(2) 
PARAMETRIC_REPRESENTATION_CONTEXT() REPRESENTATION_CONTEXT('2D SPACE',''
  ) );
#9109 = ORIENTED_EDGE('',*,*,#9110,.F.);
#9110 = EDGE_CURVE('',#9111,#9083,#9113,.T.);
#9111 = VERTEX_POINT('',#9112);
#9112 = CARTESIAN_POINT('',(-15.70001979735,29.593231968858,0.));
#9113 = SURFACE_CURVE('',#9114,(#9118,#9125),.PCURVE_S1.);
#9114 = LINE('',#9115,#9116);
#9115 = CARTESIAN_POINT('',(-15.46076951545,29.178838324886,0.));
#9116 = VECTOR('',#9117,1.);
#9117 = DIRECTION('',(-0.5,0.866025403784,0.));
#9118 = PCURVE('',#1969,#9119);
#9119 = DEFINITIONAL_REPRESENTATION('',(#9120),#9124);
#9120 = LINE('',#9121,#9122);
#9121 = CARTESIAN_POINT('',(-51.46076951545,29.178838324886));
#9122 = VECTOR('',#9123,1.);
#9123 = DIRECTION('',(-0.5,0.866025403784));
#9124 = ( GEOMETRIC_REPRESENTATION_CONTEXT(2) 
PARAMETRIC_REPRESENTATION_CONTEXT() REPRESENTATION_CONTEXT('2D SPACE',''
  ) );
#9125 = PCURVE('',#9126,#9131);
#9126 = PLANE('',#9127);
#9127 = AXIS2_PLACEMENT_3D('',#9128,#9129,#9130);
#9128 = CARTESIAN_POINT('',(-15.46076951545,29.178838324886,0.));
#9129 = DIRECTION('',(-0.866025403784,-0.5,0.));
#9130 = DIRECTION('',(0.,0.,1.));
#9131 = DEFINITIONAL_REPRESENTATION('',(#9132),#9136);
#9132 = LINE('',#9133,#9134);
#9133 = CARTESIAN_POINT('',(0.,0.));
#9134 = VECTOR('',#9135,1.);
#9135 = DIRECTION('',(0.,1.));
#9136 = ( GEOMETRIC_REPRESENTATION_CONTEXT(2) 
PARAMETRIC_REPRESENTATION_CONTEXT() REPRESENTATION_CONTEXT('2D SPACE',''
  ) );
#9137 = ORIENTED_EDGE('',*,*,#9138,.F.);
#9138 = EDGE_CURVE('',#9139,#9111,#9141,.T.);
#9139 = VERTEX_POINT('',#9140);
#9140 = CARTESIAN_POINT('',(15.700019797355,29.593231968858,0.));
#9141 = SURFACE_CURVE('',#9142,(#9147,#9154),.PCURVE_S1.);
#9142 = CIRCLE('',#9143,33.5);
#9143 = AXIS2_PLACEMENT_3D('',#9144,#9145,#9146);
#9144 = CARTESIAN_POINT('',(0.,0.,0.));
#9145 = DIRECTION('',(0.,0.,1.));
#9146 = DIRECTION('',(1.,0.,0.));
#9147 = PCURVE('',#1969,#9148);
#9148 = DEFINITIONAL_REPRESENTATION('',(#9149),#9153);
#9149 = CIRCLE('',#9150,33.5);
#9150 = AXIS2_PLACEMENT_2D('',#9151,#9152);
#9151 = CARTESIAN_POINT('',(-36.,0.));
#9152 = DIRECTION('',(1.,0.));
#9153 = ( GEOMETRIC_REPRESENTATION_CONTEXT(2) 
PARAMETRIC_REPRESENTATION_CONTEXT() REPRESENTATION_CONTEXT('2D SPACE',''
  ) );
#9154 = PCURVE('',#9155,#9160);
#9155 = CYLINDRICAL_SURFACE('',#9156,33.5);
#9156 = AXIS2_PLACEMENT_3D('',#9157,#9158,#9159);
#9157 = CARTESIAN_POINT('',(0.,0.,0.));
#9158 = DIRECTION('',(-0.,-0.,-1.));
#9159 = DIRECTION('',(1.,0.,0.));
#9160 = DEFINITIONAL_REPRESENTATION('',(#9161),#9165);
#9161 = LINE('',#9162,#9163);
#9162 = CARTESIAN_POINT('',(-0.,0.));
#9163 = VECTOR('',#9164,1.);
#9164 = DIRECTION('',(-1.,0.));
#9165 = ( GEOMETRIC_REPRESENTATION_CONTEXT(2) 
PARAMETRIC_REPRESENTATION_CONTEXT() REPRESENTATION_CONTEXT('2D SPACE',''
  ) );
#9166 = ORIENTED_EDGE('',*,*,#9167,.T.);
#9167 = EDGE_CURVE('',#9139,#9168,#9170,.T.);
#9168 = VERTEX_POINT('',#9169);
#9169 = CARTESIAN_POINT('',(16.410769515459,30.824286592077,0.));
#9170 = SURFACE_CURVE('',#9171,(#9175,#9182),.PCURVE_S1.);
#9171 = LINE('',#9172,#9173);
#9172 = CARTESIAN_POINT('',(15.460769515459,29.178838324886,0.));
#9173 = VECTOR('',#9174,1.);
#9174 = DIRECTION('',(0.5,0.866025403784,0.));
#9175 = PCURVE('',#1969,#9176);
#9176 = DEFINITIONAL_REPRESENTATION('',(#9177),#9181);
#9177 = LINE('',#9178,#9179);
#9178 = CARTESIAN_POINT('',(-20.53923048454,29.178838324886));
#9179 = VECTOR('',#9180,1.);
#9180 = DIRECTION('',(0.5,0.866025403784));
#9181 = ( GEOMETRIC_REPRESENTATION_CONTEXT(2) 
PARAMETRIC_REPRESENTATION_CONTEXT() REPRESENTATION_CONTEXT('2D SPACE',''
  ) );
#9182 = PCURVE('',#9183,#9188);
#9183 = PLANE('',#9184);
#9184 = AXIS2_PLACEMENT_3D('',#9185,#9186,#9187);
#9185 = CARTESIAN_POINT('',(15.460769515459,29.178838324886,0.));
#9186 = DIRECTION('',(-0.866025403784,0.5,0.));
#9187 = DIRECTION('',(0.,0.,1.));
#9188 = DEFINITIONAL_REPRESENTATION('',(#9189),#9193);
#9189 = LINE('',#9190,#9191);
#9190 = CARTESIAN_POINT('',(0.,0.));
#9191 = VECTOR('',#9192,1.);
#9192 = DIRECTION('',(0.,1.));
#9193 = ( GEOMETRIC_REPRESENTATION_CONTEXT(2) 
PARAMETRIC_REPRESENTATION_CONTEXT() REPRESENTATION_CONTEXT('2D SPACE',''
  ) );
#9194 = ORIENTED_EDGE('',*,*,#9195,.F.);
#9195 = EDGE_CURVE('',#9196,#9168,#9198,.T.);
#9196 = VERTEX_POINT('',#9197);
#9197 = CARTESIAN_POINT('',(18.489230484541,29.624286592077,0.));
#9198 = SURFACE_CURVE('',#9199,(#9203,#9210),.PCURVE_S1.);
#9199 = LINE('',#9200,#9201);
#9200 = CARTESIAN_POINT('',(18.489230484541,29.624286592077,0.));
#9201 = VECTOR('',#9202,1.);
#9202 = DIRECTION('',(-0.866025403784,0.5,0.));
#9203 = PCURVE('',#1969,#9204);
#9204 = DEFINITIONAL_REPRESENTATION('',(#9205),#9209);
#9205 = LINE('',#9206,#9207);
#9206 = CARTESIAN_POINT('',(-17.51076951545,29.624286592077));
#9207 = VECTOR('',#9208,1.);
#9208 = DIRECTION('',(-0.866025403784,0.5));
#9209 = ( GEOMETRIC_REPRESENTATION_CONTEXT(2) 
PARAMETRIC_REPRESENTATION_CONTEXT() REPRESENTATION_CONTEXT('2D SPACE',''
  ) );
#9210 = PCURVE('',#9211,#9216);
#9211 = PLANE('',#9212);
#9212 = AXIS2_PLACEMENT_3D('',#9213,#9214,#9215);
#9213 = CARTESIAN_POINT('',(18.489230484541,29.624286592077,0.));
#9214 = DIRECTION('',(0.5,0.866025403784,0.));
#9215 = DIRECTION('',(0.,0.,1.));
#9216 = DEFINITIONAL_REPRESENTATION('',(#9217),#9221);
#9217 = LINE('',#9218,#9219);
#9218 = CARTESIAN_POINT('',(0.,0.));
#9219 = VECTOR('',#9220,1.);
#9220 = DIRECTION('',(0.,-1.));
#9221 = ( GEOMETRIC_REPRESENTATION_CONTEXT(2) 
PARAMETRIC_REPRESENTATION_CONTEXT() REPRESENTATION_CONTEXT('2D SPACE',''
  ) );
#9222 = ORIENTED_EDGE('',*,*,#9223,.F.);
#9223 = EDGE_CURVE('',#8574,#9196,#9224,.T.);
#9224 = SURFACE_CURVE('',#9225,(#9229,#9236),.PCURVE_S1.);
#9225 = LINE('',#9226,#9227);
#9226 = CARTESIAN_POINT('',(17.539230484541,27.978838324886,0.));
#9227 = VECTOR('',#9228,1.);
#9228 = DIRECTION('',(0.5,0.866025403784,0.));
#9229 = PCURVE('',#1969,#9230);
#9230 = DEFINITIONAL_REPRESENTATION('',(#9231),#9235);
#9231 = LINE('',#9232,#9233);
#9232 = CARTESIAN_POINT('',(-18.46076951545,27.978838324886));
#9233 = VECTOR('',#9234,1.);
#9234 = DIRECTION('',(0.5,0.866025403784));
#9235 = ( GEOMETRIC_REPRESENTATION_CONTEXT(2) 
PARAMETRIC_REPRESENTATION_CONTEXT() REPRESENTATION_CONTEXT('2D SPACE',''
  ) );
#9236 = PCURVE('',#9237,#9242);
#9237 = PLANE('',#9238);
#9238 = AXIS2_PLACEMENT_3D('',#9239,#9240,#9241);
#9239 = CARTESIAN_POINT('',(17.539230484541,27.978838324886,0.));
#9240 = DIRECTION('',(-0.866025403784,0.5,0.));
#9241 = DIRECTION('',(0.,0.,1.));
#9242 = DEFINITIONAL_REPRESENTATION('',(#9243),#9247);
#9243 = LINE('',#9244,#9245);
#9244 = CARTESIAN_POINT('',(0.,0.));
#9245 = VECTOR('',#9246,1.);
#9246 = DIRECTION('',(0.,1.));
#9247 = ( GEOMETRIC_REPRESENTATION_CONTEXT(2) 
PARAMETRIC_REPRESENTATION_CONTEXT() REPRESENTATION_CONTEXT('2D SPACE',''
  ) );
#9248 = ADVANCED_FACE('',(#9249),#2125,.F.);
#9249 = FACE_BOUND('',#9250,.F.);
#9250 = EDGE_LOOP('',(#9251,#9252,#9253,#9254));
#9251 = ORIENTED_EDGE('',*,*,#8524,.T.);
#9252 = ORIENTED_EDGE('',*,*,#2109,.T.);
#9253 = ORIENTED_EDGE('',*,*,#5939,.T.);
#9254 = ORIENTED_EDGE('',*,*,#2789,.F.);
#9255 = ADVANCED_FACE('',(#9256),#2255,.F.);
#9256 = FACE_BOUND('',#9257,.F.);
#9257 = EDGE_LOOP('',(#9258,#9259,#9260,#9261));
#9258 = ORIENTED_EDGE('',*,*,#5889,.T.);
#9259 = ORIENTED_EDGE('',*,*,#2499,.F.);
#9260 = ORIENTED_EDGE('',*,*,#2238,.F.);
#9261 = ORIENTED_EDGE('',*,*,#2381,.T.);
#9262 = ADVANCED_FACE('',(#9263),#2348,.F.);
#9263 = FACE_BOUND('',#9264,.F.);
#9264 = EDGE_LOOP('',(#9265,#9266,#9267,#9268));
#9265 = ORIENTED_EDGE('',*,*,#8496,.T.);
#9266 = ORIENTED_EDGE('',*,*,#3507,.T.);
#9267 = ORIENTED_EDGE('',*,*,#5863,.T.);
#9268 = ORIENTED_EDGE('',*,*,#2332,.F.);
#9269 = ADVANCED_FACE('',(#9270),#2573,.T.);
#9270 = FACE_BOUND('',#9271,.T.);
#9271 = EDGE_LOOP('',(#9272,#9302,#9327,#9328,#9351,#9377));
#9272 = ORIENTED_EDGE('',*,*,#9273,.F.);
#9273 = EDGE_CURVE('',#9274,#9276,#9278,.T.);
#9274 = VERTEX_POINT('',#9275);
#9275 = CARTESIAN_POINT('',(-28.07883832488,-17.36602540378,
    8.494148038438));
#9276 = VERTEX_POINT('',#9277);
#9277 = CARTESIAN_POINT('',(-28.07883832488,-17.36602540378,
    8.515148038438));
#9278 = SURFACE_CURVE('',#9279,(#9283,#9290),.PCURVE_S1.);
#9279 = LINE('',#9280,#9281);
#9280 = CARTESIAN_POINT('',(-28.07883832488,-17.36602540378,-25.5));
#9281 = VECTOR('',#9282,1.);
#9282 = DIRECTION('',(0.,0.,1.));
#9283 = PCURVE('',#2573,#9284);
#9284 = DEFINITIONAL_REPRESENTATION('',(#9285),#9289);
#9285 = LINE('',#9286,#9287);
#9286 = CARTESIAN_POINT('',(0.,4.));
#9287 = VECTOR('',#9288,1.);
#9288 = DIRECTION('',(1.,0.));
#9289 = ( GEOMETRIC_REPRESENTATION_CONTEXT(2) 
PARAMETRIC_REPRESENTATION_CONTEXT() REPRESENTATION_CONTEXT('2D SPACE',''
  ) );
#9290 = PCURVE('',#9291,#9296);
#9291 = PLANE('',#9292);
#9292 = AXIS2_PLACEMENT_3D('',#9293,#9294,#9295);
#9293 = CARTESIAN_POINT('',(-28.07883832488,-17.36602540378,-25.5));
#9294 = DIRECTION('',(0.866025403784,0.5,0.));
#9295 = DIRECTION('',(0.,0.,1.));
#9296 = DEFINITIONAL_REPRESENTATION('',(#9297),#9301);
#9297 = LINE('',#9298,#9299);
#9298 = CARTESIAN_POINT('',(0.,0.));
#9299 = VECTOR('',#9300,1.);
#9300 = DIRECTION('',(1.,0.));
#9301 = ( GEOMETRIC_REPRESENTATION_CONTEXT(2) 
PARAMETRIC_REPRESENTATION_CONTEXT() REPRESENTATION_CONTEXT('2D SPACE',''
  ) );
#9302 = ORIENTED_EDGE('',*,*,#9303,.F.);
#9303 = EDGE_CURVE('',#2559,#9274,#9304,.T.);
#9304 = SURFACE_CURVE('',#9305,(#9310,#9317),.PCURVE_S1.);
#9305 = HYPERBOLA('',#9306,1.,1.);
#9306 = AXIS2_PLACEMENT_3D('',#9307,#9308,#9309);
#9307 = CARTESIAN_POINT('',(0.5,-0.866025403784,-24.521));
#9308 = DIRECTION('',(-0.5,0.866025403784,0.));
#9309 = DIRECTION('',(0.,0.,1.));
#9310 = PCURVE('',#2573,#9311);
#9311 = DEFINITIONAL_REPRESENTATION('',(#9312),#9316);
#9312 = HYPERBOLA('',#9313,1.,1.);
#9313 = AXIS2_PLACEMENT_2D('',#9314,#9315);
#9314 = CARTESIAN_POINT('',(0.979,37.));
#9315 = DIRECTION('',(1.,0.));
#9316 = ( GEOMETRIC_REPRESENTATION_CONTEXT(2) 
PARAMETRIC_REPRESENTATION_CONTEXT() REPRESENTATION_CONTEXT('2D SPACE',''
  ) );
#9317 = PCURVE('',#2658,#9318);
#9318 = DEFINITIONAL_REPRESENTATION('',(#9319),#9326);
#9319 = B_SPLINE_CURVE_WITH_KNOTS('',5,(#9320,#9321,#9322,#9323,#9324,
    #9325),.UNSPECIFIED.,.F.,.F.,(6,6),(-4.314996566815,-4.177694622525)
  ,.PIECEWISE_BEZIER_KNOTS.);
#9320 = CARTESIAN_POINT('',(3.16832425241,37.412366595376));
#9321 = CARTESIAN_POINT('',(3.169058225087,36.38534805209));
#9322 = CARTESIAN_POINT('',(3.169817382727,35.393595011571));
#9323 = CARTESIAN_POINT('',(3.170602876778,34.435494090047));
#9324 = CARTESIAN_POINT('',(3.171415937321,33.509542493854));
#9325 = CARTESIAN_POINT('',(3.172257884517,32.614333817087));
#9326 = ( GEOMETRIC_REPRESENTATION_CONTEXT(2) 
PARAMETRIC_REPRESENTATION_CONTEXT() REPRESENTATION_CONTEXT('2D SPACE',''
  ) );
#9327 = ORIENTED_EDGE('',*,*,#2556,.F.);
#9328 = ORIENTED_EDGE('',*,*,#9329,.T.);
#9329 = EDGE_CURVE('',#2557,#9330,#9332,.T.);
#9330 = VERTEX_POINT('',#9331);
#9331 = CARTESIAN_POINT('',(-28.49892239377,-17.60856105403,35.5));
#9332 = SURFACE_CURVE('',#9333,(#9337,#9344),.PCURVE_S1.);
#9333 = LINE('',#9334,#9335);
#9334 = CARTESIAN_POINT('',(-31.54293994002,-19.36602540378,35.5));
#9335 = VECTOR('',#9336,1.);
#9336 = DIRECTION('',(0.866025403784,0.5,0.));
#9337 = PCURVE('',#2573,#9338);
#9338 = DEFINITIONAL_REPRESENTATION('',(#9339),#9343);
#9339 = LINE('',#9340,#9341);
#9340 = CARTESIAN_POINT('',(61.,0.));
#9341 = VECTOR('',#9342,1.);
#9342 = DIRECTION('',(0.,1.));
#9343 = ( GEOMETRIC_REPRESENTATION_CONTEXT(2) 
PARAMETRIC_REPRESENTATION_CONTEXT() REPRESENTATION_CONTEXT('2D SPACE',''
  ) );
#9344 = PCURVE('',#2601,#9345);
#9345 = DEFINITIONAL_REPRESENTATION('',(#9346),#9350);
#9346 = LINE('',#9347,#9348);
#9347 = CARTESIAN_POINT('',(0.,0.));
#9348 = VECTOR('',#9349,1.);
#9349 = DIRECTION('',(1.,0.));
#9350 = ( GEOMETRIC_REPRESENTATION_CONTEXT(2) 
PARAMETRIC_REPRESENTATION_CONTEXT() REPRESENTATION_CONTEXT('2D SPACE',''
  ) );
#9351 = ORIENTED_EDGE('',*,*,#9352,.T.);
#9352 = EDGE_CURVE('',#9330,#9353,#9355,.T.);
#9353 = VERTEX_POINT('',#9354);
#9354 = CARTESIAN_POINT('',(-28.49892239377,-17.60856105403,9.));
#9355 = SURFACE_CURVE('',#9356,(#9360,#9366),.PCURVE_S1.);
#9356 = LINE('',#9357,#9358);
#9357 = CARTESIAN_POINT('',(-28.49892239377,-17.60856105403,9.));
#9358 = VECTOR('',#9359,1.);
#9359 = DIRECTION('',(-0.,-0.,-1.));
#9360 = PCURVE('',#2573,#9361);
#9361 = DEFINITIONAL_REPRESENTATION('',(#9362),#9365);
#9362 = B_SPLINE_CURVE_WITH_KNOTS('',1,(#9363,#9364),.UNSPECIFIED.,.F.,
  .F.,(2,2),(-29.20058519615,5.999999999062E-07),
  .PIECEWISE_BEZIER_KNOTS.);
#9363 = CARTESIAN_POINT('',(63.700585196156,3.514928699494));
#9364 = CARTESIAN_POINT('',(34.4999994,3.514928699494));
#9365 = ( GEOMETRIC_REPRESENTATION_CONTEXT(2) 
PARAMETRIC_REPRESENTATION_CONTEXT() REPRESENTATION_CONTEXT('2D SPACE',''
  ) );
#9366 = PCURVE('',#9367,#9372);
#9367 = CYLINDRICAL_SURFACE('',#9368,33.5);
#9368 = AXIS2_PLACEMENT_3D('',#9369,#9370,#9371);
#9369 = CARTESIAN_POINT('',(0.,0.,9.));
#9370 = DIRECTION('',(-0.,-0.,-1.));
#9371 = DIRECTION('',(1.,0.,0.));
#9372 = DEFINITIONAL_REPRESENTATION('',(#9373),#9376);
#9373 = B_SPLINE_CURVE_WITH_KNOTS('',1,(#9374,#9375),.UNSPECIFIED.,.F.,
  .F.,(2,2),(-29.20058519615,5.999999999062E-07),
  .PIECEWISE_BEZIER_KNOTS.);
#9374 = CARTESIAN_POINT('',(-3.695046610405,-29.20058519615));
#9375 = CARTESIAN_POINT('',(-3.695046610405,5.999999999062E-07));
#9376 = ( GEOMETRIC_REPRESENTATION_CONTEXT(2) 
PARAMETRIC_REPRESENTATION_CONTEXT() REPRESENTATION_CONTEXT('2D SPACE',''
  ) );
#9377 = ORIENTED_EDGE('',*,*,#9378,.T.);
#9378 = EDGE_CURVE('',#9353,#9276,#9379,.T.);
#9379 = SURFACE_CURVE('',#9380,(#9385,#9392),.PCURVE_S1.);
#9380 = HYPERBOLA('',#9381,1.,1.);
#9381 = AXIS2_PLACEMENT_3D('',#9382,#9383,#9384);
#9382 = CARTESIAN_POINT('',(0.5,-0.866025403784,-24.5));
#9383 = DIRECTION('',(-0.5,0.866025403784,0.));
#9384 = DIRECTION('',(0.,0.,1.));
#9385 = PCURVE('',#2573,#9386);
#9386 = DEFINITIONAL_REPRESENTATION('',(#9387),#9391);
#9387 = ( BOUNDED_CURVE() B_SPLINE_CURVE(2,(#9388,#9389,#9390),
.UNSPECIFIED.,.F.,.F.) B_SPLINE_CURVE_WITH_KNOTS((3,3),(-4.204469778153,
-4.177694622525),.PIECEWISE_BEZIER_KNOTS.) CURVE() 
GEOMETRIC_REPRESENTATION_ITEM() RATIONAL_B_SPLINE_CURVE((1.,
1.000089614958,1.)) REPRESENTATION_ITEM('') );
#9388 = CARTESIAN_POINT('',(34.5,3.514928699494));
#9389 = CARTESIAN_POINT('',(34.051742782007,3.963385764673));
#9390 = CARTESIAN_POINT('',(33.615333817087,4.4));
#9391 = ( GEOMETRIC_REPRESENTATION_CONTEXT(2) 
PARAMETRIC_REPRESENTATION_CONTEXT() REPRESENTATION_CONTEXT('2D SPACE',''
  ) );
#9392 = PCURVE('',#9393,#9398);
#9393 = CONICAL_SURFACE('',#9394,32.5,0.785398163397);
#9394 = AXIS2_PLACEMENT_3D('',#9395,#9396,#9397);
#9395 = CARTESIAN_POINT('',(0.,0.,8.));
#9396 = DIRECTION('',(0.,0.,1.));
#9397 = DIRECTION('',(1.,0.,0.));
#9398 = DEFINITIONAL_REPRESENTATION('',(#9399),#9406);
#9399 = B_SPLINE_CURVE_WITH_KNOTS('',5,(#9400,#9401,#9402,#9403,#9404,
    #9405),.UNSPECIFIED.,.F.,.F.,(6,6),(-4.204469778153,-4.177694622525)
  ,.PIECEWISE_BEZIER_KNOTS.);
#9400 = CARTESIAN_POINT('',(3.695046610405,1.));
#9401 = CARTESIAN_POINT('',(3.69520646208,0.820686400944));
#9402 = CARTESIAN_POINT('',(3.695367383292,0.642573624393));
#9403 = CARTESIAN_POINT('',(3.695529383573,0.465650957724));
#9404 = CARTESIAN_POINT('',(3.695692472584,0.28990783178));
#9405 = CARTESIAN_POINT('',(3.695856660115,0.115333817087));
#9406 = ( GEOMETRIC_REPRESENTATION_CONTEXT(2) 
PARAMETRIC_REPRESENTATION_CONTEXT() REPRESENTATION_CONTEXT('2D SPACE',''
  ) );
#9407 = ADVANCED_FACE('',(#9408),#2658,.F.);
#9408 = FACE_BOUND('',#9409,.F.);
#9409 = EDGE_LOOP('',(#9410,#9411,#9438,#9463));
#9410 = ORIENTED_EDGE('',*,*,#2643,.T.);
#9411 = ORIENTED_EDGE('',*,*,#9412,.T.);
#9412 = EDGE_CURVE('',#2618,#9413,#9415,.T.);
#9413 = VERTEX_POINT('',#9414);
#9414 = CARTESIAN_POINT('',(-29.07883832488,-15.63397459621,
    8.494148038438));
#9415 = SURFACE_CURVE('',#9416,(#9421,#9431),.PCURVE_S1.);
#9416 = HYPERBOLA('',#9417,1.,1.);
#9417 = AXIS2_PLACEMENT_3D('',#9418,#9419,#9420);
#9418 = CARTESIAN_POINT('',(-0.5,0.866025403784,-24.521));
#9419 = DIRECTION('',(-0.5,0.866025403784,0.));
#9420 = DIRECTION('',(0.,0.,1.));
#9421 = PCURVE('',#2658,#9422);
#9422 = DEFINITIONAL_REPRESENTATION('',(#9423),#9430);
#9423 = B_SPLINE_CURVE_WITH_KNOTS('',5,(#9424,#9425,#9426,#9427,#9428,
    #9429),.UNSPECIFIED.,.F.,.F.,(6,6),(-4.314996566815,-4.177694622525)
  ,.PIECEWISE_BEZIER_KNOTS.);
#9424 = CARTESIAN_POINT('',(3.11486105477,37.412366595376));
#9425 = CARTESIAN_POINT('',(3.114127082092,36.38534805209));
#9426 = CARTESIAN_POINT('',(3.113367924452,35.393595011571));
#9427 = CARTESIAN_POINT('',(3.112582430401,34.435494090047));
#9428 = CARTESIAN_POINT('',(3.111769369859,33.509542493854));
#9429 = CARTESIAN_POINT('',(3.110927422663,32.614333817087));
#9430 = ( GEOMETRIC_REPRESENTATION_CONTEXT(2) 
PARAMETRIC_REPRESENTATION_CONTEXT() REPRESENTATION_CONTEXT('2D SPACE',''
  ) );
#9431 = PCURVE('',#2632,#9432);
#9432 = DEFINITIONAL_REPRESENTATION('',(#9433),#9437);
#9433 = HYPERBOLA('',#9434,1.,1.);
#9434 = AXIS2_PLACEMENT_2D('',#9435,#9436);
#9435 = CARTESIAN_POINT('',(0.979,37.));
#9436 = DIRECTION('',(1.,0.));
#9437 = ( GEOMETRIC_REPRESENTATION_CONTEXT(2) 
PARAMETRIC_REPRESENTATION_CONTEXT() REPRESENTATION_CONTEXT('2D SPACE',''
  ) );
#9438 = ORIENTED_EDGE('',*,*,#9439,.T.);
#9439 = EDGE_CURVE('',#9413,#9274,#9440,.T.);
#9440 = SURFACE_CURVE('',#9441,(#9446,#9456),.PCURVE_S1.);
#9441 = HYPERBOLA('',#9442,33.,33.);
#9442 = AXIS2_PLACEMENT_3D('',#9443,#9444,#9445);
#9443 = CARTESIAN_POINT('',(-28.57883832488,-16.5,-24.521));
#9444 = DIRECTION('',(0.866025403784,0.5,-0.));
#9445 = DIRECTION('',(0.,0.,1.));
#9446 = PCURVE('',#2658,#9447);
#9447 = DEFINITIONAL_REPRESENTATION('',(#9448),#9455);
#9448 = B_SPLINE_CURVE_WITH_KNOTS('',5,(#9449,#9450,#9451,#9452,#9453,
    #9454),.UNSPECIFIED.,.F.,.F.,(6,6),(-3.635562710402E-02,
    3.635562710402E-02),.PIECEWISE_BEZIER_KNOTS.);
#9449 = CARTESIAN_POINT('',(3.105245032571,33.020810973961));
#9450 = CARTESIAN_POINT('',(3.119777678226,33.003360272951));
#9451 = CARTESIAN_POINT('',(3.134319923779,32.99463876615));
#9452 = CARTESIAN_POINT('',(3.1488653834,32.99463876615));
#9453 = CARTESIAN_POINT('',(3.163407628954,33.003360272951));
#9454 = CARTESIAN_POINT('',(3.177940274609,33.020810973961));
#9455 = ( GEOMETRIC_REPRESENTATION_CONTEXT(2) 
PARAMETRIC_REPRESENTATION_CONTEXT() REPRESENTATION_CONTEXT('2D SPACE',''
  ) );
#9456 = PCURVE('',#9291,#9457);
#9457 = DEFINITIONAL_REPRESENTATION('',(#9458),#9462);
#9458 = HYPERBOLA('',#9459,33.,33.);
#9459 = AXIS2_PLACEMENT_2D('',#9460,#9461);
#9460 = CARTESIAN_POINT('',(0.979,-1.));
#9461 = DIRECTION('',(1.,0.));
#9462 = ( GEOMETRIC_REPRESENTATION_CONTEXT(2) 
PARAMETRIC_REPRESENTATION_CONTEXT() REPRESENTATION_CONTEXT('2D SPACE',''
  ) );
#9463 = ORIENTED_EDGE('',*,*,#9303,.F.);
#9464 = ADVANCED_FACE('',(#9465),#2632,.F.);
#9465 = FACE_BOUND('',#9466,.F.);
#9466 = EDGE_LOOP('',(#9467,#9490,#9491,#9492,#9515,#9536));
#9467 = ORIENTED_EDGE('',*,*,#9468,.F.);
#9468 = EDGE_CURVE('',#9413,#9469,#9471,.T.);
#9469 = VERTEX_POINT('',#9470);
#9470 = CARTESIAN_POINT('',(-29.07883832488,-15.63397459621,
    8.515148038438));
#9471 = SURFACE_CURVE('',#9472,(#9476,#9483),.PCURVE_S1.);
#9472 = LINE('',#9473,#9474);
#9473 = CARTESIAN_POINT('',(-29.07883832488,-15.63397459621,-25.5));
#9474 = VECTOR('',#9475,1.);
#9475 = DIRECTION('',(0.,0.,1.));
#9476 = PCURVE('',#2632,#9477);
#9477 = DEFINITIONAL_REPRESENTATION('',(#9478),#9482);
#9478 = LINE('',#9479,#9480);
#9479 = CARTESIAN_POINT('',(0.,4.));
#9480 = VECTOR('',#9481,1.);
#9481 = DIRECTION('',(1.,0.));
#9482 = ( GEOMETRIC_REPRESENTATION_CONTEXT(2) 
PARAMETRIC_REPRESENTATION_CONTEXT() REPRESENTATION_CONTEXT('2D SPACE',''
  ) );
#9483 = PCURVE('',#9291,#9484);
#9484 = DEFINITIONAL_REPRESENTATION('',(#9485),#9489);
#9485 = LINE('',#9486,#9487);
#9486 = CARTESIAN_POINT('',(0.,-2.));
#9487 = VECTOR('',#9488,1.);
#9488 = DIRECTION('',(1.,0.));
#9489 = ( GEOMETRIC_REPRESENTATION_CONTEXT(2) 
PARAMETRIC_REPRESENTATION_CONTEXT() REPRESENTATION_CONTEXT('2D SPACE',''
  ) );
#9490 = ORIENTED_EDGE('',*,*,#9412,.F.);
#9491 = ORIENTED_EDGE('',*,*,#2617,.F.);
#9492 = ORIENTED_EDGE('',*,*,#9493,.T.);
#9493 = EDGE_CURVE('',#2585,#9494,#9496,.T.);
#9494 = VERTEX_POINT('',#9495);
#9495 = CARTESIAN_POINT('',(-29.49892239377,-15.87651024646,35.5));
#9496 = SURFACE_CURVE('',#9497,(#9501,#9508),.PCURVE_S1.);
#9497 = LINE('',#9498,#9499);
#9498 = CARTESIAN_POINT('',(-32.54293994002,-17.63397459621,35.5));
#9499 = VECTOR('',#9500,1.);
#9500 = DIRECTION('',(0.866025403784,0.5,0.));
#9501 = PCURVE('',#2632,#9502);
#9502 = DEFINITIONAL_REPRESENTATION('',(#9503),#9507);
#9503 = LINE('',#9504,#9505);
#9504 = CARTESIAN_POINT('',(61.,0.));
#9505 = VECTOR('',#9506,1.);
#9506 = DIRECTION('',(0.,1.));
#9507 = ( GEOMETRIC_REPRESENTATION_CONTEXT(2) 
PARAMETRIC_REPRESENTATION_CONTEXT() REPRESENTATION_CONTEXT('2D SPACE',''
  ) );
#9508 = PCURVE('',#2601,#9509);
#9509 = DEFINITIONAL_REPRESENTATION('',(#9510),#9514);
#9510 = LINE('',#9511,#9512);
#9511 = CARTESIAN_POINT('',(-9.992007221626E-16,2.));
#9512 = VECTOR('',#9513,1.);
#9513 = DIRECTION('',(1.,0.));
#9514 = ( GEOMETRIC_REPRESENTATION_CONTEXT(2) 
PARAMETRIC_REPRESENTATION_CONTEXT() REPRESENTATION_CONTEXT('2D SPACE',''
  ) );
#9515 = ORIENTED_EDGE('',*,*,#9516,.T.);
#9516 = EDGE_CURVE('',#9494,#9517,#9519,.T.);
#9517 = VERTEX_POINT('',#9518);
#9518 = CARTESIAN_POINT('',(-29.49892239377,-15.87651024646,9.));
#9519 = SURFACE_CURVE('',#9520,(#9524,#9530),.PCURVE_S1.);
#9520 = LINE('',#9521,#9522);
#9521 = CARTESIAN_POINT('',(-29.49892239377,-15.87651024646,9.));
#9522 = VECTOR('',#9523,1.);
#9523 = DIRECTION('',(-0.,-0.,-1.));
#9524 = PCURVE('',#2632,#9525);
#9525 = DEFINITIONAL_REPRESENTATION('',(#9526),#9529);
#9526 = B_SPLINE_CURVE_WITH_KNOTS('',1,(#9527,#9528),.UNSPECIFIED.,.F.,
  .F.,(2,2),(-29.20058519615,5.999999999062E-07),
  .PIECEWISE_BEZIER_KNOTS.);
#9527 = CARTESIAN_POINT('',(63.700585196156,3.514928699494));
#9528 = CARTESIAN_POINT('',(34.4999994,3.514928699494));
#9529 = ( GEOMETRIC_REPRESENTATION_CONTEXT(2) 
PARAMETRIC_REPRESENTATION_CONTEXT() REPRESENTATION_CONTEXT('2D SPACE',''
  ) );
#9530 = PCURVE('',#9367,#9531);
#9531 = DEFINITIONAL_REPRESENTATION('',(#9532),#9535);
#9532 = B_SPLINE_CURVE_WITH_KNOTS('',1,(#9533,#9534),.UNSPECIFIED.,.F.,
  .F.,(2,2),(-29.20058519615,5.999999999062E-07),
  .PIECEWISE_BEZIER_KNOTS.);
#9533 = CARTESIAN_POINT('',(-3.635336247971,-29.20058519615));
#9534 = CARTESIAN_POINT('',(-3.635336247971,5.999999999062E-07));
#9535 = ( GEOMETRIC_REPRESENTATION_CONTEXT(2) 
PARAMETRIC_REPRESENTATION_CONTEXT() REPRESENTATION_CONTEXT('2D SPACE',''
  ) );
#9536 = ORIENTED_EDGE('',*,*,#9537,.T.);
#9537 = EDGE_CURVE('',#9517,#9469,#9538,.T.);
#9538 = SURFACE_CURVE('',#9539,(#9544,#9551),.PCURVE_S1.);
#9539 = HYPERBOLA('',#9540,1.,1.);
#9540 = AXIS2_PLACEMENT_3D('',#9541,#9542,#9543);
#9541 = CARTESIAN_POINT('',(-0.5,0.866025403784,-24.5));
#9542 = DIRECTION('',(-0.5,0.866025403784,0.));
#9543 = DIRECTION('',(0.,0.,1.));
#9544 = PCURVE('',#2632,#9545);
#9545 = DEFINITIONAL_REPRESENTATION('',(#9546),#9550);
#9546 = ( BOUNDED_CURVE() B_SPLINE_CURVE(2,(#9547,#9548,#9549),
.UNSPECIFIED.,.F.,.F.) B_SPLINE_CURVE_WITH_KNOTS((3,3),(-4.204469778153,
-4.177694622525),.PIECEWISE_BEZIER_KNOTS.) CURVE() 
GEOMETRIC_REPRESENTATION_ITEM() RATIONAL_B_SPLINE_CURVE((1.,
1.000089614958,1.)) REPRESENTATION_ITEM('') );
#9547 = CARTESIAN_POINT('',(34.5,3.514928699494));
#9548 = CARTESIAN_POINT('',(34.051742782007,3.963385764673));
#9549 = CARTESIAN_POINT('',(33.615333817087,4.4));
#9550 = ( GEOMETRIC_REPRESENTATION_CONTEXT(2) 
PARAMETRIC_REPRESENTATION_CONTEXT() REPRESENTATION_CONTEXT('2D SPACE',''
  ) );
#9551 = PCURVE('',#9393,#9552);
#9552 = DEFINITIONAL_REPRESENTATION('',(#9553),#9560);
#9553 = B_SPLINE_CURVE_WITH_KNOTS('',5,(#9554,#9555,#9556,#9557,#9558,
    #9559),.UNSPECIFIED.,.F.,.F.,(6,6),(-4.204469778153,-4.177694622525)
  ,.PIECEWISE_BEZIER_KNOTS.);
#9554 = CARTESIAN_POINT('',(3.635336247971,1.));
#9555 = CARTESIAN_POINT('',(3.635176396296,0.820686400944));
#9556 = CARTESIAN_POINT('',(3.635015475084,0.642573624393));
#9557 = CARTESIAN_POINT('',(3.634853474803,0.465650957724));
#9558 = CARTESIAN_POINT('',(3.634690385792,0.28990783178));
#9559 = CARTESIAN_POINT('',(3.634526198261,0.115333817087));
#9560 = ( GEOMETRIC_REPRESENTATION_CONTEXT(2) 
PARAMETRIC_REPRESENTATION_CONTEXT() REPRESENTATION_CONTEXT('2D SPACE',''
  ) );
#9561 = ADVANCED_FACE('',(#9562),#2601,.F.);
#9562 = FACE_BOUND('',#9563,.F.);
#9563 = EDGE_LOOP('',(#9564,#9565,#9566,#9567));
#9564 = ORIENTED_EDGE('',*,*,#9493,.F.);
#9565 = ORIENTED_EDGE('',*,*,#2584,.F.);
#9566 = ORIENTED_EDGE('',*,*,#9329,.T.);
#9567 = ORIENTED_EDGE('',*,*,#9568,.T.);
#9568 = EDGE_CURVE('',#9330,#9494,#9569,.T.);
#9569 = SURFACE_CURVE('',#9570,(#9575,#9586),.PCURVE_S1.);
#9570 = CIRCLE('',#9571,33.5);
#9571 = AXIS2_PLACEMENT_3D('',#9572,#9573,#9574);
#9572 = CARTESIAN_POINT('',(0.,0.,35.5));
#9573 = DIRECTION('',(0.,0.,-1.));
#9574 = DIRECTION('',(1.,0.,0.));
#9575 = PCURVE('',#2601,#9576);
#9576 = DEFINITIONAL_REPRESENTATION('',(#9577),#9585);
#9577 = ( BOUNDED_CURVE() B_SPLINE_CURVE(2,(#9578,#9579,#9580,#9581,
#9582,#9583,#9584),.UNSPECIFIED.,.T.,.F.) B_SPLINE_CURVE_WITH_KNOTS((1,2
    ,2,2,2,1),(-2.094395102393,0.,2.094395102393,4.188790204786,
6.28318530718,8.377580409573),.UNSPECIFIED.) CURVE() 
GEOMETRIC_REPRESENTATION_ITEM() RATIONAL_B_SPLINE_CURVE((1.,0.5,1.,0.5,
1.,0.5,1.)) REPRESENTATION_ITEM('') );
#9578 = CARTESIAN_POINT('',(66.011851026779,-15.75));
#9579 = CARTESIAN_POINT('',(37.,-66.));
#9580 = CARTESIAN_POINT('',(7.988148973221,-15.75));
#9581 = CARTESIAN_POINT('',(-21.02370205355,34.5));
#9582 = CARTESIAN_POINT('',(37.,34.5));
#9583 = CARTESIAN_POINT('',(95.023702053557,34.5));
#9584 = CARTESIAN_POINT('',(66.011851026779,-15.75));
#9585 = ( GEOMETRIC_REPRESENTATION_CONTEXT(2) 
PARAMETRIC_REPRESENTATION_CONTEXT() REPRESENTATION_CONTEXT('2D SPACE',''
  ) );
#9586 = PCURVE('',#9367,#9587);
#9587 = DEFINITIONAL_REPRESENTATION('',(#9588),#9592);
#9588 = LINE('',#9589,#9590);
#9589 = CARTESIAN_POINT('',(-6.28318530718,-26.5));
#9590 = VECTOR('',#9591,1.);
#9591 = DIRECTION('',(1.,-0.));
#9592 = ( GEOMETRIC_REPRESENTATION_CONTEXT(2) 
PARAMETRIC_REPRESENTATION_CONTEXT() REPRESENTATION_CONTEXT('2D SPACE',''
  ) );
#9593 = ADVANCED_FACE('',(#9594),#2712,.F.);
#9594 = FACE_BOUND('',#9595,.F.);
#9595 = EDGE_LOOP('',(#9596,#9597,#9598,#9599));
#9596 = ORIENTED_EDGE('',*,*,#5965,.T.);
#9597 = ORIENTED_EDGE('',*,*,#2956,.F.);
#9598 = ORIENTED_EDGE('',*,*,#2695,.F.);
#9599 = ORIENTED_EDGE('',*,*,#2833,.T.);
#9600 = ADVANCED_FACE('',(#9601),#2923,.F.);
#9601 = FACE_BOUND('',#9602,.F.);
#9602 = EDGE_LOOP('',(#9603,#9604,#9605,#9606,#9607));
#9603 = ORIENTED_EDGE('',*,*,#8548,.T.);
#9604 = ORIENTED_EDGE('',*,*,#2907,.T.);
#9605 = ORIENTED_EDGE('',*,*,#5987,.T.);
#9606 = ORIENTED_EDGE('',*,*,#5719,.T.);
#9607 = ORIENTED_EDGE('',*,*,#4932,.F.);
#9608 = ADVANCED_FACE('',(#9609),#3324,.F.);
#9609 = FACE_BOUND('',#9610,.F.);
#9610 = EDGE_LOOP('',(#9611,#9612,#9613,#9614));
#9611 = ORIENTED_EDGE('',*,*,#3431,.T.);
#9612 = ORIENTED_EDGE('',*,*,#5841,.T.);
#9613 = ORIENTED_EDGE('',*,*,#3552,.F.);
#9614 = ORIENTED_EDGE('',*,*,#3309,.F.);
#9615 = ADVANCED_FACE('',(#9616),#3398,.F.);
#9616 = FACE_BOUND('',#9617,.F.);
#9617 = EDGE_LOOP('',(#9618,#9619,#9620,#9621));
#9618 = ORIENTED_EDGE('',*,*,#8472,.T.);
#9619 = ORIENTED_EDGE('',*,*,#5391,.T.);
#9620 = ORIENTED_EDGE('',*,*,#5815,.T.);
#9621 = ORIENTED_EDGE('',*,*,#3382,.F.);
#9622 = ADVANCED_FACE('',(#9623,#9649),#3672,.T.);
#9623 = FACE_BOUND('',#9624,.T.);
#9624 = EDGE_LOOP('',(#9625,#9626,#9627,#9628,#9629,#9630,#9631,#9632,
    #9633,#9634,#9635,#9636,#9637,#9638,#9639,#9640,#9641,#9642,#9643,
    #9644,#9645,#9646,#9647,#9648));
#9625 = ORIENTED_EDGE('',*,*,#4664,.T.);
#9626 = ORIENTED_EDGE('',*,*,#4691,.T.);
#9627 = ORIENTED_EDGE('',*,*,#4741,.T.);
#9628 = ORIENTED_EDGE('',*,*,#4789,.F.);
#9629 = ORIENTED_EDGE('',*,*,#3653,.T.);
#9630 = ORIENTED_EDGE('',*,*,#3726,.T.);
#9631 = ORIENTED_EDGE('',*,*,#3776,.T.);
#9632 = ORIENTED_EDGE('',*,*,#3824,.F.);
#9633 = ORIENTED_EDGE('',*,*,#3871,.T.);
#9634 = ORIENTED_EDGE('',*,*,#3919,.T.);
#9635 = ORIENTED_EDGE('',*,*,#3969,.T.);
#9636 = ORIENTED_EDGE('',*,*,#4017,.F.);
#9637 = ORIENTED_EDGE('',*,*,#4064,.T.);
#9638 = ORIENTED_EDGE('',*,*,#4112,.T.);
#9639 = ORIENTED_EDGE('',*,*,#4162,.T.);
#9640 = ORIENTED_EDGE('',*,*,#4210,.F.);
#9641 = ORIENTED_EDGE('',*,*,#4278,.T.);
#9642 = ORIENTED_EDGE('',*,*,#4305,.T.);
#9643 = ORIENTED_EDGE('',*,*,#4355,.T.);
#9644 = ORIENTED_EDGE('',*,*,#4403,.F.);
#9645 = ORIENTED_EDGE('',*,*,#4471,.T.);
#9646 = ORIENTED_EDGE('',*,*,#4498,.T.);
#9647 = ORIENTED_EDGE('',*,*,#4548,.T.);
#9648 = ORIENTED_EDGE('',*,*,#4596,.F.);
#9649 = FACE_BOUND('',#9650,.T.);
#9650 = EDGE_LOOP('',(#9651));
#9651 = ORIENTED_EDGE('',*,*,#9652,.F.);
#9652 = EDGE_CURVE('',#9653,#9653,#9655,.T.);
#9653 = VERTEX_POINT('',#9654);
#9654 = CARTESIAN_POINT('',(32.5,0.,43.));
#9655 = SURFACE_CURVE('',#9656,(#9661,#9668),.PCURVE_S1.);
#9656 = CIRCLE('',#9657,32.5);
#9657 = AXIS2_PLACEMENT_3D('',#9658,#9659,#9660);
#9658 = CARTESIAN_POINT('',(0.,0.,43.));
#9659 = DIRECTION('',(0.,0.,1.));
#9660 = DIRECTION('',(1.,0.,0.));
#9661 = PCURVE('',#3672,#9662);
#9662 = DEFINITIONAL_REPRESENTATION('',(#9663),#9667);
#9663 = CIRCLE('',#9664,32.5);
#9664 = AXIS2_PLACEMENT_2D('',#9665,#9666);
#9665 = CARTESIAN_POINT('',(1.959317204833E-15,6.131078915947E-17));
#9666 = DIRECTION('',(1.,0.));
#9667 = ( GEOMETRIC_REPRESENTATION_CONTEXT(2) 
PARAMETRIC_REPRESENTATION_CONTEXT() REPRESENTATION_CONTEXT('2D SPACE',''
  ) );
#9668 = PCURVE('',#9669,#9674);
#9669 = CONICAL_SURFACE('',#9670,33.5,0.785398163397);
#9670 = AXIS2_PLACEMENT_3D('',#9671,#9672,#9673);
#9671 = CARTESIAN_POINT('',(0.,0.,42.));
#9672 = DIRECTION('',(-0.,-0.,-1.));
#9673 = DIRECTION('',(1.,0.,0.));
#9674 = DEFINITIONAL_REPRESENTATION('',(#9675),#9679);
#9675 = LINE('',#9676,#9677);
#9676 = CARTESIAN_POINT('',(-0.,-1.));
#9677 = VECTOR('',#9678,1.);
#9678 = DIRECTION('',(-1.,-0.));
#9679 = ( GEOMETRIC_REPRESENTATION_CONTEXT(2) 
PARAMETRIC_REPRESENTATION_CONTEXT() REPRESENTATION_CONTEXT('2D SPACE',''
  ) );
#9680 = ADVANCED_FACE('',(#9681),#4874,.F.);
#9681 = FACE_BOUND('',#9682,.F.);
#9682 = EDGE_LOOP('',(#9683,#9684,#9685,#9686));
#9683 = ORIENTED_EDGE('',*,*,#4976,.T.);
#9684 = ORIENTED_EDGE('',*,*,#5745,.T.);
#9685 = ORIENTED_EDGE('',*,*,#5099,.F.);
#9686 = ORIENTED_EDGE('',*,*,#4859,.F.);
#9687 = ADVANCED_FACE('',(#9688),#5066,.F.);
#9688 = FACE_BOUND('',#9689,.F.);
#9689 = EDGE_LOOP('',(#9690,#9691,#9692,#9693));
#9690 = ORIENTED_EDGE('',*,*,#8448,.T.);
#9691 = ORIENTED_EDGE('',*,*,#5050,.T.);
#9692 = ORIENTED_EDGE('',*,*,#5767,.T.);
#9693 = ORIENTED_EDGE('',*,*,#5273,.F.);
#9694 = ADVANCED_FACE('',(#9695),#5215,.F.);
#9695 = FACE_BOUND('',#9696,.F.);
#9696 = EDGE_LOOP('',(#9697,#9698,#9699,#9700));
#9697 = ORIENTED_EDGE('',*,*,#5317,.T.);
#9698 = ORIENTED_EDGE('',*,*,#5793,.T.);
#9699 = ORIENTED_EDGE('',*,*,#5435,.F.);
#9700 = ORIENTED_EDGE('',*,*,#5200,.F.);
#9701 = ADVANCED_FACE('',(#9702),#5509,.T.);
#9702 = FACE_BOUND('',#9703,.F.);
#9703 = EDGE_LOOP('',(#9704,#9733,#9754,#9755));
#9704 = ORIENTED_EDGE('',*,*,#9705,.F.);
#9705 = EDGE_CURVE('',#9706,#9706,#9708,.T.);
#9706 = VERTEX_POINT('',#9707);
#9707 = CARTESIAN_POINT('',(80.,0.,0.));
#9708 = SURFACE_CURVE('',#9709,(#9714,#9721),.PCURVE_S1.);
#9709 = CIRCLE('',#9710,80.);
#9710 = AXIS2_PLACEMENT_3D('',#9711,#9712,#9713);
#9711 = CARTESIAN_POINT('',(0.,0.,0.));
#9712 = DIRECTION('',(0.,0.,1.));
#9713 = DIRECTION('',(1.,0.,0.));
#9714 = PCURVE('',#5509,#9715);
#9715 = DEFINITIONAL_REPRESENTATION('',(#9716),#9720);
#9716 = LINE('',#9717,#9718);
#9717 = CARTESIAN_POINT('',(-0.,0.));
#9718 = VECTOR('',#9719,1.);
#9719 = DIRECTION('',(-1.,0.));
#9720 = ( GEOMETRIC_REPRESENTATION_CONTEXT(2) 
PARAMETRIC_REPRESENTATION_CONTEXT() REPRESENTATION_CONTEXT('2D SPACE',''
  ) );
#9721 = PCURVE('',#9722,#9727);
#9722 = PLANE('',#9723);
#9723 = AXIS2_PLACEMENT_3D('',#9724,#9725,#9726);
#9724 = CARTESIAN_POINT('',(-4.375808424126E-15,1.1100836264E-15,0.));
#9725 = DIRECTION('',(0.,0.,1.));
#9726 = DIRECTION('',(1.,0.,-0.));
#9727 = DEFINITIONAL_REPRESENTATION('',(#9728),#9732);
#9728 = CIRCLE('',#9729,80.);
#9729 = AXIS2_PLACEMENT_2D('',#9730,#9731);
#9730 = CARTESIAN_POINT('',(4.375808424126E-15,-1.1100836264E-15));
#9731 = DIRECTION('',(1.,0.));
#9732 = ( GEOMETRIC_REPRESENTATION_CONTEXT(2) 
PARAMETRIC_REPRESENTATION_CONTEXT() REPRESENTATION_CONTEXT('2D SPACE',''
  ) );
#9733 = ORIENTED_EDGE('',*,*,#9734,.T.);
#9734 = EDGE_CURVE('',#9706,#5494,#9735,.T.);
#9735 = SEAM_CURVE('',#9736,(#9740,#9747),.PCURVE_S1.);
#9736 = LINE('',#9737,#9738);
#9737 = CARTESIAN_POINT('',(80.,0.,0.));
#9738 = VECTOR('',#9739,1.);
#9739 = DIRECTION('',(0.,0.,1.));
#9740 = PCURVE('',#5509,#9741);
#9741 = DEFINITIONAL_REPRESENTATION('',(#9742),#9746);
#9742 = LINE('',#9743,#9744);
#9743 = CARTESIAN_POINT('',(-6.28318530718,0.));
#9744 = VECTOR('',#9745,1.);
#9745 = DIRECTION('',(-0.,-1.));
#9746 = ( GEOMETRIC_REPRESENTATION_CONTEXT(2) 
PARAMETRIC_REPRESENTATION_CONTEXT() REPRESENTATION_CONTEXT('2D SPACE',''
  ) );
#9747 = PCURVE('',#5509,#9748);
#9748 = DEFINITIONAL_REPRESENTATION('',(#9749),#9753);
#9749 = LINE('',#9750,#9751);
#9750 = CARTESIAN_POINT('',(-0.,0.));
#9751 = VECTOR('',#9752,1.);
#9752 = DIRECTION('',(-0.,-1.));
#9753 = ( GEOMETRIC_REPRESENTATION_CONTEXT(2) 
PARAMETRIC_REPRESENTATION_CONTEXT() REPRESENTATION_CONTEXT('2D SPACE',''
  ) );
#9754 = ORIENTED_EDGE('',*,*,#5493,.T.);
#9755 = ORIENTED_EDGE('',*,*,#9734,.F.);
#9756 = ADVANCED_FACE('',(#9757),#5662,.F.);
#9757 = FACE_BOUND('',#9758,.F.);
#9758 = EDGE_LOOP('',(#9759,#9760,#9761,#9784,#9854,#9892));
#9759 = ORIENTED_EDGE('',*,*,#5632,.T.);
#9760 = ORIENTED_EDGE('',*,*,#6013,.T.);
#9761 = ORIENTED_EDGE('',*,*,#9762,.T.);
#9762 = EDGE_CURVE('',#6014,#9763,#9765,.T.);
#9763 = VERTEX_POINT('',#9764);
#9764 = CARTESIAN_POINT('',(72.571024560863,-7.902303093821,1.45));
#9765 = SURFACE_CURVE('',#9766,(#9770,#9777),.PCURVE_S1.);
#9766 = LINE('',#9767,#9768);
#9767 = CARTESIAN_POINT('',(64.618035567892,-7.03629727532,1.45));
#9768 = VECTOR('',#9769,1.);
#9769 = DIRECTION('',(0.994123624121,-0.108250727313,0.));
#9770 = PCURVE('',#5662,#9771);
#9771 = DEFINITIONAL_REPRESENTATION('',(#9772),#9776);
#9772 = LINE('',#9773,#9774);
#9773 = CARTESIAN_POINT('',(0.,0.));
#9774 = VECTOR('',#9775,1.);
#9775 = DIRECTION('',(1.,0.));
#9776 = ( GEOMETRIC_REPRESENTATION_CONTEXT(2) 
PARAMETRIC_REPRESENTATION_CONTEXT() REPRESENTATION_CONTEXT('2D SPACE',''
  ) );
#9777 = PCURVE('',#6086,#9778);
#9778 = DEFINITIONAL_REPRESENTATION('',(#9779),#9783);
#9779 = LINE('',#9780,#9781);
#9780 = CARTESIAN_POINT('',(0.238378531593,-1.430271189557));
#9781 = VECTOR('',#9782,1.);
#9782 = DIRECTION('',(0.986393923832,0.164398987305));
#9783 = ( GEOMETRIC_REPRESENTATION_CONTEXT(2) 
PARAMETRIC_REPRESENTATION_CONTEXT() REPRESENTATION_CONTEXT('2D SPACE',''
  ) );
#9784 = ORIENTED_EDGE('',*,*,#9785,.T.);
#9785 = EDGE_CURVE('',#9763,#9786,#9788,.T.);
#9786 = VERTEX_POINT('',#9787);
#9787 = CARTESIAN_POINT('',(73.,0.,0.69917745111));
#9788 = SURFACE_CURVE('',#9789,(#9807,#9828),.PCURVE_S1.);
#9789 = B_SPLINE_CURVE_WITH_KNOTS('',4,(#9790,#9791,#9792,#9793,#9794,
    #9795,#9796,#9797,#9798,#9799,#9800,#9801,#9802,#9803,#9804,#9805,
    #9806),.UNSPECIFIED.,.F.,.F.,(5,3,3,3,3,5),(0.,0.497963283054,
    0.942943221252,0.971372371568,0.984913956081,1.),.UNSPECIFIED.);
#9790 = CARTESIAN_POINT('',(72.571024560863,-7.902303093821,1.45));
#9791 = CARTESIAN_POINT('',(72.67732243615,-6.926113541653,1.35618765486
    ));
#9792 = CARTESIAN_POINT('',(72.766314884558,-5.946156151718,
    1.262550149534));
#9793 = CARTESIAN_POINT('',(72.837749773981,-4.963340471314,
    1.169040528971));
#9794 = CARTESIAN_POINT('',(72.939527555209,-3.098695537352,
    0.992128382922));
#9795 = CARTESIAN_POINT('',(72.973434180417,-2.217246520129,
    0.908709008283));
#9796 = CARTESIAN_POINT('',(72.993126410295,-1.334972702457,
    0.825324193431));
#9797 = CARTESIAN_POINT('',(72.998946593727,-0.396200057989,
    0.736615471514));
#9798 = CARTESIAN_POINT('',(72.999238058488,-0.3398244004,0.731288350684
    ));
#9799 = CARTESIAN_POINT('',(72.999471472694,-0.28344841792,0.72596123469
    ));
#9800 = CARTESIAN_POINT('',(72.999730366286,-0.200218797293,
    0.718096662198));
#9801 = CARTESIAN_POINT('',(72.999800724515,-0.173365606883,
    0.715559240185));
#9802 = CARTESIAN_POINT('',(72.999857911316,-0.146512750435,
    0.713021849277));
#9803 = CARTESIAN_POINT('',(72.999950963843,-8.974515237736E-02,
    0.707657735819));
#9804 = CARTESIAN_POINT('',(72.999983654668,-5.983005355713E-02,
    0.704830978735));
#9805 = CARTESIAN_POINT('',(73.,-2.991499722516E-02,0.702004217926));
#9806 = CARTESIAN_POINT('',(73.,-1.7763568394E-14,0.69917745111));
#9807 = PCURVE('',#5662,#9808);
#9808 = DEFINITIONAL_REPRESENTATION('',(#9809),#9827);
#9809 = B_SPLINE_CURVE_WITH_KNOTS('',4,(#9810,#9811,#9812,#9813,#9814,
    #9815,#9816,#9817,#9818,#9819,#9820,#9821,#9822,#9823,#9824,#9825,
    #9826),.UNSPECIFIED.,.F.,.F.,(5,3,3,3,3,5),(0.,0.497963283054,
    0.942943221252,0.971372371568,0.984913956081,1.),.UNSPECIFIED.);
#9810 = CARTESIAN_POINT('',(8.,0.));
#9811 = CARTESIAN_POINT('',(8.103208146216,6.469816906199E-02));
#9812 = CARTESIAN_POINT('',(8.189001481739,0.129275758942));
#9813 = CARTESIAN_POINT('',(8.257129911078,0.193765152434));
#9814 = CARTESIAN_POINT('',(8.352448840879,0.31577352902));
#9815 = CARTESIAN_POINT('',(8.383224110931,0.373304132219));
#9816 = CARTESIAN_POINT('',(8.399703684287,0.430810901082));
#9817 = CARTESIAN_POINT('',(8.402022229232,0.49198932999));
#9818 = CARTESIAN_POINT('',(8.402103092441,0.495663206425));
#9819 = CARTESIAN_POINT('',(8.402125584522,0.499337079524));
#9820 = CARTESIAN_POINT('',(8.402072615732,0.504760922622));
#9821 = CARTESIAN_POINT('',(8.402042282279,0.506510868838));
#9822 = CARTESIAN_POINT('',(8.401998706196,0.508260793602));
#9823 = CARTESIAN_POINT('',(8.401878590346,0.511960182194));
#9824 = CARTESIAN_POINT('',(8.401799183832,0.513909669681));
#9825 = CARTESIAN_POINT('',(8.401702427309,0.515859160176));
#9826 = CARTESIAN_POINT('',(8.401589823548,0.517808654532));
#9827 = ( GEOMETRIC_REPRESENTATION_CONTEXT(2) 
PARAMETRIC_REPRESENTATION_CONTEXT() REPRESENTATION_CONTEXT('2D SPACE',''
  ) );
#9828 = PCURVE('',#9829,#9834);
#9829 = CYLINDRICAL_SURFACE('',#9830,73.);
#9830 = AXIS2_PLACEMENT_3D('',#9831,#9832,#9833);
#9831 = CARTESIAN_POINT('',(0.,0.,0.));
#9832 = DIRECTION('',(-0.,-0.,-1.));
#9833 = DIRECTION('',(1.,0.,0.));
#9834 = DEFINITIONAL_REPRESENTATION('',(#9835),#9853);
#9835 = B_SPLINE_CURVE_WITH_KNOTS('',4,(#9836,#9837,#9838,#9839,#9840,
    #9841,#9842,#9843,#9844,#9845,#9846,#9847,#9848,#9849,#9850,#9851,
    #9852),.UNSPECIFIED.,.F.,.F.,(5,3,3,3,3,5),(0.,0.497963283054,
    0.942943221252,0.971372371568,0.984913956081,1.),.UNSPECIFIED.);
#9836 = CARTESIAN_POINT('',(-6.174722039542,-1.45));
#9837 = CARTESIAN_POINT('',(-6.188173545264,-1.35618765486));
#9838 = CARTESIAN_POINT('',(-6.201650696451,-1.262550149534));
#9839 = CARTESIAN_POINT('',(-6.215147244079,-1.169040528971));
#9840 = CARTESIAN_POINT('',(-6.240728347269,-0.992128382922));
#9841 = CARTESIAN_POINT('',(-6.252810357081,-0.908709008283));
#9842 = CARTESIAN_POINT('',(-6.264897737865,-0.825324193431));
#9843 = CARTESIAN_POINT('',(-6.277757884251,-0.736615471514));
#9844 = CARTESIAN_POINT('',(-6.278530163445,-0.731288350684));
#9845 = CARTESIAN_POINT('',(-6.279302443387,-0.72596123469));
#9846 = CARTESIAN_POINT('',(-6.280442580692,-0.718096662198));
#9847 = CARTESIAN_POINT('',(-6.280810433834,-0.715559240185));
#9848 = CARTESIAN_POINT('',(-6.281178281973,-0.713021849277));
#9849 = CARTESIAN_POINT('',(-6.281955921347,-0.707657735819));
#9850 = CARTESIAN_POINT('',(-6.282365717405,-0.704830978735));
#9851 = CARTESIAN_POINT('',(-6.282775512697,-0.702004217926));
#9852 = CARTESIAN_POINT('',(-6.28318530718,-0.69917745111));
#9853 = ( GEOMETRIC_REPRESENTATION_CONTEXT(2) 
PARAMETRIC_REPRESENTATION_CONTEXT() REPRESENTATION_CONTEXT('2D SPACE',''
  ) );
#9854 = ORIENTED_EDGE('',*,*,#9855,.T.);
#9855 = EDGE_CURVE('',#9786,#9856,#9858,.T.);
#9856 = VERTEX_POINT('',#9857);
#9857 = CARTESIAN_POINT('',(72.628154754593,7.358745609333,0.));
#9858 = SURFACE_CURVE('',#9859,(#9868,#9880),.PCURVE_S1.);
#9859 = B_SPLINE_CURVE_WITH_KNOTS('',4,(#9860,#9861,#9862,#9863,#9864,
    #9865,#9866,#9867),.UNSPECIFIED.,.F.,.F.,(5,3,5),(0.,0.500615448226,
    1.),.UNSPECIFIED.);
#9860 = CARTESIAN_POINT('',(73.,1.721434137598E-16,0.69917745111));
#9861 = CARTESIAN_POINT('',(73.,0.924334288693,0.611834053909));
#9862 = CARTESIAN_POINT('',(72.984394578321,1.848608970033,
    0.524485273732));
#9863 = CARTESIAN_POINT('',(72.953188596047,2.772017901299,
    0.437095105967));
#9864 = CARTESIAN_POINT('',(72.859903102779,4.613257610108,
    0.262373689403));
#9865 = CARTESIAN_POINT('',(72.797899439505,5.531097827635,
    0.175042745573));
#9866 = CARTESIAN_POINT('',(72.720583466275,6.446507691051,
    8.759759887066E-02));
#9867 = CARTESIAN_POINT('',(72.628154754593,7.358745609334,0.));
#9868 = PCURVE('',#5662,#9869);
#9869 = DEFINITIONAL_REPRESENTATION('',(#9870),#9879);
#9870 = B_SPLINE_CURVE_WITH_KNOTS('',4,(#9871,#9872,#9873,#9874,#9875,
    #9876,#9877,#9878),.UNSPECIFIED.,.F.,.F.,(5,3,5),(0.,0.500615448226,
    1.),.UNSPECIFIED.);
#9871 = CARTESIAN_POINT('',(8.401590084377,0.517808654407));
#9872 = CARTESIAN_POINT('',(8.39811077546,0.578045480063));
#9873 = CARTESIAN_POINT('',(8.378940420157,0.638286018116));
#9874 = CARTESIAN_POINT('',(8.344086940714,0.698555099333));
#9875 = CARTESIAN_POINT('',(8.243357607465,0.819052627998));
#9876 = CARTESIAN_POINT('',(8.177557983101,0.879280865122));
#9877 = CARTESIAN_POINT('',(8.096370960335,0.939587862848));
#9878 = CARTESIAN_POINT('',(8.,1.));
#9879 = ( GEOMETRIC_REPRESENTATION_CONTEXT(2) 
PARAMETRIC_REPRESENTATION_CONTEXT() REPRESENTATION_CONTEXT('2D SPACE',''
  ) );
#9880 = PCURVE('',#9829,#9881);
#9881 = DEFINITIONAL_REPRESENTATION('',(#9882),#9891);
#9882 = B_SPLINE_CURVE_WITH_KNOTS('',4,(#9883,#9884,#9885,#9886,#9887,
    #9888,#9889,#9890),.UNSPECIFIED.,.F.,.F.,(5,3,5),(0.,0.500615448226,
    1.),.UNSPECIFIED.);
#9883 = CARTESIAN_POINT('',(-6.28318530718,-0.69917745111));
#9884 = CARTESIAN_POINT('',(-6.295847420723,-0.611834053909));
#9885 = CARTESIAN_POINT('',(-6.308508715141,-0.524485273732));
#9886 = CARTESIAN_POINT('',(-6.321163576548,-0.437095105967));
#9887 = CARTESIAN_POINT('',(-6.34641838923,-0.262373689403));
#9888 = CARTESIAN_POINT('',(-6.359018412076,-0.175042745573));
#9889 = CARTESIAN_POINT('',(-6.3716011602,-8.759759887066E-02));
#9890 = CARTESIAN_POINT('',(-6.384161549781,0.));
#9891 = ( GEOMETRIC_REPRESENTATION_CONTEXT(2) 
PARAMETRIC_REPRESENTATION_CONTEXT() REPRESENTATION_CONTEXT('2D SPACE',''
  ) );
#9892 = ORIENTED_EDGE('',*,*,#9893,.F.);
#9893 = EDGE_CURVE('',#5633,#9856,#9894,.T.);
#9894 = SURFACE_CURVE('',#9895,(#9899,#9906),.PCURVE_S1.);
#9895 = LINE('',#9896,#9897);
#9896 = CARTESIAN_POINT('',(64.668904918473,6.552307734339,0.));
#9897 = VECTOR('',#9898,1.);
#9898 = DIRECTION('',(0.994906229515,0.100804734374,0.));
#9899 = PCURVE('',#5662,#9900);
#9900 = DEFINITIONAL_REPRESENTATION('',(#9901),#9905);
#9901 = LINE('',#9902,#9903);
#9902 = CARTESIAN_POINT('',(0.,1.));
#9903 = VECTOR('',#9904,1.);
#9904 = DIRECTION('',(1.,0.));
#9905 = ( GEOMETRIC_REPRESENTATION_CONTEXT(2) 
PARAMETRIC_REPRESENTATION_CONTEXT() REPRESENTATION_CONTEXT('2D SPACE',''
  ) );
#9906 = PCURVE('',#8404,#9907);
#9907 = DEFINITIONAL_REPRESENTATION('',(#9908),#9912);
#9908 = LINE('',#9909,#9910);
#9909 = CARTESIAN_POINT('',(0.,0.));
#9910 = VECTOR('',#9911,1.);
#9911 = DIRECTION('',(0.986393923832,0.164398987305));
#9912 = ( GEOMETRIC_REPRESENTATION_CONTEXT(2) 
PARAMETRIC_REPRESENTATION_CONTEXT() REPRESENTATION_CONTEXT('2D SPACE',''
  ) );
#9913 = ADVANCED_FACE('',(#9914),#8404,.T.);
#9914 = FACE_BOUND('',#9915,.T.);
#9915 = EDGE_LOOP('',(#9916,#9917,#9918,#9941));
#9916 = ORIENTED_EDGE('',*,*,#9893,.F.);
#9917 = ORIENTED_EDGE('',*,*,#8390,.F.);
#9918 = ORIENTED_EDGE('',*,*,#9919,.T.);
#9919 = EDGE_CURVE('',#8338,#9920,#9922,.T.);
#9920 = VERTEX_POINT('',#9921);
#9921 = CARTESIAN_POINT('',(72.628154754593,7.358745609334,1.45));
#9922 = SURFACE_CURVE('',#9923,(#9927,#9934),.PCURVE_S1.);
#9923 = LINE('',#9924,#9925);
#9924 = CARTESIAN_POINT('',(64.668904918473,6.552307734339,1.45));
#9925 = VECTOR('',#9926,1.);
#9926 = DIRECTION('',(0.994906229515,0.100804734374,0.));
#9927 = PCURVE('',#8404,#9928);
#9928 = DEFINITIONAL_REPRESENTATION('',(#9929),#9933);
#9929 = LINE('',#9930,#9931);
#9930 = CARTESIAN_POINT('',(0.238378531593,-1.430271189557));
#9931 = VECTOR('',#9932,1.);
#9932 = DIRECTION('',(0.986393923832,0.164398987305));
#9933 = ( GEOMETRIC_REPRESENTATION_CONTEXT(2) 
PARAMETRIC_REPRESENTATION_CONTEXT() REPRESENTATION_CONTEXT('2D SPACE',''
  ) );
#9934 = PCURVE('',#8367,#9935);
#9935 = DEFINITIONAL_REPRESENTATION('',(#9936),#9940);
#9936 = LINE('',#9937,#9938);
#9937 = CARTESIAN_POINT('',(0.,0.));
#9938 = VECTOR('',#9939,1.);
#9939 = DIRECTION('',(1.,0.));
#9940 = ( GEOMETRIC_REPRESENTATION_CONTEXT(2) 
PARAMETRIC_REPRESENTATION_CONTEXT() REPRESENTATION_CONTEXT('2D SPACE',''
  ) );
#9941 = ORIENTED_EDGE('',*,*,#9942,.T.);
#9942 = EDGE_CURVE('',#9920,#9856,#9943,.T.);
#9943 = SURFACE_CURVE('',#9944,(#9948,#9954),.PCURVE_S1.);
#9944 = LINE('',#9945,#9946);
#9945 = CARTESIAN_POINT('',(72.628154754593,7.358745609334,0.));
#9946 = VECTOR('',#9947,1.);
#9947 = DIRECTION('',(-0.,-0.,-1.));
#9948 = PCURVE('',#8404,#9949);
#9949 = DEFINITIONAL_REPRESENTATION('',(#9950),#9953);
#9950 = B_SPLINE_CURVE_WITH_KNOTS('',1,(#9951,#9952),.UNSPECIFIED.,.F.,
  .F.,(2,2),(-1.5000006,6.E-07),.PIECEWISE_BEZIER_KNOTS.);
#9951 = CARTESIAN_POINT('',(8.137749970255,-0.164399579142));
#9952 = CARTESIAN_POINT('',(7.891151292018,1.315192490279));
#9953 = ( GEOMETRIC_REPRESENTATION_CONTEXT(2) 
PARAMETRIC_REPRESENTATION_CONTEXT() REPRESENTATION_CONTEXT('2D SPACE',''
  ) );
#9954 = PCURVE('',#9955,#9960);
#9955 = CYLINDRICAL_SURFACE('',#9956,73.);
#9956 = AXIS2_PLACEMENT_3D('',#9957,#9958,#9959);
#9957 = CARTESIAN_POINT('',(0.,0.,0.));
#9958 = DIRECTION('',(-0.,-0.,-1.));
#9959 = DIRECTION('',(1.,0.,0.));
#9960 = DEFINITIONAL_REPRESENTATION('',(#9961),#9964);
#9961 = B_SPLINE_CURVE_WITH_KNOTS('',1,(#9962,#9963),.UNSPECIFIED.,.F.,
  .F.,(2,2),(-1.5000006,6.E-07),.PIECEWISE_BEZIER_KNOTS.);
#9962 = CARTESIAN_POINT('',(-0.100976242602,-1.5000006));
#9963 = CARTESIAN_POINT('',(-0.100976242602,6.E-07));
#9964 = ( GEOMETRIC_REPRESENTATION_CONTEXT(2) 
PARAMETRIC_REPRESENTATION_CONTEXT() REPRESENTATION_CONTEXT('2D SPACE',''
  ) );
#9965 = ADVANCED_FACE('',(#9966),#8367,.F.);
#9966 = FACE_BOUND('',#9967,.F.);
#9967 = EDGE_LOOP('',(#9968,#9969,#9970,#10026));
#9968 = ORIENTED_EDGE('',*,*,#8337,.F.);
#9969 = ORIENTED_EDGE('',*,*,#9919,.T.);
#9970 = ORIENTED_EDGE('',*,*,#9971,.T.);
#9971 = EDGE_CURVE('',#9920,#9972,#9974,.T.);
#9972 = VERTEX_POINT('',#9973);
#9973 = CARTESIAN_POINT('',(69.511086076995,22.29818181818,0.));
#9974 = SURFACE_CURVE('',#9975,(#9990,#10008),.PCURVE_S1.);
#9975 = B_SPLINE_CURVE_WITH_KNOTS('',4,(#9976,#9977,#9978,#9979,#9980,
    #9981,#9982,#9983,#9984,#9985,#9986,#9987,#9988,#9989),
  .UNSPECIFIED.,.F.,.F.,(5,3,3,3,5),(0.,0.250856813164,0.501193024733,
    0.751220097752,1.),.UNSPECIFIED.);
#9976 = CARTESIAN_POINT('',(72.628154754593,7.358745609334,1.45));
#9977 = CARTESIAN_POINT('',(72.531859049017,8.309149357212,
    1.358737529319));
#9978 = CARTESIAN_POINT('',(72.418802386366,9.25963583888,1.267640527831
    ));
#9979 = CARTESIAN_POINT('',(72.288931841886,10.209337921614,
    1.176665755939));
#9980 = CARTESIAN_POINT('',(71.99599759158,12.10341946834,0.995067038889
    ));
#9981 = CARTESIAN_POINT('',(71.833003300453,13.04780750397,0.90444266232
    ));
#9982 = CARTESIAN_POINT('',(71.653395086876,13.989638508433,
    0.813858099245));
#9983 = CARTESIAN_POINT('',(71.261560924577,15.865266442781,
    0.632800165143));
#9984 = CARTESIAN_POINT('',(71.04937518803,16.799073486862,
    0.542326697533));
#9985 = CARTESIAN_POINT('',(70.820983662725,17.728575807824,
    0.451812797261));
#9986 = CARTESIAN_POINT('',(70.333597559546,19.572687209805,
    0.271074604418));
#9987 = CARTESIAN_POINT('',(70.074760713565,20.487348907317,
    0.180851026622));
#9988 = CARTESIAN_POINT('',(69.800461720953,21.396098614277,
    9.050688427036E-02));
#9989 = CARTESIAN_POINT('',(69.511086076994,22.298181818182,0.));
#9990 = PCURVE('',#8367,#9991);
#9991 = DEFINITIONAL_REPRESENTATION('',(#9992),#10007);
#9992 = B_SPLINE_CURVE_WITH_KNOTS('',4,(#9993,#9994,#9995,#9996,#9997,
    #9998,#9999,#10000,#10001,#10002,#10003,#10004,#10005,#10006),
  .UNSPECIFIED.,.F.,.F.,(5,3,3,3,5),(0.,0.250856813164,0.501193024733,
    0.751220097752,1.),.UNSPECIFIED.);
#9993 = CARTESIAN_POINT('',(8.,0.));
#9994 = CARTESIAN_POINT('',(8.100402888384,6.293963495269E-02));
#9995 = CARTESIAN_POINT('',(8.184324769913,0.12576515322));
#9996 = CARTESIAN_POINT('',(8.251535463995,0.188506375215));
#9997 = CARTESIAN_POINT('',(8.352191325519,0.313746869732));
#9998 = CARTESIAN_POINT('',(8.385706579015,0.376246439779));
#9999 = CARTESIAN_POINT('',(8.402343415476,0.438718552245));
#10000 = CARTESIAN_POINT('',(8.401861098799,0.563586093005));
#10001 = CARTESIAN_POINT('',(8.384783604147,0.625981587908));
#10002 = CARTESIAN_POINT('',(8.350870493255,0.688404967406));
#10003 = CARTESIAN_POINT('',(8.249862665117,0.813051996953));
#10004 = CARTESIAN_POINT('',(8.182934011178,0.875275154054));
#10005 = CARTESIAN_POINT('',(8.099571626009,0.937581459124));
#10006 = CARTESIAN_POINT('',(8.,1.));
#10007 = ( GEOMETRIC_REPRESENTATION_CONTEXT(2) 
PARAMETRIC_REPRESENTATION_CONTEXT() REPRESENTATION_CONTEXT('2D SPACE',''
  ) );
#10008 = PCURVE('',#9955,#10009);
#10009 = DEFINITIONAL_REPRESENTATION('',(#10010),#10025);
#10010 = B_SPLINE_CURVE_WITH_KNOTS('',4,(#10011,#10012,#10013,#10014,
    #10015,#10016,#10017,#10018,#10019,#10020,#10021,#10022,#10023,
    #10024),.UNSPECIFIED.,.F.,.F.,(5,3,3,3,5),(0.,0.250856813164,
    0.501193024733,0.751220097752,1.),.UNSPECIFIED.);
#10011 = CARTESIAN_POINT('',(-0.100976242602,-1.45));
#10012 = CARTESIAN_POINT('',(-0.114062128524,-1.358737529319));
#10013 = CARTESIAN_POINT('',(-0.127172283986,-1.267640527831));
#10014 = CARTESIAN_POINT('',(-0.140300957567,-1.176665755939));
#10015 = CARTESIAN_POINT('',(-0.166555751447,-0.995067038889));
#10016 = CARTESIAN_POINT('',(-0.17968183637,-0.90444266232));
#10017 = CARTESIAN_POINT('',(-0.192814119135,-0.813858099245));
#10018 = CARTESIAN_POINT('',(-0.219062332252,-0.632800165143));
#10019 = CARTESIAN_POINT('',(-0.232178279382,-0.542326697533));
#10020 = CARTESIAN_POINT('',(-0.245287933204,-0.451812797261));
#10021 = CARTESIAN_POINT('',(-0.271417121598,-0.271074604418));
#10022 = CARTESIAN_POINT('',(-0.284436794972,-0.180851026622));
#10023 = CARTESIAN_POINT('',(-0.297438208469,-9.050688427036E-02));
#10024 = CARTESIAN_POINT('',(-0.310415752841,0.));
#10025 = ( GEOMETRIC_REPRESENTATION_CONTEXT(2) 
PARAMETRIC_REPRESENTATION_CONTEXT() REPRESENTATION_CONTEXT('2D SPACE',''
  ) );
#10026 = ORIENTED_EDGE('',*,*,#10027,.F.);
#10027 = EDGE_CURVE('',#8311,#9972,#10028,.T.);
#10028 = SURFACE_CURVE('',#10029,(#10033,#10040),.PCURVE_S1.);
#10029 = LINE('',#10030,#10031);
#10030 = CARTESIAN_POINT('',(61.893432808283,19.854545454545,0.));
#10031 = VECTOR('',#10032,1.);
#10032 = DIRECTION('',(0.952206658589,0.305454545455,0.));
#10033 = PCURVE('',#8367,#10034);
#10034 = DEFINITIONAL_REPRESENTATION('',(#10035),#10039);
#10035 = LINE('',#10036,#10037);
#10036 = CARTESIAN_POINT('',(0.,1.));
#10037 = VECTOR('',#10038,1.);
#10038 = DIRECTION('',(1.,0.));
#10039 = ( GEOMETRIC_REPRESENTATION_CONTEXT(2) 
PARAMETRIC_REPRESENTATION_CONTEXT() REPRESENTATION_CONTEXT('2D SPACE',''
  ) );
#10040 = PCURVE('',#8326,#10041);
#10041 = DEFINITIONAL_REPRESENTATION('',(#10042),#10046);
#10042 = LINE('',#10043,#10044);
#10043 = CARTESIAN_POINT('',(0.,0.));
#10044 = VECTOR('',#10045,1.);
#10045 = DIRECTION('',(0.986393923832,0.164398987305));
#10046 = ( GEOMETRIC_REPRESENTATION_CONTEXT(2) 
PARAMETRIC_REPRESENTATION_CONTEXT() REPRESENTATION_CONTEXT('2D SPACE',''
  ) );
#10047 = ADVANCED_FACE('',(#10048),#8326,.T.);
#10048 = FACE_BOUND('',#10049,.T.);
#10049 = EDGE_LOOP('',(#10050,#10051,#10052,#10075));
#10050 = ORIENTED_EDGE('',*,*,#10027,.F.);
#10051 = ORIENTED_EDGE('',*,*,#8310,.F.);
#10052 = ORIENTED_EDGE('',*,*,#10053,.T.);
#10053 = EDGE_CURVE('',#8258,#10054,#10056,.T.);
#10054 = VERTEX_POINT('',#10055);
#10055 = CARTESIAN_POINT('',(69.511086076994,22.298181818182,1.45));
#10056 = SURFACE_CURVE('',#10057,(#10061,#10068),.PCURVE_S1.);
#10057 = LINE('',#10058,#10059);
#10058 = CARTESIAN_POINT('',(61.893432808283,19.854545454545,1.45));
#10059 = VECTOR('',#10060,1.);
#10060 = DIRECTION('',(0.952206658589,0.305454545455,0.));
#10061 = PCURVE('',#8326,#10062);
#10062 = DEFINITIONAL_REPRESENTATION('',(#10063),#10067);
#10063 = LINE('',#10064,#10065);
#10064 = CARTESIAN_POINT('',(0.238378531593,-1.430271189557));
#10065 = VECTOR('',#10066,1.);
#10066 = DIRECTION('',(0.986393923832,0.164398987305));
#10067 = ( GEOMETRIC_REPRESENTATION_CONTEXT(2) 
PARAMETRIC_REPRESENTATION_CONTEXT() REPRESENTATION_CONTEXT('2D SPACE',''
  ) );
#10068 = PCURVE('',#8287,#10069);
#10069 = DEFINITIONAL_REPRESENTATION('',(#10070),#10074);
#10070 = LINE('',#10071,#10072);
#10071 = CARTESIAN_POINT('',(0.,0.));
#10072 = VECTOR('',#10073,1.);
#10073 = DIRECTION('',(1.,0.));
#10074 = ( GEOMETRIC_REPRESENTATION_CONTEXT(2) 
PARAMETRIC_REPRESENTATION_CONTEXT() REPRESENTATION_CONTEXT('2D SPACE',''
  ) );
#10075 = ORIENTED_EDGE('',*,*,#10076,.T.);
#10076 = EDGE_CURVE('',#10054,#9972,#10077,.T.);
#10077 = SURFACE_CURVE('',#10078,(#10082,#10088),.PCURVE_S1.);
#10078 = LINE('',#10079,#10080);
#10079 = CARTESIAN_POINT('',(69.511086076994,22.298181818182,
    1.199613388974E-30));
#10080 = VECTOR('',#10081,1.);
#10081 = DIRECTION('',(-0.,-0.,-1.));
#10082 = PCURVE('',#8326,#10083);
#10083 = DEFINITIONAL_REPRESENTATION('',(#10084),#10087);
#10084 = B_SPLINE_CURVE_WITH_KNOTS('',1,(#10085,#10086),.UNSPECIFIED.,
  .F.,.F.,(2,2),(-1.5000006,6.E-07),.PIECEWISE_BEZIER_KNOTS.);
#10085 = CARTESIAN_POINT('',(8.137749970255,-0.164399579142));
#10086 = CARTESIAN_POINT('',(7.891151292018,1.315192490279));
#10087 = ( GEOMETRIC_REPRESENTATION_CONTEXT(2) 
PARAMETRIC_REPRESENTATION_CONTEXT() REPRESENTATION_CONTEXT('2D SPACE',''
  ) );
#10088 = PCURVE('',#10089,#10094);
#10089 = CYLINDRICAL_SURFACE('',#10090,73.);
#10090 = AXIS2_PLACEMENT_3D('',#10091,#10092,#10093);
#10091 = CARTESIAN_POINT('',(0.,0.,0.));
#10092 = DIRECTION('',(-0.,-0.,-1.));
#10093 = DIRECTION('',(1.,0.,0.));
#10094 = DEFINITIONAL_REPRESENTATION('',(#10095),#10098);
#10095 = B_SPLINE_CURVE_WITH_KNOTS('',1,(#10096,#10097),.UNSPECIFIED.,
  .F.,.F.,(2,2),(-1.5000006,6.E-07),.PIECEWISE_BEZIER_KNOTS.);
#10096 = CARTESIAN_POINT('',(-0.310415752841,-1.5000006));
#10097 = CARTESIAN_POINT('',(-0.310415752841,6.E-07));
#10098 = ( GEOMETRIC_REPRESENTATION_CONTEXT(2) 
PARAMETRIC_REPRESENTATION_CONTEXT() REPRESENTATION_CONTEXT('2D SPACE',''
  ) );
#10099 = ADVANCED_FACE('',(#10100),#8287,.F.);
#10100 = FACE_BOUND('',#10101,.F.);
#10101 = EDGE_LOOP('',(#10102,#10103,#10104,#10160));
#10102 = ORIENTED_EDGE('',*,*,#8257,.F.);
#10103 = ORIENTED_EDGE('',*,*,#10053,.T.);
#10104 = ORIENTED_EDGE('',*,*,#10105,.T.);
#10105 = EDGE_CURVE('',#10054,#10106,#10108,.T.);
#10106 = VERTEX_POINT('',#10107);
#10107 = CARTESIAN_POINT('',(63.356049386634,36.263080483026,0.));
#10108 = SURFACE_CURVE('',#10109,(#10124,#10142),.PCURVE_S1.);
#10109 = B_SPLINE_CURVE_WITH_KNOTS('',4,(#10110,#10111,#10112,#10113,
    #10114,#10115,#10116,#10117,#10118,#10119,#10120,#10121,#10122,
    #10123),.UNSPECIFIED.,.F.,.F.,(5,3,3,3,5),(0.,0.250856813164,
    0.501193024733,0.751220097742,1.),.UNSPECIFIED.);
#10110 = CARTESIAN_POINT('',(69.511086076994,22.298181818182,1.45));
#10111 = CARTESIAN_POINT('',(69.219294613443,23.207795960932,
    1.358737529319));
#10112 = CARTESIAN_POINT('',(68.911091258621,24.114006230616,
    1.267640527831));
#10113 = CARTESIAN_POINT('',(68.586604531338,25.015953439763,
    1.176665755939));
#10114 = CARTESIAN_POINT('',(67.906269900302,26.807740305008,
    0.995067038889));
#10115 = CARTESIAN_POINT('',(67.550488112226,27.69760277756,
    0.90444266232));
#10116 = CARTESIAN_POINT('',(67.178987092442,28.581509867502,
    0.813858099245));
#10117 = CARTESIAN_POINT('',(66.405750471544,30.334683928112,
    0.632800165147));
#10118 = CARTESIAN_POINT('',(66.004052101018,31.203969152538,
    0.542326697541));
#10119 = CARTESIAN_POINT('',(65.587397079361,32.065674349431,
    0.451812797273));
#10120 = CARTESIAN_POINT('',(64.727249212268,33.768154223974,
    0.27107460443));
#10121 = CARTESIAN_POINT('',(64.283899712315,34.609013162623,
    0.18085102663));
#10122 = CARTESIAN_POINT('',(63.826655122685,35.440874540846,
    9.050688427434E-02));
#10123 = CARTESIAN_POINT('',(63.356049386633,36.263080483027,0.));
#10124 = PCURVE('',#8287,#10125);
#10125 = DEFINITIONAL_REPRESENTATION('',(#10126),#10141);
#10126 = B_SPLINE_CURVE_WITH_KNOTS('',4,(#10127,#10128,#10129,#10130,
    #10131,#10132,#10133,#10134,#10135,#10136,#10137,#10138,#10139,
    #10140),.UNSPECIFIED.,.F.,.F.,(5,3,3,3,5),(0.,0.250856813164,
    0.501193024733,0.751220097742,1.),.UNSPECIFIED.);
#10127 = CARTESIAN_POINT('',(8.,0.));
#10128 = CARTESIAN_POINT('',(8.100402888384,6.293963495269E-02));
#10129 = CARTESIAN_POINT('',(8.184324769913,0.12576515322));
#10130 = CARTESIAN_POINT('',(8.251535463995,0.188506375215));
#10131 = CARTESIAN_POINT('',(8.352191325519,0.313746869732));
#10132 = CARTESIAN_POINT('',(8.385706579015,0.376246439779));
#10133 = CARTESIAN_POINT('',(8.402343415476,0.438718552245));
#10134 = CARTESIAN_POINT('',(8.401861098799,0.563586093002));
#10135 = CARTESIAN_POINT('',(8.384783604148,0.625981587903));
#10136 = CARTESIAN_POINT('',(8.35087049326,0.688404967398));
#10137 = CARTESIAN_POINT('',(8.249862665125,0.813051996945));
#10138 = CARTESIAN_POINT('',(8.182934011186,0.875275154048));
#10139 = CARTESIAN_POINT('',(8.099571626014,0.937581459121));
#10140 = CARTESIAN_POINT('',(8.,1.));
#10141 = ( GEOMETRIC_REPRESENTATION_CONTEXT(2) 
PARAMETRIC_REPRESENTATION_CONTEXT() REPRESENTATION_CONTEXT('2D SPACE',''
  ) );
#10142 = PCURVE('',#10089,#10143);
#10143 = DEFINITIONAL_REPRESENTATION('',(#10144),#10159);
#10144 = B_SPLINE_CURVE_WITH_KNOTS('',4,(#10145,#10146,#10147,#10148,
    #10149,#10150,#10151,#10152,#10153,#10154,#10155,#10156,#10157,
    #10158),.UNSPECIFIED.,.F.,.F.,(5,3,3,3,5),(0.,0.250856813164,
    0.501193024733,0.751220097742,1.),.UNSPECIFIED.);
#10145 = CARTESIAN_POINT('',(-0.310415752841,-1.45));
#10146 = CARTESIAN_POINT('',(-0.323501638763,-1.358737529319));
#10147 = CARTESIAN_POINT('',(-0.336611794226,-1.267640527831));
#10148 = CARTESIAN_POINT('',(-0.349740467807,-1.176665755939));
#10149 = CARTESIAN_POINT('',(-0.375995261686,-0.995067038889));
#10150 = CARTESIAN_POINT('',(-0.389121346609,-0.90444266232));
#10151 = CARTESIAN_POINT('',(-0.402253629374,-0.813858099245));
#10152 = CARTESIAN_POINT('',(-0.42850184249,-0.632800165147));
#10153 = CARTESIAN_POINT('',(-0.44161778962,-0.542326697541));
#10154 = CARTESIAN_POINT('',(-0.454727443442,-0.451812797273));
#10155 = CARTESIAN_POINT('',(-0.480856631836,-0.27107460443));
#10156 = CARTESIAN_POINT('',(-0.49387630521,-0.18085102663));
#10157 = CARTESIAN_POINT('',(-0.506877718708,-9.050688427434E-02));
#10158 = CARTESIAN_POINT('',(-0.51985526308,0.));
#10159 = ( GEOMETRIC_REPRESENTATION_CONTEXT(2) 
PARAMETRIC_REPRESENTATION_CONTEXT() REPRESENTATION_CONTEXT('2D SPACE',''
  ) );
#10160 = ORIENTED_EDGE('',*,*,#10161,.F.);
#10161 = EDGE_CURVE('',#8231,#10106,#10162,.T.);
#10162 = SURFACE_CURVE('',#10163,(#10167,#10174),.PCURVE_S1.);
#10163 = LINE('',#10164,#10165);
#10164 = CARTESIAN_POINT('',(56.412920686728,32.289044265709,0.));
#10165 = VECTOR('',#10166,1.);
#10166 = DIRECTION('',(0.867891087488,0.496754527165,0.));
#10167 = PCURVE('',#8287,#10168);
#10168 = DEFINITIONAL_REPRESENTATION('',(#10169),#10173);
#10169 = LINE('',#10170,#10171);
#10170 = CARTESIAN_POINT('',(0.,1.));
#10171 = VECTOR('',#10172,1.);
#10172 = DIRECTION('',(1.,0.));
#10173 = ( GEOMETRIC_REPRESENTATION_CONTEXT(2) 
PARAMETRIC_REPRESENTATION_CONTEXT() REPRESENTATION_CONTEXT('2D SPACE',''
  ) );
#10174 = PCURVE('',#8246,#10175);
#10175 = DEFINITIONAL_REPRESENTATION('',(#10176),#10180);
#10176 = LINE('',#10177,#10178);
#10177 = CARTESIAN_POINT('',(0.,0.));
#10178 = VECTOR('',#10179,1.);
#10179 = DIRECTION('',(0.986393923832,0.164398987305));
#10180 = ( GEOMETRIC_REPRESENTATION_CONTEXT(2) 
PARAMETRIC_REPRESENTATION_CONTEXT() REPRESENTATION_CONTEXT('2D SPACE',''
  ) );
#10181 = ADVANCED_FACE('',(#10182),#8246,.T.);
#10182 = FACE_BOUND('',#10183,.T.);
#10183 = EDGE_LOOP('',(#10184,#10185,#10186,#10209));
#10184 = ORIENTED_EDGE('',*,*,#10161,.F.);
#10185 = ORIENTED_EDGE('',*,*,#8230,.F.);
#10186 = ORIENTED_EDGE('',*,*,#10187,.T.);
#10187 = EDGE_CURVE('',#8178,#10188,#10190,.T.);
#10188 = VERTEX_POINT('',#10189);
#10189 = CARTESIAN_POINT('',(63.356049386633,36.263080483027,1.45));
#10190 = SURFACE_CURVE('',#10191,(#10195,#10202),.PCURVE_S1.);
#10191 = LINE('',#10192,#10193);
#10192 = CARTESIAN_POINT('',(56.412920686728,32.289044265709,1.45));
#10193 = VECTOR('',#10194,1.);
#10194 = DIRECTION('',(0.867891087488,0.496754527165,0.));
#10195 = PCURVE('',#8246,#10196);
#10196 = DEFINITIONAL_REPRESENTATION('',(#10197),#10201);
#10197 = LINE('',#10198,#10199);
#10198 = CARTESIAN_POINT('',(0.238378531593,-1.430271189557));
#10199 = VECTOR('',#10200,1.);
#10200 = DIRECTION('',(0.986393923832,0.164398987305));
#10201 = ( GEOMETRIC_REPRESENTATION_CONTEXT(2) 
PARAMETRIC_REPRESENTATION_CONTEXT() REPRESENTATION_CONTEXT('2D SPACE',''
  ) );
#10202 = PCURVE('',#8207,#10203);
#10203 = DEFINITIONAL_REPRESENTATION('',(#10204),#10208);
#10204 = LINE('',#10205,#10206);
#10205 = CARTESIAN_POINT('',(0.,0.));
#10206 = VECTOR('',#10207,1.);
#10207 = DIRECTION('',(1.,0.));
#10208 = ( GEOMETRIC_REPRESENTATION_CONTEXT(2) 
PARAMETRIC_REPRESENTATION_CONTEXT() REPRESENTATION_CONTEXT('2D SPACE',''
  ) );
#10209 = ORIENTED_EDGE('',*,*,#10210,.T.);
#10210 = EDGE_CURVE('',#10188,#10106,#10211,.T.);
#10211 = SURFACE_CURVE('',#10212,(#10216,#10222),.PCURVE_S1.);
#10212 = LINE('',#10213,#10214);
#10213 = CARTESIAN_POINT('',(63.356049386633,36.263080483027,0.));
#10214 = VECTOR('',#10215,1.);
#10215 = DIRECTION('',(-0.,-0.,-1.));
#10216 = PCURVE('',#8246,#10217);
#10217 = DEFINITIONAL_REPRESENTATION('',(#10218),#10221);
#10218 = B_SPLINE_CURVE_WITH_KNOTS('',1,(#10219,#10220),.UNSPECIFIED.,
  .F.,.F.,(2,2),(-1.5000006,6.E-07),.PIECEWISE_BEZIER_KNOTS.);
#10219 = CARTESIAN_POINT('',(8.137749970255,-0.164399579142));
#10220 = CARTESIAN_POINT('',(7.891151292018,1.315192490279));
#10221 = ( GEOMETRIC_REPRESENTATION_CONTEXT(2) 
PARAMETRIC_REPRESENTATION_CONTEXT() REPRESENTATION_CONTEXT('2D SPACE',''
  ) );
#10222 = PCURVE('',#10223,#10228);
#10223 = CYLINDRICAL_SURFACE('',#10224,73.);
#10224 = AXIS2_PLACEMENT_3D('',#10225,#10226,#10227);
#10225 = CARTESIAN_POINT('',(0.,0.,0.));
#10226 = DIRECTION('',(-0.,-0.,-1.));
#10227 = DIRECTION('',(1.,0.,0.));
#10228 = DEFINITIONAL_REPRESENTATION('',(#10229),#10232);
#10229 = B_SPLINE_CURVE_WITH_KNOTS('',1,(#10230,#10231),.UNSPECIFIED.,
  .F.,.F.,(2,2),(-1.5000006,6.E-07),.PIECEWISE_BEZIER_KNOTS.);
#10230 = CARTESIAN_POINT('',(-0.51985526308,-1.5000006));
#10231 = CARTESIAN_POINT('',(-0.51985526308,6.E-07));
#10232 = ( GEOMETRIC_REPRESENTATION_CONTEXT(2) 
PARAMETRIC_REPRESENTATION_CONTEXT() REPRESENTATION_CONTEXT('2D SPACE',''
  ) );
#10233 = ADVANCED_FACE('',(#10234),#8207,.F.);
#10234 = FACE_BOUND('',#10235,.F.);
#10235 = EDGE_LOOP('',(#10236,#10237,#10238,#10294));
#10236 = ORIENTED_EDGE('',*,*,#8177,.F.);
#10237 = ORIENTED_EDGE('',*,*,#10187,.T.);
#10238 = ORIENTED_EDGE('',*,*,#10239,.T.);
#10239 = EDGE_CURVE('',#10188,#10240,#10242,.T.);
#10240 = VERTEX_POINT('',#10241);
#10241 = CARTESIAN_POINT('',(54.432049322021,48.643108521198,0.));
#10242 = SURFACE_CURVE('',#10243,(#10258,#10276),.PCURVE_S1.);
#10243 = B_SPLINE_CURVE_WITH_KNOTS('',4,(#10244,#10245,#10246,#10247,
    #10248,#10249,#10250,#10251,#10252,#10253,#10254,#10255,#10256,
    #10257),.UNSPECIFIED.,.F.,.F.,(5,3,3,3,5),(0.,0.250856813164,
    0.501193024713,0.751220097686,1.),.UNSPECIFIED.);
#10244 = CARTESIAN_POINT('',(63.356049386633,36.263080483027,1.45));
#10245 = CARTESIAN_POINT('',(62.881514852235,37.092150517799,
    1.358737529319));
#10246 = CARTESIAN_POINT('',(62.391634770771,37.914478838234,
    1.267640527831));
#10247 = CARTESIAN_POINT('',(61.886713487727,38.729251752733,
    1.176665755939));
#10248 = CARTESIAN_POINT('',(60.848712363988,40.340434252471,
    0.995067038897));
#10249 = CARTESIAN_POINT('',(60.315692450379,41.136879901793,
    0.904442662335));
#10250 = CARTESIAN_POINT('',(59.768535001659,41.924232095864,
    0.813858099268));
#10251 = CARTESIAN_POINT('',(58.647690073021,43.478330163498,
    0.63280016519));
#10252 = CARTESIAN_POINT('',(58.074035214943,44.245101632605,
    0.542326697596));
#10253 = CARTESIAN_POINT('',(57.487326520793,45.001349053346,
    0.451812797341));
#10254 = CARTESIAN_POINT('',(56.292009478986,46.487790860604,
    0.271074604491));
#10255 = CARTESIAN_POINT('',(55.683523825517,47.218097470009,
    0.18085102667));
#10256 = CARTESIAN_POINT('',(55.063317421412,47.936714185678,
    9.050688429457E-02));
#10257 = CARTESIAN_POINT('',(54.432049322021,48.643108521198,0.));
#10258 = PCURVE('',#8207,#10259);
#10259 = DEFINITIONAL_REPRESENTATION('',(#10260),#10275);
#10260 = B_SPLINE_CURVE_WITH_KNOTS('',4,(#10261,#10262,#10263,#10264,
    #10265,#10266,#10267,#10268,#10269,#10270,#10271,#10272,#10273,
    #10274),.UNSPECIFIED.,.F.,.F.,(5,3,3,3,5),(0.,0.250856813164,
    0.501193024713,0.751220097686,1.),.UNSPECIFIED.);
#10261 = CARTESIAN_POINT('',(8.,0.));
#10262 = CARTESIAN_POINT('',(8.100402888384,6.293963495269E-02));
#10263 = CARTESIAN_POINT('',(8.184324769913,0.12576515322));
#10264 = CARTESIAN_POINT('',(8.251535463995,0.188506375215));
#10265 = CARTESIAN_POINT('',(8.352191325515,0.313746869727));
#10266 = CARTESIAN_POINT('',(8.38570657901,0.376246439769));
#10267 = CARTESIAN_POINT('',(8.402343415472,0.438718552229));
#10268 = CARTESIAN_POINT('',(8.401861098804,0.563586092972));
#10269 = CARTESIAN_POINT('',(8.384783604161,0.625981587865));
#10270 = CARTESIAN_POINT('',(8.350870493287,0.688404967351));
#10271 = CARTESIAN_POINT('',(8.24986266517,0.813051996903));
#10272 = CARTESIAN_POINT('',(8.182934011223,0.875275154021));
#10273 = CARTESIAN_POINT('',(8.099571626036,0.937581459107));
#10274 = CARTESIAN_POINT('',(8.,1.));
#10275 = ( GEOMETRIC_REPRESENTATION_CONTEXT(2) 
PARAMETRIC_REPRESENTATION_CONTEXT() REPRESENTATION_CONTEXT('2D SPACE',''
  ) );
#10276 = PCURVE('',#10223,#10277);
#10277 = DEFINITIONAL_REPRESENTATION('',(#10278),#10293);
#10278 = B_SPLINE_CURVE_WITH_KNOTS('',4,(#10279,#10280,#10281,#10282,
    #10283,#10284,#10285,#10286,#10287,#10288,#10289,#10290,#10291,
    #10292),.UNSPECIFIED.,.F.,.F.,(5,3,3,3,5),(0.,0.250856813164,
    0.501193024713,0.751220097686,1.),.UNSPECIFIED.);
#10279 = CARTESIAN_POINT('',(-0.51985526308,-1.45));
#10280 = CARTESIAN_POINT('',(-0.532941149003,-1.358737529319));
#10281 = CARTESIAN_POINT('',(-0.546051304465,-1.267640527831));
#10282 = CARTESIAN_POINT('',(-0.559179978046,-1.176665755939));
#10283 = CARTESIAN_POINT('',(-0.585434771925,-0.995067038897));
#10284 = CARTESIAN_POINT('',(-0.598560856847,-0.904442662335));
#10285 = CARTESIAN_POINT('',(-0.61169313961,-0.813858099268));
#10286 = CARTESIAN_POINT('',(-0.637941352724,-0.63280016519));
#10287 = CARTESIAN_POINT('',(-0.651057299852,-0.542326697596));
#10288 = CARTESIAN_POINT('',(-0.664166953672,-0.451812797341));
#10289 = CARTESIAN_POINT('',(-0.690296142066,-0.271074604491));
#10290 = CARTESIAN_POINT('',(-0.703315815443,-0.18085102667));
#10291 = CARTESIAN_POINT('',(-0.716317228944,-9.050688429457E-02));
#10292 = CARTESIAN_POINT('',(-0.72929477332,0.));
#10293 = ( GEOMETRIC_REPRESENTATION_CONTEXT(2) 
PARAMETRIC_REPRESENTATION_CONTEXT() REPRESENTATION_CONTEXT('2D SPACE',''
  ) );
#10294 = ORIENTED_EDGE('',*,*,#10295,.F.);
#10295 = EDGE_CURVE('',#8151,#10240,#10296,.T.);
#10296 = SURFACE_CURVE('',#10297,(#10301,#10308),.PCURVE_S1.);
#10297 = LINE('',#10298,#10299);
#10298 = CARTESIAN_POINT('',(48.466893231936,43.312356902437,0.));
#10299 = VECTOR('',#10300,1.);
#10300 = DIRECTION('',(0.745644511261,0.666343952345,0.));
#10301 = PCURVE('',#8207,#10302);
#10302 = DEFINITIONAL_REPRESENTATION('',(#10303),#10307);
#10303 = LINE('',#10304,#10305);
#10304 = CARTESIAN_POINT('',(0.,1.));
#10305 = VECTOR('',#10306,1.);
#10306 = DIRECTION('',(1.,0.));
#10307 = ( GEOMETRIC_REPRESENTATION_CONTEXT(2) 
PARAMETRIC_REPRESENTATION_CONTEXT() REPRESENTATION_CONTEXT('2D SPACE',''
  ) );
#10308 = PCURVE('',#8166,#10309);
#10309 = DEFINITIONAL_REPRESENTATION('',(#10310),#10314);
#10310 = LINE('',#10311,#10312);
#10311 = CARTESIAN_POINT('',(0.,0.));
#10312 = VECTOR('',#10313,1.);
#10313 = DIRECTION('',(0.986393923832,0.164398987305));
#10314 = ( GEOMETRIC_REPRESENTATION_CONTEXT(2) 
PARAMETRIC_REPRESENTATION_CONTEXT() REPRESENTATION_CONTEXT('2D SPACE',''
  ) );
#10315 = ADVANCED_FACE('',(#10316),#8166,.T.);
#10316 = FACE_BOUND('',#10317,.T.);
#10317 = EDGE_LOOP('',(#10318,#10319,#10320,#10343));
#10318 = ORIENTED_EDGE('',*,*,#10295,.F.);
#10319 = ORIENTED_EDGE('',*,*,#8150,.F.);
#10320 = ORIENTED_EDGE('',*,*,#10321,.T.);
#10321 = EDGE_CURVE('',#8098,#10322,#10324,.T.);
#10322 = VERTEX_POINT('',#10323);
#10323 = CARTESIAN_POINT('',(54.432049322021,48.643108521198,1.45));
#10324 = SURFACE_CURVE('',#10325,(#10329,#10336),.PCURVE_S1.);
#10325 = LINE('',#10326,#10327);
#10326 = CARTESIAN_POINT('',(48.466893231936,43.312356902437,1.45));
#10327 = VECTOR('',#10328,1.);
#10328 = DIRECTION('',(0.745644511261,0.666343952345,0.));
#10329 = PCURVE('',#8166,#10330);
#10330 = DEFINITIONAL_REPRESENTATION('',(#10331),#10335);
#10331 = LINE('',#10332,#10333);
#10332 = CARTESIAN_POINT('',(0.238378531593,-1.430271189557));
#10333 = VECTOR('',#10334,1.);
#10334 = DIRECTION('',(0.986393923832,0.164398987305));
#10335 = ( GEOMETRIC_REPRESENTATION_CONTEXT(2) 
PARAMETRIC_REPRESENTATION_CONTEXT() REPRESENTATION_CONTEXT('2D SPACE',''
  ) );
#10336 = PCURVE('',#8127,#10337);
#10337 = DEFINITIONAL_REPRESENTATION('',(#10338),#10342);
#10338 = LINE('',#10339,#10340);
#10339 = CARTESIAN_POINT('',(0.,0.));
#10340 = VECTOR('',#10341,1.);
#10341 = DIRECTION('',(1.,0.));
#10342 = ( GEOMETRIC_REPRESENTATION_CONTEXT(2) 
PARAMETRIC_REPRESENTATION_CONTEXT() REPRESENTATION_CONTEXT('2D SPACE',''
  ) );
#10343 = ORIENTED_EDGE('',*,*,#10344,.T.);
#10344 = EDGE_CURVE('',#10322,#10240,#10345,.T.);
#10345 = SURFACE_CURVE('',#10346,(#10350,#10356),.PCURVE_S1.);
#10346 = LINE('',#10347,#10348);
#10347 = CARTESIAN_POINT('',(54.432049322021,48.643108521198,0.));
#10348 = VECTOR('',#10349,1.);
#10349 = DIRECTION('',(-0.,-0.,-1.));
#10350 = PCURVE('',#8166,#10351);
#10351 = DEFINITIONAL_REPRESENTATION('',(#10352),#10355);
#10352 = B_SPLINE_CURVE_WITH_KNOTS('',1,(#10353,#10354),.UNSPECIFIED.,
  .F.,.F.,(2,2),(-1.5000006,6.E-07),.PIECEWISE_BEZIER_KNOTS.);
#10353 = CARTESIAN_POINT('',(8.137749970255,-0.164399579142));
#10354 = CARTESIAN_POINT('',(7.891151292018,1.315192490279));
#10355 = ( GEOMETRIC_REPRESENTATION_CONTEXT(2) 
PARAMETRIC_REPRESENTATION_CONTEXT() REPRESENTATION_CONTEXT('2D SPACE',''
  ) );
#10356 = PCURVE('',#10357,#10362);
#10357 = CYLINDRICAL_SURFACE('',#10358,73.);
#10358 = AXIS2_PLACEMENT_3D('',#10359,#10360,#10361);
#10359 = CARTESIAN_POINT('',(0.,0.,0.));
#10360 = DIRECTION('',(-0.,-0.,-1.));
#10361 = DIRECTION('',(1.,0.,0.));
#10362 = DEFINITIONAL_REPRESENTATION('',(#10363),#10366);
#10363 = B_SPLINE_CURVE_WITH_KNOTS('',1,(#10364,#10365),.UNSPECIFIED.,
  .F.,.F.,(2,2),(-1.5000006,6.E-07),.PIECEWISE_BEZIER_KNOTS.);
#10364 = CARTESIAN_POINT('',(-0.72929477332,-1.5000006));
#10365 = CARTESIAN_POINT('',(-0.72929477332,6.E-07));
#10366 = ( GEOMETRIC_REPRESENTATION_CONTEXT(2) 
PARAMETRIC_REPRESENTATION_CONTEXT() REPRESENTATION_CONTEXT('2D SPACE',''
  ) );
#10367 = ADVANCED_FACE('',(#10368),#8127,.F.);
#10368 = FACE_BOUND('',#10369,.F.);
#10369 = EDGE_LOOP('',(#10370,#10371,#10372,#10428));
#10370 = ORIENTED_EDGE('',*,*,#8097,.F.);
#10371 = ORIENTED_EDGE('',*,*,#10321,.T.);
#10372 = ORIENTED_EDGE('',*,*,#10373,.T.);
#10373 = EDGE_CURVE('',#10322,#10374,#10376,.T.);
#10374 = VERTEX_POINT('',#10375);
#10375 = CARTESIAN_POINT('',(43.129107508085,58.897199301461,0.));
#10376 = SURFACE_CURVE('',#10377,(#10392,#10410),.PCURVE_S1.);
#10377 = B_SPLINE_CURVE_WITH_KNOTS('',4,(#10378,#10379,#10380,#10381,
    #10382,#10383,#10384,#10385,#10386,#10387,#10388,#10389,#10390,
    #10391),.UNSPECIFIED.,.F.,.F.,(5,3,3,3,5),(0.,0.250856813164,
    0.501193024733,0.751220097742,1.),.UNSPECIFIED.);
#10378 = CARTESIAN_POINT('',(54.432049322021,48.643108521198,1.45));
#10379 = CARTESIAN_POINT('',(53.795511152998,49.355400109152,
    1.358737529319));
#10380 = CARTESIAN_POINT('',(53.145364455158,50.057906786766,
    1.267640527831));
#10381 = CARTESIAN_POINT('',(52.482076099303,50.749895920538,
    1.176665755939));
#10382 = CARTESIAN_POINT('',(51.131774112767,52.110057648351,
    0.995067038889));
#10383 = CARTESIAN_POINT('',(50.444811601473,52.778277977928,
    0.90444266232));
#10384 = CARTESIAN_POINT('',(49.745911129785,53.434664207236,
    0.813858099245));
#10385 = CARTESIAN_POINT('',(48.326444194942,54.721764739276,
    0.632800165147));
#10386 = CARTESIAN_POINT('',(47.605904319146,55.352510860689,
    0.542326697541));
#10387 = CARTESIAN_POINT('',(46.874783937603,55.970248864309,
    0.451812797273));
#10388 = CARTESIAN_POINT('',(45.396538811643,57.175687964415,
    0.27107460443));
#10389 = CARTESIAN_POINT('',(44.649510747807,57.763524341015,
    0.18085102663));
#10390 = CARTESIAN_POINT('',(43.893448525435,58.337489395029,
    9.050688427432E-02));
#10391 = CARTESIAN_POINT('',(43.129107508085,58.897199301461,0.));
#10392 = PCURVE('',#8127,#10393);
#10393 = DEFINITIONAL_REPRESENTATION('',(#10394),#10409);
#10394 = B_SPLINE_CURVE_WITH_KNOTS('',4,(#10395,#10396,#10397,#10398,
    #10399,#10400,#10401,#10402,#10403,#10404,#10405,#10406,#10407,
    #10408),.UNSPECIFIED.,.F.,.F.,(5,3,3,3,5),(0.,0.250856813164,
    0.501193024733,0.751220097742,1.),.UNSPECIFIED.);
#10395 = CARTESIAN_POINT('',(8.,0.));
#10396 = CARTESIAN_POINT('',(8.100402888384,6.293963495269E-02));
#10397 = CARTESIAN_POINT('',(8.184324769913,0.12576515322));
#10398 = CARTESIAN_POINT('',(8.251535463995,0.188506375215));
#10399 = CARTESIAN_POINT('',(8.352191325519,0.313746869732));
#10400 = CARTESIAN_POINT('',(8.385706579015,0.376246439779));
#10401 = CARTESIAN_POINT('',(8.402343415476,0.438718552245));
#10402 = CARTESIAN_POINT('',(8.401861098799,0.563586093002));
#10403 = CARTESIAN_POINT('',(8.384783604148,0.625981587903));
#10404 = CARTESIAN_POINT('',(8.35087049326,0.688404967398));
#10405 = CARTESIAN_POINT('',(8.249862665125,0.813051996945));
#10406 = CARTESIAN_POINT('',(8.182934011186,0.875275154048));
#10407 = CARTESIAN_POINT('',(8.099571626014,0.937581459121));
#10408 = CARTESIAN_POINT('',(8.,1.));
#10409 = ( GEOMETRIC_REPRESENTATION_CONTEXT(2) 
PARAMETRIC_REPRESENTATION_CONTEXT() REPRESENTATION_CONTEXT('2D SPACE',''
  ) );
#10410 = PCURVE('',#10357,#10411);
#10411 = DEFINITIONAL_REPRESENTATION('',(#10412),#10427);
#10412 = B_SPLINE_CURVE_WITH_KNOTS('',4,(#10413,#10414,#10415,#10416,
    #10417,#10418,#10419,#10420,#10421,#10422,#10423,#10424,#10425,
    #10426),.UNSPECIFIED.,.F.,.F.,(5,3,3,3,5),(0.,0.250856813164,
    0.501193024733,0.751220097742,1.),.UNSPECIFIED.);
#10413 = CARTESIAN_POINT('',(-0.72929477332,-1.45));
#10414 = CARTESIAN_POINT('',(-0.742380659242,-1.358737529319));
#10415 = CARTESIAN_POINT('',(-0.755490814704,-1.267640527831));
#10416 = CARTESIAN_POINT('',(-0.768619488285,-1.176665755939));
#10417 = CARTESIAN_POINT('',(-0.794874282165,-0.995067038889));
#10418 = CARTESIAN_POINT('',(-0.808000367088,-0.90444266232));
#10419 = CARTESIAN_POINT('',(-0.821132649852,-0.813858099245));
#10420 = CARTESIAN_POINT('',(-0.847380862969,-0.632800165147));
#10421 = CARTESIAN_POINT('',(-0.860496810099,-0.542326697541));
#10422 = CARTESIAN_POINT('',(-0.873606463921,-0.451812797273));
#10423 = CARTESIAN_POINT('',(-0.899735652314,-0.27107460443));
#10424 = CARTESIAN_POINT('',(-0.912755325689,-0.18085102663));
#10425 = CARTESIAN_POINT('',(-0.925756739186,-9.050688427432E-02));
#10426 = CARTESIAN_POINT('',(-0.938734283559,0.));
#10427 = ( GEOMETRIC_REPRESENTATION_CONTEXT(2) 
PARAMETRIC_REPRESENTATION_CONTEXT() REPRESENTATION_CONTEXT('2D SPACE',''
  ) );
#10428 = ORIENTED_EDGE('',*,*,#10429,.F.);
#10429 = EDGE_CURVE('',#8071,#10374,#10430,.T.);
#10430 = SURFACE_CURVE('',#10431,(#10435,#10442),.PCURVE_S1.);
#10431 = LINE('',#10432,#10433);
#10432 = CARTESIAN_POINT('',(38.402629972952,52.442711706781,0.));
#10433 = VECTOR('',#10434,1.);
#10434 = DIRECTION('',(0.590809691892,0.806810949335,0.));
#10435 = PCURVE('',#8127,#10436);
#10436 = DEFINITIONAL_REPRESENTATION('',(#10437),#10441);
#10437 = LINE('',#10438,#10439);
#10438 = CARTESIAN_POINT('',(0.,1.));
#10439 = VECTOR('',#10440,1.);
#10440 = DIRECTION('',(1.,0.));
#10441 = ( GEOMETRIC_REPRESENTATION_CONTEXT(2) 
PARAMETRIC_REPRESENTATION_CONTEXT() REPRESENTATION_CONTEXT('2D SPACE',''
  ) );
#10442 = PCURVE('',#8086,#10443);
#10443 = DEFINITIONAL_REPRESENTATION('',(#10444),#10448);
#10444 = LINE('',#10445,#10446);
#10445 = CARTESIAN_POINT('',(0.,0.));
#10446 = VECTOR('',#10447,1.);
#10447 = DIRECTION('',(0.986393923832,0.164398987305));
#10448 = ( GEOMETRIC_REPRESENTATION_CONTEXT(2) 
PARAMETRIC_REPRESENTATION_CONTEXT() REPRESENTATION_CONTEXT('2D SPACE',''
  ) );
#10449 = ADVANCED_FACE('',(#10450),#8086,.T.);
#10450 = FACE_BOUND('',#10451,.T.);
#10451 = EDGE_LOOP('',(#10452,#10453,#10454,#10477));
#10452 = ORIENTED_EDGE('',*,*,#10429,.F.);
#10453 = ORIENTED_EDGE('',*,*,#8070,.F.);
#10454 = ORIENTED_EDGE('',*,*,#10455,.T.);
#10455 = EDGE_CURVE('',#8018,#10456,#10458,.T.);
#10456 = VERTEX_POINT('',#10457);
#10457 = CARTESIAN_POINT('',(43.129107508085,58.897199301461,1.45));
#10458 = SURFACE_CURVE('',#10459,(#10463,#10470),.PCURVE_S1.);
#10459 = LINE('',#10460,#10461);
#10460 = CARTESIAN_POINT('',(38.402629972952,52.442711706781,1.45));
#10461 = VECTOR('',#10462,1.);
#10462 = DIRECTION('',(0.590809691892,0.806810949335,0.));
#10463 = PCURVE('',#8086,#10464);
#10464 = DEFINITIONAL_REPRESENTATION('',(#10465),#10469);
#10465 = LINE('',#10466,#10467);
#10466 = CARTESIAN_POINT('',(0.238378531593,-1.430271189557));
#10467 = VECTOR('',#10468,1.);
#10468 = DIRECTION('',(0.986393923832,0.164398987305));
#10469 = ( GEOMETRIC_REPRESENTATION_CONTEXT(2) 
PARAMETRIC_REPRESENTATION_CONTEXT() REPRESENTATION_CONTEXT('2D SPACE',''
  ) );
#10470 = PCURVE('',#8047,#10471);
#10471 = DEFINITIONAL_REPRESENTATION('',(#10472),#10476);
#10472 = LINE('',#10473,#10474);
#10473 = CARTESIAN_POINT('',(0.,0.));
#10474 = VECTOR('',#10475,1.);
#10475 = DIRECTION('',(1.,0.));
#10476 = ( GEOMETRIC_REPRESENTATION_CONTEXT(2) 
PARAMETRIC_REPRESENTATION_CONTEXT() REPRESENTATION_CONTEXT('2D SPACE',''
  ) );
#10477 = ORIENTED_EDGE('',*,*,#10478,.T.);
#10478 = EDGE_CURVE('',#10456,#10374,#10479,.T.);
#10479 = SURFACE_CURVE('',#10480,(#10484,#10490),.PCURVE_S1.);
#10480 = LINE('',#10481,#10482);
#10481 = CARTESIAN_POINT('',(43.129107508085,58.897199301461,0.));
#10482 = VECTOR('',#10483,1.);
#10483 = DIRECTION('',(-0.,-0.,-1.));
#10484 = PCURVE('',#8086,#10485);
#10485 = DEFINITIONAL_REPRESENTATION('',(#10486),#10489);
#10486 = B_SPLINE_CURVE_WITH_KNOTS('',1,(#10487,#10488),.UNSPECIFIED.,
  .F.,.F.,(2,2),(-1.5000006,6.E-07),.PIECEWISE_BEZIER_KNOTS.);
#10487 = CARTESIAN_POINT('',(8.137749970255,-0.164399579142));
#10488 = CARTESIAN_POINT('',(7.891151292018,1.315192490279));
#10489 = ( GEOMETRIC_REPRESENTATION_CONTEXT(2) 
PARAMETRIC_REPRESENTATION_CONTEXT() REPRESENTATION_CONTEXT('2D SPACE',''
  ) );
#10490 = PCURVE('',#10491,#10496);
#10491 = CYLINDRICAL_SURFACE('',#10492,73.);
#10492 = AXIS2_PLACEMENT_3D('',#10493,#10494,#10495);
#10493 = CARTESIAN_POINT('',(0.,0.,0.));
#10494 = DIRECTION('',(-0.,-0.,-1.));
#10495 = DIRECTION('',(1.,0.,0.));
#10496 = DEFINITIONAL_REPRESENTATION('',(#10497),#10500);
#10497 = B_SPLINE_CURVE_WITH_KNOTS('',1,(#10498,#10499),.UNSPECIFIED.,
  .F.,.F.,(2,2),(-1.5000006,6.E-07),.PIECEWISE_BEZIER_KNOTS.);
#10498 = CARTESIAN_POINT('',(-0.938734283559,-1.5000006));
#10499 = CARTESIAN_POINT('',(-0.938734283559,6.E-07));
#10500 = ( GEOMETRIC_REPRESENTATION_CONTEXT(2) 
PARAMETRIC_REPRESENTATION_CONTEXT() REPRESENTATION_CONTEXT('2D SPACE',''
  ) );
#10501 = ADVANCED_FACE('',(#10502),#8047,.F.);
#10502 = FACE_BOUND('',#10503,.F.);
#10503 = EDGE_LOOP('',(#10504,#10505,#10506,#10562));
#10504 = ORIENTED_EDGE('',*,*,#8017,.F.);
#10505 = ORIENTED_EDGE('',*,*,#10455,.T.);
#10506 = ORIENTED_EDGE('',*,*,#10507,.T.);
#10507 = EDGE_CURVE('',#10456,#10508,#10510,.T.);
#10508 = VERTEX_POINT('',#10509);
#10509 = CARTESIAN_POINT('',(29.941216739625,66.577199852133,0.));
#10510 = SURFACE_CURVE('',#10511,(#10526,#10544),.PCURVE_S1.);
#10511 = B_SPLINE_CURVE_WITH_KNOTS('',4,(#10512,#10513,#10514,#10515,
    #10516,#10517,#10518,#10519,#10520,#10521,#10522,#10523,#10524,
    #10525),.UNSPECIFIED.,.F.,.F.,(5,3,3,3,5),(0.,0.250856813164,
    0.501193024733,0.751220097745,1.),.UNSPECIFIED.);
#10512 = CARTESIAN_POINT('',(43.129107508085,58.897199301461,1.45));
#10513 = CARTESIAN_POINT('',(42.358385476873,59.46158188225,
    1.358737529319));
#10514 = CARTESIAN_POINT('',(41.576386693103,60.01356400423,
    1.267640527831));
#10515 = CARTESIAN_POINT('',(40.783720148398,60.552526111598,
    1.176665755939));
#10516 = CARTESIAN_POINT('',(39.180131975386,61.602221473132,
    0.995067038889));
#10517 = CARTESIAN_POINT('',(38.369250424609,62.113012048017,
    0.90444266232));
#10518 = CARTESIAN_POINT('',(37.549152234311,62.609745084588,
    0.813858099245));
#10519 = CARTESIAN_POINT('',(35.893100809793,63.573595611429,
    0.632800165146));
#10520 = CARTESIAN_POINT('',(35.05716696646,64.040749752889,
    0.542326697538));
#10521 = CARTESIAN_POINT('',(34.213588366579,64.492980224299,
    0.451812797269));
#10522 = CARTESIAN_POINT('',(32.517021561844,65.364733144316,
    0.271074604427));
#10523 = CARTESIAN_POINT('',(31.66409979855,65.784408017866,
    0.180851026627));
#10524 = CARTESIAN_POINT('',(30.805225304892,66.188636383332,
    9.050688427314E-02));
#10525 = CARTESIAN_POINT('',(29.941216739626,66.577199852132,0.));
#10526 = PCURVE('',#8047,#10527);
#10527 = DEFINITIONAL_REPRESENTATION('',(#10528),#10543);
#10528 = B_SPLINE_CURVE_WITH_KNOTS('',4,(#10529,#10530,#10531,#10532,
    #10533,#10534,#10535,#10536,#10537,#10538,#10539,#10540,#10541,
    #10542),.UNSPECIFIED.,.F.,.F.,(5,3,3,3,5),(0.,0.250856813164,
    0.501193024733,0.751220097745,1.),.UNSPECIFIED.);
#10529 = CARTESIAN_POINT('',(8.,0.));
#10530 = CARTESIAN_POINT('',(8.100402888384,6.293963495271E-02));
#10531 = CARTESIAN_POINT('',(8.184324769913,0.12576515322));
#10532 = CARTESIAN_POINT('',(8.251535463995,0.188506375215));
#10533 = CARTESIAN_POINT('',(8.352191325519,0.313746869732));
#10534 = CARTESIAN_POINT('',(8.385706579015,0.376246439779));
#10535 = CARTESIAN_POINT('',(8.402343415476,0.438718552245));
#10536 = CARTESIAN_POINT('',(8.401861098799,0.563586093003));
#10537 = CARTESIAN_POINT('',(8.384783604148,0.625981587904));
#10538 = CARTESIAN_POINT('',(8.350870493259,0.688404967401));
#10539 = CARTESIAN_POINT('',(8.249862665123,0.813051996947));
#10540 = CARTESIAN_POINT('',(8.182934011183,0.87527515405));
#10541 = CARTESIAN_POINT('',(8.099571626012,0.937581459122));
#10542 = CARTESIAN_POINT('',(8.,1.));
#10543 = ( GEOMETRIC_REPRESENTATION_CONTEXT(2) 
PARAMETRIC_REPRESENTATION_CONTEXT() REPRESENTATION_CONTEXT('2D SPACE',''
  ) );
#10544 = PCURVE('',#10491,#10545);
#10545 = DEFINITIONAL_REPRESENTATION('',(#10546),#10561);
#10546 = B_SPLINE_CURVE_WITH_KNOTS('',4,(#10547,#10548,#10549,#10550,
    #10551,#10552,#10553,#10554,#10555,#10556,#10557,#10558,#10559,
    #10560),.UNSPECIFIED.,.F.,.F.,(5,3,3,3,5),(0.,0.250856813164,
    0.501193024733,0.751220097745,1.),.UNSPECIFIED.);
#10547 = CARTESIAN_POINT('',(-0.938734283559,-1.45));
#10548 = CARTESIAN_POINT('',(-0.951820169481,-1.358737529319));
#10549 = CARTESIAN_POINT('',(-0.964930324944,-1.267640527831));
#10550 = CARTESIAN_POINT('',(-0.978058998525,-1.176665755939));
#10551 = CARTESIAN_POINT('',(-1.004313792404,-0.995067038889));
#10552 = CARTESIAN_POINT('',(-1.017439877327,-0.90444266232));
#10553 = CARTESIAN_POINT('',(-1.030572160092,-0.813858099245));
#10554 = CARTESIAN_POINT('',(-1.056820373209,-0.632800165146));
#10555 = CARTESIAN_POINT('',(-1.069936320339,-0.542326697538));
#10556 = CARTESIAN_POINT('',(-1.083045974161,-0.451812797269));
#10557 = CARTESIAN_POINT('',(-1.109175162554,-0.271074604427));
#10558 = CARTESIAN_POINT('',(-1.122194835928,-0.180851026627));
#10559 = CARTESIAN_POINT('',(-1.135196249426,-9.050688427314E-02));
#10560 = CARTESIAN_POINT('',(-1.148173793798,0.));
#10561 = ( GEOMETRIC_REPRESENTATION_CONTEXT(2) 
PARAMETRIC_REPRESENTATION_CONTEXT() REPRESENTATION_CONTEXT('2D SPACE',''
  ) );
#10562 = ORIENTED_EDGE('',*,*,#10563,.F.);
#10563 = EDGE_CURVE('',#7991,#10508,#10564,.T.);
#10564 = SURFACE_CURVE('',#10565,(#10569,#10576),.PCURVE_S1.);
#10565 = LINE('',#10566,#10567);
#10566 = CARTESIAN_POINT('',(26.659987507886,59.281068361487,0.));
#10567 = VECTOR('',#10568,1.);
#10568 = DIRECTION('',(0.410153653967,0.912016436331,0.));
#10569 = PCURVE('',#8047,#10570);
#10570 = DEFINITIONAL_REPRESENTATION('',(#10571),#10575);
#10571 = LINE('',#10572,#10573);
#10572 = CARTESIAN_POINT('',(0.,1.));
#10573 = VECTOR('',#10574,1.);
#10574 = DIRECTION('',(1.,0.));
#10575 = ( GEOMETRIC_REPRESENTATION_CONTEXT(2) 
PARAMETRIC_REPRESENTATION_CONTEXT() REPRESENTATION_CONTEXT('2D SPACE',''
  ) );
#10576 = PCURVE('',#8006,#10577);
#10577 = DEFINITIONAL_REPRESENTATION('',(#10578),#10582);
#10578 = LINE('',#10579,#10580);
#10579 = CARTESIAN_POINT('',(0.,0.));
#10580 = VECTOR('',#10581,1.);
#10581 = DIRECTION('',(0.986393923832,0.164398987305));
#10582 = ( GEOMETRIC_REPRESENTATION_CONTEXT(2) 
PARAMETRIC_REPRESENTATION_CONTEXT() REPRESENTATION_CONTEXT('2D SPACE',''
  ) );
#10583 = ADVANCED_FACE('',(#10584),#8006,.T.);
#10584 = FACE_BOUND('',#10585,.T.);
#10585 = EDGE_LOOP('',(#10586,#10587,#10588,#10611));
#10586 = ORIENTED_EDGE('',*,*,#10563,.F.);
#10587 = ORIENTED_EDGE('',*,*,#7990,.F.);
#10588 = ORIENTED_EDGE('',*,*,#10589,.T.);
#10589 = EDGE_CURVE('',#7938,#10590,#10592,.T.);
#10590 = VERTEX_POINT('',#10591);
#10591 = CARTESIAN_POINT('',(29.941216739626,66.577199852132,1.45));
#10592 = SURFACE_CURVE('',#10593,(#10597,#10604),.PCURVE_S1.);
#10593 = LINE('',#10594,#10595);
#10594 = CARTESIAN_POINT('',(26.659987507886,59.281068361487,1.45));
#10595 = VECTOR('',#10596,1.);
#10596 = DIRECTION('',(0.410153653967,0.912016436331,0.));
#10597 = PCURVE('',#8006,#10598);
#10598 = DEFINITIONAL_REPRESENTATION('',(#10599),#10603);
#10599 = LINE('',#10600,#10601);
#10600 = CARTESIAN_POINT('',(0.238378531593,-1.430271189557));
#10601 = VECTOR('',#10602,1.);
#10602 = DIRECTION('',(0.986393923832,0.164398987305));
#10603 = ( GEOMETRIC_REPRESENTATION_CONTEXT(2) 
PARAMETRIC_REPRESENTATION_CONTEXT() REPRESENTATION_CONTEXT('2D SPACE',''
  ) );
#10604 = PCURVE('',#7967,#10605);
#10605 = DEFINITIONAL_REPRESENTATION('',(#10606),#10610);
#10606 = LINE('',#10607,#10608);
#10607 = CARTESIAN_POINT('',(0.,0.));
#10608 = VECTOR('',#10609,1.);
#10609 = DIRECTION('',(1.,0.));
#10610 = ( GEOMETRIC_REPRESENTATION_CONTEXT(2) 
PARAMETRIC_REPRESENTATION_CONTEXT() REPRESENTATION_CONTEXT('2D SPACE',''
  ) );
#10611 = ORIENTED_EDGE('',*,*,#10612,.T.);
#10612 = EDGE_CURVE('',#10590,#10508,#10613,.T.);
#10613 = SURFACE_CURVE('',#10614,(#10618,#10624),.PCURVE_S1.);
#10614 = LINE('',#10615,#10616);
#10615 = CARTESIAN_POINT('',(29.941216739626,66.577199852132,0.));
#10616 = VECTOR('',#10617,1.);
#10617 = DIRECTION('',(-0.,-0.,-1.));
#10618 = PCURVE('',#8006,#10619);
#10619 = DEFINITIONAL_REPRESENTATION('',(#10620),#10623);
#10620 = B_SPLINE_CURVE_WITH_KNOTS('',1,(#10621,#10622),.UNSPECIFIED.,
  .F.,.F.,(2,2),(-1.5000006,6.E-07),.PIECEWISE_BEZIER_KNOTS.);
#10621 = CARTESIAN_POINT('',(8.137749970255,-0.164399579142));
#10622 = CARTESIAN_POINT('',(7.891151292018,1.315192490279));
#10623 = ( GEOMETRIC_REPRESENTATION_CONTEXT(2) 
PARAMETRIC_REPRESENTATION_CONTEXT() REPRESENTATION_CONTEXT('2D SPACE',''
  ) );
#10624 = PCURVE('',#10625,#10630);
#10625 = CYLINDRICAL_SURFACE('',#10626,73.);
#10626 = AXIS2_PLACEMENT_3D('',#10627,#10628,#10629);
#10627 = CARTESIAN_POINT('',(0.,0.,0.));
#10628 = DIRECTION('',(-0.,-0.,-1.));
#10629 = DIRECTION('',(1.,0.,0.));
#10630 = DEFINITIONAL_REPRESENTATION('',(#10631),#10634);
#10631 = B_SPLINE_CURVE_WITH_KNOTS('',1,(#10632,#10633),.UNSPECIFIED.,
  .F.,.F.,(2,2),(-1.5000006,6.E-07),.PIECEWISE_BEZIER_KNOTS.);
#10632 = CARTESIAN_POINT('',(-1.148173793798,-1.5000006));
#10633 = CARTESIAN_POINT('',(-1.148173793798,6.E-07));
#10634 = ( GEOMETRIC_REPRESENTATION_CONTEXT(2) 
PARAMETRIC_REPRESENTATION_CONTEXT() REPRESENTATION_CONTEXT('2D SPACE',''
  ) );
#10635 = ADVANCED_FACE('',(#10636),#7967,.F.);
#10636 = FACE_BOUND('',#10637,.F.);
#10637 = EDGE_LOOP('',(#10638,#10639,#10640,#10696));
#10638 = ORIENTED_EDGE('',*,*,#7937,.F.);
#10639 = ORIENTED_EDGE('',*,*,#10589,.T.);
#10640 = ORIENTED_EDGE('',*,*,#10641,.T.);
#10641 = EDGE_CURVE('',#10590,#10642,#10644,.T.);
#10642 = VERTEX_POINT('',#10643);
#10643 = CARTESIAN_POINT('',(15.444751125745,71.347457296415,0.));
#10644 = SURFACE_CURVE('',#10645,(#10660,#10678),.PCURVE_S1.);
#10645 = B_SPLINE_CURVE_WITH_KNOTS('',4,(#10646,#10647,#10648,#10649,
    #10650,#10651,#10652,#10653,#10654,#10655,#10656,#10657,#10658,
    #10659),.UNSPECIFIED.,.F.,.F.,(5,3,3,3,5),(0.,0.250856813164,
    0.501193024754,0.751220097808,1.),.UNSPECIFIED.);
#10646 = CARTESIAN_POINT('',(29.941216739626,66.577199852132,1.45));
#10647 = CARTESIAN_POINT('',(29.069995097324,66.969007198767,
    1.358737529319));
#10648 = CARTESIAN_POINT('',(28.19032132692,67.346340497678,
    1.267640527831));
#10649 = CARTESIAN_POINT('',(27.302919925006,67.708720348322,
    1.176665755939));
#10650 = CARTESIAN_POINT('',(25.516130063475,68.402072619311,
    0.995067038881));
#10651 = CARTESIAN_POINT('',(24.616768887949,68.733109440364,
    0.904442662305));
#10652 = CARTESIAN_POINT('',(23.711315205148,69.048479666933,
    0.813858099222));
#10653 = CARTESIAN_POINT('',(21.891056684601,69.646955295543,
    0.632800165101));
#10654 = CARTESIAN_POINT('',(20.976263193793,69.930100579447,
    0.542326697478));
#10655 = CARTESIAN_POINT('',(20.057094808182,70.197058877032,
    0.451812797193));
#10656 = CARTESIAN_POINT('',(18.216354435141,70.697025831176,
    0.271074604358));
#10657 = CARTESIAN_POINT('',(17.29481574644,70.930197395818,
    0.180851026582));
#10658 = CARTESIAN_POINT('',(16.37066591843,71.147022353412,
    9.050688425024E-02));
#10659 = CARTESIAN_POINT('',(15.444751125747,71.347457296415,0.));
#10660 = PCURVE('',#7967,#10661);
#10661 = DEFINITIONAL_REPRESENTATION('',(#10662),#10677);
#10662 = B_SPLINE_CURVE_WITH_KNOTS('',4,(#10663,#10664,#10665,#10666,
    #10667,#10668,#10669,#10670,#10671,#10672,#10673,#10674,#10675,
    #10676),.UNSPECIFIED.,.F.,.F.,(5,3,3,3,5),(0.,0.250856813164,
    0.501193024754,0.751220097808,1.),.UNSPECIFIED.);
#10663 = CARTESIAN_POINT('',(8.,0.));
#10664 = CARTESIAN_POINT('',(8.100402888384,6.29396349527E-02));
#10665 = CARTESIAN_POINT('',(8.184324769913,0.12576515322));
#10666 = CARTESIAN_POINT('',(8.251535463995,0.188506375215));
#10667 = CARTESIAN_POINT('',(8.352191325523,0.313746869737));
#10668 = CARTESIAN_POINT('',(8.385706579021,0.37624643979));
#10669 = CARTESIAN_POINT('',(8.40234341548,0.43871855226));
#10670 = CARTESIAN_POINT('',(8.401861098795,0.563586093034));
#10671 = CARTESIAN_POINT('',(8.384783604133,0.625981587946));
#10672 = CARTESIAN_POINT('',(8.350870493229,0.688404967453));
#10673 = CARTESIAN_POINT('',(8.249862665072,0.813051996994));
#10674 = CARTESIAN_POINT('',(8.182934011141,0.875275154082));
#10675 = CARTESIAN_POINT('',(8.099571625987,0.937581459138));
#10676 = CARTESIAN_POINT('',(8.,1.));
#10677 = ( GEOMETRIC_REPRESENTATION_CONTEXT(2) 
PARAMETRIC_REPRESENTATION_CONTEXT() REPRESENTATION_CONTEXT('2D SPACE',''
  ) );
#10678 = PCURVE('',#10625,#10679);
#10679 = DEFINITIONAL_REPRESENTATION('',(#10680),#10695);
#10680 = B_SPLINE_CURVE_WITH_KNOTS('',4,(#10681,#10682,#10683,#10684,
    #10685,#10686,#10687,#10688,#10689,#10690,#10691,#10692,#10693,
    #10694),.UNSPECIFIED.,.F.,.F.,(5,3,3,3,5),(0.,0.250856813164,
    0.501193024754,0.751220097808,1.),.UNSPECIFIED.);
#10681 = CARTESIAN_POINT('',(-1.148173793798,-1.45));
#10682 = CARTESIAN_POINT('',(-1.161259679721,-1.358737529319));
#10683 = CARTESIAN_POINT('',(-1.174369835183,-1.267640527831));
#10684 = CARTESIAN_POINT('',(-1.187498508764,-1.176665755939));
#10685 = CARTESIAN_POINT('',(-1.213753302645,-0.995067038881));
#10686 = CARTESIAN_POINT('',(-1.226879387569,-0.904442662305));
#10687 = CARTESIAN_POINT('',(-1.240011670334,-0.813858099222));
#10688 = CARTESIAN_POINT('',(-1.266259883455,-0.632800165101));
#10689 = CARTESIAN_POINT('',(-1.279375830587,-0.542326697478));
#10690 = CARTESIAN_POINT('',(-1.292485484411,-0.451812797193));
#10691 = CARTESIAN_POINT('',(-1.318614672803,-0.271074604358));
#10692 = CARTESIAN_POINT('',(-1.331634346174,-0.180851026582));
#10693 = CARTESIAN_POINT('',(-1.344635759669,-9.050688425024E-02));
#10694 = CARTESIAN_POINT('',(-1.357613304038,0.));
#10695 = ( GEOMETRIC_REPRESENTATION_CONTEXT(2) 
PARAMETRIC_REPRESENTATION_CONTEXT() REPRESENTATION_CONTEXT('2D SPACE',''
  ) );
#10696 = ORIENTED_EDGE('',*,*,#10697,.F.);
#10697 = EDGE_CURVE('',#7911,#10642,#10698,.T.);
#10698 = SURFACE_CURVE('',#10699,(#10703,#10710),.PCURVE_S1.);
#10699 = LINE('',#10700,#10701);
#10700 = CARTESIAN_POINT('',(13.752175659912,63.528557866671,0.));
#10701 = VECTOR('',#10702,1.);
#10702 = DIRECTION('',(0.211571933229,0.977362428718,0.));
#10703 = PCURVE('',#7967,#10704);
#10704 = DEFINITIONAL_REPRESENTATION('',(#10705),#10709);
#10705 = LINE('',#10706,#10707);
#10706 = CARTESIAN_POINT('',(0.,1.));
#10707 = VECTOR('',#10708,1.);
#10708 = DIRECTION('',(1.,0.));
#10709 = ( GEOMETRIC_REPRESENTATION_CONTEXT(2) 
PARAMETRIC_REPRESENTATION_CONTEXT() REPRESENTATION_CONTEXT('2D SPACE',''
  ) );
#10710 = PCURVE('',#7926,#10711);
#10711 = DEFINITIONAL_REPRESENTATION('',(#10712),#10716);
#10712 = LINE('',#10713,#10714);
#10713 = CARTESIAN_POINT('',(0.,0.));
#10714 = VECTOR('',#10715,1.);
#10715 = DIRECTION('',(0.986393923832,0.164398987305));
#10716 = ( GEOMETRIC_REPRESENTATION_CONTEXT(2) 
PARAMETRIC_REPRESENTATION_CONTEXT() REPRESENTATION_CONTEXT('2D SPACE',''
  ) );
#10717 = ADVANCED_FACE('',(#10718),#7926,.T.);
#10718 = FACE_BOUND('',#10719,.T.);
#10719 = EDGE_LOOP('',(#10720,#10721,#10722,#10745));
#10720 = ORIENTED_EDGE('',*,*,#10697,.F.);
#10721 = ORIENTED_EDGE('',*,*,#7910,.F.);
#10722 = ORIENTED_EDGE('',*,*,#10723,.T.);
#10723 = EDGE_CURVE('',#7858,#10724,#10726,.T.);
#10724 = VERTEX_POINT('',#10725);
#10725 = CARTESIAN_POINT('',(15.444751125747,71.347457296415,1.45));
#10726 = SURFACE_CURVE('',#10727,(#10731,#10738),.PCURVE_S1.);
#10727 = LINE('',#10728,#10729);
#10728 = CARTESIAN_POINT('',(13.752175659912,63.528557866671,1.45));
#10729 = VECTOR('',#10730,1.);
#10730 = DIRECTION('',(0.211571933229,0.977362428718,0.));
#10731 = PCURVE('',#7926,#10732);
#10732 = DEFINITIONAL_REPRESENTATION('',(#10733),#10737);
#10733 = LINE('',#10734,#10735);
#10734 = CARTESIAN_POINT('',(0.238378531593,-1.430271189557));
#10735 = VECTOR('',#10736,1.);
#10736 = DIRECTION('',(0.986393923832,0.164398987305));
#10737 = ( GEOMETRIC_REPRESENTATION_CONTEXT(2) 
PARAMETRIC_REPRESENTATION_CONTEXT() REPRESENTATION_CONTEXT('2D SPACE',''
  ) );
#10738 = PCURVE('',#7887,#10739);
#10739 = DEFINITIONAL_REPRESENTATION('',(#10740),#10744);
#10740 = LINE('',#10741,#10742);
#10741 = CARTESIAN_POINT('',(0.,0.));
#10742 = VECTOR('',#10743,1.);
#10743 = DIRECTION('',(1.,0.));
#10744 = ( GEOMETRIC_REPRESENTATION_CONTEXT(2) 
PARAMETRIC_REPRESENTATION_CONTEXT() REPRESENTATION_CONTEXT('2D SPACE',''
  ) );
#10745 = ORIENTED_EDGE('',*,*,#10746,.T.);
#10746 = EDGE_CURVE('',#10724,#10642,#10747,.T.);
#10747 = SURFACE_CURVE('',#10748,(#10752,#10758),.PCURVE_S1.);
#10748 = LINE('',#10749,#10750);
#10749 = CARTESIAN_POINT('',(15.444751125747,71.347457296415,0.));
#10750 = VECTOR('',#10751,1.);
#10751 = DIRECTION('',(-0.,-0.,-1.));
#10752 = PCURVE('',#7926,#10753);
#10753 = DEFINITIONAL_REPRESENTATION('',(#10754),#10757);
#10754 = B_SPLINE_CURVE_WITH_KNOTS('',1,(#10755,#10756),.UNSPECIFIED.,
  .F.,.F.,(2,2),(-1.5000006,6.E-07),.PIECEWISE_BEZIER_KNOTS.);
#10755 = CARTESIAN_POINT('',(8.137749970255,-0.164399579142));
#10756 = CARTESIAN_POINT('',(7.891151292018,1.315192490279));
#10757 = ( GEOMETRIC_REPRESENTATION_CONTEXT(2) 
PARAMETRIC_REPRESENTATION_CONTEXT() REPRESENTATION_CONTEXT('2D SPACE',''
  ) );
#10758 = PCURVE('',#10759,#10764);
#10759 = CYLINDRICAL_SURFACE('',#10760,73.);
#10760 = AXIS2_PLACEMENT_3D('',#10761,#10762,#10763);
#10761 = CARTESIAN_POINT('',(0.,0.,0.));
#10762 = DIRECTION('',(-0.,-0.,-1.));
#10763 = DIRECTION('',(1.,0.,0.));
#10764 = DEFINITIONAL_REPRESENTATION('',(#10765),#10768);
#10765 = B_SPLINE_CURVE_WITH_KNOTS('',1,(#10766,#10767),.UNSPECIFIED.,
  .F.,.F.,(2,2),(-1.5000006,6.E-07),.PIECEWISE_BEZIER_KNOTS.);
#10766 = CARTESIAN_POINT('',(-1.357613304038,-1.5000006));
#10767 = CARTESIAN_POINT('',(-1.357613304038,6.E-07));
#10768 = ( GEOMETRIC_REPRESENTATION_CONTEXT(2) 
PARAMETRIC_REPRESENTATION_CONTEXT() REPRESENTATION_CONTEXT('2D SPACE',''
  ) );
#10769 = ADVANCED_FACE('',(#10770),#7887,.F.);
#10770 = FACE_BOUND('',#10771,.F.);
#10771 = EDGE_LOOP('',(#10772,#10773,#10774,#10830));
#10772 = ORIENTED_EDGE('',*,*,#7857,.F.);
#10773 = ORIENTED_EDGE('',*,*,#10723,.T.);
#10774 = ORIENTED_EDGE('',*,*,#10775,.T.);
#10775 = EDGE_CURVE('',#10724,#10776,#10778,.T.);
#10776 = VERTEX_POINT('',#10777);
#10777 = CARTESIAN_POINT('',(0.273275775536,72.999488493759,0.));
#10778 = SURFACE_CURVE('',#10779,(#10794,#10812),.PCURVE_S1.);
#10779 = B_SPLINE_CURVE_WITH_KNOTS('',4,(#10780,#10781,#10782,#10783,
    #10784,#10785,#10786,#10787,#10788,#10789,#10790,#10791,#10792,
    #10793),.UNSPECIFIED.,.F.,.F.,(5,3,3,3,5),(0.,0.250856813164,
    0.501193024733,0.751220097734,1.),.UNSPECIFIED.);
#10780 = CARTESIAN_POINT('',(15.444751125747,71.347457296415,1.45));
#10781 = CARTESIAN_POINT('',(14.511106438708,71.549565547747,
    1.358737529319));
#10782 = CARTESIAN_POINT('',(13.572203646581,71.735758747781,
    1.267640527831));
#10783 = CARTESIAN_POINT('',(12.628851086945,71.905718603337,
    1.176665755939));
#10784 = CARTESIAN_POINT('',(10.736950827958,72.212424962408,
    0.995067038889));
#10785 = CARTESIAN_POINT('',(9.788416426816,72.349240132007,
    0.90444266232));
#10786 = CARTESIAN_POINT('',(8.837179922448,72.469464356313,
    0.813858099245));
#10787 = CARTESIAN_POINT('',(6.932268338285,72.676408829781,
    0.63280016515));
#10788 = CARTESIAN_POINT('',(5.978596065564,72.763170448456,
    0.542326697546));
#10789 = CARTESIAN_POINT('',(5.024009963682,72.833189213533,
    0.451812797281));
#10790 = CARTESIAN_POINT('',(3.11954520935,72.939519246894,
    0.271074604439));
#10791 = CARTESIAN_POINT('',(2.169665257475,72.975996786506,
    0.180851026635));
#10792 = CARTESIAN_POINT('',(1.220629876662,72.995942045256,
    9.050688427712E-02));
#10793 = CARTESIAN_POINT('',(0.273275775535,72.999488493759,0.));
#10794 = PCURVE('',#7887,#10795);
#10795 = DEFINITIONAL_REPRESENTATION('',(#10796),#10811);
#10796 = B_SPLINE_CURVE_WITH_KNOTS('',4,(#10797,#10798,#10799,#10800,
    #10801,#10802,#10803,#10804,#10805,#10806,#10807,#10808,#10809,
    #10810),.UNSPECIFIED.,.F.,.F.,(5,3,3,3,5),(0.,0.250856813164,
    0.501193024733,0.751220097734,1.),.UNSPECIFIED.);
#10797 = CARTESIAN_POINT('',(8.,0.));
#10798 = CARTESIAN_POINT('',(8.100402888384,6.293963495269E-02));
#10799 = CARTESIAN_POINT('',(8.184324769913,0.12576515322));
#10800 = CARTESIAN_POINT('',(8.251535463995,0.188506375215));
#10801 = CARTESIAN_POINT('',(8.352191325519,0.313746869732));
#10802 = CARTESIAN_POINT('',(8.385706579015,0.376246439779));
#10803 = CARTESIAN_POINT('',(8.402343415476,0.438718552245));
#10804 = CARTESIAN_POINT('',(8.401861098799,0.563586093));
#10805 = CARTESIAN_POINT('',(8.384783604149,0.625981587899));
#10806 = CARTESIAN_POINT('',(8.350870493263,0.688404967392));
#10807 = CARTESIAN_POINT('',(8.249862665132,0.813051996939));
#10808 = CARTESIAN_POINT('',(8.182934011191,0.875275154045));
#10809 = CARTESIAN_POINT('',(8.099571626017,0.937581459119));
#10810 = CARTESIAN_POINT('',(8.,1.));
#10811 = ( GEOMETRIC_REPRESENTATION_CONTEXT(2) 
PARAMETRIC_REPRESENTATION_CONTEXT() REPRESENTATION_CONTEXT('2D SPACE',''
  ) );
#10812 = PCURVE('',#10759,#10813);
#10813 = DEFINITIONAL_REPRESENTATION('',(#10814),#10829);
#10814 = B_SPLINE_CURVE_WITH_KNOTS('',4,(#10815,#10816,#10817,#10818,
    #10819,#10820,#10821,#10822,#10823,#10824,#10825,#10826,#10827,
    #10828),.UNSPECIFIED.,.F.,.F.,(5,3,3,3,5),(0.,0.250856813164,
    0.501193024733,0.751220097734,1.),.UNSPECIFIED.);
#10815 = CARTESIAN_POINT('',(-1.357613304038,-1.45));
#10816 = CARTESIAN_POINT('',(-1.37069918996,-1.358737529319));
#10817 = CARTESIAN_POINT('',(-1.383809345422,-1.267640527831));
#10818 = CARTESIAN_POINT('',(-1.396938019003,-1.176665755939));
#10819 = CARTESIAN_POINT('',(-1.423192812883,-0.995067038889));
#10820 = CARTESIAN_POINT('',(-1.436318897806,-0.90444266232));
#10821 = CARTESIAN_POINT('',(-1.44945118057,-0.813858099245));
#10822 = CARTESIAN_POINT('',(-1.475699393687,-0.63280016515));
#10823 = CARTESIAN_POINT('',(-1.488815340816,-0.542326697546));
#10824 = CARTESIAN_POINT('',(-1.501924994637,-0.451812797281));
#10825 = CARTESIAN_POINT('',(-1.528054183031,-0.271074604439));
#10826 = CARTESIAN_POINT('',(-1.541073856406,-0.180851026635));
#10827 = CARTESIAN_POINT('',(-1.554075269904,-9.050688427712E-02));
#10828 = CARTESIAN_POINT('',(-1.567052814277,0.));
#10829 = ( GEOMETRIC_REPRESENTATION_CONTEXT(2) 
PARAMETRIC_REPRESENTATION_CONTEXT() REPRESENTATION_CONTEXT('2D SPACE',''
  ) );
#10830 = ORIENTED_EDGE('',*,*,#10831,.F.);
#10831 = EDGE_CURVE('',#7831,#10776,#10832,.T.);
#10832 = SURFACE_CURVE('',#10833,(#10837,#10844),.PCURVE_S1.);
#10833 = LINE('',#10834,#10835);
#10834 = CARTESIAN_POINT('',(0.243327745339,64.999544549238,0.));
#10835 = VECTOR('',#10836,1.);
#10836 = DIRECTION('',(3.743503774453E-03,0.999992993065,0.));
#10837 = PCURVE('',#7887,#10838);
#10838 = DEFINITIONAL_REPRESENTATION('',(#10839),#10843);
#10839 = LINE('',#10840,#10841);
#10840 = CARTESIAN_POINT('',(0.,1.));
#10841 = VECTOR('',#10842,1.);
#10842 = DIRECTION('',(1.,0.));
#10843 = ( GEOMETRIC_REPRESENTATION_CONTEXT(2) 
PARAMETRIC_REPRESENTATION_CONTEXT() REPRESENTATION_CONTEXT('2D SPACE',''
  ) );
#10844 = PCURVE('',#7846,#10845);
#10845 = DEFINITIONAL_REPRESENTATION('',(#10846),#10850);
#10846 = LINE('',#10847,#10848);
#10847 = CARTESIAN_POINT('',(0.,0.));
#10848 = VECTOR('',#10849,1.);
#10849 = DIRECTION('',(0.986393923832,0.164398987305));
#10850 = ( GEOMETRIC_REPRESENTATION_CONTEXT(2) 
PARAMETRIC_REPRESENTATION_CONTEXT() REPRESENTATION_CONTEXT('2D SPACE',''
  ) );
#10851 = ADVANCED_FACE('',(#10852),#7846,.T.);
#10852 = FACE_BOUND('',#10853,.T.);
#10853 = EDGE_LOOP('',(#10854,#10855,#10856,#10879));
#10854 = ORIENTED_EDGE('',*,*,#10831,.F.);
#10855 = ORIENTED_EDGE('',*,*,#7830,.F.);
#10856 = ORIENTED_EDGE('',*,*,#10857,.T.);
#10857 = EDGE_CURVE('',#7778,#10858,#10860,.T.);
#10858 = VERTEX_POINT('',#10859);
#10859 = CARTESIAN_POINT('',(0.273275775535,72.999488493759,1.45));
#10860 = SURFACE_CURVE('',#10861,(#10865,#10872),.PCURVE_S1.);
#10861 = LINE('',#10862,#10863);
#10862 = CARTESIAN_POINT('',(0.243327745339,64.999544549238,1.45));
#10863 = VECTOR('',#10864,1.);
#10864 = DIRECTION('',(3.743503774453E-03,0.999992993065,0.));
#10865 = PCURVE('',#7846,#10866);
#10866 = DEFINITIONAL_REPRESENTATION('',(#10867),#10871);
#10867 = LINE('',#10868,#10869);
#10868 = CARTESIAN_POINT('',(0.238378531593,-1.430271189557));
#10869 = VECTOR('',#10870,1.);
#10870 = DIRECTION('',(0.986393923832,0.164398987305));
#10871 = ( GEOMETRIC_REPRESENTATION_CONTEXT(2) 
PARAMETRIC_REPRESENTATION_CONTEXT() REPRESENTATION_CONTEXT('2D SPACE',''
  ) );
#10872 = PCURVE('',#7807,#10873);
#10873 = DEFINITIONAL_REPRESENTATION('',(#10874),#10878);
#10874 = LINE('',#10875,#10876);
#10875 = CARTESIAN_POINT('',(0.,0.));
#10876 = VECTOR('',#10877,1.);
#10877 = DIRECTION('',(1.,0.));
#10878 = ( GEOMETRIC_REPRESENTATION_CONTEXT(2) 
PARAMETRIC_REPRESENTATION_CONTEXT() REPRESENTATION_CONTEXT('2D SPACE',''
  ) );
#10879 = ORIENTED_EDGE('',*,*,#10880,.T.);
#10880 = EDGE_CURVE('',#10858,#10776,#10881,.T.);
#10881 = SURFACE_CURVE('',#10882,(#10886,#10892),.PCURVE_S1.);
#10882 = LINE('',#10883,#10884);
#10883 = CARTESIAN_POINT('',(0.273275775535,72.999488493759,
    5.857487250849E-34));
#10884 = VECTOR('',#10885,1.);
#10885 = DIRECTION('',(-0.,-0.,-1.));
#10886 = PCURVE('',#7846,#10887);
#10887 = DEFINITIONAL_REPRESENTATION('',(#10888),#10891);
#10888 = B_SPLINE_CURVE_WITH_KNOTS('',1,(#10889,#10890),.UNSPECIFIED.,
  .F.,.F.,(2,2),(-1.5000006,6.E-07),.PIECEWISE_BEZIER_KNOTS.);
#10889 = CARTESIAN_POINT('',(8.137749970255,-0.164399579142));
#10890 = CARTESIAN_POINT('',(7.891151292018,1.315192490279));
#10891 = ( GEOMETRIC_REPRESENTATION_CONTEXT(2) 
PARAMETRIC_REPRESENTATION_CONTEXT() REPRESENTATION_CONTEXT('2D SPACE',''
  ) );
#10892 = PCURVE('',#10893,#10898);
#10893 = CYLINDRICAL_SURFACE('',#10894,73.);
#10894 = AXIS2_PLACEMENT_3D('',#10895,#10896,#10897);
#10895 = CARTESIAN_POINT('',(0.,0.,0.));
#10896 = DIRECTION('',(-0.,-0.,-1.));
#10897 = DIRECTION('',(1.,0.,0.));
#10898 = DEFINITIONAL_REPRESENTATION('',(#10899),#10902);
#10899 = B_SPLINE_CURVE_WITH_KNOTS('',1,(#10900,#10901),.UNSPECIFIED.,
  .F.,.F.,(2,2),(-1.5000006,6.E-07),.PIECEWISE_BEZIER_KNOTS.);
#10900 = CARTESIAN_POINT('',(-1.567052814277,-1.5000006));
#10901 = CARTESIAN_POINT('',(-1.567052814277,6.E-07));
#10902 = ( GEOMETRIC_REPRESENTATION_CONTEXT(2) 
PARAMETRIC_REPRESENTATION_CONTEXT() REPRESENTATION_CONTEXT('2D SPACE',''
  ) );
#10903 = ADVANCED_FACE('',(#10904),#7807,.F.);
#10904 = FACE_BOUND('',#10905,.F.);
#10905 = EDGE_LOOP('',(#10906,#10907,#10908,#10964));
#10906 = ORIENTED_EDGE('',*,*,#7777,.F.);
#10907 = ORIENTED_EDGE('',*,*,#10857,.T.);
#10908 = ORIENTED_EDGE('',*,*,#10909,.T.);
#10909 = EDGE_CURVE('',#10858,#10910,#10912,.T.);
#10910 = VERTEX_POINT('',#10911);
#10911 = CARTESIAN_POINT('',(-14.91014303739,71.461091753517,0.));
#10912 = SURFACE_CURVE('',#10913,(#10928,#10946),.PCURVE_S1.);
#10913 = B_SPLINE_CURVE_WITH_KNOTS('',4,(#10914,#10915,#10916,#10917,
    #10918,#10919,#10920,#10921,#10922,#10923,#10924,#10925,#10926,
    #10927),.UNSPECIFIED.,.F.,.F.,(5,3,3,3,5),(0.,0.250856813164,
    0.501193024733,0.751220097752,1.),.UNSPECIFIED.);
#10914 = CARTESIAN_POINT('',(0.273275775535,72.999488493759,1.45));
#10915 = CARTESIAN_POINT('',(-0.681987203293,73.003064549383,
    1.358737529319));
#10916 = CARTESIAN_POINT('',(-1.639084459772,72.989980114245,
    1.267640527831));
#10917 = CARTESIAN_POINT('',(-2.597159143566,72.960091913467,
    1.176665755939));
#10918 = CARTESIAN_POINT('',(-4.511484680421,72.866747821018,
    0.995067038889));
#10919 = CARTESIAN_POINT('',(-5.467736802352,72.803361859764,
    0.90444266232));
#10920 = CARTESIAN_POINT('',(-6.423182528583,72.723185706328,
    0.813858099245));
#10921 = CARTESIAN_POINT('',(-8.329493399697,72.529554558207,
    0.632800165143));
#10922 = CARTESIAN_POINT('',(-9.280364400053,72.416140612633,
    0.542326697533));
#10923 = CARTESIAN_POINT('',(-10.2286482252,72.286159689214,
    0.451812797261));
#10924 = CARTESIAN_POINT('',(-12.11360311236,71.994205669049,
    0.271074604418));
#10925 = CARTESIAN_POINT('',(-13.05031001513,71.832394940043,
    0.180851026622));
#10926 = CARTESIAN_POINT('',(-13.98275354829,71.654588796376,
    9.050688427034E-02));
#10927 = CARTESIAN_POINT('',(-14.91014303739,71.461091753517,0.));
#10928 = PCURVE('',#7807,#10929);
#10929 = DEFINITIONAL_REPRESENTATION('',(#10930),#10945);
#10930 = B_SPLINE_CURVE_WITH_KNOTS('',4,(#10931,#10932,#10933,#10934,
    #10935,#10936,#10937,#10938,#10939,#10940,#10941,#10942,#10943,
    #10944),.UNSPECIFIED.,.F.,.F.,(5,3,3,3,5),(0.,0.250856813164,
    0.501193024733,0.751220097752,1.),.UNSPECIFIED.);
#10931 = CARTESIAN_POINT('',(8.,0.));
#10932 = CARTESIAN_POINT('',(8.100402888384,6.293963495269E-02));
#10933 = CARTESIAN_POINT('',(8.184324769913,0.12576515322));
#10934 = CARTESIAN_POINT('',(8.251535463995,0.188506375215));
#10935 = CARTESIAN_POINT('',(8.352191325519,0.313746869732));
#10936 = CARTESIAN_POINT('',(8.385706579015,0.376246439779));
#10937 = CARTESIAN_POINT('',(8.402343415476,0.438718552245));
#10938 = CARTESIAN_POINT('',(8.401861098799,0.563586093005));
#10939 = CARTESIAN_POINT('',(8.384783604147,0.625981587908));
#10940 = CARTESIAN_POINT('',(8.350870493255,0.688404967406));
#10941 = CARTESIAN_POINT('',(8.249862665117,0.813051996953));
#10942 = CARTESIAN_POINT('',(8.182934011178,0.875275154054));
#10943 = CARTESIAN_POINT('',(8.099571626009,0.937581459124));
#10944 = CARTESIAN_POINT('',(8.,1.));
#10945 = ( GEOMETRIC_REPRESENTATION_CONTEXT(2) 
PARAMETRIC_REPRESENTATION_CONTEXT() REPRESENTATION_CONTEXT('2D SPACE',''
  ) );
#10946 = PCURVE('',#10893,#10947);
#10947 = DEFINITIONAL_REPRESENTATION('',(#10948),#10963);
#10948 = B_SPLINE_CURVE_WITH_KNOTS('',4,(#10949,#10950,#10951,#10952,
    #10953,#10954,#10955,#10956,#10957,#10958,#10959,#10960,#10961,
    #10962),.UNSPECIFIED.,.F.,.F.,(5,3,3,3,5),(0.,0.250856813164,
    0.501193024733,0.751220097752,1.),.UNSPECIFIED.);
#10949 = CARTESIAN_POINT('',(-1.567052814277,-1.45));
#10950 = CARTESIAN_POINT('',(-1.580138700199,-1.358737529319));
#10951 = CARTESIAN_POINT('',(-1.593248855662,-1.267640527831));
#10952 = CARTESIAN_POINT('',(-1.606377529243,-1.176665755939));
#10953 = CARTESIAN_POINT('',(-1.632632323122,-0.995067038889));
#10954 = CARTESIAN_POINT('',(-1.645758408045,-0.90444266232));
#10955 = CARTESIAN_POINT('',(-1.65889069081,-0.813858099245));
#10956 = CARTESIAN_POINT('',(-1.685138903927,-0.632800165143));
#10957 = CARTESIAN_POINT('',(-1.698254851057,-0.542326697533));
#10958 = CARTESIAN_POINT('',(-1.71136450488,-0.451812797261));
#10959 = CARTESIAN_POINT('',(-1.737493693273,-0.271074604418));
#10960 = CARTESIAN_POINT('',(-1.750513366647,-0.180851026622));
#10961 = CARTESIAN_POINT('',(-1.763514780144,-9.050688427034E-02));
#10962 = CARTESIAN_POINT('',(-1.776492324516,0.));
#10963 = ( GEOMETRIC_REPRESENTATION_CONTEXT(2) 
PARAMETRIC_REPRESENTATION_CONTEXT() REPRESENTATION_CONTEXT('2D SPACE',''
  ) );
#10964 = ORIENTED_EDGE('',*,*,#10965,.F.);
#10965 = EDGE_CURVE('',#7751,#10910,#10966,.T.);
#10966 = SURFACE_CURVE('',#10967,(#10971,#10978),.PCURVE_S1.);
#10967 = LINE('',#10968,#10969);
#10968 = CARTESIAN_POINT('',(-13.27615475932,63.629739232583,0.));
#10969 = VECTOR('',#10970,1.);
#10970 = DIRECTION('',(-0.204248534759,0.978919065117,0.));
#10971 = PCURVE('',#7807,#10972);
#10972 = DEFINITIONAL_REPRESENTATION('',(#10973),#10977);
#10973 = LINE('',#10974,#10975);
#10974 = CARTESIAN_POINT('',(0.,1.));
#10975 = VECTOR('',#10976,1.);
#10976 = DIRECTION('',(1.,0.));
#10977 = ( GEOMETRIC_REPRESENTATION_CONTEXT(2) 
PARAMETRIC_REPRESENTATION_CONTEXT() REPRESENTATION_CONTEXT('2D SPACE',''
  ) );
#10978 = PCURVE('',#7766,#10979);
#10979 = DEFINITIONAL_REPRESENTATION('',(#10980),#10984);
#10980 = LINE('',#10981,#10982);
#10981 = CARTESIAN_POINT('',(0.,0.));
#10982 = VECTOR('',#10983,1.);
#10983 = DIRECTION('',(0.986393923832,0.164398987305));
#10984 = ( GEOMETRIC_REPRESENTATION_CONTEXT(2) 
PARAMETRIC_REPRESENTATION_CONTEXT() REPRESENTATION_CONTEXT('2D SPACE',''
  ) );
#10985 = ADVANCED_FACE('',(#10986),#7766,.T.);
#10986 = FACE_BOUND('',#10987,.T.);
#10987 = EDGE_LOOP('',(#10988,#10989,#10990,#11013));
#10988 = ORIENTED_EDGE('',*,*,#10965,.F.);
#10989 = ORIENTED_EDGE('',*,*,#7750,.F.);
#10990 = ORIENTED_EDGE('',*,*,#10991,.T.);
#10991 = EDGE_CURVE('',#7698,#10992,#10994,.T.);
#10992 = VERTEX_POINT('',#10993);
#10993 = CARTESIAN_POINT('',(-14.91014303739,71.461091753517,1.45));
#10994 = SURFACE_CURVE('',#10995,(#10999,#11006),.PCURVE_S1.);
#10995 = LINE('',#10996,#10997);
#10996 = CARTESIAN_POINT('',(-13.27615475932,63.629739232583,1.45));
#10997 = VECTOR('',#10998,1.);
#10998 = DIRECTION('',(-0.204248534759,0.978919065117,0.));
#10999 = PCURVE('',#7766,#11000);
#11000 = DEFINITIONAL_REPRESENTATION('',(#11001),#11005);
#11001 = LINE('',#11002,#11003);
#11002 = CARTESIAN_POINT('',(0.238378531593,-1.430271189557));
#11003 = VECTOR('',#11004,1.);
#11004 = DIRECTION('',(0.986393923832,0.164398987305));
#11005 = ( GEOMETRIC_REPRESENTATION_CONTEXT(2) 
PARAMETRIC_REPRESENTATION_CONTEXT() REPRESENTATION_CONTEXT('2D SPACE',''
  ) );
#11006 = PCURVE('',#7727,#11007);
#11007 = DEFINITIONAL_REPRESENTATION('',(#11008),#11012);
#11008 = LINE('',#11009,#11010);
#11009 = CARTESIAN_POINT('',(0.,0.));
#11010 = VECTOR('',#11011,1.);
#11011 = DIRECTION('',(1.,0.));
#11012 = ( GEOMETRIC_REPRESENTATION_CONTEXT(2) 
PARAMETRIC_REPRESENTATION_CONTEXT() REPRESENTATION_CONTEXT('2D SPACE',''
  ) );
#11013 = ORIENTED_EDGE('',*,*,#11014,.T.);
#11014 = EDGE_CURVE('',#10992,#10910,#11015,.T.);
#11015 = SURFACE_CURVE('',#11016,(#11020,#11026),.PCURVE_S1.);
#11016 = LINE('',#11017,#11018);
#11017 = CARTESIAN_POINT('',(-14.91014303739,71.461091753517,
    8.997100417304E-31));
#11018 = VECTOR('',#11019,1.);
#11019 = DIRECTION('',(-0.,-0.,-1.));
#11020 = PCURVE('',#7766,#11021);
#11021 = DEFINITIONAL_REPRESENTATION('',(#11022),#11025);
#11022 = B_SPLINE_CURVE_WITH_KNOTS('',1,(#11023,#11024),.UNSPECIFIED.,
  .F.,.F.,(2,2),(-1.5000006,6.E-07),.PIECEWISE_BEZIER_KNOTS.);
#11023 = CARTESIAN_POINT('',(8.137749970255,-0.164399579142));
#11024 = CARTESIAN_POINT('',(7.891151292018,1.315192490279));
#11025 = ( GEOMETRIC_REPRESENTATION_CONTEXT(2) 
PARAMETRIC_REPRESENTATION_CONTEXT() REPRESENTATION_CONTEXT('2D SPACE',''
  ) );
#11026 = PCURVE('',#11027,#11032);
#11027 = CYLINDRICAL_SURFACE('',#11028,73.);
#11028 = AXIS2_PLACEMENT_3D('',#11029,#11030,#11031);
#11029 = CARTESIAN_POINT('',(0.,0.,0.));
#11030 = DIRECTION('',(-0.,-0.,-1.));
#11031 = DIRECTION('',(1.,0.,0.));
#11032 = DEFINITIONAL_REPRESENTATION('',(#11033),#11036);
#11033 = B_SPLINE_CURVE_WITH_KNOTS('',1,(#11034,#11035),.UNSPECIFIED.,
  .F.,.F.,(2,2),(-1.5000006,6.E-07),.PIECEWISE_BEZIER_KNOTS.);
#11034 = CARTESIAN_POINT('',(-1.776492324516,-1.5000006));
#11035 = CARTESIAN_POINT('',(-1.776492324516,6.E-07));
#11036 = ( GEOMETRIC_REPRESENTATION_CONTEXT(2) 
PARAMETRIC_REPRESENTATION_CONTEXT() REPRESENTATION_CONTEXT('2D SPACE',''
  ) );
#11037 = ADVANCED_FACE('',(#11038),#7727,.F.);
#11038 = FACE_BOUND('',#11039,.F.);
#11039 = EDGE_LOOP('',(#11040,#11041,#11042,#11098));
#11040 = ORIENTED_EDGE('',*,*,#7697,.F.);
#11041 = ORIENTED_EDGE('',*,*,#10991,.T.);
#11042 = ORIENTED_EDGE('',*,*,#11043,.T.);
#11043 = EDGE_CURVE('',#10992,#11044,#11046,.T.);
#11044 = VERTEX_POINT('',#11045);
#11045 = CARTESIAN_POINT('',(-29.44191705277,66.799502395282,0.));
#11046 = SURFACE_CURVE('',#11047,(#11062,#11080),.PCURVE_S1.);
#11047 = B_SPLINE_CURVE_WITH_KNOTS('',4,(#11048,#11049,#11050,#11051,
    #11052,#11053,#11054,#11055,#11056,#11057,#11058,#11059,#11060,
    #11061),.UNSPECIFIED.,.F.,.F.,(5,3,3,3,5),(0.,0.250856813164,
    0.501193024733,0.751220097742,1.),.UNSPECIFIED.);
#11048 = CARTESIAN_POINT('',(-14.91014303739,71.461091753517,1.45));
#11049 = CARTESIAN_POINT('',(-15.84527473197,71.265979322642,
    1.358737529319));
#11050 = CARTESIAN_POINT('',(-16.77873671003,71.054189104933,
    1.267640527831));
#11051 = CARTESIAN_POINT('',(-17.70966105695,70.825759105614,
    1.176665755939));
#11052 = CARTESIAN_POINT('',(-19.56274665976,70.336444146399,
    0.995067038889));
#11053 = CARTESIAN_POINT('',(-20.48492369614,70.07562732496,
    0.90444266232));
#11054 = CARTESIAN_POINT('',(-21.40282108126,69.798554876415,
    0.813858099245));
#11055 = CARTESIAN_POINT('',(-23.22721630665,69.212810717029,
    0.632800165147));
#11056 = CARTESIAN_POINT('',(-24.13372840903,68.904177940856,
    0.542326697541));
#11057 = CARTESIAN_POINT('',(-25.03426540382,68.579878119025,
    0.451812797273));
#11058 = CARTESIAN_POINT('',(-26.81732885021,67.902399836976,
    0.27107460443));
#11059 = CARTESIAN_POINT('',(-27.69992411753,67.549372744655,
    0.18085102663));
#11060 = CARTESIAN_POINT('',(-28.57502354638,67.181586180246,
    9.050688427432E-02));
#11061 = CARTESIAN_POINT('',(-29.44191705277,66.799502395282,0.));
#11062 = PCURVE('',#7727,#11063);
#11063 = DEFINITIONAL_REPRESENTATION('',(#11064),#11079);
#11064 = B_SPLINE_CURVE_WITH_KNOTS('',4,(#11065,#11066,#11067,#11068,
    #11069,#11070,#11071,#11072,#11073,#11074,#11075,#11076,#11077,
    #11078),.UNSPECIFIED.,.F.,.F.,(5,3,3,3,5),(0.,0.250856813164,
    0.501193024733,0.751220097742,1.),.UNSPECIFIED.);
#11065 = CARTESIAN_POINT('',(8.,0.));
#11066 = CARTESIAN_POINT('',(8.100402888384,6.293963495269E-02));
#11067 = CARTESIAN_POINT('',(8.184324769913,0.12576515322));
#11068 = CARTESIAN_POINT('',(8.251535463995,0.188506375215));
#11069 = CARTESIAN_POINT('',(8.352191325519,0.313746869732));
#11070 = CARTESIAN_POINT('',(8.385706579015,0.376246439779));
#11071 = CARTESIAN_POINT('',(8.402343415476,0.438718552245));
#11072 = CARTESIAN_POINT('',(8.401861098799,0.563586093002));
#11073 = CARTESIAN_POINT('',(8.384783604148,0.625981587903));
#11074 = CARTESIAN_POINT('',(8.35087049326,0.688404967398));
#11075 = CARTESIAN_POINT('',(8.249862665125,0.813051996945));
#11076 = CARTESIAN_POINT('',(8.182934011186,0.875275154048));
#11077 = CARTESIAN_POINT('',(8.099571626014,0.937581459121));
#11078 = CARTESIAN_POINT('',(8.,1.));
#11079 = ( GEOMETRIC_REPRESENTATION_CONTEXT(2) 
PARAMETRIC_REPRESENTATION_CONTEXT() REPRESENTATION_CONTEXT('2D SPACE',''
  ) );
#11080 = PCURVE('',#11027,#11081);
#11081 = DEFINITIONAL_REPRESENTATION('',(#11082),#11097);
#11082 = B_SPLINE_CURVE_WITH_KNOTS('',4,(#11083,#11084,#11085,#11086,
    #11087,#11088,#11089,#11090,#11091,#11092,#11093,#11094,#11095,
    #11096),.UNSPECIFIED.,.F.,.F.,(5,3,3,3,5),(0.,0.250856813164,
    0.501193024733,0.751220097742,1.),.UNSPECIFIED.);
#11083 = CARTESIAN_POINT('',(-1.776492324516,-1.45));
#11084 = CARTESIAN_POINT('',(-1.789578210439,-1.358737529319));
#11085 = CARTESIAN_POINT('',(-1.802688365901,-1.267640527831));
#11086 = CARTESIAN_POINT('',(-1.815817039482,-1.176665755939));
#11087 = CARTESIAN_POINT('',(-1.842071833362,-0.995067038889));
#11088 = CARTESIAN_POINT('',(-1.855197918285,-0.90444266232));
#11089 = CARTESIAN_POINT('',(-1.868330201049,-0.813858099245));
#11090 = CARTESIAN_POINT('',(-1.894578414166,-0.632800165147));
#11091 = CARTESIAN_POINT('',(-1.907694361295,-0.542326697541));
#11092 = CARTESIAN_POINT('',(-1.920804015117,-0.451812797273));
#11093 = CARTESIAN_POINT('',(-1.946933203511,-0.27107460443));
#11094 = CARTESIAN_POINT('',(-1.959952876885,-0.18085102663));
#11095 = CARTESIAN_POINT('',(-1.972954290383,-9.050688427432E-02));
#11096 = CARTESIAN_POINT('',(-1.985931834756,0.));
#11097 = ( GEOMETRIC_REPRESENTATION_CONTEXT(2) 
PARAMETRIC_REPRESENTATION_CONTEXT() REPRESENTATION_CONTEXT('2D SPACE',''
  ) );
#11098 = ORIENTED_EDGE('',*,*,#11099,.F.);
#11099 = EDGE_CURVE('',#7671,#11044,#11100,.T.);
#11100 = SURFACE_CURVE('',#11101,(#11105,#11112),.PCURVE_S1.);
#11101 = LINE('',#11102,#11103);
#11102 = CARTESIAN_POINT('',(-26.21540559494,59.479008982101,0.));
#11103 = VECTOR('',#11104,1.);
#11104 = DIRECTION('',(-0.40331393223,0.915061676648,0.));
#11105 = PCURVE('',#7727,#11106);
#11106 = DEFINITIONAL_REPRESENTATION('',(#11107),#11111);
#11107 = LINE('',#11108,#11109);
#11108 = CARTESIAN_POINT('',(0.,1.));
#11109 = VECTOR('',#11110,1.);
#11110 = DIRECTION('',(1.,0.));
#11111 = ( GEOMETRIC_REPRESENTATION_CONTEXT(2) 
PARAMETRIC_REPRESENTATION_CONTEXT() REPRESENTATION_CONTEXT('2D SPACE',''
  ) );
#11112 = PCURVE('',#7686,#11113);
#11113 = DEFINITIONAL_REPRESENTATION('',(#11114),#11118);
#11114 = LINE('',#11115,#11116);
#11115 = CARTESIAN_POINT('',(0.,0.));
#11116 = VECTOR('',#11117,1.);
#11117 = DIRECTION('',(0.986393923832,0.164398987305));
#11118 = ( GEOMETRIC_REPRESENTATION_CONTEXT(2) 
PARAMETRIC_REPRESENTATION_CONTEXT() REPRESENTATION_CONTEXT('2D SPACE',''
  ) );
#11119 = ADVANCED_FACE('',(#11120),#7686,.T.);
#11120 = FACE_BOUND('',#11121,.T.);
#11121 = EDGE_LOOP('',(#11122,#11123,#11124,#11147));
#11122 = ORIENTED_EDGE('',*,*,#11099,.F.);
#11123 = ORIENTED_EDGE('',*,*,#7670,.F.);
#11124 = ORIENTED_EDGE('',*,*,#11125,.T.);
#11125 = EDGE_CURVE('',#7618,#11126,#11128,.T.);
#11126 = VERTEX_POINT('',#11127);
#11127 = CARTESIAN_POINT('',(-29.44191705277,66.799502395282,1.45));
#11128 = SURFACE_CURVE('',#11129,(#11133,#11140),.PCURVE_S1.);
#11129 = LINE('',#11130,#11131);
#11130 = CARTESIAN_POINT('',(-26.21540559494,59.479008982101,1.45));
#11131 = VECTOR('',#11132,1.);
#11132 = DIRECTION('',(-0.40331393223,0.915061676648,0.));
#11133 = PCURVE('',#7686,#11134);
#11134 = DEFINITIONAL_REPRESENTATION('',(#11135),#11139);
#11135 = LINE('',#11136,#11137);
#11136 = CARTESIAN_POINT('',(0.238378531593,-1.430271189557));
#11137 = VECTOR('',#11138,1.);
#11138 = DIRECTION('',(0.986393923832,0.164398987305));
#11139 = ( GEOMETRIC_REPRESENTATION_CONTEXT(2) 
PARAMETRIC_REPRESENTATION_CONTEXT() REPRESENTATION_CONTEXT('2D SPACE',''
  ) );
#11140 = PCURVE('',#7647,#11141);
#11141 = DEFINITIONAL_REPRESENTATION('',(#11142),#11146);
#11142 = LINE('',#11143,#11144);
#11143 = CARTESIAN_POINT('',(0.,0.));
#11144 = VECTOR('',#11145,1.);
#11145 = DIRECTION('',(1.,0.));
#11146 = ( GEOMETRIC_REPRESENTATION_CONTEXT(2) 
PARAMETRIC_REPRESENTATION_CONTEXT() REPRESENTATION_CONTEXT('2D SPACE',''
  ) );
#11147 = ORIENTED_EDGE('',*,*,#11148,.T.);
#11148 = EDGE_CURVE('',#11126,#11044,#11149,.T.);
#11149 = SURFACE_CURVE('',#11150,(#11154,#11160),.PCURVE_S1.);
#11150 = LINE('',#11151,#11152);
#11151 = CARTESIAN_POINT('',(-29.44191705277,66.799502395282,
    2.399226777948E-30));
#11152 = VECTOR('',#11153,1.);
#11153 = DIRECTION('',(-0.,-0.,-1.));
#11154 = PCURVE('',#7686,#11155);
#11155 = DEFINITIONAL_REPRESENTATION('',(#11156),#11159);
#11156 = B_SPLINE_CURVE_WITH_KNOTS('',1,(#11157,#11158),.UNSPECIFIED.,
  .F.,.F.,(2,2),(-1.5000006,6.E-07),.PIECEWISE_BEZIER_KNOTS.);
#11157 = CARTESIAN_POINT('',(8.137749970255,-0.164399579142));
#11158 = CARTESIAN_POINT('',(7.891151292018,1.315192490279));
#11159 = ( GEOMETRIC_REPRESENTATION_CONTEXT(2) 
PARAMETRIC_REPRESENTATION_CONTEXT() REPRESENTATION_CONTEXT('2D SPACE',''
  ) );
#11160 = PCURVE('',#11161,#11166);
#11161 = CYLINDRICAL_SURFACE('',#11162,73.);
#11162 = AXIS2_PLACEMENT_3D('',#11163,#11164,#11165);
#11163 = CARTESIAN_POINT('',(0.,0.,0.));
#11164 = DIRECTION('',(-0.,-0.,-1.));
#11165 = DIRECTION('',(1.,0.,0.));
#11166 = DEFINITIONAL_REPRESENTATION('',(#11167),#11170);
#11167 = B_SPLINE_CURVE_WITH_KNOTS('',1,(#11168,#11169),.UNSPECIFIED.,
  .F.,.F.,(2,2),(-1.5000006,6.E-07),.PIECEWISE_BEZIER_KNOTS.);
#11168 = CARTESIAN_POINT('',(-1.985931834756,-1.5000006));
#11169 = CARTESIAN_POINT('',(-1.985931834756,6.E-07));
#11170 = ( GEOMETRIC_REPRESENTATION_CONTEXT(2) 
PARAMETRIC_REPRESENTATION_CONTEXT() REPRESENTATION_CONTEXT('2D SPACE',''
  ) );
#11171 = ADVANCED_FACE('',(#11172),#7647,.F.);
#11172 = FACE_BOUND('',#11173,.F.);
#11173 = EDGE_LOOP('',(#11174,#11175,#11176,#11232));
#11174 = ORIENTED_EDGE('',*,*,#7617,.F.);
#11175 = ORIENTED_EDGE('',*,*,#11125,.T.);
#11176 = ORIENTED_EDGE('',*,*,#11177,.T.);
#11177 = EDGE_CURVE('',#11126,#11178,#11180,.T.);
#11178 = VERTEX_POINT('',#11179);
#11179 = CARTESIAN_POINT('',(-42.68693801496,59.218454242799,0.));
#11180 = SURFACE_CURVE('',#11181,(#11196,#11214),.PCURVE_S1.);
#11181 = B_SPLINE_CURVE_WITH_KNOTS('',4,(#11182,#11183,#11184,#11185,
    #11186,#11187,#11188,#11189,#11190,#11191,#11192,#11193,#11194,
    #11195),.UNSPECIFIED.,.F.,.F.,(5,3,3,3,5),(0.,0.250856813164,
    0.501193024733,0.751220097742,1.),.UNSPECIFIED.);
#11182 = CARTESIAN_POINT('',(-29.44191705277,66.799502395282,1.45));
#11183 = CARTESIAN_POINT('',(-30.3160477208,66.414228827391,
    1.358737529319));
#11184 = CARTESIAN_POINT('',(-31.18507765275,66.012989075907,
    1.267640527831));
#11185 = CARTESIAN_POINT('',(-32.04816580176,65.596000765147,
    1.176665755939));
#11186 = CARTESIAN_POINT('',(-33.75902273759,64.732100350877,
    0.995067038889));
#11187 = CARTESIAN_POINT('',(-34.60682112684,64.285251615887,
    0.90444266232));
#11188 = CARTESIAN_POINT('',(-35.44705365056,63.823392267776,
    0.813858099245));
#11189 = CARTESIAN_POINT('',(-37.1097984045,62.871134927597,
    0.632800165147));
#11190 = CARTESIAN_POINT('',(-37.93233268015,62.380772054124,
    0.542326697541));
#11191 = CARTESIAN_POINT('',(-38.74576505668,61.876326792251,
    0.451812797273));
#11192 = CARTESIAN_POINT('',(-40.34900863361,60.842933300142,
    0.27107460443));
#11193 = CARTESIAN_POINT('',(-41.13891861709,60.314118822457,
    0.18085102663));
#11194 = CARTESIAN_POINT('',(-41.91842789736,59.772425875013,
    9.050688427432E-02));
#11195 = CARTESIAN_POINT('',(-42.68693801496,59.218454242798,0.));
#11196 = PCURVE('',#7647,#11197);
#11197 = DEFINITIONAL_REPRESENTATION('',(#11198),#11213);
#11198 = B_SPLINE_CURVE_WITH_KNOTS('',4,(#11199,#11200,#11201,#11202,
    #11203,#11204,#11205,#11206,#11207,#11208,#11209,#11210,#11211,
    #11212),.UNSPECIFIED.,.F.,.F.,(5,3,3,3,5),(0.,0.250856813164,
    0.501193024733,0.751220097742,1.),.UNSPECIFIED.);
#11199 = CARTESIAN_POINT('',(8.,0.));
#11200 = CARTESIAN_POINT('',(8.100402888384,6.293963495269E-02));
#11201 = CARTESIAN_POINT('',(8.184324769913,0.12576515322));
#11202 = CARTESIAN_POINT('',(8.251535463995,0.188506375215));
#11203 = CARTESIAN_POINT('',(8.352191325519,0.313746869732));
#11204 = CARTESIAN_POINT('',(8.385706579015,0.376246439779));
#11205 = CARTESIAN_POINT('',(8.402343415476,0.438718552245));
#11206 = CARTESIAN_POINT('',(8.401861098799,0.563586093002));
#11207 = CARTESIAN_POINT('',(8.384783604148,0.625981587903));
#11208 = CARTESIAN_POINT('',(8.35087049326,0.688404967398));
#11209 = CARTESIAN_POINT('',(8.249862665125,0.813051996945));
#11210 = CARTESIAN_POINT('',(8.182934011186,0.875275154048));
#11211 = CARTESIAN_POINT('',(8.099571626014,0.937581459121));
#11212 = CARTESIAN_POINT('',(8.,1.));
#11213 = ( GEOMETRIC_REPRESENTATION_CONTEXT(2) 
PARAMETRIC_REPRESENTATION_CONTEXT() REPRESENTATION_CONTEXT('2D SPACE',''
  ) );
#11214 = PCURVE('',#11161,#11215);
#11215 = DEFINITIONAL_REPRESENTATION('',(#11216),#11231);
#11216 = B_SPLINE_CURVE_WITH_KNOTS('',4,(#11217,#11218,#11219,#11220,
    #11221,#11222,#11223,#11224,#11225,#11226,#11227,#11228,#11229,
    #11230),.UNSPECIFIED.,.F.,.F.,(5,3,3,3,5),(0.,0.250856813164,
    0.501193024733,0.751220097742,1.),.UNSPECIFIED.);
#11217 = CARTESIAN_POINT('',(-1.985931834756,-1.45));
#11218 = CARTESIAN_POINT('',(-1.999017720678,-1.358737529319));
#11219 = CARTESIAN_POINT('',(-2.01212787614,-1.267640527831));
#11220 = CARTESIAN_POINT('',(-2.025256549721,-1.176665755939));
#11221 = CARTESIAN_POINT('',(-2.051511343601,-0.995067038889));
#11222 = CARTESIAN_POINT('',(-2.064637428524,-0.90444266232));
#11223 = CARTESIAN_POINT('',(-2.077769711288,-0.813858099245));
#11224 = CARTESIAN_POINT('',(-2.104017924405,-0.632800165147));
#11225 = CARTESIAN_POINT('',(-2.117133871535,-0.542326697541));
#11226 = CARTESIAN_POINT('',(-2.130243525357,-0.451812797273));
#11227 = CARTESIAN_POINT('',(-2.15637271375,-0.27107460443));
#11228 = CARTESIAN_POINT('',(-2.169392387125,-0.18085102663));
#11229 = CARTESIAN_POINT('',(-2.182393800622,-9.050688427432E-02));
#11230 = CARTESIAN_POINT('',(-2.195371344995,0.));
#11231 = ( GEOMETRIC_REPRESENTATION_CONTEXT(2) 
PARAMETRIC_REPRESENTATION_CONTEXT() REPRESENTATION_CONTEXT('2D SPACE',''
  ) );
#11232 = ORIENTED_EDGE('',*,*,#11233,.F.);
#11233 = EDGE_CURVE('',#7591,#11178,#11234,.T.);
#11234 = SURFACE_CURVE('',#11235,(#11239,#11246),.PCURVE_S1.);
#11235 = LINE('',#11236,#11237);
#11236 = CARTESIAN_POINT('',(-38.00891741058,52.728760627149,0.));
#11237 = VECTOR('',#11238,1.);
#11238 = DIRECTION('',(-0.584752575547,0.811211701956,0.));
#11239 = PCURVE('',#7647,#11240);
#11240 = DEFINITIONAL_REPRESENTATION('',(#11241),#11245);
#11241 = LINE('',#11242,#11243);
#11242 = CARTESIAN_POINT('',(0.,1.));
#11243 = VECTOR('',#11244,1.);
#11244 = DIRECTION('',(1.,0.));
#11245 = ( GEOMETRIC_REPRESENTATION_CONTEXT(2) 
PARAMETRIC_REPRESENTATION_CONTEXT() REPRESENTATION_CONTEXT('2D SPACE',''
  ) );
#11246 = PCURVE('',#7606,#11247);
#11247 = DEFINITIONAL_REPRESENTATION('',(#11248),#11252);
#11248 = LINE('',#11249,#11250);
#11249 = CARTESIAN_POINT('',(0.,0.));
#11250 = VECTOR('',#11251,1.);
#11251 = DIRECTION('',(0.986393923832,0.164398987305));
#11252 = ( GEOMETRIC_REPRESENTATION_CONTEXT(2) 
PARAMETRIC_REPRESENTATION_CONTEXT() REPRESENTATION_CONTEXT('2D SPACE',''
  ) );
#11253 = ADVANCED_FACE('',(#11254),#7606,.T.);
#11254 = FACE_BOUND('',#11255,.T.);
#11255 = EDGE_LOOP('',(#11256,#11257,#11258,#11281));
#11256 = ORIENTED_EDGE('',*,*,#11233,.F.);
#11257 = ORIENTED_EDGE('',*,*,#7590,.F.);
#11258 = ORIENTED_EDGE('',*,*,#11259,.T.);
#11259 = EDGE_CURVE('',#7538,#11260,#11262,.T.);
#11260 = VERTEX_POINT('',#11261);
#11261 = CARTESIAN_POINT('',(-42.68693801496,59.218454242798,1.45));
#11262 = SURFACE_CURVE('',#11263,(#11267,#11274),.PCURVE_S1.);
#11263 = LINE('',#11264,#11265);
#11264 = CARTESIAN_POINT('',(-38.00891741058,52.728760627149,1.45));
#11265 = VECTOR('',#11266,1.);
#11266 = DIRECTION('',(-0.584752575547,0.811211701956,0.));
#11267 = PCURVE('',#7606,#11268);
#11268 = DEFINITIONAL_REPRESENTATION('',(#11269),#11273);
#11269 = LINE('',#11270,#11271);
#11270 = CARTESIAN_POINT('',(0.238378531593,-1.430271189557));
#11271 = VECTOR('',#11272,1.);
#11272 = DIRECTION('',(0.986393923832,0.164398987305));
#11273 = ( GEOMETRIC_REPRESENTATION_CONTEXT(2) 
PARAMETRIC_REPRESENTATION_CONTEXT() REPRESENTATION_CONTEXT('2D SPACE',''
  ) );
#11274 = PCURVE('',#7567,#11275);
#11275 = DEFINITIONAL_REPRESENTATION('',(#11276),#11280);
#11276 = LINE('',#11277,#11278);
#11277 = CARTESIAN_POINT('',(0.,0.));
#11278 = VECTOR('',#11279,1.);
#11279 = DIRECTION('',(1.,0.));
#11280 = ( GEOMETRIC_REPRESENTATION_CONTEXT(2) 
PARAMETRIC_REPRESENTATION_CONTEXT() REPRESENTATION_CONTEXT('2D SPACE',''
  ) );
#11281 = ORIENTED_EDGE('',*,*,#11282,.T.);
#11282 = EDGE_CURVE('',#11260,#11178,#11283,.T.);
#11283 = SURFACE_CURVE('',#11284,(#11288,#11294),.PCURVE_S1.);
#11284 = LINE('',#11285,#11286);
#11285 = CARTESIAN_POINT('',(-42.68693801496,59.218454242798,
    -7.197680333843E-30));
#11286 = VECTOR('',#11287,1.);
#11287 = DIRECTION('',(-0.,-0.,-1.));
#11288 = PCURVE('',#7606,#11289);
#11289 = DEFINITIONAL_REPRESENTATION('',(#11290),#11293);
#11290 = B_SPLINE_CURVE_WITH_KNOTS('',1,(#11291,#11292),.UNSPECIFIED.,
  .F.,.F.,(2,2),(-1.5000006,6.E-07),.PIECEWISE_BEZIER_KNOTS.);
#11291 = CARTESIAN_POINT('',(8.137749970255,-0.164399579142));
#11292 = CARTESIAN_POINT('',(7.891151292018,1.315192490279));
#11293 = ( GEOMETRIC_REPRESENTATION_CONTEXT(2) 
PARAMETRIC_REPRESENTATION_CONTEXT() REPRESENTATION_CONTEXT('2D SPACE',''
  ) );
#11294 = PCURVE('',#11295,#11300);
#11295 = CYLINDRICAL_SURFACE('',#11296,73.);
#11296 = AXIS2_PLACEMENT_3D('',#11297,#11298,#11299);
#11297 = CARTESIAN_POINT('',(0.,0.,0.));
#11298 = DIRECTION('',(-0.,-0.,-1.));
#11299 = DIRECTION('',(1.,0.,0.));
#11300 = DEFINITIONAL_REPRESENTATION('',(#11301),#11304);
#11301 = B_SPLINE_CURVE_WITH_KNOTS('',1,(#11302,#11303),.UNSPECIFIED.,
  .F.,.F.,(2,2),(-1.5000006,6.E-07),.PIECEWISE_BEZIER_KNOTS.);
#11302 = CARTESIAN_POINT('',(-2.195371344995,-1.5000006));
#11303 = CARTESIAN_POINT('',(-2.195371344995,6.E-07));
#11304 = ( GEOMETRIC_REPRESENTATION_CONTEXT(2) 
PARAMETRIC_REPRESENTATION_CONTEXT() REPRESENTATION_CONTEXT('2D SPACE',''
  ) );
#11305 = ADVANCED_FACE('',(#11306),#7567,.F.);
#11306 = FACE_BOUND('',#11307,.F.);
#11307 = EDGE_LOOP('',(#11308,#11309,#11310,#11366));
#11308 = ORIENTED_EDGE('',*,*,#7537,.F.);
#11309 = ORIENTED_EDGE('',*,*,#11259,.T.);
#11310 = ORIENTED_EDGE('',*,*,#11311,.T.);
#11311 = EDGE_CURVE('',#11260,#11312,#11314,.T.);
#11312 = VERTEX_POINT('',#11313);
#11313 = CARTESIAN_POINT('',(-54.06633495124,49.049275478233,0.));
#11314 = SURFACE_CURVE('',#11315,(#11330,#11348),.PCURVE_S1.);
#11315 = B_SPLINE_CURVE_WITH_KNOTS('',4,(#11316,#11317,#11318,#11319,
    #11320,#11321,#11322,#11323,#11324,#11325,#11326,#11327,#11328,
    #11329),.UNSPECIFIED.,.F.,.F.,(5,3,3,3,5),(0.,0.250856813164,
    0.501193024733,0.751220097742,1.),.UNSPECIFIED.);
#11316 = CARTESIAN_POINT('',(-42.68693801496,59.218454242798,1.45));
#11317 = CARTESIAN_POINT('',(-43.46186395169,58.659857841555,
    1.358737529319));
#11318 = CARTESIAN_POINT('',(-44.22848105944,58.086704658798,
    1.267640527831));
#11319 = CARTESIAN_POINT('',(-44.98601191688,57.499382426708,
    1.176665755939));
#11320 = CARTESIAN_POINT('',(-46.47986752803,56.298653150942,
    0.995067038889));
#11321 = CARTESIAN_POINT('',(-47.21623441235,55.685301936339,
    0.90444266232));
#11322 = CARTESIAN_POINT('',(-47.9420798815,55.058841158421,
    0.813858099245));
#11323 = CARTESIAN_POINT('',(-49.37050423951,53.781688852653,
    0.632800165147));
#11324 = CARTESIAN_POINT('',(-50.07311199361,53.131027092472,
    0.542326697541));
#11325 = CARTESIAN_POINT('',(-50.76388885376,52.468483069097,
    0.451812797273));
#11326 = CARTESIAN_POINT('',(-52.1172431237,51.124338621306,
    0.27107460443));
#11327 = CARTESIAN_POINT('',(-52.77994496665,50.442848488465,
    0.18085102663));
#11328 = CARTESIAN_POINT('',(-53.42979580228,49.750923739121,
    9.050688427432E-02));
#11329 = CARTESIAN_POINT('',(-54.06633495124,49.049275478233,0.));
#11330 = PCURVE('',#7567,#11331);
#11331 = DEFINITIONAL_REPRESENTATION('',(#11332),#11347);
#11332 = B_SPLINE_CURVE_WITH_KNOTS('',4,(#11333,#11334,#11335,#11336,
    #11337,#11338,#11339,#11340,#11341,#11342,#11343,#11344,#11345,
    #11346),.UNSPECIFIED.,.F.,.F.,(5,3,3,3,5),(0.,0.250856813164,
    0.501193024733,0.751220097742,1.),.UNSPECIFIED.);
#11333 = CARTESIAN_POINT('',(8.,0.));
#11334 = CARTESIAN_POINT('',(8.100402888384,6.293963495268E-02));
#11335 = CARTESIAN_POINT('',(8.184324769913,0.12576515322));
#11336 = CARTESIAN_POINT('',(8.251535463995,0.188506375215));
#11337 = CARTESIAN_POINT('',(8.352191325519,0.313746869732));
#11338 = CARTESIAN_POINT('',(8.385706579015,0.376246439779));
#11339 = CARTESIAN_POINT('',(8.402343415476,0.438718552245));
#11340 = CARTESIAN_POINT('',(8.401861098799,0.563586093002));
#11341 = CARTESIAN_POINT('',(8.384783604148,0.625981587903));
#11342 = CARTESIAN_POINT('',(8.35087049326,0.688404967398));
#11343 = CARTESIAN_POINT('',(8.249862665125,0.813051996945));
#11344 = CARTESIAN_POINT('',(8.182934011186,0.875275154048));
#11345 = CARTESIAN_POINT('',(8.099571626014,0.937581459121));
#11346 = CARTESIAN_POINT('',(8.,1.));
#11347 = ( GEOMETRIC_REPRESENTATION_CONTEXT(2) 
PARAMETRIC_REPRESENTATION_CONTEXT() REPRESENTATION_CONTEXT('2D SPACE',''
  ) );
#11348 = PCURVE('',#11295,#11349);
#11349 = DEFINITIONAL_REPRESENTATION('',(#11350),#11365);
#11350 = B_SPLINE_CURVE_WITH_KNOTS('',4,(#11351,#11352,#11353,#11354,
    #11355,#11356,#11357,#11358,#11359,#11360,#11361,#11362,#11363,
    #11364),.UNSPECIFIED.,.F.,.F.,(5,3,3,3,5),(0.,0.250856813164,
    0.501193024733,0.751220097742,1.),.UNSPECIFIED.);
#11351 = CARTESIAN_POINT('',(-2.195371344995,-1.45));
#11352 = CARTESIAN_POINT('',(-2.208457230917,-1.358737529319));
#11353 = CARTESIAN_POINT('',(-2.221567386379,-1.267640527831));
#11354 = CARTESIAN_POINT('',(-2.234696059961,-1.176665755939));
#11355 = CARTESIAN_POINT('',(-2.26095085384,-0.995067038889));
#11356 = CARTESIAN_POINT('',(-2.274076938763,-0.90444266232));
#11357 = CARTESIAN_POINT('',(-2.287209221528,-0.813858099245));
#11358 = CARTESIAN_POINT('',(-2.313457434644,-0.632800165147));
#11359 = CARTESIAN_POINT('',(-2.326573381774,-0.542326697541));
#11360 = CARTESIAN_POINT('',(-2.339683035596,-0.451812797273));
#11361 = CARTESIAN_POINT('',(-2.36581222399,-0.27107460443));
#11362 = CARTESIAN_POINT('',(-2.378831897364,-0.18085102663));
#11363 = CARTESIAN_POINT('',(-2.391833310862,-9.050688427432E-02));
#11364 = CARTESIAN_POINT('',(-2.404810855234,0.));
#11365 = ( GEOMETRIC_REPRESENTATION_CONTEXT(2) 
PARAMETRIC_REPRESENTATION_CONTEXT() REPRESENTATION_CONTEXT('2D SPACE',''
  ) );
#11366 = ORIENTED_EDGE('',*,*,#11367,.F.);
#11367 = EDGE_CURVE('',#7511,#11312,#11368,.T.);
#11368 = SURFACE_CURVE('',#11369,(#11373,#11380),.PCURVE_S1.);
#11369 = LINE('',#11370,#11371);
#11370 = CARTESIAN_POINT('',(-48.14125714837,43.674012412125,0.));
#11371 = VECTOR('',#11372,1.);
#11372 = DIRECTION('',(-0.74063472536,0.671907883263,0.));
#11373 = PCURVE('',#7567,#11374);
#11374 = DEFINITIONAL_REPRESENTATION('',(#11375),#11379);
#11375 = LINE('',#11376,#11377);
#11376 = CARTESIAN_POINT('',(0.,1.));
#11377 = VECTOR('',#11378,1.);
#11378 = DIRECTION('',(1.,0.));
#11379 = ( GEOMETRIC_REPRESENTATION_CONTEXT(2) 
PARAMETRIC_REPRESENTATION_CONTEXT() REPRESENTATION_CONTEXT('2D SPACE',''
  ) );
#11380 = PCURVE('',#7526,#11381);
#11381 = DEFINITIONAL_REPRESENTATION('',(#11382),#11386);
#11382 = LINE('',#11383,#11384);
#11383 = CARTESIAN_POINT('',(0.,0.));
#11384 = VECTOR('',#11385,1.);
#11385 = DIRECTION('',(0.986393923832,0.164398987305));
#11386 = ( GEOMETRIC_REPRESENTATION_CONTEXT(2) 
PARAMETRIC_REPRESENTATION_CONTEXT() REPRESENTATION_CONTEXT('2D SPACE',''
  ) );
#11387 = ADVANCED_FACE('',(#11388),#7526,.T.);
#11388 = FACE_BOUND('',#11389,.T.);
#11389 = EDGE_LOOP('',(#11390,#11391,#11392,#11415));
#11390 = ORIENTED_EDGE('',*,*,#11367,.F.);
#11391 = ORIENTED_EDGE('',*,*,#7510,.F.);
#11392 = ORIENTED_EDGE('',*,*,#11393,.T.);
#11393 = EDGE_CURVE('',#7458,#11394,#11396,.T.);
#11394 = VERTEX_POINT('',#11395);
#11395 = CARTESIAN_POINT('',(-54.06633495124,49.049275478233,1.45));
#11396 = SURFACE_CURVE('',#11397,(#11401,#11408),.PCURVE_S1.);
#11397 = LINE('',#11398,#11399);
#11398 = CARTESIAN_POINT('',(-48.14125714837,43.674012412125,1.45));
#11399 = VECTOR('',#11400,1.);
#11400 = DIRECTION('',(-0.74063472536,0.671907883263,0.));
#11401 = PCURVE('',#7526,#11402);
#11402 = DEFINITIONAL_REPRESENTATION('',(#11403),#11407);
#11403 = LINE('',#11404,#11405);
#11404 = CARTESIAN_POINT('',(0.238378531593,-1.430271189557));
#11405 = VECTOR('',#11406,1.);
#11406 = DIRECTION('',(0.986393923832,0.164398987305));
#11407 = ( GEOMETRIC_REPRESENTATION_CONTEXT(2) 
PARAMETRIC_REPRESENTATION_CONTEXT() REPRESENTATION_CONTEXT('2D SPACE',''
  ) );
#11408 = PCURVE('',#7487,#11409);
#11409 = DEFINITIONAL_REPRESENTATION('',(#11410),#11414);
#11410 = LINE('',#11411,#11412);
#11411 = CARTESIAN_POINT('',(0.,0.));
#11412 = VECTOR('',#11413,1.);
#11413 = DIRECTION('',(1.,0.));
#11414 = ( GEOMETRIC_REPRESENTATION_CONTEXT(2) 
PARAMETRIC_REPRESENTATION_CONTEXT() REPRESENTATION_CONTEXT('2D SPACE',''
  ) );
#11415 = ORIENTED_EDGE('',*,*,#11416,.T.);
#11416 = EDGE_CURVE('',#11394,#11312,#11417,.T.);
#11417 = SURFACE_CURVE('',#11418,(#11422,#11428),.PCURVE_S1.);
#11418 = LINE('',#11419,#11420);
#11419 = CARTESIAN_POINT('',(-54.06633495124,49.049275478233,
    -2.399226777948E-30));
#11420 = VECTOR('',#11421,1.);
#11421 = DIRECTION('',(-0.,-0.,-1.));
#11422 = PCURVE('',#7526,#11423);
#11423 = DEFINITIONAL_REPRESENTATION('',(#11424),#11427);
#11424 = B_SPLINE_CURVE_WITH_KNOTS('',1,(#11425,#11426),.UNSPECIFIED.,
  .F.,.F.,(2,2),(-1.5000006,6.E-07),.PIECEWISE_BEZIER_KNOTS.);
#11425 = CARTESIAN_POINT('',(8.137749970255,-0.164399579142));
#11426 = CARTESIAN_POINT('',(7.891151292018,1.315192490279));
#11427 = ( GEOMETRIC_REPRESENTATION_CONTEXT(2) 
PARAMETRIC_REPRESENTATION_CONTEXT() REPRESENTATION_CONTEXT('2D SPACE',''
  ) );
#11428 = PCURVE('',#11429,#11434);
#11429 = CYLINDRICAL_SURFACE('',#11430,73.);
#11430 = AXIS2_PLACEMENT_3D('',#11431,#11432,#11433);
#11431 = CARTESIAN_POINT('',(0.,0.,0.));
#11432 = DIRECTION('',(-0.,-0.,-1.));
#11433 = DIRECTION('',(1.,0.,0.));
#11434 = DEFINITIONAL_REPRESENTATION('',(#11435),#11438);
#11435 = B_SPLINE_CURVE_WITH_KNOTS('',1,(#11436,#11437),.UNSPECIFIED.,
  .F.,.F.,(2,2),(-1.5000006,6.E-07),.PIECEWISE_BEZIER_KNOTS.);
#11436 = CARTESIAN_POINT('',(-2.404810855234,-1.5000006));
#11437 = CARTESIAN_POINT('',(-2.404810855234,6.E-07));
#11438 = ( GEOMETRIC_REPRESENTATION_CONTEXT(2) 
PARAMETRIC_REPRESENTATION_CONTEXT() REPRESENTATION_CONTEXT('2D SPACE',''
  ) );
#11439 = ADVANCED_FACE('',(#11440),#7487,.F.);
#11440 = FACE_BOUND('',#11441,.F.);
#11441 = EDGE_LOOP('',(#11442,#11443,#11444,#11500));
#11442 = ORIENTED_EDGE('',*,*,#7457,.F.);
#11443 = ORIENTED_EDGE('',*,*,#11393,.T.);
#11444 = ORIENTED_EDGE('',*,*,#11445,.T.);
#11445 = EDGE_CURVE('',#11394,#11446,#11448,.T.);
#11446 = VERTEX_POINT('',#11447);
#11447 = CARTESIAN_POINT('',(-63.08277361109,36.736408010732,0.));
#11448 = SURFACE_CURVE('',#11449,(#11464,#11482),.PCURVE_S1.);
#11449 = B_SPLINE_CURVE_WITH_KNOTS('',4,(#11450,#11451,#11452,#11453,
    #11454,#11455,#11456,#11457,#11458,#11459,#11460,#11461,#11462,
    #11463),.UNSPECIFIED.,.F.,.F.,(5,3,3,3,5),(0.,0.250856813164,
    0.501193024733,0.751220097742,1.),.UNSPECIFIED.);
#11450 = CARTESIAN_POINT('',(-54.06633495124,49.049275478233,1.45));
#11451 = CARTESIAN_POINT('',(-54.70818817473,48.341769586815,
    1.358737529319));
#11452 = CARTESIAN_POINT('',(-55.33888761204,47.621752517166,
    1.267640527831));
#11453 = CARTESIAN_POINT('',(-55.95775344439,46.889765163574,
    1.176665755939));
#11454 = CARTESIAN_POINT('',(-57.16931907234,45.4046846574,
    0.995067038889));
#11455 = CARTESIAN_POINT('',(-57.76207168541,44.651637354447,
    0.90444266232));
#11456 = CARTESIAN_POINT('',(-58.34180716999,43.88795448881,
    0.813858099245));
#11457 = CARTESIAN_POINT('',(-59.47348213328,42.341724901672,
    0.632800165147));
#11458 = CARTESIAN_POINT('',(-60.02545603551,41.559201295924,
    0.542326697541));
#11459 = CARTESIAN_POINT('',(-60.56338711576,40.767514864109,
    0.451812797273));
#11460 = CARTESIAN_POINT('',(-61.607704003,39.171365022923,0.27107460443
    ));
#11461 = CARTESIAN_POINT('',(-62.11423445489,38.366983623885,
    0.18085102663));
#11462 = CARTESIAN_POINT('',(-62.60602524605,37.55506750441,
    9.050688427432E-02));
#11463 = CARTESIAN_POINT('',(-63.08277361109,36.736408010732,0.));
#11464 = PCURVE('',#7487,#11465);
#11465 = DEFINITIONAL_REPRESENTATION('',(#11466),#11481);
#11466 = B_SPLINE_CURVE_WITH_KNOTS('',4,(#11467,#11468,#11469,#11470,
    #11471,#11472,#11473,#11474,#11475,#11476,#11477,#11478,#11479,
    #11480),.UNSPECIFIED.,.F.,.F.,(5,3,3,3,5),(0.,0.250856813164,
    0.501193024733,0.751220097742,1.),.UNSPECIFIED.);
#11467 = CARTESIAN_POINT('',(8.,0.));
#11468 = CARTESIAN_POINT('',(8.100402888384,6.293963495269E-02));
#11469 = CARTESIAN_POINT('',(8.184324769913,0.12576515322));
#11470 = CARTESIAN_POINT('',(8.251535463995,0.188506375215));
#11471 = CARTESIAN_POINT('',(8.352191325519,0.313746869732));
#11472 = CARTESIAN_POINT('',(8.385706579015,0.376246439779));
#11473 = CARTESIAN_POINT('',(8.402343415476,0.438718552245));
#11474 = CARTESIAN_POINT('',(8.401861098799,0.563586093002));
#11475 = CARTESIAN_POINT('',(8.384783604148,0.625981587903));
#11476 = CARTESIAN_POINT('',(8.35087049326,0.688404967398));
#11477 = CARTESIAN_POINT('',(8.249862665125,0.813051996945));
#11478 = CARTESIAN_POINT('',(8.182934011186,0.875275154048));
#11479 = CARTESIAN_POINT('',(8.099571626014,0.937581459121));
#11480 = CARTESIAN_POINT('',(8.,1.));
#11481 = ( GEOMETRIC_REPRESENTATION_CONTEXT(2) 
PARAMETRIC_REPRESENTATION_CONTEXT() REPRESENTATION_CONTEXT('2D SPACE',''
  ) );
#11482 = PCURVE('',#11429,#11483);
#11483 = DEFINITIONAL_REPRESENTATION('',(#11484),#11499);
#11484 = B_SPLINE_CURVE_WITH_KNOTS('',4,(#11485,#11486,#11487,#11488,
    #11489,#11490,#11491,#11492,#11493,#11494,#11495,#11496,#11497,
    #11498),.UNSPECIFIED.,.F.,.F.,(5,3,3,3,5),(0.,0.250856813164,
    0.501193024733,0.751220097742,1.),.UNSPECIFIED.);
#11485 = CARTESIAN_POINT('',(-2.404810855234,-1.45));
#11486 = CARTESIAN_POINT('',(-2.417896741157,-1.358737529319));
#11487 = CARTESIAN_POINT('',(-2.431006896619,-1.267640527831));
#11488 = CARTESIAN_POINT('',(-2.4441355702,-1.176665755939));
#11489 = CARTESIAN_POINT('',(-2.470390364079,-0.995067038889));
#11490 = CARTESIAN_POINT('',(-2.483516449003,-0.90444266232));
#11491 = CARTESIAN_POINT('',(-2.496648731767,-0.813858099245));
#11492 = CARTESIAN_POINT('',(-2.522896944884,-0.632800165147));
#11493 = CARTESIAN_POINT('',(-2.536012892013,-0.542326697541));
#11494 = CARTESIAN_POINT('',(-2.549122545835,-0.451812797273));
#11495 = CARTESIAN_POINT('',(-2.575251734229,-0.27107460443));
#11496 = CARTESIAN_POINT('',(-2.588271407603,-0.18085102663));
#11497 = CARTESIAN_POINT('',(-2.601272821101,-9.050688427432E-02));
#11498 = CARTESIAN_POINT('',(-2.614250365474,0.));
#11499 = ( GEOMETRIC_REPRESENTATION_CONTEXT(2) 
PARAMETRIC_REPRESENTATION_CONTEXT() REPRESENTATION_CONTEXT('2D SPACE',''
  ) );
#11500 = ORIENTED_EDGE('',*,*,#11501,.F.);
#11501 = EDGE_CURVE('',#7431,#11446,#11502,.T.);
#11502 = SURFACE_CURVE('',#11503,(#11507,#11514),.PCURVE_S1.);
#11503 = LINE('',#11504,#11505);
#11504 = CARTESIAN_POINT('',(-56.16959294138,32.710500283528,0.));
#11505 = VECTOR('',#11506,1.);
#11506 = DIRECTION('',(-0.864147583714,0.5032384659,0.));
#11507 = PCURVE('',#7487,#11508);
#11508 = DEFINITIONAL_REPRESENTATION('',(#11509),#11513);
#11509 = LINE('',#11510,#11511);
#11510 = CARTESIAN_POINT('',(0.,1.));
#11511 = VECTOR('',#11512,1.);
#11512 = DIRECTION('',(1.,0.));
#11513 = ( GEOMETRIC_REPRESENTATION_CONTEXT(2) 
PARAMETRIC_REPRESENTATION_CONTEXT() REPRESENTATION_CONTEXT('2D SPACE',''
  ) );
#11514 = PCURVE('',#7446,#11515);
#11515 = DEFINITIONAL_REPRESENTATION('',(#11516),#11520);
#11516 = LINE('',#11517,#11518);
#11517 = CARTESIAN_POINT('',(0.,0.));
#11518 = VECTOR('',#11519,1.);
#11519 = DIRECTION('',(0.986393923832,0.164398987305));
#11520 = ( GEOMETRIC_REPRESENTATION_CONTEXT(2) 
PARAMETRIC_REPRESENTATION_CONTEXT() REPRESENTATION_CONTEXT('2D SPACE',''
  ) );
#11521 = ADVANCED_FACE('',(#11522),#7446,.T.);
#11522 = FACE_BOUND('',#11523,.T.);
#11523 = EDGE_LOOP('',(#11524,#11525,#11526,#11549));
#11524 = ORIENTED_EDGE('',*,*,#11501,.F.);
#11525 = ORIENTED_EDGE('',*,*,#7430,.F.);
#11526 = ORIENTED_EDGE('',*,*,#11527,.T.);
#11527 = EDGE_CURVE('',#7378,#11528,#11530,.T.);
#11528 = VERTEX_POINT('',#11529);
#11529 = CARTESIAN_POINT('',(-63.08277361109,36.736408010732,1.45));
#11530 = SURFACE_CURVE('',#11531,(#11535,#11542),.PCURVE_S1.);
#11531 = LINE('',#11532,#11533);
#11532 = CARTESIAN_POINT('',(-56.16959294138,32.710500283528,1.45));
#11533 = VECTOR('',#11534,1.);
#11534 = DIRECTION('',(-0.864147583714,0.5032384659,0.));
#11535 = PCURVE('',#7446,#11536);
#11536 = DEFINITIONAL_REPRESENTATION('',(#11537),#11541);
#11537 = LINE('',#11538,#11539);
#11538 = CARTESIAN_POINT('',(0.238378531593,-1.430271189557));
#11539 = VECTOR('',#11540,1.);
#11540 = DIRECTION('',(0.986393923832,0.164398987305));
#11541 = ( GEOMETRIC_REPRESENTATION_CONTEXT(2) 
PARAMETRIC_REPRESENTATION_CONTEXT() REPRESENTATION_CONTEXT('2D SPACE',''
  ) );
#11542 = PCURVE('',#7407,#11543);
#11543 = DEFINITIONAL_REPRESENTATION('',(#11544),#11548);
#11544 = LINE('',#11545,#11546);
#11545 = CARTESIAN_POINT('',(0.,0.));
#11546 = VECTOR('',#11547,1.);
#11547 = DIRECTION('',(1.,0.));
#11548 = ( GEOMETRIC_REPRESENTATION_CONTEXT(2) 
PARAMETRIC_REPRESENTATION_CONTEXT() REPRESENTATION_CONTEXT('2D SPACE',''
  ) );
#11549 = ORIENTED_EDGE('',*,*,#11550,.T.);
#11550 = EDGE_CURVE('',#11528,#11446,#11551,.T.);
#11551 = SURFACE_CURVE('',#11552,(#11556,#11562),.PCURVE_S1.);
#11552 = LINE('',#11553,#11554);
#11553 = CARTESIAN_POINT('',(-63.08277361109,36.736408010732,
    -3.598840166922E-30));
#11554 = VECTOR('',#11555,1.);
#11555 = DIRECTION('',(-0.,-0.,-1.));
#11556 = PCURVE('',#7446,#11557);
#11557 = DEFINITIONAL_REPRESENTATION('',(#11558),#11561);
#11558 = B_SPLINE_CURVE_WITH_KNOTS('',1,(#11559,#11560),.UNSPECIFIED.,
  .F.,.F.,(2,2),(-1.5000006,6.E-07),.PIECEWISE_BEZIER_KNOTS.);
#11559 = CARTESIAN_POINT('',(8.137749970255,-0.164399579142));
#11560 = CARTESIAN_POINT('',(7.891151292018,1.315192490279));
#11561 = ( GEOMETRIC_REPRESENTATION_CONTEXT(2) 
PARAMETRIC_REPRESENTATION_CONTEXT() REPRESENTATION_CONTEXT('2D SPACE',''
  ) );
#11562 = PCURVE('',#11563,#11568);
#11563 = CYLINDRICAL_SURFACE('',#11564,73.);
#11564 = AXIS2_PLACEMENT_3D('',#11565,#11566,#11567);
#11565 = CARTESIAN_POINT('',(0.,0.,0.));
#11566 = DIRECTION('',(-0.,-0.,-1.));
#11567 = DIRECTION('',(1.,0.,0.));
#11568 = DEFINITIONAL_REPRESENTATION('',(#11569),#11572);
#11569 = B_SPLINE_CURVE_WITH_KNOTS('',1,(#11570,#11571),.UNSPECIFIED.,
  .F.,.F.,(2,2),(-1.5000006,6.E-07),.PIECEWISE_BEZIER_KNOTS.);
#11570 = CARTESIAN_POINT('',(-2.614250365474,-1.5000006));
#11571 = CARTESIAN_POINT('',(-2.614250365474,6.E-07));
#11572 = ( GEOMETRIC_REPRESENTATION_CONTEXT(2) 
PARAMETRIC_REPRESENTATION_CONTEXT() REPRESENTATION_CONTEXT('2D SPACE',''
  ) );
#11573 = ADVANCED_FACE('',(#11574),#7407,.F.);
#11574 = FACE_BOUND('',#11575,.F.);
#11575 = EDGE_LOOP('',(#11576,#11577,#11578,#11634));
#11576 = ORIENTED_EDGE('',*,*,#7377,.F.);
#11577 = ORIENTED_EDGE('',*,*,#11527,.T.);
#11578 = ORIENTED_EDGE('',*,*,#11579,.T.);
#11579 = EDGE_CURVE('',#11528,#11580,#11582,.T.);
#11580 = VERTEX_POINT('',#11581);
#11581 = CARTESIAN_POINT('',(-69.34219235941,22.817983232318,0.));
#11582 = SURFACE_CURVE('',#11583,(#11598,#11616),.PCURVE_S1.);
#11583 = B_SPLINE_CURVE_WITH_KNOTS('',4,(#11584,#11585,#11586,#11587,
    #11588,#11589,#11590,#11591,#11592,#11593,#11594,#11595,#11596,
    #11597),.UNSPECIFIED.,.F.,.F.,(5,3,3,3,5),(0.,0.250856813164,
    0.501193024733,0.751220097742,1.),.UNSPECIFIED.);
#11584 = CARTESIAN_POINT('',(-63.08277361109,36.736408010732,1.45));
#11585 = CARTESIAN_POINT('',(-63.56350205552,35.910914031584,
    1.358737529319));
#11586 = CARTESIAN_POINT('',(-64.03071923054,35.075501276011,
    1.267640527831));
#11587 = CARTESIAN_POINT('',(-64.48387263129,34.230840160734,
    1.176665755939));
#11588 = CARTESIAN_POINT('',(-65.36019704436,32.52631356848,
    0.995067038889));
#11589 = CARTESIAN_POINT('',(-65.78342925264,31.666481957838,
    0.90444266232));
#11590 = CARTESIAN_POINT('',(-66.1917175301,30.798953610267,
    0.813858099245));
#11591 = CARTESIAN_POINT('',(-66.9771834724,29.051224394349,
    0.632800165147));
#11592 = CARTESIAN_POINT('',(-67.35439961456,28.171038979571,
    0.542326697541));
#11593 = CARTESIAN_POINT('',(-67.71597474543,27.284810635318,
    0.451812797273));
#11594 = CARTESIAN_POINT('',(-68.40561259081,25.506414807976,
    0.27107460443));
#11595 = CARTESIAN_POINT('',(-68.73383384029,24.614297469728,
    0.18085102663));
#11596 = CARTESIAN_POINT('',(-69.04607096952,23.717874610549,
    9.050688427432E-02));
#11597 = CARTESIAN_POINT('',(-69.34219235941,22.817983232318,0.));
#11598 = PCURVE('',#7407,#11599);
#11599 = DEFINITIONAL_REPRESENTATION('',(#11600),#11615);
#11600 = B_SPLINE_CURVE_WITH_KNOTS('',4,(#11601,#11602,#11603,#11604,
    #11605,#11606,#11607,#11608,#11609,#11610,#11611,#11612,#11613,
    #11614),.UNSPECIFIED.,.F.,.F.,(5,3,3,3,5),(0.,0.250856813164,
    0.501193024733,0.751220097742,1.),.UNSPECIFIED.);
#11601 = CARTESIAN_POINT('',(8.,0.));
#11602 = CARTESIAN_POINT('',(8.100402888384,6.293963495268E-02));
#11603 = CARTESIAN_POINT('',(8.184324769913,0.12576515322));
#11604 = CARTESIAN_POINT('',(8.251535463995,0.188506375215));
#11605 = CARTESIAN_POINT('',(8.352191325519,0.313746869732));
#11606 = CARTESIAN_POINT('',(8.385706579015,0.376246439779));
#11607 = CARTESIAN_POINT('',(8.402343415476,0.438718552245));
#11608 = CARTESIAN_POINT('',(8.401861098799,0.563586093002));
#11609 = CARTESIAN_POINT('',(8.384783604148,0.625981587903));
#11610 = CARTESIAN_POINT('',(8.35087049326,0.688404967398));
#11611 = CARTESIAN_POINT('',(8.249862665125,0.813051996945));
#11612 = CARTESIAN_POINT('',(8.182934011186,0.875275154048));
#11613 = CARTESIAN_POINT('',(8.099571626014,0.937581459121));
#11614 = CARTESIAN_POINT('',(8.,1.));
#11615 = ( GEOMETRIC_REPRESENTATION_CONTEXT(2) 
PARAMETRIC_REPRESENTATION_CONTEXT() REPRESENTATION_CONTEXT('2D SPACE',''
  ) );
#11616 = PCURVE('',#11563,#11617);
#11617 = DEFINITIONAL_REPRESENTATION('',(#11618),#11633);
#11618 = B_SPLINE_CURVE_WITH_KNOTS('',4,(#11619,#11620,#11621,#11622,
    #11623,#11624,#11625,#11626,#11627,#11628,#11629,#11630,#11631,
    #11632),.UNSPECIFIED.,.F.,.F.,(5,3,3,3,5),(0.,0.250856813164,
    0.501193024733,0.751220097742,1.),.UNSPECIFIED.);
#11619 = CARTESIAN_POINT('',(-2.614250365474,-1.45));
#11620 = CARTESIAN_POINT('',(-2.627336251396,-1.358737529319));
#11621 = CARTESIAN_POINT('',(-2.640446406858,-1.267640527831));
#11622 = CARTESIAN_POINT('',(-2.653575080439,-1.176665755939));
#11623 = CARTESIAN_POINT('',(-2.679829874319,-0.995067038889));
#11624 = CARTESIAN_POINT('',(-2.692955959242,-0.90444266232));
#11625 = CARTESIAN_POINT('',(-2.706088242006,-0.813858099245));
#11626 = CARTESIAN_POINT('',(-2.732336455123,-0.632800165147));
#11627 = CARTESIAN_POINT('',(-2.745452402253,-0.542326697541));
#11628 = CARTESIAN_POINT('',(-2.758562056075,-0.451812797273));
#11629 = CARTESIAN_POINT('',(-2.784691244468,-0.27107460443));
#11630 = CARTESIAN_POINT('',(-2.797710917843,-0.18085102663));
#11631 = CARTESIAN_POINT('',(-2.81071233134,-9.050688427432E-02));
#11632 = CARTESIAN_POINT('',(-2.823689875713,0.));
#11633 = ( GEOMETRIC_REPRESENTATION_CONTEXT(2) 
PARAMETRIC_REPRESENTATION_CONTEXT() REPRESENTATION_CONTEXT('2D SPACE',''
  ) );
#11634 = ORIENTED_EDGE('',*,*,#11635,.F.);
#11635 = EDGE_CURVE('',#7351,#11580,#11636,.T.);
#11636 = SURFACE_CURVE('',#11637,(#11641,#11648),.PCURVE_S1.);
#11637 = LINE('',#11638,#11639);
#11638 = CARTESIAN_POINT('',(-61.74304799125,20.317382330146,0.));
#11639 = VECTOR('',#11640,1.);
#11640 = DIRECTION('',(-0.949893046019,0.312575112771,0.));
#11641 = PCURVE('',#7407,#11642);
#11642 = DEFINITIONAL_REPRESENTATION('',(#11643),#11647);
#11643 = LINE('',#11644,#11645);
#11644 = CARTESIAN_POINT('',(0.,1.));
#11645 = VECTOR('',#11646,1.);
#11646 = DIRECTION('',(1.,0.));
#11647 = ( GEOMETRIC_REPRESENTATION_CONTEXT(2) 
PARAMETRIC_REPRESENTATION_CONTEXT() REPRESENTATION_CONTEXT('2D SPACE',''
  ) );
#11648 = PCURVE('',#7366,#11649);
#11649 = DEFINITIONAL_REPRESENTATION('',(#11650),#11654);
#11650 = LINE('',#11651,#11652);
#11651 = CARTESIAN_POINT('',(0.,0.));
#11652 = VECTOR('',#11653,1.);
#11653 = DIRECTION('',(0.986393923832,0.164398987305));
#11654 = ( GEOMETRIC_REPRESENTATION_CONTEXT(2) 
PARAMETRIC_REPRESENTATION_CONTEXT() REPRESENTATION_CONTEXT('2D SPACE',''
  ) );
#11655 = ADVANCED_FACE('',(#11656),#7366,.T.);
#11656 = FACE_BOUND('',#11657,.T.);
#11657 = EDGE_LOOP('',(#11658,#11659,#11660,#11683));
#11658 = ORIENTED_EDGE('',*,*,#11635,.F.);
#11659 = ORIENTED_EDGE('',*,*,#7350,.F.);
#11660 = ORIENTED_EDGE('',*,*,#11661,.T.);
#11661 = EDGE_CURVE('',#7298,#11662,#11664,.T.);
#11662 = VERTEX_POINT('',#11663);
#11663 = CARTESIAN_POINT('',(-69.34219235941,22.817983232318,1.45));
#11664 = SURFACE_CURVE('',#11665,(#11669,#11676),.PCURVE_S1.);
#11665 = LINE('',#11666,#11667);
#11666 = CARTESIAN_POINT('',(-61.74304799125,20.317382330146,1.45));
#11667 = VECTOR('',#11668,1.);
#11668 = DIRECTION('',(-0.949893046019,0.312575112771,0.));
#11669 = PCURVE('',#7366,#11670);
#11670 = DEFINITIONAL_REPRESENTATION('',(#11671),#11675);
#11671 = LINE('',#11672,#11673);
#11672 = CARTESIAN_POINT('',(0.238378531593,-1.430271189557));
#11673 = VECTOR('',#11674,1.);
#11674 = DIRECTION('',(0.986393923832,0.164398987305));
#11675 = ( GEOMETRIC_REPRESENTATION_CONTEXT(2) 
PARAMETRIC_REPRESENTATION_CONTEXT() REPRESENTATION_CONTEXT('2D SPACE',''
  ) );
#11676 = PCURVE('',#7327,#11677);
#11677 = DEFINITIONAL_REPRESENTATION('',(#11678),#11682);
#11678 = LINE('',#11679,#11680);
#11679 = CARTESIAN_POINT('',(0.,0.));
#11680 = VECTOR('',#11681,1.);
#11681 = DIRECTION('',(1.,0.));
#11682 = ( GEOMETRIC_REPRESENTATION_CONTEXT(2) 
PARAMETRIC_REPRESENTATION_CONTEXT() REPRESENTATION_CONTEXT('2D SPACE',''
  ) );
#11683 = ORIENTED_EDGE('',*,*,#11684,.T.);
#11684 = EDGE_CURVE('',#11662,#11580,#11685,.T.);
#11685 = SURFACE_CURVE('',#11686,(#11690,#11696),.PCURVE_S1.);
#11686 = LINE('',#11687,#11688);
#11687 = CARTESIAN_POINT('',(-69.34219235941,22.817983232318,
    2.399226777948E-30));
#11688 = VECTOR('',#11689,1.);
#11689 = DIRECTION('',(-0.,-0.,-1.));
#11690 = PCURVE('',#7366,#11691);
#11691 = DEFINITIONAL_REPRESENTATION('',(#11692),#11695);
#11692 = B_SPLINE_CURVE_WITH_KNOTS('',1,(#11693,#11694),.UNSPECIFIED.,
  .F.,.F.,(2,2),(-1.5000006,6.E-07),.PIECEWISE_BEZIER_KNOTS.);
#11693 = CARTESIAN_POINT('',(8.137749970255,-0.164399579142));
#11694 = CARTESIAN_POINT('',(7.891151292018,1.315192490279));
#11695 = ( GEOMETRIC_REPRESENTATION_CONTEXT(2) 
PARAMETRIC_REPRESENTATION_CONTEXT() REPRESENTATION_CONTEXT('2D SPACE',''
  ) );
#11696 = PCURVE('',#11697,#11702);
#11697 = CYLINDRICAL_SURFACE('',#11698,73.);
#11698 = AXIS2_PLACEMENT_3D('',#11699,#11700,#11701);
#11699 = CARTESIAN_POINT('',(0.,0.,0.));
#11700 = DIRECTION('',(-0.,-0.,-1.));
#11701 = DIRECTION('',(1.,0.,0.));
#11702 = DEFINITIONAL_REPRESENTATION('',(#11703),#11706);
#11703 = B_SPLINE_CURVE_WITH_KNOTS('',1,(#11704,#11705),.UNSPECIFIED.,
  .F.,.F.,(2,2),(-1.5000006,6.E-07),.PIECEWISE_BEZIER_KNOTS.);
#11704 = CARTESIAN_POINT('',(-2.823689875713,-1.5000006));
#11705 = CARTESIAN_POINT('',(-2.823689875713,6.E-07));
#11706 = ( GEOMETRIC_REPRESENTATION_CONTEXT(2) 
PARAMETRIC_REPRESENTATION_CONTEXT() REPRESENTATION_CONTEXT('2D SPACE',''
  ) );
#11707 = ADVANCED_FACE('',(#11708),#7327,.F.);
#11708 = FACE_BOUND('',#11709,.F.);
#11709 = EDGE_LOOP('',(#11710,#11711,#11712,#11768));
#11710 = ORIENTED_EDGE('',*,*,#7297,.F.);
#11711 = ORIENTED_EDGE('',*,*,#11661,.T.);
#11712 = ORIENTED_EDGE('',*,*,#11713,.T.);
#11713 = EDGE_CURVE('',#11662,#11714,#11716,.T.);
#11714 = VERTEX_POINT('',#11715);
#11715 = CARTESIAN_POINT('',(-72.57102456086,7.902303093823,0.));
#11716 = SURFACE_CURVE('',#11717,(#11732,#11750),.PCURVE_S1.);
#11717 = B_SPLINE_CURVE_WITH_KNOTS('',4,(#11718,#11719,#11720,#11721,
    #11722,#11723,#11724,#11725,#11726,#11727,#11728,#11729,#11730,
    #11731),.UNSPECIFIED.,.F.,.F.,(5,3,3,3,5),(0.,0.250856813164,
    0.501193024733,0.751220097745,1.),.UNSPECIFIED.);
#11718 = CARTESIAN_POINT('',(-69.34219235941,22.817983232318,1.45));
#11719 = CARTESIAN_POINT('',(-69.64078588497,21.910579213489,
    1.358737529319));
#11720 = CARTESIAN_POINT('',(-69.92410116519,20.996282318167,
    1.267640527831));
#11721 = CARTESIAN_POINT('',(-70.19173715625,20.075863185076,
    1.176665755939));
#11722 = CARTESIAN_POINT('',(-70.69452077252,18.226386498048,
    0.995067038889));
#11723 = CARTESIAN_POINT('',(-70.92973529761,17.297349347032,
    0.90444266232));
#11724 = CARTESIAN_POINT('',(-71.14873221105,16.363890669179,
    0.813858099245));
#11725 = CARTESIAN_POINT('',(-71.5536605016,14.49104597774,
    0.632800165146));
#11726 = CARTESIAN_POINT('',(-71.73963272818,13.551667080143,
    0.542326697538));
#11727 = CARTESIAN_POINT('',(-71.90904934143,12.60962925468,
    0.451812797269));
#11728 = CARTESIAN_POINT('',(-72.21386766186,10.726711872525,
    0.271074604427));
#11729 = CARTESIAN_POINT('',(-72.34943486534,9.785848403615,
    0.180851026627));
#11730 = CARTESIAN_POINT('',(-72.46847207181,8.844096785205,
    9.050688427314E-02));
#11731 = CARTESIAN_POINT('',(-72.57102456086,7.902303093821,0.));
#11732 = PCURVE('',#7327,#11733);
#11733 = DEFINITIONAL_REPRESENTATION('',(#11734),#11749);
#11734 = B_SPLINE_CURVE_WITH_KNOTS('',4,(#11735,#11736,#11737,#11738,
    #11739,#11740,#11741,#11742,#11743,#11744,#11745,#11746,#11747,
    #11748),.UNSPECIFIED.,.F.,.F.,(5,3,3,3,5),(0.,0.250856813164,
    0.501193024733,0.751220097745,1.),.UNSPECIFIED.);
#11735 = CARTESIAN_POINT('',(8.,0.));
#11736 = CARTESIAN_POINT('',(8.100402888384,6.293963495269E-02));
#11737 = CARTESIAN_POINT('',(8.184324769913,0.12576515322));
#11738 = CARTESIAN_POINT('',(8.251535463995,0.188506375215));
#11739 = CARTESIAN_POINT('',(8.352191325519,0.313746869732));
#11740 = CARTESIAN_POINT('',(8.385706579015,0.376246439779));
#11741 = CARTESIAN_POINT('',(8.402343415476,0.438718552245));
#11742 = CARTESIAN_POINT('',(8.401861098799,0.563586093003));
#11743 = CARTESIAN_POINT('',(8.384783604148,0.625981587905));
#11744 = CARTESIAN_POINT('',(8.350870493259,0.688404967401));
#11745 = CARTESIAN_POINT('',(8.249862665123,0.813051996947));
#11746 = CARTESIAN_POINT('',(8.182934011183,0.87527515405));
#11747 = CARTESIAN_POINT('',(8.099571626012,0.937581459122));
#11748 = CARTESIAN_POINT('',(8.,1.));
#11749 = ( GEOMETRIC_REPRESENTATION_CONTEXT(2) 
PARAMETRIC_REPRESENTATION_CONTEXT() REPRESENTATION_CONTEXT('2D SPACE',''
  ) );
#11750 = PCURVE('',#11697,#11751);
#11751 = DEFINITIONAL_REPRESENTATION('',(#11752),#11767);
#11752 = B_SPLINE_CURVE_WITH_KNOTS('',4,(#11753,#11754,#11755,#11756,
    #11757,#11758,#11759,#11760,#11761,#11762,#11763,#11764,#11765,
    #11766),.UNSPECIFIED.,.F.,.F.,(5,3,3,3,5),(0.,0.250856813164,
    0.501193024733,0.751220097745,1.),.UNSPECIFIED.);
#11753 = CARTESIAN_POINT('',(-2.823689875713,-1.45));
#11754 = CARTESIAN_POINT('',(-2.836775761635,-1.358737529319));
#11755 = CARTESIAN_POINT('',(-2.849885917097,-1.267640527831));
#11756 = CARTESIAN_POINT('',(-2.863014590679,-1.176665755939));
#11757 = CARTESIAN_POINT('',(-2.889269384558,-0.995067038889));
#11758 = CARTESIAN_POINT('',(-2.902395469481,-0.90444266232));
#11759 = CARTESIAN_POINT('',(-2.915527752246,-0.813858099245));
#11760 = CARTESIAN_POINT('',(-2.941775965362,-0.632800165146));
#11761 = CARTESIAN_POINT('',(-2.954891912492,-0.542326697538));
#11762 = CARTESIAN_POINT('',(-2.968001566314,-0.451812797269));
#11763 = CARTESIAN_POINT('',(-2.994130754708,-0.271074604427));
#11764 = CARTESIAN_POINT('',(-3.007150428082,-0.180851026627));
#11765 = CARTESIAN_POINT('',(-3.02015184158,-9.050688427314E-02));
#11766 = CARTESIAN_POINT('',(-3.033129385952,0.));
#11767 = ( GEOMETRIC_REPRESENTATION_CONTEXT(2) 
PARAMETRIC_REPRESENTATION_CONTEXT() REPRESENTATION_CONTEXT('2D SPACE',''
  ) );
#11768 = ORIENTED_EDGE('',*,*,#11769,.F.);
#11769 = EDGE_CURVE('',#7271,#11714,#11770,.T.);
#11770 = SURFACE_CURVE('',#11771,(#11775,#11782),.PCURVE_S1.);
#11771 = LINE('',#11772,#11773);
#11772 = CARTESIAN_POINT('',(-64.61803556789,7.03629727532,0.));
#11773 = VECTOR('',#11774,1.);
#11774 = DIRECTION('',(-0.994123624121,0.108250727313,0.));
#11775 = PCURVE('',#7327,#11776);
#11776 = DEFINITIONAL_REPRESENTATION('',(#11777),#11781);
#11777 = LINE('',#11778,#11779);
#11778 = CARTESIAN_POINT('',(0.,1.));
#11779 = VECTOR('',#11780,1.);
#11780 = DIRECTION('',(1.,0.));
#11781 = ( GEOMETRIC_REPRESENTATION_CONTEXT(2) 
PARAMETRIC_REPRESENTATION_CONTEXT() REPRESENTATION_CONTEXT('2D SPACE',''
  ) );
#11782 = PCURVE('',#7286,#11783);
#11783 = DEFINITIONAL_REPRESENTATION('',(#11784),#11788);
#11784 = LINE('',#11785,#11786);
#11785 = CARTESIAN_POINT('',(0.,0.));
#11786 = VECTOR('',#11787,1.);
#11787 = DIRECTION('',(0.986393923832,0.164398987305));
#11788 = ( GEOMETRIC_REPRESENTATION_CONTEXT(2) 
PARAMETRIC_REPRESENTATION_CONTEXT() REPRESENTATION_CONTEXT('2D SPACE',''
  ) );
#11789 = ADVANCED_FACE('',(#11790),#7286,.T.);
#11790 = FACE_BOUND('',#11791,.T.);
#11791 = EDGE_LOOP('',(#11792,#11793,#11794,#11817));
#11792 = ORIENTED_EDGE('',*,*,#11769,.F.);
#11793 = ORIENTED_EDGE('',*,*,#7270,.F.);
#11794 = ORIENTED_EDGE('',*,*,#11795,.T.);
#11795 = EDGE_CURVE('',#7218,#11796,#11798,.T.);
#11796 = VERTEX_POINT('',#11797);
#11797 = CARTESIAN_POINT('',(-72.57102456086,7.902303093821,1.45));
#11798 = SURFACE_CURVE('',#11799,(#11803,#11810),.PCURVE_S1.);
#11799 = LINE('',#11800,#11801);
#11800 = CARTESIAN_POINT('',(-64.61803556789,7.03629727532,1.45));
#11801 = VECTOR('',#11802,1.);
#11802 = DIRECTION('',(-0.994123624121,0.108250727313,0.));
#11803 = PCURVE('',#7286,#11804);
#11804 = DEFINITIONAL_REPRESENTATION('',(#11805),#11809);
#11805 = LINE('',#11806,#11807);
#11806 = CARTESIAN_POINT('',(0.238378531593,-1.430271189557));
#11807 = VECTOR('',#11808,1.);
#11808 = DIRECTION('',(0.986393923832,0.164398987305));
#11809 = ( GEOMETRIC_REPRESENTATION_CONTEXT(2) 
PARAMETRIC_REPRESENTATION_CONTEXT() REPRESENTATION_CONTEXT('2D SPACE',''
  ) );
#11810 = PCURVE('',#7247,#11811);
#11811 = DEFINITIONAL_REPRESENTATION('',(#11812),#11816);
#11812 = LINE('',#11813,#11814);
#11813 = CARTESIAN_POINT('',(0.,0.));
#11814 = VECTOR('',#11815,1.);
#11815 = DIRECTION('',(1.,0.));
#11816 = ( GEOMETRIC_REPRESENTATION_CONTEXT(2) 
PARAMETRIC_REPRESENTATION_CONTEXT() REPRESENTATION_CONTEXT('2D SPACE',''
  ) );
#11817 = ORIENTED_EDGE('',*,*,#11818,.T.);
#11818 = EDGE_CURVE('',#11796,#11714,#11819,.T.);
#11819 = SURFACE_CURVE('',#11820,(#11824,#11830),.PCURVE_S1.);
#11820 = LINE('',#11821,#11822);
#11821 = CARTESIAN_POINT('',(-72.57102456086,7.902303093821,0.));
#11822 = VECTOR('',#11823,1.);
#11823 = DIRECTION('',(-0.,-0.,-1.));
#11824 = PCURVE('',#7286,#11825);
#11825 = DEFINITIONAL_REPRESENTATION('',(#11826),#11829);
#11826 = B_SPLINE_CURVE_WITH_KNOTS('',1,(#11827,#11828),.UNSPECIFIED.,
  .F.,.F.,(2,2),(-1.5000006,6.E-07),.PIECEWISE_BEZIER_KNOTS.);
#11827 = CARTESIAN_POINT('',(8.137749970255,-0.164399579142));
#11828 = CARTESIAN_POINT('',(7.891151292018,1.315192490279));
#11829 = ( GEOMETRIC_REPRESENTATION_CONTEXT(2) 
PARAMETRIC_REPRESENTATION_CONTEXT() REPRESENTATION_CONTEXT('2D SPACE',''
  ) );
#11830 = PCURVE('',#11831,#11836);
#11831 = CYLINDRICAL_SURFACE('',#11832,73.);
#11832 = AXIS2_PLACEMENT_3D('',#11833,#11834,#11835);
#11833 = CARTESIAN_POINT('',(0.,0.,0.));
#11834 = DIRECTION('',(-0.,-0.,-1.));
#11835 = DIRECTION('',(1.,0.,0.));
#11836 = DEFINITIONAL_REPRESENTATION('',(#11837),#11840);
#11837 = B_SPLINE_CURVE_WITH_KNOTS('',1,(#11838,#11839),.UNSPECIFIED.,
  .F.,.F.,(2,2),(-1.5000006,6.E-07),.PIECEWISE_BEZIER_KNOTS.);
#11838 = CARTESIAN_POINT('',(-3.033129385952,-1.5000006));
#11839 = CARTESIAN_POINT('',(-3.033129385952,6.E-07));
#11840 = ( GEOMETRIC_REPRESENTATION_CONTEXT(2) 
PARAMETRIC_REPRESENTATION_CONTEXT() REPRESENTATION_CONTEXT('2D SPACE',''
  ) );
#11841 = ADVANCED_FACE('',(#11842),#7247,.F.);
#11842 = FACE_BOUND('',#11843,.F.);
#11843 = EDGE_LOOP('',(#11844,#11845,#11846,#11902));
#11844 = ORIENTED_EDGE('',*,*,#7217,.F.);
#11845 = ORIENTED_EDGE('',*,*,#11795,.T.);
#11846 = ORIENTED_EDGE('',*,*,#11847,.T.);
#11847 = EDGE_CURVE('',#11796,#11848,#11850,.T.);
#11848 = VERTEX_POINT('',#11849);
#11849 = CARTESIAN_POINT('',(-72.62815475459,-7.358745609333,0.));
#11850 = SURFACE_CURVE('',#11851,(#11866,#11884),.PCURVE_S1.);
#11851 = B_SPLINE_CURVE_WITH_KNOTS('',4,(#11852,#11853,#11854,#11855,
    #11856,#11857,#11858,#11859,#11860,#11861,#11862,#11863,#11864,
    #11865),.UNSPECIFIED.,.F.,.F.,(5,3,3,3,5),(0.,0.250856813164,
    0.501193024713,0.751220097686,1.),.UNSPECIFIED.);
#11852 = CARTESIAN_POINT('',(-72.57102456086,7.902303093821,1.45));
#11853 = CARTESIAN_POINT('',(-72.67443319767,6.952646945141,
    1.358737529319));
#11854 = CARTESIAN_POINT('',(-72.76146434585,5.999425071677,
    1.267640527831));
#11855 = CARTESIAN_POINT('',(-72.83188595016,5.043474653549,
    1.176665755939));
#11856 = CARTESIAN_POINT('',(-72.93915471297,3.129878877825,
    0.995067038897));
#11857 = CARTESIAN_POINT('',(-72.97607155145,2.17223956803,
    0.904442662335));
#11858 = CARTESIAN_POINT('',(-72.99620588487,1.213647183428,
    0.813858099268));
#11859 = CARTESIAN_POINT('',(-73.00289921431,-0.702460683373,
    0.63280016519));
#11860 = CARTESIAN_POINT('',(-72.98949964664,-1.659977698167,
    0.542326697596));
#11861 = CARTESIAN_POINT('',(-72.95935342332,-2.616653431312,
    0.451812797341));
#11862 = CARTESIAN_POINT('',(-72.86603019553,-4.521799843521,
    0.271074604491));
#11863 = CARTESIAN_POINT('',(-72.8030184157,-5.470289194975,
    0.18085102667));
#11864 = CARTESIAN_POINT('',(-72.72365320228,-6.416210508103,
    9.050688429457E-02));
#11865 = CARTESIAN_POINT('',(-72.62815475459,-7.358745609334,0.));
#11866 = PCURVE('',#7247,#11867);
#11867 = DEFINITIONAL_REPRESENTATION('',(#11868),#11883);
#11868 = B_SPLINE_CURVE_WITH_KNOTS('',4,(#11869,#11870,#11871,#11872,
    #11873,#11874,#11875,#11876,#11877,#11878,#11879,#11880,#11881,
    #11882),.UNSPECIFIED.,.F.,.F.,(5,3,3,3,5),(0.,0.250856813164,
    0.501193024713,0.751220097686,1.),.UNSPECIFIED.);
#11869 = CARTESIAN_POINT('',(8.,0.));
#11870 = CARTESIAN_POINT('',(8.100402888384,6.293963495269E-02));
#11871 = CARTESIAN_POINT('',(8.184324769913,0.12576515322));
#11872 = CARTESIAN_POINT('',(8.251535463995,0.188506375215));
#11873 = CARTESIAN_POINT('',(8.352191325515,0.313746869727));
#11874 = CARTESIAN_POINT('',(8.38570657901,0.376246439769));
#11875 = CARTESIAN_POINT('',(8.402343415472,0.438718552229));
#11876 = CARTESIAN_POINT('',(8.401861098804,0.563586092972));
#11877 = CARTESIAN_POINT('',(8.384783604161,0.625981587865));
#11878 = CARTESIAN_POINT('',(8.350870493287,0.688404967351));
#11879 = CARTESIAN_POINT('',(8.24986266517,0.813051996903));
#11880 = CARTESIAN_POINT('',(8.182934011223,0.875275154021));
#11881 = CARTESIAN_POINT('',(8.099571626036,0.937581459107));
#11882 = CARTESIAN_POINT('',(8.,1.));
#11883 = ( GEOMETRIC_REPRESENTATION_CONTEXT(2) 
PARAMETRIC_REPRESENTATION_CONTEXT() REPRESENTATION_CONTEXT('2D SPACE',''
  ) );
#11884 = PCURVE('',#11831,#11885);
#11885 = DEFINITIONAL_REPRESENTATION('',(#11886),#11901);
#11886 = B_SPLINE_CURVE_WITH_KNOTS('',4,(#11887,#11888,#11889,#11890,
    #11891,#11892,#11893,#11894,#11895,#11896,#11897,#11898,#11899,
    #11900),.UNSPECIFIED.,.F.,.F.,(5,3,3,3,5),(0.,0.250856813164,
    0.501193024713,0.751220097686,1.),.UNSPECIFIED.);
#11887 = CARTESIAN_POINT('',(-3.033129385952,-1.45));
#11888 = CARTESIAN_POINT('',(-3.046215271875,-1.358737529319));
#11889 = CARTESIAN_POINT('',(-3.059325427337,-1.267640527831));
#11890 = CARTESIAN_POINT('',(-3.072454100918,-1.176665755939));
#11891 = CARTESIAN_POINT('',(-3.098708894796,-0.995067038897));
#11892 = CARTESIAN_POINT('',(-3.111834979718,-0.904442662335));
#11893 = CARTESIAN_POINT('',(-3.124967262482,-0.813858099268));
#11894 = CARTESIAN_POINT('',(-3.151215475595,-0.63280016519));
#11895 = CARTESIAN_POINT('',(-3.164331422723,-0.542326697596));
#11896 = CARTESIAN_POINT('',(-3.177441076543,-0.451812797341));
#11897 = CARTESIAN_POINT('',(-3.203570264938,-0.271074604491));
#11898 = CARTESIAN_POINT('',(-3.216589938315,-0.18085102667));
#11899 = CARTESIAN_POINT('',(-3.229591351816,-9.050688429457E-02));
#11900 = CARTESIAN_POINT('',(-3.242568896191,0.));
#11901 = ( GEOMETRIC_REPRESENTATION_CONTEXT(2) 
PARAMETRIC_REPRESENTATION_CONTEXT() REPRESENTATION_CONTEXT('2D SPACE',''
  ) );
#11902 = ORIENTED_EDGE('',*,*,#11903,.F.);
#11903 = EDGE_CURVE('',#7191,#11848,#11904,.T.);
#11904 = SURFACE_CURVE('',#11905,(#11909,#11916),.PCURVE_S1.);
#11905 = LINE('',#11906,#11907);
#11906 = CARTESIAN_POINT('',(-64.66890491847,-6.552307734339,0.));
#11907 = VECTOR('',#11908,1.);
#11908 = DIRECTION('',(-0.994906229515,-0.100804734374,0.));
#11909 = PCURVE('',#7247,#11910);
#11910 = DEFINITIONAL_REPRESENTATION('',(#11911),#11915);
#11911 = LINE('',#11912,#11913);
#11912 = CARTESIAN_POINT('',(0.,1.));
#11913 = VECTOR('',#11914,1.);
#11914 = DIRECTION('',(1.,0.));
#11915 = ( GEOMETRIC_REPRESENTATION_CONTEXT(2) 
PARAMETRIC_REPRESENTATION_CONTEXT() REPRESENTATION_CONTEXT('2D SPACE',''
  ) );
#11916 = PCURVE('',#7206,#11917);
#11917 = DEFINITIONAL_REPRESENTATION('',(#11918),#11922);
#11918 = LINE('',#11919,#11920);
#11919 = CARTESIAN_POINT('',(0.,-0.));
#11920 = VECTOR('',#11921,1.);
#11921 = DIRECTION('',(0.986393923832,0.164398987305));
#11922 = ( GEOMETRIC_REPRESENTATION_CONTEXT(2) 
PARAMETRIC_REPRESENTATION_CONTEXT() REPRESENTATION_CONTEXT('2D SPACE',''
  ) );
#11923 = ADVANCED_FACE('',(#11924),#7206,.T.);
#11924 = FACE_BOUND('',#11925,.T.);
#11925 = EDGE_LOOP('',(#11926,#11927,#11928,#11951));
#11926 = ORIENTED_EDGE('',*,*,#11903,.F.);
#11927 = ORIENTED_EDGE('',*,*,#7190,.F.);
#11928 = ORIENTED_EDGE('',*,*,#11929,.T.);
#11929 = EDGE_CURVE('',#7138,#11930,#11932,.T.);
#11930 = VERTEX_POINT('',#11931);
#11931 = CARTESIAN_POINT('',(-72.62815475459,-7.358745609334,1.45));
#11932 = SURFACE_CURVE('',#11933,(#11937,#11944),.PCURVE_S1.);
#11933 = LINE('',#11934,#11935);
#11934 = CARTESIAN_POINT('',(-64.66890491847,-6.552307734339,1.45));
#11935 = VECTOR('',#11936,1.);
#11936 = DIRECTION('',(-0.994906229515,-0.100804734374,0.));
#11937 = PCURVE('',#7206,#11938);
#11938 = DEFINITIONAL_REPRESENTATION('',(#11939),#11943);
#11939 = LINE('',#11940,#11941);
#11940 = CARTESIAN_POINT('',(0.238378531593,-1.430271189557));
#11941 = VECTOR('',#11942,1.);
#11942 = DIRECTION('',(0.986393923832,0.164398987305));
#11943 = ( GEOMETRIC_REPRESENTATION_CONTEXT(2) 
PARAMETRIC_REPRESENTATION_CONTEXT() REPRESENTATION_CONTEXT('2D SPACE',''
  ) );
#11944 = PCURVE('',#7167,#11945);
#11945 = DEFINITIONAL_REPRESENTATION('',(#11946),#11950);
#11946 = LINE('',#11947,#11948);
#11947 = CARTESIAN_POINT('',(0.,0.));
#11948 = VECTOR('',#11949,1.);
#11949 = DIRECTION('',(1.,0.));
#11950 = ( GEOMETRIC_REPRESENTATION_CONTEXT(2) 
PARAMETRIC_REPRESENTATION_CONTEXT() REPRESENTATION_CONTEXT('2D SPACE',''
  ) );
#11951 = ORIENTED_EDGE('',*,*,#11952,.T.);
#11952 = EDGE_CURVE('',#11930,#11848,#11953,.T.);
#11953 = SURFACE_CURVE('',#11954,(#11958,#11964),.PCURVE_S1.);
#11954 = LINE('',#11955,#11956);
#11955 = CARTESIAN_POINT('',(-72.62815475459,-7.358745609334,0.));
#11956 = VECTOR('',#11957,1.);
#11957 = DIRECTION('',(-0.,-0.,-1.));
#11958 = PCURVE('',#7206,#11959);
#11959 = DEFINITIONAL_REPRESENTATION('',(#11960),#11963);
#11960 = B_SPLINE_CURVE_WITH_KNOTS('',1,(#11961,#11962),.UNSPECIFIED.,
  .F.,.F.,(2,2),(-1.5000006,6.E-07),.PIECEWISE_BEZIER_KNOTS.);
#11961 = CARTESIAN_POINT('',(8.137749970255,-0.164399579142));
#11962 = CARTESIAN_POINT('',(7.891151292018,1.315192490279));
#11963 = ( GEOMETRIC_REPRESENTATION_CONTEXT(2) 
PARAMETRIC_REPRESENTATION_CONTEXT() REPRESENTATION_CONTEXT('2D SPACE',''
  ) );
#11964 = PCURVE('',#11965,#11970);
#11965 = CYLINDRICAL_SURFACE('',#11966,73.);
#11966 = AXIS2_PLACEMENT_3D('',#11967,#11968,#11969);
#11967 = CARTESIAN_POINT('',(0.,0.,0.));
#11968 = DIRECTION('',(-0.,-0.,-1.));
#11969 = DIRECTION('',(1.,0.,0.));
#11970 = DEFINITIONAL_REPRESENTATION('',(#11971),#11974);
#11971 = B_SPLINE_CURVE_WITH_KNOTS('',1,(#11972,#11973),.UNSPECIFIED.,
  .F.,.F.,(2,2),(-1.5000006,6.E-07),.PIECEWISE_BEZIER_KNOTS.);
#11972 = CARTESIAN_POINT('',(-3.242568896191,-1.5000006));
#11973 = CARTESIAN_POINT('',(-3.242568896191,6.E-07));
#11974 = ( GEOMETRIC_REPRESENTATION_CONTEXT(2) 
PARAMETRIC_REPRESENTATION_CONTEXT() REPRESENTATION_CONTEXT('2D SPACE',''
  ) );
#11975 = ADVANCED_FACE('',(#11976),#7167,.F.);
#11976 = FACE_BOUND('',#11977,.F.);
#11977 = EDGE_LOOP('',(#11978,#11979,#11980,#12036));
#11978 = ORIENTED_EDGE('',*,*,#7137,.F.);
#11979 = ORIENTED_EDGE('',*,*,#11929,.T.);
#11980 = ORIENTED_EDGE('',*,*,#11981,.T.);
#11981 = EDGE_CURVE('',#11930,#11982,#11984,.T.);
#11982 = VERTEX_POINT('',#11983);
#11983 = CARTESIAN_POINT('',(-69.51108607699,-22.29818181818,0.));
#11984 = SURFACE_CURVE('',#11985,(#12000,#12018),.PCURVE_S1.);
#11985 = B_SPLINE_CURVE_WITH_KNOTS('',4,(#11986,#11987,#11988,#11989,
    #11990,#11991,#11992,#11993,#11994,#11995,#11996,#11997,#11998,
    #11999),.UNSPECIFIED.,.F.,.F.,(5,3,3,3,5),(0.,0.250856813164,
    0.501193024733,0.751220097752,1.),.UNSPECIFIED.);
#11986 = CARTESIAN_POINT('',(-72.62815475459,-7.358745609334,1.45));
#11987 = CARTESIAN_POINT('',(-72.53185904901,-8.309149357212,
    1.358737529319));
#11988 = CARTESIAN_POINT('',(-72.41880238636,-9.25963583888,
    1.267640527831));
#11989 = CARTESIAN_POINT('',(-72.28893184188,-10.20933792161,
    1.176665755939));
#11990 = CARTESIAN_POINT('',(-71.99599759158,-12.10341946834,
    0.995067038889));
#11991 = CARTESIAN_POINT('',(-71.83300330045,-13.04780750397,
    0.90444266232));
#11992 = CARTESIAN_POINT('',(-71.65339508687,-13.98963850843,
    0.813858099245));
#11993 = CARTESIAN_POINT('',(-71.26156092457,-15.86526644278,
    0.632800165143));
#11994 = CARTESIAN_POINT('',(-71.04937518803,-16.79907348686,
    0.542326697533));
#11995 = CARTESIAN_POINT('',(-70.82098366272,-17.72857580782,
    0.451812797261));
#11996 = CARTESIAN_POINT('',(-70.33359755954,-19.5726872098,
    0.271074604418));
#11997 = CARTESIAN_POINT('',(-70.07476071356,-20.48734890731,
    0.180851026622));
#11998 = CARTESIAN_POINT('',(-69.80046172095,-21.39609861427,
    9.050688427034E-02));
#11999 = CARTESIAN_POINT('',(-69.51108607699,-22.29818181818,0.));
#12000 = PCURVE('',#7167,#12001);
#12001 = DEFINITIONAL_REPRESENTATION('',(#12002),#12017);
#12002 = B_SPLINE_CURVE_WITH_KNOTS('',4,(#12003,#12004,#12005,#12006,
    #12007,#12008,#12009,#12010,#12011,#12012,#12013,#12014,#12015,
    #12016),.UNSPECIFIED.,.F.,.F.,(5,3,3,3,5),(0.,0.250856813164,
    0.501193024733,0.751220097752,1.),.UNSPECIFIED.);
#12003 = CARTESIAN_POINT('',(8.,0.));
#12004 = CARTESIAN_POINT('',(8.100402888384,6.29396349527E-02));
#12005 = CARTESIAN_POINT('',(8.184324769913,0.12576515322));
#12006 = CARTESIAN_POINT('',(8.251535463995,0.188506375215));
#12007 = CARTESIAN_POINT('',(8.352191325519,0.313746869732));
#12008 = CARTESIAN_POINT('',(8.385706579015,0.376246439779));
#12009 = CARTESIAN_POINT('',(8.402343415476,0.438718552245));
#12010 = CARTESIAN_POINT('',(8.401861098799,0.563586093005));
#12011 = CARTESIAN_POINT('',(8.384783604147,0.625981587908));
#12012 = CARTESIAN_POINT('',(8.350870493255,0.688404967406));
#12013 = CARTESIAN_POINT('',(8.249862665117,0.813051996953));
#12014 = CARTESIAN_POINT('',(8.182934011178,0.875275154054));
#12015 = CARTESIAN_POINT('',(8.099571626009,0.937581459124));
#12016 = CARTESIAN_POINT('',(8.,1.));
#12017 = ( GEOMETRIC_REPRESENTATION_CONTEXT(2) 
PARAMETRIC_REPRESENTATION_CONTEXT() REPRESENTATION_CONTEXT('2D SPACE',''
  ) );
#12018 = PCURVE('',#11965,#12019);
#12019 = DEFINITIONAL_REPRESENTATION('',(#12020),#12035);
#12020 = B_SPLINE_CURVE_WITH_KNOTS('',4,(#12021,#12022,#12023,#12024,
    #12025,#12026,#12027,#12028,#12029,#12030,#12031,#12032,#12033,
    #12034),.UNSPECIFIED.,.F.,.F.,(5,3,3,3,5),(0.,0.250856813164,
    0.501193024733,0.751220097752,1.),.UNSPECIFIED.);
#12021 = CARTESIAN_POINT('',(-3.242568896191,-1.45));
#12022 = CARTESIAN_POINT('',(-3.255654782114,-1.358737529319));
#12023 = CARTESIAN_POINT('',(-3.268764937576,-1.267640527831));
#12024 = CARTESIAN_POINT('',(-3.281893611157,-1.176665755939));
#12025 = CARTESIAN_POINT('',(-3.308148405037,-0.995067038889));
#12026 = CARTESIAN_POINT('',(-3.32127448996,-0.90444266232));
#12027 = CARTESIAN_POINT('',(-3.334406772724,-0.813858099245));
#12028 = CARTESIAN_POINT('',(-3.360654985842,-0.632800165143));
#12029 = CARTESIAN_POINT('',(-3.373770932972,-0.542326697533));
#12030 = CARTESIAN_POINT('',(-3.386880586794,-0.451812797261));
#12031 = CARTESIAN_POINT('',(-3.413009775188,-0.271074604418));
#12032 = CARTESIAN_POINT('',(-3.426029448562,-0.180851026622));
#12033 = CARTESIAN_POINT('',(-3.439030862059,-9.050688427034E-02));
#12034 = CARTESIAN_POINT('',(-3.452008406431,0.));
#12035 = ( GEOMETRIC_REPRESENTATION_CONTEXT(2) 
PARAMETRIC_REPRESENTATION_CONTEXT() REPRESENTATION_CONTEXT('2D SPACE',''
  ) );
#12036 = ORIENTED_EDGE('',*,*,#12037,.F.);
#12037 = EDGE_CURVE('',#7111,#11982,#12038,.T.);
#12038 = SURFACE_CURVE('',#12039,(#12043,#12050),.PCURVE_S1.);
#12039 = LINE('',#12040,#12041);
#12040 = CARTESIAN_POINT('',(-61.89343280828,-19.85454545454,0.));
#12041 = VECTOR('',#12042,1.);
#12042 = DIRECTION('',(-0.952206658589,-0.305454545455,0.));
#12043 = PCURVE('',#7167,#12044);
#12044 = DEFINITIONAL_REPRESENTATION('',(#12045),#12049);
#12045 = LINE('',#12046,#12047);
#12046 = CARTESIAN_POINT('',(0.,1.));
#12047 = VECTOR('',#12048,1.);
#12048 = DIRECTION('',(1.,0.));
#12049 = ( GEOMETRIC_REPRESENTATION_CONTEXT(2) 
PARAMETRIC_REPRESENTATION_CONTEXT() REPRESENTATION_CONTEXT('2D SPACE',''
  ) );
#12050 = PCURVE('',#7126,#12051);
#12051 = DEFINITIONAL_REPRESENTATION('',(#12052),#12056);
#12052 = LINE('',#12053,#12054);
#12053 = CARTESIAN_POINT('',(0.,-0.));
#12054 = VECTOR('',#12055,1.);
#12055 = DIRECTION('',(0.986393923832,0.164398987305));
#12056 = ( GEOMETRIC_REPRESENTATION_CONTEXT(2) 
PARAMETRIC_REPRESENTATION_CONTEXT() REPRESENTATION_CONTEXT('2D SPACE',''
  ) );
#12057 = ADVANCED_FACE('',(#12058),#7126,.T.);
#12058 = FACE_BOUND('',#12059,.T.);
#12059 = EDGE_LOOP('',(#12060,#12061,#12062,#12085));
#12060 = ORIENTED_EDGE('',*,*,#12037,.F.);
#12061 = ORIENTED_EDGE('',*,*,#7110,.F.);
#12062 = ORIENTED_EDGE('',*,*,#12063,.T.);
#12063 = EDGE_CURVE('',#7058,#12064,#12066,.T.);
#12064 = VERTEX_POINT('',#12065);
#12065 = CARTESIAN_POINT('',(-69.51108607699,-22.29818181818,1.45));
#12066 = SURFACE_CURVE('',#12067,(#12071,#12078),.PCURVE_S1.);
#12067 = LINE('',#12068,#12069);
#12068 = CARTESIAN_POINT('',(-61.89343280828,-19.85454545454,1.45));
#12069 = VECTOR('',#12070,1.);
#12070 = DIRECTION('',(-0.952206658589,-0.305454545455,0.));
#12071 = PCURVE('',#7126,#12072);
#12072 = DEFINITIONAL_REPRESENTATION('',(#12073),#12077);
#12073 = LINE('',#12074,#12075);
#12074 = CARTESIAN_POINT('',(0.238378531593,-1.430271189557));
#12075 = VECTOR('',#12076,1.);
#12076 = DIRECTION('',(0.986393923832,0.164398987305));
#12077 = ( GEOMETRIC_REPRESENTATION_CONTEXT(2) 
PARAMETRIC_REPRESENTATION_CONTEXT() REPRESENTATION_CONTEXT('2D SPACE',''
  ) );
#12078 = PCURVE('',#7087,#12079);
#12079 = DEFINITIONAL_REPRESENTATION('',(#12080),#12084);
#12080 = LINE('',#12081,#12082);
#12081 = CARTESIAN_POINT('',(0.,0.));
#12082 = VECTOR('',#12083,1.);
#12083 = DIRECTION('',(1.,0.));
#12084 = ( GEOMETRIC_REPRESENTATION_CONTEXT(2) 
PARAMETRIC_REPRESENTATION_CONTEXT() REPRESENTATION_CONTEXT('2D SPACE',''
  ) );
#12085 = ORIENTED_EDGE('',*,*,#12086,.T.);
#12086 = EDGE_CURVE('',#12064,#11982,#12087,.T.);
#12087 = SURFACE_CURVE('',#12088,(#12092,#12098),.PCURVE_S1.);
#12088 = LINE('',#12089,#12090);
#12089 = CARTESIAN_POINT('',(-69.51108607699,-22.29818181818,
    1.199613388974E-30));
#12090 = VECTOR('',#12091,1.);
#12091 = DIRECTION('',(-0.,-0.,-1.));
#12092 = PCURVE('',#7126,#12093);
#12093 = DEFINITIONAL_REPRESENTATION('',(#12094),#12097);
#12094 = B_SPLINE_CURVE_WITH_KNOTS('',1,(#12095,#12096),.UNSPECIFIED.,
  .F.,.F.,(2,2),(-1.5000006,6.E-07),.PIECEWISE_BEZIER_KNOTS.);
#12095 = CARTESIAN_POINT('',(8.137749970255,-0.164399579142));
#12096 = CARTESIAN_POINT('',(7.891151292018,1.315192490279));
#12097 = ( GEOMETRIC_REPRESENTATION_CONTEXT(2) 
PARAMETRIC_REPRESENTATION_CONTEXT() REPRESENTATION_CONTEXT('2D SPACE',''
  ) );
#12098 = PCURVE('',#12099,#12104);
#12099 = CYLINDRICAL_SURFACE('',#12100,73.);
#12100 = AXIS2_PLACEMENT_3D('',#12101,#12102,#12103);
#12101 = CARTESIAN_POINT('',(0.,0.,0.));
#12102 = DIRECTION('',(-0.,-0.,-1.));
#12103 = DIRECTION('',(1.,0.,0.));
#12104 = DEFINITIONAL_REPRESENTATION('',(#12105),#12108);
#12105 = B_SPLINE_CURVE_WITH_KNOTS('',1,(#12106,#12107),.UNSPECIFIED.,
  .F.,.F.,(2,2),(-1.5000006,6.E-07),.PIECEWISE_BEZIER_KNOTS.);
#12106 = CARTESIAN_POINT('',(-3.452008406431,-1.5000006));
#12107 = CARTESIAN_POINT('',(-3.452008406431,6.E-07));
#12108 = ( GEOMETRIC_REPRESENTATION_CONTEXT(2) 
PARAMETRIC_REPRESENTATION_CONTEXT() REPRESENTATION_CONTEXT('2D SPACE',''
  ) );
#12109 = ADVANCED_FACE('',(#12110),#7087,.F.);
#12110 = FACE_BOUND('',#12111,.F.);
#12111 = EDGE_LOOP('',(#12112,#12113,#12114,#12170));
#12112 = ORIENTED_EDGE('',*,*,#7057,.F.);
#12113 = ORIENTED_EDGE('',*,*,#12063,.T.);
#12114 = ORIENTED_EDGE('',*,*,#12115,.T.);
#12115 = EDGE_CURVE('',#12064,#12116,#12118,.T.);
#12116 = VERTEX_POINT('',#12117);
#12117 = CARTESIAN_POINT('',(-63.35604938663,-36.26308048302,0.));
#12118 = SURFACE_CURVE('',#12119,(#12134,#12152),.PCURVE_S1.);
#12119 = B_SPLINE_CURVE_WITH_KNOTS('',4,(#12120,#12121,#12122,#12123,
    #12124,#12125,#12126,#12127,#12128,#12129,#12130,#12131,#12132,
    #12133),.UNSPECIFIED.,.F.,.F.,(5,3,3,3,5),(0.,0.250856813164,
    0.501193024713,0.751220097686,1.),.UNSPECIFIED.);
#12120 = CARTESIAN_POINT('',(-69.51108607699,-22.29818181818,1.45));
#12121 = CARTESIAN_POINT('',(-69.21929461344,-23.20779596093,
    1.358737529319));
#12122 = CARTESIAN_POINT('',(-68.91109125862,-24.11400623061,
    1.267640527831));
#12123 = CARTESIAN_POINT('',(-68.58660453133,-25.01595343976,
    1.176665755939));
#12124 = CARTESIAN_POINT('',(-67.90626990033,-26.80774030493,
    0.995067038897));
#12125 = CARTESIAN_POINT('',(-67.55048811228,-27.69760277741,
    0.904442662335));
#12126 = CARTESIAN_POINT('',(-67.17898709253,-28.58150986728,
    0.813858099268));
#12127 = CARTESIAN_POINT('',(-66.40575047173,-30.3346839277,
    0.63280016519));
#12128 = CARTESIAN_POINT('',(-66.00405210126,-31.203969152,
    0.542326697596));
#12129 = CARTESIAN_POINT('',(-65.58739707967,-32.06567434878,
    0.451812797341));
#12130 = CARTESIAN_POINT('',(-64.72724921256,-33.7681542234,
    0.271074604491));
#12131 = CARTESIAN_POINT('',(-64.28389971252,-34.60901316225,
    0.18085102667));
#12132 = CARTESIAN_POINT('',(-63.82665512279,-35.44087454066,
    9.050688429457E-02));
#12133 = CARTESIAN_POINT('',(-63.35604938663,-36.26308048302,0.));
#12134 = PCURVE('',#7087,#12135);
#12135 = DEFINITIONAL_REPRESENTATION('',(#12136),#12151);
#12136 = B_SPLINE_CURVE_WITH_KNOTS('',4,(#12137,#12138,#12139,#12140,
    #12141,#12142,#12143,#12144,#12145,#12146,#12147,#12148,#12149,
    #12150),.UNSPECIFIED.,.F.,.F.,(5,3,3,3,5),(0.,0.250856813164,
    0.501193024713,0.751220097686,1.),.UNSPECIFIED.);
#12137 = CARTESIAN_POINT('',(8.,0.));
#12138 = CARTESIAN_POINT('',(8.100402888384,6.293963495269E-02));
#12139 = CARTESIAN_POINT('',(8.184324769913,0.12576515322));
#12140 = CARTESIAN_POINT('',(8.251535463995,0.188506375215));
#12141 = CARTESIAN_POINT('',(8.352191325515,0.313746869727));
#12142 = CARTESIAN_POINT('',(8.38570657901,0.376246439769));
#12143 = CARTESIAN_POINT('',(8.402343415472,0.438718552229));
#12144 = CARTESIAN_POINT('',(8.401861098804,0.563586092972));
#12145 = CARTESIAN_POINT('',(8.384783604161,0.625981587865));
#12146 = CARTESIAN_POINT('',(8.350870493287,0.688404967351));
#12147 = CARTESIAN_POINT('',(8.24986266517,0.813051996903));
#12148 = CARTESIAN_POINT('',(8.182934011223,0.875275154021));
#12149 = CARTESIAN_POINT('',(8.099571626036,0.937581459107));
#12150 = CARTESIAN_POINT('',(8.,1.));
#12151 = ( GEOMETRIC_REPRESENTATION_CONTEXT(2) 
PARAMETRIC_REPRESENTATION_CONTEXT() REPRESENTATION_CONTEXT('2D SPACE',''
  ) );
#12152 = PCURVE('',#12099,#12153);
#12153 = DEFINITIONAL_REPRESENTATION('',(#12154),#12169);
#12154 = B_SPLINE_CURVE_WITH_KNOTS('',4,(#12155,#12156,#12157,#12158,
    #12159,#12160,#12161,#12162,#12163,#12164,#12165,#12166,#12167,
    #12168),.UNSPECIFIED.,.F.,.F.,(5,3,3,3,5),(0.,0.250856813164,
    0.501193024713,0.751220097686,1.),.UNSPECIFIED.);
#12155 = CARTESIAN_POINT('',(-3.452008406431,-1.45));
#12156 = CARTESIAN_POINT('',(-3.465094292353,-1.358737529319));
#12157 = CARTESIAN_POINT('',(-3.478204447815,-1.267640527831));
#12158 = CARTESIAN_POINT('',(-3.491333121396,-1.176665755939));
#12159 = CARTESIAN_POINT('',(-3.517587915275,-0.995067038897));
#12160 = CARTESIAN_POINT('',(-3.530714000197,-0.904442662335));
#12161 = CARTESIAN_POINT('',(-3.54384628296,-0.813858099268));
#12162 = CARTESIAN_POINT('',(-3.570094496074,-0.63280016519));
#12163 = CARTESIAN_POINT('',(-3.583210443202,-0.542326697596));
#12164 = CARTESIAN_POINT('',(-3.596320097022,-0.451812797341));
#12165 = CARTESIAN_POINT('',(-3.622449285417,-0.271074604491));
#12166 = CARTESIAN_POINT('',(-3.635468958794,-0.18085102667));
#12167 = CARTESIAN_POINT('',(-3.648470372295,-9.050688429457E-02));
#12168 = CARTESIAN_POINT('',(-3.66144791667,0.));
#12169 = ( GEOMETRIC_REPRESENTATION_CONTEXT(2) 
PARAMETRIC_REPRESENTATION_CONTEXT() REPRESENTATION_CONTEXT('2D SPACE',''
  ) );
#12170 = ORIENTED_EDGE('',*,*,#12171,.F.);
#12171 = EDGE_CURVE('',#7031,#12116,#12172,.T.);
#12172 = SURFACE_CURVE('',#12173,(#12177,#12184),.PCURVE_S1.);
#12173 = LINE('',#12174,#12175);
#12174 = CARTESIAN_POINT('',(-56.41292068672,-32.2890442657,0.));
#12175 = VECTOR('',#12176,1.);
#12176 = DIRECTION('',(-0.867891087488,-0.496754527165,0.));
#12177 = PCURVE('',#7087,#12178);
#12178 = DEFINITIONAL_REPRESENTATION('',(#12179),#12183);
#12179 = LINE('',#12180,#12181);
#12180 = CARTESIAN_POINT('',(0.,1.));
#12181 = VECTOR('',#12182,1.);
#12182 = DIRECTION('',(1.,0.));
#12183 = ( GEOMETRIC_REPRESENTATION_CONTEXT(2) 
PARAMETRIC_REPRESENTATION_CONTEXT() REPRESENTATION_CONTEXT('2D SPACE',''
  ) );
#12184 = PCURVE('',#7046,#12185);
#12185 = DEFINITIONAL_REPRESENTATION('',(#12186),#12190);
#12186 = LINE('',#12187,#12188);
#12187 = CARTESIAN_POINT('',(0.,-0.));
#12188 = VECTOR('',#12189,1.);
#12189 = DIRECTION('',(0.986393923832,0.164398987305));
#12190 = ( GEOMETRIC_REPRESENTATION_CONTEXT(2) 
PARAMETRIC_REPRESENTATION_CONTEXT() REPRESENTATION_CONTEXT('2D SPACE',''
  ) );
#12191 = ADVANCED_FACE('',(#12192),#7046,.T.);
#12192 = FACE_BOUND('',#12193,.T.);
#12193 = EDGE_LOOP('',(#12194,#12195,#12196,#12219));
#12194 = ORIENTED_EDGE('',*,*,#12171,.F.);
#12195 = ORIENTED_EDGE('',*,*,#7030,.F.);
#12196 = ORIENTED_EDGE('',*,*,#12197,.T.);
#12197 = EDGE_CURVE('',#6978,#12198,#12200,.T.);
#12198 = VERTEX_POINT('',#12199);
#12199 = CARTESIAN_POINT('',(-63.35604938663,-36.26308048302,1.45));
#12200 = SURFACE_CURVE('',#12201,(#12205,#12212),.PCURVE_S1.);
#12201 = LINE('',#12202,#12203);
#12202 = CARTESIAN_POINT('',(-56.41292068672,-32.2890442657,1.45));
#12203 = VECTOR('',#12204,1.);
#12204 = DIRECTION('',(-0.867891087488,-0.496754527165,0.));
#12205 = PCURVE('',#7046,#12206);
#12206 = DEFINITIONAL_REPRESENTATION('',(#12207),#12211);
#12207 = LINE('',#12208,#12209);
#12208 = CARTESIAN_POINT('',(0.238378531593,-1.430271189557));
#12209 = VECTOR('',#12210,1.);
#12210 = DIRECTION('',(0.986393923832,0.164398987305));
#12211 = ( GEOMETRIC_REPRESENTATION_CONTEXT(2) 
PARAMETRIC_REPRESENTATION_CONTEXT() REPRESENTATION_CONTEXT('2D SPACE',''
  ) );
#12212 = PCURVE('',#7007,#12213);
#12213 = DEFINITIONAL_REPRESENTATION('',(#12214),#12218);
#12214 = LINE('',#12215,#12216);
#12215 = CARTESIAN_POINT('',(0.,0.));
#12216 = VECTOR('',#12217,1.);
#12217 = DIRECTION('',(1.,0.));
#12218 = ( GEOMETRIC_REPRESENTATION_CONTEXT(2) 
PARAMETRIC_REPRESENTATION_CONTEXT() REPRESENTATION_CONTEXT('2D SPACE',''
  ) );
#12219 = ORIENTED_EDGE('',*,*,#12220,.T.);
#12220 = EDGE_CURVE('',#12198,#12116,#12221,.T.);
#12221 = SURFACE_CURVE('',#12222,(#12226,#12232),.PCURVE_S1.);
#12222 = LINE('',#12223,#12224);
#12223 = CARTESIAN_POINT('',(-63.35604938663,-36.26308048302,0.));
#12224 = VECTOR('',#12225,1.);
#12225 = DIRECTION('',(-0.,-0.,-1.));
#12226 = PCURVE('',#7046,#12227);
#12227 = DEFINITIONAL_REPRESENTATION('',(#12228),#12231);
#12228 = B_SPLINE_CURVE_WITH_KNOTS('',1,(#12229,#12230),.UNSPECIFIED.,
  .F.,.F.,(2,2),(-1.5000006,6.E-07),.PIECEWISE_BEZIER_KNOTS.);
#12229 = CARTESIAN_POINT('',(8.137749970255,-0.164399579142));
#12230 = CARTESIAN_POINT('',(7.891151292018,1.315192490279));
#12231 = ( GEOMETRIC_REPRESENTATION_CONTEXT(2) 
PARAMETRIC_REPRESENTATION_CONTEXT() REPRESENTATION_CONTEXT('2D SPACE',''
  ) );
#12232 = PCURVE('',#12233,#12238);
#12233 = CYLINDRICAL_SURFACE('',#12234,73.);
#12234 = AXIS2_PLACEMENT_3D('',#12235,#12236,#12237);
#12235 = CARTESIAN_POINT('',(0.,0.,0.));
#12236 = DIRECTION('',(-0.,-0.,-1.));
#12237 = DIRECTION('',(1.,0.,0.));
#12238 = DEFINITIONAL_REPRESENTATION('',(#12239),#12242);
#12239 = B_SPLINE_CURVE_WITH_KNOTS('',1,(#12240,#12241),.UNSPECIFIED.,
  .F.,.F.,(2,2),(-1.5000006,6.E-07),.PIECEWISE_BEZIER_KNOTS.);
#12240 = CARTESIAN_POINT('',(-3.66144791667,-1.5000006));
#12241 = CARTESIAN_POINT('',(-3.66144791667,6.E-07));
#12242 = ( GEOMETRIC_REPRESENTATION_CONTEXT(2) 
PARAMETRIC_REPRESENTATION_CONTEXT() REPRESENTATION_CONTEXT('2D SPACE',''
  ) );
#12243 = ADVANCED_FACE('',(#12244),#7007,.F.);
#12244 = FACE_BOUND('',#12245,.F.);
#12245 = EDGE_LOOP('',(#12246,#12247,#12248,#12304));
#12246 = ORIENTED_EDGE('',*,*,#6977,.F.);
#12247 = ORIENTED_EDGE('',*,*,#12197,.T.);
#12248 = ORIENTED_EDGE('',*,*,#12249,.T.);
#12249 = EDGE_CURVE('',#12198,#12250,#12252,.T.);
#12250 = VERTEX_POINT('',#12251);
#12251 = CARTESIAN_POINT('',(-54.43204932202,-48.64310852119,0.));
#12252 = SURFACE_CURVE('',#12253,(#12268,#12286),.PCURVE_S1.);
#12253 = B_SPLINE_CURVE_WITH_KNOTS('',4,(#12254,#12255,#12256,#12257,
    #12258,#12259,#12260,#12261,#12262,#12263,#12264,#12265,#12266,
    #12267),.UNSPECIFIED.,.F.,.F.,(5,3,3,3,5),(0.,0.250856813164,
    0.501193024733,0.751220097752,1.),.UNSPECIFIED.);
#12254 = CARTESIAN_POINT('',(-63.35604938663,-36.26308048302,1.45));
#12255 = CARTESIAN_POINT('',(-62.88151485223,-37.09215051779,
    1.358737529319));
#12256 = CARTESIAN_POINT('',(-62.39163477077,-37.91447883823,
    1.267640527831));
#12257 = CARTESIAN_POINT('',(-61.88671348772,-38.72925175273,
    1.176665755939));
#12258 = CARTESIAN_POINT('',(-60.84871236394,-40.34043425253,
    0.995067038889));
#12259 = CARTESIAN_POINT('',(-60.31569245029,-41.13687990192,
    0.90444266232));
#12260 = CARTESIAN_POINT('',(-59.76853500152,-41.92423209606,
    0.813858099245));
#12261 = CARTESIAN_POINT('',(-58.64769007272,-43.47833016389,
    0.632800165143));
#12262 = CARTESIAN_POINT('',(-58.07403521454,-44.24510163313,
    0.542326697533));
#12263 = CARTESIAN_POINT('',(-57.48732652027,-45.00134905401,
    0.451812797261));
#12264 = CARTESIAN_POINT('',(-56.29200947849,-46.48779086119,
    0.271074604418));
#12265 = CARTESIAN_POINT('',(-55.68352382518,-47.21809747039,
    0.180851026622));
#12266 = CARTESIAN_POINT('',(-55.06331742124,-47.93671418586,
    9.050688427034E-02));
#12267 = CARTESIAN_POINT('',(-54.43204932202,-48.64310852119,0.));
#12268 = PCURVE('',#7007,#12269);
#12269 = DEFINITIONAL_REPRESENTATION('',(#12270),#12285);
#12270 = B_SPLINE_CURVE_WITH_KNOTS('',4,(#12271,#12272,#12273,#12274,
    #12275,#12276,#12277,#12278,#12279,#12280,#12281,#12282,#12283,
    #12284),.UNSPECIFIED.,.F.,.F.,(5,3,3,3,5),(0.,0.250856813164,
    0.501193024733,0.751220097752,1.),.UNSPECIFIED.);
#12271 = CARTESIAN_POINT('',(8.,0.));
#12272 = CARTESIAN_POINT('',(8.100402888384,6.29396349527E-02));
#12273 = CARTESIAN_POINT('',(8.184324769913,0.12576515322));
#12274 = CARTESIAN_POINT('',(8.251535463995,0.188506375215));
#12275 = CARTESIAN_POINT('',(8.352191325519,0.313746869732));
#12276 = CARTESIAN_POINT('',(8.385706579015,0.376246439779));
#12277 = CARTESIAN_POINT('',(8.402343415476,0.438718552245));
#12278 = CARTESIAN_POINT('',(8.401861098799,0.563586093005));
#12279 = CARTESIAN_POINT('',(8.384783604147,0.625981587908));
#12280 = CARTESIAN_POINT('',(8.350870493255,0.688404967406));
#12281 = CARTESIAN_POINT('',(8.249862665117,0.813051996953));
#12282 = CARTESIAN_POINT('',(8.182934011178,0.875275154054));
#12283 = CARTESIAN_POINT('',(8.099571626009,0.937581459124));
#12284 = CARTESIAN_POINT('',(8.,1.));
#12285 = ( GEOMETRIC_REPRESENTATION_CONTEXT(2) 
PARAMETRIC_REPRESENTATION_CONTEXT() REPRESENTATION_CONTEXT('2D SPACE',''
  ) );
#12286 = PCURVE('',#12233,#12287);
#12287 = DEFINITIONAL_REPRESENTATION('',(#12288),#12303);
#12288 = B_SPLINE_CURVE_WITH_KNOTS('',4,(#12289,#12290,#12291,#12292,
    #12293,#12294,#12295,#12296,#12297,#12298,#12299,#12300,#12301,
    #12302),.UNSPECIFIED.,.F.,.F.,(5,3,3,3,5),(0.,0.250856813164,
    0.501193024733,0.751220097752,1.),.UNSPECIFIED.);
#12289 = CARTESIAN_POINT('',(-3.66144791667,-1.45));
#12290 = CARTESIAN_POINT('',(-3.674533802593,-1.358737529319));
#12291 = CARTESIAN_POINT('',(-3.687643958055,-1.267640527831));
#12292 = CARTESIAN_POINT('',(-3.700772631636,-1.176665755939));
#12293 = CARTESIAN_POINT('',(-3.727027425515,-0.995067038889));
#12294 = CARTESIAN_POINT('',(-3.740153510439,-0.90444266232));
#12295 = CARTESIAN_POINT('',(-3.753285793203,-0.813858099245));
#12296 = CARTESIAN_POINT('',(-3.77953400632,-0.632800165143));
#12297 = CARTESIAN_POINT('',(-3.79264995345,-0.542326697533));
#12298 = CARTESIAN_POINT('',(-3.805759607273,-0.451812797261));
#12299 = CARTESIAN_POINT('',(-3.831888795667,-0.271074604418));
#12300 = CARTESIAN_POINT('',(-3.84490846904,-0.180851026622));
#12301 = CARTESIAN_POINT('',(-3.857909882538,-9.050688427034E-02));
#12302 = CARTESIAN_POINT('',(-3.870887426909,0.));
#12303 = ( GEOMETRIC_REPRESENTATION_CONTEXT(2) 
PARAMETRIC_REPRESENTATION_CONTEXT() REPRESENTATION_CONTEXT('2D SPACE',''
  ) );
#12304 = ORIENTED_EDGE('',*,*,#12305,.F.);
#12305 = EDGE_CURVE('',#6951,#12250,#12306,.T.);
#12306 = SURFACE_CURVE('',#12307,(#12311,#12318),.PCURVE_S1.);
#12307 = LINE('',#12308,#12309);
#12308 = CARTESIAN_POINT('',(-48.46689323193,-43.31235690243,0.));
#12309 = VECTOR('',#12310,1.);
#12310 = DIRECTION('',(-0.745644511261,-0.666343952345,0.));
#12311 = PCURVE('',#7007,#12312);
#12312 = DEFINITIONAL_REPRESENTATION('',(#12313),#12317);
#12313 = LINE('',#12314,#12315);
#12314 = CARTESIAN_POINT('',(0.,1.));
#12315 = VECTOR('',#12316,1.);
#12316 = DIRECTION('',(1.,0.));
#12317 = ( GEOMETRIC_REPRESENTATION_CONTEXT(2) 
PARAMETRIC_REPRESENTATION_CONTEXT() REPRESENTATION_CONTEXT('2D SPACE',''
  ) );
#12318 = PCURVE('',#6966,#12319);
#12319 = DEFINITIONAL_REPRESENTATION('',(#12320),#12324);
#12320 = LINE('',#12321,#12322);
#12321 = CARTESIAN_POINT('',(0.,-0.));
#12322 = VECTOR('',#12323,1.);
#12323 = DIRECTION('',(0.986393923832,0.164398987305));
#12324 = ( GEOMETRIC_REPRESENTATION_CONTEXT(2) 
PARAMETRIC_REPRESENTATION_CONTEXT() REPRESENTATION_CONTEXT('2D SPACE',''
  ) );
#12325 = ADVANCED_FACE('',(#12326),#6966,.T.);
#12326 = FACE_BOUND('',#12327,.T.);
#12327 = EDGE_LOOP('',(#12328,#12329,#12330,#12353));
#12328 = ORIENTED_EDGE('',*,*,#12305,.F.);
#12329 = ORIENTED_EDGE('',*,*,#6950,.F.);
#12330 = ORIENTED_EDGE('',*,*,#12331,.T.);
#12331 = EDGE_CURVE('',#6898,#12332,#12334,.T.);
#12332 = VERTEX_POINT('',#12333);
#12333 = CARTESIAN_POINT('',(-54.43204932202,-48.64310852119,1.45));
#12334 = SURFACE_CURVE('',#12335,(#12339,#12346),.PCURVE_S1.);
#12335 = LINE('',#12336,#12337);
#12336 = CARTESIAN_POINT('',(-48.46689323193,-43.31235690243,1.45));
#12337 = VECTOR('',#12338,1.);
#12338 = DIRECTION('',(-0.745644511261,-0.666343952345,0.));
#12339 = PCURVE('',#6966,#12340);
#12340 = DEFINITIONAL_REPRESENTATION('',(#12341),#12345);
#12341 = LINE('',#12342,#12343);
#12342 = CARTESIAN_POINT('',(0.238378531593,-1.430271189557));
#12343 = VECTOR('',#12344,1.);
#12344 = DIRECTION('',(0.986393923832,0.164398987305));
#12345 = ( GEOMETRIC_REPRESENTATION_CONTEXT(2) 
PARAMETRIC_REPRESENTATION_CONTEXT() REPRESENTATION_CONTEXT('2D SPACE',''
  ) );
#12346 = PCURVE('',#6927,#12347);
#12347 = DEFINITIONAL_REPRESENTATION('',(#12348),#12352);
#12348 = LINE('',#12349,#12350);
#12349 = CARTESIAN_POINT('',(0.,0.));
#12350 = VECTOR('',#12351,1.);
#12351 = DIRECTION('',(1.,0.));
#12352 = ( GEOMETRIC_REPRESENTATION_CONTEXT(2) 
PARAMETRIC_REPRESENTATION_CONTEXT() REPRESENTATION_CONTEXT('2D SPACE',''
  ) );
#12353 = ORIENTED_EDGE('',*,*,#12354,.T.);
#12354 = EDGE_CURVE('',#12332,#12250,#12355,.T.);
#12355 = SURFACE_CURVE('',#12356,(#12360,#12366),.PCURVE_S1.);
#12356 = LINE('',#12357,#12358);
#12357 = CARTESIAN_POINT('',(-54.43204932202,-48.64310852119,0.));
#12358 = VECTOR('',#12359,1.);
#12359 = DIRECTION('',(-0.,-0.,-1.));
#12360 = PCURVE('',#6966,#12361);
#12361 = DEFINITIONAL_REPRESENTATION('',(#12362),#12365);
#12362 = B_SPLINE_CURVE_WITH_KNOTS('',1,(#12363,#12364),.UNSPECIFIED.,
  .F.,.F.,(2,2),(-1.5000006,6.E-07),.PIECEWISE_BEZIER_KNOTS.);
#12363 = CARTESIAN_POINT('',(8.137749970255,-0.164399579142));
#12364 = CARTESIAN_POINT('',(7.891151292018,1.315192490279));
#12365 = ( GEOMETRIC_REPRESENTATION_CONTEXT(2) 
PARAMETRIC_REPRESENTATION_CONTEXT() REPRESENTATION_CONTEXT('2D SPACE',''
  ) );
#12366 = PCURVE('',#12367,#12372);
#12367 = CYLINDRICAL_SURFACE('',#12368,73.);
#12368 = AXIS2_PLACEMENT_3D('',#12369,#12370,#12371);
#12369 = CARTESIAN_POINT('',(0.,0.,0.));
#12370 = DIRECTION('',(-0.,-0.,-1.));
#12371 = DIRECTION('',(1.,0.,0.));
#12372 = DEFINITIONAL_REPRESENTATION('',(#12373),#12376);
#12373 = B_SPLINE_CURVE_WITH_KNOTS('',1,(#12374,#12375),.UNSPECIFIED.,
  .F.,.F.,(2,2),(-1.5000006,6.E-07),.PIECEWISE_BEZIER_KNOTS.);
#12374 = CARTESIAN_POINT('',(-3.870887426909,-1.5000006));
#12375 = CARTESIAN_POINT('',(-3.870887426909,6.E-07));
#12376 = ( GEOMETRIC_REPRESENTATION_CONTEXT(2) 
PARAMETRIC_REPRESENTATION_CONTEXT() REPRESENTATION_CONTEXT('2D SPACE',''
  ) );
#12377 = ADVANCED_FACE('',(#12378),#6927,.F.);
#12378 = FACE_BOUND('',#12379,.F.);
#12379 = EDGE_LOOP('',(#12380,#12381,#12382,#12438));
#12380 = ORIENTED_EDGE('',*,*,#6897,.F.);
#12381 = ORIENTED_EDGE('',*,*,#12331,.T.);
#12382 = ORIENTED_EDGE('',*,*,#12383,.T.);
#12383 = EDGE_CURVE('',#12332,#12384,#12386,.T.);
#12384 = VERTEX_POINT('',#12385);
#12385 = CARTESIAN_POINT('',(-43.12910750808,-58.89719930146,0.));
#12386 = SURFACE_CURVE('',#12387,(#12402,#12420),.PCURVE_S1.);
#12387 = B_SPLINE_CURVE_WITH_KNOTS('',4,(#12388,#12389,#12390,#12391,
    #12392,#12393,#12394,#12395,#12396,#12397,#12398,#12399,#12400,
    #12401),.UNSPECIFIED.,.F.,.F.,(5,3,3,3,5),(0.,0.250856813164,
    0.501193024733,0.751220097742,1.),.UNSPECIFIED.);
#12388 = CARTESIAN_POINT('',(-54.43204932202,-48.64310852119,1.45));
#12389 = CARTESIAN_POINT('',(-53.79551115299,-49.35540010915,
    1.358737529319));
#12390 = CARTESIAN_POINT('',(-53.14536445515,-50.05790678676,
    1.267640527831));
#12391 = CARTESIAN_POINT('',(-52.4820760993,-50.74989592053,
    1.176665755939));
#12392 = CARTESIAN_POINT('',(-51.13177411276,-52.11005764835,
    0.995067038889));
#12393 = CARTESIAN_POINT('',(-50.44481160147,-52.77827797792,
    0.90444266232));
#12394 = CARTESIAN_POINT('',(-49.74591112978,-53.43466420723,
    0.813858099245));
#12395 = CARTESIAN_POINT('',(-48.32644419494,-54.72176473927,
    0.632800165147));
#12396 = CARTESIAN_POINT('',(-47.60590431914,-55.35251086068,
    0.542326697541));
#12397 = CARTESIAN_POINT('',(-46.8747839376,-55.9702488643,
    0.451812797273));
#12398 = CARTESIAN_POINT('',(-45.39653881164,-57.17568796441,
    0.27107460443));
#12399 = CARTESIAN_POINT('',(-44.6495107478,-57.76352434101,
    0.18085102663));
#12400 = CARTESIAN_POINT('',(-43.89344852543,-58.33748939502,
    9.050688427434E-02));
#12401 = CARTESIAN_POINT('',(-43.12910750808,-58.89719930146,0.));
#12402 = PCURVE('',#6927,#12403);
#12403 = DEFINITIONAL_REPRESENTATION('',(#12404),#12419);
#12404 = B_SPLINE_CURVE_WITH_KNOTS('',4,(#12405,#12406,#12407,#12408,
    #12409,#12410,#12411,#12412,#12413,#12414,#12415,#12416,#12417,
    #12418),.UNSPECIFIED.,.F.,.F.,(5,3,3,3,5),(0.,0.250856813164,
    0.501193024733,0.751220097742,1.),.UNSPECIFIED.);
#12405 = CARTESIAN_POINT('',(8.,0.));
#12406 = CARTESIAN_POINT('',(8.100402888384,6.293963495269E-02));
#12407 = CARTESIAN_POINT('',(8.184324769913,0.12576515322));
#12408 = CARTESIAN_POINT('',(8.251535463995,0.188506375215));
#12409 = CARTESIAN_POINT('',(8.352191325519,0.313746869732));
#12410 = CARTESIAN_POINT('',(8.385706579015,0.376246439779));
#12411 = CARTESIAN_POINT('',(8.402343415476,0.438718552245));
#12412 = CARTESIAN_POINT('',(8.401861098799,0.563586093002));
#12413 = CARTESIAN_POINT('',(8.384783604148,0.625981587903));
#12414 = CARTESIAN_POINT('',(8.35087049326,0.688404967398));
#12415 = CARTESIAN_POINT('',(8.249862665125,0.813051996945));
#12416 = CARTESIAN_POINT('',(8.182934011186,0.875275154048));
#12417 = CARTESIAN_POINT('',(8.099571626014,0.937581459121));
#12418 = CARTESIAN_POINT('',(8.,1.));
#12419 = ( GEOMETRIC_REPRESENTATION_CONTEXT(2) 
PARAMETRIC_REPRESENTATION_CONTEXT() REPRESENTATION_CONTEXT('2D SPACE',''
  ) );
#12420 = PCURVE('',#12367,#12421);
#12421 = DEFINITIONAL_REPRESENTATION('',(#12422),#12437);
#12422 = B_SPLINE_CURVE_WITH_KNOTS('',4,(#12423,#12424,#12425,#12426,
    #12427,#12428,#12429,#12430,#12431,#12432,#12433,#12434,#12435,
    #12436),.UNSPECIFIED.,.F.,.F.,(5,3,3,3,5),(0.,0.250856813164,
    0.501193024733,0.751220097742,1.),.UNSPECIFIED.);
#12423 = CARTESIAN_POINT('',(-3.870887426909,-1.45));
#12424 = CARTESIAN_POINT('',(-3.883973312832,-1.358737529319));
#12425 = CARTESIAN_POINT('',(-3.897083468294,-1.267640527831));
#12426 = CARTESIAN_POINT('',(-3.910212141875,-1.176665755939));
#12427 = CARTESIAN_POINT('',(-3.936466935755,-0.995067038889));
#12428 = CARTESIAN_POINT('',(-3.949593020678,-0.90444266232));
#12429 = CARTESIAN_POINT('',(-3.962725303442,-0.813858099245));
#12430 = CARTESIAN_POINT('',(-3.988973516559,-0.632800165147));
#12431 = CARTESIAN_POINT('',(-4.002089463689,-0.542326697541));
#12432 = CARTESIAN_POINT('',(-4.01519911751,-0.451812797273));
#12433 = CARTESIAN_POINT('',(-4.041328305904,-0.27107460443));
#12434 = CARTESIAN_POINT('',(-4.054347979278,-0.18085102663));
#12435 = CARTESIAN_POINT('',(-4.067349392776,-9.050688427434E-02));
#12436 = CARTESIAN_POINT('',(-4.080326937149,0.));
#12437 = ( GEOMETRIC_REPRESENTATION_CONTEXT(2) 
PARAMETRIC_REPRESENTATION_CONTEXT() REPRESENTATION_CONTEXT('2D SPACE',''
  ) );
#12438 = ORIENTED_EDGE('',*,*,#12439,.F.);
#12439 = EDGE_CURVE('',#6871,#12384,#12440,.T.);
#12440 = SURFACE_CURVE('',#12441,(#12445,#12452),.PCURVE_S1.);
#12441 = LINE('',#12442,#12443);
#12442 = CARTESIAN_POINT('',(-38.40262997295,-52.44271170678,0.));
#12443 = VECTOR('',#12444,1.);
#12444 = DIRECTION('',(-0.590809691892,-0.806810949335,0.));
#12445 = PCURVE('',#6927,#12446);
#12446 = DEFINITIONAL_REPRESENTATION('',(#12447),#12451);
#12447 = LINE('',#12448,#12449);
#12448 = CARTESIAN_POINT('',(0.,1.));
#12449 = VECTOR('',#12450,1.);
#12450 = DIRECTION('',(1.,0.));
#12451 = ( GEOMETRIC_REPRESENTATION_CONTEXT(2) 
PARAMETRIC_REPRESENTATION_CONTEXT() REPRESENTATION_CONTEXT('2D SPACE',''
  ) );
#12452 = PCURVE('',#6886,#12453);
#12453 = DEFINITIONAL_REPRESENTATION('',(#12454),#12458);
#12454 = LINE('',#12455,#12456);
#12455 = CARTESIAN_POINT('',(0.,-0.));
#12456 = VECTOR('',#12457,1.);
#12457 = DIRECTION('',(0.986393923832,0.164398987305));
#12458 = ( GEOMETRIC_REPRESENTATION_CONTEXT(2) 
PARAMETRIC_REPRESENTATION_CONTEXT() REPRESENTATION_CONTEXT('2D SPACE',''
  ) );
#12459 = ADVANCED_FACE('',(#12460),#6886,.T.);
#12460 = FACE_BOUND('',#12461,.T.);
#12461 = EDGE_LOOP('',(#12462,#12463,#12464,#12487));
#12462 = ORIENTED_EDGE('',*,*,#12439,.F.);
#12463 = ORIENTED_EDGE('',*,*,#6870,.F.);
#12464 = ORIENTED_EDGE('',*,*,#12465,.T.);
#12465 = EDGE_CURVE('',#6818,#12466,#12468,.T.);
#12466 = VERTEX_POINT('',#12467);
#12467 = CARTESIAN_POINT('',(-43.12910750808,-58.89719930146,1.45));
#12468 = SURFACE_CURVE('',#12469,(#12473,#12480),.PCURVE_S1.);
#12469 = LINE('',#12470,#12471);
#12470 = CARTESIAN_POINT('',(-38.40262997295,-52.44271170678,1.45));
#12471 = VECTOR('',#12472,1.);
#12472 = DIRECTION('',(-0.590809691892,-0.806810949335,0.));
#12473 = PCURVE('',#6886,#12474);
#12474 = DEFINITIONAL_REPRESENTATION('',(#12475),#12479);
#12475 = LINE('',#12476,#12477);
#12476 = CARTESIAN_POINT('',(0.238378531593,-1.430271189557));
#12477 = VECTOR('',#12478,1.);
#12478 = DIRECTION('',(0.986393923832,0.164398987305));
#12479 = ( GEOMETRIC_REPRESENTATION_CONTEXT(2) 
PARAMETRIC_REPRESENTATION_CONTEXT() REPRESENTATION_CONTEXT('2D SPACE',''
  ) );
#12480 = PCURVE('',#6847,#12481);
#12481 = DEFINITIONAL_REPRESENTATION('',(#12482),#12486);
#12482 = LINE('',#12483,#12484);
#12483 = CARTESIAN_POINT('',(0.,0.));
#12484 = VECTOR('',#12485,1.);
#12485 = DIRECTION('',(1.,0.));
#12486 = ( GEOMETRIC_REPRESENTATION_CONTEXT(2) 
PARAMETRIC_REPRESENTATION_CONTEXT() REPRESENTATION_CONTEXT('2D SPACE',''
  ) );
#12487 = ORIENTED_EDGE('',*,*,#12488,.T.);
#12488 = EDGE_CURVE('',#12466,#12384,#12489,.T.);
#12489 = SURFACE_CURVE('',#12490,(#12494,#12500),.PCURVE_S1.);
#12490 = LINE('',#12491,#12492);
#12491 = CARTESIAN_POINT('',(-43.12910750808,-58.89719930146,0.));
#12492 = VECTOR('',#12493,1.);
#12493 = DIRECTION('',(-0.,-0.,-1.));
#12494 = PCURVE('',#6886,#12495);
#12495 = DEFINITIONAL_REPRESENTATION('',(#12496),#12499);
#12496 = B_SPLINE_CURVE_WITH_KNOTS('',1,(#12497,#12498),.UNSPECIFIED.,
  .F.,.F.,(2,2),(-1.5000006,6.E-07),.PIECEWISE_BEZIER_KNOTS.);
#12497 = CARTESIAN_POINT('',(8.137749970255,-0.164399579142));
#12498 = CARTESIAN_POINT('',(7.891151292018,1.315192490279));
#12499 = ( GEOMETRIC_REPRESENTATION_CONTEXT(2) 
PARAMETRIC_REPRESENTATION_CONTEXT() REPRESENTATION_CONTEXT('2D SPACE',''
  ) );
#12500 = PCURVE('',#12501,#12506);
#12501 = CYLINDRICAL_SURFACE('',#12502,73.);
#12502 = AXIS2_PLACEMENT_3D('',#12503,#12504,#12505);
#12503 = CARTESIAN_POINT('',(0.,0.,0.));
#12504 = DIRECTION('',(-0.,-0.,-1.));
#12505 = DIRECTION('',(1.,0.,0.));
#12506 = DEFINITIONAL_REPRESENTATION('',(#12507),#12510);
#12507 = B_SPLINE_CURVE_WITH_KNOTS('',1,(#12508,#12509),.UNSPECIFIED.,
  .F.,.F.,(2,2),(-1.5000006,6.E-07),.PIECEWISE_BEZIER_KNOTS.);
#12508 = CARTESIAN_POINT('',(-4.080326937149,-1.5000006));
#12509 = CARTESIAN_POINT('',(-4.080326937149,6.E-07));
#12510 = ( GEOMETRIC_REPRESENTATION_CONTEXT(2) 
PARAMETRIC_REPRESENTATION_CONTEXT() REPRESENTATION_CONTEXT('2D SPACE',''
  ) );
#12511 = ADVANCED_FACE('',(#12512),#6847,.F.);
#12512 = FACE_BOUND('',#12513,.F.);
#12513 = EDGE_LOOP('',(#12514,#12515,#12516,#12572));
#12514 = ORIENTED_EDGE('',*,*,#6817,.F.);
#12515 = ORIENTED_EDGE('',*,*,#12465,.T.);
#12516 = ORIENTED_EDGE('',*,*,#12517,.T.);
#12517 = EDGE_CURVE('',#12466,#12518,#12520,.T.);
#12518 = VERTEX_POINT('',#12519);
#12519 = CARTESIAN_POINT('',(-29.94121673962,-66.57719985213,0.));
#12520 = SURFACE_CURVE('',#12521,(#12536,#12554),.PCURVE_S1.);
#12521 = B_SPLINE_CURVE_WITH_KNOTS('',4,(#12522,#12523,#12524,#12525,
    #12526,#12527,#12528,#12529,#12530,#12531,#12532,#12533,#12534,
    #12535),.UNSPECIFIED.,.F.,.F.,(5,3,3,3,5),(0.,0.250856813164,
    0.501193024733,0.751220097742,1.),.UNSPECIFIED.);
#12522 = CARTESIAN_POINT('',(-43.12910750808,-58.89719930146,1.45));
#12523 = CARTESIAN_POINT('',(-42.35838547687,-59.46158188225,
    1.358737529319));
#12524 = CARTESIAN_POINT('',(-41.5763866931,-60.01356400423,
    1.267640527831));
#12525 = CARTESIAN_POINT('',(-40.78372014839,-60.55252611159,
    1.176665755939));
#12526 = CARTESIAN_POINT('',(-39.18013197538,-61.60222147313,
    0.995067038889));
#12527 = CARTESIAN_POINT('',(-38.3692504246,-62.11301204801,
    0.90444266232));
#12528 = CARTESIAN_POINT('',(-37.54915223431,-62.60974508458,
    0.813858099245));
#12529 = CARTESIAN_POINT('',(-35.8931008098,-63.57359561142,
    0.632800165147));
#12530 = CARTESIAN_POINT('',(-35.05716696648,-64.04074975287,
    0.542326697541));
#12531 = CARTESIAN_POINT('',(-34.21358836661,-64.49298022428,
    0.451812797273));
#12532 = CARTESIAN_POINT('',(-32.51702156187,-65.3647331443,
    0.27107460443));
#12533 = CARTESIAN_POINT('',(-31.66409979857,-65.78440801785,
    0.18085102663));
#12534 = CARTESIAN_POINT('',(-30.8052253049,-66.18863638332,
    9.050688427432E-02));
#12535 = CARTESIAN_POINT('',(-29.94121673962,-66.57719985213,0.));
#12536 = PCURVE('',#6847,#12537);
#12537 = DEFINITIONAL_REPRESENTATION('',(#12538),#12553);
#12538 = B_SPLINE_CURVE_WITH_KNOTS('',4,(#12539,#12540,#12541,#12542,
    #12543,#12544,#12545,#12546,#12547,#12548,#12549,#12550,#12551,
    #12552),.UNSPECIFIED.,.F.,.F.,(5,3,3,3,5),(0.,0.250856813164,
    0.501193024733,0.751220097742,1.),.UNSPECIFIED.);
#12539 = CARTESIAN_POINT('',(8.,0.));
#12540 = CARTESIAN_POINT('',(8.100402888384,6.293963495269E-02));
#12541 = CARTESIAN_POINT('',(8.184324769913,0.12576515322));
#12542 = CARTESIAN_POINT('',(8.251535463995,0.188506375215));
#12543 = CARTESIAN_POINT('',(8.352191325519,0.313746869732));
#12544 = CARTESIAN_POINT('',(8.385706579015,0.376246439779));
#12545 = CARTESIAN_POINT('',(8.402343415476,0.438718552245));
#12546 = CARTESIAN_POINT('',(8.401861098799,0.563586093002));
#12547 = CARTESIAN_POINT('',(8.384783604148,0.625981587903));
#12548 = CARTESIAN_POINT('',(8.35087049326,0.688404967398));
#12549 = CARTESIAN_POINT('',(8.249862665125,0.813051996945));
#12550 = CARTESIAN_POINT('',(8.182934011186,0.875275154048));
#12551 = CARTESIAN_POINT('',(8.099571626014,0.937581459121));
#12552 = CARTESIAN_POINT('',(8.,1.));
#12553 = ( GEOMETRIC_REPRESENTATION_CONTEXT(2) 
PARAMETRIC_REPRESENTATION_CONTEXT() REPRESENTATION_CONTEXT('2D SPACE',''
  ) );
#12554 = PCURVE('',#12501,#12555);
#12555 = DEFINITIONAL_REPRESENTATION('',(#12556),#12571);
#12556 = B_SPLINE_CURVE_WITH_KNOTS('',4,(#12557,#12558,#12559,#12560,
    #12561,#12562,#12563,#12564,#12565,#12566,#12567,#12568,#12569,
    #12570),.UNSPECIFIED.,.F.,.F.,(5,3,3,3,5),(0.,0.250856813164,
    0.501193024733,0.751220097742,1.),.UNSPECIFIED.);
#12557 = CARTESIAN_POINT('',(-4.080326937149,-1.45));
#12558 = CARTESIAN_POINT('',(-4.093412823071,-1.358737529319));
#12559 = CARTESIAN_POINT('',(-4.106522978533,-1.267640527831));
#12560 = CARTESIAN_POINT('',(-4.119651652114,-1.176665755939));
#12561 = CARTESIAN_POINT('',(-4.145906445994,-0.995067038889));
#12562 = CARTESIAN_POINT('',(-4.159032530917,-0.90444266232));
#12563 = CARTESIAN_POINT('',(-4.172164813682,-0.813858099245));
#12564 = CARTESIAN_POINT('',(-4.198413026798,-0.632800165147));
#12565 = CARTESIAN_POINT('',(-4.211528973928,-0.542326697541));
#12566 = CARTESIAN_POINT('',(-4.22463862775,-0.451812797273));
#12567 = CARTESIAN_POINT('',(-4.250767816143,-0.27107460443));
#12568 = CARTESIAN_POINT('',(-4.263787489518,-0.18085102663));
#12569 = CARTESIAN_POINT('',(-4.276788903016,-9.050688427432E-02));
#12570 = CARTESIAN_POINT('',(-4.289766447388,0.));
#12571 = ( GEOMETRIC_REPRESENTATION_CONTEXT(2) 
PARAMETRIC_REPRESENTATION_CONTEXT() REPRESENTATION_CONTEXT('2D SPACE',''
  ) );
#12572 = ORIENTED_EDGE('',*,*,#12573,.F.);
#12573 = EDGE_CURVE('',#6791,#12518,#12574,.T.);
#12574 = SURFACE_CURVE('',#12575,(#12579,#12586),.PCURVE_S1.);
#12575 = LINE('',#12576,#12577);
#12576 = CARTESIAN_POINT('',(-26.65998750788,-59.28106836148,0.));
#12577 = VECTOR('',#12578,1.);
#12578 = DIRECTION('',(-0.410153653967,-0.912016436331,0.));
#12579 = PCURVE('',#6847,#12580);
#12580 = DEFINITIONAL_REPRESENTATION('',(#12581),#12585);
#12581 = LINE('',#12582,#12583);
#12582 = CARTESIAN_POINT('',(0.,1.));
#12583 = VECTOR('',#12584,1.);
#12584 = DIRECTION('',(1.,0.));
#12585 = ( GEOMETRIC_REPRESENTATION_CONTEXT(2) 
PARAMETRIC_REPRESENTATION_CONTEXT() REPRESENTATION_CONTEXT('2D SPACE',''
  ) );
#12586 = PCURVE('',#6806,#12587);
#12587 = DEFINITIONAL_REPRESENTATION('',(#12588),#12592);
#12588 = LINE('',#12589,#12590);
#12589 = CARTESIAN_POINT('',(0.,-0.));
#12590 = VECTOR('',#12591,1.);
#12591 = DIRECTION('',(0.986393923832,0.164398987305));
#12592 = ( GEOMETRIC_REPRESENTATION_CONTEXT(2) 
PARAMETRIC_REPRESENTATION_CONTEXT() REPRESENTATION_CONTEXT('2D SPACE',''
  ) );
#12593 = ADVANCED_FACE('',(#12594),#6806,.T.);
#12594 = FACE_BOUND('',#12595,.T.);
#12595 = EDGE_LOOP('',(#12596,#12597,#12598,#12621));
#12596 = ORIENTED_EDGE('',*,*,#12573,.F.);
#12597 = ORIENTED_EDGE('',*,*,#6790,.F.);
#12598 = ORIENTED_EDGE('',*,*,#12599,.T.);
#12599 = EDGE_CURVE('',#6738,#12600,#12602,.T.);
#12600 = VERTEX_POINT('',#12601);
#12601 = CARTESIAN_POINT('',(-29.94121673962,-66.57719985213,1.45));
#12602 = SURFACE_CURVE('',#12603,(#12607,#12614),.PCURVE_S1.);
#12603 = LINE('',#12604,#12605);
#12604 = CARTESIAN_POINT('',(-26.65998750788,-59.28106836148,1.45));
#12605 = VECTOR('',#12606,1.);
#12606 = DIRECTION('',(-0.410153653967,-0.912016436331,0.));
#12607 = PCURVE('',#6806,#12608);
#12608 = DEFINITIONAL_REPRESENTATION('',(#12609),#12613);
#12609 = LINE('',#12610,#12611);
#12610 = CARTESIAN_POINT('',(0.238378531593,-1.430271189557));
#12611 = VECTOR('',#12612,1.);
#12612 = DIRECTION('',(0.986393923832,0.164398987305));
#12613 = ( GEOMETRIC_REPRESENTATION_CONTEXT(2) 
PARAMETRIC_REPRESENTATION_CONTEXT() REPRESENTATION_CONTEXT('2D SPACE',''
  ) );
#12614 = PCURVE('',#6767,#12615);
#12615 = DEFINITIONAL_REPRESENTATION('',(#12616),#12620);
#12616 = LINE('',#12617,#12618);
#12617 = CARTESIAN_POINT('',(0.,0.));
#12618 = VECTOR('',#12619,1.);
#12619 = DIRECTION('',(1.,0.));
#12620 = ( GEOMETRIC_REPRESENTATION_CONTEXT(2) 
PARAMETRIC_REPRESENTATION_CONTEXT() REPRESENTATION_CONTEXT('2D SPACE',''
  ) );
#12621 = ORIENTED_EDGE('',*,*,#12622,.T.);
#12622 = EDGE_CURVE('',#12600,#12518,#12623,.T.);
#12623 = SURFACE_CURVE('',#12624,(#12628,#12634),.PCURVE_S1.);
#12624 = LINE('',#12625,#12626);
#12625 = CARTESIAN_POINT('',(-29.94121673962,-66.57719985213,
    -2.399226777948E-30));
#12626 = VECTOR('',#12627,1.);
#12627 = DIRECTION('',(-0.,-0.,-1.));
#12628 = PCURVE('',#6806,#12629);
#12629 = DEFINITIONAL_REPRESENTATION('',(#12630),#12633);
#12630 = B_SPLINE_CURVE_WITH_KNOTS('',1,(#12631,#12632),.UNSPECIFIED.,
  .F.,.F.,(2,2),(-1.5000006,6.E-07),.PIECEWISE_BEZIER_KNOTS.);
#12631 = CARTESIAN_POINT('',(8.137749970255,-0.164399579142));
#12632 = CARTESIAN_POINT('',(7.891151292018,1.315192490279));
#12633 = ( GEOMETRIC_REPRESENTATION_CONTEXT(2) 
PARAMETRIC_REPRESENTATION_CONTEXT() REPRESENTATION_CONTEXT('2D SPACE',''
  ) );
#12634 = PCURVE('',#12635,#12640);
#12635 = CYLINDRICAL_SURFACE('',#12636,73.);
#12636 = AXIS2_PLACEMENT_3D('',#12637,#12638,#12639);
#12637 = CARTESIAN_POINT('',(0.,0.,0.));
#12638 = DIRECTION('',(-0.,-0.,-1.));
#12639 = DIRECTION('',(1.,0.,0.));
#12640 = DEFINITIONAL_REPRESENTATION('',(#12641),#12644);
#12641 = B_SPLINE_CURVE_WITH_KNOTS('',1,(#12642,#12643),.UNSPECIFIED.,
  .F.,.F.,(2,2),(-1.5000006,6.E-07),.PIECEWISE_BEZIER_KNOTS.);
#12642 = CARTESIAN_POINT('',(-4.289766447388,-1.5000006));
#12643 = CARTESIAN_POINT('',(-4.289766447388,6.E-07));
#12644 = ( GEOMETRIC_REPRESENTATION_CONTEXT(2) 
PARAMETRIC_REPRESENTATION_CONTEXT() REPRESENTATION_CONTEXT('2D SPACE',''
  ) );
#12645 = ADVANCED_FACE('',(#12646),#6767,.F.);
#12646 = FACE_BOUND('',#12647,.F.);
#12647 = EDGE_LOOP('',(#12648,#12649,#12650,#12706));
#12648 = ORIENTED_EDGE('',*,*,#6737,.F.);
#12649 = ORIENTED_EDGE('',*,*,#12599,.T.);
#12650 = ORIENTED_EDGE('',*,*,#12651,.T.);
#12651 = EDGE_CURVE('',#12600,#12652,#12654,.T.);
#12652 = VERTEX_POINT('',#12653);
#12653 = CARTESIAN_POINT('',(-15.44475112574,-71.34745729641,0.));
#12654 = SURFACE_CURVE('',#12655,(#12670,#12688),.PCURVE_S1.);
#12655 = B_SPLINE_CURVE_WITH_KNOTS('',4,(#12656,#12657,#12658,#12659,
    #12660,#12661,#12662,#12663,#12664,#12665,#12666,#12667,#12668,
    #12669),.UNSPECIFIED.,.F.,.F.,(5,3,3,3,5),(0.,0.250856813164,
    0.501193024733,0.751220097752,1.),.UNSPECIFIED.);
#12656 = CARTESIAN_POINT('',(-29.94121673962,-66.57719985213,1.45));
#12657 = CARTESIAN_POINT('',(-29.06999509732,-66.96900719876,
    1.358737529319));
#12658 = CARTESIAN_POINT('',(-28.19032132692,-67.34634049767,
    1.267640527831));
#12659 = CARTESIAN_POINT('',(-27.302919925,-67.70872034832,
    1.176665755939));
#12660 = CARTESIAN_POINT('',(-25.51613006354,-68.40207261928,
    0.995067038889));
#12661 = CARTESIAN_POINT('',(-24.61676888809,-68.7331094403,
    0.90444266232));
#12662 = CARTESIAN_POINT('',(-23.71131520537,-69.04847966685,
    0.813858099245));
#12663 = CARTESIAN_POINT('',(-21.89105668503,-69.6469552954,
    0.632800165143));
#12664 = CARTESIAN_POINT('',(-20.97626319435,-69.93010057927,
    0.542326697533));
#12665 = CARTESIAN_POINT('',(-20.05709480886,-70.19705887683,
    0.451812797261));
#12666 = CARTESIAN_POINT('',(-18.21635443575,-70.69702583102,
    0.271074604418));
#12667 = CARTESIAN_POINT('',(-17.29481574685,-70.93019739572,
    0.180851026622));
#12668 = CARTESIAN_POINT('',(-16.37066591863,-71.14702235336,
    9.050688427036E-02));
#12669 = CARTESIAN_POINT('',(-15.44475112574,-71.34745729641,0.));
#12670 = PCURVE('',#6767,#12671);
#12671 = DEFINITIONAL_REPRESENTATION('',(#12672),#12687);
#12672 = B_SPLINE_CURVE_WITH_KNOTS('',4,(#12673,#12674,#12675,#12676,
    #12677,#12678,#12679,#12680,#12681,#12682,#12683,#12684,#12685,
    #12686),.UNSPECIFIED.,.F.,.F.,(5,3,3,3,5),(0.,0.250856813164,
    0.501193024733,0.751220097752,1.),.UNSPECIFIED.);
#12673 = CARTESIAN_POINT('',(8.,0.));
#12674 = CARTESIAN_POINT('',(8.100402888384,6.293963495269E-02));
#12675 = CARTESIAN_POINT('',(8.184324769913,0.12576515322));
#12676 = CARTESIAN_POINT('',(8.251535463995,0.188506375215));
#12677 = CARTESIAN_POINT('',(8.352191325519,0.313746869732));
#12678 = CARTESIAN_POINT('',(8.385706579015,0.376246439779));
#12679 = CARTESIAN_POINT('',(8.402343415476,0.438718552245));
#12680 = CARTESIAN_POINT('',(8.401861098799,0.563586093005));
#12681 = CARTESIAN_POINT('',(8.384783604147,0.625981587908));
#12682 = CARTESIAN_POINT('',(8.350870493255,0.688404967406));
#12683 = CARTESIAN_POINT('',(8.249862665117,0.813051996953));
#12684 = CARTESIAN_POINT('',(8.182934011178,0.875275154054));
#12685 = CARTESIAN_POINT('',(8.099571626009,0.937581459124));
#12686 = CARTESIAN_POINT('',(8.,1.));
#12687 = ( GEOMETRIC_REPRESENTATION_CONTEXT(2) 
PARAMETRIC_REPRESENTATION_CONTEXT() REPRESENTATION_CONTEXT('2D SPACE',''
  ) );
#12688 = PCURVE('',#12635,#12689);
#12689 = DEFINITIONAL_REPRESENTATION('',(#12690),#12705);
#12690 = B_SPLINE_CURVE_WITH_KNOTS('',4,(#12691,#12692,#12693,#12694,
    #12695,#12696,#12697,#12698,#12699,#12700,#12701,#12702,#12703,
    #12704),.UNSPECIFIED.,.F.,.F.,(5,3,3,3,5),(0.,0.250856813164,
    0.501193024733,0.751220097752,1.),.UNSPECIFIED.);
#12691 = CARTESIAN_POINT('',(-4.289766447388,-1.45));
#12692 = CARTESIAN_POINT('',(-4.302852333311,-1.358737529319));
#12693 = CARTESIAN_POINT('',(-4.315962488773,-1.267640527831));
#12694 = CARTESIAN_POINT('',(-4.329091162354,-1.176665755939));
#12695 = CARTESIAN_POINT('',(-4.355345956233,-0.995067038889));
#12696 = CARTESIAN_POINT('',(-4.368472041157,-0.90444266232));
#12697 = CARTESIAN_POINT('',(-4.381604323921,-0.813858099245));
#12698 = CARTESIAN_POINT('',(-4.407852537038,-0.632800165143));
#12699 = CARTESIAN_POINT('',(-4.420968484168,-0.542326697533));
#12700 = CARTESIAN_POINT('',(-4.434078137991,-0.451812797261));
#12701 = CARTESIAN_POINT('',(-4.460207326385,-0.271074604418));
#12702 = CARTESIAN_POINT('',(-4.473226999758,-0.180851026622));
#12703 = CARTESIAN_POINT('',(-4.486228413255,-9.050688427036E-02));
#12704 = CARTESIAN_POINT('',(-4.499205957627,0.));
#12705 = ( GEOMETRIC_REPRESENTATION_CONTEXT(2) 
PARAMETRIC_REPRESENTATION_CONTEXT() REPRESENTATION_CONTEXT('2D SPACE',''
  ) );
#12706 = ORIENTED_EDGE('',*,*,#12707,.F.);
#12707 = EDGE_CURVE('',#6711,#12652,#12708,.T.);
#12708 = SURFACE_CURVE('',#12709,(#12713,#12720),.PCURVE_S1.);
#12709 = LINE('',#12710,#12711);
#12710 = CARTESIAN_POINT('',(-13.75217565991,-63.52855786667,0.));
#12711 = VECTOR('',#12712,1.);
#12712 = DIRECTION('',(-0.211571933229,-0.977362428718,0.));
#12713 = PCURVE('',#6767,#12714);
#12714 = DEFINITIONAL_REPRESENTATION('',(#12715),#12719);
#12715 = LINE('',#12716,#12717);
#12716 = CARTESIAN_POINT('',(0.,1.));
#12717 = VECTOR('',#12718,1.);
#12718 = DIRECTION('',(1.,0.));
#12719 = ( GEOMETRIC_REPRESENTATION_CONTEXT(2) 
PARAMETRIC_REPRESENTATION_CONTEXT() REPRESENTATION_CONTEXT('2D SPACE',''
  ) );
#12720 = PCURVE('',#6726,#12721);
#12721 = DEFINITIONAL_REPRESENTATION('',(#12722),#12726);
#12722 = LINE('',#12723,#12724);
#12723 = CARTESIAN_POINT('',(0.,-0.));
#12724 = VECTOR('',#12725,1.);
#12725 = DIRECTION('',(0.986393923832,0.164398987305));
#12726 = ( GEOMETRIC_REPRESENTATION_CONTEXT(2) 
PARAMETRIC_REPRESENTATION_CONTEXT() REPRESENTATION_CONTEXT('2D SPACE',''
  ) );
#12727 = ADVANCED_FACE('',(#12728),#6726,.T.);
#12728 = FACE_BOUND('',#12729,.T.);
#12729 = EDGE_LOOP('',(#12730,#12731,#12732,#12755));
#12730 = ORIENTED_EDGE('',*,*,#12707,.F.);
#12731 = ORIENTED_EDGE('',*,*,#6710,.F.);
#12732 = ORIENTED_EDGE('',*,*,#12733,.T.);
#12733 = EDGE_CURVE('',#6658,#12734,#12736,.T.);
#12734 = VERTEX_POINT('',#12735);
#12735 = CARTESIAN_POINT('',(-15.44475112574,-71.34745729641,1.45));
#12736 = SURFACE_CURVE('',#12737,(#12741,#12748),.PCURVE_S1.);
#12737 = LINE('',#12738,#12739);
#12738 = CARTESIAN_POINT('',(-13.75217565991,-63.52855786667,1.45));
#12739 = VECTOR('',#12740,1.);
#12740 = DIRECTION('',(-0.211571933229,-0.977362428718,0.));
#12741 = PCURVE('',#6726,#12742);
#12742 = DEFINITIONAL_REPRESENTATION('',(#12743),#12747);
#12743 = LINE('',#12744,#12745);
#12744 = CARTESIAN_POINT('',(0.238378531593,-1.430271189557));
#12745 = VECTOR('',#12746,1.);
#12746 = DIRECTION('',(0.986393923832,0.164398987305));
#12747 = ( GEOMETRIC_REPRESENTATION_CONTEXT(2) 
PARAMETRIC_REPRESENTATION_CONTEXT() REPRESENTATION_CONTEXT('2D SPACE',''
  ) );
#12748 = PCURVE('',#6687,#12749);
#12749 = DEFINITIONAL_REPRESENTATION('',(#12750),#12754);
#12750 = LINE('',#12751,#12752);
#12751 = CARTESIAN_POINT('',(0.,0.));
#12752 = VECTOR('',#12753,1.);
#12753 = DIRECTION('',(1.,0.));
#12754 = ( GEOMETRIC_REPRESENTATION_CONTEXT(2) 
PARAMETRIC_REPRESENTATION_CONTEXT() REPRESENTATION_CONTEXT('2D SPACE',''
  ) );
#12755 = ORIENTED_EDGE('',*,*,#12756,.T.);
#12756 = EDGE_CURVE('',#12734,#12652,#12757,.T.);
#12757 = SURFACE_CURVE('',#12758,(#12762,#12768),.PCURVE_S1.);
#12758 = LINE('',#12759,#12760);
#12759 = CARTESIAN_POINT('',(-15.44475112574,-71.34745729641,0.));
#12760 = VECTOR('',#12761,1.);
#12761 = DIRECTION('',(-0.,-0.,-1.));
#12762 = PCURVE('',#6726,#12763);
#12763 = DEFINITIONAL_REPRESENTATION('',(#12764),#12767);
#12764 = B_SPLINE_CURVE_WITH_KNOTS('',1,(#12765,#12766),.UNSPECIFIED.,
  .F.,.F.,(2,2),(-1.5000006,6.E-07),.PIECEWISE_BEZIER_KNOTS.);
#12765 = CARTESIAN_POINT('',(8.137749970255,-0.164399579142));
#12766 = CARTESIAN_POINT('',(7.891151292018,1.315192490279));
#12767 = ( GEOMETRIC_REPRESENTATION_CONTEXT(2) 
PARAMETRIC_REPRESENTATION_CONTEXT() REPRESENTATION_CONTEXT('2D SPACE',''
  ) );
#12768 = PCURVE('',#12769,#12774);
#12769 = CYLINDRICAL_SURFACE('',#12770,73.);
#12770 = AXIS2_PLACEMENT_3D('',#12771,#12772,#12773);
#12771 = CARTESIAN_POINT('',(0.,0.,0.));
#12772 = DIRECTION('',(-0.,-0.,-1.));
#12773 = DIRECTION('',(1.,0.,0.));
#12774 = DEFINITIONAL_REPRESENTATION('',(#12775),#12778);
#12775 = B_SPLINE_CURVE_WITH_KNOTS('',1,(#12776,#12777),.UNSPECIFIED.,
  .F.,.F.,(2,2),(-1.5000006,6.E-07),.PIECEWISE_BEZIER_KNOTS.);
#12776 = CARTESIAN_POINT('',(-4.499205957627,-1.5000006));
#12777 = CARTESIAN_POINT('',(-4.499205957627,6.E-07));
#12778 = ( GEOMETRIC_REPRESENTATION_CONTEXT(2) 
PARAMETRIC_REPRESENTATION_CONTEXT() REPRESENTATION_CONTEXT('2D SPACE',''
  ) );
#12779 = ADVANCED_FACE('',(#12780),#6687,.F.);
#12780 = FACE_BOUND('',#12781,.F.);
#12781 = EDGE_LOOP('',(#12782,#12783,#12784,#12840));
#12782 = ORIENTED_EDGE('',*,*,#6657,.F.);
#12783 = ORIENTED_EDGE('',*,*,#12733,.T.);
#12784 = ORIENTED_EDGE('',*,*,#12785,.T.);
#12785 = EDGE_CURVE('',#12734,#12786,#12788,.T.);
#12786 = VERTEX_POINT('',#12787);
#12787 = CARTESIAN_POINT('',(-0.273275775537,-72.99948849375,0.));
#12788 = SURFACE_CURVE('',#12789,(#12804,#12822),.PCURVE_S1.);
#12789 = B_SPLINE_CURVE_WITH_KNOTS('',4,(#12790,#12791,#12792,#12793,
    #12794,#12795,#12796,#12797,#12798,#12799,#12800,#12801,#12802,
    #12803),.UNSPECIFIED.,.F.,.F.,(5,3,3,3,5),(0.,0.250856813164,
    0.501193024733,0.751220097741,1.),.UNSPECIFIED.);
#12790 = CARTESIAN_POINT('',(-15.44475112574,-71.34745729641,1.45));
#12791 = CARTESIAN_POINT('',(-14.5111064387,-71.54956554774,
    1.358737529319));
#12792 = CARTESIAN_POINT('',(-13.57220364658,-71.73575874778,
    1.267640527831));
#12793 = CARTESIAN_POINT('',(-12.62885108694,-71.90571860333,
    1.176665755939));
#12794 = CARTESIAN_POINT('',(-10.73695082795,-72.2124249624,
    0.995067038889));
#12795 = CARTESIAN_POINT('',(-9.788416426816,-72.349240132,0.90444266232
    ));
#12796 = CARTESIAN_POINT('',(-8.837179922448,-72.46946435631,
    0.813858099245));
#12797 = CARTESIAN_POINT('',(-6.932268338256,-72.67640882978,
    0.632800165147));
#12798 = CARTESIAN_POINT('',(-5.978596065506,-72.76317044846,
    0.542326697541));
#12799 = CARTESIAN_POINT('',(-5.024009963594,-72.83318921354,
    0.451812797273));
#12800 = CARTESIAN_POINT('',(-3.119545209262,-72.93951924689,
    0.27107460443));
#12801 = CARTESIAN_POINT('',(-2.169665257417,-72.9759967865,
    0.18085102663));
#12802 = CARTESIAN_POINT('',(-1.220629876633,-72.99594204525,
    9.050688427433E-02));
#12803 = CARTESIAN_POINT('',(-0.273275775535,-72.99948849375,0.));
#12804 = PCURVE('',#6687,#12805);
#12805 = DEFINITIONAL_REPRESENTATION('',(#12806),#12821);
#12806 = B_SPLINE_CURVE_WITH_KNOTS('',4,(#12807,#12808,#12809,#12810,
    #12811,#12812,#12813,#12814,#12815,#12816,#12817,#12818,#12819,
    #12820),.UNSPECIFIED.,.F.,.F.,(5,3,3,3,5),(0.,0.250856813164,
    0.501193024733,0.751220097741,1.),.UNSPECIFIED.);
#12807 = CARTESIAN_POINT('',(8.,0.));
#12808 = CARTESIAN_POINT('',(8.100402888384,6.29396349527E-02));
#12809 = CARTESIAN_POINT('',(8.184324769913,0.12576515322));
#12810 = CARTESIAN_POINT('',(8.251535463995,0.188506375215));
#12811 = CARTESIAN_POINT('',(8.352191325519,0.313746869732));
#12812 = CARTESIAN_POINT('',(8.385706579015,0.376246439779));
#12813 = CARTESIAN_POINT('',(8.402343415476,0.438718552245));
#12814 = CARTESIAN_POINT('',(8.401861098799,0.563586093002));
#12815 = CARTESIAN_POINT('',(8.384783604148,0.625981587903));
#12816 = CARTESIAN_POINT('',(8.35087049326,0.688404967398));
#12817 = CARTESIAN_POINT('',(8.249862665125,0.813051996945));
#12818 = CARTESIAN_POINT('',(8.182934011186,0.875275154048));
#12819 = CARTESIAN_POINT('',(8.099571626014,0.937581459121));
#12820 = CARTESIAN_POINT('',(8.,1.));
#12821 = ( GEOMETRIC_REPRESENTATION_CONTEXT(2) 
PARAMETRIC_REPRESENTATION_CONTEXT() REPRESENTATION_CONTEXT('2D SPACE',''
  ) );
#12822 = PCURVE('',#12769,#12823);
#12823 = DEFINITIONAL_REPRESENTATION('',(#12824),#12839);
#12824 = B_SPLINE_CURVE_WITH_KNOTS('',4,(#12825,#12826,#12827,#12828,
    #12829,#12830,#12831,#12832,#12833,#12834,#12835,#12836,#12837,
    #12838),.UNSPECIFIED.,.F.,.F.,(5,3,3,3,5),(0.,0.250856813164,
    0.501193024733,0.751220097741,1.),.UNSPECIFIED.);
#12825 = CARTESIAN_POINT('',(-4.499205957627,-1.45));
#12826 = CARTESIAN_POINT('',(-4.51229184355,-1.358737529319));
#12827 = CARTESIAN_POINT('',(-4.525401999012,-1.267640527831));
#12828 = CARTESIAN_POINT('',(-4.538530672593,-1.176665755939));
#12829 = CARTESIAN_POINT('',(-4.564785466473,-0.995067038889));
#12830 = CARTESIAN_POINT('',(-4.577911551396,-0.90444266232));
#12831 = CARTESIAN_POINT('',(-4.59104383416,-0.813858099245));
#12832 = CARTESIAN_POINT('',(-4.617292047277,-0.632800165147));
#12833 = CARTESIAN_POINT('',(-4.630407994407,-0.542326697541));
#12834 = CARTESIAN_POINT('',(-4.643517648228,-0.451812797273));
#12835 = CARTESIAN_POINT('',(-4.669646836622,-0.27107460443));
#12836 = CARTESIAN_POINT('',(-4.682666509996,-0.18085102663));
#12837 = CARTESIAN_POINT('',(-4.695667923494,-9.050688427433E-02));
#12838 = CARTESIAN_POINT('',(-4.708645467867,0.));
#12839 = ( GEOMETRIC_REPRESENTATION_CONTEXT(2) 
PARAMETRIC_REPRESENTATION_CONTEXT() REPRESENTATION_CONTEXT('2D SPACE',''
  ) );
#12840 = ORIENTED_EDGE('',*,*,#12841,.F.);
#12841 = EDGE_CURVE('',#6631,#12786,#12842,.T.);
#12842 = SURFACE_CURVE('',#12843,(#12847,#12854),.PCURVE_S1.);
#12843 = LINE('',#12844,#12845);
#12844 = CARTESIAN_POINT('',(-0.24332774534,-64.99954454923,0.));
#12845 = VECTOR('',#12846,1.);
#12846 = DIRECTION('',(-3.743503774454E-03,-0.999992993065,0.));
#12847 = PCURVE('',#6687,#12848);
#12848 = DEFINITIONAL_REPRESENTATION('',(#12849),#12853);
#12849 = LINE('',#12850,#12851);
#12850 = CARTESIAN_POINT('',(0.,1.));
#12851 = VECTOR('',#12852,1.);
#12852 = DIRECTION('',(1.,0.));
#12853 = ( GEOMETRIC_REPRESENTATION_CONTEXT(2) 
PARAMETRIC_REPRESENTATION_CONTEXT() REPRESENTATION_CONTEXT('2D SPACE',''
  ) );
#12854 = PCURVE('',#6646,#12855);
#12855 = DEFINITIONAL_REPRESENTATION('',(#12856),#12860);
#12856 = LINE('',#12857,#12858);
#12857 = CARTESIAN_POINT('',(0.,-0.));
#12858 = VECTOR('',#12859,1.);
#12859 = DIRECTION('',(0.986393923832,0.164398987305));
#12860 = ( GEOMETRIC_REPRESENTATION_CONTEXT(2) 
PARAMETRIC_REPRESENTATION_CONTEXT() REPRESENTATION_CONTEXT('2D SPACE',''
  ) );
#12861 = ADVANCED_FACE('',(#12862),#6646,.T.);
#12862 = FACE_BOUND('',#12863,.T.);
#12863 = EDGE_LOOP('',(#12864,#12865,#12866,#12889));
#12864 = ORIENTED_EDGE('',*,*,#12841,.F.);
#12865 = ORIENTED_EDGE('',*,*,#6630,.F.);
#12866 = ORIENTED_EDGE('',*,*,#12867,.T.);
#12867 = EDGE_CURVE('',#6578,#12868,#12870,.T.);
#12868 = VERTEX_POINT('',#12869);
#12869 = CARTESIAN_POINT('',(-0.273275775535,-72.99948849375,1.45));
#12870 = SURFACE_CURVE('',#12871,(#12875,#12882),.PCURVE_S1.);
#12871 = LINE('',#12872,#12873);
#12872 = CARTESIAN_POINT('',(-0.24332774534,-64.99954454923,1.45));
#12873 = VECTOR('',#12874,1.);
#12874 = DIRECTION('',(-3.743503774454E-03,-0.999992993065,0.));
#12875 = PCURVE('',#6646,#12876);
#12876 = DEFINITIONAL_REPRESENTATION('',(#12877),#12881);
#12877 = LINE('',#12878,#12879);
#12878 = CARTESIAN_POINT('',(0.238378531593,-1.430271189557));
#12879 = VECTOR('',#12880,1.);
#12880 = DIRECTION('',(0.986393923832,0.164398987305));
#12881 = ( GEOMETRIC_REPRESENTATION_CONTEXT(2) 
PARAMETRIC_REPRESENTATION_CONTEXT() REPRESENTATION_CONTEXT('2D SPACE',''
  ) );
#12882 = PCURVE('',#6607,#12883);
#12883 = DEFINITIONAL_REPRESENTATION('',(#12884),#12888);
#12884 = LINE('',#12885,#12886);
#12885 = CARTESIAN_POINT('',(0.,0.));
#12886 = VECTOR('',#12887,1.);
#12887 = DIRECTION('',(1.,0.));
#12888 = ( GEOMETRIC_REPRESENTATION_CONTEXT(2) 
PARAMETRIC_REPRESENTATION_CONTEXT() REPRESENTATION_CONTEXT('2D SPACE',''
  ) );
#12889 = ORIENTED_EDGE('',*,*,#12890,.T.);
#12890 = EDGE_CURVE('',#12868,#12786,#12891,.T.);
#12891 = SURFACE_CURVE('',#12892,(#12896,#12902),.PCURVE_S1.);
#12892 = LINE('',#12893,#12894);
#12893 = CARTESIAN_POINT('',(-0.273275775535,-72.99948849375,0.));
#12894 = VECTOR('',#12895,1.);
#12895 = DIRECTION('',(-0.,-0.,-1.));
#12896 = PCURVE('',#6646,#12897);
#12897 = DEFINITIONAL_REPRESENTATION('',(#12898),#12901);
#12898 = B_SPLINE_CURVE_WITH_KNOTS('',1,(#12899,#12900),.UNSPECIFIED.,
  .F.,.F.,(2,2),(-1.5000006,6.E-07),.PIECEWISE_BEZIER_KNOTS.);
#12899 = CARTESIAN_POINT('',(8.137749970255,-0.164399579142));
#12900 = CARTESIAN_POINT('',(7.891151292018,1.315192490279));
#12901 = ( GEOMETRIC_REPRESENTATION_CONTEXT(2) 
PARAMETRIC_REPRESENTATION_CONTEXT() REPRESENTATION_CONTEXT('2D SPACE',''
  ) );
#12902 = PCURVE('',#12903,#12908);
#12903 = CYLINDRICAL_SURFACE('',#12904,73.);
#12904 = AXIS2_PLACEMENT_3D('',#12905,#12906,#12907);
#12905 = CARTESIAN_POINT('',(0.,0.,0.));
#12906 = DIRECTION('',(-0.,-0.,-1.));
#12907 = DIRECTION('',(1.,0.,0.));
#12908 = DEFINITIONAL_REPRESENTATION('',(#12909),#12912);
#12909 = B_SPLINE_CURVE_WITH_KNOTS('',1,(#12910,#12911),.UNSPECIFIED.,
  .F.,.F.,(2,2),(-1.5000006,6.E-07),.PIECEWISE_BEZIER_KNOTS.);
#12910 = CARTESIAN_POINT('',(-4.708645467867,-1.5000006));
#12911 = CARTESIAN_POINT('',(-4.708645467867,6.E-07));
#12912 = ( GEOMETRIC_REPRESENTATION_CONTEXT(2) 
PARAMETRIC_REPRESENTATION_CONTEXT() REPRESENTATION_CONTEXT('2D SPACE',''
  ) );
#12913 = ADVANCED_FACE('',(#12914),#6607,.F.);
#12914 = FACE_BOUND('',#12915,.F.);
#12915 = EDGE_LOOP('',(#12916,#12917,#12918,#12974));
#12916 = ORIENTED_EDGE('',*,*,#6577,.F.);
#12917 = ORIENTED_EDGE('',*,*,#12867,.T.);
#12918 = ORIENTED_EDGE('',*,*,#12919,.T.);
#12919 = EDGE_CURVE('',#12868,#12920,#12922,.T.);
#12920 = VERTEX_POINT('',#12921);
#12921 = CARTESIAN_POINT('',(14.91014303739,-71.46109175351,0.));
#12922 = SURFACE_CURVE('',#12923,(#12938,#12956),.PCURVE_S1.);
#12923 = B_SPLINE_CURVE_WITH_KNOTS('',4,(#12924,#12925,#12926,#12927,
    #12928,#12929,#12930,#12931,#12932,#12933,#12934,#12935,#12936,
    #12937),.UNSPECIFIED.,.F.,.F.,(5,3,3,3,5),(0.,0.250856813164,
    0.501193024692,0.751220097631,1.),.UNSPECIFIED.);
#12924 = CARTESIAN_POINT('',(-0.273275775535,-72.99948849375,1.45));
#12925 = CARTESIAN_POINT('',(0.681987203293,-73.00306454938,
    1.358737529319));
#12926 = CARTESIAN_POINT('',(1.639084459772,-72.98998011424,
    1.267640527831));
#12927 = CARTESIAN_POINT('',(2.597159143566,-72.96009191346,
    1.176665755939));
#12928 = CARTESIAN_POINT('',(4.511484680262,-72.86674782102,
    0.995067038904));
#12929 = CARTESIAN_POINT('',(5.467736802034,-72.80336185978,
    0.90444266235));
#12930 = CARTESIAN_POINT('',(6.423182528105,-72.72318570636,
    0.81385809929));
#12931 = CARTESIAN_POINT('',(8.329493398757,-72.52955455831,
    0.632800165233));
#12932 = CARTESIAN_POINT('',(9.28036439881,-72.41614061278,
    0.542326697651));
#12933 = CARTESIAN_POINT('',(10.228648223665,-72.28615968942,
    0.451812797408));
#12934 = CARTESIAN_POINT('',(12.113603110984,-71.99420566928,
    0.271074604551));
#12935 = CARTESIAN_POINT('',(13.050310014225,-71.83239494021,
    0.18085102671));
#12936 = CARTESIAN_POINT('',(13.982753547839,-71.65458879647,
    9.050688431467E-02));
#12937 = CARTESIAN_POINT('',(14.910143037391,-71.46109175351,0.));
#12938 = PCURVE('',#6607,#12939);
#12939 = DEFINITIONAL_REPRESENTATION('',(#12940),#12955);
#12940 = B_SPLINE_CURVE_WITH_KNOTS('',4,(#12941,#12942,#12943,#12944,
    #12945,#12946,#12947,#12948,#12949,#12950,#12951,#12952,#12953,
    #12954),.UNSPECIFIED.,.F.,.F.,(5,3,3,3,5),(0.,0.250856813164,
    0.501193024692,0.751220097631,1.),.UNSPECIFIED.);
#12941 = CARTESIAN_POINT('',(8.,0.));
#12942 = CARTESIAN_POINT('',(8.100402888384,6.293963495269E-02));
#12943 = CARTESIAN_POINT('',(8.184324769913,0.12576515322));
#12944 = CARTESIAN_POINT('',(8.251535463995,0.188506375215));
#12945 = CARTESIAN_POINT('',(8.35219132551,0.313746869721));
#12946 = CARTESIAN_POINT('',(8.385706579004,0.376246439759));
#12947 = CARTESIAN_POINT('',(8.402343415468,0.438718552214));
#12948 = CARTESIAN_POINT('',(8.401861098808,0.563586092943));
#12949 = CARTESIAN_POINT('',(8.384783604175,0.625981587827));
#12950 = CARTESIAN_POINT('',(8.350870493313,0.688404967305));
#12951 = CARTESIAN_POINT('',(8.249862665215,0.813051996861));
#12952 = CARTESIAN_POINT('',(8.18293401126,0.875275153993));
#12953 = CARTESIAN_POINT('',(8.099571626058,0.937581459093));
#12954 = CARTESIAN_POINT('',(8.,1.));
#12955 = ( GEOMETRIC_REPRESENTATION_CONTEXT(2) 
PARAMETRIC_REPRESENTATION_CONTEXT() REPRESENTATION_CONTEXT('2D SPACE',''
  ) );
#12956 = PCURVE('',#12903,#12957);
#12957 = DEFINITIONAL_REPRESENTATION('',(#12958),#12973);
#12958 = B_SPLINE_CURVE_WITH_KNOTS('',4,(#12959,#12960,#12961,#12962,
    #12963,#12964,#12965,#12966,#12967,#12968,#12969,#12970,#12971,
    #12972),.UNSPECIFIED.,.F.,.F.,(5,3,3,3,5),(0.,0.250856813164,
    0.501193024692,0.751220097631,1.),.UNSPECIFIED.);
#12959 = CARTESIAN_POINT('',(-4.708645467867,-1.45));
#12960 = CARTESIAN_POINT('',(-4.721731353789,-1.358737529319));
#12961 = CARTESIAN_POINT('',(-4.734841509251,-1.267640527831));
#12962 = CARTESIAN_POINT('',(-4.747970182832,-1.176665755939));
#12963 = CARTESIAN_POINT('',(-4.77422497671,-0.995067038904));
#12964 = CARTESIAN_POINT('',(-4.787351061631,-0.90444266235));
#12965 = CARTESIAN_POINT('',(-4.800483344393,-0.81385809929));
#12966 = CARTESIAN_POINT('',(-4.826731557504,-0.632800165233));
#12967 = CARTESIAN_POINT('',(-4.83984750463,-0.542326697651));
#12968 = CARTESIAN_POINT('',(-4.852957158448,-0.451812797408));
#12969 = CARTESIAN_POINT('',(-4.879086346844,-0.271074604551));
#12970 = CARTESIAN_POINT('',(-4.892106020224,-0.18085102671));
#12971 = CARTESIAN_POINT('',(-4.905107433728,-9.050688431467E-02));
#12972 = CARTESIAN_POINT('',(-4.918084978106,0.));
#12973 = ( GEOMETRIC_REPRESENTATION_CONTEXT(2) 
PARAMETRIC_REPRESENTATION_CONTEXT() REPRESENTATION_CONTEXT('2D SPACE',''
  ) );
#12974 = ORIENTED_EDGE('',*,*,#12975,.F.);
#12975 = EDGE_CURVE('',#6551,#12920,#12976,.T.);
#12976 = SURFACE_CURVE('',#12977,(#12981,#12988),.PCURVE_S1.);
#12977 = LINE('',#12978,#12979);
#12978 = CARTESIAN_POINT('',(13.276154759321,-63.62973923258,0.));
#12979 = VECTOR('',#12980,1.);
#12980 = DIRECTION('',(0.204248534759,-0.978919065117,0.));
#12981 = PCURVE('',#6607,#12982);
#12982 = DEFINITIONAL_REPRESENTATION('',(#12983),#12987);
#12983 = LINE('',#12984,#12985);
#12984 = CARTESIAN_POINT('',(0.,1.));
#12985 = VECTOR('',#12986,1.);
#12986 = DIRECTION('',(1.,0.));
#12987 = ( GEOMETRIC_REPRESENTATION_CONTEXT(2) 
PARAMETRIC_REPRESENTATION_CONTEXT() REPRESENTATION_CONTEXT('2D SPACE',''
  ) );
#12988 = PCURVE('',#6566,#12989);
#12989 = DEFINITIONAL_REPRESENTATION('',(#12990),#12994);
#12990 = LINE('',#12991,#12992);
#12991 = CARTESIAN_POINT('',(0.,0.));
#12992 = VECTOR('',#12993,1.);
#12993 = DIRECTION('',(0.986393923832,0.164398987305));
#12994 = ( GEOMETRIC_REPRESENTATION_CONTEXT(2) 
PARAMETRIC_REPRESENTATION_CONTEXT() REPRESENTATION_CONTEXT('2D SPACE',''
  ) );
#12995 = ADVANCED_FACE('',(#12996),#6566,.T.);
#12996 = FACE_BOUND('',#12997,.T.);
#12997 = EDGE_LOOP('',(#12998,#12999,#13000,#13023));
#12998 = ORIENTED_EDGE('',*,*,#12975,.F.);
#12999 = ORIENTED_EDGE('',*,*,#6550,.F.);
#13000 = ORIENTED_EDGE('',*,*,#13001,.T.);
#13001 = EDGE_CURVE('',#6498,#13002,#13004,.T.);
#13002 = VERTEX_POINT('',#13003);
#13003 = CARTESIAN_POINT('',(14.910143037391,-71.46109175351,1.45));
#13004 = SURFACE_CURVE('',#13005,(#13009,#13016),.PCURVE_S1.);
#13005 = LINE('',#13006,#13007);
#13006 = CARTESIAN_POINT('',(13.276154759321,-63.62973923258,1.45));
#13007 = VECTOR('',#13008,1.);
#13008 = DIRECTION('',(0.204248534759,-0.978919065117,0.));
#13009 = PCURVE('',#6566,#13010);
#13010 = DEFINITIONAL_REPRESENTATION('',(#13011),#13015);
#13011 = LINE('',#13012,#13013);
#13012 = CARTESIAN_POINT('',(0.238378531593,-1.430271189557));
#13013 = VECTOR('',#13014,1.);
#13014 = DIRECTION('',(0.986393923832,0.164398987305));
#13015 = ( GEOMETRIC_REPRESENTATION_CONTEXT(2) 
PARAMETRIC_REPRESENTATION_CONTEXT() REPRESENTATION_CONTEXT('2D SPACE',''
  ) );
#13016 = PCURVE('',#6527,#13017);
#13017 = DEFINITIONAL_REPRESENTATION('',(#13018),#13022);
#13018 = LINE('',#13019,#13020);
#13019 = CARTESIAN_POINT('',(0.,0.));
#13020 = VECTOR('',#13021,1.);
#13021 = DIRECTION('',(1.,0.));
#13022 = ( GEOMETRIC_REPRESENTATION_CONTEXT(2) 
PARAMETRIC_REPRESENTATION_CONTEXT() REPRESENTATION_CONTEXT('2D SPACE',''
  ) );
#13023 = ORIENTED_EDGE('',*,*,#13024,.T.);
#13024 = EDGE_CURVE('',#13002,#12920,#13025,.T.);
#13025 = SURFACE_CURVE('',#13026,(#13030,#13036),.PCURVE_S1.);
#13026 = LINE('',#13027,#13028);
#13027 = CARTESIAN_POINT('',(14.910143037391,-71.46109175351,
    2.999033472435E-31));
#13028 = VECTOR('',#13029,1.);
#13029 = DIRECTION('',(-0.,-0.,-1.));
#13030 = PCURVE('',#6566,#13031);
#13031 = DEFINITIONAL_REPRESENTATION('',(#13032),#13035);
#13032 = B_SPLINE_CURVE_WITH_KNOTS('',1,(#13033,#13034),.UNSPECIFIED.,
  .F.,.F.,(2,2),(-1.5000006,6.E-07),.PIECEWISE_BEZIER_KNOTS.);
#13033 = CARTESIAN_POINT('',(8.137749970255,-0.164399579142));
#13034 = CARTESIAN_POINT('',(7.891151292018,1.315192490279));
#13035 = ( GEOMETRIC_REPRESENTATION_CONTEXT(2) 
PARAMETRIC_REPRESENTATION_CONTEXT() REPRESENTATION_CONTEXT('2D SPACE',''
  ) );
#13036 = PCURVE('',#13037,#13042);
#13037 = CYLINDRICAL_SURFACE('',#13038,73.);
#13038 = AXIS2_PLACEMENT_3D('',#13039,#13040,#13041);
#13039 = CARTESIAN_POINT('',(0.,0.,0.));
#13040 = DIRECTION('',(-0.,-0.,-1.));
#13041 = DIRECTION('',(1.,0.,0.));
#13042 = DEFINITIONAL_REPRESENTATION('',(#13043),#13046);
#13043 = B_SPLINE_CURVE_WITH_KNOTS('',1,(#13044,#13045),.UNSPECIFIED.,
  .F.,.F.,(2,2),(-1.5000006,6.E-07),.PIECEWISE_BEZIER_KNOTS.);
#13044 = CARTESIAN_POINT('',(-4.918084978106,-1.5000006));
#13045 = CARTESIAN_POINT('',(-4.918084978106,6.E-07));
#13046 = ( GEOMETRIC_REPRESENTATION_CONTEXT(2) 
PARAMETRIC_REPRESENTATION_CONTEXT() REPRESENTATION_CONTEXT('2D SPACE',''
  ) );
#13047 = ADVANCED_FACE('',(#13048),#6527,.F.);
#13048 = FACE_BOUND('',#13049,.F.);
#13049 = EDGE_LOOP('',(#13050,#13051,#13052,#13108));
#13050 = ORIENTED_EDGE('',*,*,#6497,.F.);
#13051 = ORIENTED_EDGE('',*,*,#13001,.T.);
#13052 = ORIENTED_EDGE('',*,*,#13053,.T.);
#13053 = EDGE_CURVE('',#13002,#13054,#13056,.T.);
#13054 = VERTEX_POINT('',#13055);
#13055 = CARTESIAN_POINT('',(29.441917052779,-66.79950239528,0.));
#13056 = SURFACE_CURVE('',#13057,(#13072,#13090),.PCURVE_S1.);
#13057 = B_SPLINE_CURVE_WITH_KNOTS('',4,(#13058,#13059,#13060,#13061,
    #13062,#13063,#13064,#13065,#13066,#13067,#13068,#13069,#13070,
    #13071),.UNSPECIFIED.,.F.,.F.,(5,3,3,3,5),(0.,0.250856813164,
    0.501193024733,0.751220097738,1.),.UNSPECIFIED.);
#13058 = CARTESIAN_POINT('',(14.910143037391,-71.46109175351,1.45));
#13059 = CARTESIAN_POINT('',(15.845274731972,-71.26597932264,
    1.358737529319));
#13060 = CARTESIAN_POINT('',(16.778736710034,-71.05418910493,
    1.267640527831));
#13061 = CARTESIAN_POINT('',(17.709661056951,-70.82575910561,
    1.176665755939));
#13062 = CARTESIAN_POINT('',(19.56274665976,-70.33644414639,
    0.995067038889));
#13063 = CARTESIAN_POINT('',(20.484923696145,-70.07562732496,
    0.90444266232));
#13064 = CARTESIAN_POINT('',(21.402821081265,-69.79855487641,
    0.813858099245));
#13065 = CARTESIAN_POINT('',(23.227216306646,-69.21281071703,
    0.632800165148));
#13066 = CARTESIAN_POINT('',(24.133728409014,-68.90417794086,
    0.542326697543));
#13067 = CARTESIAN_POINT('',(25.034265403792,-68.57987811903,
    0.451812797276));
#13068 = CARTESIAN_POINT('',(26.817328850179,-67.90239983699,
    0.271074604434));
#13069 = CARTESIAN_POINT('',(27.699924117514,-67.54937274466,
    0.180851026632));
#13070 = CARTESIAN_POINT('',(28.575023546371,-67.18158618025,
    9.050688427551E-02));
#13071 = CARTESIAN_POINT('',(29.441917052778,-66.79950239528,0.));
#13072 = PCURVE('',#6527,#13073);
#13073 = DEFINITIONAL_REPRESENTATION('',(#13074),#13089);
#13074 = B_SPLINE_CURVE_WITH_KNOTS('',4,(#13075,#13076,#13077,#13078,
    #13079,#13080,#13081,#13082,#13083,#13084,#13085,#13086,#13087,
    #13088),.UNSPECIFIED.,.F.,.F.,(5,3,3,3,5),(0.,0.250856813164,
    0.501193024733,0.751220097738,1.),.UNSPECIFIED.);
#13075 = CARTESIAN_POINT('',(8.,0.));
#13076 = CARTESIAN_POINT('',(8.100402888384,6.293963495269E-02));
#13077 = CARTESIAN_POINT('',(8.184324769913,0.12576515322));
#13078 = CARTESIAN_POINT('',(8.251535463995,0.188506375215));
#13079 = CARTESIAN_POINT('',(8.352191325519,0.313746869732));
#13080 = CARTESIAN_POINT('',(8.385706579015,0.376246439779));
#13081 = CARTESIAN_POINT('',(8.402343415476,0.438718552245));
#13082 = CARTESIAN_POINT('',(8.401861098799,0.563586093001));
#13083 = CARTESIAN_POINT('',(8.384783604149,0.625981587901));
#13084 = CARTESIAN_POINT('',(8.350870493261,0.688404967396));
#13085 = CARTESIAN_POINT('',(8.249862665128,0.813051996942));
#13086 = CARTESIAN_POINT('',(8.182934011188,0.875275154047));
#13087 = CARTESIAN_POINT('',(8.099571626015,0.93758145912));
#13088 = CARTESIAN_POINT('',(8.,1.));
#13089 = ( GEOMETRIC_REPRESENTATION_CONTEXT(2) 
PARAMETRIC_REPRESENTATION_CONTEXT() REPRESENTATION_CONTEXT('2D SPACE',''
  ) );
#13090 = PCURVE('',#13037,#13091);
#13091 = DEFINITIONAL_REPRESENTATION('',(#13092),#13107);
#13092 = B_SPLINE_CURVE_WITH_KNOTS('',4,(#13093,#13094,#13095,#13096,
    #13097,#13098,#13099,#13100,#13101,#13102,#13103,#13104,#13105,
    #13106),.UNSPECIFIED.,.F.,.F.,(5,3,3,3,5),(0.,0.250856813164,
    0.501193024733,0.751220097738,1.),.UNSPECIFIED.);
#13093 = CARTESIAN_POINT('',(-4.918084978106,-1.45));
#13094 = CARTESIAN_POINT('',(-4.931170864029,-1.358737529319));
#13095 = CARTESIAN_POINT('',(-4.944281019491,-1.267640527831));
#13096 = CARTESIAN_POINT('',(-4.957409693072,-1.176665755939));
#13097 = CARTESIAN_POINT('',(-4.983664486951,-0.995067038889));
#13098 = CARTESIAN_POINT('',(-4.996790571874,-0.90444266232));
#13099 = CARTESIAN_POINT('',(-5.009922854639,-0.813858099245));
#13100 = CARTESIAN_POINT('',(-5.036171067755,-0.632800165148));
#13101 = CARTESIAN_POINT('',(-5.049287014885,-0.542326697543));
#13102 = CARTESIAN_POINT('',(-5.062396668707,-0.451812797276));
#13103 = CARTESIAN_POINT('',(-5.0885258571,-0.271074604434));
#13104 = CARTESIAN_POINT('',(-5.101545530475,-0.180851026632));
#13105 = CARTESIAN_POINT('',(-5.114546943973,-9.050688427551E-02));
#13106 = CARTESIAN_POINT('',(-5.127524488345,0.));
#13107 = ( GEOMETRIC_REPRESENTATION_CONTEXT(2) 
PARAMETRIC_REPRESENTATION_CONTEXT() REPRESENTATION_CONTEXT('2D SPACE',''
  ) );
#13108 = ORIENTED_EDGE('',*,*,#13109,.F.);
#13109 = EDGE_CURVE('',#6471,#13054,#13110,.T.);
#13110 = SURFACE_CURVE('',#13111,(#13115,#13122),.PCURVE_S1.);
#13111 = LINE('',#13112,#13113);
#13112 = CARTESIAN_POINT('',(26.21540559494,-59.4790089821,0.));
#13113 = VECTOR('',#13114,1.);
#13114 = DIRECTION('',(0.40331393223,-0.915061676648,0.));
#13115 = PCURVE('',#6527,#13116);
#13116 = DEFINITIONAL_REPRESENTATION('',(#13117),#13121);
#13117 = LINE('',#13118,#13119);
#13118 = CARTESIAN_POINT('',(0.,1.));
#13119 = VECTOR('',#13120,1.);
#13120 = DIRECTION('',(1.,0.));
#13121 = ( GEOMETRIC_REPRESENTATION_CONTEXT(2) 
PARAMETRIC_REPRESENTATION_CONTEXT() REPRESENTATION_CONTEXT('2D SPACE',''
  ) );
#13122 = PCURVE('',#6486,#13123);
#13123 = DEFINITIONAL_REPRESENTATION('',(#13124),#13128);
#13124 = LINE('',#13125,#13126);
#13125 = CARTESIAN_POINT('',(0.,0.));
#13126 = VECTOR('',#13127,1.);
#13127 = DIRECTION('',(0.986393923832,0.164398987305));
#13128 = ( GEOMETRIC_REPRESENTATION_CONTEXT(2) 
PARAMETRIC_REPRESENTATION_CONTEXT() REPRESENTATION_CONTEXT('2D SPACE',''
  ) );
#13129 = ADVANCED_FACE('',(#13130),#6486,.T.);
#13130 = FACE_BOUND('',#13131,.T.);
#13131 = EDGE_LOOP('',(#13132,#13133,#13134,#13157));
#13132 = ORIENTED_EDGE('',*,*,#13109,.F.);
#13133 = ORIENTED_EDGE('',*,*,#6470,.F.);
#13134 = ORIENTED_EDGE('',*,*,#13135,.T.);
#13135 = EDGE_CURVE('',#6418,#13136,#13138,.T.);
#13136 = VERTEX_POINT('',#13137);
#13137 = CARTESIAN_POINT('',(29.441917052778,-66.79950239528,1.45));
#13138 = SURFACE_CURVE('',#13139,(#13143,#13150),.PCURVE_S1.);
#13139 = LINE('',#13140,#13141);
#13140 = CARTESIAN_POINT('',(26.21540559494,-59.4790089821,1.45));
#13141 = VECTOR('',#13142,1.);
#13142 = DIRECTION('',(0.40331393223,-0.915061676648,0.));
#13143 = PCURVE('',#6486,#13144);
#13144 = DEFINITIONAL_REPRESENTATION('',(#13145),#13149);
#13145 = LINE('',#13146,#13147);
#13146 = CARTESIAN_POINT('',(0.238378531593,-1.430271189557));
#13147 = VECTOR('',#13148,1.);
#13148 = DIRECTION('',(0.986393923832,0.164398987305));
#13149 = ( GEOMETRIC_REPRESENTATION_CONTEXT(2) 
PARAMETRIC_REPRESENTATION_CONTEXT() REPRESENTATION_CONTEXT('2D SPACE',''
  ) );
#13150 = PCURVE('',#6447,#13151);
#13151 = DEFINITIONAL_REPRESENTATION('',(#13152),#13156);
#13152 = LINE('',#13153,#13154);
#13153 = CARTESIAN_POINT('',(0.,0.));
#13154 = VECTOR('',#13155,1.);
#13155 = DIRECTION('',(1.,0.));
#13156 = ( GEOMETRIC_REPRESENTATION_CONTEXT(2) 
PARAMETRIC_REPRESENTATION_CONTEXT() REPRESENTATION_CONTEXT('2D SPACE',''
  ) );
#13157 = ORIENTED_EDGE('',*,*,#13158,.T.);
#13158 = EDGE_CURVE('',#13136,#13054,#13159,.T.);
#13159 = SURFACE_CURVE('',#13160,(#13164,#13170),.PCURVE_S1.);
#13160 = LINE('',#13161,#13162);
#13161 = CARTESIAN_POINT('',(29.441917052778,-66.79950239528,
    4.798453555896E-30));
#13162 = VECTOR('',#13163,1.);
#13163 = DIRECTION('',(-0.,-0.,-1.));
#13164 = PCURVE('',#6486,#13165);
#13165 = DEFINITIONAL_REPRESENTATION('',(#13166),#13169);
#13166 = B_SPLINE_CURVE_WITH_KNOTS('',1,(#13167,#13168),.UNSPECIFIED.,
  .F.,.F.,(2,2),(-1.5000006,6.E-07),.PIECEWISE_BEZIER_KNOTS.);
#13167 = CARTESIAN_POINT('',(8.137749970255,-0.164399579142));
#13168 = CARTESIAN_POINT('',(7.891151292018,1.315192490279));
#13169 = ( GEOMETRIC_REPRESENTATION_CONTEXT(2) 
PARAMETRIC_REPRESENTATION_CONTEXT() REPRESENTATION_CONTEXT('2D SPACE',''
  ) );
#13170 = PCURVE('',#13171,#13176);
#13171 = CYLINDRICAL_SURFACE('',#13172,73.);
#13172 = AXIS2_PLACEMENT_3D('',#13173,#13174,#13175);
#13173 = CARTESIAN_POINT('',(0.,0.,0.));
#13174 = DIRECTION('',(-0.,-0.,-1.));
#13175 = DIRECTION('',(1.,0.,0.));
#13176 = DEFINITIONAL_REPRESENTATION('',(#13177),#13180);
#13177 = B_SPLINE_CURVE_WITH_KNOTS('',1,(#13178,#13179),.UNSPECIFIED.,
  .F.,.F.,(2,2),(-1.5000006,6.E-07),.PIECEWISE_BEZIER_KNOTS.);
#13178 = CARTESIAN_POINT('',(-5.127524488345,-1.5000006));
#13179 = CARTESIAN_POINT('',(-5.127524488345,6.E-07));
#13180 = ( GEOMETRIC_REPRESENTATION_CONTEXT(2) 
PARAMETRIC_REPRESENTATION_CONTEXT() REPRESENTATION_CONTEXT('2D SPACE',''
  ) );
#13181 = ADVANCED_FACE('',(#13182),#6447,.F.);
#13182 = FACE_BOUND('',#13183,.F.);
#13183 = EDGE_LOOP('',(#13184,#13185,#13186,#13242));
#13184 = ORIENTED_EDGE('',*,*,#6417,.F.);
#13185 = ORIENTED_EDGE('',*,*,#13135,.T.);
#13186 = ORIENTED_EDGE('',*,*,#13187,.T.);
#13187 = EDGE_CURVE('',#13136,#13188,#13190,.T.);
#13188 = VERTEX_POINT('',#13189);
#13189 = CARTESIAN_POINT('',(42.686938014965,-59.21845424279,0.));
#13190 = SURFACE_CURVE('',#13191,(#13206,#13224),.PCURVE_S1.);
#13191 = B_SPLINE_CURVE_WITH_KNOTS('',4,(#13192,#13193,#13194,#13195,
    #13196,#13197,#13198,#13199,#13200,#13201,#13202,#13203,#13204,
    #13205),.UNSPECIFIED.,.F.,.F.,(5,3,3,3,5),(0.,0.250856813164,
    0.501193024733,0.751220097753,1.),.UNSPECIFIED.);
#13192 = CARTESIAN_POINT('',(29.441917052778,-66.79950239528,1.45));
#13193 = CARTESIAN_POINT('',(30.316047720801,-66.41422882739,
    1.358737529319));
#13194 = CARTESIAN_POINT('',(31.185077652755,-66.0129890759,
    1.267640527831));
#13195 = CARTESIAN_POINT('',(32.048165801765,-65.59600076514,
    1.176665755939));
#13196 = CARTESIAN_POINT('',(33.759022737595,-64.73210035087,
    0.995067038889));
#13197 = CARTESIAN_POINT('',(34.606821126847,-64.28525161588,
    0.90444266232));
#13198 = CARTESIAN_POINT('',(35.447053650566,-63.82339226777,
    0.813858099245));
#13199 = CARTESIAN_POINT('',(37.109798404546,-62.87113492757,
    0.632800165143));
#13200 = CARTESIAN_POINT('',(37.932332680224,-62.38077205408,
    0.542326697533));
#13201 = CARTESIAN_POINT('',(38.745765056796,-61.87632679218,
    0.451812797261));
#13202 = CARTESIAN_POINT('',(40.34900863372,-60.84293330007,
    0.271074604418));
#13203 = CARTESIAN_POINT('',(41.138918617166,-60.3141188224,
    0.180851026622));
#13204 = CARTESIAN_POINT('',(41.918427897394,-59.77242587498,
    9.050688427036E-02));
#13205 = CARTESIAN_POINT('',(42.686938014967,-59.21845424279,0.));
#13206 = PCURVE('',#6447,#13207);
#13207 = DEFINITIONAL_REPRESENTATION('',(#13208),#13223);
#13208 = B_SPLINE_CURVE_WITH_KNOTS('',4,(#13209,#13210,#13211,#13212,
    #13213,#13214,#13215,#13216,#13217,#13218,#13219,#13220,#13221,
    #13222),.UNSPECIFIED.,.F.,.F.,(5,3,3,3,5),(0.,0.250856813164,
    0.501193024733,0.751220097753,1.),.UNSPECIFIED.);
#13209 = CARTESIAN_POINT('',(8.,0.));
#13210 = CARTESIAN_POINT('',(8.100402888384,6.29396349527E-02));
#13211 = CARTESIAN_POINT('',(8.184324769913,0.12576515322));
#13212 = CARTESIAN_POINT('',(8.251535463995,0.188506375215));
#13213 = CARTESIAN_POINT('',(8.352191325519,0.313746869732));
#13214 = CARTESIAN_POINT('',(8.385706579015,0.376246439779));
#13215 = CARTESIAN_POINT('',(8.402343415476,0.438718552245));
#13216 = CARTESIAN_POINT('',(8.401861098799,0.563586093005));
#13217 = CARTESIAN_POINT('',(8.384783604147,0.625981587908));
#13218 = CARTESIAN_POINT('',(8.350870493255,0.688404967406));
#13219 = CARTESIAN_POINT('',(8.249862665117,0.813051996953));
#13220 = CARTESIAN_POINT('',(8.182934011178,0.875275154054));
#13221 = CARTESIAN_POINT('',(8.099571626009,0.937581459124));
#13222 = CARTESIAN_POINT('',(8.,1.));
#13223 = ( GEOMETRIC_REPRESENTATION_CONTEXT(2) 
PARAMETRIC_REPRESENTATION_CONTEXT() REPRESENTATION_CONTEXT('2D SPACE',''
  ) );
#13224 = PCURVE('',#13171,#13225);
#13225 = DEFINITIONAL_REPRESENTATION('',(#13226),#13241);
#13226 = B_SPLINE_CURVE_WITH_KNOTS('',4,(#13227,#13228,#13229,#13230,
    #13231,#13232,#13233,#13234,#13235,#13236,#13237,#13238,#13239,
    #13240),.UNSPECIFIED.,.F.,.F.,(5,3,3,3,5),(0.,0.250856813164,
    0.501193024733,0.751220097753,1.),.UNSPECIFIED.);
#13227 = CARTESIAN_POINT('',(-5.127524488345,-1.45));
#13228 = CARTESIAN_POINT('',(-5.140610374268,-1.358737529319));
#13229 = CARTESIAN_POINT('',(-5.15372052973,-1.267640527831));
#13230 = CARTESIAN_POINT('',(-5.166849203311,-1.176665755939));
#13231 = CARTESIAN_POINT('',(-5.193103997191,-0.995067038889));
#13232 = CARTESIAN_POINT('',(-5.206230082114,-0.90444266232));
#13233 = CARTESIAN_POINT('',(-5.219362364878,-0.813858099245));
#13234 = CARTESIAN_POINT('',(-5.245610577995,-0.632800165143));
#13235 = CARTESIAN_POINT('',(-5.258726525126,-0.542326697533));
#13236 = CARTESIAN_POINT('',(-5.271836178948,-0.451812797261));
#13237 = CARTESIAN_POINT('',(-5.297965367342,-0.271074604418));
#13238 = CARTESIAN_POINT('',(-5.310985040715,-0.180851026622));
#13239 = CARTESIAN_POINT('',(-5.323986454213,-9.050688427036E-02));
#13240 = CARTESIAN_POINT('',(-5.336963998585,0.));
#13241 = ( GEOMETRIC_REPRESENTATION_CONTEXT(2) 
PARAMETRIC_REPRESENTATION_CONTEXT() REPRESENTATION_CONTEXT('2D SPACE',''
  ) );
#13242 = ORIENTED_EDGE('',*,*,#13243,.F.);
#13243 = EDGE_CURVE('',#6391,#13188,#13244,.T.);
#13244 = SURFACE_CURVE('',#13245,(#13249,#13256),.PCURVE_S1.);
#13245 = LINE('',#13246,#13247);
#13246 = CARTESIAN_POINT('',(38.008917410587,-52.72876062714,0.));
#13247 = VECTOR('',#13248,1.);
#13248 = DIRECTION('',(0.584752575547,-0.811211701956,0.));
#13249 = PCURVE('',#6447,#13250);
#13250 = DEFINITIONAL_REPRESENTATION('',(#13251),#13255);
#13251 = LINE('',#13252,#13253);
#13252 = CARTESIAN_POINT('',(0.,1.));
#13253 = VECTOR('',#13254,1.);
#13254 = DIRECTION('',(1.,0.));
#13255 = ( GEOMETRIC_REPRESENTATION_CONTEXT(2) 
PARAMETRIC_REPRESENTATION_CONTEXT() REPRESENTATION_CONTEXT('2D SPACE',''
  ) );
#13256 = PCURVE('',#6406,#13257);
#13257 = DEFINITIONAL_REPRESENTATION('',(#13258),#13262);
#13258 = LINE('',#13259,#13260);
#13259 = CARTESIAN_POINT('',(0.,0.));
#13260 = VECTOR('',#13261,1.);
#13261 = DIRECTION('',(0.986393923832,0.164398987305));
#13262 = ( GEOMETRIC_REPRESENTATION_CONTEXT(2) 
PARAMETRIC_REPRESENTATION_CONTEXT() REPRESENTATION_CONTEXT('2D SPACE',''
  ) );
#13263 = ADVANCED_FACE('',(#13264),#6406,.T.);
#13264 = FACE_BOUND('',#13265,.T.);
#13265 = EDGE_LOOP('',(#13266,#13267,#13268,#13291));
#13266 = ORIENTED_EDGE('',*,*,#13243,.F.);
#13267 = ORIENTED_EDGE('',*,*,#6390,.F.);
#13268 = ORIENTED_EDGE('',*,*,#13269,.T.);
#13269 = EDGE_CURVE('',#6338,#13270,#13272,.T.);
#13270 = VERTEX_POINT('',#13271);
#13271 = CARTESIAN_POINT('',(42.686938014967,-59.21845424279,1.45));
#13272 = SURFACE_CURVE('',#13273,(#13277,#13284),.PCURVE_S1.);
#13273 = LINE('',#13274,#13275);
#13274 = CARTESIAN_POINT('',(38.008917410587,-52.72876062714,1.45));
#13275 = VECTOR('',#13276,1.);
#13276 = DIRECTION('',(0.584752575547,-0.811211701956,0.));
#13277 = PCURVE('',#6406,#13278);
#13278 = DEFINITIONAL_REPRESENTATION('',(#13279),#13283);
#13279 = LINE('',#13280,#13281);
#13280 = CARTESIAN_POINT('',(0.238378531593,-1.430271189557));
#13281 = VECTOR('',#13282,1.);
#13282 = DIRECTION('',(0.986393923832,0.164398987305));
#13283 = ( GEOMETRIC_REPRESENTATION_CONTEXT(2) 
PARAMETRIC_REPRESENTATION_CONTEXT() REPRESENTATION_CONTEXT('2D SPACE',''
  ) );
#13284 = PCURVE('',#6367,#13285);
#13285 = DEFINITIONAL_REPRESENTATION('',(#13286),#13290);
#13286 = LINE('',#13287,#13288);
#13287 = CARTESIAN_POINT('',(0.,0.));
#13288 = VECTOR('',#13289,1.);
#13289 = DIRECTION('',(1.,0.));
#13290 = ( GEOMETRIC_REPRESENTATION_CONTEXT(2) 
PARAMETRIC_REPRESENTATION_CONTEXT() REPRESENTATION_CONTEXT('2D SPACE',''
  ) );
#13291 = ORIENTED_EDGE('',*,*,#13292,.T.);
#13292 = EDGE_CURVE('',#13270,#13188,#13293,.T.);
#13293 = SURFACE_CURVE('',#13294,(#13298,#13304),.PCURVE_S1.);
#13294 = LINE('',#13295,#13296);
#13295 = CARTESIAN_POINT('',(42.686938014967,-59.21845424279,0.));
#13296 = VECTOR('',#13297,1.);
#13297 = DIRECTION('',(-0.,-0.,-1.));
#13298 = PCURVE('',#6406,#13299);
#13299 = DEFINITIONAL_REPRESENTATION('',(#13300),#13303);
#13300 = B_SPLINE_CURVE_WITH_KNOTS('',1,(#13301,#13302),.UNSPECIFIED.,
  .F.,.F.,(2,2),(-1.5000006,6.E-07),.PIECEWISE_BEZIER_KNOTS.);
#13301 = CARTESIAN_POINT('',(8.137749970255,-0.164399579142));
#13302 = CARTESIAN_POINT('',(7.891151292018,1.315192490279));
#13303 = ( GEOMETRIC_REPRESENTATION_CONTEXT(2) 
PARAMETRIC_REPRESENTATION_CONTEXT() REPRESENTATION_CONTEXT('2D SPACE',''
  ) );
#13304 = PCURVE('',#13305,#13310);
#13305 = CYLINDRICAL_SURFACE('',#13306,73.);
#13306 = AXIS2_PLACEMENT_3D('',#13307,#13308,#13309);
#13307 = CARTESIAN_POINT('',(0.,0.,0.));
#13308 = DIRECTION('',(-0.,-0.,-1.));
#13309 = DIRECTION('',(1.,0.,0.));
#13310 = DEFINITIONAL_REPRESENTATION('',(#13311),#13314);
#13311 = B_SPLINE_CURVE_WITH_KNOTS('',1,(#13312,#13313),.UNSPECIFIED.,
  .F.,.F.,(2,2),(-1.5000006,6.E-07),.PIECEWISE_BEZIER_KNOTS.);
#13312 = CARTESIAN_POINT('',(-5.336963998585,-1.5000006));
#13313 = CARTESIAN_POINT('',(-5.336963998585,6.E-07));
#13314 = ( GEOMETRIC_REPRESENTATION_CONTEXT(2) 
PARAMETRIC_REPRESENTATION_CONTEXT() REPRESENTATION_CONTEXT('2D SPACE',''
  ) );
#13315 = ADVANCED_FACE('',(#13316),#6367,.F.);
#13316 = FACE_BOUND('',#13317,.F.);
#13317 = EDGE_LOOP('',(#13318,#13319,#13320,#13376));
#13318 = ORIENTED_EDGE('',*,*,#6337,.F.);
#13319 = ORIENTED_EDGE('',*,*,#13269,.T.);
#13320 = ORIENTED_EDGE('',*,*,#13321,.T.);
#13321 = EDGE_CURVE('',#13270,#13322,#13324,.T.);
#13322 = VERTEX_POINT('',#13323);
#13323 = CARTESIAN_POINT('',(54.066334951246,-49.04927547823,0.));
#13324 = SURFACE_CURVE('',#13325,(#13340,#13358),.PCURVE_S1.);
#13325 = B_SPLINE_CURVE_WITH_KNOTS('',4,(#13326,#13327,#13328,#13329,
    #13330,#13331,#13332,#13333,#13334,#13335,#13336,#13337,#13338,
    #13339),.UNSPECIFIED.,.F.,.F.,(5,3,3,3,5),(0.,0.250856813164,
    0.501193024733,0.751220097741,1.),.UNSPECIFIED.);
#13326 = CARTESIAN_POINT('',(42.686938014967,-59.21845424279,1.45));
#13327 = CARTESIAN_POINT('',(43.461863951693,-58.65985784155,
    1.358737529319));
#13328 = CARTESIAN_POINT('',(44.228481059446,-58.08670465879,
    1.267640527831));
#13329 = CARTESIAN_POINT('',(44.98601191688,-57.4993824267,
    1.176665755939));
#13330 = CARTESIAN_POINT('',(46.479867528032,-56.29865315094,
    0.995067038889));
#13331 = CARTESIAN_POINT('',(47.216234412354,-55.68530193633,
    0.90444266232));
#13332 = CARTESIAN_POINT('',(47.942079881502,-55.05884115842,
    0.813858099245));
#13333 = CARTESIAN_POINT('',(49.370504239514,-53.78168885265,
    0.632800165147));
#13334 = CARTESIAN_POINT('',(50.073111993618,-53.13102709247,
    0.542326697541));
#13335 = CARTESIAN_POINT('',(50.763888853765,-52.46848306909,
    0.451812797273));
#13336 = CARTESIAN_POINT('',(52.117243123703,-51.1243386213,
    0.27107460443));
#13337 = CARTESIAN_POINT('',(52.779944966657,-50.44284848846,
    0.18085102663));
#13338 = CARTESIAN_POINT('',(53.429795802289,-49.75092373912,
    9.050688427431E-02));
#13339 = CARTESIAN_POINT('',(54.066334951247,-49.04927547823,0.));
#13340 = PCURVE('',#6367,#13341);
#13341 = DEFINITIONAL_REPRESENTATION('',(#13342),#13357);
#13342 = B_SPLINE_CURVE_WITH_KNOTS('',4,(#13343,#13344,#13345,#13346,
    #13347,#13348,#13349,#13350,#13351,#13352,#13353,#13354,#13355,
    #13356),.UNSPECIFIED.,.F.,.F.,(5,3,3,3,5),(0.,0.250856813164,
    0.501193024733,0.751220097741,1.),.UNSPECIFIED.);
#13343 = CARTESIAN_POINT('',(8.,0.));
#13344 = CARTESIAN_POINT('',(8.100402888384,6.29396349527E-02));
#13345 = CARTESIAN_POINT('',(8.184324769913,0.12576515322));
#13346 = CARTESIAN_POINT('',(8.251535463995,0.188506375215));
#13347 = CARTESIAN_POINT('',(8.352191325519,0.313746869732));
#13348 = CARTESIAN_POINT('',(8.385706579015,0.376246439779));
#13349 = CARTESIAN_POINT('',(8.402343415476,0.438718552245));
#13350 = CARTESIAN_POINT('',(8.401861098799,0.563586093002));
#13351 = CARTESIAN_POINT('',(8.384783604148,0.625981587903));
#13352 = CARTESIAN_POINT('',(8.35087049326,0.688404967398));
#13353 = CARTESIAN_POINT('',(8.249862665125,0.813051996945));
#13354 = CARTESIAN_POINT('',(8.182934011186,0.875275154048));
#13355 = CARTESIAN_POINT('',(8.099571626014,0.937581459121));
#13356 = CARTESIAN_POINT('',(8.,1.));
#13357 = ( GEOMETRIC_REPRESENTATION_CONTEXT(2) 
PARAMETRIC_REPRESENTATION_CONTEXT() REPRESENTATION_CONTEXT('2D SPACE',''
  ) );
#13358 = PCURVE('',#13305,#13359);
#13359 = DEFINITIONAL_REPRESENTATION('',(#13360),#13375);
#13360 = B_SPLINE_CURVE_WITH_KNOTS('',4,(#13361,#13362,#13363,#13364,
    #13365,#13366,#13367,#13368,#13369,#13370,#13371,#13372,#13373,
    #13374),.UNSPECIFIED.,.F.,.F.,(5,3,3,3,5),(0.,0.250856813164,
    0.501193024733,0.751220097741,1.),.UNSPECIFIED.);
#13361 = CARTESIAN_POINT('',(-5.336963998585,-1.45));
#13362 = CARTESIAN_POINT('',(-5.350049884507,-1.358737529319));
#13363 = CARTESIAN_POINT('',(-5.363160039969,-1.267640527831));
#13364 = CARTESIAN_POINT('',(-5.37628871355,-1.176665755939));
#13365 = CARTESIAN_POINT('',(-5.40254350743,-0.995067038889));
#13366 = CARTESIAN_POINT('',(-5.415669592353,-0.90444266232));
#13367 = CARTESIAN_POINT('',(-5.428801875118,-0.813858099245));
#13368 = CARTESIAN_POINT('',(-5.455050088234,-0.632800165147));
#13369 = CARTESIAN_POINT('',(-5.468166035364,-0.542326697541));
#13370 = CARTESIAN_POINT('',(-5.481275689186,-0.451812797273));
#13371 = CARTESIAN_POINT('',(-5.507404877579,-0.27107460443));
#13372 = CARTESIAN_POINT('',(-5.520424550954,-0.18085102663));
#13373 = CARTESIAN_POINT('',(-5.533425964451,-9.050688427431E-02));
#13374 = CARTESIAN_POINT('',(-5.546403508824,0.));
#13375 = ( GEOMETRIC_REPRESENTATION_CONTEXT(2) 
PARAMETRIC_REPRESENTATION_CONTEXT() REPRESENTATION_CONTEXT('2D SPACE',''
  ) );
#13376 = ORIENTED_EDGE('',*,*,#13377,.F.);
#13377 = EDGE_CURVE('',#6311,#13322,#13378,.T.);
#13378 = SURFACE_CURVE('',#13379,(#13383,#13390),.PCURVE_S1.);
#13379 = LINE('',#13380,#13381);
#13380 = CARTESIAN_POINT('',(48.14125714837,-43.67401241212,0.));
#13381 = VECTOR('',#13382,1.);
#13382 = DIRECTION('',(0.74063472536,-0.671907883263,0.));
#13383 = PCURVE('',#6367,#13384);
#13384 = DEFINITIONAL_REPRESENTATION('',(#13385),#13389);
#13385 = LINE('',#13386,#13387);
#13386 = CARTESIAN_POINT('',(0.,1.));
#13387 = VECTOR('',#13388,1.);
#13388 = DIRECTION('',(1.,0.));
#13389 = ( GEOMETRIC_REPRESENTATION_CONTEXT(2) 
PARAMETRIC_REPRESENTATION_CONTEXT() REPRESENTATION_CONTEXT('2D SPACE',''
  ) );
#13390 = PCURVE('',#6326,#13391);
#13391 = DEFINITIONAL_REPRESENTATION('',(#13392),#13396);
#13392 = LINE('',#13393,#13394);
#13393 = CARTESIAN_POINT('',(0.,0.));
#13394 = VECTOR('',#13395,1.);
#13395 = DIRECTION('',(0.986393923832,0.164398987305));
#13396 = ( GEOMETRIC_REPRESENTATION_CONTEXT(2) 
PARAMETRIC_REPRESENTATION_CONTEXT() REPRESENTATION_CONTEXT('2D SPACE',''
  ) );
#13397 = ADVANCED_FACE('',(#13398),#6326,.T.);
#13398 = FACE_BOUND('',#13399,.T.);
#13399 = EDGE_LOOP('',(#13400,#13401,#13402,#13425));
#13400 = ORIENTED_EDGE('',*,*,#13377,.F.);
#13401 = ORIENTED_EDGE('',*,*,#6310,.F.);
#13402 = ORIENTED_EDGE('',*,*,#13403,.T.);
#13403 = EDGE_CURVE('',#6258,#13404,#13406,.T.);
#13404 = VERTEX_POINT('',#13405);
#13405 = CARTESIAN_POINT('',(54.066334951247,-49.04927547823,1.45));
#13406 = SURFACE_CURVE('',#13407,(#13411,#13418),.PCURVE_S1.);
#13407 = LINE('',#13408,#13409);
#13408 = CARTESIAN_POINT('',(48.14125714837,-43.67401241212,1.45));
#13409 = VECTOR('',#13410,1.);
#13410 = DIRECTION('',(0.74063472536,-0.671907883263,0.));
#13411 = PCURVE('',#6326,#13412);
#13412 = DEFINITIONAL_REPRESENTATION('',(#13413),#13417);
#13413 = LINE('',#13414,#13415);
#13414 = CARTESIAN_POINT('',(0.238378531593,-1.430271189557));
#13415 = VECTOR('',#13416,1.);
#13416 = DIRECTION('',(0.986393923832,0.164398987305));
#13417 = ( GEOMETRIC_REPRESENTATION_CONTEXT(2) 
PARAMETRIC_REPRESENTATION_CONTEXT() REPRESENTATION_CONTEXT('2D SPACE',''
  ) );
#13418 = PCURVE('',#6287,#13419);
#13419 = DEFINITIONAL_REPRESENTATION('',(#13420),#13424);
#13420 = LINE('',#13421,#13422);
#13421 = CARTESIAN_POINT('',(0.,0.));
#13422 = VECTOR('',#13423,1.);
#13423 = DIRECTION('',(1.,0.));
#13424 = ( GEOMETRIC_REPRESENTATION_CONTEXT(2) 
PARAMETRIC_REPRESENTATION_CONTEXT() REPRESENTATION_CONTEXT('2D SPACE',''
  ) );
#13425 = ORIENTED_EDGE('',*,*,#13426,.T.);
#13426 = EDGE_CURVE('',#13404,#13322,#13427,.T.);
#13427 = SURFACE_CURVE('',#13428,(#13432,#13438),.PCURVE_S1.);
#13428 = LINE('',#13429,#13430);
#13429 = CARTESIAN_POINT('',(54.066334951247,-49.04927547823,0.));
#13430 = VECTOR('',#13431,1.);
#13431 = DIRECTION('',(-0.,-0.,-1.));
#13432 = PCURVE('',#6326,#13433);
#13433 = DEFINITIONAL_REPRESENTATION('',(#13434),#13437);
#13434 = B_SPLINE_CURVE_WITH_KNOTS('',1,(#13435,#13436),.UNSPECIFIED.,
  .F.,.F.,(2,2),(-1.5000006,6.E-07),.PIECEWISE_BEZIER_KNOTS.);
#13435 = CARTESIAN_POINT('',(8.137749970255,-0.164399579142));
#13436 = CARTESIAN_POINT('',(7.891151292018,1.315192490279));
#13437 = ( GEOMETRIC_REPRESENTATION_CONTEXT(2) 
PARAMETRIC_REPRESENTATION_CONTEXT() REPRESENTATION_CONTEXT('2D SPACE',''
  ) );
#13438 = PCURVE('',#13439,#13444);
#13439 = CYLINDRICAL_SURFACE('',#13440,73.);
#13440 = AXIS2_PLACEMENT_3D('',#13441,#13442,#13443);
#13441 = CARTESIAN_POINT('',(0.,0.,0.));
#13442 = DIRECTION('',(-0.,-0.,-1.));
#13443 = DIRECTION('',(1.,0.,0.));
#13444 = DEFINITIONAL_REPRESENTATION('',(#13445),#13448);
#13445 = B_SPLINE_CURVE_WITH_KNOTS('',1,(#13446,#13447),.UNSPECIFIED.,
  .F.,.F.,(2,2),(-1.5000006,6.E-07),.PIECEWISE_BEZIER_KNOTS.);
#13446 = CARTESIAN_POINT('',(-5.546403508824,-1.5000006));
#13447 = CARTESIAN_POINT('',(-5.546403508824,6.E-07));
#13448 = ( GEOMETRIC_REPRESENTATION_CONTEXT(2) 
PARAMETRIC_REPRESENTATION_CONTEXT() REPRESENTATION_CONTEXT('2D SPACE',''
  ) );
#13449 = ADVANCED_FACE('',(#13450),#6287,.F.);
#13450 = FACE_BOUND('',#13451,.F.);
#13451 = EDGE_LOOP('',(#13452,#13453,#13454,#13510));
#13452 = ORIENTED_EDGE('',*,*,#6257,.F.);
#13453 = ORIENTED_EDGE('',*,*,#13403,.T.);
#13454 = ORIENTED_EDGE('',*,*,#13455,.T.);
#13455 = EDGE_CURVE('',#13404,#13456,#13458,.T.);
#13456 = VERTEX_POINT('',#13457);
#13457 = CARTESIAN_POINT('',(63.082773611098,-36.73640801073,0.));
#13458 = SURFACE_CURVE('',#13459,(#13474,#13492),.PCURVE_S1.);
#13459 = B_SPLINE_CURVE_WITH_KNOTS('',4,(#13460,#13461,#13462,#13463,
    #13464,#13465,#13466,#13467,#13468,#13469,#13470,#13471,#13472,
    #13473),.UNSPECIFIED.,.F.,.F.,(5,3,3,3,5),(0.,0.250856813164,
    0.501193024733,0.751220097753,1.),.UNSPECIFIED.);
#13460 = CARTESIAN_POINT('',(54.066334951247,-49.04927547823,1.45));
#13461 = CARTESIAN_POINT('',(54.708188174735,-48.34176958681,
    1.358737529319));
#13462 = CARTESIAN_POINT('',(55.33888761204,-47.62175251716,
    1.267640527831));
#13463 = CARTESIAN_POINT('',(55.957753444393,-46.88976516357,
    1.176665755939));
#13464 = CARTESIAN_POINT('',(57.169319072344,-45.4046846574,
    0.995067038889));
#13465 = CARTESIAN_POINT('',(57.76207168541,-44.65163735444,
    0.90444266232));
#13466 = CARTESIAN_POINT('',(58.341807169993,-43.88795448881,
    0.813858099245));
#13467 = CARTESIAN_POINT('',(59.473482133314,-42.34172490163,
    0.632800165143));
#13468 = CARTESIAN_POINT('',(60.025456035561,-41.55920129585,
    0.542326697533));
#13469 = CARTESIAN_POINT('',(60.563387115838,-40.767514864,
    0.451812797261));
#13470 = CARTESIAN_POINT('',(61.607704003073,-39.17136502281,
    0.271074604418));
#13471 = CARTESIAN_POINT('',(62.114234454942,-38.36698362381,
    0.180851026622));
#13472 = CARTESIAN_POINT('',(62.606025246073,-37.55506750437,
    9.050688427036E-02));
#13473 = CARTESIAN_POINT('',(63.082773611098,-36.73640801073,0.));
#13474 = PCURVE('',#6287,#13475);
#13475 = DEFINITIONAL_REPRESENTATION('',(#13476),#13491);
#13476 = B_SPLINE_CURVE_WITH_KNOTS('',4,(#13477,#13478,#13479,#13480,
    #13481,#13482,#13483,#13484,#13485,#13486,#13487,#13488,#13489,
    #13490),.UNSPECIFIED.,.F.,.F.,(5,3,3,3,5),(0.,0.250856813164,
    0.501193024733,0.751220097753,1.),.UNSPECIFIED.);
#13477 = CARTESIAN_POINT('',(8.,0.));
#13478 = CARTESIAN_POINT('',(8.100402888384,6.293963495269E-02));
#13479 = CARTESIAN_POINT('',(8.184324769913,0.12576515322));
#13480 = CARTESIAN_POINT('',(8.251535463995,0.188506375215));
#13481 = CARTESIAN_POINT('',(8.352191325519,0.313746869732));
#13482 = CARTESIAN_POINT('',(8.385706579015,0.376246439779));
#13483 = CARTESIAN_POINT('',(8.402343415476,0.438718552245));
#13484 = CARTESIAN_POINT('',(8.401861098799,0.563586093005));
#13485 = CARTESIAN_POINT('',(8.384783604147,0.625981587908));
#13486 = CARTESIAN_POINT('',(8.350870493255,0.688404967406));
#13487 = CARTESIAN_POINT('',(8.249862665117,0.813051996953));
#13488 = CARTESIAN_POINT('',(8.182934011178,0.875275154054));
#13489 = CARTESIAN_POINT('',(8.099571626009,0.937581459124));
#13490 = CARTESIAN_POINT('',(8.,1.));
#13491 = ( GEOMETRIC_REPRESENTATION_CONTEXT(2) 
PARAMETRIC_REPRESENTATION_CONTEXT() REPRESENTATION_CONTEXT('2D SPACE',''
  ) );
#13492 = PCURVE('',#13439,#13493);
#13493 = DEFINITIONAL_REPRESENTATION('',(#13494),#13509);
#13494 = B_SPLINE_CURVE_WITH_KNOTS('',4,(#13495,#13496,#13497,#13498,
    #13499,#13500,#13501,#13502,#13503,#13504,#13505,#13506,#13507,
    #13508),.UNSPECIFIED.,.F.,.F.,(5,3,3,3,5),(0.,0.250856813164,
    0.501193024733,0.751220097753,1.),.UNSPECIFIED.);
#13495 = CARTESIAN_POINT('',(-5.546403508824,-1.45));
#13496 = CARTESIAN_POINT('',(-5.559489394746,-1.358737529319));
#13497 = CARTESIAN_POINT('',(-5.572599550209,-1.267640527831));
#13498 = CARTESIAN_POINT('',(-5.58572822379,-1.176665755939));
#13499 = CARTESIAN_POINT('',(-5.611983017669,-0.995067038889));
#13500 = CARTESIAN_POINT('',(-5.625109102592,-0.90444266232));
#13501 = CARTESIAN_POINT('',(-5.638241385357,-0.813858099245));
#13502 = CARTESIAN_POINT('',(-5.664489598474,-0.632800165143));
#13503 = CARTESIAN_POINT('',(-5.677605545604,-0.542326697533));
#13504 = CARTESIAN_POINT('',(-5.690715199427,-0.451812797261));
#13505 = CARTESIAN_POINT('',(-5.71684438782,-0.271074604418));
#13506 = CARTESIAN_POINT('',(-5.729864061194,-0.180851026622));
#13507 = CARTESIAN_POINT('',(-5.742865474691,-9.050688427036E-02));
#13508 = CARTESIAN_POINT('',(-5.755843019063,0.));
#13509 = ( GEOMETRIC_REPRESENTATION_CONTEXT(2) 
PARAMETRIC_REPRESENTATION_CONTEXT() REPRESENTATION_CONTEXT('2D SPACE',''
  ) );
#13510 = ORIENTED_EDGE('',*,*,#13511,.F.);
#13511 = EDGE_CURVE('',#6231,#13456,#13512,.T.);
#13512 = SURFACE_CURVE('',#13513,(#13517,#13524),.PCURVE_S1.);
#13513 = LINE('',#13514,#13515);
#13514 = CARTESIAN_POINT('',(56.169592941389,-32.71050028352,0.));
#13515 = VECTOR('',#13516,1.);
#13516 = DIRECTION('',(0.864147583714,-0.5032384659,0.));
#13517 = PCURVE('',#6287,#13518);
#13518 = DEFINITIONAL_REPRESENTATION('',(#13519),#13523);
#13519 = LINE('',#13520,#13521);
#13520 = CARTESIAN_POINT('',(0.,1.));
#13521 = VECTOR('',#13522,1.);
#13522 = DIRECTION('',(1.,0.));
#13523 = ( GEOMETRIC_REPRESENTATION_CONTEXT(2) 
PARAMETRIC_REPRESENTATION_CONTEXT() REPRESENTATION_CONTEXT('2D SPACE',''
  ) );
#13524 = PCURVE('',#6246,#13525);
#13525 = DEFINITIONAL_REPRESENTATION('',(#13526),#13530);
#13526 = LINE('',#13527,#13528);
#13527 = CARTESIAN_POINT('',(0.,0.));
#13528 = VECTOR('',#13529,1.);
#13529 = DIRECTION('',(0.986393923832,0.164398987305));
#13530 = ( GEOMETRIC_REPRESENTATION_CONTEXT(2) 
PARAMETRIC_REPRESENTATION_CONTEXT() REPRESENTATION_CONTEXT('2D SPACE',''
  ) );
#13531 = ADVANCED_FACE('',(#13532),#6246,.T.);
#13532 = FACE_BOUND('',#13533,.T.);
#13533 = EDGE_LOOP('',(#13534,#13535,#13536,#13559));
#13534 = ORIENTED_EDGE('',*,*,#13511,.F.);
#13535 = ORIENTED_EDGE('',*,*,#6230,.F.);
#13536 = ORIENTED_EDGE('',*,*,#13537,.T.);
#13537 = EDGE_CURVE('',#6178,#13538,#13540,.T.);
#13538 = VERTEX_POINT('',#13539);
#13539 = CARTESIAN_POINT('',(63.082773611098,-36.73640801073,1.45));
#13540 = SURFACE_CURVE('',#13541,(#13545,#13552),.PCURVE_S1.);
#13541 = LINE('',#13542,#13543);
#13542 = CARTESIAN_POINT('',(56.169592941389,-32.71050028352,1.45));
#13543 = VECTOR('',#13544,1.);
#13544 = DIRECTION('',(0.864147583714,-0.5032384659,0.));
#13545 = PCURVE('',#6246,#13546);
#13546 = DEFINITIONAL_REPRESENTATION('',(#13547),#13551);
#13547 = LINE('',#13548,#13549);
#13548 = CARTESIAN_POINT('',(0.238378531593,-1.430271189557));
#13549 = VECTOR('',#13550,1.);
#13550 = DIRECTION('',(0.986393923832,0.164398987305));
#13551 = ( GEOMETRIC_REPRESENTATION_CONTEXT(2) 
PARAMETRIC_REPRESENTATION_CONTEXT() REPRESENTATION_CONTEXT('2D SPACE',''
  ) );
#13552 = PCURVE('',#6207,#13553);
#13553 = DEFINITIONAL_REPRESENTATION('',(#13554),#13558);
#13554 = LINE('',#13555,#13556);
#13555 = CARTESIAN_POINT('',(0.,0.));
#13556 = VECTOR('',#13557,1.);
#13557 = DIRECTION('',(1.,0.));
#13558 = ( GEOMETRIC_REPRESENTATION_CONTEXT(2) 
PARAMETRIC_REPRESENTATION_CONTEXT() REPRESENTATION_CONTEXT('2D SPACE',''
  ) );
#13559 = ORIENTED_EDGE('',*,*,#13560,.T.);
#13560 = EDGE_CURVE('',#13538,#13456,#13561,.T.);
#13561 = SURFACE_CURVE('',#13562,(#13566,#13572),.PCURVE_S1.);
#13562 = LINE('',#13563,#13564);
#13563 = CARTESIAN_POINT('',(63.082773611098,-36.73640801073,
    -4.798453555896E-30));
#13564 = VECTOR('',#13565,1.);
#13565 = DIRECTION('',(-0.,-0.,-1.));
#13566 = PCURVE('',#6246,#13567);
#13567 = DEFINITIONAL_REPRESENTATION('',(#13568),#13571);
#13568 = B_SPLINE_CURVE_WITH_KNOTS('',1,(#13569,#13570),.UNSPECIFIED.,
  .F.,.F.,(2,2),(-1.5000006,6.E-07),.PIECEWISE_BEZIER_KNOTS.);
#13569 = CARTESIAN_POINT('',(8.137749970255,-0.164399579142));
#13570 = CARTESIAN_POINT('',(7.891151292018,1.315192490279));
#13571 = ( GEOMETRIC_REPRESENTATION_CONTEXT(2) 
PARAMETRIC_REPRESENTATION_CONTEXT() REPRESENTATION_CONTEXT('2D SPACE',''
  ) );
#13572 = PCURVE('',#13573,#13578);
#13573 = CYLINDRICAL_SURFACE('',#13574,73.);
#13574 = AXIS2_PLACEMENT_3D('',#13575,#13576,#13577);
#13575 = CARTESIAN_POINT('',(0.,0.,0.));
#13576 = DIRECTION('',(-0.,-0.,-1.));
#13577 = DIRECTION('',(1.,0.,0.));
#13578 = DEFINITIONAL_REPRESENTATION('',(#13579),#13582);
#13579 = B_SPLINE_CURVE_WITH_KNOTS('',1,(#13580,#13581),.UNSPECIFIED.,
  .F.,.F.,(2,2),(-1.5000006,6.E-07),.PIECEWISE_BEZIER_KNOTS.);
#13580 = CARTESIAN_POINT('',(-5.755843019063,-1.5000006));
#13581 = CARTESIAN_POINT('',(-5.755843019063,6.E-07));
#13582 = ( GEOMETRIC_REPRESENTATION_CONTEXT(2) 
PARAMETRIC_REPRESENTATION_CONTEXT() REPRESENTATION_CONTEXT('2D SPACE',''
  ) );
#13583 = ADVANCED_FACE('',(#13584),#6207,.F.);
#13584 = FACE_BOUND('',#13585,.F.);
#13585 = EDGE_LOOP('',(#13586,#13587,#13588,#13644));
#13586 = ORIENTED_EDGE('',*,*,#6177,.F.);
#13587 = ORIENTED_EDGE('',*,*,#13537,.T.);
#13588 = ORIENTED_EDGE('',*,*,#13589,.T.);
#13589 = EDGE_CURVE('',#13538,#13590,#13592,.T.);
#13590 = VERTEX_POINT('',#13591);
#13591 = CARTESIAN_POINT('',(69.342192359412,-22.81798323231,0.));
#13592 = SURFACE_CURVE('',#13593,(#13608,#13626),.PCURVE_S1.);
#13593 = B_SPLINE_CURVE_WITH_KNOTS('',4,(#13594,#13595,#13596,#13597,
    #13598,#13599,#13600,#13601,#13602,#13603,#13604,#13605,#13606,
    #13607),.UNSPECIFIED.,.F.,.F.,(5,3,3,3,5),(0.,0.250856813164,
    0.501193024733,0.751220097741,1.),.UNSPECIFIED.);
#13594 = CARTESIAN_POINT('',(63.082773611098,-36.73640801073,1.45));
#13595 = CARTESIAN_POINT('',(63.563502055528,-35.91091403158,
    1.358737529319));
#13596 = CARTESIAN_POINT('',(64.030719230543,-35.07550127601,
    1.267640527831));
#13597 = CARTESIAN_POINT('',(64.483872631293,-34.23084016073,
    1.176665755939));
#13598 = CARTESIAN_POINT('',(65.360197044366,-32.52631356848,
    0.995067038889));
#13599 = CARTESIAN_POINT('',(65.783429252643,-31.66648195783,
    0.90444266232));
#13600 = CARTESIAN_POINT('',(66.191717530105,-30.79895361026,
    0.813858099245));
#13601 = CARTESIAN_POINT('',(66.977183472408,-29.05122439434,
    0.632800165147));
#13602 = CARTESIAN_POINT('',(67.35439961456,-28.17103897957,
    0.542326697541));
#13603 = CARTESIAN_POINT('',(67.715974745435,-27.28481063531,
    0.451812797273));
#13604 = CARTESIAN_POINT('',(68.405612590815,-25.50641480797,
    0.27107460443));
#13605 = CARTESIAN_POINT('',(68.733833840295,-24.61429746972,
    0.18085102663));
#13606 = CARTESIAN_POINT('',(69.046070969523,-23.71787461054,
    9.050688427432E-02));
#13607 = CARTESIAN_POINT('',(69.342192359412,-22.81798323231,0.));
#13608 = PCURVE('',#6207,#13609);
#13609 = DEFINITIONAL_REPRESENTATION('',(#13610),#13625);
#13610 = B_SPLINE_CURVE_WITH_KNOTS('',4,(#13611,#13612,#13613,#13614,
    #13615,#13616,#13617,#13618,#13619,#13620,#13621,#13622,#13623,
    #13624),.UNSPECIFIED.,.F.,.F.,(5,3,3,3,5),(0.,0.250856813164,
    0.501193024733,0.751220097741,1.),.UNSPECIFIED.);
#13611 = CARTESIAN_POINT('',(8.,0.));
#13612 = CARTESIAN_POINT('',(8.100402888384,6.29396349527E-02));
#13613 = CARTESIAN_POINT('',(8.184324769913,0.12576515322));
#13614 = CARTESIAN_POINT('',(8.251535463995,0.188506375215));
#13615 = CARTESIAN_POINT('',(8.352191325519,0.313746869732));
#13616 = CARTESIAN_POINT('',(8.385706579015,0.376246439779));
#13617 = CARTESIAN_POINT('',(8.402343415476,0.438718552245));
#13618 = CARTESIAN_POINT('',(8.401861098799,0.563586093002));
#13619 = CARTESIAN_POINT('',(8.384783604148,0.625981587903));
#13620 = CARTESIAN_POINT('',(8.35087049326,0.688404967398));
#13621 = CARTESIAN_POINT('',(8.249862665125,0.813051996945));
#13622 = CARTESIAN_POINT('',(8.182934011186,0.875275154048));
#13623 = CARTESIAN_POINT('',(8.099571626014,0.937581459121));
#13624 = CARTESIAN_POINT('',(8.,1.));
#13625 = ( GEOMETRIC_REPRESENTATION_CONTEXT(2) 
PARAMETRIC_REPRESENTATION_CONTEXT() REPRESENTATION_CONTEXT('2D SPACE',''
  ) );
#13626 = PCURVE('',#13573,#13627);
#13627 = DEFINITIONAL_REPRESENTATION('',(#13628),#13643);
#13628 = B_SPLINE_CURVE_WITH_KNOTS('',4,(#13629,#13630,#13631,#13632,
    #13633,#13634,#13635,#13636,#13637,#13638,#13639,#13640,#13641,
    #13642),.UNSPECIFIED.,.F.,.F.,(5,3,3,3,5),(0.,0.250856813164,
    0.501193024733,0.751220097741,1.),.UNSPECIFIED.);
#13629 = CARTESIAN_POINT('',(-5.755843019063,-1.45));
#13630 = CARTESIAN_POINT('',(-5.768928904986,-1.358737529319));
#13631 = CARTESIAN_POINT('',(-5.782039060448,-1.267640527831));
#13632 = CARTESIAN_POINT('',(-5.795167734029,-1.176665755939));
#13633 = CARTESIAN_POINT('',(-5.821422527909,-0.995067038889));
#13634 = CARTESIAN_POINT('',(-5.834548612832,-0.90444266232));
#13635 = CARTESIAN_POINT('',(-5.847680895596,-0.813858099245));
#13636 = CARTESIAN_POINT('',(-5.873929108713,-0.632800165147));
#13637 = CARTESIAN_POINT('',(-5.887045055843,-0.542326697541));
#13638 = CARTESIAN_POINT('',(-5.900154709664,-0.451812797273));
#13639 = CARTESIAN_POINT('',(-5.926283898058,-0.27107460443));
#13640 = CARTESIAN_POINT('',(-5.939303571432,-0.18085102663));
#13641 = CARTESIAN_POINT('',(-5.95230498493,-9.050688427432E-02));
#13642 = CARTESIAN_POINT('',(-5.965282529303,0.));
#13643 = ( GEOMETRIC_REPRESENTATION_CONTEXT(2) 
PARAMETRIC_REPRESENTATION_CONTEXT() REPRESENTATION_CONTEXT('2D SPACE',''
  ) );
#13644 = ORIENTED_EDGE('',*,*,#13645,.F.);
#13645 = EDGE_CURVE('',#6151,#13590,#13646,.T.);
#13646 = SURFACE_CURVE('',#13647,(#13651,#13658),.PCURVE_S1.);
#13647 = LINE('',#13648,#13649);
#13648 = CARTESIAN_POINT('',(61.743047991257,-20.31738233014,0.));
#13649 = VECTOR('',#13650,1.);
#13650 = DIRECTION('',(0.949893046019,-0.312575112771,0.));
#13651 = PCURVE('',#6207,#13652);
#13652 = DEFINITIONAL_REPRESENTATION('',(#13653),#13657);
#13653 = LINE('',#13654,#13655);
#13654 = CARTESIAN_POINT('',(0.,1.));
#13655 = VECTOR('',#13656,1.);
#13656 = DIRECTION('',(1.,0.));
#13657 = ( GEOMETRIC_REPRESENTATION_CONTEXT(2) 
PARAMETRIC_REPRESENTATION_CONTEXT() REPRESENTATION_CONTEXT('2D SPACE',''
  ) );
#13658 = PCURVE('',#6166,#13659);
#13659 = DEFINITIONAL_REPRESENTATION('',(#13660),#13664);
#13660 = LINE('',#13661,#13662);
#13661 = CARTESIAN_POINT('',(0.,0.));
#13662 = VECTOR('',#13663,1.);
#13663 = DIRECTION('',(0.986393923832,0.164398987305));
#13664 = ( GEOMETRIC_REPRESENTATION_CONTEXT(2) 
PARAMETRIC_REPRESENTATION_CONTEXT() REPRESENTATION_CONTEXT('2D SPACE',''
  ) );
#13665 = ADVANCED_FACE('',(#13666),#6166,.T.);
#13666 = FACE_BOUND('',#13667,.T.);
#13667 = EDGE_LOOP('',(#13668,#13669,#13670,#13693));
#13668 = ORIENTED_EDGE('',*,*,#13645,.F.);
#13669 = ORIENTED_EDGE('',*,*,#6150,.F.);
#13670 = ORIENTED_EDGE('',*,*,#13671,.T.);
#13671 = EDGE_CURVE('',#6098,#13672,#13674,.T.);
#13672 = VERTEX_POINT('',#13673);
#13673 = CARTESIAN_POINT('',(69.342192359412,-22.81798323231,1.45));
#13674 = SURFACE_CURVE('',#13675,(#13679,#13686),.PCURVE_S1.);
#13675 = LINE('',#13676,#13677);
#13676 = CARTESIAN_POINT('',(61.743047991257,-20.31738233014,1.45));
#13677 = VECTOR('',#13678,1.);
#13678 = DIRECTION('',(0.949893046019,-0.312575112771,0.));
#13679 = PCURVE('',#6166,#13680);
#13680 = DEFINITIONAL_REPRESENTATION('',(#13681),#13685);
#13681 = LINE('',#13682,#13683);
#13682 = CARTESIAN_POINT('',(0.238378531593,-1.430271189557));
#13683 = VECTOR('',#13684,1.);
#13684 = DIRECTION('',(0.986393923832,0.164398987305));
#13685 = ( GEOMETRIC_REPRESENTATION_CONTEXT(2) 
PARAMETRIC_REPRESENTATION_CONTEXT() REPRESENTATION_CONTEXT('2D SPACE',''
  ) );
#13686 = PCURVE('',#6127,#13687);
#13687 = DEFINITIONAL_REPRESENTATION('',(#13688),#13692);
#13688 = LINE('',#13689,#13690);
#13689 = CARTESIAN_POINT('',(0.,0.));
#13690 = VECTOR('',#13691,1.);
#13691 = DIRECTION('',(1.,0.));
#13692 = ( GEOMETRIC_REPRESENTATION_CONTEXT(2) 
PARAMETRIC_REPRESENTATION_CONTEXT() REPRESENTATION_CONTEXT('2D SPACE',''
  ) );
#13693 = ORIENTED_EDGE('',*,*,#13694,.T.);
#13694 = EDGE_CURVE('',#13672,#13590,#13695,.T.);
#13695 = SURFACE_CURVE('',#13696,(#13700,#13706),.PCURVE_S1.);
#13696 = LINE('',#13697,#13698);
#13697 = CARTESIAN_POINT('',(69.342192359412,-22.81798323231,0.));
#13698 = VECTOR('',#13699,1.);
#13699 = DIRECTION('',(-0.,-0.,-1.));
#13700 = PCURVE('',#6166,#13701);
#13701 = DEFINITIONAL_REPRESENTATION('',(#13702),#13705);
#13702 = B_SPLINE_CURVE_WITH_KNOTS('',1,(#13703,#13704),.UNSPECIFIED.,
  .F.,.F.,(2,2),(-1.5000006,6.E-07),.PIECEWISE_BEZIER_KNOTS.);
#13703 = CARTESIAN_POINT('',(8.137749970255,-0.164399579142));
#13704 = CARTESIAN_POINT('',(7.891151292018,1.315192490279));
#13705 = ( GEOMETRIC_REPRESENTATION_CONTEXT(2) 
PARAMETRIC_REPRESENTATION_CONTEXT() REPRESENTATION_CONTEXT('2D SPACE',''
  ) );
#13706 = PCURVE('',#13707,#13712);
#13707 = CYLINDRICAL_SURFACE('',#13708,73.);
#13708 = AXIS2_PLACEMENT_3D('',#13709,#13710,#13711);
#13709 = CARTESIAN_POINT('',(0.,0.,0.));
#13710 = DIRECTION('',(-0.,-0.,-1.));
#13711 = DIRECTION('',(1.,0.,0.));
#13712 = DEFINITIONAL_REPRESENTATION('',(#13713),#13716);
#13713 = B_SPLINE_CURVE_WITH_KNOTS('',1,(#13714,#13715),.UNSPECIFIED.,
  .F.,.F.,(2,2),(-1.5000006,6.E-07),.PIECEWISE_BEZIER_KNOTS.);
#13714 = CARTESIAN_POINT('',(-5.965282529303,-1.5000006));
#13715 = CARTESIAN_POINT('',(-5.965282529303,6.E-07));
#13716 = ( GEOMETRIC_REPRESENTATION_CONTEXT(2) 
PARAMETRIC_REPRESENTATION_CONTEXT() REPRESENTATION_CONTEXT('2D SPACE',''
  ) );
#13717 = ADVANCED_FACE('',(#13718),#6127,.F.);
#13718 = FACE_BOUND('',#13719,.F.);
#13719 = EDGE_LOOP('',(#13720,#13721,#13722,#13778));
#13720 = ORIENTED_EDGE('',*,*,#6097,.F.);
#13721 = ORIENTED_EDGE('',*,*,#13671,.T.);
#13722 = ORIENTED_EDGE('',*,*,#13723,.T.);
#13723 = EDGE_CURVE('',#13672,#13724,#13726,.T.);
#13724 = VERTEX_POINT('',#13725);
#13725 = CARTESIAN_POINT('',(72.571024560863,-7.902303093823,0.));
#13726 = SURFACE_CURVE('',#13727,(#13742,#13760),.PCURVE_S1.);
#13727 = B_SPLINE_CURVE_WITH_KNOTS('',4,(#13728,#13729,#13730,#13731,
    #13732,#13733,#13734,#13735,#13736,#13737,#13738,#13739,#13740,
    #13741),.UNSPECIFIED.,.F.,.F.,(5,3,3,3,5),(0.,0.250856813164,
    0.501193024733,0.751220097745,1.),.UNSPECIFIED.);
#13728 = CARTESIAN_POINT('',(69.342192359412,-22.81798323231,1.45));
#13729 = CARTESIAN_POINT('',(69.64078588497,-21.91057921348,
    1.358737529319));
#13730 = CARTESIAN_POINT('',(69.924101165192,-20.99628231816,
    1.267640527831));
#13731 = CARTESIAN_POINT('',(70.191737156254,-20.07586318507,
    1.176665755939));
#13732 = CARTESIAN_POINT('',(70.694520772527,-18.22638649804,
    0.995067038889));
#13733 = CARTESIAN_POINT('',(70.929735297619,-17.29734934703,
    0.90444266232));
#13734 = CARTESIAN_POINT('',(71.14873221105,-16.36389066917,
    0.813858099245));
#13735 = CARTESIAN_POINT('',(71.553660501602,-14.49104597774,
    0.632800165146));
#13736 = CARTESIAN_POINT('',(71.739632728188,-13.55166708014,
    0.542326697538));
#13737 = CARTESIAN_POINT('',(71.909049341436,-12.60962925468,
    0.451812797269));
#13738 = CARTESIAN_POINT('',(72.213867661862,-10.72671187252,
    0.271074604427));
#13739 = CARTESIAN_POINT('',(72.349434865347,-9.785848403615,
    0.180851026627));
#13740 = CARTESIAN_POINT('',(72.468472071819,-8.844096785205,
    9.050688427316E-02));
#13741 = CARTESIAN_POINT('',(72.571024560863,-7.902303093821,0.));
#13742 = PCURVE('',#6127,#13743);
#13743 = DEFINITIONAL_REPRESENTATION('',(#13744),#13759);
#13744 = B_SPLINE_CURVE_WITH_KNOTS('',4,(#13745,#13746,#13747,#13748,
    #13749,#13750,#13751,#13752,#13753,#13754,#13755,#13756,#13757,
    #13758),.UNSPECIFIED.,.F.,.F.,(5,3,3,3,5),(0.,0.250856813164,
    0.501193024733,0.751220097745,1.),.UNSPECIFIED.);
#13745 = CARTESIAN_POINT('',(8.,0.));
#13746 = CARTESIAN_POINT('',(8.100402888384,6.293963495269E-02));
#13747 = CARTESIAN_POINT('',(8.184324769913,0.12576515322));
#13748 = CARTESIAN_POINT('',(8.251535463995,0.188506375215));
#13749 = CARTESIAN_POINT('',(8.352191325519,0.313746869732));
#13750 = CARTESIAN_POINT('',(8.385706579015,0.376246439779));
#13751 = CARTESIAN_POINT('',(8.402343415476,0.438718552245));
#13752 = CARTESIAN_POINT('',(8.401861098799,0.563586093003));
#13753 = CARTESIAN_POINT('',(8.384783604148,0.625981587905));
#13754 = CARTESIAN_POINT('',(8.350870493259,0.688404967401));
#13755 = CARTESIAN_POINT('',(8.249862665123,0.813051996947));
#13756 = CARTESIAN_POINT('',(8.182934011183,0.87527515405));
#13757 = CARTESIAN_POINT('',(8.099571626012,0.937581459122));
#13758 = CARTESIAN_POINT('',(8.,1.));
#13759 = ( GEOMETRIC_REPRESENTATION_CONTEXT(2) 
PARAMETRIC_REPRESENTATION_CONTEXT() REPRESENTATION_CONTEXT('2D SPACE',''
  ) );
#13760 = PCURVE('',#13707,#13761);
#13761 = DEFINITIONAL_REPRESENTATION('',(#13762),#13777);
#13762 = B_SPLINE_CURVE_WITH_KNOTS('',4,(#13763,#13764,#13765,#13766,
    #13767,#13768,#13769,#13770,#13771,#13772,#13773,#13774,#13775,
    #13776),.UNSPECIFIED.,.F.,.F.,(5,3,3,3,5),(0.,0.250856813164,
    0.501193024733,0.751220097745,1.),.UNSPECIFIED.);
#13763 = CARTESIAN_POINT('',(-5.965282529303,-1.45));
#13764 = CARTESIAN_POINT('',(-5.978368415225,-1.358737529319));
#13765 = CARTESIAN_POINT('',(-5.991478570687,-1.267640527831));
#13766 = CARTESIAN_POINT('',(-6.004607244268,-1.176665755939));
#13767 = CARTESIAN_POINT('',(-6.030862038148,-0.995067038889));
#13768 = CARTESIAN_POINT('',(-6.043988123071,-0.90444266232));
#13769 = CARTESIAN_POINT('',(-6.057120405835,-0.813858099245));
#13770 = CARTESIAN_POINT('',(-6.083368618952,-0.632800165146));
#13771 = CARTESIAN_POINT('',(-6.096484566082,-0.542326697538));
#13772 = CARTESIAN_POINT('',(-6.109594219904,-0.451812797269));
#13773 = CARTESIAN_POINT('',(-6.135723408298,-0.271074604427));
#13774 = CARTESIAN_POINT('',(-6.148743081672,-0.180851026627));
#13775 = CARTESIAN_POINT('',(-6.16174449517,-9.050688427316E-02));
#13776 = CARTESIAN_POINT('',(-6.174722039542,0.));
#13777 = ( GEOMETRIC_REPRESENTATION_CONTEXT(2) 
PARAMETRIC_REPRESENTATION_CONTEXT() REPRESENTATION_CONTEXT('2D SPACE',''
  ) );
#13778 = ORIENTED_EDGE('',*,*,#13779,.F.);
#13779 = EDGE_CURVE('',#6071,#13724,#13780,.T.);
#13780 = SURFACE_CURVE('',#13781,(#13785,#13792),.PCURVE_S1.);
#13781 = LINE('',#13782,#13783);
#13782 = CARTESIAN_POINT('',(64.618035567892,-7.03629727532,0.));
#13783 = VECTOR('',#13784,1.);
#13784 = DIRECTION('',(0.994123624121,-0.108250727313,0.));
#13785 = PCURVE('',#6127,#13786);
#13786 = DEFINITIONAL_REPRESENTATION('',(#13787),#13791);
#13787 = LINE('',#13788,#13789);
#13788 = CARTESIAN_POINT('',(0.,1.));
#13789 = VECTOR('',#13790,1.);
#13790 = DIRECTION('',(1.,0.));
#13791 = ( GEOMETRIC_REPRESENTATION_CONTEXT(2) 
PARAMETRIC_REPRESENTATION_CONTEXT() REPRESENTATION_CONTEXT('2D SPACE',''
  ) );
#13792 = PCURVE('',#6086,#13793);
#13793 = DEFINITIONAL_REPRESENTATION('',(#13794),#13798);
#13794 = LINE('',#13795,#13796);
#13795 = CARTESIAN_POINT('',(0.,0.));
#13796 = VECTOR('',#13797,1.);
#13797 = DIRECTION('',(0.986393923832,0.164398987305));
#13798 = ( GEOMETRIC_REPRESENTATION_CONTEXT(2) 
PARAMETRIC_REPRESENTATION_CONTEXT() REPRESENTATION_CONTEXT('2D SPACE',''
  ) );
#13799 = ADVANCED_FACE('',(#13800),#6086,.T.);
#13800 = FACE_BOUND('',#13801,.T.);
#13801 = EDGE_LOOP('',(#13802,#13803,#13804,#13805));
#13802 = ORIENTED_EDGE('',*,*,#13779,.F.);
#13803 = ORIENTED_EDGE('',*,*,#6070,.F.);
#13804 = ORIENTED_EDGE('',*,*,#9762,.T.);
#13805 = ORIENTED_EDGE('',*,*,#13806,.T.);
#13806 = EDGE_CURVE('',#9763,#13724,#13807,.T.);
#13807 = SURFACE_CURVE('',#13808,(#13812,#13818),.PCURVE_S1.);
#13808 = LINE('',#13809,#13810);
#13809 = CARTESIAN_POINT('',(72.571024560863,-7.902303093821,0.));
#13810 = VECTOR('',#13811,1.);
#13811 = DIRECTION('',(-0.,-0.,-1.));
#13812 = PCURVE('',#6086,#13813);
#13813 = DEFINITIONAL_REPRESENTATION('',(#13814),#13817);
#13814 = B_SPLINE_CURVE_WITH_KNOTS('',1,(#13815,#13816),.UNSPECIFIED.,
  .F.,.F.,(2,2),(-1.5000006,6.E-07),.PIECEWISE_BEZIER_KNOTS.);
#13815 = CARTESIAN_POINT('',(8.137749970255,-0.164399579142));
#13816 = CARTESIAN_POINT('',(7.891151292018,1.315192490279));
#13817 = ( GEOMETRIC_REPRESENTATION_CONTEXT(2) 
PARAMETRIC_REPRESENTATION_CONTEXT() REPRESENTATION_CONTEXT('2D SPACE',''
  ) );
#13818 = PCURVE('',#9829,#13819);
#13819 = DEFINITIONAL_REPRESENTATION('',(#13820),#13823);
#13820 = B_SPLINE_CURVE_WITH_KNOTS('',1,(#13821,#13822),.UNSPECIFIED.,
  .F.,.F.,(2,2),(-1.45,0.),.PIECEWISE_BEZIER_KNOTS.);
#13821 = CARTESIAN_POINT('',(-6.174722039542,-1.45));
#13822 = CARTESIAN_POINT('',(-6.174722039542,0.));
#13823 = ( GEOMETRIC_REPRESENTATION_CONTEXT(2) 
PARAMETRIC_REPRESENTATION_CONTEXT() REPRESENTATION_CONTEXT('2D SPACE',''
  ) );
#13824 = ADVANCED_FACE('',(#13825),#8590,.F.);
#13825 = FACE_BOUND('',#13826,.T.);
#13826 = EDGE_LOOP('',(#13827,#13828,#13849,#13878));
#13827 = ORIENTED_EDGE('',*,*,#8571,.F.);
#13828 = ORIENTED_EDGE('',*,*,#13829,.F.);
#13829 = EDGE_CURVE('',#13830,#8572,#13832,.T.);
#13830 = VERTEX_POINT('',#13831);
#13831 = CARTESIAN_POINT('',(33.478500563795,1.2,8.));
#13832 = SURFACE_CURVE('',#13833,(#13837,#13843),.PCURVE_S1.);
#13833 = LINE('',#13834,#13835);
#13834 = CARTESIAN_POINT('',(33.478500563795,1.2,0.));
#13835 = VECTOR('',#13836,1.);
#13836 = DIRECTION('',(-0.,-0.,-1.));
#13837 = PCURVE('',#8590,#13838);
#13838 = DEFINITIONAL_REPRESENTATION('',(#13839),#13842);
#13839 = B_SPLINE_CURVE_WITH_KNOTS('',1,(#13840,#13841),.UNSPECIFIED.,
  .F.,.F.,(2,2),(-8.0000006,6.E-07),.PIECEWISE_BEZIER_KNOTS.);
#13840 = CARTESIAN_POINT('',(-3.582856046579E-02,-8.0000006));
#13841 = CARTESIAN_POINT('',(-3.582856046579E-02,6.E-07));
#13842 = ( GEOMETRIC_REPRESENTATION_CONTEXT(2) 
PARAMETRIC_REPRESENTATION_CONTEXT() REPRESENTATION_CONTEXT('2D SPACE',''
  ) );
#13843 = PCURVE('',#8618,#13844);
#13844 = DEFINITIONAL_REPRESENTATION('',(#13845),#13848);
#13845 = B_SPLINE_CURVE_WITH_KNOTS('',1,(#13846,#13847),.UNSPECIFIED.,
  .F.,.F.,(2,2),(-8.0000006,6.E-07),.PIECEWISE_BEZIER_KNOTS.);
#13846 = CARTESIAN_POINT('',(8.0000006,0.478500563795));
#13847 = CARTESIAN_POINT('',(-6.E-07,0.478500563795));
#13848 = ( GEOMETRIC_REPRESENTATION_CONTEXT(2) 
PARAMETRIC_REPRESENTATION_CONTEXT() REPRESENTATION_CONTEXT('2D SPACE',''
  ) );
#13849 = ORIENTED_EDGE('',*,*,#13850,.T.);
#13850 = EDGE_CURVE('',#13830,#13851,#13853,.T.);
#13851 = VERTEX_POINT('',#13852);
#13852 = CARTESIAN_POINT('',(17.778480766439,28.393231968858,8.));
#13853 = SURFACE_CURVE('',#13854,(#13859,#13866),.PCURVE_S1.);
#13854 = CIRCLE('',#13855,33.5);
#13855 = AXIS2_PLACEMENT_3D('',#13856,#13857,#13858);
#13856 = CARTESIAN_POINT('',(0.,0.,8.));
#13857 = DIRECTION('',(0.,0.,1.));
#13858 = DIRECTION('',(1.,0.,0.));
#13859 = PCURVE('',#8590,#13860);
#13860 = DEFINITIONAL_REPRESENTATION('',(#13861),#13865);
#13861 = LINE('',#13862,#13863);
#13862 = CARTESIAN_POINT('',(-0.,-8.));
#13863 = VECTOR('',#13864,1.);
#13864 = DIRECTION('',(-1.,0.));
#13865 = ( GEOMETRIC_REPRESENTATION_CONTEXT(2) 
PARAMETRIC_REPRESENTATION_CONTEXT() REPRESENTATION_CONTEXT('2D SPACE',''
  ) );
#13866 = PCURVE('',#13867,#13872);
#13867 = PLANE('',#13868);
#13868 = AXIS2_PLACEMENT_3D('',#13869,#13870,#13871);
#13869 = CARTESIAN_POINT('',(-1.959317204833E-15,-6.131078915947E-17,8.)
  );
#13870 = DIRECTION('',(0.,0.,1.));
#13871 = DIRECTION('',(1.,0.,-0.));
#13872 = DEFINITIONAL_REPRESENTATION('',(#13873),#13877);
#13873 = CIRCLE('',#13874,33.5);
#13874 = AXIS2_PLACEMENT_2D('',#13875,#13876);
#13875 = CARTESIAN_POINT('',(1.959317204833E-15,6.131078915947E-17));
#13876 = DIRECTION('',(1.,0.));
#13877 = ( GEOMETRIC_REPRESENTATION_CONTEXT(2) 
PARAMETRIC_REPRESENTATION_CONTEXT() REPRESENTATION_CONTEXT('2D SPACE',''
  ) );
#13878 = ORIENTED_EDGE('',*,*,#13879,.T.);
#13879 = EDGE_CURVE('',#13851,#8574,#13880,.T.);
#13880 = SURFACE_CURVE('',#13881,(#13885,#13891),.PCURVE_S1.);
#13881 = LINE('',#13882,#13883);
#13882 = CARTESIAN_POINT('',(17.778480766439,28.393231968858,0.));
#13883 = VECTOR('',#13884,1.);
#13884 = DIRECTION('',(-0.,-0.,-1.));
#13885 = PCURVE('',#8590,#13886);
#13886 = DEFINITIONAL_REPRESENTATION('',(#13887),#13890);
#13887 = B_SPLINE_CURVE_WITH_KNOTS('',1,(#13888,#13889),.UNSPECIFIED.,
  .F.,.F.,(2,2),(-8.0000006,6.E-07),.PIECEWISE_BEZIER_KNOTS.);
#13888 = CARTESIAN_POINT('',(-1.011368990731,-8.0000006));
#13889 = CARTESIAN_POINT('',(-1.011368990731,6.E-07));
#13890 = ( GEOMETRIC_REPRESENTATION_CONTEXT(2) 
PARAMETRIC_REPRESENTATION_CONTEXT() REPRESENTATION_CONTEXT('2D SPACE',''
  ) );
#13891 = PCURVE('',#9237,#13892);
#13892 = DEFINITIONAL_REPRESENTATION('',(#13893),#13896);
#13893 = B_SPLINE_CURVE_WITH_KNOTS('',1,(#13894,#13895),.UNSPECIFIED.,
  .F.,.F.,(2,2),(-8.0000006,6.E-07),.PIECEWISE_BEZIER_KNOTS.);
#13894 = CARTESIAN_POINT('',(8.0000006,0.478500563795));
#13895 = CARTESIAN_POINT('',(-6.E-07,0.478500563795));
#13896 = ( GEOMETRIC_REPRESENTATION_CONTEXT(2) 
PARAMETRIC_REPRESENTATION_CONTEXT() REPRESENTATION_CONTEXT('2D SPACE',''
  ) );
#13897 = ADVANCED_FACE('',(#13898),#9237,.T.);
#13898 = FACE_BOUND('',#13899,.T.);
#13899 = EDGE_LOOP('',(#13900,#13901,#13902,#13925));
#13900 = ORIENTED_EDGE('',*,*,#9223,.F.);
#13901 = ORIENTED_EDGE('',*,*,#13879,.F.);
#13902 = ORIENTED_EDGE('',*,*,#13903,.T.);
#13903 = EDGE_CURVE('',#13851,#13904,#13906,.T.);
#13904 = VERTEX_POINT('',#13905);
#13905 = CARTESIAN_POINT('',(18.489230484541,29.624286592077,8.));
#13906 = SURFACE_CURVE('',#13907,(#13911,#13918),.PCURVE_S1.);
#13907 = LINE('',#13908,#13909);
#13908 = CARTESIAN_POINT('',(17.539230484541,27.978838324886,8.));
#13909 = VECTOR('',#13910,1.);
#13910 = DIRECTION('',(0.5,0.866025403784,0.));
#13911 = PCURVE('',#9237,#13912);
#13912 = DEFINITIONAL_REPRESENTATION('',(#13913),#13917);
#13913 = LINE('',#13914,#13915);
#13914 = CARTESIAN_POINT('',(8.,0.));
#13915 = VECTOR('',#13916,1.);
#13916 = DIRECTION('',(0.,1.));
#13917 = ( GEOMETRIC_REPRESENTATION_CONTEXT(2) 
PARAMETRIC_REPRESENTATION_CONTEXT() REPRESENTATION_CONTEXT('2D SPACE',''
  ) );
#13918 = PCURVE('',#13867,#13919);
#13919 = DEFINITIONAL_REPRESENTATION('',(#13920),#13924);
#13920 = LINE('',#13921,#13922);
#13921 = CARTESIAN_POINT('',(17.539230484541,27.978838324886));
#13922 = VECTOR('',#13923,1.);
#13923 = DIRECTION('',(0.5,0.866025403784));
#13924 = ( GEOMETRIC_REPRESENTATION_CONTEXT(2) 
PARAMETRIC_REPRESENTATION_CONTEXT() REPRESENTATION_CONTEXT('2D SPACE',''
  ) );
#13925 = ORIENTED_EDGE('',*,*,#13926,.F.);
#13926 = EDGE_CURVE('',#9196,#13904,#13927,.T.);
#13927 = SURFACE_CURVE('',#13928,(#13932,#13939),.PCURVE_S1.);
#13928 = LINE('',#13929,#13930);
#13929 = CARTESIAN_POINT('',(18.489230484541,29.624286592077,0.));
#13930 = VECTOR('',#13931,1.);
#13931 = DIRECTION('',(0.,0.,1.));
#13932 = PCURVE('',#9237,#13933);
#13933 = DEFINITIONAL_REPRESENTATION('',(#13934),#13938);
#13934 = LINE('',#13935,#13936);
#13935 = CARTESIAN_POINT('',(0.,1.9));
#13936 = VECTOR('',#13937,1.);
#13937 = DIRECTION('',(1.,0.));
#13938 = ( GEOMETRIC_REPRESENTATION_CONTEXT(2) 
PARAMETRIC_REPRESENTATION_CONTEXT() REPRESENTATION_CONTEXT('2D SPACE',''
  ) );
#13939 = PCURVE('',#9211,#13940);
#13940 = DEFINITIONAL_REPRESENTATION('',(#13941),#13945);
#13941 = LINE('',#13942,#13943);
#13942 = CARTESIAN_POINT('',(0.,0.));
#13943 = VECTOR('',#13944,1.);
#13944 = DIRECTION('',(1.,0.));
#13945 = ( GEOMETRIC_REPRESENTATION_CONTEXT(2) 
PARAMETRIC_REPRESENTATION_CONTEXT() REPRESENTATION_CONTEXT('2D SPACE',''
  ) );
#13946 = ADVANCED_FACE('',(#13947),#9211,.F.);
#13947 = FACE_BOUND('',#13948,.F.);
#13948 = EDGE_LOOP('',(#13949,#13950,#13951,#13974));
#13949 = ORIENTED_EDGE('',*,*,#13926,.F.);
#13950 = ORIENTED_EDGE('',*,*,#9195,.T.);
#13951 = ORIENTED_EDGE('',*,*,#13952,.T.);
#13952 = EDGE_CURVE('',#9168,#13953,#13955,.T.);
#13953 = VERTEX_POINT('',#13954);
#13954 = CARTESIAN_POINT('',(16.410769515459,30.824286592077,8.));
#13955 = SURFACE_CURVE('',#13956,(#13960,#13967),.PCURVE_S1.);
#13956 = LINE('',#13957,#13958);
#13957 = CARTESIAN_POINT('',(16.410769515459,30.824286592077,0.));
#13958 = VECTOR('',#13959,1.);
#13959 = DIRECTION('',(0.,0.,1.));
#13960 = PCURVE('',#9211,#13961);
#13961 = DEFINITIONAL_REPRESENTATION('',(#13962),#13966);
#13962 = LINE('',#13963,#13964);
#13963 = CARTESIAN_POINT('',(0.,-2.4));
#13964 = VECTOR('',#13965,1.);
#13965 = DIRECTION('',(1.,0.));
#13966 = ( GEOMETRIC_REPRESENTATION_CONTEXT(2) 
PARAMETRIC_REPRESENTATION_CONTEXT() REPRESENTATION_CONTEXT('2D SPACE',''
  ) );
#13967 = PCURVE('',#9183,#13968);
#13968 = DEFINITIONAL_REPRESENTATION('',(#13969),#13973);
#13969 = LINE('',#13970,#13971);
#13970 = CARTESIAN_POINT('',(0.,1.9));
#13971 = VECTOR('',#13972,1.);
#13972 = DIRECTION('',(1.,0.));
#13973 = ( GEOMETRIC_REPRESENTATION_CONTEXT(2) 
PARAMETRIC_REPRESENTATION_CONTEXT() REPRESENTATION_CONTEXT('2D SPACE',''
  ) );
#13974 = ORIENTED_EDGE('',*,*,#13975,.F.);
#13975 = EDGE_CURVE('',#13904,#13953,#13976,.T.);
#13976 = SURFACE_CURVE('',#13977,(#13981,#13988),.PCURVE_S1.);
#13977 = LINE('',#13978,#13979);
#13978 = CARTESIAN_POINT('',(18.489230484541,29.624286592077,8.));
#13979 = VECTOR('',#13980,1.);
#13980 = DIRECTION('',(-0.866025403784,0.5,0.));
#13981 = PCURVE('',#9211,#13982);
#13982 = DEFINITIONAL_REPRESENTATION('',(#13983),#13987);
#13983 = LINE('',#13984,#13985);
#13984 = CARTESIAN_POINT('',(8.,0.));
#13985 = VECTOR('',#13986,1.);
#13986 = DIRECTION('',(0.,-1.));
#13987 = ( GEOMETRIC_REPRESENTATION_CONTEXT(2) 
PARAMETRIC_REPRESENTATION_CONTEXT() REPRESENTATION_CONTEXT('2D SPACE',''
  ) );
#13988 = PCURVE('',#13867,#13989);
#13989 = DEFINITIONAL_REPRESENTATION('',(#13990),#13994);
#13990 = LINE('',#13991,#13992);
#13991 = CARTESIAN_POINT('',(18.489230484541,29.624286592077));
#13992 = VECTOR('',#13993,1.);
#13993 = DIRECTION('',(-0.866025403784,0.5));
#13994 = ( GEOMETRIC_REPRESENTATION_CONTEXT(2) 
PARAMETRIC_REPRESENTATION_CONTEXT() REPRESENTATION_CONTEXT('2D SPACE',''
  ) );
#13995 = ADVANCED_FACE('',(#13996),#9183,.F.);
#13996 = FACE_BOUND('',#13997,.F.);
#13997 = EDGE_LOOP('',(#13998,#13999,#14020,#14041));
#13998 = ORIENTED_EDGE('',*,*,#9167,.F.);
#13999 = ORIENTED_EDGE('',*,*,#14000,.F.);
#14000 = EDGE_CURVE('',#14001,#9139,#14003,.T.);
#14001 = VERTEX_POINT('',#14002);
#14002 = CARTESIAN_POINT('',(15.700019797355,29.593231968858,8.));
#14003 = SURFACE_CURVE('',#14004,(#14008,#14014),.PCURVE_S1.);
#14004 = LINE('',#14005,#14006);
#14005 = CARTESIAN_POINT('',(15.700019797356,29.593231968858,0.));
#14006 = VECTOR('',#14007,1.);
#14007 = DIRECTION('',(-0.,-0.,-1.));
#14008 = PCURVE('',#9183,#14009);
#14009 = DEFINITIONAL_REPRESENTATION('',(#14010),#14013);
#14010 = B_SPLINE_CURVE_WITH_KNOTS('',1,(#14011,#14012),.UNSPECIFIED.,
  .F.,.F.,(2,2),(-8.0000006,6.E-07),.PIECEWISE_BEZIER_KNOTS.);
#14011 = CARTESIAN_POINT('',(8.0000006,0.478500563795));
#14012 = CARTESIAN_POINT('',(-6.E-07,0.478500563795));
#14013 = ( GEOMETRIC_REPRESENTATION_CONTEXT(2) 
PARAMETRIC_REPRESENTATION_CONTEXT() REPRESENTATION_CONTEXT('2D SPACE',''
  ) );
#14014 = PCURVE('',#9155,#14015);
#14015 = DEFINITIONAL_REPRESENTATION('',(#14016),#14019);
#14016 = B_SPLINE_CURVE_WITH_KNOTS('',1,(#14017,#14018),.UNSPECIFIED.,
  .F.,.F.,(2,2),(-8.0000006,6.E-07),.PIECEWISE_BEZIER_KNOTS.);
#14017 = CARTESIAN_POINT('',(-1.083026111662,-8.0000006));
#14018 = CARTESIAN_POINT('',(-1.083026111662,6.E-07));
#14019 = ( GEOMETRIC_REPRESENTATION_CONTEXT(2) 
PARAMETRIC_REPRESENTATION_CONTEXT() REPRESENTATION_CONTEXT('2D SPACE',''
  ) );
#14020 = ORIENTED_EDGE('',*,*,#14021,.T.);
#14021 = EDGE_CURVE('',#14001,#13953,#14022,.T.);
#14022 = SURFACE_CURVE('',#14023,(#14027,#14034),.PCURVE_S1.);
#14023 = LINE('',#14024,#14025);
#14024 = CARTESIAN_POINT('',(15.460769515459,29.178838324886,8.));
#14025 = VECTOR('',#14026,1.);
#14026 = DIRECTION('',(0.5,0.866025403784,0.));
#14027 = PCURVE('',#9183,#14028);
#14028 = DEFINITIONAL_REPRESENTATION('',(#14029),#14033);
#14029 = LINE('',#14030,#14031);
#14030 = CARTESIAN_POINT('',(8.,0.));
#14031 = VECTOR('',#14032,1.);
#14032 = DIRECTION('',(0.,1.));
#14033 = ( GEOMETRIC_REPRESENTATION_CONTEXT(2) 
PARAMETRIC_REPRESENTATION_CONTEXT() REPRESENTATION_CONTEXT('2D SPACE',''
  ) );
#14034 = PCURVE('',#13867,#14035);
#14035 = DEFINITIONAL_REPRESENTATION('',(#14036),#14040);
#14036 = LINE('',#14037,#14038);
#14037 = CARTESIAN_POINT('',(15.460769515459,29.178838324886));
#14038 = VECTOR('',#14039,1.);
#14039 = DIRECTION('',(0.5,0.866025403784));
#14040 = ( GEOMETRIC_REPRESENTATION_CONTEXT(2) 
PARAMETRIC_REPRESENTATION_CONTEXT() REPRESENTATION_CONTEXT('2D SPACE',''
  ) );
#14041 = ORIENTED_EDGE('',*,*,#13952,.F.);
#14042 = ADVANCED_FACE('',(#14043),#9155,.F.);
#14043 = FACE_BOUND('',#14044,.T.);
#14044 = EDGE_LOOP('',(#14045,#14046,#14047,#14071));
#14045 = ORIENTED_EDGE('',*,*,#9138,.F.);
#14046 = ORIENTED_EDGE('',*,*,#14000,.F.);
#14047 = ORIENTED_EDGE('',*,*,#14048,.T.);
#14048 = EDGE_CURVE('',#14001,#14049,#14051,.T.);
#14049 = VERTEX_POINT('',#14050);
#14050 = CARTESIAN_POINT('',(-15.70001979735,29.593231968858,8.));
#14051 = SURFACE_CURVE('',#14052,(#14057,#14064),.PCURVE_S1.);
#14052 = CIRCLE('',#14053,33.5);
#14053 = AXIS2_PLACEMENT_3D('',#14054,#14055,#14056);
#14054 = CARTESIAN_POINT('',(0.,0.,8.));
#14055 = DIRECTION('',(0.,0.,1.));
#14056 = DIRECTION('',(1.,0.,0.));
#14057 = PCURVE('',#9155,#14058);
#14058 = DEFINITIONAL_REPRESENTATION('',(#14059),#14063);
#14059 = LINE('',#14060,#14061);
#14060 = CARTESIAN_POINT('',(-0.,-8.));
#14061 = VECTOR('',#14062,1.);
#14062 = DIRECTION('',(-1.,0.));
#14063 = ( GEOMETRIC_REPRESENTATION_CONTEXT(2) 
PARAMETRIC_REPRESENTATION_CONTEXT() REPRESENTATION_CONTEXT('2D SPACE',''
  ) );
#14064 = PCURVE('',#13867,#14065);
#14065 = DEFINITIONAL_REPRESENTATION('',(#14066),#14070);
#14066 = CIRCLE('',#14067,33.5);
#14067 = AXIS2_PLACEMENT_2D('',#14068,#14069);
#14068 = CARTESIAN_POINT('',(1.959317204833E-15,6.131078915947E-17));
#14069 = DIRECTION('',(1.,0.));
#14070 = ( GEOMETRIC_REPRESENTATION_CONTEXT(2) 
PARAMETRIC_REPRESENTATION_CONTEXT() REPRESENTATION_CONTEXT('2D SPACE',''
  ) );
#14071 = ORIENTED_EDGE('',*,*,#14072,.T.);
#14072 = EDGE_CURVE('',#14049,#9111,#14073,.T.);
#14073 = SURFACE_CURVE('',#14074,(#14078,#14084),.PCURVE_S1.);
#14074 = LINE('',#14075,#14076);
#14075 = CARTESIAN_POINT('',(-15.70001979735,29.593231968858,0.));
#14076 = VECTOR('',#14077,1.);
#14077 = DIRECTION('',(-0.,-0.,-1.));
#14078 = PCURVE('',#9155,#14079);
#14079 = DEFINITIONAL_REPRESENTATION('',(#14080),#14083);
#14080 = B_SPLINE_CURVE_WITH_KNOTS('',1,(#14081,#14082),.UNSPECIFIED.,
  .F.,.F.,(2,2),(-8.0000006,6.E-07),.PIECEWISE_BEZIER_KNOTS.);
#14081 = CARTESIAN_POINT('',(-2.058566541927,-8.0000006));
#14082 = CARTESIAN_POINT('',(-2.058566541927,6.E-07));
#14083 = ( GEOMETRIC_REPRESENTATION_CONTEXT(2) 
PARAMETRIC_REPRESENTATION_CONTEXT() REPRESENTATION_CONTEXT('2D SPACE',''
  ) );
#14084 = PCURVE('',#9126,#14085);
#14085 = DEFINITIONAL_REPRESENTATION('',(#14086),#14089);
#14086 = B_SPLINE_CURVE_WITH_KNOTS('',1,(#14087,#14088),.UNSPECIFIED.,
  .F.,.F.,(2,2),(-8.0000006,6.E-07),.PIECEWISE_BEZIER_KNOTS.);
#14087 = CARTESIAN_POINT('',(8.0000006,0.478500563795));
#14088 = CARTESIAN_POINT('',(-6.E-07,0.478500563795));
#14089 = ( GEOMETRIC_REPRESENTATION_CONTEXT(2) 
PARAMETRIC_REPRESENTATION_CONTEXT() REPRESENTATION_CONTEXT('2D SPACE',''
  ) );
#14090 = ADVANCED_FACE('',(#14091),#9126,.T.);
#14091 = FACE_BOUND('',#14092,.T.);
#14092 = EDGE_LOOP('',(#14093,#14094,#14095,#14118));
#14093 = ORIENTED_EDGE('',*,*,#9110,.F.);
#14094 = ORIENTED_EDGE('',*,*,#14072,.F.);
#14095 = ORIENTED_EDGE('',*,*,#14096,.T.);
#14096 = EDGE_CURVE('',#14049,#14097,#14099,.T.);
#14097 = VERTEX_POINT('',#14098);
#14098 = CARTESIAN_POINT('',(-16.41076951545,30.824286592077,8.));
#14099 = SURFACE_CURVE('',#14100,(#14104,#14111),.PCURVE_S1.);
#14100 = LINE('',#14101,#14102);
#14101 = CARTESIAN_POINT('',(-15.46076951545,29.178838324886,8.));
#14102 = VECTOR('',#14103,1.);
#14103 = DIRECTION('',(-0.5,0.866025403784,0.));
#14104 = PCURVE('',#9126,#14105);
#14105 = DEFINITIONAL_REPRESENTATION('',(#14106),#14110);
#14106 = LINE('',#14107,#14108);
#14107 = CARTESIAN_POINT('',(8.,0.));
#14108 = VECTOR('',#14109,1.);
#14109 = DIRECTION('',(0.,1.));
#14110 = ( GEOMETRIC_REPRESENTATION_CONTEXT(2) 
PARAMETRIC_REPRESENTATION_CONTEXT() REPRESENTATION_CONTEXT('2D SPACE',''
  ) );
#14111 = PCURVE('',#13867,#14112);
#14112 = DEFINITIONAL_REPRESENTATION('',(#14113),#14117);
#14113 = LINE('',#14114,#14115);
#14114 = CARTESIAN_POINT('',(-15.46076951545,29.178838324886));
#14115 = VECTOR('',#14116,1.);
#14116 = DIRECTION('',(-0.5,0.866025403784));
#14117 = ( GEOMETRIC_REPRESENTATION_CONTEXT(2) 
PARAMETRIC_REPRESENTATION_CONTEXT() REPRESENTATION_CONTEXT('2D SPACE',''
  ) );
#14118 = ORIENTED_EDGE('',*,*,#14119,.F.);
#14119 = EDGE_CURVE('',#9083,#14097,#14120,.T.);
#14120 = SURFACE_CURVE('',#14121,(#14125,#14132),.PCURVE_S1.);
#14121 = LINE('',#14122,#14123);
#14122 = CARTESIAN_POINT('',(-16.41076951545,30.824286592077,0.));
#14123 = VECTOR('',#14124,1.);
#14124 = DIRECTION('',(0.,0.,1.));
#14125 = PCURVE('',#9126,#14126);
#14126 = DEFINITIONAL_REPRESENTATION('',(#14127),#14131);
#14127 = LINE('',#14128,#14129);
#14128 = CARTESIAN_POINT('',(0.,1.9));
#14129 = VECTOR('',#14130,1.);
#14130 = DIRECTION('',(1.,0.));
#14131 = ( GEOMETRIC_REPRESENTATION_CONTEXT(2) 
PARAMETRIC_REPRESENTATION_CONTEXT() REPRESENTATION_CONTEXT('2D SPACE',''
  ) );
#14132 = PCURVE('',#9098,#14133);
#14133 = DEFINITIONAL_REPRESENTATION('',(#14134),#14138);
#14134 = LINE('',#14135,#14136);
#14135 = CARTESIAN_POINT('',(0.,0.));
#14136 = VECTOR('',#14137,1.);
#14137 = DIRECTION('',(1.,0.));
#14138 = ( GEOMETRIC_REPRESENTATION_CONTEXT(2) 
PARAMETRIC_REPRESENTATION_CONTEXT() REPRESENTATION_CONTEXT('2D SPACE',''
  ) );
#14139 = ADVANCED_FACE('',(#14140),#9098,.F.);
#14140 = FACE_BOUND('',#14141,.F.);
#14141 = EDGE_LOOP('',(#14142,#14143,#14144,#14167));
#14142 = ORIENTED_EDGE('',*,*,#14119,.F.);
#14143 = ORIENTED_EDGE('',*,*,#9082,.T.);
#14144 = ORIENTED_EDGE('',*,*,#14145,.T.);
#14145 = EDGE_CURVE('',#9055,#14146,#14148,.T.);
#14146 = VERTEX_POINT('',#14147);
#14147 = CARTESIAN_POINT('',(-18.48923048454,29.624286592077,8.));
#14148 = SURFACE_CURVE('',#14149,(#14153,#14160),.PCURVE_S1.);
#14149 = LINE('',#14150,#14151);
#14150 = CARTESIAN_POINT('',(-18.48923048454,29.624286592077,0.));
#14151 = VECTOR('',#14152,1.);
#14152 = DIRECTION('',(0.,0.,1.));
#14153 = PCURVE('',#9098,#14154);
#14154 = DEFINITIONAL_REPRESENTATION('',(#14155),#14159);
#14155 = LINE('',#14156,#14157);
#14156 = CARTESIAN_POINT('',(0.,-2.4));
#14157 = VECTOR('',#14158,1.);
#14158 = DIRECTION('',(1.,0.));
#14159 = ( GEOMETRIC_REPRESENTATION_CONTEXT(2) 
PARAMETRIC_REPRESENTATION_CONTEXT() REPRESENTATION_CONTEXT('2D SPACE',''
  ) );
#14160 = PCURVE('',#9070,#14161);
#14161 = DEFINITIONAL_REPRESENTATION('',(#14162),#14166);
#14162 = LINE('',#14163,#14164);
#14163 = CARTESIAN_POINT('',(0.,1.9));
#14164 = VECTOR('',#14165,1.);
#14165 = DIRECTION('',(1.,0.));
#14166 = ( GEOMETRIC_REPRESENTATION_CONTEXT(2) 
PARAMETRIC_REPRESENTATION_CONTEXT() REPRESENTATION_CONTEXT('2D SPACE',''
  ) );
#14167 = ORIENTED_EDGE('',*,*,#14168,.F.);
#14168 = EDGE_CURVE('',#14097,#14146,#14169,.T.);
#14169 = SURFACE_CURVE('',#14170,(#14174,#14181),.PCURVE_S1.);
#14170 = LINE('',#14171,#14172);
#14171 = CARTESIAN_POINT('',(-16.41076951545,30.824286592077,8.));
#14172 = VECTOR('',#14173,1.);
#14173 = DIRECTION('',(-0.866025403784,-0.5,0.));
#14174 = PCURVE('',#9098,#14175);
#14175 = DEFINITIONAL_REPRESENTATION('',(#14176),#14180);
#14176 = LINE('',#14177,#14178);
#14177 = CARTESIAN_POINT('',(8.,0.));
#14178 = VECTOR('',#14179,1.);
#14179 = DIRECTION('',(0.,-1.));
#14180 = ( GEOMETRIC_REPRESENTATION_CONTEXT(2) 
PARAMETRIC_REPRESENTATION_CONTEXT() REPRESENTATION_CONTEXT('2D SPACE',''
  ) );
#14181 = PCURVE('',#13867,#14182);
#14182 = DEFINITIONAL_REPRESENTATION('',(#14183),#14187);
#14183 = LINE('',#14184,#14185);
#14184 = CARTESIAN_POINT('',(-16.41076951545,30.824286592077));
#14185 = VECTOR('',#14186,1.);
#14186 = DIRECTION('',(-0.866025403784,-0.5));
#14187 = ( GEOMETRIC_REPRESENTATION_CONTEXT(2) 
PARAMETRIC_REPRESENTATION_CONTEXT() REPRESENTATION_CONTEXT('2D SPACE',''
  ) );
#14188 = ADVANCED_FACE('',(#14189),#9070,.F.);
#14189 = FACE_BOUND('',#14190,.F.);
#14190 = EDGE_LOOP('',(#14191,#14192,#14213,#14234));
#14191 = ORIENTED_EDGE('',*,*,#9054,.F.);
#14192 = ORIENTED_EDGE('',*,*,#14193,.F.);
#14193 = EDGE_CURVE('',#14194,#9026,#14196,.T.);
#14194 = VERTEX_POINT('',#14195);
#14195 = CARTESIAN_POINT('',(-17.77848076643,28.393231968858,8.));
#14196 = SURFACE_CURVE('',#14197,(#14201,#14207),.PCURVE_S1.);
#14197 = LINE('',#14198,#14199);
#14198 = CARTESIAN_POINT('',(-17.77848076643,28.393231968858,0.));
#14199 = VECTOR('',#14200,1.);
#14200 = DIRECTION('',(-0.,-0.,-1.));
#14201 = PCURVE('',#9070,#14202);
#14202 = DEFINITIONAL_REPRESENTATION('',(#14203),#14206);
#14203 = B_SPLINE_CURVE_WITH_KNOTS('',1,(#14204,#14205),.UNSPECIFIED.,
  .F.,.F.,(2,2),(-8.0000006,6.E-07),.PIECEWISE_BEZIER_KNOTS.);
#14204 = CARTESIAN_POINT('',(8.0000006,0.478500563795));
#14205 = CARTESIAN_POINT('',(-6.E-07,0.478500563795));
#14206 = ( GEOMETRIC_REPRESENTATION_CONTEXT(2) 
PARAMETRIC_REPRESENTATION_CONTEXT() REPRESENTATION_CONTEXT('2D SPACE',''
  ) );
#14207 = PCURVE('',#9042,#14208);
#14208 = DEFINITIONAL_REPRESENTATION('',(#14209),#14212);
#14209 = B_SPLINE_CURVE_WITH_KNOTS('',1,(#14210,#14211),.UNSPECIFIED.,
  .F.,.F.,(2,2),(-8.0000006,6.E-07),.PIECEWISE_BEZIER_KNOTS.);
#14210 = CARTESIAN_POINT('',(-2.130223662859,-8.0000006));
#14211 = CARTESIAN_POINT('',(-2.130223662859,6.E-07));
#14212 = ( GEOMETRIC_REPRESENTATION_CONTEXT(2) 
PARAMETRIC_REPRESENTATION_CONTEXT() REPRESENTATION_CONTEXT('2D SPACE',''
  ) );
#14213 = ORIENTED_EDGE('',*,*,#14214,.T.);
#14214 = EDGE_CURVE('',#14194,#14146,#14215,.T.);
#14215 = SURFACE_CURVE('',#14216,(#14220,#14227),.PCURVE_S1.);
#14216 = LINE('',#14217,#14218);
#14217 = CARTESIAN_POINT('',(-17.53923048454,27.978838324886,8.));
#14218 = VECTOR('',#14219,1.);
#14219 = DIRECTION('',(-0.5,0.866025403784,0.));
#14220 = PCURVE('',#9070,#14221);
#14221 = DEFINITIONAL_REPRESENTATION('',(#14222),#14226);
#14222 = LINE('',#14223,#14224);
#14223 = CARTESIAN_POINT('',(8.,0.));
#14224 = VECTOR('',#14225,1.);
#14225 = DIRECTION('',(0.,1.));
#14226 = ( GEOMETRIC_REPRESENTATION_CONTEXT(2) 
PARAMETRIC_REPRESENTATION_CONTEXT() REPRESENTATION_CONTEXT('2D SPACE',''
  ) );
#14227 = PCURVE('',#13867,#14228);
#14228 = DEFINITIONAL_REPRESENTATION('',(#14229),#14233);
#14229 = LINE('',#14230,#14231);
#14230 = CARTESIAN_POINT('',(-17.53923048454,27.978838324886));
#14231 = VECTOR('',#14232,1.);
#14232 = DIRECTION('',(-0.5,0.866025403784));
#14233 = ( GEOMETRIC_REPRESENTATION_CONTEXT(2) 
PARAMETRIC_REPRESENTATION_CONTEXT() REPRESENTATION_CONTEXT('2D SPACE',''
  ) );
#14234 = ORIENTED_EDGE('',*,*,#14145,.F.);
#14235 = ADVANCED_FACE('',(#14236),#9042,.F.);
#14236 = FACE_BOUND('',#14237,.T.);
#14237 = EDGE_LOOP('',(#14238,#14239,#14240,#14264));
#14238 = ORIENTED_EDGE('',*,*,#9025,.F.);
#14239 = ORIENTED_EDGE('',*,*,#14193,.F.);
#14240 = ORIENTED_EDGE('',*,*,#14241,.T.);
#14241 = EDGE_CURVE('',#14194,#14242,#14244,.T.);
#14242 = VERTEX_POINT('',#14243);
#14243 = CARTESIAN_POINT('',(-33.47850056379,1.200000000001,8.));
#14244 = SURFACE_CURVE('',#14245,(#14250,#14257),.PCURVE_S1.);
#14245 = CIRCLE('',#14246,33.5);
#14246 = AXIS2_PLACEMENT_3D('',#14247,#14248,#14249);
#14247 = CARTESIAN_POINT('',(0.,0.,8.));
#14248 = DIRECTION('',(0.,0.,1.));
#14249 = DIRECTION('',(1.,0.,0.));
#14250 = PCURVE('',#9042,#14251);
#14251 = DEFINITIONAL_REPRESENTATION('',(#14252),#14256);
#14252 = LINE('',#14253,#14254);
#14253 = CARTESIAN_POINT('',(-0.,-8.));
#14254 = VECTOR('',#14255,1.);
#14255 = DIRECTION('',(-1.,0.));
#14256 = ( GEOMETRIC_REPRESENTATION_CONTEXT(2) 
PARAMETRIC_REPRESENTATION_CONTEXT() REPRESENTATION_CONTEXT('2D SPACE',''
  ) );
#14257 = PCURVE('',#13867,#14258);
#14258 = DEFINITIONAL_REPRESENTATION('',(#14259),#14263);
#14259 = CIRCLE('',#14260,33.5);
#14260 = AXIS2_PLACEMENT_2D('',#14261,#14262);
#14261 = CARTESIAN_POINT('',(1.959317204833E-15,6.131078915947E-17));
#14262 = DIRECTION('',(1.,0.));
#14263 = ( GEOMETRIC_REPRESENTATION_CONTEXT(2) 
PARAMETRIC_REPRESENTATION_CONTEXT() REPRESENTATION_CONTEXT('2D SPACE',''
  ) );
#14264 = ORIENTED_EDGE('',*,*,#14265,.T.);
#14265 = EDGE_CURVE('',#14242,#8998,#14266,.T.);
#14266 = SURFACE_CURVE('',#14267,(#14271,#14277),.PCURVE_S1.);
#14267 = LINE('',#14268,#14269);
#14268 = CARTESIAN_POINT('',(-33.47850056379,1.2,0.));
#14269 = VECTOR('',#14270,1.);
#14270 = DIRECTION('',(-0.,-0.,-1.));
#14271 = PCURVE('',#9042,#14272);
#14272 = DEFINITIONAL_REPRESENTATION('',(#14273),#14276);
#14273 = B_SPLINE_CURVE_WITH_KNOTS('',1,(#14274,#14275),.UNSPECIFIED.,
  .F.,.F.,(2,2),(-8.0000006,6.E-07),.PIECEWISE_BEZIER_KNOTS.);
#14274 = CARTESIAN_POINT('',(-3.105764093124,-8.0000006));
#14275 = CARTESIAN_POINT('',(-3.105764093124,6.E-07));
#14276 = ( GEOMETRIC_REPRESENTATION_CONTEXT(2) 
PARAMETRIC_REPRESENTATION_CONTEXT() REPRESENTATION_CONTEXT('2D SPACE',''
  ) );
#14277 = PCURVE('',#9013,#14278);
#14278 = DEFINITIONAL_REPRESENTATION('',(#14279),#14282);
#14279 = B_SPLINE_CURVE_WITH_KNOTS('',1,(#14280,#14281),.UNSPECIFIED.,
  .F.,.F.,(2,2),(-8.0000006,6.E-07),.PIECEWISE_BEZIER_KNOTS.);
#14280 = CARTESIAN_POINT('',(8.0000006,0.478500563795));
#14281 = CARTESIAN_POINT('',(-6.E-07,0.478500563795));
#14282 = ( GEOMETRIC_REPRESENTATION_CONTEXT(2) 
PARAMETRIC_REPRESENTATION_CONTEXT() REPRESENTATION_CONTEXT('2D SPACE',''
  ) );
#14283 = ADVANCED_FACE('',(#14284),#9013,.T.);
#14284 = FACE_BOUND('',#14285,.T.);
#14285 = EDGE_LOOP('',(#14286,#14287,#14288,#14311));
#14286 = ORIENTED_EDGE('',*,*,#8997,.F.);
#14287 = ORIENTED_EDGE('',*,*,#14265,.F.);
#14288 = ORIENTED_EDGE('',*,*,#14289,.T.);
#14289 = EDGE_CURVE('',#14242,#14290,#14292,.T.);
#14290 = VERTEX_POINT('',#14291);
#14291 = CARTESIAN_POINT('',(-34.9,1.2,8.));
#14292 = SURFACE_CURVE('',#14293,(#14297,#14304),.PCURVE_S1.);
#14293 = LINE('',#14294,#14295);
#14294 = CARTESIAN_POINT('',(-33.,1.2,8.));
#14295 = VECTOR('',#14296,1.);
#14296 = DIRECTION('',(-1.,1.224646799147E-16,0.));
#14297 = PCURVE('',#9013,#14298);
#14298 = DEFINITIONAL_REPRESENTATION('',(#14299),#14303);
#14299 = LINE('',#14300,#14301);
#14300 = CARTESIAN_POINT('',(8.,0.));
#14301 = VECTOR('',#14302,1.);
#14302 = DIRECTION('',(0.,1.));
#14303 = ( GEOMETRIC_REPRESENTATION_CONTEXT(2) 
PARAMETRIC_REPRESENTATION_CONTEXT() REPRESENTATION_CONTEXT('2D SPACE',''
  ) );
#14304 = PCURVE('',#13867,#14305);
#14305 = DEFINITIONAL_REPRESENTATION('',(#14306),#14310);
#14306 = LINE('',#14307,#14308);
#14307 = CARTESIAN_POINT('',(-33.,1.2));
#14308 = VECTOR('',#14309,1.);
#14309 = DIRECTION('',(-1.,1.224646799147E-16));
#14310 = ( GEOMETRIC_REPRESENTATION_CONTEXT(2) 
PARAMETRIC_REPRESENTATION_CONTEXT() REPRESENTATION_CONTEXT('2D SPACE',''
  ) );
#14311 = ORIENTED_EDGE('',*,*,#14312,.F.);
#14312 = EDGE_CURVE('',#8970,#14290,#14313,.T.);
#14313 = SURFACE_CURVE('',#14314,(#14318,#14325),.PCURVE_S1.);
#14314 = LINE('',#14315,#14316);
#14315 = CARTESIAN_POINT('',(-34.9,1.2,0.));
#14316 = VECTOR('',#14317,1.);
#14317 = DIRECTION('',(0.,0.,1.));
#14318 = PCURVE('',#9013,#14319);
#14319 = DEFINITIONAL_REPRESENTATION('',(#14320),#14324);
#14320 = LINE('',#14321,#14322);
#14321 = CARTESIAN_POINT('',(0.,1.9));
#14322 = VECTOR('',#14323,1.);
#14323 = DIRECTION('',(1.,0.));
#14324 = ( GEOMETRIC_REPRESENTATION_CONTEXT(2) 
PARAMETRIC_REPRESENTATION_CONTEXT() REPRESENTATION_CONTEXT('2D SPACE',''
  ) );
#14325 = PCURVE('',#8985,#14326);
#14326 = DEFINITIONAL_REPRESENTATION('',(#14327),#14331);
#14327 = LINE('',#14328,#14329);
#14328 = CARTESIAN_POINT('',(0.,0.));
#14329 = VECTOR('',#14330,1.);
#14330 = DIRECTION('',(1.,0.));
#14331 = ( GEOMETRIC_REPRESENTATION_CONTEXT(2) 
PARAMETRIC_REPRESENTATION_CONTEXT() REPRESENTATION_CONTEXT('2D SPACE',''
  ) );
#14332 = ADVANCED_FACE('',(#14333),#8985,.F.);
#14333 = FACE_BOUND('',#14334,.F.);
#14334 = EDGE_LOOP('',(#14335,#14336,#14337,#14360));
#14335 = ORIENTED_EDGE('',*,*,#14312,.F.);
#14336 = ORIENTED_EDGE('',*,*,#8969,.T.);
#14337 = ORIENTED_EDGE('',*,*,#14338,.T.);
#14338 = EDGE_CURVE('',#8942,#14339,#14341,.T.);
#14339 = VERTEX_POINT('',#14340);
#14340 = CARTESIAN_POINT('',(-34.9,-1.2,8.));
#14341 = SURFACE_CURVE('',#14342,(#14346,#14353),.PCURVE_S1.);
#14342 = LINE('',#14343,#14344);
#14343 = CARTESIAN_POINT('',(-34.9,-1.2,0.));
#14344 = VECTOR('',#14345,1.);
#14345 = DIRECTION('',(0.,0.,1.));
#14346 = PCURVE('',#8985,#14347);
#14347 = DEFINITIONAL_REPRESENTATION('',(#14348),#14352);
#14348 = LINE('',#14349,#14350);
#14349 = CARTESIAN_POINT('',(0.,-2.4));
#14350 = VECTOR('',#14351,1.);
#14351 = DIRECTION('',(1.,0.));
#14352 = ( GEOMETRIC_REPRESENTATION_CONTEXT(2) 
PARAMETRIC_REPRESENTATION_CONTEXT() REPRESENTATION_CONTEXT('2D SPACE',''
  ) );
#14353 = PCURVE('',#8957,#14354);
#14354 = DEFINITIONAL_REPRESENTATION('',(#14355),#14359);
#14355 = LINE('',#14356,#14357);
#14356 = CARTESIAN_POINT('',(0.,1.9));
#14357 = VECTOR('',#14358,1.);
#14358 = DIRECTION('',(1.,0.));
#14359 = ( GEOMETRIC_REPRESENTATION_CONTEXT(2) 
PARAMETRIC_REPRESENTATION_CONTEXT() REPRESENTATION_CONTEXT('2D SPACE',''
  ) );
#14360 = ORIENTED_EDGE('',*,*,#14361,.F.);
#14361 = EDGE_CURVE('',#14290,#14339,#14362,.T.);
#14362 = SURFACE_CURVE('',#14363,(#14367,#14374),.PCURVE_S1.);
#14363 = LINE('',#14364,#14365);
#14364 = CARTESIAN_POINT('',(-34.9,1.2,8.));
#14365 = VECTOR('',#14366,1.);
#14366 = DIRECTION('',(-1.224646799147E-16,-1.,0.));
#14367 = PCURVE('',#8985,#14368);
#14368 = DEFINITIONAL_REPRESENTATION('',(#14369),#14373);
#14369 = LINE('',#14370,#14371);
#14370 = CARTESIAN_POINT('',(8.,0.));
#14371 = VECTOR('',#14372,1.);
#14372 = DIRECTION('',(0.,-1.));
#14373 = ( GEOMETRIC_REPRESENTATION_CONTEXT(2) 
PARAMETRIC_REPRESENTATION_CONTEXT() REPRESENTATION_CONTEXT('2D SPACE',''
  ) );
#14374 = PCURVE('',#13867,#14375);
#14375 = DEFINITIONAL_REPRESENTATION('',(#14376),#14380);
#14376 = LINE('',#14377,#14378);
#14377 = CARTESIAN_POINT('',(-34.9,1.2));
#14378 = VECTOR('',#14379,1.);
#14379 = DIRECTION('',(-1.224646799147E-16,-1.));
#14380 = ( GEOMETRIC_REPRESENTATION_CONTEXT(2) 
PARAMETRIC_REPRESENTATION_CONTEXT() REPRESENTATION_CONTEXT('2D SPACE',''
  ) );
#14381 = ADVANCED_FACE('',(#14382),#8957,.F.);
#14382 = FACE_BOUND('',#14383,.F.);
#14383 = EDGE_LOOP('',(#14384,#14385,#14406,#14427));
#14384 = ORIENTED_EDGE('',*,*,#8941,.F.);
#14385 = ORIENTED_EDGE('',*,*,#14386,.F.);
#14386 = EDGE_CURVE('',#14387,#8913,#14389,.T.);
#14387 = VERTEX_POINT('',#14388);
#14388 = CARTESIAN_POINT('',(-33.47850056379,-1.200000000001,8.));
#14389 = SURFACE_CURVE('',#14390,(#14394,#14400),.PCURVE_S1.);
#14390 = LINE('',#14391,#14392);
#14391 = CARTESIAN_POINT('',(-33.47850056379,-1.2,0.));
#14392 = VECTOR('',#14393,1.);
#14393 = DIRECTION('',(-0.,-0.,-1.));
#14394 = PCURVE('',#8957,#14395);
#14395 = DEFINITIONAL_REPRESENTATION('',(#14396),#14399);
#14396 = B_SPLINE_CURVE_WITH_KNOTS('',1,(#14397,#14398),.UNSPECIFIED.,
  .F.,.F.,(2,2),(-8.0000006,6.E-07),.PIECEWISE_BEZIER_KNOTS.);
#14397 = CARTESIAN_POINT('',(8.0000006,0.478500563795));
#14398 = CARTESIAN_POINT('',(-6.E-07,0.478500563795));
#14399 = ( GEOMETRIC_REPRESENTATION_CONTEXT(2) 
PARAMETRIC_REPRESENTATION_CONTEXT() REPRESENTATION_CONTEXT('2D SPACE',''
  ) );
#14400 = PCURVE('',#8929,#14401);
#14401 = DEFINITIONAL_REPRESENTATION('',(#14402),#14405);
#14402 = B_SPLINE_CURVE_WITH_KNOTS('',1,(#14403,#14404),.UNSPECIFIED.,
  .F.,.F.,(2,2),(-8.0000006,6.E-07),.PIECEWISE_BEZIER_KNOTS.);
#14403 = CARTESIAN_POINT('',(-3.177421214056,-8.0000006));
#14404 = CARTESIAN_POINT('',(-3.177421214056,6.E-07));
#14405 = ( GEOMETRIC_REPRESENTATION_CONTEXT(2) 
PARAMETRIC_REPRESENTATION_CONTEXT() REPRESENTATION_CONTEXT('2D SPACE',''
  ) );
#14406 = ORIENTED_EDGE('',*,*,#14407,.T.);
#14407 = EDGE_CURVE('',#14387,#14339,#14408,.T.);
#14408 = SURFACE_CURVE('',#14409,(#14413,#14420),.PCURVE_S1.);
#14409 = LINE('',#14410,#14411);
#14410 = CARTESIAN_POINT('',(-33.,-1.2,8.));
#14411 = VECTOR('',#14412,1.);
#14412 = DIRECTION('',(-1.,1.224646799147E-16,0.));
#14413 = PCURVE('',#8957,#14414);
#14414 = DEFINITIONAL_REPRESENTATION('',(#14415),#14419);
#14415 = LINE('',#14416,#14417);
#14416 = CARTESIAN_POINT('',(8.,0.));
#14417 = VECTOR('',#14418,1.);
#14418 = DIRECTION('',(0.,1.));
#14419 = ( GEOMETRIC_REPRESENTATION_CONTEXT(2) 
PARAMETRIC_REPRESENTATION_CONTEXT() REPRESENTATION_CONTEXT('2D SPACE',''
  ) );
#14420 = PCURVE('',#13867,#14421);
#14421 = DEFINITIONAL_REPRESENTATION('',(#14422),#14426);
#14422 = LINE('',#14423,#14424);
#14423 = CARTESIAN_POINT('',(-33.,-1.2));
#14424 = VECTOR('',#14425,1.);
#14425 = DIRECTION('',(-1.,1.224646799147E-16));
#14426 = ( GEOMETRIC_REPRESENTATION_CONTEXT(2) 
PARAMETRIC_REPRESENTATION_CONTEXT() REPRESENTATION_CONTEXT('2D SPACE',''
  ) );
#14427 = ORIENTED_EDGE('',*,*,#14338,.F.);
#14428 = ADVANCED_FACE('',(#14429),#8929,.F.);
#14429 = FACE_BOUND('',#14430,.T.);
#14430 = EDGE_LOOP('',(#14431,#14452,#14453,#14454));
#14431 = ORIENTED_EDGE('',*,*,#14432,.T.);
#14432 = EDGE_CURVE('',#14433,#8885,#14435,.T.);
#14433 = VERTEX_POINT('',#14434);
#14434 = CARTESIAN_POINT('',(-17.77848076643,-28.39323196885,8.));
#14435 = SURFACE_CURVE('',#14436,(#14440,#14446),.PCURVE_S1.);
#14436 = LINE('',#14437,#14438);
#14437 = CARTESIAN_POINT('',(-17.77848076643,-28.39323196885,0.));
#14438 = VECTOR('',#14439,1.);
#14439 = DIRECTION('',(-0.,-0.,-1.));
#14440 = PCURVE('',#8929,#14441);
#14441 = DEFINITIONAL_REPRESENTATION('',(#14442),#14445);
#14442 = B_SPLINE_CURVE_WITH_KNOTS('',1,(#14443,#14444),.UNSPECIFIED.,
  .F.,.F.,(2,2),(-8.0000006,6.E-07),.PIECEWISE_BEZIER_KNOTS.);
#14443 = CARTESIAN_POINT('',(-4.152961644321,-8.0000006));
#14444 = CARTESIAN_POINT('',(-4.152961644321,6.E-07));
#14445 = ( GEOMETRIC_REPRESENTATION_CONTEXT(2) 
PARAMETRIC_REPRESENTATION_CONTEXT() REPRESENTATION_CONTEXT('2D SPACE',''
  ) );
#14446 = PCURVE('',#8900,#14447);
#14447 = DEFINITIONAL_REPRESENTATION('',(#14448),#14451);
#14448 = B_SPLINE_CURVE_WITH_KNOTS('',1,(#14449,#14450),.UNSPECIFIED.,
  .F.,.F.,(2,2),(-8.0000006,6.E-07),.PIECEWISE_BEZIER_KNOTS.);
#14449 = CARTESIAN_POINT('',(8.0000006,0.478500563795));
#14450 = CARTESIAN_POINT('',(-6.E-07,0.478500563795));
#14451 = ( GEOMETRIC_REPRESENTATION_CONTEXT(2) 
PARAMETRIC_REPRESENTATION_CONTEXT() REPRESENTATION_CONTEXT('2D SPACE',''
  ) );
#14452 = ORIENTED_EDGE('',*,*,#8912,.F.);
#14453 = ORIENTED_EDGE('',*,*,#14386,.F.);
#14454 = ORIENTED_EDGE('',*,*,#14455,.T.);
#14455 = EDGE_CURVE('',#14387,#14433,#14456,.T.);
#14456 = SURFACE_CURVE('',#14457,(#14462,#14469),.PCURVE_S1.);
#14457 = CIRCLE('',#14458,33.5);
#14458 = AXIS2_PLACEMENT_3D('',#14459,#14460,#14461);
#14459 = CARTESIAN_POINT('',(0.,0.,8.));
#14460 = DIRECTION('',(0.,0.,1.));
#14461 = DIRECTION('',(1.,0.,0.));
#14462 = PCURVE('',#8929,#14463);
#14463 = DEFINITIONAL_REPRESENTATION('',(#14464),#14468);
#14464 = LINE('',#14465,#14466);
#14465 = CARTESIAN_POINT('',(-0.,-8.));
#14466 = VECTOR('',#14467,1.);
#14467 = DIRECTION('',(-1.,0.));
#14468 = ( GEOMETRIC_REPRESENTATION_CONTEXT(2) 
PARAMETRIC_REPRESENTATION_CONTEXT() REPRESENTATION_CONTEXT('2D SPACE',''
  ) );
#14469 = PCURVE('',#13867,#14470);
#14470 = DEFINITIONAL_REPRESENTATION('',(#14471),#14475);
#14471 = CIRCLE('',#14472,33.5);
#14472 = AXIS2_PLACEMENT_2D('',#14473,#14474);
#14473 = CARTESIAN_POINT('',(1.959317204833E-15,6.131078915947E-17));
#14474 = DIRECTION('',(1.,0.));
#14475 = ( GEOMETRIC_REPRESENTATION_CONTEXT(2) 
PARAMETRIC_REPRESENTATION_CONTEXT() REPRESENTATION_CONTEXT('2D SPACE',''
  ) );
#14476 = ADVANCED_FACE('',(#14477),#8900,.T.);
#14477 = FACE_BOUND('',#14478,.T.);
#14478 = EDGE_LOOP('',(#14479,#14480,#14481,#14504));
#14479 = ORIENTED_EDGE('',*,*,#8884,.F.);
#14480 = ORIENTED_EDGE('',*,*,#14432,.F.);
#14481 = ORIENTED_EDGE('',*,*,#14482,.T.);
#14482 = EDGE_CURVE('',#14433,#14483,#14485,.T.);
#14483 = VERTEX_POINT('',#14484);
#14484 = CARTESIAN_POINT('',(-18.48923048454,-29.62428659207,8.));
#14485 = SURFACE_CURVE('',#14486,(#14490,#14497),.PCURVE_S1.);
#14486 = LINE('',#14487,#14488);
#14487 = CARTESIAN_POINT('',(-17.53923048454,-27.97883832488,8.));
#14488 = VECTOR('',#14489,1.);
#14489 = DIRECTION('',(-0.5,-0.866025403784,0.));
#14490 = PCURVE('',#8900,#14491);
#14491 = DEFINITIONAL_REPRESENTATION('',(#14492),#14496);
#14492 = LINE('',#14493,#14494);
#14493 = CARTESIAN_POINT('',(8.,0.));
#14494 = VECTOR('',#14495,1.);
#14495 = DIRECTION('',(0.,1.));
#14496 = ( GEOMETRIC_REPRESENTATION_CONTEXT(2) 
PARAMETRIC_REPRESENTATION_CONTEXT() REPRESENTATION_CONTEXT('2D SPACE',''
  ) );
#14497 = PCURVE('',#13867,#14498);
#14498 = DEFINITIONAL_REPRESENTATION('',(#14499),#14503);
#14499 = LINE('',#14500,#14501);
#14500 = CARTESIAN_POINT('',(-17.53923048454,-27.97883832488));
#14501 = VECTOR('',#14502,1.);
#14502 = DIRECTION('',(-0.5,-0.866025403784));
#14503 = ( GEOMETRIC_REPRESENTATION_CONTEXT(2) 
PARAMETRIC_REPRESENTATION_CONTEXT() REPRESENTATION_CONTEXT('2D SPACE',''
  ) );
#14504 = ORIENTED_EDGE('',*,*,#14505,.F.);
#14505 = EDGE_CURVE('',#8857,#14483,#14506,.T.);
#14506 = SURFACE_CURVE('',#14507,(#14511,#14518),.PCURVE_S1.);
#14507 = LINE('',#14508,#14509);
#14508 = CARTESIAN_POINT('',(-18.48923048454,-29.62428659207,0.));
#14509 = VECTOR('',#14510,1.);
#14510 = DIRECTION('',(0.,0.,1.));
#14511 = PCURVE('',#8900,#14512);
#14512 = DEFINITIONAL_REPRESENTATION('',(#14513),#14517);
#14513 = LINE('',#14514,#14515);
#14514 = CARTESIAN_POINT('',(0.,1.9));
#14515 = VECTOR('',#14516,1.);
#14516 = DIRECTION('',(1.,0.));
#14517 = ( GEOMETRIC_REPRESENTATION_CONTEXT(2) 
PARAMETRIC_REPRESENTATION_CONTEXT() REPRESENTATION_CONTEXT('2D SPACE',''
  ) );
#14518 = PCURVE('',#8872,#14519);
#14519 = DEFINITIONAL_REPRESENTATION('',(#14520),#14524);
#14520 = LINE('',#14521,#14522);
#14521 = CARTESIAN_POINT('',(0.,0.));
#14522 = VECTOR('',#14523,1.);
#14523 = DIRECTION('',(1.,0.));
#14524 = ( GEOMETRIC_REPRESENTATION_CONTEXT(2) 
PARAMETRIC_REPRESENTATION_CONTEXT() REPRESENTATION_CONTEXT('2D SPACE',''
  ) );
#14525 = ADVANCED_FACE('',(#14526),#8872,.F.);
#14526 = FACE_BOUND('',#14527,.F.);
#14527 = EDGE_LOOP('',(#14528,#14529,#14530,#14553));
#14528 = ORIENTED_EDGE('',*,*,#14505,.F.);
#14529 = ORIENTED_EDGE('',*,*,#8856,.T.);
#14530 = ORIENTED_EDGE('',*,*,#14531,.T.);
#14531 = EDGE_CURVE('',#8829,#14532,#14534,.T.);
#14532 = VERTEX_POINT('',#14533);
#14533 = CARTESIAN_POINT('',(-16.41076951545,-30.82428659207,8.));
#14534 = SURFACE_CURVE('',#14535,(#14539,#14546),.PCURVE_S1.);
#14535 = LINE('',#14536,#14537);
#14536 = CARTESIAN_POINT('',(-16.41076951545,-30.82428659207,0.));
#14537 = VECTOR('',#14538,1.);
#14538 = DIRECTION('',(0.,0.,1.));
#14539 = PCURVE('',#8872,#14540);
#14540 = DEFINITIONAL_REPRESENTATION('',(#14541),#14545);
#14541 = LINE('',#14542,#14543);
#14542 = CARTESIAN_POINT('',(0.,-2.4));
#14543 = VECTOR('',#14544,1.);
#14544 = DIRECTION('',(1.,0.));
#14545 = ( GEOMETRIC_REPRESENTATION_CONTEXT(2) 
PARAMETRIC_REPRESENTATION_CONTEXT() REPRESENTATION_CONTEXT('2D SPACE',''
  ) );
#14546 = PCURVE('',#8844,#14547);
#14547 = DEFINITIONAL_REPRESENTATION('',(#14548),#14552);
#14548 = LINE('',#14549,#14550);
#14549 = CARTESIAN_POINT('',(0.,1.9));
#14550 = VECTOR('',#14551,1.);
#14551 = DIRECTION('',(1.,0.));
#14552 = ( GEOMETRIC_REPRESENTATION_CONTEXT(2) 
PARAMETRIC_REPRESENTATION_CONTEXT() REPRESENTATION_CONTEXT('2D SPACE',''
  ) );
#14553 = ORIENTED_EDGE('',*,*,#14554,.F.);
#14554 = EDGE_CURVE('',#14483,#14532,#14555,.T.);
#14555 = SURFACE_CURVE('',#14556,(#14560,#14567),.PCURVE_S1.);
#14556 = LINE('',#14557,#14558);
#14557 = CARTESIAN_POINT('',(-18.48923048454,-29.62428659207,8.));
#14558 = VECTOR('',#14559,1.);
#14559 = DIRECTION('',(0.866025403784,-0.5,0.));
#14560 = PCURVE('',#8872,#14561);
#14561 = DEFINITIONAL_REPRESENTATION('',(#14562),#14566);
#14562 = LINE('',#14563,#14564);
#14563 = CARTESIAN_POINT('',(8.,0.));
#14564 = VECTOR('',#14565,1.);
#14565 = DIRECTION('',(0.,-1.));
#14566 = ( GEOMETRIC_REPRESENTATION_CONTEXT(2) 
PARAMETRIC_REPRESENTATION_CONTEXT() REPRESENTATION_CONTEXT('2D SPACE',''
  ) );
#14567 = PCURVE('',#13867,#14568);
#14568 = DEFINITIONAL_REPRESENTATION('',(#14569),#14573);
#14569 = LINE('',#14570,#14571);
#14570 = CARTESIAN_POINT('',(-18.48923048454,-29.62428659207));
#14571 = VECTOR('',#14572,1.);
#14572 = DIRECTION('',(0.866025403784,-0.5));
#14573 = ( GEOMETRIC_REPRESENTATION_CONTEXT(2) 
PARAMETRIC_REPRESENTATION_CONTEXT() REPRESENTATION_CONTEXT('2D SPACE',''
  ) );
#14574 = ADVANCED_FACE('',(#14575),#8844,.F.);
#14575 = FACE_BOUND('',#14576,.F.);
#14576 = EDGE_LOOP('',(#14577,#14578,#14599,#14620));
#14577 = ORIENTED_EDGE('',*,*,#8828,.F.);
#14578 = ORIENTED_EDGE('',*,*,#14579,.F.);
#14579 = EDGE_CURVE('',#14580,#8800,#14582,.T.);
#14580 = VERTEX_POINT('',#14581);
#14581 = CARTESIAN_POINT('',(-15.70001979735,-29.59323196885,8.));
#14582 = SURFACE_CURVE('',#14583,(#14587,#14593),.PCURVE_S1.);
#14583 = LINE('',#14584,#14585);
#14584 = CARTESIAN_POINT('',(-15.70001979735,-29.59323196885,0.));
#14585 = VECTOR('',#14586,1.);
#14586 = DIRECTION('',(-0.,-0.,-1.));
#14587 = PCURVE('',#8844,#14588);
#14588 = DEFINITIONAL_REPRESENTATION('',(#14589),#14592);
#14589 = B_SPLINE_CURVE_WITH_KNOTS('',1,(#14590,#14591),.UNSPECIFIED.,
  .F.,.F.,(2,2),(-8.0000006,6.E-07),.PIECEWISE_BEZIER_KNOTS.);
#14590 = CARTESIAN_POINT('',(8.0000006,0.478500563795));
#14591 = CARTESIAN_POINT('',(-6.E-07,0.478500563795));
#14592 = ( GEOMETRIC_REPRESENTATION_CONTEXT(2) 
PARAMETRIC_REPRESENTATION_CONTEXT() REPRESENTATION_CONTEXT('2D SPACE',''
  ) );
#14593 = PCURVE('',#8816,#14594);
#14594 = DEFINITIONAL_REPRESENTATION('',(#14595),#14598);
#14595 = B_SPLINE_CURVE_WITH_KNOTS('',1,(#14596,#14597),.UNSPECIFIED.,
  .F.,.F.,(2,2),(-8.0000006,6.E-07),.PIECEWISE_BEZIER_KNOTS.);
#14596 = CARTESIAN_POINT('',(-4.224618765252,-8.0000006));
#14597 = CARTESIAN_POINT('',(-4.224618765252,6.E-07));
#14598 = ( GEOMETRIC_REPRESENTATION_CONTEXT(2) 
PARAMETRIC_REPRESENTATION_CONTEXT() REPRESENTATION_CONTEXT('2D SPACE',''
  ) );
#14599 = ORIENTED_EDGE('',*,*,#14600,.T.);
#14600 = EDGE_CURVE('',#14580,#14532,#14601,.T.);
#14601 = SURFACE_CURVE('',#14602,(#14606,#14613),.PCURVE_S1.);
#14602 = LINE('',#14603,#14604);
#14603 = CARTESIAN_POINT('',(-15.46076951545,-29.17883832488,8.));
#14604 = VECTOR('',#14605,1.);
#14605 = DIRECTION('',(-0.5,-0.866025403784,0.));
#14606 = PCURVE('',#8844,#14607);
#14607 = DEFINITIONAL_REPRESENTATION('',(#14608),#14612);
#14608 = LINE('',#14609,#14610);
#14609 = CARTESIAN_POINT('',(8.,0.));
#14610 = VECTOR('',#14611,1.);
#14611 = DIRECTION('',(0.,1.));
#14612 = ( GEOMETRIC_REPRESENTATION_CONTEXT(2) 
PARAMETRIC_REPRESENTATION_CONTEXT() REPRESENTATION_CONTEXT('2D SPACE',''
  ) );
#14613 = PCURVE('',#13867,#14614);
#14614 = DEFINITIONAL_REPRESENTATION('',(#14615),#14619);
#14615 = LINE('',#14616,#14617);
#14616 = CARTESIAN_POINT('',(-15.46076951545,-29.17883832488));
#14617 = VECTOR('',#14618,1.);
#14618 = DIRECTION('',(-0.5,-0.866025403784));
#14619 = ( GEOMETRIC_REPRESENTATION_CONTEXT(2) 
PARAMETRIC_REPRESENTATION_CONTEXT() REPRESENTATION_CONTEXT('2D SPACE',''
  ) );
#14620 = ORIENTED_EDGE('',*,*,#14531,.F.);
#14621 = ADVANCED_FACE('',(#14622),#8816,.F.);
#14622 = FACE_BOUND('',#14623,.T.);
#14623 = EDGE_LOOP('',(#14624,#14645,#14646,#14647));
#14624 = ORIENTED_EDGE('',*,*,#14625,.T.);
#14625 = EDGE_CURVE('',#14626,#8772,#14628,.T.);
#14626 = VERTEX_POINT('',#14627);
#14627 = CARTESIAN_POINT('',(15.700019797355,-29.59323196885,8.));
#14628 = SURFACE_CURVE('',#14629,(#14633,#14639),.PCURVE_S1.);
#14629 = LINE('',#14630,#14631);
#14630 = CARTESIAN_POINT('',(15.700019797356,-29.59323196885,0.));
#14631 = VECTOR('',#14632,1.);
#14632 = DIRECTION('',(-0.,-0.,-1.));
#14633 = PCURVE('',#8816,#14634);
#14634 = DEFINITIONAL_REPRESENTATION('',(#14635),#14638);
#14635 = B_SPLINE_CURVE_WITH_KNOTS('',1,(#14636,#14637),.UNSPECIFIED.,
  .F.,.F.,(2,2),(-8.0000006,6.E-07),.PIECEWISE_BEZIER_KNOTS.);
#14636 = CARTESIAN_POINT('',(-5.200159195517,-8.0000006));
#14637 = CARTESIAN_POINT('',(-5.200159195517,6.E-07));
#14638 = ( GEOMETRIC_REPRESENTATION_CONTEXT(2) 
PARAMETRIC_REPRESENTATION_CONTEXT() REPRESENTATION_CONTEXT('2D SPACE',''
  ) );
#14639 = PCURVE('',#8787,#14640);
#14640 = DEFINITIONAL_REPRESENTATION('',(#14641),#14644);
#14641 = B_SPLINE_CURVE_WITH_KNOTS('',1,(#14642,#14643),.UNSPECIFIED.,
  .F.,.F.,(2,2),(-8.0000006,6.E-07),.PIECEWISE_BEZIER_KNOTS.);
#14642 = CARTESIAN_POINT('',(8.0000006,0.478500563795));
#14643 = CARTESIAN_POINT('',(-6.E-07,0.478500563795));
#14644 = ( GEOMETRIC_REPRESENTATION_CONTEXT(2) 
PARAMETRIC_REPRESENTATION_CONTEXT() REPRESENTATION_CONTEXT('2D SPACE',''
  ) );
#14645 = ORIENTED_EDGE('',*,*,#8799,.F.);
#14646 = ORIENTED_EDGE('',*,*,#14579,.F.);
#14647 = ORIENTED_EDGE('',*,*,#14648,.T.);
#14648 = EDGE_CURVE('',#14580,#14626,#14649,.T.);
#14649 = SURFACE_CURVE('',#14650,(#14655,#14662),.PCURVE_S1.);
#14650 = CIRCLE('',#14651,33.5);
#14651 = AXIS2_PLACEMENT_3D('',#14652,#14653,#14654);
#14652 = CARTESIAN_POINT('',(0.,0.,8.));
#14653 = DIRECTION('',(0.,0.,1.));
#14654 = DIRECTION('',(1.,0.,0.));
#14655 = PCURVE('',#8816,#14656);
#14656 = DEFINITIONAL_REPRESENTATION('',(#14657),#14661);
#14657 = LINE('',#14658,#14659);
#14658 = CARTESIAN_POINT('',(-0.,-8.));
#14659 = VECTOR('',#14660,1.);
#14660 = DIRECTION('',(-1.,0.));
#14661 = ( GEOMETRIC_REPRESENTATION_CONTEXT(2) 
PARAMETRIC_REPRESENTATION_CONTEXT() REPRESENTATION_CONTEXT('2D SPACE',''
  ) );
#14662 = PCURVE('',#13867,#14663);
#14663 = DEFINITIONAL_REPRESENTATION('',(#14664),#14668);
#14664 = CIRCLE('',#14665,33.5);
#14665 = AXIS2_PLACEMENT_2D('',#14666,#14667);
#14666 = CARTESIAN_POINT('',(1.959317204833E-15,6.131078915947E-17));
#14667 = DIRECTION('',(1.,0.));
#14668 = ( GEOMETRIC_REPRESENTATION_CONTEXT(2) 
PARAMETRIC_REPRESENTATION_CONTEXT() REPRESENTATION_CONTEXT('2D SPACE',''
  ) );
#14669 = ADVANCED_FACE('',(#14670),#8787,.T.);
#14670 = FACE_BOUND('',#14671,.T.);
#14671 = EDGE_LOOP('',(#14672,#14673,#14674,#14697));
#14672 = ORIENTED_EDGE('',*,*,#8771,.F.);
#14673 = ORIENTED_EDGE('',*,*,#14625,.F.);
#14674 = ORIENTED_EDGE('',*,*,#14675,.T.);
#14675 = EDGE_CURVE('',#14626,#14676,#14678,.T.);
#14676 = VERTEX_POINT('',#14677);
#14677 = CARTESIAN_POINT('',(16.410769515459,-30.82428659207,8.));
#14678 = SURFACE_CURVE('',#14679,(#14683,#14690),.PCURVE_S1.);
#14679 = LINE('',#14680,#14681);
#14680 = CARTESIAN_POINT('',(15.460769515459,-29.17883832488,8.));
#14681 = VECTOR('',#14682,1.);
#14682 = DIRECTION('',(0.5,-0.866025403784,0.));
#14683 = PCURVE('',#8787,#14684);
#14684 = DEFINITIONAL_REPRESENTATION('',(#14685),#14689);
#14685 = LINE('',#14686,#14687);
#14686 = CARTESIAN_POINT('',(8.,0.));
#14687 = VECTOR('',#14688,1.);
#14688 = DIRECTION('',(0.,1.));
#14689 = ( GEOMETRIC_REPRESENTATION_CONTEXT(2) 
PARAMETRIC_REPRESENTATION_CONTEXT() REPRESENTATION_CONTEXT('2D SPACE',''
  ) );
#14690 = PCURVE('',#13867,#14691);
#14691 = DEFINITIONAL_REPRESENTATION('',(#14692),#14696);
#14692 = LINE('',#14693,#14694);
#14693 = CARTESIAN_POINT('',(15.460769515459,-29.17883832488));
#14694 = VECTOR('',#14695,1.);
#14695 = DIRECTION('',(0.5,-0.866025403784));
#14696 = ( GEOMETRIC_REPRESENTATION_CONTEXT(2) 
PARAMETRIC_REPRESENTATION_CONTEXT() REPRESENTATION_CONTEXT('2D SPACE',''
  ) );
#14697 = ORIENTED_EDGE('',*,*,#14698,.F.);
#14698 = EDGE_CURVE('',#8744,#14676,#14699,.T.);
#14699 = SURFACE_CURVE('',#14700,(#14704,#14711),.PCURVE_S1.);
#14700 = LINE('',#14701,#14702);
#14701 = CARTESIAN_POINT('',(16.410769515459,-30.82428659207,0.));
#14702 = VECTOR('',#14703,1.);
#14703 = DIRECTION('',(0.,0.,1.));
#14704 = PCURVE('',#8787,#14705);
#14705 = DEFINITIONAL_REPRESENTATION('',(#14706),#14710);
#14706 = LINE('',#14707,#14708);
#14707 = CARTESIAN_POINT('',(0.,1.9));
#14708 = VECTOR('',#14709,1.);
#14709 = DIRECTION('',(1.,0.));
#14710 = ( GEOMETRIC_REPRESENTATION_CONTEXT(2) 
PARAMETRIC_REPRESENTATION_CONTEXT() REPRESENTATION_CONTEXT('2D SPACE',''
  ) );
#14711 = PCURVE('',#8759,#14712);
#14712 = DEFINITIONAL_REPRESENTATION('',(#14713),#14717);
#14713 = LINE('',#14714,#14715);
#14714 = CARTESIAN_POINT('',(0.,0.));
#14715 = VECTOR('',#14716,1.);
#14716 = DIRECTION('',(1.,0.));
#14717 = ( GEOMETRIC_REPRESENTATION_CONTEXT(2) 
PARAMETRIC_REPRESENTATION_CONTEXT() REPRESENTATION_CONTEXT('2D SPACE',''
  ) );
#14718 = ADVANCED_FACE('',(#14719),#8759,.F.);
#14719 = FACE_BOUND('',#14720,.F.);
#14720 = EDGE_LOOP('',(#14721,#14722,#14723,#14746));
#14721 = ORIENTED_EDGE('',*,*,#14698,.F.);
#14722 = ORIENTED_EDGE('',*,*,#8743,.T.);
#14723 = ORIENTED_EDGE('',*,*,#14724,.T.);
#14724 = EDGE_CURVE('',#8716,#14725,#14727,.T.);
#14725 = VERTEX_POINT('',#14726);
#14726 = CARTESIAN_POINT('',(18.489230484541,-29.62428659207,8.));
#14727 = SURFACE_CURVE('',#14728,(#14732,#14739),.PCURVE_S1.);
#14728 = LINE('',#14729,#14730);
#14729 = CARTESIAN_POINT('',(18.489230484541,-29.62428659207,0.));
#14730 = VECTOR('',#14731,1.);
#14731 = DIRECTION('',(0.,0.,1.));
#14732 = PCURVE('',#8759,#14733);
#14733 = DEFINITIONAL_REPRESENTATION('',(#14734),#14738);
#14734 = LINE('',#14735,#14736);
#14735 = CARTESIAN_POINT('',(0.,-2.4));
#14736 = VECTOR('',#14737,1.);
#14737 = DIRECTION('',(1.,0.));
#14738 = ( GEOMETRIC_REPRESENTATION_CONTEXT(2) 
PARAMETRIC_REPRESENTATION_CONTEXT() REPRESENTATION_CONTEXT('2D SPACE',''
  ) );
#14739 = PCURVE('',#8731,#14740);
#14740 = DEFINITIONAL_REPRESENTATION('',(#14741),#14745);
#14741 = LINE('',#14742,#14743);
#14742 = CARTESIAN_POINT('',(0.,1.9));
#14743 = VECTOR('',#14744,1.);
#14744 = DIRECTION('',(1.,0.));
#14745 = ( GEOMETRIC_REPRESENTATION_CONTEXT(2) 
PARAMETRIC_REPRESENTATION_CONTEXT() REPRESENTATION_CONTEXT('2D SPACE',''
  ) );
#14746 = ORIENTED_EDGE('',*,*,#14747,.F.);
#14747 = EDGE_CURVE('',#14676,#14725,#14748,.T.);
#14748 = SURFACE_CURVE('',#14749,(#14753,#14760),.PCURVE_S1.);
#14749 = LINE('',#14750,#14751);
#14750 = CARTESIAN_POINT('',(16.410769515459,-30.82428659207,8.));
#14751 = VECTOR('',#14752,1.);
#14752 = DIRECTION('',(0.866025403784,0.5,0.));
#14753 = PCURVE('',#8759,#14754);
#14754 = DEFINITIONAL_REPRESENTATION('',(#14755),#14759);
#14755 = LINE('',#14756,#14757);
#14756 = CARTESIAN_POINT('',(8.,0.));
#14757 = VECTOR('',#14758,1.);
#14758 = DIRECTION('',(0.,-1.));
#14759 = ( GEOMETRIC_REPRESENTATION_CONTEXT(2) 
PARAMETRIC_REPRESENTATION_CONTEXT() REPRESENTATION_CONTEXT('2D SPACE',''
  ) );
#14760 = PCURVE('',#13867,#14761);
#14761 = DEFINITIONAL_REPRESENTATION('',(#14762),#14766);
#14762 = LINE('',#14763,#14764);
#14763 = CARTESIAN_POINT('',(16.410769515459,-30.82428659207));
#14764 = VECTOR('',#14765,1.);
#14765 = DIRECTION('',(0.866025403784,0.5));
#14766 = ( GEOMETRIC_REPRESENTATION_CONTEXT(2) 
PARAMETRIC_REPRESENTATION_CONTEXT() REPRESENTATION_CONTEXT('2D SPACE',''
  ) );
#14767 = ADVANCED_FACE('',(#14768),#8731,.F.);
#14768 = FACE_BOUND('',#14769,.F.);
#14769 = EDGE_LOOP('',(#14770,#14771,#14792,#14813));
#14770 = ORIENTED_EDGE('',*,*,#8715,.F.);
#14771 = ORIENTED_EDGE('',*,*,#14772,.F.);
#14772 = EDGE_CURVE('',#14773,#8687,#14775,.T.);
#14773 = VERTEX_POINT('',#14774);
#14774 = CARTESIAN_POINT('',(17.778480766439,-28.39323196885,8.));
#14775 = SURFACE_CURVE('',#14776,(#14780,#14786),.PCURVE_S1.);
#14776 = LINE('',#14777,#14778);
#14777 = CARTESIAN_POINT('',(17.778480766439,-28.39323196885,0.));
#14778 = VECTOR('',#14779,1.);
#14779 = DIRECTION('',(-0.,-0.,-1.));
#14780 = PCURVE('',#8731,#14781);
#14781 = DEFINITIONAL_REPRESENTATION('',(#14782),#14785);
#14782 = B_SPLINE_CURVE_WITH_KNOTS('',1,(#14783,#14784),.UNSPECIFIED.,
  .F.,.F.,(2,2),(-8.0000006,6.E-07),.PIECEWISE_BEZIER_KNOTS.);
#14783 = CARTESIAN_POINT('',(8.0000006,0.478500563795));
#14784 = CARTESIAN_POINT('',(-6.E-07,0.478500563795));
#14785 = ( GEOMETRIC_REPRESENTATION_CONTEXT(2) 
PARAMETRIC_REPRESENTATION_CONTEXT() REPRESENTATION_CONTEXT('2D SPACE',''
  ) );
#14786 = PCURVE('',#8703,#14787);
#14787 = DEFINITIONAL_REPRESENTATION('',(#14788),#14791);
#14788 = B_SPLINE_CURVE_WITH_KNOTS('',1,(#14789,#14790),.UNSPECIFIED.,
  .F.,.F.,(2,2),(-8.0000006,6.E-07),.PIECEWISE_BEZIER_KNOTS.);
#14789 = CARTESIAN_POINT('',(-5.271816316449,-8.0000006));
#14790 = CARTESIAN_POINT('',(-5.271816316449,6.E-07));
#14791 = ( GEOMETRIC_REPRESENTATION_CONTEXT(2) 
PARAMETRIC_REPRESENTATION_CONTEXT() REPRESENTATION_CONTEXT('2D SPACE',''
  ) );
#14792 = ORIENTED_EDGE('',*,*,#14793,.T.);
#14793 = EDGE_CURVE('',#14773,#14725,#14794,.T.);
#14794 = SURFACE_CURVE('',#14795,(#14799,#14806),.PCURVE_S1.);
#14795 = LINE('',#14796,#14797);
#14796 = CARTESIAN_POINT('',(17.539230484541,-27.97883832488,8.));
#14797 = VECTOR('',#14798,1.);
#14798 = DIRECTION('',(0.5,-0.866025403784,0.));
#14799 = PCURVE('',#8731,#14800);
#14800 = DEFINITIONAL_REPRESENTATION('',(#14801),#14805);
#14801 = LINE('',#14802,#14803);
#14802 = CARTESIAN_POINT('',(8.,0.));
#14803 = VECTOR('',#14804,1.);
#14804 = DIRECTION('',(0.,1.));
#14805 = ( GEOMETRIC_REPRESENTATION_CONTEXT(2) 
PARAMETRIC_REPRESENTATION_CONTEXT() REPRESENTATION_CONTEXT('2D SPACE',''
  ) );
#14806 = PCURVE('',#13867,#14807);
#14807 = DEFINITIONAL_REPRESENTATION('',(#14808),#14812);
#14808 = LINE('',#14809,#14810);
#14809 = CARTESIAN_POINT('',(17.539230484541,-27.97883832488));
#14810 = VECTOR('',#14811,1.);
#14811 = DIRECTION('',(0.5,-0.866025403784));
#14812 = ( GEOMETRIC_REPRESENTATION_CONTEXT(2) 
PARAMETRIC_REPRESENTATION_CONTEXT() REPRESENTATION_CONTEXT('2D SPACE',''
  ) );
#14813 = ORIENTED_EDGE('',*,*,#14724,.F.);
#14814 = ADVANCED_FACE('',(#14815),#8703,.F.);
#14815 = FACE_BOUND('',#14816,.T.);
#14816 = EDGE_LOOP('',(#14817,#14838,#14839,#14840));
#14817 = ORIENTED_EDGE('',*,*,#14818,.T.);
#14818 = EDGE_CURVE('',#14819,#8659,#14821,.T.);
#14819 = VERTEX_POINT('',#14820);
#14820 = CARTESIAN_POINT('',(33.478500563795,-1.2,8.));
#14821 = SURFACE_CURVE('',#14822,(#14826,#14832),.PCURVE_S1.);
#14822 = LINE('',#14823,#14824);
#14823 = CARTESIAN_POINT('',(33.478500563795,-1.2,0.));
#14824 = VECTOR('',#14825,1.);
#14825 = DIRECTION('',(-0.,-0.,-1.));
#14826 = PCURVE('',#8703,#14827);
#14827 = DEFINITIONAL_REPRESENTATION('',(#14828),#14831);
#14828 = B_SPLINE_CURVE_WITH_KNOTS('',1,(#14829,#14830),.UNSPECIFIED.,
  .F.,.F.,(2,2),(-8.0000006,6.E-07),.PIECEWISE_BEZIER_KNOTS.);
#14829 = CARTESIAN_POINT('',(-6.247356746714,-8.0000006));
#14830 = CARTESIAN_POINT('',(-6.247356746714,6.E-07));
#14831 = ( GEOMETRIC_REPRESENTATION_CONTEXT(2) 
PARAMETRIC_REPRESENTATION_CONTEXT() REPRESENTATION_CONTEXT('2D SPACE',''
  ) );
#14832 = PCURVE('',#8674,#14833);
#14833 = DEFINITIONAL_REPRESENTATION('',(#14834),#14837);
#14834 = B_SPLINE_CURVE_WITH_KNOTS('',1,(#14835,#14836),.UNSPECIFIED.,
  .F.,.F.,(2,2),(-8.0000006,6.E-07),.PIECEWISE_BEZIER_KNOTS.);
#14835 = CARTESIAN_POINT('',(8.0000006,0.478500563795));
#14836 = CARTESIAN_POINT('',(-6.E-07,0.478500563795));
#14837 = ( GEOMETRIC_REPRESENTATION_CONTEXT(2) 
PARAMETRIC_REPRESENTATION_CONTEXT() REPRESENTATION_CONTEXT('2D SPACE',''
  ) );
#14838 = ORIENTED_EDGE('',*,*,#8686,.F.);
#14839 = ORIENTED_EDGE('',*,*,#14772,.F.);
#14840 = ORIENTED_EDGE('',*,*,#14841,.T.);
#14841 = EDGE_CURVE('',#14773,#14819,#14842,.T.);
#14842 = SURFACE_CURVE('',#14843,(#14848,#14855),.PCURVE_S1.);
#14843 = CIRCLE('',#14844,33.5);
#14844 = AXIS2_PLACEMENT_3D('',#14845,#14846,#14847);
#14845 = CARTESIAN_POINT('',(0.,0.,8.));
#14846 = DIRECTION('',(0.,0.,1.));
#14847 = DIRECTION('',(1.,0.,0.));
#14848 = PCURVE('',#8703,#14849);
#14849 = DEFINITIONAL_REPRESENTATION('',(#14850),#14854);
#14850 = LINE('',#14851,#14852);
#14851 = CARTESIAN_POINT('',(-0.,-8.));
#14852 = VECTOR('',#14853,1.);
#14853 = DIRECTION('',(-1.,0.));
#14854 = ( GEOMETRIC_REPRESENTATION_CONTEXT(2) 
PARAMETRIC_REPRESENTATION_CONTEXT() REPRESENTATION_CONTEXT('2D SPACE',''
  ) );
#14855 = PCURVE('',#13867,#14856);
#14856 = DEFINITIONAL_REPRESENTATION('',(#14857),#14861);
#14857 = CIRCLE('',#14858,33.5);
#14858 = AXIS2_PLACEMENT_2D('',#14859,#14860);
#14859 = CARTESIAN_POINT('',(1.959317204833E-15,6.131078915947E-17));
#14860 = DIRECTION('',(1.,0.));
#14861 = ( GEOMETRIC_REPRESENTATION_CONTEXT(2) 
PARAMETRIC_REPRESENTATION_CONTEXT() REPRESENTATION_CONTEXT('2D SPACE',''
  ) );
#14862 = ADVANCED_FACE('',(#14863),#8674,.T.);
#14863 = FACE_BOUND('',#14864,.T.);
#14864 = EDGE_LOOP('',(#14865,#14866,#14867,#14890));
#14865 = ORIENTED_EDGE('',*,*,#8658,.F.);
#14866 = ORIENTED_EDGE('',*,*,#14818,.F.);
#14867 = ORIENTED_EDGE('',*,*,#14868,.T.);
#14868 = EDGE_CURVE('',#14819,#14869,#14871,.T.);
#14869 = VERTEX_POINT('',#14870);
#14870 = CARTESIAN_POINT('',(34.9,-1.2,8.));
#14871 = SURFACE_CURVE('',#14872,(#14876,#14883),.PCURVE_S1.);
#14872 = LINE('',#14873,#14874);
#14873 = CARTESIAN_POINT('',(33.,-1.2,8.));
#14874 = VECTOR('',#14875,1.);
#14875 = DIRECTION('',(1.,0.,0.));
#14876 = PCURVE('',#8674,#14877);
#14877 = DEFINITIONAL_REPRESENTATION('',(#14878),#14882);
#14878 = LINE('',#14879,#14880);
#14879 = CARTESIAN_POINT('',(8.,0.));
#14880 = VECTOR('',#14881,1.);
#14881 = DIRECTION('',(0.,1.));
#14882 = ( GEOMETRIC_REPRESENTATION_CONTEXT(2) 
PARAMETRIC_REPRESENTATION_CONTEXT() REPRESENTATION_CONTEXT('2D SPACE',''
  ) );
#14883 = PCURVE('',#13867,#14884);
#14884 = DEFINITIONAL_REPRESENTATION('',(#14885),#14889);
#14885 = LINE('',#14886,#14887);
#14886 = CARTESIAN_POINT('',(33.,-1.2));
#14887 = VECTOR('',#14888,1.);
#14888 = DIRECTION('',(1.,0.));
#14889 = ( GEOMETRIC_REPRESENTATION_CONTEXT(2) 
PARAMETRIC_REPRESENTATION_CONTEXT() REPRESENTATION_CONTEXT('2D SPACE',''
  ) );
#14890 = ORIENTED_EDGE('',*,*,#14891,.F.);
#14891 = EDGE_CURVE('',#8631,#14869,#14892,.T.);
#14892 = SURFACE_CURVE('',#14893,(#14897,#14904),.PCURVE_S1.);
#14893 = LINE('',#14894,#14895);
#14894 = CARTESIAN_POINT('',(34.9,-1.2,0.));
#14895 = VECTOR('',#14896,1.);
#14896 = DIRECTION('',(0.,0.,1.));
#14897 = PCURVE('',#8674,#14898);
#14898 = DEFINITIONAL_REPRESENTATION('',(#14899),#14903);
#14899 = LINE('',#14900,#14901);
#14900 = CARTESIAN_POINT('',(0.,1.9));
#14901 = VECTOR('',#14902,1.);
#14902 = DIRECTION('',(1.,0.));
#14903 = ( GEOMETRIC_REPRESENTATION_CONTEXT(2) 
PARAMETRIC_REPRESENTATION_CONTEXT() REPRESENTATION_CONTEXT('2D SPACE',''
  ) );
#14904 = PCURVE('',#8646,#14905);
#14905 = DEFINITIONAL_REPRESENTATION('',(#14906),#14910);
#14906 = LINE('',#14907,#14908);
#14907 = CARTESIAN_POINT('',(0.,0.));
#14908 = VECTOR('',#14909,1.);
#14909 = DIRECTION('',(1.,0.));
#14910 = ( GEOMETRIC_REPRESENTATION_CONTEXT(2) 
PARAMETRIC_REPRESENTATION_CONTEXT() REPRESENTATION_CONTEXT('2D SPACE',''
  ) );
#14911 = ADVANCED_FACE('',(#14912),#8646,.F.);
#14912 = FACE_BOUND('',#14913,.F.);
#14913 = EDGE_LOOP('',(#14914,#14915,#14916,#14939));
#14914 = ORIENTED_EDGE('',*,*,#14891,.F.);
#14915 = ORIENTED_EDGE('',*,*,#8630,.T.);
#14916 = ORIENTED_EDGE('',*,*,#14917,.T.);
#14917 = EDGE_CURVE('',#8603,#14918,#14920,.T.);
#14918 = VERTEX_POINT('',#14919);
#14919 = CARTESIAN_POINT('',(34.9,1.2,8.));
#14920 = SURFACE_CURVE('',#14921,(#14925,#14932),.PCURVE_S1.);
#14921 = LINE('',#14922,#14923);
#14922 = CARTESIAN_POINT('',(34.9,1.2,0.));
#14923 = VECTOR('',#14924,1.);
#14924 = DIRECTION('',(0.,0.,1.));
#14925 = PCURVE('',#8646,#14926);
#14926 = DEFINITIONAL_REPRESENTATION('',(#14927),#14931);
#14927 = LINE('',#14928,#14929);
#14928 = CARTESIAN_POINT('',(0.,-2.4));
#14929 = VECTOR('',#14930,1.);
#14930 = DIRECTION('',(1.,0.));
#14931 = ( GEOMETRIC_REPRESENTATION_CONTEXT(2) 
PARAMETRIC_REPRESENTATION_CONTEXT() REPRESENTATION_CONTEXT('2D SPACE',''
  ) );
#14932 = PCURVE('',#8618,#14933);
#14933 = DEFINITIONAL_REPRESENTATION('',(#14934),#14938);
#14934 = LINE('',#14935,#14936);
#14935 = CARTESIAN_POINT('',(0.,1.9));
#14936 = VECTOR('',#14937,1.);
#14937 = DIRECTION('',(1.,0.));
#14938 = ( GEOMETRIC_REPRESENTATION_CONTEXT(2) 
PARAMETRIC_REPRESENTATION_CONTEXT() REPRESENTATION_CONTEXT('2D SPACE',''
  ) );
#14939 = ORIENTED_EDGE('',*,*,#14940,.F.);
#14940 = EDGE_CURVE('',#14869,#14918,#14941,.T.);
#14941 = SURFACE_CURVE('',#14942,(#14946,#14953),.PCURVE_S1.);
#14942 = LINE('',#14943,#14944);
#14943 = CARTESIAN_POINT('',(34.9,-1.2,8.));
#14944 = VECTOR('',#14945,1.);
#14945 = DIRECTION('',(0.,1.,0.));
#14946 = PCURVE('',#8646,#14947);
#14947 = DEFINITIONAL_REPRESENTATION('',(#14948),#14952);
#14948 = LINE('',#14949,#14950);
#14949 = CARTESIAN_POINT('',(8.,0.));
#14950 = VECTOR('',#14951,1.);
#14951 = DIRECTION('',(0.,-1.));
#14952 = ( GEOMETRIC_REPRESENTATION_CONTEXT(2) 
PARAMETRIC_REPRESENTATION_CONTEXT() REPRESENTATION_CONTEXT('2D SPACE',''
  ) );
#14953 = PCURVE('',#13867,#14954);
#14954 = DEFINITIONAL_REPRESENTATION('',(#14955),#14959);
#14955 = LINE('',#14956,#14957);
#14956 = CARTESIAN_POINT('',(34.9,-1.2));
#14957 = VECTOR('',#14958,1.);
#14958 = DIRECTION('',(0.,1.));
#14959 = ( GEOMETRIC_REPRESENTATION_CONTEXT(2) 
PARAMETRIC_REPRESENTATION_CONTEXT() REPRESENTATION_CONTEXT('2D SPACE',''
  ) );
#14960 = ADVANCED_FACE('',(#14961),#8618,.F.);
#14961 = FACE_BOUND('',#14962,.F.);
#14962 = EDGE_LOOP('',(#14963,#14964,#14965,#14986));
#14963 = ORIENTED_EDGE('',*,*,#8602,.F.);
#14964 = ORIENTED_EDGE('',*,*,#13829,.F.);
#14965 = ORIENTED_EDGE('',*,*,#14966,.T.);
#14966 = EDGE_CURVE('',#13830,#14918,#14967,.T.);
#14967 = SURFACE_CURVE('',#14968,(#14972,#14979),.PCURVE_S1.);
#14968 = LINE('',#14969,#14970);
#14969 = CARTESIAN_POINT('',(33.,1.2,8.));
#14970 = VECTOR('',#14971,1.);
#14971 = DIRECTION('',(1.,0.,0.));
#14972 = PCURVE('',#8618,#14973);
#14973 = DEFINITIONAL_REPRESENTATION('',(#14974),#14978);
#14974 = LINE('',#14975,#14976);
#14975 = CARTESIAN_POINT('',(8.,0.));
#14976 = VECTOR('',#14977,1.);
#14977 = DIRECTION('',(0.,1.));
#14978 = ( GEOMETRIC_REPRESENTATION_CONTEXT(2) 
PARAMETRIC_REPRESENTATION_CONTEXT() REPRESENTATION_CONTEXT('2D SPACE',''
  ) );
#14979 = PCURVE('',#13867,#14980);
#14980 = DEFINITIONAL_REPRESENTATION('',(#14981),#14985);
#14981 = LINE('',#14982,#14983);
#14982 = CARTESIAN_POINT('',(33.,1.2));
#14983 = VECTOR('',#14984,1.);
#14984 = DIRECTION('',(1.,0.));
#14985 = ( GEOMETRIC_REPRESENTATION_CONTEXT(2) 
PARAMETRIC_REPRESENTATION_CONTEXT() REPRESENTATION_CONTEXT('2D SPACE',''
  ) );
#14986 = ORIENTED_EDGE('',*,*,#14917,.F.);
#14987 = ADVANCED_FACE('',(#14988),#9291,.F.);
#14988 = FACE_BOUND('',#14989,.F.);
#14989 = EDGE_LOOP('',(#14990,#14991,#14992,#14993));
#14990 = ORIENTED_EDGE('',*,*,#9273,.F.);
#14991 = ORIENTED_EDGE('',*,*,#9439,.F.);
#14992 = ORIENTED_EDGE('',*,*,#9468,.T.);
#14993 = ORIENTED_EDGE('',*,*,#14994,.T.);
#14994 = EDGE_CURVE('',#9469,#9276,#14995,.T.);
#14995 = SURFACE_CURVE('',#14996,(#15001,#15008),.PCURVE_S1.);
#14996 = HYPERBOLA('',#14997,33.,33.);
#14997 = AXIS2_PLACEMENT_3D('',#14998,#14999,#15000);
#14998 = CARTESIAN_POINT('',(-28.57883832488,-16.5,-24.5));
#14999 = DIRECTION('',(0.866025403784,0.5,0.));
#15000 = DIRECTION('',(-0.,0.,1.));
#15001 = PCURVE('',#9291,#15002);
#15002 = DEFINITIONAL_REPRESENTATION('',(#15003),#15007);
#15003 = ( BOUNDED_CURVE() B_SPLINE_CURVE(2,(#15004,#15005,#15006),
.UNSPECIFIED.,.F.,.F.) B_SPLINE_CURVE_WITH_KNOTS((3,3),(
    -3.635562710402E-02,3.635562710402E-02),.PIECEWISE_BEZIER_KNOTS.) 
CURVE() GEOMETRIC_REPRESENTATION_ITEM() RATIONAL_B_SPLINE_CURVE((1.,
1.000660938605,1.)) REPRESENTATION_ITEM('') );
#15004 = CARTESIAN_POINT('',(34.021810973961,-2.2));
#15005 = CARTESIAN_POINT('',(33.978203432232,-1.));
#15006 = CARTESIAN_POINT('',(34.021810973961,0.2));
#15007 = ( GEOMETRIC_REPRESENTATION_CONTEXT(2) 
PARAMETRIC_REPRESENTATION_CONTEXT() REPRESENTATION_CONTEXT('2D SPACE',''
  ) );
#15008 = PCURVE('',#9393,#15009);
#15009 = DEFINITIONAL_REPRESENTATION('',(#15010),#15017);
#15010 = B_SPLINE_CURVE_WITH_KNOTS('',5,(#15011,#15012,#15013,#15014,
    #15015,#15016),.UNSPECIFIED.,.F.,.F.,(6,6),(-3.635562710402E-02,
    3.635562710402E-02),.PIECEWISE_BEZIER_KNOTS.);
#15011 = CARTESIAN_POINT('',(3.628843808169,0.521810973961));
#15012 = CARTESIAN_POINT('',(3.643376453824,0.504360272951));
#15013 = CARTESIAN_POINT('',(3.657918699378,0.49563876615));
#15014 = CARTESIAN_POINT('',(3.672464158999,0.49563876615));
#15015 = CARTESIAN_POINT('',(3.687006404552,0.504360272951));
#15016 = CARTESIAN_POINT('',(3.701539050207,0.521810973961));
#15017 = ( GEOMETRIC_REPRESENTATION_CONTEXT(2) 
PARAMETRIC_REPRESENTATION_CONTEXT() REPRESENTATION_CONTEXT('2D SPACE',''
  ) );
#15018 = ADVANCED_FACE('',(#15019),#9393,.F.);
#15019 = FACE_BOUND('',#15020,.F.);
#15020 = EDGE_LOOP('',(#15021,#15043,#15065,#15066,#15087,#15088,#15089,
    #15090));
#15021 = ORIENTED_EDGE('',*,*,#15022,.F.);
#15022 = EDGE_CURVE('',#15023,#15025,#15027,.T.);
#15023 = VERTEX_POINT('',#15024);
#15024 = CARTESIAN_POINT('',(32.5,0.,8.));
#15025 = VERTEX_POINT('',#15026);
#15026 = CARTESIAN_POINT('',(33.5,0.,9.));
#15027 = SEAM_CURVE('',#15028,(#15031,#15037),.PCURVE_S1.);
#15028 = B_SPLINE_CURVE_WITH_KNOTS('',1,(#15029,#15030),.UNSPECIFIED.,
  .F.,.F.,(2,2),(0.,1.),.PIECEWISE_BEZIER_KNOTS.);
#15029 = CARTESIAN_POINT('',(32.5,0.,8.));
#15030 = CARTESIAN_POINT('',(33.5,0.,9.));
#15031 = PCURVE('',#9393,#15032);
#15032 = DEFINITIONAL_REPRESENTATION('',(#15033),#15036);
#15033 = B_SPLINE_CURVE_WITH_KNOTS('',1,(#15034,#15035),.UNSPECIFIED.,
  .F.,.F.,(2,2),(0.,1.),.PIECEWISE_BEZIER_KNOTS.);
#15034 = CARTESIAN_POINT('',(0.,0.));
#15035 = CARTESIAN_POINT('',(0.,1.));
#15036 = ( GEOMETRIC_REPRESENTATION_CONTEXT(2) 
PARAMETRIC_REPRESENTATION_CONTEXT() REPRESENTATION_CONTEXT('2D SPACE',''
  ) );
#15037 = PCURVE('',#9393,#15038);
#15038 = DEFINITIONAL_REPRESENTATION('',(#15039),#15042);
#15039 = B_SPLINE_CURVE_WITH_KNOTS('',1,(#15040,#15041),.UNSPECIFIED.,
  .F.,.F.,(2,2),(0.,1.),.PIECEWISE_BEZIER_KNOTS.);
#15040 = CARTESIAN_POINT('',(6.28318530718,0.));
#15041 = CARTESIAN_POINT('',(6.28318530718,1.));
#15042 = ( GEOMETRIC_REPRESENTATION_CONTEXT(2) 
PARAMETRIC_REPRESENTATION_CONTEXT() REPRESENTATION_CONTEXT('2D SPACE',''
  ) );
#15043 = ORIENTED_EDGE('',*,*,#15044,.T.);
#15044 = EDGE_CURVE('',#15023,#15023,#15045,.T.);
#15045 = SURFACE_CURVE('',#15046,(#15051,#15058),.PCURVE_S1.);
#15046 = CIRCLE('',#15047,32.5);
#15047 = AXIS2_PLACEMENT_3D('',#15048,#15049,#15050);
#15048 = CARTESIAN_POINT('',(0.,0.,8.));
#15049 = DIRECTION('',(0.,0.,1.));
#15050 = DIRECTION('',(1.,0.,0.));
#15051 = PCURVE('',#9393,#15052);
#15052 = DEFINITIONAL_REPRESENTATION('',(#15053),#15057);
#15053 = LINE('',#15054,#15055);
#15054 = CARTESIAN_POINT('',(0.,0.));
#15055 = VECTOR('',#15056,1.);
#15056 = DIRECTION('',(1.,0.));
#15057 = ( GEOMETRIC_REPRESENTATION_CONTEXT(2) 
PARAMETRIC_REPRESENTATION_CONTEXT() REPRESENTATION_CONTEXT('2D SPACE',''
  ) );
#15058 = PCURVE('',#13867,#15059);
#15059 = DEFINITIONAL_REPRESENTATION('',(#15060),#15064);
#15060 = CIRCLE('',#15061,32.5);
#15061 = AXIS2_PLACEMENT_2D('',#15062,#15063);
#15062 = CARTESIAN_POINT('',(1.959317204833E-15,6.131078915947E-17));
#15063 = DIRECTION('',(1.,0.));
#15064 = ( GEOMETRIC_REPRESENTATION_CONTEXT(2) 
PARAMETRIC_REPRESENTATION_CONTEXT() REPRESENTATION_CONTEXT('2D SPACE',''
  ) );
#15065 = ORIENTED_EDGE('',*,*,#15022,.T.);
#15066 = ORIENTED_EDGE('',*,*,#15067,.F.);
#15067 = EDGE_CURVE('',#9353,#15025,#15068,.T.);
#15068 = SURFACE_CURVE('',#15069,(#15074,#15081),.PCURVE_S1.);
#15069 = CIRCLE('',#15070,33.5);
#15070 = AXIS2_PLACEMENT_3D('',#15071,#15072,#15073);
#15071 = CARTESIAN_POINT('',(0.,0.,9.));
#15072 = DIRECTION('',(0.,0.,1.));
#15073 = DIRECTION('',(1.,0.,0.));
#15074 = PCURVE('',#9393,#15075);
#15075 = DEFINITIONAL_REPRESENTATION('',(#15076),#15080);
#15076 = LINE('',#15077,#15078);
#15077 = CARTESIAN_POINT('',(0.,1.));
#15078 = VECTOR('',#15079,1.);
#15079 = DIRECTION('',(1.,0.));
#15080 = ( GEOMETRIC_REPRESENTATION_CONTEXT(2) 
PARAMETRIC_REPRESENTATION_CONTEXT() REPRESENTATION_CONTEXT('2D SPACE',''
  ) );
#15081 = PCURVE('',#9367,#15082);
#15082 = DEFINITIONAL_REPRESENTATION('',(#15083),#15086);
#15083 = B_SPLINE_CURVE_WITH_KNOTS('',1,(#15084,#15085),.UNSPECIFIED.,
  .F.,.F.,(2,2),(0.,6.28318530718),.PIECEWISE_BEZIER_KNOTS.);
#15084 = CARTESIAN_POINT('',(0.,0.));
#15085 = CARTESIAN_POINT('',(-6.28318530718,0.));
#15086 = ( GEOMETRIC_REPRESENTATION_CONTEXT(2) 
PARAMETRIC_REPRESENTATION_CONTEXT() REPRESENTATION_CONTEXT('2D SPACE',''
  ) );
#15087 = ORIENTED_EDGE('',*,*,#9378,.T.);
#15088 = ORIENTED_EDGE('',*,*,#14994,.F.);
#15089 = ORIENTED_EDGE('',*,*,#9537,.F.);
#15090 = ORIENTED_EDGE('',*,*,#15091,.F.);
#15091 = EDGE_CURVE('',#15025,#9517,#15092,.T.);
#15092 = SURFACE_CURVE('',#15093,(#15098,#15105),.PCURVE_S1.);
#15093 = CIRCLE('',#15094,33.5);
#15094 = AXIS2_PLACEMENT_3D('',#15095,#15096,#15097);
#15095 = CARTESIAN_POINT('',(0.,0.,9.));
#15096 = DIRECTION('',(0.,0.,1.));
#15097 = DIRECTION('',(1.,0.,0.));
#15098 = PCURVE('',#9393,#15099);
#15099 = DEFINITIONAL_REPRESENTATION('',(#15100),#15104);
#15100 = LINE('',#15101,#15102);
#15101 = CARTESIAN_POINT('',(0.,1.));
#15102 = VECTOR('',#15103,1.);
#15103 = DIRECTION('',(1.,0.));
#15104 = ( GEOMETRIC_REPRESENTATION_CONTEXT(2) 
PARAMETRIC_REPRESENTATION_CONTEXT() REPRESENTATION_CONTEXT('2D SPACE',''
  ) );
#15105 = PCURVE('',#9367,#15106);
#15106 = DEFINITIONAL_REPRESENTATION('',(#15107),#15110);
#15107 = B_SPLINE_CURVE_WITH_KNOTS('',1,(#15108,#15109),.UNSPECIFIED.,
  .F.,.F.,(2,2),(0.,6.28318530718),.PIECEWISE_BEZIER_KNOTS.);
#15108 = CARTESIAN_POINT('',(0.,0.));
#15109 = CARTESIAN_POINT('',(-6.28318530718,0.));
#15110 = ( GEOMETRIC_REPRESENTATION_CONTEXT(2) 
PARAMETRIC_REPRESENTATION_CONTEXT() REPRESENTATION_CONTEXT('2D SPACE',''
  ) );
#15111 = ADVANCED_FACE('',(#15112),#9367,.F.);
#15112 = FACE_BOUND('',#15113,.T.);
#15113 = EDGE_LOOP('',(#15114,#15115,#15138,#15159,#15160,#15161,#15162,
    #15163));
#15114 = ORIENTED_EDGE('',*,*,#15091,.F.);
#15115 = ORIENTED_EDGE('',*,*,#15116,.T.);
#15116 = EDGE_CURVE('',#15025,#15117,#15119,.T.);
#15117 = VERTEX_POINT('',#15118);
#15118 = CARTESIAN_POINT('',(33.5,0.,42.));
#15119 = SEAM_CURVE('',#15120,(#15124,#15131),.PCURVE_S1.);
#15120 = LINE('',#15121,#15122);
#15121 = CARTESIAN_POINT('',(33.5,0.,9.));
#15122 = VECTOR('',#15123,1.);
#15123 = DIRECTION('',(0.,0.,1.));
#15124 = PCURVE('',#9367,#15125);
#15125 = DEFINITIONAL_REPRESENTATION('',(#15126),#15130);
#15126 = LINE('',#15127,#15128);
#15127 = CARTESIAN_POINT('',(-6.28318530718,0.));
#15128 = VECTOR('',#15129,1.);
#15129 = DIRECTION('',(-0.,-1.));
#15130 = ( GEOMETRIC_REPRESENTATION_CONTEXT(2) 
PARAMETRIC_REPRESENTATION_CONTEXT() REPRESENTATION_CONTEXT('2D SPACE',''
  ) );
#15131 = PCURVE('',#9367,#15132);
#15132 = DEFINITIONAL_REPRESENTATION('',(#15133),#15137);
#15133 = LINE('',#15134,#15135);
#15134 = CARTESIAN_POINT('',(-0.,0.));
#15135 = VECTOR('',#15136,1.);
#15136 = DIRECTION('',(-0.,-1.));
#15137 = ( GEOMETRIC_REPRESENTATION_CONTEXT(2) 
PARAMETRIC_REPRESENTATION_CONTEXT() REPRESENTATION_CONTEXT('2D SPACE',''
  ) );
#15138 = ORIENTED_EDGE('',*,*,#15139,.T.);
#15139 = EDGE_CURVE('',#15117,#15117,#15140,.T.);
#15140 = SURFACE_CURVE('',#15141,(#15146,#15153),.PCURVE_S1.);
#15141 = CIRCLE('',#15142,33.5);
#15142 = AXIS2_PLACEMENT_3D('',#15143,#15144,#15145);
#15143 = CARTESIAN_POINT('',(0.,0.,42.));
#15144 = DIRECTION('',(0.,0.,1.));
#15145 = DIRECTION('',(1.,0.,0.));
#15146 = PCURVE('',#9367,#15147);
#15147 = DEFINITIONAL_REPRESENTATION('',(#15148),#15152);
#15148 = LINE('',#15149,#15150);
#15149 = CARTESIAN_POINT('',(-0.,-33.));
#15150 = VECTOR('',#15151,1.);
#15151 = DIRECTION('',(-1.,0.));
#15152 = ( GEOMETRIC_REPRESENTATION_CONTEXT(2) 
PARAMETRIC_REPRESENTATION_CONTEXT() REPRESENTATION_CONTEXT('2D SPACE',''
  ) );
#15153 = PCURVE('',#9669,#15154);
#15154 = DEFINITIONAL_REPRESENTATION('',(#15155),#15158);
#15155 = B_SPLINE_CURVE_WITH_KNOTS('',1,(#15156,#15157),.UNSPECIFIED.,
  .F.,.F.,(2,2),(0.,6.28318530718),.PIECEWISE_BEZIER_KNOTS.);
#15156 = CARTESIAN_POINT('',(0.,0.));
#15157 = CARTESIAN_POINT('',(-6.28318530718,0.));
#15158 = ( GEOMETRIC_REPRESENTATION_CONTEXT(2) 
PARAMETRIC_REPRESENTATION_CONTEXT() REPRESENTATION_CONTEXT('2D SPACE',''
  ) );
#15159 = ORIENTED_EDGE('',*,*,#15116,.F.);
#15160 = ORIENTED_EDGE('',*,*,#15067,.F.);
#15161 = ORIENTED_EDGE('',*,*,#9352,.F.);
#15162 = ORIENTED_EDGE('',*,*,#9568,.T.);
#15163 = ORIENTED_EDGE('',*,*,#9516,.T.);
#15164 = ADVANCED_FACE('',(#15165),#9669,.F.);
#15165 = FACE_BOUND('',#15166,.F.);
#15166 = EDGE_LOOP('',(#15167,#15168,#15186,#15187));
#15167 = ORIENTED_EDGE('',*,*,#15139,.T.);
#15168 = ORIENTED_EDGE('',*,*,#15169,.T.);
#15169 = EDGE_CURVE('',#15117,#9653,#15170,.T.);
#15170 = SEAM_CURVE('',#15171,(#15174,#15180),.PCURVE_S1.);
#15171 = B_SPLINE_CURVE_WITH_KNOTS('',1,(#15172,#15173),.UNSPECIFIED.,
  .F.,.F.,(2,2),(0.,1.),.PIECEWISE_BEZIER_KNOTS.);
#15172 = CARTESIAN_POINT('',(33.5,0.,42.));
#15173 = CARTESIAN_POINT('',(32.5,0.,43.));
#15174 = PCURVE('',#9669,#15175);
#15175 = DEFINITIONAL_REPRESENTATION('',(#15176),#15179);
#15176 = B_SPLINE_CURVE_WITH_KNOTS('',1,(#15177,#15178),.UNSPECIFIED.,
  .F.,.F.,(2,2),(0.,1.),.PIECEWISE_BEZIER_KNOTS.);
#15177 = CARTESIAN_POINT('',(-6.28318530718,0.));
#15178 = CARTESIAN_POINT('',(-6.28318530718,-1.));
#15179 = ( GEOMETRIC_REPRESENTATION_CONTEXT(2) 
PARAMETRIC_REPRESENTATION_CONTEXT() REPRESENTATION_CONTEXT('2D SPACE',''
  ) );
#15180 = PCURVE('',#9669,#15181);
#15181 = DEFINITIONAL_REPRESENTATION('',(#15182),#15185);
#15182 = B_SPLINE_CURVE_WITH_KNOTS('',1,(#15183,#15184),.UNSPECIFIED.,
  .F.,.F.,(2,2),(0.,1.),.PIECEWISE_BEZIER_KNOTS.);
#15183 = CARTESIAN_POINT('',(0.,0.));
#15184 = CARTESIAN_POINT('',(0.,-1.));
#15185 = ( GEOMETRIC_REPRESENTATION_CONTEXT(2) 
PARAMETRIC_REPRESENTATION_CONTEXT() REPRESENTATION_CONTEXT('2D SPACE',''
  ) );
#15186 = ORIENTED_EDGE('',*,*,#9652,.F.);
#15187 = ORIENTED_EDGE('',*,*,#15169,.F.);
#15188 = ADVANCED_FACE('',(#15189,#15192),#9722,.F.);
#15189 = FACE_BOUND('',#15190,.F.);
#15190 = EDGE_LOOP('',(#15191));
#15191 = ORIENTED_EDGE('',*,*,#9705,.T.);
#15192 = FACE_BOUND('',#15193,.F.);
#15193 = EDGE_LOOP('',(#15194,#15216,#15238,#15260,#15282,#15304,#15326,
    #15348,#15370,#15392,#15414,#15436,#15458,#15480,#15502,#15524,
    #15546,#15568,#15590,#15612,#15634,#15656,#15678,#15700,#15722,
    #15744,#15766,#15788,#15810,#15832));
#15194 = ORIENTED_EDGE('',*,*,#15195,.F.);
#15195 = EDGE_CURVE('',#9856,#9972,#15196,.T.);
#15196 = SURFACE_CURVE('',#15197,(#15202,#15209),.PCURVE_S1.);
#15197 = CIRCLE('',#15198,73.);
#15198 = AXIS2_PLACEMENT_3D('',#15199,#15200,#15201);
#15199 = CARTESIAN_POINT('',(0.,0.,0.));
#15200 = DIRECTION('',(0.,0.,1.));
#15201 = DIRECTION('',(1.,0.,0.));
#15202 = PCURVE('',#9722,#15203);
#15203 = DEFINITIONAL_REPRESENTATION('',(#15204),#15208);
#15204 = CIRCLE('',#15205,73.);
#15205 = AXIS2_PLACEMENT_2D('',#15206,#15207);
#15206 = CARTESIAN_POINT('',(4.375808424126E-15,-1.1100836264E-15));
#15207 = DIRECTION('',(1.,0.));
#15208 = ( GEOMETRIC_REPRESENTATION_CONTEXT(2) 
PARAMETRIC_REPRESENTATION_CONTEXT() REPRESENTATION_CONTEXT('2D SPACE',''
  ) );
#15209 = PCURVE('',#9955,#15210);
#15210 = DEFINITIONAL_REPRESENTATION('',(#15211),#15215);
#15211 = LINE('',#15212,#15213);
#15212 = CARTESIAN_POINT('',(-0.,0.));
#15213 = VECTOR('',#15214,1.);
#15214 = DIRECTION('',(-1.,0.));
#15215 = ( GEOMETRIC_REPRESENTATION_CONTEXT(2) 
PARAMETRIC_REPRESENTATION_CONTEXT() REPRESENTATION_CONTEXT('2D SPACE',''
  ) );
#15216 = ORIENTED_EDGE('',*,*,#15217,.F.);
#15217 = EDGE_CURVE('',#13724,#9856,#15218,.T.);
#15218 = SURFACE_CURVE('',#15219,(#15224,#15231),.PCURVE_S1.);
#15219 = CIRCLE('',#15220,73.);
#15220 = AXIS2_PLACEMENT_3D('',#15221,#15222,#15223);
#15221 = CARTESIAN_POINT('',(0.,0.,0.));
#15222 = DIRECTION('',(0.,0.,1.));
#15223 = DIRECTION('',(0.994123624121,-0.108250727313,0.));
#15224 = PCURVE('',#9722,#15225);
#15225 = DEFINITIONAL_REPRESENTATION('',(#15226),#15230);
#15226 = CIRCLE('',#15227,73.);
#15227 = AXIS2_PLACEMENT_2D('',#15228,#15229);
#15228 = CARTESIAN_POINT('',(4.375808424126E-15,-1.1100836264E-15));
#15229 = DIRECTION('',(0.994123624121,-0.108250727313));
#15230 = ( GEOMETRIC_REPRESENTATION_CONTEXT(2) 
PARAMETRIC_REPRESENTATION_CONTEXT() REPRESENTATION_CONTEXT('2D SPACE',''
  ) );
#15231 = PCURVE('',#9829,#15232);
#15232 = DEFINITIONAL_REPRESENTATION('',(#15233),#15237);
#15233 = LINE('',#15234,#15235);
#15234 = CARTESIAN_POINT('',(-6.174722039542,0.));
#15235 = VECTOR('',#15236,1.);
#15236 = DIRECTION('',(-1.,0.));
#15237 = ( GEOMETRIC_REPRESENTATION_CONTEXT(2) 
PARAMETRIC_REPRESENTATION_CONTEXT() REPRESENTATION_CONTEXT('2D SPACE',''
  ) );
#15238 = ORIENTED_EDGE('',*,*,#15239,.F.);
#15239 = EDGE_CURVE('',#13590,#13724,#15240,.T.);
#15240 = SURFACE_CURVE('',#15241,(#15246,#15253),.PCURVE_S1.);
#15241 = CIRCLE('',#15242,73.);
#15242 = AXIS2_PLACEMENT_3D('',#15243,#15244,#15245);
#15243 = CARTESIAN_POINT('',(0.,0.,0.));
#15244 = DIRECTION('',(0.,0.,1.));
#15245 = DIRECTION('',(1.,0.,0.));
#15246 = PCURVE('',#9722,#15247);
#15247 = DEFINITIONAL_REPRESENTATION('',(#15248),#15252);
#15248 = CIRCLE('',#15249,73.);
#15249 = AXIS2_PLACEMENT_2D('',#15250,#15251);
#15250 = CARTESIAN_POINT('',(4.375808424126E-15,-1.1100836264E-15));
#15251 = DIRECTION('',(1.,0.));
#15252 = ( GEOMETRIC_REPRESENTATION_CONTEXT(2) 
PARAMETRIC_REPRESENTATION_CONTEXT() REPRESENTATION_CONTEXT('2D SPACE',''
  ) );
#15253 = PCURVE('',#13707,#15254);
#15254 = DEFINITIONAL_REPRESENTATION('',(#15255),#15259);
#15255 = LINE('',#15256,#15257);
#15256 = CARTESIAN_POINT('',(-0.,0.));
#15257 = VECTOR('',#15258,1.);
#15258 = DIRECTION('',(-1.,0.));
#15259 = ( GEOMETRIC_REPRESENTATION_CONTEXT(2) 
PARAMETRIC_REPRESENTATION_CONTEXT() REPRESENTATION_CONTEXT('2D SPACE',''
  ) );
#15260 = ORIENTED_EDGE('',*,*,#15261,.F.);
#15261 = EDGE_CURVE('',#13456,#13590,#15262,.T.);
#15262 = SURFACE_CURVE('',#15263,(#15268,#15275),.PCURVE_S1.);
#15263 = CIRCLE('',#15264,73.);
#15264 = AXIS2_PLACEMENT_3D('',#15265,#15266,#15267);
#15265 = CARTESIAN_POINT('',(0.,0.,0.));
#15266 = DIRECTION('',(0.,0.,1.));
#15267 = DIRECTION('',(1.,0.,0.));
#15268 = PCURVE('',#9722,#15269);
#15269 = DEFINITIONAL_REPRESENTATION('',(#15270),#15274);
#15270 = CIRCLE('',#15271,73.);
#15271 = AXIS2_PLACEMENT_2D('',#15272,#15273);
#15272 = CARTESIAN_POINT('',(4.375808424126E-15,-1.1100836264E-15));
#15273 = DIRECTION('',(1.,0.));
#15274 = ( GEOMETRIC_REPRESENTATION_CONTEXT(2) 
PARAMETRIC_REPRESENTATION_CONTEXT() REPRESENTATION_CONTEXT('2D SPACE',''
  ) );
#15275 = PCURVE('',#13573,#15276);
#15276 = DEFINITIONAL_REPRESENTATION('',(#15277),#15281);
#15277 = LINE('',#15278,#15279);
#15278 = CARTESIAN_POINT('',(-0.,0.));
#15279 = VECTOR('',#15280,1.);
#15280 = DIRECTION('',(-1.,0.));
#15281 = ( GEOMETRIC_REPRESENTATION_CONTEXT(2) 
PARAMETRIC_REPRESENTATION_CONTEXT() REPRESENTATION_CONTEXT('2D SPACE',''
  ) );
#15282 = ORIENTED_EDGE('',*,*,#15283,.F.);
#15283 = EDGE_CURVE('',#13322,#13456,#15284,.T.);
#15284 = SURFACE_CURVE('',#15285,(#15290,#15297),.PCURVE_S1.);
#15285 = CIRCLE('',#15286,73.);
#15286 = AXIS2_PLACEMENT_3D('',#15287,#15288,#15289);
#15287 = CARTESIAN_POINT('',(0.,0.,0.));
#15288 = DIRECTION('',(0.,0.,1.));
#15289 = DIRECTION('',(1.,0.,0.));
#15290 = PCURVE('',#9722,#15291);
#15291 = DEFINITIONAL_REPRESENTATION('',(#15292),#15296);
#15292 = CIRCLE('',#15293,73.);
#15293 = AXIS2_PLACEMENT_2D('',#15294,#15295);
#15294 = CARTESIAN_POINT('',(4.375808424126E-15,-1.1100836264E-15));
#15295 = DIRECTION('',(1.,0.));
#15296 = ( GEOMETRIC_REPRESENTATION_CONTEXT(2) 
PARAMETRIC_REPRESENTATION_CONTEXT() REPRESENTATION_CONTEXT('2D SPACE',''
  ) );
#15297 = PCURVE('',#13439,#15298);
#15298 = DEFINITIONAL_REPRESENTATION('',(#15299),#15303);
#15299 = LINE('',#15300,#15301);
#15300 = CARTESIAN_POINT('',(-0.,0.));
#15301 = VECTOR('',#15302,1.);
#15302 = DIRECTION('',(-1.,0.));
#15303 = ( GEOMETRIC_REPRESENTATION_CONTEXT(2) 
PARAMETRIC_REPRESENTATION_CONTEXT() REPRESENTATION_CONTEXT('2D SPACE',''
  ) );
#15304 = ORIENTED_EDGE('',*,*,#15305,.F.);
#15305 = EDGE_CURVE('',#13188,#13322,#15306,.T.);
#15306 = SURFACE_CURVE('',#15307,(#15312,#15319),.PCURVE_S1.);
#15307 = CIRCLE('',#15308,73.);
#15308 = AXIS2_PLACEMENT_3D('',#15309,#15310,#15311);
#15309 = CARTESIAN_POINT('',(0.,0.,0.));
#15310 = DIRECTION('',(0.,0.,1.));
#15311 = DIRECTION('',(1.,0.,0.));
#15312 = PCURVE('',#9722,#15313);
#15313 = DEFINITIONAL_REPRESENTATION('',(#15314),#15318);
#15314 = CIRCLE('',#15315,73.);
#15315 = AXIS2_PLACEMENT_2D('',#15316,#15317);
#15316 = CARTESIAN_POINT('',(4.375808424126E-15,-1.1100836264E-15));
#15317 = DIRECTION('',(1.,0.));
#15318 = ( GEOMETRIC_REPRESENTATION_CONTEXT(2) 
PARAMETRIC_REPRESENTATION_CONTEXT() REPRESENTATION_CONTEXT('2D SPACE',''
  ) );
#15319 = PCURVE('',#13305,#15320);
#15320 = DEFINITIONAL_REPRESENTATION('',(#15321),#15325);
#15321 = LINE('',#15322,#15323);
#15322 = CARTESIAN_POINT('',(-0.,0.));
#15323 = VECTOR('',#15324,1.);
#15324 = DIRECTION('',(-1.,0.));
#15325 = ( GEOMETRIC_REPRESENTATION_CONTEXT(2) 
PARAMETRIC_REPRESENTATION_CONTEXT() REPRESENTATION_CONTEXT('2D SPACE',''
  ) );
#15326 = ORIENTED_EDGE('',*,*,#15327,.F.);
#15327 = EDGE_CURVE('',#13054,#13188,#15328,.T.);
#15328 = SURFACE_CURVE('',#15329,(#15334,#15341),.PCURVE_S1.);
#15329 = CIRCLE('',#15330,73.);
#15330 = AXIS2_PLACEMENT_3D('',#15331,#15332,#15333);
#15331 = CARTESIAN_POINT('',(0.,0.,0.));
#15332 = DIRECTION('',(0.,0.,1.));
#15333 = DIRECTION('',(1.,0.,0.));
#15334 = PCURVE('',#9722,#15335);
#15335 = DEFINITIONAL_REPRESENTATION('',(#15336),#15340);
#15336 = CIRCLE('',#15337,73.);
#15337 = AXIS2_PLACEMENT_2D('',#15338,#15339);
#15338 = CARTESIAN_POINT('',(4.375808424126E-15,-1.1100836264E-15));
#15339 = DIRECTION('',(1.,0.));
#15340 = ( GEOMETRIC_REPRESENTATION_CONTEXT(2) 
PARAMETRIC_REPRESENTATION_CONTEXT() REPRESENTATION_CONTEXT('2D SPACE',''
  ) );
#15341 = PCURVE('',#13171,#15342);
#15342 = DEFINITIONAL_REPRESENTATION('',(#15343),#15347);
#15343 = LINE('',#15344,#15345);
#15344 = CARTESIAN_POINT('',(-0.,0.));
#15345 = VECTOR('',#15346,1.);
#15346 = DIRECTION('',(-1.,0.));
#15347 = ( GEOMETRIC_REPRESENTATION_CONTEXT(2) 
PARAMETRIC_REPRESENTATION_CONTEXT() REPRESENTATION_CONTEXT('2D SPACE',''
  ) );
#15348 = ORIENTED_EDGE('',*,*,#15349,.F.);
#15349 = EDGE_CURVE('',#12920,#13054,#15350,.T.);
#15350 = SURFACE_CURVE('',#15351,(#15356,#15363),.PCURVE_S1.);
#15351 = CIRCLE('',#15352,73.);
#15352 = AXIS2_PLACEMENT_3D('',#15353,#15354,#15355);
#15353 = CARTESIAN_POINT('',(0.,0.,0.));
#15354 = DIRECTION('',(0.,0.,1.));
#15355 = DIRECTION('',(1.,0.,0.));
#15356 = PCURVE('',#9722,#15357);
#15357 = DEFINITIONAL_REPRESENTATION('',(#15358),#15362);
#15358 = CIRCLE('',#15359,73.);
#15359 = AXIS2_PLACEMENT_2D('',#15360,#15361);
#15360 = CARTESIAN_POINT('',(4.375808424126E-15,-1.1100836264E-15));
#15361 = DIRECTION('',(1.,0.));
#15362 = ( GEOMETRIC_REPRESENTATION_CONTEXT(2) 
PARAMETRIC_REPRESENTATION_CONTEXT() REPRESENTATION_CONTEXT('2D SPACE',''
  ) );
#15363 = PCURVE('',#13037,#15364);
#15364 = DEFINITIONAL_REPRESENTATION('',(#15365),#15369);
#15365 = LINE('',#15366,#15367);
#15366 = CARTESIAN_POINT('',(-0.,0.));
#15367 = VECTOR('',#15368,1.);
#15368 = DIRECTION('',(-1.,0.));
#15369 = ( GEOMETRIC_REPRESENTATION_CONTEXT(2) 
PARAMETRIC_REPRESENTATION_CONTEXT() REPRESENTATION_CONTEXT('2D SPACE',''
  ) );
#15370 = ORIENTED_EDGE('',*,*,#15371,.F.);
#15371 = EDGE_CURVE('',#12786,#12920,#15372,.T.);
#15372 = SURFACE_CURVE('',#15373,(#15378,#15385),.PCURVE_S1.);
#15373 = CIRCLE('',#15374,73.);
#15374 = AXIS2_PLACEMENT_3D('',#15375,#15376,#15377);
#15375 = CARTESIAN_POINT('',(0.,0.,0.));
#15376 = DIRECTION('',(0.,0.,1.));
#15377 = DIRECTION('',(1.,0.,0.));
#15378 = PCURVE('',#9722,#15379);
#15379 = DEFINITIONAL_REPRESENTATION('',(#15380),#15384);
#15380 = CIRCLE('',#15381,73.);
#15381 = AXIS2_PLACEMENT_2D('',#15382,#15383);
#15382 = CARTESIAN_POINT('',(4.375808424126E-15,-1.1100836264E-15));
#15383 = DIRECTION('',(1.,0.));
#15384 = ( GEOMETRIC_REPRESENTATION_CONTEXT(2) 
PARAMETRIC_REPRESENTATION_CONTEXT() REPRESENTATION_CONTEXT('2D SPACE',''
  ) );
#15385 = PCURVE('',#12903,#15386);
#15386 = DEFINITIONAL_REPRESENTATION('',(#15387),#15391);
#15387 = LINE('',#15388,#15389);
#15388 = CARTESIAN_POINT('',(-0.,0.));
#15389 = VECTOR('',#15390,1.);
#15390 = DIRECTION('',(-1.,0.));
#15391 = ( GEOMETRIC_REPRESENTATION_CONTEXT(2) 
PARAMETRIC_REPRESENTATION_CONTEXT() REPRESENTATION_CONTEXT('2D SPACE',''
  ) );
#15392 = ORIENTED_EDGE('',*,*,#15393,.F.);
#15393 = EDGE_CURVE('',#12652,#12786,#15394,.T.);
#15394 = SURFACE_CURVE('',#15395,(#15400,#15407),.PCURVE_S1.);
#15395 = CIRCLE('',#15396,73.);
#15396 = AXIS2_PLACEMENT_3D('',#15397,#15398,#15399);
#15397 = CARTESIAN_POINT('',(0.,0.,0.));
#15398 = DIRECTION('',(0.,0.,1.));
#15399 = DIRECTION('',(1.,0.,0.));
#15400 = PCURVE('',#9722,#15401);
#15401 = DEFINITIONAL_REPRESENTATION('',(#15402),#15406);
#15402 = CIRCLE('',#15403,73.);
#15403 = AXIS2_PLACEMENT_2D('',#15404,#15405);
#15404 = CARTESIAN_POINT('',(4.375808424126E-15,-1.1100836264E-15));
#15405 = DIRECTION('',(1.,0.));
#15406 = ( GEOMETRIC_REPRESENTATION_CONTEXT(2) 
PARAMETRIC_REPRESENTATION_CONTEXT() REPRESENTATION_CONTEXT('2D SPACE',''
  ) );
#15407 = PCURVE('',#12769,#15408);
#15408 = DEFINITIONAL_REPRESENTATION('',(#15409),#15413);
#15409 = LINE('',#15410,#15411);
#15410 = CARTESIAN_POINT('',(-0.,0.));
#15411 = VECTOR('',#15412,1.);
#15412 = DIRECTION('',(-1.,0.));
#15413 = ( GEOMETRIC_REPRESENTATION_CONTEXT(2) 
PARAMETRIC_REPRESENTATION_CONTEXT() REPRESENTATION_CONTEXT('2D SPACE',''
  ) );
#15414 = ORIENTED_EDGE('',*,*,#15415,.F.);
#15415 = EDGE_CURVE('',#12518,#12652,#15416,.T.);
#15416 = SURFACE_CURVE('',#15417,(#15422,#15429),.PCURVE_S1.);
#15417 = CIRCLE('',#15418,73.);
#15418 = AXIS2_PLACEMENT_3D('',#15419,#15420,#15421);
#15419 = CARTESIAN_POINT('',(0.,0.,0.));
#15420 = DIRECTION('',(0.,0.,1.));
#15421 = DIRECTION('',(1.,0.,0.));
#15422 = PCURVE('',#9722,#15423);
#15423 = DEFINITIONAL_REPRESENTATION('',(#15424),#15428);
#15424 = CIRCLE('',#15425,73.);
#15425 = AXIS2_PLACEMENT_2D('',#15426,#15427);
#15426 = CARTESIAN_POINT('',(4.375808424126E-15,-1.1100836264E-15));
#15427 = DIRECTION('',(1.,0.));
#15428 = ( GEOMETRIC_REPRESENTATION_CONTEXT(2) 
PARAMETRIC_REPRESENTATION_CONTEXT() REPRESENTATION_CONTEXT('2D SPACE',''
  ) );
#15429 = PCURVE('',#12635,#15430);
#15430 = DEFINITIONAL_REPRESENTATION('',(#15431),#15435);
#15431 = LINE('',#15432,#15433);
#15432 = CARTESIAN_POINT('',(-0.,0.));
#15433 = VECTOR('',#15434,1.);
#15434 = DIRECTION('',(-1.,0.));
#15435 = ( GEOMETRIC_REPRESENTATION_CONTEXT(2) 
PARAMETRIC_REPRESENTATION_CONTEXT() REPRESENTATION_CONTEXT('2D SPACE',''
  ) );
#15436 = ORIENTED_EDGE('',*,*,#15437,.F.);
#15437 = EDGE_CURVE('',#12384,#12518,#15438,.T.);
#15438 = SURFACE_CURVE('',#15439,(#15444,#15451),.PCURVE_S1.);
#15439 = CIRCLE('',#15440,73.);
#15440 = AXIS2_PLACEMENT_3D('',#15441,#15442,#15443);
#15441 = CARTESIAN_POINT('',(0.,0.,0.));
#15442 = DIRECTION('',(0.,0.,1.));
#15443 = DIRECTION('',(1.,0.,0.));
#15444 = PCURVE('',#9722,#15445);
#15445 = DEFINITIONAL_REPRESENTATION('',(#15446),#15450);
#15446 = CIRCLE('',#15447,73.);
#15447 = AXIS2_PLACEMENT_2D('',#15448,#15449);
#15448 = CARTESIAN_POINT('',(4.375808424126E-15,-1.1100836264E-15));
#15449 = DIRECTION('',(1.,0.));
#15450 = ( GEOMETRIC_REPRESENTATION_CONTEXT(2) 
PARAMETRIC_REPRESENTATION_CONTEXT() REPRESENTATION_CONTEXT('2D SPACE',''
  ) );
#15451 = PCURVE('',#12501,#15452);
#15452 = DEFINITIONAL_REPRESENTATION('',(#15453),#15457);
#15453 = LINE('',#15454,#15455);
#15454 = CARTESIAN_POINT('',(-0.,0.));
#15455 = VECTOR('',#15456,1.);
#15456 = DIRECTION('',(-1.,0.));
#15457 = ( GEOMETRIC_REPRESENTATION_CONTEXT(2) 
PARAMETRIC_REPRESENTATION_CONTEXT() REPRESENTATION_CONTEXT('2D SPACE',''
  ) );
#15458 = ORIENTED_EDGE('',*,*,#15459,.F.);
#15459 = EDGE_CURVE('',#12250,#12384,#15460,.T.);
#15460 = SURFACE_CURVE('',#15461,(#15466,#15473),.PCURVE_S1.);
#15461 = CIRCLE('',#15462,73.);
#15462 = AXIS2_PLACEMENT_3D('',#15463,#15464,#15465);
#15463 = CARTESIAN_POINT('',(0.,0.,0.));
#15464 = DIRECTION('',(0.,0.,1.));
#15465 = DIRECTION('',(1.,0.,0.));
#15466 = PCURVE('',#9722,#15467);
#15467 = DEFINITIONAL_REPRESENTATION('',(#15468),#15472);
#15468 = CIRCLE('',#15469,73.);
#15469 = AXIS2_PLACEMENT_2D('',#15470,#15471);
#15470 = CARTESIAN_POINT('',(4.375808424126E-15,-1.1100836264E-15));
#15471 = DIRECTION('',(1.,0.));
#15472 = ( GEOMETRIC_REPRESENTATION_CONTEXT(2) 
PARAMETRIC_REPRESENTATION_CONTEXT() REPRESENTATION_CONTEXT('2D SPACE',''
  ) );
#15473 = PCURVE('',#12367,#15474);
#15474 = DEFINITIONAL_REPRESENTATION('',(#15475),#15479);
#15475 = LINE('',#15476,#15477);
#15476 = CARTESIAN_POINT('',(-0.,0.));
#15477 = VECTOR('',#15478,1.);
#15478 = DIRECTION('',(-1.,0.));
#15479 = ( GEOMETRIC_REPRESENTATION_CONTEXT(2) 
PARAMETRIC_REPRESENTATION_CONTEXT() REPRESENTATION_CONTEXT('2D SPACE',''
  ) );
#15480 = ORIENTED_EDGE('',*,*,#15481,.F.);
#15481 = EDGE_CURVE('',#12116,#12250,#15482,.T.);
#15482 = SURFACE_CURVE('',#15483,(#15488,#15495),.PCURVE_S1.);
#15483 = CIRCLE('',#15484,73.);
#15484 = AXIS2_PLACEMENT_3D('',#15485,#15486,#15487);
#15485 = CARTESIAN_POINT('',(0.,0.,0.));
#15486 = DIRECTION('',(0.,0.,1.));
#15487 = DIRECTION('',(1.,0.,0.));
#15488 = PCURVE('',#9722,#15489);
#15489 = DEFINITIONAL_REPRESENTATION('',(#15490),#15494);
#15490 = CIRCLE('',#15491,73.);
#15491 = AXIS2_PLACEMENT_2D('',#15492,#15493);
#15492 = CARTESIAN_POINT('',(4.375808424126E-15,-1.1100836264E-15));
#15493 = DIRECTION('',(1.,0.));
#15494 = ( GEOMETRIC_REPRESENTATION_CONTEXT(2) 
PARAMETRIC_REPRESENTATION_CONTEXT() REPRESENTATION_CONTEXT('2D SPACE',''
  ) );
#15495 = PCURVE('',#12233,#15496);
#15496 = DEFINITIONAL_REPRESENTATION('',(#15497),#15501);
#15497 = LINE('',#15498,#15499);
#15498 = CARTESIAN_POINT('',(-0.,0.));
#15499 = VECTOR('',#15500,1.);
#15500 = DIRECTION('',(-1.,0.));
#15501 = ( GEOMETRIC_REPRESENTATION_CONTEXT(2) 
PARAMETRIC_REPRESENTATION_CONTEXT() REPRESENTATION_CONTEXT('2D SPACE',''
  ) );
#15502 = ORIENTED_EDGE('',*,*,#15503,.F.);
#15503 = EDGE_CURVE('',#11982,#12116,#15504,.T.);
#15504 = SURFACE_CURVE('',#15505,(#15510,#15517),.PCURVE_S1.);
#15505 = CIRCLE('',#15506,73.);
#15506 = AXIS2_PLACEMENT_3D('',#15507,#15508,#15509);
#15507 = CARTESIAN_POINT('',(0.,0.,0.));
#15508 = DIRECTION('',(0.,0.,1.));
#15509 = DIRECTION('',(1.,0.,0.));
#15510 = PCURVE('',#9722,#15511);
#15511 = DEFINITIONAL_REPRESENTATION('',(#15512),#15516);
#15512 = CIRCLE('',#15513,73.);
#15513 = AXIS2_PLACEMENT_2D('',#15514,#15515);
#15514 = CARTESIAN_POINT('',(4.375808424126E-15,-1.1100836264E-15));
#15515 = DIRECTION('',(1.,0.));
#15516 = ( GEOMETRIC_REPRESENTATION_CONTEXT(2) 
PARAMETRIC_REPRESENTATION_CONTEXT() REPRESENTATION_CONTEXT('2D SPACE',''
  ) );
#15517 = PCURVE('',#12099,#15518);
#15518 = DEFINITIONAL_REPRESENTATION('',(#15519),#15523);
#15519 = LINE('',#15520,#15521);
#15520 = CARTESIAN_POINT('',(-0.,0.));
#15521 = VECTOR('',#15522,1.);
#15522 = DIRECTION('',(-1.,0.));
#15523 = ( GEOMETRIC_REPRESENTATION_CONTEXT(2) 
PARAMETRIC_REPRESENTATION_CONTEXT() REPRESENTATION_CONTEXT('2D SPACE',''
  ) );
#15524 = ORIENTED_EDGE('',*,*,#15525,.F.);
#15525 = EDGE_CURVE('',#11848,#11982,#15526,.T.);
#15526 = SURFACE_CURVE('',#15527,(#15532,#15539),.PCURVE_S1.);
#15527 = CIRCLE('',#15528,73.);
#15528 = AXIS2_PLACEMENT_3D('',#15529,#15530,#15531);
#15529 = CARTESIAN_POINT('',(0.,0.,0.));
#15530 = DIRECTION('',(0.,0.,1.));
#15531 = DIRECTION('',(1.,0.,0.));
#15532 = PCURVE('',#9722,#15533);
#15533 = DEFINITIONAL_REPRESENTATION('',(#15534),#15538);
#15534 = CIRCLE('',#15535,73.);
#15535 = AXIS2_PLACEMENT_2D('',#15536,#15537);
#15536 = CARTESIAN_POINT('',(4.375808424126E-15,-1.1100836264E-15));
#15537 = DIRECTION('',(1.,0.));
#15538 = ( GEOMETRIC_REPRESENTATION_CONTEXT(2) 
PARAMETRIC_REPRESENTATION_CONTEXT() REPRESENTATION_CONTEXT('2D SPACE',''
  ) );
#15539 = PCURVE('',#11965,#15540);
#15540 = DEFINITIONAL_REPRESENTATION('',(#15541),#15545);
#15541 = LINE('',#15542,#15543);
#15542 = CARTESIAN_POINT('',(-0.,0.));
#15543 = VECTOR('',#15544,1.);
#15544 = DIRECTION('',(-1.,0.));
#15545 = ( GEOMETRIC_REPRESENTATION_CONTEXT(2) 
PARAMETRIC_REPRESENTATION_CONTEXT() REPRESENTATION_CONTEXT('2D SPACE',''
  ) );
#15546 = ORIENTED_EDGE('',*,*,#15547,.F.);
#15547 = EDGE_CURVE('',#11714,#11848,#15548,.T.);
#15548 = SURFACE_CURVE('',#15549,(#15554,#15561),.PCURVE_S1.);
#15549 = CIRCLE('',#15550,73.);
#15550 = AXIS2_PLACEMENT_3D('',#15551,#15552,#15553);
#15551 = CARTESIAN_POINT('',(0.,0.,0.));
#15552 = DIRECTION('',(0.,0.,1.));
#15553 = DIRECTION('',(1.,0.,0.));
#15554 = PCURVE('',#9722,#15555);
#15555 = DEFINITIONAL_REPRESENTATION('',(#15556),#15560);
#15556 = CIRCLE('',#15557,73.);
#15557 = AXIS2_PLACEMENT_2D('',#15558,#15559);
#15558 = CARTESIAN_POINT('',(4.375808424126E-15,-1.1100836264E-15));
#15559 = DIRECTION('',(1.,0.));
#15560 = ( GEOMETRIC_REPRESENTATION_CONTEXT(2) 
PARAMETRIC_REPRESENTATION_CONTEXT() REPRESENTATION_CONTEXT('2D SPACE',''
  ) );
#15561 = PCURVE('',#11831,#15562);
#15562 = DEFINITIONAL_REPRESENTATION('',(#15563),#15567);
#15563 = LINE('',#15564,#15565);
#15564 = CARTESIAN_POINT('',(-0.,0.));
#15565 = VECTOR('',#15566,1.);
#15566 = DIRECTION('',(-1.,0.));
#15567 = ( GEOMETRIC_REPRESENTATION_CONTEXT(2) 
PARAMETRIC_REPRESENTATION_CONTEXT() REPRESENTATION_CONTEXT('2D SPACE',''
  ) );
#15568 = ORIENTED_EDGE('',*,*,#15569,.F.);
#15569 = EDGE_CURVE('',#11580,#11714,#15570,.T.);
#15570 = SURFACE_CURVE('',#15571,(#15576,#15583),.PCURVE_S1.);
#15571 = CIRCLE('',#15572,73.);
#15572 = AXIS2_PLACEMENT_3D('',#15573,#15574,#15575);
#15573 = CARTESIAN_POINT('',(0.,0.,0.));
#15574 = DIRECTION('',(0.,0.,1.));
#15575 = DIRECTION('',(1.,0.,0.));
#15576 = PCURVE('',#9722,#15577);
#15577 = DEFINITIONAL_REPRESENTATION('',(#15578),#15582);
#15578 = CIRCLE('',#15579,73.);
#15579 = AXIS2_PLACEMENT_2D('',#15580,#15581);
#15580 = CARTESIAN_POINT('',(4.375808424126E-15,-1.1100836264E-15));
#15581 = DIRECTION('',(1.,0.));
#15582 = ( GEOMETRIC_REPRESENTATION_CONTEXT(2) 
PARAMETRIC_REPRESENTATION_CONTEXT() REPRESENTATION_CONTEXT('2D SPACE',''
  ) );
#15583 = PCURVE('',#11697,#15584);
#15584 = DEFINITIONAL_REPRESENTATION('',(#15585),#15589);
#15585 = LINE('',#15586,#15587);
#15586 = CARTESIAN_POINT('',(-0.,0.));
#15587 = VECTOR('',#15588,1.);
#15588 = DIRECTION('',(-1.,0.));
#15589 = ( GEOMETRIC_REPRESENTATION_CONTEXT(2) 
PARAMETRIC_REPRESENTATION_CONTEXT() REPRESENTATION_CONTEXT('2D SPACE',''
  ) );
#15590 = ORIENTED_EDGE('',*,*,#15591,.F.);
#15591 = EDGE_CURVE('',#11446,#11580,#15592,.T.);
#15592 = SURFACE_CURVE('',#15593,(#15598,#15605),.PCURVE_S1.);
#15593 = CIRCLE('',#15594,73.);
#15594 = AXIS2_PLACEMENT_3D('',#15595,#15596,#15597);
#15595 = CARTESIAN_POINT('',(0.,0.,0.));
#15596 = DIRECTION('',(0.,0.,1.));
#15597 = DIRECTION('',(1.,0.,0.));
#15598 = PCURVE('',#9722,#15599);
#15599 = DEFINITIONAL_REPRESENTATION('',(#15600),#15604);
#15600 = CIRCLE('',#15601,73.);
#15601 = AXIS2_PLACEMENT_2D('',#15602,#15603);
#15602 = CARTESIAN_POINT('',(4.375808424126E-15,-1.1100836264E-15));
#15603 = DIRECTION('',(1.,0.));
#15604 = ( GEOMETRIC_REPRESENTATION_CONTEXT(2) 
PARAMETRIC_REPRESENTATION_CONTEXT() REPRESENTATION_CONTEXT('2D SPACE',''
  ) );
#15605 = PCURVE('',#11563,#15606);
#15606 = DEFINITIONAL_REPRESENTATION('',(#15607),#15611);
#15607 = LINE('',#15608,#15609);
#15608 = CARTESIAN_POINT('',(-0.,0.));
#15609 = VECTOR('',#15610,1.);
#15610 = DIRECTION('',(-1.,0.));
#15611 = ( GEOMETRIC_REPRESENTATION_CONTEXT(2) 
PARAMETRIC_REPRESENTATION_CONTEXT() REPRESENTATION_CONTEXT('2D SPACE',''
  ) );
#15612 = ORIENTED_EDGE('',*,*,#15613,.F.);
#15613 = EDGE_CURVE('',#11312,#11446,#15614,.T.);
#15614 = SURFACE_CURVE('',#15615,(#15620,#15627),.PCURVE_S1.);
#15615 = CIRCLE('',#15616,73.);
#15616 = AXIS2_PLACEMENT_3D('',#15617,#15618,#15619);
#15617 = CARTESIAN_POINT('',(0.,0.,0.));
#15618 = DIRECTION('',(0.,0.,1.));
#15619 = DIRECTION('',(1.,0.,0.));
#15620 = PCURVE('',#9722,#15621);
#15621 = DEFINITIONAL_REPRESENTATION('',(#15622),#15626);
#15622 = CIRCLE('',#15623,73.);
#15623 = AXIS2_PLACEMENT_2D('',#15624,#15625);
#15624 = CARTESIAN_POINT('',(4.375808424126E-15,-1.1100836264E-15));
#15625 = DIRECTION('',(1.,0.));
#15626 = ( GEOMETRIC_REPRESENTATION_CONTEXT(2) 
PARAMETRIC_REPRESENTATION_CONTEXT() REPRESENTATION_CONTEXT('2D SPACE',''
  ) );
#15627 = PCURVE('',#11429,#15628);
#15628 = DEFINITIONAL_REPRESENTATION('',(#15629),#15633);
#15629 = LINE('',#15630,#15631);
#15630 = CARTESIAN_POINT('',(-0.,0.));
#15631 = VECTOR('',#15632,1.);
#15632 = DIRECTION('',(-1.,0.));
#15633 = ( GEOMETRIC_REPRESENTATION_CONTEXT(2) 
PARAMETRIC_REPRESENTATION_CONTEXT() REPRESENTATION_CONTEXT('2D SPACE',''
  ) );
#15634 = ORIENTED_EDGE('',*,*,#15635,.F.);
#15635 = EDGE_CURVE('',#11178,#11312,#15636,.T.);
#15636 = SURFACE_CURVE('',#15637,(#15642,#15649),.PCURVE_S1.);
#15637 = CIRCLE('',#15638,73.);
#15638 = AXIS2_PLACEMENT_3D('',#15639,#15640,#15641);
#15639 = CARTESIAN_POINT('',(0.,0.,0.));
#15640 = DIRECTION('',(0.,0.,1.));
#15641 = DIRECTION('',(1.,0.,0.));
#15642 = PCURVE('',#9722,#15643);
#15643 = DEFINITIONAL_REPRESENTATION('',(#15644),#15648);
#15644 = CIRCLE('',#15645,73.);
#15645 = AXIS2_PLACEMENT_2D('',#15646,#15647);
#15646 = CARTESIAN_POINT('',(4.375808424126E-15,-1.1100836264E-15));
#15647 = DIRECTION('',(1.,0.));
#15648 = ( GEOMETRIC_REPRESENTATION_CONTEXT(2) 
PARAMETRIC_REPRESENTATION_CONTEXT() REPRESENTATION_CONTEXT('2D SPACE',''
  ) );
#15649 = PCURVE('',#11295,#15650);
#15650 = DEFINITIONAL_REPRESENTATION('',(#15651),#15655);
#15651 = LINE('',#15652,#15653);
#15652 = CARTESIAN_POINT('',(-0.,0.));
#15653 = VECTOR('',#15654,1.);
#15654 = DIRECTION('',(-1.,0.));
#15655 = ( GEOMETRIC_REPRESENTATION_CONTEXT(2) 
PARAMETRIC_REPRESENTATION_CONTEXT() REPRESENTATION_CONTEXT('2D SPACE',''
  ) );
#15656 = ORIENTED_EDGE('',*,*,#15657,.F.);
#15657 = EDGE_CURVE('',#11044,#11178,#15658,.T.);
#15658 = SURFACE_CURVE('',#15659,(#15664,#15671),.PCURVE_S1.);
#15659 = CIRCLE('',#15660,73.);
#15660 = AXIS2_PLACEMENT_3D('',#15661,#15662,#15663);
#15661 = CARTESIAN_POINT('',(0.,0.,0.));
#15662 = DIRECTION('',(0.,0.,1.));
#15663 = DIRECTION('',(1.,0.,0.));
#15664 = PCURVE('',#9722,#15665);
#15665 = DEFINITIONAL_REPRESENTATION('',(#15666),#15670);
#15666 = CIRCLE('',#15667,73.);
#15667 = AXIS2_PLACEMENT_2D('',#15668,#15669);
#15668 = CARTESIAN_POINT('',(4.375808424126E-15,-1.1100836264E-15));
#15669 = DIRECTION('',(1.,0.));
#15670 = ( GEOMETRIC_REPRESENTATION_CONTEXT(2) 
PARAMETRIC_REPRESENTATION_CONTEXT() REPRESENTATION_CONTEXT('2D SPACE',''
  ) );
#15671 = PCURVE('',#11161,#15672);
#15672 = DEFINITIONAL_REPRESENTATION('',(#15673),#15677);
#15673 = LINE('',#15674,#15675);
#15674 = CARTESIAN_POINT('',(-0.,0.));
#15675 = VECTOR('',#15676,1.);
#15676 = DIRECTION('',(-1.,0.));
#15677 = ( GEOMETRIC_REPRESENTATION_CONTEXT(2) 
PARAMETRIC_REPRESENTATION_CONTEXT() REPRESENTATION_CONTEXT('2D SPACE',''
  ) );
#15678 = ORIENTED_EDGE('',*,*,#15679,.F.);
#15679 = EDGE_CURVE('',#10910,#11044,#15680,.T.);
#15680 = SURFACE_CURVE('',#15681,(#15686,#15693),.PCURVE_S1.);
#15681 = CIRCLE('',#15682,73.);
#15682 = AXIS2_PLACEMENT_3D('',#15683,#15684,#15685);
#15683 = CARTESIAN_POINT('',(0.,0.,0.));
#15684 = DIRECTION('',(0.,0.,1.));
#15685 = DIRECTION('',(1.,0.,0.));
#15686 = PCURVE('',#9722,#15687);
#15687 = DEFINITIONAL_REPRESENTATION('',(#15688),#15692);
#15688 = CIRCLE('',#15689,73.);
#15689 = AXIS2_PLACEMENT_2D('',#15690,#15691);
#15690 = CARTESIAN_POINT('',(4.375808424126E-15,-1.1100836264E-15));
#15691 = DIRECTION('',(1.,0.));
#15692 = ( GEOMETRIC_REPRESENTATION_CONTEXT(2) 
PARAMETRIC_REPRESENTATION_CONTEXT() REPRESENTATION_CONTEXT('2D SPACE',''
  ) );
#15693 = PCURVE('',#11027,#15694);
#15694 = DEFINITIONAL_REPRESENTATION('',(#15695),#15699);
#15695 = LINE('',#15696,#15697);
#15696 = CARTESIAN_POINT('',(-0.,0.));
#15697 = VECTOR('',#15698,1.);
#15698 = DIRECTION('',(-1.,0.));
#15699 = ( GEOMETRIC_REPRESENTATION_CONTEXT(2) 
PARAMETRIC_REPRESENTATION_CONTEXT() REPRESENTATION_CONTEXT('2D SPACE',''
  ) );
#15700 = ORIENTED_EDGE('',*,*,#15701,.F.);
#15701 = EDGE_CURVE('',#10776,#10910,#15702,.T.);
#15702 = SURFACE_CURVE('',#15703,(#15708,#15715),.PCURVE_S1.);
#15703 = CIRCLE('',#15704,73.);
#15704 = AXIS2_PLACEMENT_3D('',#15705,#15706,#15707);
#15705 = CARTESIAN_POINT('',(0.,0.,0.));
#15706 = DIRECTION('',(0.,0.,1.));
#15707 = DIRECTION('',(1.,0.,0.));
#15708 = PCURVE('',#9722,#15709);
#15709 = DEFINITIONAL_REPRESENTATION('',(#15710),#15714);
#15710 = CIRCLE('',#15711,73.);
#15711 = AXIS2_PLACEMENT_2D('',#15712,#15713);
#15712 = CARTESIAN_POINT('',(4.375808424126E-15,-1.1100836264E-15));
#15713 = DIRECTION('',(1.,0.));
#15714 = ( GEOMETRIC_REPRESENTATION_CONTEXT(2) 
PARAMETRIC_REPRESENTATION_CONTEXT() REPRESENTATION_CONTEXT('2D SPACE',''
  ) );
#15715 = PCURVE('',#10893,#15716);
#15716 = DEFINITIONAL_REPRESENTATION('',(#15717),#15721);
#15717 = LINE('',#15718,#15719);
#15718 = CARTESIAN_POINT('',(-0.,0.));
#15719 = VECTOR('',#15720,1.);
#15720 = DIRECTION('',(-1.,0.));
#15721 = ( GEOMETRIC_REPRESENTATION_CONTEXT(2) 
PARAMETRIC_REPRESENTATION_CONTEXT() REPRESENTATION_CONTEXT('2D SPACE',''
  ) );
#15722 = ORIENTED_EDGE('',*,*,#15723,.F.);
#15723 = EDGE_CURVE('',#10642,#10776,#15724,.T.);
#15724 = SURFACE_CURVE('',#15725,(#15730,#15737),.PCURVE_S1.);
#15725 = CIRCLE('',#15726,73.);
#15726 = AXIS2_PLACEMENT_3D('',#15727,#15728,#15729);
#15727 = CARTESIAN_POINT('',(0.,0.,0.));
#15728 = DIRECTION('',(0.,0.,1.));
#15729 = DIRECTION('',(1.,0.,0.));
#15730 = PCURVE('',#9722,#15731);
#15731 = DEFINITIONAL_REPRESENTATION('',(#15732),#15736);
#15732 = CIRCLE('',#15733,73.);
#15733 = AXIS2_PLACEMENT_2D('',#15734,#15735);
#15734 = CARTESIAN_POINT('',(4.375808424126E-15,-1.1100836264E-15));
#15735 = DIRECTION('',(1.,0.));
#15736 = ( GEOMETRIC_REPRESENTATION_CONTEXT(2) 
PARAMETRIC_REPRESENTATION_CONTEXT() REPRESENTATION_CONTEXT('2D SPACE',''
  ) );
#15737 = PCURVE('',#10759,#15738);
#15738 = DEFINITIONAL_REPRESENTATION('',(#15739),#15743);
#15739 = LINE('',#15740,#15741);
#15740 = CARTESIAN_POINT('',(-0.,0.));
#15741 = VECTOR('',#15742,1.);
#15742 = DIRECTION('',(-1.,0.));
#15743 = ( GEOMETRIC_REPRESENTATION_CONTEXT(2) 
PARAMETRIC_REPRESENTATION_CONTEXT() REPRESENTATION_CONTEXT('2D SPACE',''
  ) );
#15744 = ORIENTED_EDGE('',*,*,#15745,.F.);
#15745 = EDGE_CURVE('',#10508,#10642,#15746,.T.);
#15746 = SURFACE_CURVE('',#15747,(#15752,#15759),.PCURVE_S1.);
#15747 = CIRCLE('',#15748,73.);
#15748 = AXIS2_PLACEMENT_3D('',#15749,#15750,#15751);
#15749 = CARTESIAN_POINT('',(0.,0.,0.));
#15750 = DIRECTION('',(0.,0.,1.));
#15751 = DIRECTION('',(1.,0.,0.));
#15752 = PCURVE('',#9722,#15753);
#15753 = DEFINITIONAL_REPRESENTATION('',(#15754),#15758);
#15754 = CIRCLE('',#15755,73.);
#15755 = AXIS2_PLACEMENT_2D('',#15756,#15757);
#15756 = CARTESIAN_POINT('',(4.375808424126E-15,-1.1100836264E-15));
#15757 = DIRECTION('',(1.,0.));
#15758 = ( GEOMETRIC_REPRESENTATION_CONTEXT(2) 
PARAMETRIC_REPRESENTATION_CONTEXT() REPRESENTATION_CONTEXT('2D SPACE',''
  ) );
#15759 = PCURVE('',#10625,#15760);
#15760 = DEFINITIONAL_REPRESENTATION('',(#15761),#15765);
#15761 = LINE('',#15762,#15763);
#15762 = CARTESIAN_POINT('',(-0.,0.));
#15763 = VECTOR('',#15764,1.);
#15764 = DIRECTION('',(-1.,0.));
#15765 = ( GEOMETRIC_REPRESENTATION_CONTEXT(2) 
PARAMETRIC_REPRESENTATION_CONTEXT() REPRESENTATION_CONTEXT('2D SPACE',''
  ) );
#15766 = ORIENTED_EDGE('',*,*,#15767,.F.);
#15767 = EDGE_CURVE('',#10374,#10508,#15768,.T.);
#15768 = SURFACE_CURVE('',#15769,(#15774,#15781),.PCURVE_S1.);
#15769 = CIRCLE('',#15770,73.);
#15770 = AXIS2_PLACEMENT_3D('',#15771,#15772,#15773);
#15771 = CARTESIAN_POINT('',(0.,0.,0.));
#15772 = DIRECTION('',(0.,0.,1.));
#15773 = DIRECTION('',(1.,0.,0.));
#15774 = PCURVE('',#9722,#15775);
#15775 = DEFINITIONAL_REPRESENTATION('',(#15776),#15780);
#15776 = CIRCLE('',#15777,73.);
#15777 = AXIS2_PLACEMENT_2D('',#15778,#15779);
#15778 = CARTESIAN_POINT('',(4.375808424126E-15,-1.1100836264E-15));
#15779 = DIRECTION('',(1.,0.));
#15780 = ( GEOMETRIC_REPRESENTATION_CONTEXT(2) 
PARAMETRIC_REPRESENTATION_CONTEXT() REPRESENTATION_CONTEXT('2D SPACE',''
  ) );
#15781 = PCURVE('',#10491,#15782);
#15782 = DEFINITIONAL_REPRESENTATION('',(#15783),#15787);
#15783 = LINE('',#15784,#15785);
#15784 = CARTESIAN_POINT('',(-0.,0.));
#15785 = VECTOR('',#15786,1.);
#15786 = DIRECTION('',(-1.,0.));
#15787 = ( GEOMETRIC_REPRESENTATION_CONTEXT(2) 
PARAMETRIC_REPRESENTATION_CONTEXT() REPRESENTATION_CONTEXT('2D SPACE',''
  ) );
#15788 = ORIENTED_EDGE('',*,*,#15789,.F.);
#15789 = EDGE_CURVE('',#10240,#10374,#15790,.T.);
#15790 = SURFACE_CURVE('',#15791,(#15796,#15803),.PCURVE_S1.);
#15791 = CIRCLE('',#15792,73.);
#15792 = AXIS2_PLACEMENT_3D('',#15793,#15794,#15795);
#15793 = CARTESIAN_POINT('',(0.,0.,0.));
#15794 = DIRECTION('',(0.,0.,1.));
#15795 = DIRECTION('',(1.,0.,0.));
#15796 = PCURVE('',#9722,#15797);
#15797 = DEFINITIONAL_REPRESENTATION('',(#15798),#15802);
#15798 = CIRCLE('',#15799,73.);
#15799 = AXIS2_PLACEMENT_2D('',#15800,#15801);
#15800 = CARTESIAN_POINT('',(4.375808424126E-15,-1.1100836264E-15));
#15801 = DIRECTION('',(1.,0.));
#15802 = ( GEOMETRIC_REPRESENTATION_CONTEXT(2) 
PARAMETRIC_REPRESENTATION_CONTEXT() REPRESENTATION_CONTEXT('2D SPACE',''
  ) );
#15803 = PCURVE('',#10357,#15804);
#15804 = DEFINITIONAL_REPRESENTATION('',(#15805),#15809);
#15805 = LINE('',#15806,#15807);
#15806 = CARTESIAN_POINT('',(-0.,0.));
#15807 = VECTOR('',#15808,1.);
#15808 = DIRECTION('',(-1.,0.));
#15809 = ( GEOMETRIC_REPRESENTATION_CONTEXT(2) 
PARAMETRIC_REPRESENTATION_CONTEXT() REPRESENTATION_CONTEXT('2D SPACE',''
  ) );
#15810 = ORIENTED_EDGE('',*,*,#15811,.F.);
#15811 = EDGE_CURVE('',#10106,#10240,#15812,.T.);
#15812 = SURFACE_CURVE('',#15813,(#15818,#15825),.PCURVE_S1.);
#15813 = CIRCLE('',#15814,73.);
#15814 = AXIS2_PLACEMENT_3D('',#15815,#15816,#15817);
#15815 = CARTESIAN_POINT('',(0.,0.,0.));
#15816 = DIRECTION('',(0.,0.,1.));
#15817 = DIRECTION('',(1.,0.,0.));
#15818 = PCURVE('',#9722,#15819);
#15819 = DEFINITIONAL_REPRESENTATION('',(#15820),#15824);
#15820 = CIRCLE('',#15821,73.);
#15821 = AXIS2_PLACEMENT_2D('',#15822,#15823);
#15822 = CARTESIAN_POINT('',(4.375808424126E-15,-1.1100836264E-15));
#15823 = DIRECTION('',(1.,0.));
#15824 = ( GEOMETRIC_REPRESENTATION_CONTEXT(2) 
PARAMETRIC_REPRESENTATION_CONTEXT() REPRESENTATION_CONTEXT('2D SPACE',''
  ) );
#15825 = PCURVE('',#10223,#15826);
#15826 = DEFINITIONAL_REPRESENTATION('',(#15827),#15831);
#15827 = LINE('',#15828,#15829);
#15828 = CARTESIAN_POINT('',(-0.,0.));
#15829 = VECTOR('',#15830,1.);
#15830 = DIRECTION('',(-1.,0.));
#15831 = ( GEOMETRIC_REPRESENTATION_CONTEXT(2) 
PARAMETRIC_REPRESENTATION_CONTEXT() REPRESENTATION_CONTEXT('2D SPACE',''
  ) );
#15832 = ORIENTED_EDGE('',*,*,#15833,.F.);
#15833 = EDGE_CURVE('',#9972,#10106,#15834,.T.);
#15834 = SURFACE_CURVE('',#15835,(#15840,#15847),.PCURVE_S1.);
#15835 = CIRCLE('',#15836,73.);
#15836 = AXIS2_PLACEMENT_3D('',#15837,#15838,#15839);
#15837 = CARTESIAN_POINT('',(0.,0.,0.));
#15838 = DIRECTION('',(0.,0.,1.));
#15839 = DIRECTION('',(1.,0.,0.));
#15840 = PCURVE('',#9722,#15841);
#15841 = DEFINITIONAL_REPRESENTATION('',(#15842),#15846);
#15842 = CIRCLE('',#15843,73.);
#15843 = AXIS2_PLACEMENT_2D('',#15844,#15845);
#15844 = CARTESIAN_POINT('',(4.375808424126E-15,-1.1100836264E-15));
#15845 = DIRECTION('',(1.,0.));
#15846 = ( GEOMETRIC_REPRESENTATION_CONTEXT(2) 
PARAMETRIC_REPRESENTATION_CONTEXT() REPRESENTATION_CONTEXT('2D SPACE',''
  ) );
#15847 = PCURVE('',#10089,#15848);
#15848 = DEFINITIONAL_REPRESENTATION('',(#15849),#15853);
#15849 = LINE('',#15850,#15851);
#15850 = CARTESIAN_POINT('',(-0.,0.));
#15851 = VECTOR('',#15852,1.);
#15852 = DIRECTION('',(-1.,0.));
#15853 = ( GEOMETRIC_REPRESENTATION_CONTEXT(2) 
PARAMETRIC_REPRESENTATION_CONTEXT() REPRESENTATION_CONTEXT('2D SPACE',''
  ) );
#15854 = ADVANCED_FACE('',(#15855),#9829,.F.);
#15855 = FACE_BOUND('',#15856,.T.);
#15856 = EDGE_LOOP('',(#15857,#15858,#15859,#15860));
#15857 = ORIENTED_EDGE('',*,*,#15217,.F.);
#15858 = ORIENTED_EDGE('',*,*,#13806,.F.);
#15859 = ORIENTED_EDGE('',*,*,#9785,.T.);
#15860 = ORIENTED_EDGE('',*,*,#9855,.T.);
#15861 = ADVANCED_FACE('',(#15862),#9955,.F.);
#15862 = FACE_BOUND('',#15863,.T.);
#15863 = EDGE_LOOP('',(#15864,#15865,#15866));
#15864 = ORIENTED_EDGE('',*,*,#15195,.F.);
#15865 = ORIENTED_EDGE('',*,*,#9942,.F.);
#15866 = ORIENTED_EDGE('',*,*,#9971,.T.);
#15867 = ADVANCED_FACE('',(#15868),#10089,.F.);
#15868 = FACE_BOUND('',#15869,.T.);
#15869 = EDGE_LOOP('',(#15870,#15871,#15872));
#15870 = ORIENTED_EDGE('',*,*,#15833,.F.);
#15871 = ORIENTED_EDGE('',*,*,#10076,.F.);
#15872 = ORIENTED_EDGE('',*,*,#10105,.T.);
#15873 = ADVANCED_FACE('',(#15874),#10223,.F.);
#15874 = FACE_BOUND('',#15875,.T.);
#15875 = EDGE_LOOP('',(#15876,#15877,#15878));
#15876 = ORIENTED_EDGE('',*,*,#15811,.F.);
#15877 = ORIENTED_EDGE('',*,*,#10210,.F.);
#15878 = ORIENTED_EDGE('',*,*,#10239,.T.);
#15879 = ADVANCED_FACE('',(#15880),#10357,.F.);
#15880 = FACE_BOUND('',#15881,.T.);
#15881 = EDGE_LOOP('',(#15882,#15883,#15884));
#15882 = ORIENTED_EDGE('',*,*,#15789,.F.);
#15883 = ORIENTED_EDGE('',*,*,#10344,.F.);
#15884 = ORIENTED_EDGE('',*,*,#10373,.T.);
#15885 = ADVANCED_FACE('',(#15886),#10491,.F.);
#15886 = FACE_BOUND('',#15887,.T.);
#15887 = EDGE_LOOP('',(#15888,#15889,#15890));
#15888 = ORIENTED_EDGE('',*,*,#15767,.F.);
#15889 = ORIENTED_EDGE('',*,*,#10478,.F.);
#15890 = ORIENTED_EDGE('',*,*,#10507,.T.);
#15891 = ADVANCED_FACE('',(#15892),#10625,.F.);
#15892 = FACE_BOUND('',#15893,.T.);
#15893 = EDGE_LOOP('',(#15894,#15895,#15896));
#15894 = ORIENTED_EDGE('',*,*,#15745,.F.);
#15895 = ORIENTED_EDGE('',*,*,#10612,.F.);
#15896 = ORIENTED_EDGE('',*,*,#10641,.T.);
#15897 = ADVANCED_FACE('',(#15898),#10759,.F.);
#15898 = FACE_BOUND('',#15899,.T.);
#15899 = EDGE_LOOP('',(#15900,#15901,#15902));
#15900 = ORIENTED_EDGE('',*,*,#15723,.F.);
#15901 = ORIENTED_EDGE('',*,*,#10746,.F.);
#15902 = ORIENTED_EDGE('',*,*,#10775,.T.);
#15903 = ADVANCED_FACE('',(#15904),#10893,.F.);
#15904 = FACE_BOUND('',#15905,.T.);
#15905 = EDGE_LOOP('',(#15906,#15907,#15908));
#15906 = ORIENTED_EDGE('',*,*,#15701,.F.);
#15907 = ORIENTED_EDGE('',*,*,#10880,.F.);
#15908 = ORIENTED_EDGE('',*,*,#10909,.T.);
#15909 = ADVANCED_FACE('',(#15910),#11027,.F.);
#15910 = FACE_BOUND('',#15911,.T.);
#15911 = EDGE_LOOP('',(#15912,#15913,#15914));
#15912 = ORIENTED_EDGE('',*,*,#15679,.F.);
#15913 = ORIENTED_EDGE('',*,*,#11014,.F.);
#15914 = ORIENTED_EDGE('',*,*,#11043,.T.);
#15915 = ADVANCED_FACE('',(#15916),#11161,.F.);
#15916 = FACE_BOUND('',#15917,.T.);
#15917 = EDGE_LOOP('',(#15918,#15919,#15920));
#15918 = ORIENTED_EDGE('',*,*,#15657,.F.);
#15919 = ORIENTED_EDGE('',*,*,#11148,.F.);
#15920 = ORIENTED_EDGE('',*,*,#11177,.T.);
#15921 = ADVANCED_FACE('',(#15922),#11295,.F.);
#15922 = FACE_BOUND('',#15923,.T.);
#15923 = EDGE_LOOP('',(#15924,#15925,#15926));
#15924 = ORIENTED_EDGE('',*,*,#15635,.F.);
#15925 = ORIENTED_EDGE('',*,*,#11282,.F.);
#15926 = ORIENTED_EDGE('',*,*,#11311,.T.);
#15927 = ADVANCED_FACE('',(#15928),#11429,.F.);
#15928 = FACE_BOUND('',#15929,.T.);
#15929 = EDGE_LOOP('',(#15930,#15931,#15932));
#15930 = ORIENTED_EDGE('',*,*,#15613,.F.);
#15931 = ORIENTED_EDGE('',*,*,#11416,.F.);
#15932 = ORIENTED_EDGE('',*,*,#11445,.T.);
#15933 = ADVANCED_FACE('',(#15934),#11563,.F.);
#15934 = FACE_BOUND('',#15935,.T.);
#15935 = EDGE_LOOP('',(#15936,#15937,#15938));
#15936 = ORIENTED_EDGE('',*,*,#15591,.F.);
#15937 = ORIENTED_EDGE('',*,*,#11550,.F.);
#15938 = ORIENTED_EDGE('',*,*,#11579,.T.);
#15939 = ADVANCED_FACE('',(#15940),#11697,.F.);
#15940 = FACE_BOUND('',#15941,.T.);
#15941 = EDGE_LOOP('',(#15942,#15943,#15944));
#15942 = ORIENTED_EDGE('',*,*,#15569,.F.);
#15943 = ORIENTED_EDGE('',*,*,#11684,.F.);
#15944 = ORIENTED_EDGE('',*,*,#11713,.T.);
#15945 = ADVANCED_FACE('',(#15946),#11831,.F.);
#15946 = FACE_BOUND('',#15947,.T.);
#15947 = EDGE_LOOP('',(#15948,#15949,#15950));
#15948 = ORIENTED_EDGE('',*,*,#15547,.F.);
#15949 = ORIENTED_EDGE('',*,*,#11818,.F.);
#15950 = ORIENTED_EDGE('',*,*,#11847,.T.);
#15951 = ADVANCED_FACE('',(#15952),#11965,.F.);
#15952 = FACE_BOUND('',#15953,.T.);
#15953 = EDGE_LOOP('',(#15954,#15955,#15956));
#15954 = ORIENTED_EDGE('',*,*,#11981,.T.);
#15955 = ORIENTED_EDGE('',*,*,#15525,.F.);
#15956 = ORIENTED_EDGE('',*,*,#11952,.F.);
#15957 = ADVANCED_FACE('',(#15958),#12099,.F.);
#15958 = FACE_BOUND('',#15959,.T.);
#15959 = EDGE_LOOP('',(#15960,#15961,#15962));
#15960 = ORIENTED_EDGE('',*,*,#12115,.T.);
#15961 = ORIENTED_EDGE('',*,*,#15503,.F.);
#15962 = ORIENTED_EDGE('',*,*,#12086,.F.);
#15963 = ADVANCED_FACE('',(#15964),#12233,.F.);
#15964 = FACE_BOUND('',#15965,.T.);
#15965 = EDGE_LOOP('',(#15966,#15967,#15968));
#15966 = ORIENTED_EDGE('',*,*,#12249,.T.);
#15967 = ORIENTED_EDGE('',*,*,#15481,.F.);
#15968 = ORIENTED_EDGE('',*,*,#12220,.F.);
#15969 = ADVANCED_FACE('',(#15970),#12367,.F.);
#15970 = FACE_BOUND('',#15971,.T.);
#15971 = EDGE_LOOP('',(#15972,#15973,#15974));
#15972 = ORIENTED_EDGE('',*,*,#12383,.T.);
#15973 = ORIENTED_EDGE('',*,*,#15459,.F.);
#15974 = ORIENTED_EDGE('',*,*,#12354,.F.);
#15975 = ADVANCED_FACE('',(#15976),#12501,.F.);
#15976 = FACE_BOUND('',#15977,.T.);
#15977 = EDGE_LOOP('',(#15978,#15979,#15980));
#15978 = ORIENTED_EDGE('',*,*,#12517,.T.);
#15979 = ORIENTED_EDGE('',*,*,#15437,.F.);
#15980 = ORIENTED_EDGE('',*,*,#12488,.F.);
#15981 = ADVANCED_FACE('',(#15982),#12635,.F.);
#15982 = FACE_BOUND('',#15983,.T.);
#15983 = EDGE_LOOP('',(#15984,#15985,#15986));
#15984 = ORIENTED_EDGE('',*,*,#12651,.T.);
#15985 = ORIENTED_EDGE('',*,*,#15415,.F.);
#15986 = ORIENTED_EDGE('',*,*,#12622,.F.);
#15987 = ADVANCED_FACE('',(#15988),#12769,.F.);
#15988 = FACE_BOUND('',#15989,.T.);
#15989 = EDGE_LOOP('',(#15990,#15991,#15992));
#15990 = ORIENTED_EDGE('',*,*,#12785,.T.);
#15991 = ORIENTED_EDGE('',*,*,#15393,.F.);
#15992 = ORIENTED_EDGE('',*,*,#12756,.F.);
#15993 = ADVANCED_FACE('',(#15994),#12903,.F.);
#15994 = FACE_BOUND('',#15995,.T.);
#15995 = EDGE_LOOP('',(#15996,#15997,#15998));
#15996 = ORIENTED_EDGE('',*,*,#12919,.T.);
#15997 = ORIENTED_EDGE('',*,*,#15371,.F.);
#15998 = ORIENTED_EDGE('',*,*,#12890,.F.);
#15999 = ADVANCED_FACE('',(#16000),#13037,.F.);
#16000 = FACE_BOUND('',#16001,.T.);
#16001 = EDGE_LOOP('',(#16002,#16003,#16004));
#16002 = ORIENTED_EDGE('',*,*,#13053,.T.);
#16003 = ORIENTED_EDGE('',*,*,#15349,.F.);
#16004 = ORIENTED_EDGE('',*,*,#13024,.F.);
#16005 = ADVANCED_FACE('',(#16006),#13171,.F.);
#16006 = FACE_BOUND('',#16007,.T.);
#16007 = EDGE_LOOP('',(#16008,#16009,#16010));
#16008 = ORIENTED_EDGE('',*,*,#13187,.T.);
#16009 = ORIENTED_EDGE('',*,*,#15327,.F.);
#16010 = ORIENTED_EDGE('',*,*,#13158,.F.);
#16011 = ADVANCED_FACE('',(#16012),#13305,.F.);
#16012 = FACE_BOUND('',#16013,.T.);
#16013 = EDGE_LOOP('',(#16014,#16015,#16016));
#16014 = ORIENTED_EDGE('',*,*,#13321,.T.);
#16015 = ORIENTED_EDGE('',*,*,#15305,.F.);
#16016 = ORIENTED_EDGE('',*,*,#13292,.F.);
#16017 = ADVANCED_FACE('',(#16018),#13439,.F.);
#16018 = FACE_BOUND('',#16019,.T.);
#16019 = EDGE_LOOP('',(#16020,#16021,#16022));
#16020 = ORIENTED_EDGE('',*,*,#13455,.T.);
#16021 = ORIENTED_EDGE('',*,*,#15283,.F.);
#16022 = ORIENTED_EDGE('',*,*,#13426,.F.);
#16023 = ADVANCED_FACE('',(#16024),#13573,.F.);
#16024 = FACE_BOUND('',#16025,.T.);
#16025 = EDGE_LOOP('',(#16026,#16027,#16028));
#16026 = ORIENTED_EDGE('',*,*,#13589,.T.);
#16027 = ORIENTED_EDGE('',*,*,#15261,.F.);
#16028 = ORIENTED_EDGE('',*,*,#13560,.F.);
#16029 = ADVANCED_FACE('',(#16030),#13707,.F.);
#16030 = FACE_BOUND('',#16031,.T.);
#16031 = EDGE_LOOP('',(#16032,#16033,#16034));
#16032 = ORIENTED_EDGE('',*,*,#13723,.T.);
#16033 = ORIENTED_EDGE('',*,*,#15239,.F.);
#16034 = ORIENTED_EDGE('',*,*,#13694,.F.);
#16035 = ADVANCED_FACE('',(#16036,#16062),#13867,.F.);
#16036 = FACE_BOUND('',#16037,.F.);
#16037 = EDGE_LOOP('',(#16038,#16039,#16040,#16041,#16042,#16043,#16044,
    #16045,#16046,#16047,#16048,#16049,#16050,#16051,#16052,#16053,
    #16054,#16055,#16056,#16057,#16058,#16059,#16060,#16061));
#16038 = ORIENTED_EDGE('',*,*,#14841,.T.);
#16039 = ORIENTED_EDGE('',*,*,#14868,.T.);
#16040 = ORIENTED_EDGE('',*,*,#14940,.T.);
#16041 = ORIENTED_EDGE('',*,*,#14966,.F.);
#16042 = ORIENTED_EDGE('',*,*,#13850,.T.);
#16043 = ORIENTED_EDGE('',*,*,#13903,.T.);
#16044 = ORIENTED_EDGE('',*,*,#13975,.T.);
#16045 = ORIENTED_EDGE('',*,*,#14021,.F.);
#16046 = ORIENTED_EDGE('',*,*,#14048,.T.);
#16047 = ORIENTED_EDGE('',*,*,#14096,.T.);
#16048 = ORIENTED_EDGE('',*,*,#14168,.T.);
#16049 = ORIENTED_EDGE('',*,*,#14214,.F.);
#16050 = ORIENTED_EDGE('',*,*,#14241,.T.);
#16051 = ORIENTED_EDGE('',*,*,#14289,.T.);
#16052 = ORIENTED_EDGE('',*,*,#14361,.T.);
#16053 = ORIENTED_EDGE('',*,*,#14407,.F.);
#16054 = ORIENTED_EDGE('',*,*,#14455,.T.);
#16055 = ORIENTED_EDGE('',*,*,#14482,.T.);
#16056 = ORIENTED_EDGE('',*,*,#14554,.T.);
#16057 = ORIENTED_EDGE('',*,*,#14600,.F.);
#16058 = ORIENTED_EDGE('',*,*,#14648,.T.);
#16059 = ORIENTED_EDGE('',*,*,#14675,.T.);
#16060 = ORIENTED_EDGE('',*,*,#14747,.T.);
#16061 = ORIENTED_EDGE('',*,*,#14793,.F.);
#16062 = FACE_BOUND('',#16063,.F.);
#16063 = EDGE_LOOP('',(#16064));
#16064 = ORIENTED_EDGE('',*,*,#15044,.F.);
#16065 = ( GEOMETRIC_REPRESENTATION_CONTEXT(3) 
GLOBAL_UNCERTAINTY_ASSIGNED_CONTEXT((#16069)) 
GLOBAL_UNIT_ASSIGNED_CONTEXT((#16066,#16067,#16068)) 
REPRESENTATION_CONTEXT('Context #1',
  '3D Context with UNIT and UNCERTAINTY') );
#16066 = ( LENGTH_UNIT() NAMED_UNIT(*) SI_UNIT(.MILLI.,.METRE.) );
#16067 = ( NAMED_UNIT(*) PLANE_ANGLE_UNIT() SI_UNIT($,.RADIAN.) );
#16068 = ( NAMED_UNIT(*) SI_UNIT($,.STERADIAN.) SOLID_ANGLE_UNIT() );
#16069 = UNCERTAINTY_MEASURE_WITH_UNIT(LENGTH_MEASURE(2.E-06),#16066,
  'distance_accuracy_value','confusion accuracy');
#16070 = PRODUCT_RELATED_PRODUCT_CATEGORY('part',$,(#7));
ENDSEC;
END-ISO-10303-21;
