ISO-10303-21;
HEADER;
FILE_DESCRIPTION(('Open CASCADE Model'),'2;1');
FILE_NAME('Open CASCADE Shape Model','2026-08-03T14:48:49',('Author'),(
    'Open CASCADE'),'Open CASCADE STEP processor 7.8','Open CASCADE 7.8'
  ,'Unknown');
FILE_SCHEMA(('AUTOMOTIVE_DESIGN { 1 0 10303 214 1 1 1 1 }'));
ENDSEC;
DATA;
#1 = APPLICATION_PROTOCOL_DEFINITION('international standard',
  'automotive_design',2000,#2);
#2 = APPLICATION_CONTEXT(
  'core data for automotive mechanical design processes');
#3 = SHAPE_DEFINITION_REPRESENTATION(#4,#10);
#4 = PRODUCT_DEFINITION_SHAPE('','',#5);
#5 = PRODUCT_DEFINITION('design','',#6,#9);
#6 = PRODUCT_DEFINITION_FORMATION('','',#7);
#7 = PRODUCT('axle_bottom','axle_bottom','',(#8));
#8 = PRODUCT_CONTEXT('',#2,'mechanical');
#9 = PRODUCT_DEFINITION_CONTEXT('part definition',#2,'design');
#10 = ADVANCED_BREP_SHAPE_REPRESENTATION('',(#11,#15),#2094);
#11 = AXIS2_PLACEMENT_3D('',#12,#13,#14);
#12 = CARTESIAN_POINT('',(0.,0.,0.));
#13 = DIRECTION('',(0.,0.,1.));
#14 = DIRECTION('',(1.,0.,-0.));
#15 = MANIFOLD_SOLID_BREP('',#16);
#16 = CLOSED_SHELL('',(#17,#659,#710,#778,#845,#912,#979,#1026,#1053,
    #1080,#1107,#1134,#1161,#1188,#1195,#1468,#1545,#1595,#1645,#1673,
    #1755,#1802,#1926,#1973,#2023,#2048,#2073,#2080,#2087));
#17 = ADVANCED_FACE('',(#18,#211,#455),#32,.T.);
#18 = FACE_BOUND('',#19,.F.);
#19 = EDGE_LOOP('',(#20,#50,#78,#106,#134,#162,#183,#184));
#20 = ORIENTED_EDGE('',*,*,#21,.F.);
#21 = EDGE_CURVE('',#22,#24,#26,.T.);
#22 = VERTEX_POINT('',#23);
#23 = CARTESIAN_POINT('',(3.975,0.,-49.6100561127));
#24 = VERTEX_POINT('',#25);
#25 = CARTESIAN_POINT('',(3.975,0.,8.6));
#26 = SEAM_CURVE('',#27,(#31,#43),.PCURVE_S1.);
#27 = LINE('',#28,#29);
#28 = CARTESIAN_POINT('',(3.975,0.,-49.6100561127));
#29 = VECTOR('',#30,1.);
#30 = DIRECTION('',(0.,0.,1.));
#31 = PCURVE('',#32,#37);
#32 = CYLINDRICAL_SURFACE('',#33,3.975);
#33 = AXIS2_PLACEMENT_3D('',#34,#35,#36);
#34 = CARTESIAN_POINT('',(0.,0.,-17.));
#35 = DIRECTION('',(-0.,-0.,-1.));
#36 = DIRECTION('',(1.,0.,0.));
#37 = DEFINITIONAL_REPRESENTATION('',(#38),#42);
#38 = LINE('',#39,#40);
#39 = CARTESIAN_POINT('',(-6.28318530718,32.610056112704));
#40 = VECTOR('',#41,1.);
#41 = DIRECTION('',(-0.,-1.));
#42 = ( GEOMETRIC_REPRESENTATION_CONTEXT(2) 
PARAMETRIC_REPRESENTATION_CONTEXT() REPRESENTATION_CONTEXT('2D SPACE',''
  ) );
#43 = PCURVE('',#32,#44);
#44 = DEFINITIONAL_REPRESENTATION('',(#45),#49);
#45 = LINE('',#46,#47);
#46 = CARTESIAN_POINT('',(-0.,32.610056112704));
#47 = VECTOR('',#48,1.);
#48 = DIRECTION('',(-0.,-1.));
#49 = ( GEOMETRIC_REPRESENTATION_CONTEXT(2) 
PARAMETRIC_REPRESENTATION_CONTEXT() REPRESENTATION_CONTEXT('2D SPACE',''
  ) );
#50 = ORIENTED_EDGE('',*,*,#51,.F.);
#51 = EDGE_CURVE('',#52,#22,#54,.T.);
#52 = VERTEX_POINT('',#53);
#53 = CARTESIAN_POINT('',(2.810749455217,-2.810749455217,-49.6100561127)
  );
#54 = SURFACE_CURVE('',#55,(#60,#67),.PCURVE_S1.);
#55 = CIRCLE('',#56,3.975);
#56 = AXIS2_PLACEMENT_3D('',#57,#58,#59);
#57 = CARTESIAN_POINT('',(0.,0.,-49.6100561127));
#58 = DIRECTION('',(0.,0.,1.));
#59 = DIRECTION('',(1.,0.,0.));
#60 = PCURVE('',#32,#61);
#61 = DEFINITIONAL_REPRESENTATION('',(#62),#66);
#62 = LINE('',#63,#64);
#63 = CARTESIAN_POINT('',(-0.,32.610056112704));
#64 = VECTOR('',#65,1.);
#65 = DIRECTION('',(-1.,0.));
#66 = ( GEOMETRIC_REPRESENTATION_CONTEXT(2) 
PARAMETRIC_REPRESENTATION_CONTEXT() REPRESENTATION_CONTEXT('2D SPACE',''
  ) );
#67 = PCURVE('',#68,#73);
#68 = CONICAL_SURFACE('',#69,2.810749455217,0.785398163397);
#69 = AXIS2_PLACEMENT_3D('',#70,#71,#72);
#70 = CARTESIAN_POINT('',(0.,0.,-50.77430665748));
#71 = DIRECTION('',(0.,0.,1.));
#72 = DIRECTION('',(1.,0.,0.));
#73 = DEFINITIONAL_REPRESENTATION('',(#74),#77);
#74 = B_SPLINE_CURVE_WITH_KNOTS('',1,(#75,#76),.UNSPECIFIED.,.F.,.F.,(2,
    2),(5.497787143782,6.28318530718),.PIECEWISE_BEZIER_KNOTS.);
#75 = CARTESIAN_POINT('',(5.497787143782,1.164250544783));
#76 = CARTESIAN_POINT('',(6.28318530718,1.164250544783));
#77 = ( GEOMETRIC_REPRESENTATION_CONTEXT(2) 
PARAMETRIC_REPRESENTATION_CONTEXT() REPRESENTATION_CONTEXT('2D SPACE',''
  ) );
#78 = ORIENTED_EDGE('',*,*,#79,.F.);
#79 = EDGE_CURVE('',#80,#52,#82,.T.);
#80 = VERTEX_POINT('',#81);
#81 = CARTESIAN_POINT('',(-2.810749455216,-2.810749455217,-49.6100561127
    ));
#82 = SURFACE_CURVE('',#83,(#88,#95),.PCURVE_S1.);
#83 = CIRCLE('',#84,3.975);
#84 = AXIS2_PLACEMENT_3D('',#85,#86,#87);
#85 = CARTESIAN_POINT('',(0.,0.,-49.6100561127));
#86 = DIRECTION('',(0.,0.,1.));
#87 = DIRECTION('',(1.,0.,0.));
#88 = PCURVE('',#32,#89);
#89 = DEFINITIONAL_REPRESENTATION('',(#90),#94);
#90 = LINE('',#91,#92);
#91 = CARTESIAN_POINT('',(-0.,32.610056112704));
#92 = VECTOR('',#93,1.);
#93 = DIRECTION('',(-1.,0.));
#94 = ( GEOMETRIC_REPRESENTATION_CONTEXT(2) 
PARAMETRIC_REPRESENTATION_CONTEXT() REPRESENTATION_CONTEXT('2D SPACE',''
  ) );
#95 = PCURVE('',#96,#101);
#96 = CONICAL_SURFACE('',#97,2.810749455217,0.785398163397);
#97 = AXIS2_PLACEMENT_3D('',#98,#99,#100);
#98 = CARTESIAN_POINT('',(0.,0.,-50.77430665748));
#99 = DIRECTION('',(0.,0.,1.));
#100 = DIRECTION('',(1.,0.,0.));
#101 = DEFINITIONAL_REPRESENTATION('',(#102),#105);
#102 = B_SPLINE_CURVE_WITH_KNOTS('',1,(#103,#104),.UNSPECIFIED.,.F.,.F.,
  (2,2),(3.926990816987,5.497787143782),.PIECEWISE_BEZIER_KNOTS.);
#103 = CARTESIAN_POINT('',(3.926990816987,1.164250544783));
#104 = CARTESIAN_POINT('',(5.497787143782,1.164250544783));
#105 = ( GEOMETRIC_REPRESENTATION_CONTEXT(2) 
PARAMETRIC_REPRESENTATION_CONTEXT() REPRESENTATION_CONTEXT('2D SPACE',''
  ) );
#106 = ORIENTED_EDGE('',*,*,#107,.F.);
#107 = EDGE_CURVE('',#108,#80,#110,.T.);
#108 = VERTEX_POINT('',#109);
#109 = CARTESIAN_POINT('',(-2.810749455216,2.810749455217,-49.6100561127
    ));
#110 = SURFACE_CURVE('',#111,(#116,#123),.PCURVE_S1.);
#111 = CIRCLE('',#112,3.975);
#112 = AXIS2_PLACEMENT_3D('',#113,#114,#115);
#113 = CARTESIAN_POINT('',(0.,0.,-49.6100561127));
#114 = DIRECTION('',(0.,0.,1.));
#115 = DIRECTION('',(1.,0.,0.));
#116 = PCURVE('',#32,#117);
#117 = DEFINITIONAL_REPRESENTATION('',(#118),#122);
#118 = LINE('',#119,#120);
#119 = CARTESIAN_POINT('',(-0.,32.610056112704));
#120 = VECTOR('',#121,1.);
#121 = DIRECTION('',(-1.,0.));
#122 = ( GEOMETRIC_REPRESENTATION_CONTEXT(2) 
PARAMETRIC_REPRESENTATION_CONTEXT() REPRESENTATION_CONTEXT('2D SPACE',''
  ) );
#123 = PCURVE('',#124,#129);
#124 = CONICAL_SURFACE('',#125,2.810749455217,0.785398163397);
#125 = AXIS2_PLACEMENT_3D('',#126,#127,#128);
#126 = CARTESIAN_POINT('',(0.,0.,-50.77430665748));
#127 = DIRECTION('',(0.,0.,1.));
#128 = DIRECTION('',(1.,0.,0.));
#129 = DEFINITIONAL_REPRESENTATION('',(#130),#133);
#130 = B_SPLINE_CURVE_WITH_KNOTS('',1,(#131,#132),.UNSPECIFIED.,.F.,.F.,
  (2,2),(2.356194490192,3.926990816987),.PIECEWISE_BEZIER_KNOTS.);
#131 = CARTESIAN_POINT('',(2.356194490192,1.164250544783));
#132 = CARTESIAN_POINT('',(3.926990816987,1.164250544783));
#133 = ( GEOMETRIC_REPRESENTATION_CONTEXT(2) 
PARAMETRIC_REPRESENTATION_CONTEXT() REPRESENTATION_CONTEXT('2D SPACE',''
  ) );
#134 = ORIENTED_EDGE('',*,*,#135,.F.);
#135 = EDGE_CURVE('',#136,#108,#138,.T.);
#136 = VERTEX_POINT('',#137);
#137 = CARTESIAN_POINT('',(2.810749455217,2.810749455217,-49.6100561127)
  );
#138 = SURFACE_CURVE('',#139,(#144,#151),.PCURVE_S1.);
#139 = CIRCLE('',#140,3.975);
#140 = AXIS2_PLACEMENT_3D('',#141,#142,#143);
#141 = CARTESIAN_POINT('',(0.,0.,-49.6100561127));
#142 = DIRECTION('',(0.,0.,1.));
#143 = DIRECTION('',(1.,0.,0.));
#144 = PCURVE('',#32,#145);
#145 = DEFINITIONAL_REPRESENTATION('',(#146),#150);
#146 = LINE('',#147,#148);
#147 = CARTESIAN_POINT('',(-0.,32.610056112704));
#148 = VECTOR('',#149,1.);
#149 = DIRECTION('',(-1.,0.));
#150 = ( GEOMETRIC_REPRESENTATION_CONTEXT(2) 
PARAMETRIC_REPRESENTATION_CONTEXT() REPRESENTATION_CONTEXT('2D SPACE',''
  ) );
#151 = PCURVE('',#152,#157);
#152 = CONICAL_SURFACE('',#153,2.810749455217,0.785398163397);
#153 = AXIS2_PLACEMENT_3D('',#154,#155,#156);
#154 = CARTESIAN_POINT('',(0.,0.,-50.77430665748));
#155 = DIRECTION('',(0.,0.,1.));
#156 = DIRECTION('',(1.,0.,0.));
#157 = DEFINITIONAL_REPRESENTATION('',(#158),#161);
#158 = B_SPLINE_CURVE_WITH_KNOTS('',1,(#159,#160),.UNSPECIFIED.,.F.,.F.,
  (2,2),(0.785398163397,2.356194490192),.PIECEWISE_BEZIER_KNOTS.);
#159 = CARTESIAN_POINT('',(0.785398163397,1.164250544783));
#160 = CARTESIAN_POINT('',(2.356194490192,1.164250544783));
#161 = ( GEOMETRIC_REPRESENTATION_CONTEXT(2) 
PARAMETRIC_REPRESENTATION_CONTEXT() REPRESENTATION_CONTEXT('2D SPACE',''
  ) );
#162 = ORIENTED_EDGE('',*,*,#163,.F.);
#163 = EDGE_CURVE('',#22,#136,#164,.T.);
#164 = SURFACE_CURVE('',#165,(#170,#177),.PCURVE_S1.);
#165 = CIRCLE('',#166,3.975);
#166 = AXIS2_PLACEMENT_3D('',#167,#168,#169);
#167 = CARTESIAN_POINT('',(0.,0.,-49.6100561127));
#168 = DIRECTION('',(0.,0.,1.));
#169 = DIRECTION('',(1.,0.,0.));
#170 = PCURVE('',#32,#171);
#171 = DEFINITIONAL_REPRESENTATION('',(#172),#176);
#172 = LINE('',#173,#174);
#173 = CARTESIAN_POINT('',(-0.,32.610056112704));
#174 = VECTOR('',#175,1.);
#175 = DIRECTION('',(-1.,0.));
#176 = ( GEOMETRIC_REPRESENTATION_CONTEXT(2) 
PARAMETRIC_REPRESENTATION_CONTEXT() REPRESENTATION_CONTEXT('2D SPACE',''
  ) );
#177 = PCURVE('',#68,#178);
#178 = DEFINITIONAL_REPRESENTATION('',(#179),#182);
#179 = B_SPLINE_CURVE_WITH_KNOTS('',1,(#180,#181),.UNSPECIFIED.,.F.,.F.,
  (2,2),(0.,0.785398163397),.PIECEWISE_BEZIER_KNOTS.);
#180 = CARTESIAN_POINT('',(6.28318530718,1.164250544783));
#181 = CARTESIAN_POINT('',(7.068583470577,1.164250544783));
#182 = ( GEOMETRIC_REPRESENTATION_CONTEXT(2) 
PARAMETRIC_REPRESENTATION_CONTEXT() REPRESENTATION_CONTEXT('2D SPACE',''
  ) );
#183 = ORIENTED_EDGE('',*,*,#21,.T.);
#184 = ORIENTED_EDGE('',*,*,#185,.T.);
#185 = EDGE_CURVE('',#24,#24,#186,.T.);
#186 = SURFACE_CURVE('',#187,(#192,#199),.PCURVE_S1.);
#187 = CIRCLE('',#188,3.975);
#188 = AXIS2_PLACEMENT_3D('',#189,#190,#191);
#189 = CARTESIAN_POINT('',(0.,0.,8.6));
#190 = DIRECTION('',(0.,0.,1.));
#191 = DIRECTION('',(1.,0.,0.));
#192 = PCURVE('',#32,#193);
#193 = DEFINITIONAL_REPRESENTATION('',(#194),#198);
#194 = LINE('',#195,#196);
#195 = CARTESIAN_POINT('',(-0.,-25.6));
#196 = VECTOR('',#197,1.);
#197 = DIRECTION('',(-1.,0.));
#198 = ( GEOMETRIC_REPRESENTATION_CONTEXT(2) 
PARAMETRIC_REPRESENTATION_CONTEXT() REPRESENTATION_CONTEXT('2D SPACE',''
  ) );
#199 = PCURVE('',#200,#205);
#200 = CONICAL_SURFACE('',#201,3.975,0.785398163397);
#201 = AXIS2_PLACEMENT_3D('',#202,#203,#204);
#202 = CARTESIAN_POINT('',(0.,0.,8.6));
#203 = DIRECTION('',(0.,0.,1.));
#204 = DIRECTION('',(1.,0.,0.));
#205 = DEFINITIONAL_REPRESENTATION('',(#206),#210);
#206 = LINE('',#207,#208);
#207 = CARTESIAN_POINT('',(0.,0.));
#208 = VECTOR('',#209,1.);
#209 = DIRECTION('',(1.,0.));
#210 = ( GEOMETRIC_REPRESENTATION_CONTEXT(2) 
PARAMETRIC_REPRESENTATION_CONTEXT() REPRESENTATION_CONTEXT('2D SPACE',''
  ) );
#211 = FACE_BOUND('',#212,.F.);
#212 = EDGE_LOOP('',(#213,#247,#273,#305,#338,#370,#396,#428));
#213 = ORIENTED_EDGE('',*,*,#214,.T.);
#214 = EDGE_CURVE('',#215,#217,#219,.T.);
#215 = VERTEX_POINT('',#216);
#216 = CARTESIAN_POINT('',(3.156906308926,2.415484952688,-42.4473144129)
  );
#217 = VERTEX_POINT('',#218);
#218 = CARTESIAN_POINT('',(3.88759097137,0.829012327607,-44.08579204399)
  );
#219 = SURFACE_CURVE('',#220,(#225,#235),.PCURVE_S1.);
#220 = ELLIPSE('',#221,5.621498910433,3.975);
#221 = AXIS2_PLACEMENT_3D('',#222,#223,#224);
#222 = CARTESIAN_POINT('',(0.,0.,-41.92305034419));
#223 = DIRECTION('',(-0.5,0.5,-0.707106781187));
#224 = DIRECTION('',(0.5,-0.5,-0.707106781187));
#225 = PCURVE('',#32,#226);
#226 = DEFINITIONAL_REPRESENTATION('',(#227),#234);
#227 = B_SPLINE_CURVE_WITH_KNOTS('',5,(#228,#229,#230,#231,#232,#233),
  .UNSPECIFIED.,.F.,.F.,(6,6),(4.803184447881,5.337645800469),
  .PIECEWISE_BEZIER_KNOTS.);
#228 = CARTESIAN_POINT('',(-0.694602695901,25.283466649798));
#229 = CARTESIAN_POINT('',(-0.587710425384,25.706613242338));
#230 = CARTESIAN_POINT('',(-0.480818154866,26.124613112344));
#231 = CARTESIAN_POINT('',(-0.373925884348,26.527387966915));
#232 = CARTESIAN_POINT('',(-0.267033613831,26.905128051092));
#233 = CARTESIAN_POINT('',(-0.160141343313,27.2496398071));
#234 = ( GEOMETRIC_REPRESENTATION_CONTEXT(2) 
PARAMETRIC_REPRESENTATION_CONTEXT() REPRESENTATION_CONTEXT('2D SPACE',''
  ) );
#235 = PCURVE('',#236,#241);
#236 = PLANE('',#237);
#237 = AXIS2_PLACEMENT_3D('',#238,#239,#240);
#238 = CARTESIAN_POINT('',(22.742492757478,19.683914113715,
    -44.08579204399));
#239 = DIRECTION('',(-0.5,0.5,-0.707106781187));
#240 = DIRECTION('',(-0.5,0.5,0.707106781187));
#241 = DEFINITIONAL_REPRESENTATION('',(#242),#246);
#242 = ELLIPSE('',#243,5.621498910433,3.975);
#243 = AXIS2_PLACEMENT_2D('',#244,#245);
#244 = CARTESIAN_POINT('',(3.058578643763,-30.));
#245 = DIRECTION('',(-1.,0.));
#246 = ( GEOMETRIC_REPRESENTATION_CONTEXT(2) 
PARAMETRIC_REPRESENTATION_CONTEXT() REPRESENTATION_CONTEXT('2D SPACE',''
  ) );
#247 = ORIENTED_EDGE('',*,*,#248,.T.);
#248 = EDGE_CURVE('',#217,#249,#251,.T.);
#249 = VERTEX_POINT('',#250);
#250 = CARTESIAN_POINT('',(3.88759097137,0.829012327607,-45.13432018141)
  );
#251 = SURFACE_CURVE('',#252,(#256,#262),.PCURVE_S1.);
#252 = LINE('',#253,#254);
#253 = CARTESIAN_POINT('',(3.88759097137,0.829012327607,-17.));
#254 = VECTOR('',#255,1.);
#255 = DIRECTION('',(-0.,-0.,-1.));
#256 = PCURVE('',#32,#257);
#257 = DEFINITIONAL_REPRESENTATION('',(#258),#261);
#258 = B_SPLINE_CURVE_WITH_KNOTS('',1,(#259,#260),.UNSPECIFIED.,.F.,.F.,
  (2,2),(26.980939230249,28.239172995158),.PIECEWISE_BEZIER_KNOTS.);
#259 = CARTESIAN_POINT('',(-0.210098832844,26.980939230249));
#260 = CARTESIAN_POINT('',(-0.210098832844,28.239172995158));
#261 = ( GEOMETRIC_REPRESENTATION_CONTEXT(2) 
PARAMETRIC_REPRESENTATION_CONTEXT() REPRESENTATION_CONTEXT('2D SPACE',''
  ) );
#262 = PCURVE('',#263,#268);
#263 = PLANE('',#264);
#264 = AXIS2_PLACEMENT_3D('',#265,#266,#267);
#265 = CARTESIAN_POINT('',(22.742492757478,19.683914113715,
    -45.13432018141));
#266 = DIRECTION('',(-0.707106781187,0.707106781187,0.));
#267 = DIRECTION('',(0.,0.,1.));
#268 = DEFINITIONAL_REPRESENTATION('',(#269),#272);
#269 = B_SPLINE_CURVE_WITH_KNOTS('',1,(#270,#271),.UNSPECIFIED.,.F.,.F.,
  (2,2),(26.980939230249,28.239172995158),.PIECEWISE_BEZIER_KNOTS.);
#270 = CARTESIAN_POINT('',(1.153380951166,-26.66485782312));
#271 = CARTESIAN_POINT('',(-0.104852813742,-26.66485782312));
#272 = ( GEOMETRIC_REPRESENTATION_CONTEXT(2) 
PARAMETRIC_REPRESENTATION_CONTEXT() REPRESENTATION_CONTEXT('2D SPACE',''
  ) );
#273 = ORIENTED_EDGE('',*,*,#274,.T.);
#274 = EDGE_CURVE('',#249,#275,#277,.T.);
#275 = VERTEX_POINT('',#276);
#276 = CARTESIAN_POINT('',(3.156906308926,2.415484952688,-46.7727978125)
  );
#277 = SURFACE_CURVE('',#278,(#283,#293),.PCURVE_S1.);
#278 = ELLIPSE('',#279,5.621498910433,3.975);
#279 = AXIS2_PLACEMENT_3D('',#280,#281,#282);
#280 = CARTESIAN_POINT('',(0.,0.,-47.29706188121));
#281 = DIRECTION('',(-0.5,0.5,0.707106781187));
#282 = DIRECTION('',(-0.5,0.5,-0.707106781187));
#283 = PCURVE('',#32,#284);
#284 = DEFINITIONAL_REPRESENTATION('',(#285),#292);
#285 = B_SPLINE_CURVE_WITH_KNOTS('',5,(#286,#287,#288,#289,#290,#291),
  .UNSPECIFIED.,.F.,.F.,(6,6),(4.087132160301,4.621593512888),
  .PIECEWISE_BEZIER_KNOTS.);
#286 = CARTESIAN_POINT('',(-0.160141343313,27.970472418307));
#287 = CARTESIAN_POINT('',(-0.267033613831,28.314984174316));
#288 = CARTESIAN_POINT('',(-0.373925884348,28.692724258492));
#289 = CARTESIAN_POINT('',(-0.480818154866,29.095499113063));
#290 = CARTESIAN_POINT('',(-0.587710425384,29.51349898307));
#291 = CARTESIAN_POINT('',(-0.694602695901,29.936645575609));
#292 = ( GEOMETRIC_REPRESENTATION_CONTEXT(2) 
PARAMETRIC_REPRESENTATION_CONTEXT() REPRESENTATION_CONTEXT('2D SPACE',''
  ) );
#293 = PCURVE('',#294,#299);
#294 = PLANE('',#295);
#295 = AXIS2_PLACEMENT_3D('',#296,#297,#298);
#296 = CARTESIAN_POINT('',(21.583914113715,20.842492757478,
    -46.7727978125));
#297 = DIRECTION('',(-0.5,0.5,0.707106781187));
#298 = DIRECTION('',(0.5,-0.5,0.707106781187));
#299 = DEFINITIONAL_REPRESENTATION('',(#300),#304);
#300 = ELLIPSE('',#301,5.621498910433,3.975);
#301 = AXIS2_PLACEMENT_2D('',#302,#303);
#302 = CARTESIAN_POINT('',(-0.741421356237,-30.));
#303 = DIRECTION('',(-1.,0.));
#304 = ( GEOMETRIC_REPRESENTATION_CONTEXT(2) 
PARAMETRIC_REPRESENTATION_CONTEXT() REPRESENTATION_CONTEXT('2D SPACE',''
  ) );
#305 = ORIENTED_EDGE('',*,*,#306,.F.);
#306 = EDGE_CURVE('',#307,#275,#309,.T.);
#307 = VERTEX_POINT('',#308);
#308 = CARTESIAN_POINT('',(2.415484952688,3.156906308926,-46.7727978125)
  );
#309 = SURFACE_CURVE('',#310,(#315,#322),.PCURVE_S1.);
#310 = CIRCLE('',#311,3.975);
#311 = AXIS2_PLACEMENT_3D('',#312,#313,#314);
#312 = CARTESIAN_POINT('',(0.,0.,-46.7727978125));
#313 = DIRECTION('',(0.,0.,-1.));
#314 = DIRECTION('',(1.,0.,0.));
#315 = PCURVE('',#32,#316);
#316 = DEFINITIONAL_REPRESENTATION('',(#317),#321);
#317 = LINE('',#318,#319);
#318 = CARTESIAN_POINT('',(-6.28318530718,29.772797812501));
#319 = VECTOR('',#320,1.);
#320 = DIRECTION('',(1.,-0.));
#321 = ( GEOMETRIC_REPRESENTATION_CONTEXT(2) 
PARAMETRIC_REPRESENTATION_CONTEXT() REPRESENTATION_CONTEXT('2D SPACE',''
  ) );
#322 = PCURVE('',#323,#328);
#323 = PLANE('',#324);
#324 = AXIS2_PLACEMENT_3D('',#325,#326,#327);
#325 = CARTESIAN_POINT('',(20.842492757478,21.583914113715,
    -46.7727978125));
#326 = DIRECTION('',(0.,0.,1.));
#327 = DIRECTION('',(0.707106781187,-0.707106781187,0.));
#328 = DEFINITIONAL_REPRESENTATION('',(#329),#337);
#329 = ( BOUNDED_CURVE() B_SPLINE_CURVE(2,(#330,#331,#332,#333,#334,#335
,#336),.UNSPECIFIED.,.T.,.F.) B_SPLINE_CURVE_WITH_KNOTS((1,2,2,2,2,1),(
    -2.094395102393,0.,2.094395102393,4.188790204786,6.28318530718,
8.377580409573),.UNSPECIFIED.) CURVE() GEOMETRIC_REPRESENTATION_ITEM() 
RATIONAL_B_SPLINE_CURVE((1.,0.5,1.,0.5,1.,0.5,1.)) REPRESENTATION_ITEM(
  '') );
#330 = CARTESIAN_POINT('',(3.335013523928,-27.18925054478));
#331 = CARTESIAN_POINT('',(8.20337438771,-32.05761140856));
#332 = CARTESIAN_POINT('',(1.553069772994,-33.83955515949));
#333 = CARTESIAN_POINT('',(-5.097234841721,-35.62149891043));
#334 = CARTESIAN_POINT('',(-3.315291090787,-28.97119429571));
#335 = CARTESIAN_POINT('',(-1.533347339853,-22.320889681));
#336 = CARTESIAN_POINT('',(3.335013523928,-27.18925054478));
#337 = ( GEOMETRIC_REPRESENTATION_CONTEXT(2) 
PARAMETRIC_REPRESENTATION_CONTEXT() REPRESENTATION_CONTEXT('2D SPACE',''
  ) );
#338 = ORIENTED_EDGE('',*,*,#339,.T.);
#339 = EDGE_CURVE('',#307,#340,#342,.T.);
#340 = VERTEX_POINT('',#341);
#341 = CARTESIAN_POINT('',(0.829012327607,3.88759097137,-45.13432018141)
  );
#342 = SURFACE_CURVE('',#343,(#348,#358),.PCURVE_S1.);
#343 = ELLIPSE('',#344,5.621498910433,3.975);
#344 = AXIS2_PLACEMENT_3D('',#345,#346,#347);
#345 = CARTESIAN_POINT('',(0.,0.,-47.29706188121));
#346 = DIRECTION('',(0.5,-0.5,0.707106781187));
#347 = DIRECTION('',(0.5,-0.5,-0.707106781187));
#348 = PCURVE('',#32,#349);
#349 = DEFINITIONAL_REPRESENTATION('',(#350),#357);
#350 = B_SPLINE_CURVE_WITH_KNOTS('',5,(#351,#352,#353,#354,#355,#356),
  .UNSPECIFIED.,.F.,.F.,(6,6),(1.661591794291,2.196053146879),
  .PIECEWISE_BEZIER_KNOTS.);
#351 = CARTESIAN_POINT('',(-0.876193630894,29.936645575609));
#352 = CARTESIAN_POINT('',(-0.983085901411,29.51349898307));
#353 = CARTESIAN_POINT('',(-1.089978171929,29.095499113063));
#354 = CARTESIAN_POINT('',(-1.196870442446,28.692724258492));
#355 = CARTESIAN_POINT('',(-1.303762712964,28.314984174316));
#356 = CARTESIAN_POINT('',(-1.410654983482,27.970472418307));
#357 = ( GEOMETRIC_REPRESENTATION_CONTEXT(2) 
PARAMETRIC_REPRESENTATION_CONTEXT() REPRESENTATION_CONTEXT('2D SPACE',''
  ) );
#358 = PCURVE('',#359,#364);
#359 = PLANE('',#360);
#360 = AXIS2_PLACEMENT_3D('',#361,#362,#363);
#361 = CARTESIAN_POINT('',(19.683914113715,22.742492757478,
    -45.13432018141));
#362 = DIRECTION('',(0.5,-0.5,0.707106781187));
#363 = DIRECTION('',(0.5,-0.5,-0.707106781187));
#364 = DEFINITIONAL_REPRESENTATION('',(#365),#369);
#365 = ELLIPSE('',#366,5.621498910433,3.975);
#366 = AXIS2_PLACEMENT_2D('',#367,#368);
#367 = CARTESIAN_POINT('',(3.058578643763,-30.));
#368 = DIRECTION('',(1.,0.));
#369 = ( GEOMETRIC_REPRESENTATION_CONTEXT(2) 
PARAMETRIC_REPRESENTATION_CONTEXT() REPRESENTATION_CONTEXT('2D SPACE',''
  ) );
#370 = ORIENTED_EDGE('',*,*,#371,.F.);
#371 = EDGE_CURVE('',#372,#340,#374,.T.);
#372 = VERTEX_POINT('',#373);
#373 = CARTESIAN_POINT('',(0.829012327607,3.88759097137,-44.08579204399)
  );
#374 = SURFACE_CURVE('',#375,(#379,#385),.PCURVE_S1.);
#375 = LINE('',#376,#377);
#376 = CARTESIAN_POINT('',(0.829012327607,3.88759097137,-17.));
#377 = VECTOR('',#378,1.);
#378 = DIRECTION('',(-0.,-0.,-1.));
#379 = PCURVE('',#32,#380);
#380 = DEFINITIONAL_REPRESENTATION('',(#381),#384);
#381 = B_SPLINE_CURVE_WITH_KNOTS('',1,(#382,#383),.UNSPECIFIED.,.F.,.F.,
  (2,2),(26.980939230249,28.239172995158),.PIECEWISE_BEZIER_KNOTS.);
#382 = CARTESIAN_POINT('',(-1.360697493951,26.980939230249));
#383 = CARTESIAN_POINT('',(-1.360697493951,28.239172995158));
#384 = ( GEOMETRIC_REPRESENTATION_CONTEXT(2) 
PARAMETRIC_REPRESENTATION_CONTEXT() REPRESENTATION_CONTEXT('2D SPACE',''
  ) );
#385 = PCURVE('',#386,#391);
#386 = PLANE('',#387);
#387 = AXIS2_PLACEMENT_3D('',#388,#389,#390);
#388 = CARTESIAN_POINT('',(19.683914113715,22.742492757478,
    -44.08579204399));
#389 = DIRECTION('',(0.707106781187,-0.707106781187,0.));
#390 = DIRECTION('',(0.,0.,-1.));
#391 = DEFINITIONAL_REPRESENTATION('',(#392),#395);
#392 = B_SPLINE_CURVE_WITH_KNOTS('',1,(#393,#394),.UNSPECIFIED.,.F.,.F.,
  (2,2),(26.980939230249,28.239172995158),.PIECEWISE_BEZIER_KNOTS.);
#393 = CARTESIAN_POINT('',(-0.104852813742,-26.66485782312));
#394 = CARTESIAN_POINT('',(1.153380951166,-26.66485782312));
#395 = ( GEOMETRIC_REPRESENTATION_CONTEXT(2) 
PARAMETRIC_REPRESENTATION_CONTEXT() REPRESENTATION_CONTEXT('2D SPACE',''
  ) );
#396 = ORIENTED_EDGE('',*,*,#397,.T.);
#397 = EDGE_CURVE('',#372,#398,#400,.T.);
#398 = VERTEX_POINT('',#399);
#399 = CARTESIAN_POINT('',(2.415484952688,3.156906308926,-42.4473144129)
  );
#400 = SURFACE_CURVE('',#401,(#406,#416),.PCURVE_S1.);
#401 = ELLIPSE('',#402,5.621498910433,3.975);
#402 = AXIS2_PLACEMENT_3D('',#403,#404,#405);
#403 = CARTESIAN_POINT('',(0.,0.,-41.92305034419));
#404 = DIRECTION('',(0.5,-0.5,-0.707106781187));
#405 = DIRECTION('',(-0.5,0.5,-0.707106781187));
#406 = PCURVE('',#32,#407);
#407 = DEFINITIONAL_REPRESENTATION('',(#408),#415);
#408 = B_SPLINE_CURVE_WITH_KNOTS('',5,(#409,#410,#411,#412,#413,#414),
  .UNSPECIFIED.,.F.,.F.,(6,6),(0.945539506711,1.480000859299),
  .PIECEWISE_BEZIER_KNOTS.);
#409 = CARTESIAN_POINT('',(-1.410654983482,27.2496398071));
#410 = CARTESIAN_POINT('',(-1.303762712964,26.905128051092));
#411 = CARTESIAN_POINT('',(-1.196870442446,26.527387966915));
#412 = CARTESIAN_POINT('',(-1.089978171929,26.124613112344));
#413 = CARTESIAN_POINT('',(-0.983085901411,25.706613242338));
#414 = CARTESIAN_POINT('',(-0.876193630894,25.283466649798));
#415 = ( GEOMETRIC_REPRESENTATION_CONTEXT(2) 
PARAMETRIC_REPRESENTATION_CONTEXT() REPRESENTATION_CONTEXT('2D SPACE',''
  ) );
#416 = PCURVE('',#417,#422);
#417 = PLANE('',#418);
#418 = AXIS2_PLACEMENT_3D('',#419,#420,#421);
#419 = CARTESIAN_POINT('',(20.842492757478,21.583914113715,
    -42.4473144129));
#420 = DIRECTION('',(0.5,-0.5,-0.707106781187));
#421 = DIRECTION('',(-0.5,0.5,-0.707106781187));
#422 = DEFINITIONAL_REPRESENTATION('',(#423),#427);
#423 = ELLIPSE('',#424,5.621498910433,3.975);
#424 = AXIS2_PLACEMENT_2D('',#425,#426);
#425 = CARTESIAN_POINT('',(-0.741421356237,-30.));
#426 = DIRECTION('',(1.,0.));
#427 = ( GEOMETRIC_REPRESENTATION_CONTEXT(2) 
PARAMETRIC_REPRESENTATION_CONTEXT() REPRESENTATION_CONTEXT('2D SPACE',''
  ) );
#428 = ORIENTED_EDGE('',*,*,#429,.T.);
#429 = EDGE_CURVE('',#398,#215,#430,.T.);
#430 = SURFACE_CURVE('',#431,(#436,#443),.PCURVE_S1.);
#431 = CIRCLE('',#432,3.975);
#432 = AXIS2_PLACEMENT_3D('',#433,#434,#435);
#433 = CARTESIAN_POINT('',(0.,0.,-42.4473144129));
#434 = DIRECTION('',(0.,0.,-1.));
#435 = DIRECTION('',(1.,0.,0.));
#436 = PCURVE('',#32,#437);
#437 = DEFINITIONAL_REPRESENTATION('',(#438),#442);
#438 = LINE('',#439,#440);
#439 = CARTESIAN_POINT('',(-6.28318530718,25.447314412907));
#440 = VECTOR('',#441,1.);
#441 = DIRECTION('',(1.,-0.));
#442 = ( GEOMETRIC_REPRESENTATION_CONTEXT(2) 
PARAMETRIC_REPRESENTATION_CONTEXT() REPRESENTATION_CONTEXT('2D SPACE',''
  ) );
#443 = PCURVE('',#444,#449);
#444 = PLANE('',#445);
#445 = AXIS2_PLACEMENT_3D('',#446,#447,#448);
#446 = CARTESIAN_POINT('',(21.583914113715,20.842492757478,
    -42.4473144129));
#447 = DIRECTION('',(-0.,0.,-1.));
#448 = DIRECTION('',(-0.707106781187,0.707106781187,0.));
#449 = DEFINITIONAL_REPRESENTATION('',(#450),#454);
#450 = CIRCLE('',#451,3.975);
#451 = AXIS2_PLACEMENT_2D('',#452,#453);
#452 = CARTESIAN_POINT('',(0.524264068712,-30.));
#453 = DIRECTION('',(-0.707106781187,0.707106781187));
#454 = ( GEOMETRIC_REPRESENTATION_CONTEXT(2) 
PARAMETRIC_REPRESENTATION_CONTEXT() REPRESENTATION_CONTEXT('2D SPACE',''
  ) );
#455 = FACE_BOUND('',#456,.F.);
#456 = EDGE_LOOP('',(#457,#480,#507,#531,#558,#579,#606,#634));
#457 = ORIENTED_EDGE('',*,*,#458,.F.);
#458 = EDGE_CURVE('',#459,#461,#463,.T.);
#459 = VERTEX_POINT('',#460);
#460 = CARTESIAN_POINT('',(-0.829012327607,-3.88759097137,
    -44.08579204399));
#461 = VERTEX_POINT('',#462);
#462 = CARTESIAN_POINT('',(-0.829012327607,-3.88759097137,
    -45.13432018141));
#463 = SURFACE_CURVE('',#464,(#468,#474),.PCURVE_S1.);
#464 = LINE('',#465,#466);
#465 = CARTESIAN_POINT('',(-0.829012327607,-3.88759097137,-17.));
#466 = VECTOR('',#467,1.);
#467 = DIRECTION('',(-0.,-0.,-1.));
#468 = PCURVE('',#32,#469);
#469 = DEFINITIONAL_REPRESENTATION('',(#470),#473);
#470 = B_SPLINE_CURVE_WITH_KNOTS('',1,(#471,#472),.UNSPECIFIED.,.F.,.F.,
  (2,2),(26.980939230249,28.239172995158),.PIECEWISE_BEZIER_KNOTS.);
#471 = CARTESIAN_POINT('',(-4.502290147541,26.980939230249));
#472 = CARTESIAN_POINT('',(-4.502290147541,28.239172995158));
#473 = ( GEOMETRIC_REPRESENTATION_CONTEXT(2) 
PARAMETRIC_REPRESENTATION_CONTEXT() REPRESENTATION_CONTEXT('2D SPACE',''
  ) );
#474 = PCURVE('',#263,#475);
#475 = DEFINITIONAL_REPRESENTATION('',(#476),#479);
#476 = B_SPLINE_CURVE_WITH_KNOTS('',1,(#477,#478),.UNSPECIFIED.,.F.,.F.,
  (2,2),(26.980939230249,28.239172995158),.PIECEWISE_BEZIER_KNOTS.);
#477 = CARTESIAN_POINT('',(1.153380951166,-33.33514217687));
#478 = CARTESIAN_POINT('',(-0.104852813742,-33.33514217687));
#479 = ( GEOMETRIC_REPRESENTATION_CONTEXT(2) 
PARAMETRIC_REPRESENTATION_CONTEXT() REPRESENTATION_CONTEXT('2D SPACE',''
  ) );
#480 = ORIENTED_EDGE('',*,*,#481,.T.);
#481 = EDGE_CURVE('',#459,#482,#484,.T.);
#482 = VERTEX_POINT('',#483);
#483 = CARTESIAN_POINT('',(-2.415484952688,-3.156906308926,
    -42.4473144129));
#484 = SURFACE_CURVE('',#485,(#490,#500),.PCURVE_S1.);
#485 = ELLIPSE('',#486,5.621498910433,3.975);
#486 = AXIS2_PLACEMENT_3D('',#487,#488,#489);
#487 = CARTESIAN_POINT('',(0.,0.,-41.92305034419));
#488 = DIRECTION('',(-0.5,0.5,-0.707106781187));
#489 = DIRECTION('',(0.5,-0.5,-0.707106781187));
#490 = PCURVE('',#32,#491);
#491 = DEFINITIONAL_REPRESENTATION('',(#492),#499);
#492 = B_SPLINE_CURVE_WITH_KNOTS('',5,(#493,#494,#495,#496,#497,#498),
  .UNSPECIFIED.,.F.,.F.,(6,6),(0.945539506711,1.480000859299),
  .PIECEWISE_BEZIER_KNOTS.);
#493 = CARTESIAN_POINT('',(-4.552247637071,27.2496398071));
#494 = CARTESIAN_POINT('',(-4.445355366554,26.905128051092));
#495 = CARTESIAN_POINT('',(-4.338463096036,26.527387966915));
#496 = CARTESIAN_POINT('',(-4.231570825519,26.124613112344));
#497 = CARTESIAN_POINT('',(-4.124678555001,25.706613242338));
#498 = CARTESIAN_POINT('',(-4.017786284484,25.283466649798));
#499 = ( GEOMETRIC_REPRESENTATION_CONTEXT(2) 
PARAMETRIC_REPRESENTATION_CONTEXT() REPRESENTATION_CONTEXT('2D SPACE',''
  ) );
#500 = PCURVE('',#236,#501);
#501 = DEFINITIONAL_REPRESENTATION('',(#502),#506);
#502 = ELLIPSE('',#503,5.621498910433,3.975);
#503 = AXIS2_PLACEMENT_2D('',#504,#505);
#504 = CARTESIAN_POINT('',(3.058578643763,-30.));
#505 = DIRECTION('',(-1.,0.));
#506 = ( GEOMETRIC_REPRESENTATION_CONTEXT(2) 
PARAMETRIC_REPRESENTATION_CONTEXT() REPRESENTATION_CONTEXT('2D SPACE',''
  ) );
#507 = ORIENTED_EDGE('',*,*,#508,.T.);
#508 = EDGE_CURVE('',#482,#509,#511,.T.);
#509 = VERTEX_POINT('',#510);
#510 = CARTESIAN_POINT('',(-3.156906308926,-2.415484952688,
    -42.4473144129));
#511 = SURFACE_CURVE('',#512,(#517,#524),.PCURVE_S1.);
#512 = CIRCLE('',#513,3.975);
#513 = AXIS2_PLACEMENT_3D('',#514,#515,#516);
#514 = CARTESIAN_POINT('',(0.,0.,-42.4473144129));
#515 = DIRECTION('',(0.,0.,-1.));
#516 = DIRECTION('',(1.,0.,0.));
#517 = PCURVE('',#32,#518);
#518 = DEFINITIONAL_REPRESENTATION('',(#519),#523);
#519 = LINE('',#520,#521);
#520 = CARTESIAN_POINT('',(-6.28318530718,25.447314412907));
#521 = VECTOR('',#522,1.);
#522 = DIRECTION('',(1.,-0.));
#523 = ( GEOMETRIC_REPRESENTATION_CONTEXT(2) 
PARAMETRIC_REPRESENTATION_CONTEXT() REPRESENTATION_CONTEXT('2D SPACE',''
  ) );
#524 = PCURVE('',#444,#525);
#525 = DEFINITIONAL_REPRESENTATION('',(#526),#530);
#526 = CIRCLE('',#527,3.975);
#527 = AXIS2_PLACEMENT_2D('',#528,#529);
#528 = CARTESIAN_POINT('',(0.524264068712,-30.));
#529 = DIRECTION('',(-0.707106781187,0.707106781187));
#530 = ( GEOMETRIC_REPRESENTATION_CONTEXT(2) 
PARAMETRIC_REPRESENTATION_CONTEXT() REPRESENTATION_CONTEXT('2D SPACE',''
  ) );
#531 = ORIENTED_EDGE('',*,*,#532,.T.);
#532 = EDGE_CURVE('',#509,#533,#535,.T.);
#533 = VERTEX_POINT('',#534);
#534 = CARTESIAN_POINT('',(-3.88759097137,-0.829012327607,
    -44.08579204399));
#535 = SURFACE_CURVE('',#536,(#541,#551),.PCURVE_S1.);
#536 = ELLIPSE('',#537,5.621498910433,3.975);
#537 = AXIS2_PLACEMENT_3D('',#538,#539,#540);
#538 = CARTESIAN_POINT('',(0.,0.,-41.92305034419));
#539 = DIRECTION('',(0.5,-0.5,-0.707106781187));
#540 = DIRECTION('',(-0.5,0.5,-0.707106781187));
#541 = PCURVE('',#32,#542);
#542 = DEFINITIONAL_REPRESENTATION('',(#543),#550);
#543 = B_SPLINE_CURVE_WITH_KNOTS('',5,(#544,#545,#546,#547,#548,#549),
  .UNSPECIFIED.,.F.,.F.,(6,6),(4.803184447881,5.337645800469),
  .PIECEWISE_BEZIER_KNOTS.);
#544 = CARTESIAN_POINT('',(-3.836195349491,25.283466649798));
#545 = CARTESIAN_POINT('',(-3.729303078973,25.706613242338));
#546 = CARTESIAN_POINT('',(-3.622410808456,26.124613112344));
#547 = CARTESIAN_POINT('',(-3.515518537938,26.527387966915));
#548 = CARTESIAN_POINT('',(-3.408626267421,26.905128051092));
#549 = CARTESIAN_POINT('',(-3.301733996903,27.2496398071));
#550 = ( GEOMETRIC_REPRESENTATION_CONTEXT(2) 
PARAMETRIC_REPRESENTATION_CONTEXT() REPRESENTATION_CONTEXT('2D SPACE',''
  ) );
#551 = PCURVE('',#417,#552);
#552 = DEFINITIONAL_REPRESENTATION('',(#553),#557);
#553 = ELLIPSE('',#554,5.621498910433,3.975);
#554 = AXIS2_PLACEMENT_2D('',#555,#556);
#555 = CARTESIAN_POINT('',(-0.741421356237,-30.));
#556 = DIRECTION('',(1.,0.));
#557 = ( GEOMETRIC_REPRESENTATION_CONTEXT(2) 
PARAMETRIC_REPRESENTATION_CONTEXT() REPRESENTATION_CONTEXT('2D SPACE',''
  ) );
#558 = ORIENTED_EDGE('',*,*,#559,.T.);
#559 = EDGE_CURVE('',#533,#560,#562,.T.);
#560 = VERTEX_POINT('',#561);
#561 = CARTESIAN_POINT('',(-3.88759097137,-0.829012327607,
    -45.13432018141));
#562 = SURFACE_CURVE('',#563,(#567,#573),.PCURVE_S1.);
#563 = LINE('',#564,#565);
#564 = CARTESIAN_POINT('',(-3.88759097137,-0.829012327607,-17.));
#565 = VECTOR('',#566,1.);
#566 = DIRECTION('',(-0.,-0.,-1.));
#567 = PCURVE('',#32,#568);
#568 = DEFINITIONAL_REPRESENTATION('',(#569),#572);
#569 = B_SPLINE_CURVE_WITH_KNOTS('',1,(#570,#571),.UNSPECIFIED.,.F.,.F.,
  (2,2),(26.980939230249,28.239172995158),.PIECEWISE_BEZIER_KNOTS.);
#570 = CARTESIAN_POINT('',(-3.351691486433,26.980939230249));
#571 = CARTESIAN_POINT('',(-3.351691486433,28.239172995158));
#572 = ( GEOMETRIC_REPRESENTATION_CONTEXT(2) 
PARAMETRIC_REPRESENTATION_CONTEXT() REPRESENTATION_CONTEXT('2D SPACE',''
  ) );
#573 = PCURVE('',#386,#574);
#574 = DEFINITIONAL_REPRESENTATION('',(#575),#578);
#575 = B_SPLINE_CURVE_WITH_KNOTS('',1,(#576,#577),.UNSPECIFIED.,.F.,.F.,
  (2,2),(26.980939230249,28.239172995158),.PIECEWISE_BEZIER_KNOTS.);
#576 = CARTESIAN_POINT('',(-0.104852813742,-33.33514217687));
#577 = CARTESIAN_POINT('',(1.153380951166,-33.33514217687));
#578 = ( GEOMETRIC_REPRESENTATION_CONTEXT(2) 
PARAMETRIC_REPRESENTATION_CONTEXT() REPRESENTATION_CONTEXT('2D SPACE',''
  ) );
#579 = ORIENTED_EDGE('',*,*,#580,.T.);
#580 = EDGE_CURVE('',#560,#581,#583,.T.);
#581 = VERTEX_POINT('',#582);
#582 = CARTESIAN_POINT('',(-3.156906308926,-2.415484952688,
    -46.7727978125));
#583 = SURFACE_CURVE('',#584,(#589,#599),.PCURVE_S1.);
#584 = ELLIPSE('',#585,5.621498910433,3.975);
#585 = AXIS2_PLACEMENT_3D('',#586,#587,#588);
#586 = CARTESIAN_POINT('',(0.,0.,-47.29706188121));
#587 = DIRECTION('',(0.5,-0.5,0.707106781187));
#588 = DIRECTION('',(0.5,-0.5,-0.707106781187));
#589 = PCURVE('',#32,#590);
#590 = DEFINITIONAL_REPRESENTATION('',(#591),#598);
#591 = B_SPLINE_CURVE_WITH_KNOTS('',5,(#592,#593,#594,#595,#596,#597),
  .UNSPECIFIED.,.F.,.F.,(6,6),(4.087132160301,4.621593512888),
  .PIECEWISE_BEZIER_KNOTS.);
#592 = CARTESIAN_POINT('',(-3.301733996903,27.970472418307));
#593 = CARTESIAN_POINT('',(-3.408626267421,28.314984174316));
#594 = CARTESIAN_POINT('',(-3.515518537938,28.692724258492));
#595 = CARTESIAN_POINT('',(-3.622410808456,29.095499113063));
#596 = CARTESIAN_POINT('',(-3.729303078973,29.51349898307));
#597 = CARTESIAN_POINT('',(-3.836195349491,29.936645575609));
#598 = ( GEOMETRIC_REPRESENTATION_CONTEXT(2) 
PARAMETRIC_REPRESENTATION_CONTEXT() REPRESENTATION_CONTEXT('2D SPACE',''
  ) );
#599 = PCURVE('',#359,#600);
#600 = DEFINITIONAL_REPRESENTATION('',(#601),#605);
#601 = ELLIPSE('',#602,5.621498910433,3.975);
#602 = AXIS2_PLACEMENT_2D('',#603,#604);
#603 = CARTESIAN_POINT('',(3.058578643763,-30.));
#604 = DIRECTION('',(1.,0.));
#605 = ( GEOMETRIC_REPRESENTATION_CONTEXT(2) 
PARAMETRIC_REPRESENTATION_CONTEXT() REPRESENTATION_CONTEXT('2D SPACE',''
  ) );
#606 = ORIENTED_EDGE('',*,*,#607,.F.);
#607 = EDGE_CURVE('',#608,#581,#610,.T.);
#608 = VERTEX_POINT('',#609);
#609 = CARTESIAN_POINT('',(-2.415484952688,-3.156906308926,
    -46.7727978125));
#610 = SURFACE_CURVE('',#611,(#616,#623),.PCURVE_S1.);
#611 = CIRCLE('',#612,3.975);
#612 = AXIS2_PLACEMENT_3D('',#613,#614,#615);
#613 = CARTESIAN_POINT('',(0.,0.,-46.7727978125));
#614 = DIRECTION('',(0.,0.,-1.));
#615 = DIRECTION('',(1.,0.,0.));
#616 = PCURVE('',#32,#617);
#617 = DEFINITIONAL_REPRESENTATION('',(#618),#622);
#618 = LINE('',#619,#620);
#619 = CARTESIAN_POINT('',(-6.28318530718,29.772797812501));
#620 = VECTOR('',#621,1.);
#621 = DIRECTION('',(1.,-0.));
#622 = ( GEOMETRIC_REPRESENTATION_CONTEXT(2) 
PARAMETRIC_REPRESENTATION_CONTEXT() REPRESENTATION_CONTEXT('2D SPACE',''
  ) );
#623 = PCURVE('',#323,#624);
#624 = DEFINITIONAL_REPRESENTATION('',(#625),#633);
#625 = ( BOUNDED_CURVE() B_SPLINE_CURVE(2,(#626,#627,#628,#629,#630,#631
,#632),.UNSPECIFIED.,.T.,.F.) B_SPLINE_CURVE_WITH_KNOTS((1,2,2,2,2,1),(
    -2.094395102393,0.,2.094395102393,4.188790204786,6.28318530718,
8.377580409573),.UNSPECIFIED.) CURVE() GEOMETRIC_REPRESENTATION_ITEM() 
RATIONAL_B_SPLINE_CURVE((1.,0.5,1.,0.5,1.,0.5,1.)) REPRESENTATION_ITEM(
  '') );
#626 = CARTESIAN_POINT('',(3.335013523928,-27.18925054478));
#627 = CARTESIAN_POINT('',(8.20337438771,-32.05761140856));
#628 = CARTESIAN_POINT('',(1.553069772994,-33.83955515949));
#629 = CARTESIAN_POINT('',(-5.097234841721,-35.62149891043));
#630 = CARTESIAN_POINT('',(-3.315291090787,-28.97119429571));
#631 = CARTESIAN_POINT('',(-1.533347339853,-22.320889681));
#632 = CARTESIAN_POINT('',(3.335013523928,-27.18925054478));
#633 = ( GEOMETRIC_REPRESENTATION_CONTEXT(2) 
PARAMETRIC_REPRESENTATION_CONTEXT() REPRESENTATION_CONTEXT('2D SPACE',''
  ) );
#634 = ORIENTED_EDGE('',*,*,#635,.T.);
#635 = EDGE_CURVE('',#608,#461,#636,.T.);
#636 = SURFACE_CURVE('',#637,(#642,#652),.PCURVE_S1.);
#637 = ELLIPSE('',#638,5.621498910433,3.975);
#638 = AXIS2_PLACEMENT_3D('',#639,#640,#641);
#639 = CARTESIAN_POINT('',(0.,0.,-47.29706188121));
#640 = DIRECTION('',(-0.5,0.5,0.707106781187));
#641 = DIRECTION('',(-0.5,0.5,-0.707106781187));
#642 = PCURVE('',#32,#643);
#643 = DEFINITIONAL_REPRESENTATION('',(#644),#651);
#644 = B_SPLINE_CURVE_WITH_KNOTS('',5,(#645,#646,#647,#648,#649,#650),
  .UNSPECIFIED.,.F.,.F.,(6,6),(1.661591794291,2.196053146879),
  .PIECEWISE_BEZIER_KNOTS.);
#645 = CARTESIAN_POINT('',(-4.017786284484,29.936645575609));
#646 = CARTESIAN_POINT('',(-4.124678555001,29.51349898307));
#647 = CARTESIAN_POINT('',(-4.231570825519,29.095499113063));
#648 = CARTESIAN_POINT('',(-4.338463096036,28.692724258492));
#649 = CARTESIAN_POINT('',(-4.445355366554,28.314984174316));
#650 = CARTESIAN_POINT('',(-4.552247637071,27.970472418307));
#651 = ( GEOMETRIC_REPRESENTATION_CONTEXT(2) 
PARAMETRIC_REPRESENTATION_CONTEXT() REPRESENTATION_CONTEXT('2D SPACE',''
  ) );
#652 = PCURVE('',#294,#653);
#653 = DEFINITIONAL_REPRESENTATION('',(#654),#658);
#654 = ELLIPSE('',#655,5.621498910433,3.975);
#655 = AXIS2_PLACEMENT_2D('',#656,#657);
#656 = CARTESIAN_POINT('',(-0.741421356237,-30.));
#657 = DIRECTION('',(-1.,0.));
#658 = ( GEOMETRIC_REPRESENTATION_CONTEXT(2) 
PARAMETRIC_REPRESENTATION_CONTEXT() REPRESENTATION_CONTEXT('2D SPACE',''
  ) );
#659 = ADVANCED_FACE('',(#660),#200,.T.);
#660 = FACE_BOUND('',#661,.T.);
#661 = EDGE_LOOP('',(#662,#663,#683,#709));
#662 = ORIENTED_EDGE('',*,*,#185,.T.);
#663 = ORIENTED_EDGE('',*,*,#664,.T.);
#664 = EDGE_CURVE('',#24,#665,#667,.T.);
#665 = VERTEX_POINT('',#666);
#666 = CARTESIAN_POINT('',(5.725,0.,10.35));
#667 = SEAM_CURVE('',#668,(#671,#677),.PCURVE_S1.);
#668 = B_SPLINE_CURVE_WITH_KNOTS('',1,(#669,#670),.UNSPECIFIED.,.F.,.F.,
  (2,2),(0.,1.),.PIECEWISE_BEZIER_KNOTS.);
#669 = CARTESIAN_POINT('',(3.975,0.,8.6));
#670 = CARTESIAN_POINT('',(5.725,0.,10.35));
#671 = PCURVE('',#200,#672);
#672 = DEFINITIONAL_REPRESENTATION('',(#673),#676);
#673 = B_SPLINE_CURVE_WITH_KNOTS('',1,(#674,#675),.UNSPECIFIED.,.F.,.F.,
  (2,2),(0.,1.),.PIECEWISE_BEZIER_KNOTS.);
#674 = CARTESIAN_POINT('',(6.28318530718,0.));
#675 = CARTESIAN_POINT('',(6.28318530718,1.75));
#676 = ( GEOMETRIC_REPRESENTATION_CONTEXT(2) 
PARAMETRIC_REPRESENTATION_CONTEXT() REPRESENTATION_CONTEXT('2D SPACE',''
  ) );
#677 = PCURVE('',#200,#678);
#678 = DEFINITIONAL_REPRESENTATION('',(#679),#682);
#679 = B_SPLINE_CURVE_WITH_KNOTS('',1,(#680,#681),.UNSPECIFIED.,.F.,.F.,
  (2,2),(0.,1.),.PIECEWISE_BEZIER_KNOTS.);
#680 = CARTESIAN_POINT('',(0.,0.));
#681 = CARTESIAN_POINT('',(0.,1.75));
#682 = ( GEOMETRIC_REPRESENTATION_CONTEXT(2) 
PARAMETRIC_REPRESENTATION_CONTEXT() REPRESENTATION_CONTEXT('2D SPACE',''
  ) );
#683 = ORIENTED_EDGE('',*,*,#684,.F.);
#684 = EDGE_CURVE('',#665,#665,#685,.T.);
#685 = SURFACE_CURVE('',#686,(#691,#698),.PCURVE_S1.);
#686 = CIRCLE('',#687,5.725);
#687 = AXIS2_PLACEMENT_3D('',#688,#689,#690);
#688 = CARTESIAN_POINT('',(0.,0.,10.35));
#689 = DIRECTION('',(0.,0.,1.));
#690 = DIRECTION('',(1.,0.,0.));
#691 = PCURVE('',#200,#692);
#692 = DEFINITIONAL_REPRESENTATION('',(#693),#697);
#693 = LINE('',#694,#695);
#694 = CARTESIAN_POINT('',(0.,1.75));
#695 = VECTOR('',#696,1.);
#696 = DIRECTION('',(1.,0.));
#697 = ( GEOMETRIC_REPRESENTATION_CONTEXT(2) 
PARAMETRIC_REPRESENTATION_CONTEXT() REPRESENTATION_CONTEXT('2D SPACE',''
  ) );
#698 = PCURVE('',#699,#704);
#699 = CYLINDRICAL_SURFACE('',#700,5.725);
#700 = AXIS2_PLACEMENT_3D('',#701,#702,#703);
#701 = CARTESIAN_POINT('',(0.,0.,10.35));
#702 = DIRECTION('',(-0.,-0.,-1.));
#703 = DIRECTION('',(1.,0.,0.));
#704 = DEFINITIONAL_REPRESENTATION('',(#705),#708);
#705 = B_SPLINE_CURVE_WITH_KNOTS('',1,(#706,#707),.UNSPECIFIED.,.F.,.F.,
  (2,2),(0.,6.28318530718),.PIECEWISE_BEZIER_KNOTS.);
#706 = CARTESIAN_POINT('',(0.,0.));
#707 = CARTESIAN_POINT('',(-6.28318530718,0.));
#708 = ( GEOMETRIC_REPRESENTATION_CONTEXT(2) 
PARAMETRIC_REPRESENTATION_CONTEXT() REPRESENTATION_CONTEXT('2D SPACE',''
  ) );
#709 = ORIENTED_EDGE('',*,*,#664,.F.);
#710 = ADVANCED_FACE('',(#711),#68,.T.);
#711 = FACE_BOUND('',#712,.T.);
#712 = EDGE_LOOP('',(#713,#714,#715,#750));
#713 = ORIENTED_EDGE('',*,*,#163,.F.);
#714 = ORIENTED_EDGE('',*,*,#51,.F.);
#715 = ORIENTED_EDGE('',*,*,#716,.T.);
#716 = EDGE_CURVE('',#52,#717,#719,.T.);
#717 = VERTEX_POINT('',#718);
#718 = CARTESIAN_POINT('',(2.810749455217,0.,-50.77430665748));
#719 = SURFACE_CURVE('',#720,(#725,#738),.PCURVE_S1.);
#720 = HYPERBOLA('',#721,2.810749455217,2.810749455217);
#721 = AXIS2_PLACEMENT_3D('',#722,#723,#724);
#722 = CARTESIAN_POINT('',(2.810749455217,0.,-53.5850561127));
#723 = DIRECTION('',(-1.,0.,0.));
#724 = DIRECTION('',(0.,0.,1.));
#725 = PCURVE('',#68,#726);
#726 = DEFINITIONAL_REPRESENTATION('',(#727),#737);
#727 = B_SPLINE_CURVE_WITH_KNOTS('',8,(#728,#729,#730,#731,#732,#733,
    #734,#735,#736),.UNSPECIFIED.,.F.,.F.,(9,9),(-0.88137358702,
    -2.449293598295E-16),.PIECEWISE_BEZIER_KNOTS.);
#728 = CARTESIAN_POINT('',(5.497787143782,1.164250544783));
#729 = CARTESIAN_POINT('',(5.5756902988,0.854585503589));
#730 = CARTESIAN_POINT('',(5.660529114278,0.600060767526));
#731 = CARTESIAN_POINT('',(5.75230567102,0.394948869382));
#732 = CARTESIAN_POINT('',(5.850651694946,0.234950119443));
#733 = CARTESIAN_POINT('',(5.954706912202,0.116970249579));
#734 = CARTESIAN_POINT('',(6.062842092201,3.899008444132E-02));
#735 = CARTESIAN_POINT('',(6.173013608802,7.584606030138E-17));
#736 = CARTESIAN_POINT('',(6.28318530718,0.));
#737 = ( GEOMETRIC_REPRESENTATION_CONTEXT(2) 
PARAMETRIC_REPRESENTATION_CONTEXT() REPRESENTATION_CONTEXT('2D SPACE',''
  ) );
#738 = PCURVE('',#739,#744);
#739 = PLANE('',#740);
#740 = AXIS2_PLACEMENT_3D('',#741,#742,#743);
#741 = CARTESIAN_POINT('',(2.810749455217,-2.810749455217,-59.2100561127
    ));
#742 = DIRECTION('',(-1.,0.,0.));
#743 = DIRECTION('',(0.,1.,0.));
#744 = DEFINITIONAL_REPRESENTATION('',(#745),#749);
#745 = ( BOUNDED_CURVE() B_SPLINE_CURVE(2,(#746,#747,#748),
.UNSPECIFIED.,.F.,.F.) B_SPLINE_CURVE_WITH_KNOTS((3,3),(-0.88137358702,
-2.449293598295E-16),.PIECEWISE_BEZIER_KNOTS.) CURVE() 
GEOMETRIC_REPRESENTATION_ITEM() RATIONAL_B_SPLINE_CURVE((1.,
1.098684113468,1.)) REPRESENTATION_ITEM('') );
#746 = CARTESIAN_POINT('',(-4.440892098501E-16,-9.6));
#747 = CARTESIAN_POINT('',(1.646498910433,-8.435749455217));
#748 = CARTESIAN_POINT('',(2.810749455217,-8.435749455217));
#749 = ( GEOMETRIC_REPRESENTATION_CONTEXT(2) 
PARAMETRIC_REPRESENTATION_CONTEXT() REPRESENTATION_CONTEXT('2D SPACE',''
  ) );
#750 = ORIENTED_EDGE('',*,*,#751,.T.);
#751 = EDGE_CURVE('',#717,#136,#752,.T.);
#752 = SURFACE_CURVE('',#753,(#758,#771),.PCURVE_S1.);
#753 = HYPERBOLA('',#754,2.810749455217,2.810749455217);
#754 = AXIS2_PLACEMENT_3D('',#755,#756,#757);
#755 = CARTESIAN_POINT('',(2.810749455217,0.,-53.5850561127));
#756 = DIRECTION('',(-1.,0.,0.));
#757 = DIRECTION('',(0.,0.,1.));
#758 = PCURVE('',#68,#759);
#759 = DEFINITIONAL_REPRESENTATION('',(#760),#770);
#760 = B_SPLINE_CURVE_WITH_KNOTS('',8,(#761,#762,#763,#764,#765,#766,
    #767,#768,#769),.UNSPECIFIED.,.F.,.F.,(9,9),(0.,0.88137358702),
  .PIECEWISE_BEZIER_KNOTS.);
#761 = CARTESIAN_POINT('',(6.28318530718,0.));
#762 = CARTESIAN_POINT('',(6.393357005557,0.));
#763 = CARTESIAN_POINT('',(6.503528522157,3.899008444148E-02));
#764 = CARTESIAN_POINT('',(6.611663702131,0.116970249578));
#765 = CARTESIAN_POINT('',(6.715718919418,0.234950119442));
#766 = CARTESIAN_POINT('',(6.814064943317,0.394948869382));
#767 = CARTESIAN_POINT('',(6.905841500083,0.600060767526));
#768 = CARTESIAN_POINT('',(6.99068031556,0.854585503589));
#769 = CARTESIAN_POINT('',(7.068583470577,1.164250544783));
#770 = ( GEOMETRIC_REPRESENTATION_CONTEXT(2) 
PARAMETRIC_REPRESENTATION_CONTEXT() REPRESENTATION_CONTEXT('2D SPACE',''
  ) );
#771 = PCURVE('',#739,#772);
#772 = DEFINITIONAL_REPRESENTATION('',(#773),#777);
#773 = ( BOUNDED_CURVE() B_SPLINE_CURVE(2,(#774,#775,#776),
.UNSPECIFIED.,.F.,.F.) B_SPLINE_CURVE_WITH_KNOTS((3,3),(0.,0.88137358702
),.PIECEWISE_BEZIER_KNOTS.) CURVE() GEOMETRIC_REPRESENTATION_ITEM() 
RATIONAL_B_SPLINE_CURVE((1.,1.098684113468,1.)) REPRESENTATION_ITEM('') 
  );
#774 = CARTESIAN_POINT('',(2.810749455217,-8.435749455217));
#775 = CARTESIAN_POINT('',(3.975,-8.435749455217));
#776 = CARTESIAN_POINT('',(5.621498910433,-9.6));
#777 = ( GEOMETRIC_REPRESENTATION_CONTEXT(2) 
PARAMETRIC_REPRESENTATION_CONTEXT() REPRESENTATION_CONTEXT('2D SPACE',''
  ) );
#778 = ADVANCED_FACE('',(#779),#152,.T.);
#779 = FACE_BOUND('',#780,.T.);
#780 = EDGE_LOOP('',(#781,#816,#844));
#781 = ORIENTED_EDGE('',*,*,#782,.T.);
#782 = EDGE_CURVE('',#136,#783,#785,.T.);
#783 = VERTEX_POINT('',#784);
#784 = CARTESIAN_POINT('',(1.721087661768E-16,2.810749455217,
    -50.77430665748));
#785 = SURFACE_CURVE('',#786,(#791,#804),.PCURVE_S1.);
#786 = HYPERBOLA('',#787,2.810749455217,2.810749455217);
#787 = AXIS2_PLACEMENT_3D('',#788,#789,#790);
#788 = CARTESIAN_POINT('',(0.,2.810749455217,-53.5850561127));
#789 = DIRECTION('',(0.,-1.,0.));
#790 = DIRECTION('',(0.,0.,1.));
#791 = PCURVE('',#152,#792);
#792 = DEFINITIONAL_REPRESENTATION('',(#793),#803);
#793 = B_SPLINE_CURVE_WITH_KNOTS('',8,(#794,#795,#796,#797,#798,#799,
    #800,#801,#802),.UNSPECIFIED.,.F.,.F.,(9,9),(-0.88137358702,
    -6.123233995737E-17),.PIECEWISE_BEZIER_KNOTS.);
#794 = CARTESIAN_POINT('',(0.785398163397,1.164250544783));
#795 = CARTESIAN_POINT('',(0.863301318415,0.854585503589));
#796 = CARTESIAN_POINT('',(0.94814013389,0.600060767526));
#797 = CARTESIAN_POINT('',(1.039916690664,0.394948869382));
#798 = CARTESIAN_POINT('',(1.138262714545,0.234950119444));
#799 = CARTESIAN_POINT('',(1.242317931848,0.116970249578));
#800 = CARTESIAN_POINT('',(1.350453111815,3.899008444136E-02));
#801 = CARTESIAN_POINT('',(1.460624628417,1.896151507534E-17));
#802 = CARTESIAN_POINT('',(1.570796326795,0.));
#803 = ( GEOMETRIC_REPRESENTATION_CONTEXT(2) 
PARAMETRIC_REPRESENTATION_CONTEXT() REPRESENTATION_CONTEXT('2D SPACE',''
  ) );
#804 = PCURVE('',#805,#810);
#805 = PLANE('',#806);
#806 = AXIS2_PLACEMENT_3D('',#807,#808,#809);
#807 = CARTESIAN_POINT('',(2.810749455217,2.810749455217,-59.2100561127)
  );
#808 = DIRECTION('',(0.,-1.,0.));
#809 = DIRECTION('',(-1.,0.,0.));
#810 = DEFINITIONAL_REPRESENTATION('',(#811),#815);
#811 = ( BOUNDED_CURVE() B_SPLINE_CURVE(2,(#812,#813,#814),
.UNSPECIFIED.,.F.,.F.) B_SPLINE_CURVE_WITH_KNOTS((3,3),(-0.88137358702,
-6.123233995737E-17),.PIECEWISE_BEZIER_KNOTS.) CURVE() 
GEOMETRIC_REPRESENTATION_ITEM() RATIONAL_B_SPLINE_CURVE((1.,
1.098684113468,1.)) REPRESENTATION_ITEM('') );
#812 = CARTESIAN_POINT('',(-4.440892098501E-16,-9.6));
#813 = CARTESIAN_POINT('',(1.646498910433,-8.435749455217));
#814 = CARTESIAN_POINT('',(2.810749455217,-8.435749455217));
#815 = ( GEOMETRIC_REPRESENTATION_CONTEXT(2) 
PARAMETRIC_REPRESENTATION_CONTEXT() REPRESENTATION_CONTEXT('2D SPACE',''
  ) );
#816 = ORIENTED_EDGE('',*,*,#817,.T.);
#817 = EDGE_CURVE('',#783,#108,#818,.T.);
#818 = SURFACE_CURVE('',#819,(#824,#837),.PCURVE_S1.);
#819 = HYPERBOLA('',#820,2.810749455217,2.810749455217);
#820 = AXIS2_PLACEMENT_3D('',#821,#822,#823);
#821 = CARTESIAN_POINT('',(0.,2.810749455217,-53.5850561127));
#822 = DIRECTION('',(0.,-1.,0.));
#823 = DIRECTION('',(0.,0.,1.));
#824 = PCURVE('',#152,#825);
#825 = DEFINITIONAL_REPRESENTATION('',(#826),#836);
#826 = B_SPLINE_CURVE_WITH_KNOTS('',8,(#827,#828,#829,#830,#831,#832,
    #833,#834,#835),.UNSPECIFIED.,.F.,.F.,(9,9),(-6.123233995737E-17,
    0.88137358702),.PIECEWISE_BEZIER_KNOTS.);
#827 = CARTESIAN_POINT('',(1.570796326795,0.));
#828 = CARTESIAN_POINT('',(1.680968025172,-1.896151507534E-17));
#829 = CARTESIAN_POINT('',(1.791139541772,3.89900844414E-02));
#830 = CARTESIAN_POINT('',(1.899274721741,0.116970249578));
#831 = CARTESIAN_POINT('',(2.003329939034,0.234950119444));
#832 = CARTESIAN_POINT('',(2.101675962926,0.394948869383));
#833 = CARTESIAN_POINT('',(2.193452519698,0.600060767526));
#834 = CARTESIAN_POINT('',(2.278291335175,0.854585503589));
#835 = CARTESIAN_POINT('',(2.356194490192,1.164250544783));
#836 = ( GEOMETRIC_REPRESENTATION_CONTEXT(2) 
PARAMETRIC_REPRESENTATION_CONTEXT() REPRESENTATION_CONTEXT('2D SPACE',''
  ) );
#837 = PCURVE('',#805,#838);
#838 = DEFINITIONAL_REPRESENTATION('',(#839),#843);
#839 = ( BOUNDED_CURVE() B_SPLINE_CURVE(2,(#840,#841,#842),
.UNSPECIFIED.,.F.,.F.) B_SPLINE_CURVE_WITH_KNOTS((3,3),(
-6.123233995737E-17,0.88137358702),.PIECEWISE_BEZIER_KNOTS.) CURVE() 
GEOMETRIC_REPRESENTATION_ITEM() RATIONAL_B_SPLINE_CURVE((1.,
1.098684113468,1.)) REPRESENTATION_ITEM('') );
#840 = CARTESIAN_POINT('',(2.810749455217,-8.435749455217));
#841 = CARTESIAN_POINT('',(3.975,-8.435749455217));
#842 = CARTESIAN_POINT('',(5.621498910433,-9.6));
#843 = ( GEOMETRIC_REPRESENTATION_CONTEXT(2) 
PARAMETRIC_REPRESENTATION_CONTEXT() REPRESENTATION_CONTEXT('2D SPACE',''
  ) );
#844 = ORIENTED_EDGE('',*,*,#135,.F.);
#845 = ADVANCED_FACE('',(#846),#124,.T.);
#846 = FACE_BOUND('',#847,.T.);
#847 = EDGE_LOOP('',(#848,#883,#911));
#848 = ORIENTED_EDGE('',*,*,#849,.T.);
#849 = EDGE_CURVE('',#108,#850,#852,.T.);
#850 = VERTEX_POINT('',#851);
#851 = CARTESIAN_POINT('',(-2.810749455217,3.442175323536E-16,
    -50.77430665748));
#852 = SURFACE_CURVE('',#853,(#858,#871),.PCURVE_S1.);
#853 = HYPERBOLA('',#854,2.810749455217,2.810749455217);
#854 = AXIS2_PLACEMENT_3D('',#855,#856,#857);
#855 = CARTESIAN_POINT('',(-2.810749455217,0.,-53.5850561127));
#856 = DIRECTION('',(1.,0.,-0.));
#857 = DIRECTION('',(0.,0.,1.));
#858 = PCURVE('',#124,#859);
#859 = DEFINITIONAL_REPRESENTATION('',(#860),#870);
#860 = B_SPLINE_CURVE_WITH_KNOTS('',8,(#861,#862,#863,#864,#865,#866,
    #867,#868,#869),.UNSPECIFIED.,.F.,.F.,(9,9),(-0.88137358702,
    -1.224646799147E-16),.PIECEWISE_BEZIER_KNOTS.);
#861 = CARTESIAN_POINT('',(2.356194490192,1.164250544783));
#862 = CARTESIAN_POINT('',(2.43409764521,0.854585503589));
#863 = CARTESIAN_POINT('',(2.518936460684,0.600060767526));
#864 = CARTESIAN_POINT('',(2.610713017455,0.394948869382));
#865 = CARTESIAN_POINT('',(2.709059041337,0.234950119442));
#866 = CARTESIAN_POINT('',(2.813114258644,0.116970249578));
#867 = CARTESIAN_POINT('',(2.921249438607,3.899008444132E-02));
#868 = CARTESIAN_POINT('',(3.031420955212,3.792303015069E-17));
#869 = CARTESIAN_POINT('',(3.14159265359,0.));
#870 = ( GEOMETRIC_REPRESENTATION_CONTEXT(2) 
PARAMETRIC_REPRESENTATION_CONTEXT() REPRESENTATION_CONTEXT('2D SPACE',''
  ) );
#871 = PCURVE('',#872,#877);
#872 = PLANE('',#873);
#873 = AXIS2_PLACEMENT_3D('',#874,#875,#876);
#874 = CARTESIAN_POINT('',(-2.810749455217,2.810749455217,-59.2100561127
    ));
#875 = DIRECTION('',(1.,0.,-0.));
#876 = DIRECTION('',(0.,-1.,0.));
#877 = DEFINITIONAL_REPRESENTATION('',(#878),#882);
#878 = ( BOUNDED_CURVE() B_SPLINE_CURVE(2,(#879,#880,#881),
.UNSPECIFIED.,.F.,.F.) B_SPLINE_CURVE_WITH_KNOTS((3,3),(-0.88137358702,
-1.224646799147E-16),.PIECEWISE_BEZIER_KNOTS.) CURVE() 
GEOMETRIC_REPRESENTATION_ITEM() RATIONAL_B_SPLINE_CURVE((1.,
1.098684113468,1.)) REPRESENTATION_ITEM('') );
#879 = CARTESIAN_POINT('',(-4.440892098501E-16,-9.6));
#880 = CARTESIAN_POINT('',(1.646498910433,-8.435749455217));
#881 = CARTESIAN_POINT('',(2.810749455217,-8.435749455217));
#882 = ( GEOMETRIC_REPRESENTATION_CONTEXT(2) 
PARAMETRIC_REPRESENTATION_CONTEXT() REPRESENTATION_CONTEXT('2D SPACE',''
  ) );
#883 = ORIENTED_EDGE('',*,*,#884,.T.);
#884 = EDGE_CURVE('',#850,#80,#885,.T.);
#885 = SURFACE_CURVE('',#886,(#891,#904),.PCURVE_S1.);
#886 = HYPERBOLA('',#887,2.810749455217,2.810749455217);
#887 = AXIS2_PLACEMENT_3D('',#888,#889,#890);
#888 = CARTESIAN_POINT('',(-2.810749455217,0.,-53.5850561127));
#889 = DIRECTION('',(1.,0.,-0.));
#890 = DIRECTION('',(0.,0.,1.));
#891 = PCURVE('',#124,#892);
#892 = DEFINITIONAL_REPRESENTATION('',(#893),#903);
#893 = B_SPLINE_CURVE_WITH_KNOTS('',8,(#894,#895,#896,#897,#898,#899,
    #900,#901,#902),.UNSPECIFIED.,.F.,.F.,(9,9),(-1.224646799147E-16,
    0.88137358702),.PIECEWISE_BEZIER_KNOTS.);
#894 = CARTESIAN_POINT('',(3.14159265359,0.));
#895 = CARTESIAN_POINT('',(3.251764351967,-3.792303015069E-17));
#896 = CARTESIAN_POINT('',(3.361935868566,3.899008444156E-02));
#897 = CARTESIAN_POINT('',(3.470071048534,0.116970249579));
#898 = CARTESIAN_POINT('',(3.574126265834,0.234950119443));
#899 = CARTESIAN_POINT('',(3.672472289725,0.394948869382));
#900 = CARTESIAN_POINT('',(3.764248846492,0.600060767526));
#901 = CARTESIAN_POINT('',(3.84908766197,0.854585503589));
#902 = CARTESIAN_POINT('',(3.926990816987,1.164250544783));
#903 = ( GEOMETRIC_REPRESENTATION_CONTEXT(2) 
PARAMETRIC_REPRESENTATION_CONTEXT() REPRESENTATION_CONTEXT('2D SPACE',''
  ) );
#904 = PCURVE('',#872,#905);
#905 = DEFINITIONAL_REPRESENTATION('',(#906),#910);
#906 = ( BOUNDED_CURVE() B_SPLINE_CURVE(2,(#907,#908,#909),
.UNSPECIFIED.,.F.,.F.) B_SPLINE_CURVE_WITH_KNOTS((3,3),(
-1.224646799147E-16,0.88137358702),.PIECEWISE_BEZIER_KNOTS.) CURVE() 
GEOMETRIC_REPRESENTATION_ITEM() RATIONAL_B_SPLINE_CURVE((1.,
1.098684113468,1.)) REPRESENTATION_ITEM('') );
#907 = CARTESIAN_POINT('',(2.810749455217,-8.435749455217));
#908 = CARTESIAN_POINT('',(3.975,-8.435749455217));
#909 = CARTESIAN_POINT('',(5.621498910433,-9.6));
#910 = ( GEOMETRIC_REPRESENTATION_CONTEXT(2) 
PARAMETRIC_REPRESENTATION_CONTEXT() REPRESENTATION_CONTEXT('2D SPACE',''
  ) );
#911 = ORIENTED_EDGE('',*,*,#107,.F.);
#912 = ADVANCED_FACE('',(#913),#96,.T.);
#913 = FACE_BOUND('',#914,.T.);
#914 = EDGE_LOOP('',(#915,#950,#978));
#915 = ORIENTED_EDGE('',*,*,#916,.T.);
#916 = EDGE_CURVE('',#80,#917,#919,.T.);
#917 = VERTEX_POINT('',#918);
#918 = CARTESIAN_POINT('',(-5.163262985304E-16,-2.810749455217,
    -50.77430665748));
#919 = SURFACE_CURVE('',#920,(#925,#938),.PCURVE_S1.);
#920 = HYPERBOLA('',#921,2.810749455217,2.810749455217);
#921 = AXIS2_PLACEMENT_3D('',#922,#923,#924);
#922 = CARTESIAN_POINT('',(0.,-2.810749455217,-53.5850561127));
#923 = DIRECTION('',(0.,1.,0.));
#924 = DIRECTION('',(0.,-0.,1.));
#925 = PCURVE('',#96,#926);
#926 = DEFINITIONAL_REPRESENTATION('',(#927),#937);
#927 = B_SPLINE_CURVE_WITH_KNOTS('',8,(#928,#929,#930,#931,#932,#933,
    #934,#935,#936),.UNSPECIFIED.,.F.,.F.,(9,9),(-0.88137358702,
    -1.836970198721E-16),.PIECEWISE_BEZIER_KNOTS.);
#928 = CARTESIAN_POINT('',(3.926990816987,1.164250544783));
#929 = CARTESIAN_POINT('',(4.004893972005,0.854585503589));
#930 = CARTESIAN_POINT('',(4.089732787483,0.600060767526));
#931 = CARTESIAN_POINT('',(4.181509344235,0.394948869383));
#932 = CARTESIAN_POINT('',(4.27985536815,0.234950119442));
#933 = CARTESIAN_POINT('',(4.383910585424,0.116970249579));
#934 = CARTESIAN_POINT('',(4.492045765406,3.899008444111E-02));
#935 = CARTESIAN_POINT('',(4.602217282007,5.688454522603E-17));
#936 = CARTESIAN_POINT('',(4.712388980385,0.));
#937 = ( GEOMETRIC_REPRESENTATION_CONTEXT(2) 
PARAMETRIC_REPRESENTATION_CONTEXT() REPRESENTATION_CONTEXT('2D SPACE',''
  ) );
#938 = PCURVE('',#939,#944);
#939 = PLANE('',#940);
#940 = AXIS2_PLACEMENT_3D('',#941,#942,#943);
#941 = CARTESIAN_POINT('',(-2.810749455217,-2.810749455217,
    -59.2100561127));
#942 = DIRECTION('',(0.,1.,0.));
#943 = DIRECTION('',(1.,0.,0.));
#944 = DEFINITIONAL_REPRESENTATION('',(#945),#949);
#945 = ( BOUNDED_CURVE() B_SPLINE_CURVE(2,(#946,#947,#948),
.UNSPECIFIED.,.F.,.F.) B_SPLINE_CURVE_WITH_KNOTS((3,3),(-0.88137358702,
-1.836970198721E-16),.PIECEWISE_BEZIER_KNOTS.) CURVE() 
GEOMETRIC_REPRESENTATION_ITEM() RATIONAL_B_SPLINE_CURVE((1.,
1.098684113468,1.)) REPRESENTATION_ITEM('') );
#946 = CARTESIAN_POINT('',(-4.440892098501E-16,-9.6));
#947 = CARTESIAN_POINT('',(1.646498910433,-8.435749455217));
#948 = CARTESIAN_POINT('',(2.810749455217,-8.435749455217));
#949 = ( GEOMETRIC_REPRESENTATION_CONTEXT(2) 
PARAMETRIC_REPRESENTATION_CONTEXT() REPRESENTATION_CONTEXT('2D SPACE',''
  ) );
#950 = ORIENTED_EDGE('',*,*,#951,.T.);
#951 = EDGE_CURVE('',#917,#52,#952,.T.);
#952 = SURFACE_CURVE('',#953,(#958,#971),.PCURVE_S1.);
#953 = HYPERBOLA('',#954,2.810749455217,2.810749455217);
#954 = AXIS2_PLACEMENT_3D('',#955,#956,#957);
#955 = CARTESIAN_POINT('',(0.,-2.810749455217,-53.5850561127));
#956 = DIRECTION('',(0.,1.,0.));
#957 = DIRECTION('',(0.,-0.,1.));
#958 = PCURVE('',#96,#959);
#959 = DEFINITIONAL_REPRESENTATION('',(#960),#970);
#960 = B_SPLINE_CURVE_WITH_KNOTS('',8,(#961,#962,#963,#964,#965,#966,
    #967,#968,#969),.UNSPECIFIED.,.F.,.F.,(9,9),(-1.836970198721E-16,
    0.88137358702),.PIECEWISE_BEZIER_KNOTS.);
#961 = CARTESIAN_POINT('',(4.712388980385,0.));
#962 = CARTESIAN_POINT('',(4.822560678762,-5.688454522603E-17));
#963 = CARTESIAN_POINT('',(4.932732195356,3.899008444168E-02));
#964 = CARTESIAN_POINT('',(5.040867375359,0.116970249578));
#965 = CARTESIAN_POINT('',(5.144922592601,0.234950119443));
#966 = CARTESIAN_POINT('',(5.243268616534,0.394948869383));
#967 = CARTESIAN_POINT('',(5.335045173283,0.600060767526));
#968 = CARTESIAN_POINT('',(5.419883988765,0.854585503589));
#969 = CARTESIAN_POINT('',(5.497787143782,1.164250544783));
#970 = ( GEOMETRIC_REPRESENTATION_CONTEXT(2) 
PARAMETRIC_REPRESENTATION_CONTEXT() REPRESENTATION_CONTEXT('2D SPACE',''
  ) );
#971 = PCURVE('',#939,#972);
#972 = DEFINITIONAL_REPRESENTATION('',(#973),#977);
#973 = ( BOUNDED_CURVE() B_SPLINE_CURVE(2,(#974,#975,#976),
.UNSPECIFIED.,.F.,.F.) B_SPLINE_CURVE_WITH_KNOTS((3,3),(
-1.836970198721E-16,0.88137358702),.PIECEWISE_BEZIER_KNOTS.) CURVE() 
GEOMETRIC_REPRESENTATION_ITEM() RATIONAL_B_SPLINE_CURVE((1.,
1.098684113468,1.)) REPRESENTATION_ITEM('') );
#974 = CARTESIAN_POINT('',(2.810749455217,-8.435749455217));
#975 = CARTESIAN_POINT('',(3.975,-8.435749455217));
#976 = CARTESIAN_POINT('',(5.621498910433,-9.6));
#977 = ( GEOMETRIC_REPRESENTATION_CONTEXT(2) 
PARAMETRIC_REPRESENTATION_CONTEXT() REPRESENTATION_CONTEXT('2D SPACE',''
  ) );
#978 = ORIENTED_EDGE('',*,*,#79,.F.);
#979 = ADVANCED_FACE('',(#980),#236,.T.);
#980 = FACE_BOUND('',#981,.T.);
#981 = EDGE_LOOP('',(#982,#983,#1004,#1005));
#982 = ORIENTED_EDGE('',*,*,#214,.T.);
#983 = ORIENTED_EDGE('',*,*,#984,.T.);
#984 = EDGE_CURVE('',#217,#459,#985,.T.);
#985 = SURFACE_CURVE('',#986,(#990,#997),.PCURVE_S1.);
#986 = LINE('',#987,#988);
#987 = CARTESIAN_POINT('',(22.742492757478,19.683914113715,
    -44.08579204399));
#988 = VECTOR('',#989,1.);
#989 = DIRECTION('',(-0.707106781187,-0.707106781187,0.));
#990 = PCURVE('',#236,#991);
#991 = DEFINITIONAL_REPRESENTATION('',(#992),#996);
#992 = LINE('',#993,#994);
#993 = CARTESIAN_POINT('',(0.,0.));
#994 = VECTOR('',#995,1.);
#995 = DIRECTION('',(0.,-1.));
#996 = ( GEOMETRIC_REPRESENTATION_CONTEXT(2) 
PARAMETRIC_REPRESENTATION_CONTEXT() REPRESENTATION_CONTEXT('2D SPACE',''
  ) );
#997 = PCURVE('',#263,#998);
#998 = DEFINITIONAL_REPRESENTATION('',(#999),#1003);
#999 = LINE('',#1000,#1001);
#1000 = CARTESIAN_POINT('',(1.048528137424,0.));
#1001 = VECTOR('',#1002,1.);
#1002 = DIRECTION('',(0.,-1.));
#1003 = ( GEOMETRIC_REPRESENTATION_CONTEXT(2) 
PARAMETRIC_REPRESENTATION_CONTEXT() REPRESENTATION_CONTEXT('2D SPACE',''
  ) );
#1004 = ORIENTED_EDGE('',*,*,#481,.T.);
#1005 = ORIENTED_EDGE('',*,*,#1006,.F.);
#1006 = EDGE_CURVE('',#215,#482,#1007,.T.);
#1007 = SURFACE_CURVE('',#1008,(#1012,#1019),.PCURVE_S1.);
#1008 = LINE('',#1009,#1010);
#1009 = CARTESIAN_POINT('',(21.583914113715,20.842492757478,
    -42.4473144129));
#1010 = VECTOR('',#1011,1.);
#1011 = DIRECTION('',(-0.707106781187,-0.707106781187,0.));
#1012 = PCURVE('',#236,#1013);
#1013 = DEFINITIONAL_REPRESENTATION('',(#1014),#1018);
#1014 = LINE('',#1015,#1016);
#1015 = CARTESIAN_POINT('',(2.317157287525,0.));
#1016 = VECTOR('',#1017,1.);
#1017 = DIRECTION('',(0.,-1.));
#1018 = ( GEOMETRIC_REPRESENTATION_CONTEXT(2) 
PARAMETRIC_REPRESENTATION_CONTEXT() REPRESENTATION_CONTEXT('2D SPACE',''
  ) );
#1019 = PCURVE('',#444,#1020);
#1020 = DEFINITIONAL_REPRESENTATION('',(#1021),#1025);
#1021 = LINE('',#1022,#1023);
#1022 = CARTESIAN_POINT('',(0.,0.));
#1023 = VECTOR('',#1024,1.);
#1024 = DIRECTION('',(0.,-1.));
#1025 = ( GEOMETRIC_REPRESENTATION_CONTEXT(2) 
PARAMETRIC_REPRESENTATION_CONTEXT() REPRESENTATION_CONTEXT('2D SPACE',''
  ) );
#1026 = ADVANCED_FACE('',(#1027),#444,.T.);
#1027 = FACE_BOUND('',#1028,.T.);
#1028 = EDGE_LOOP('',(#1029,#1030,#1031,#1032));
#1029 = ORIENTED_EDGE('',*,*,#429,.T.);
#1030 = ORIENTED_EDGE('',*,*,#1006,.T.);
#1031 = ORIENTED_EDGE('',*,*,#508,.T.);
#1032 = ORIENTED_EDGE('',*,*,#1033,.F.);
#1033 = EDGE_CURVE('',#398,#509,#1034,.T.);
#1034 = SURFACE_CURVE('',#1035,(#1039,#1046),.PCURVE_S1.);
#1035 = LINE('',#1036,#1037);
#1036 = CARTESIAN_POINT('',(20.842492757478,21.583914113715,
    -42.4473144129));
#1037 = VECTOR('',#1038,1.);
#1038 = DIRECTION('',(-0.707106781187,-0.707106781187,0.));
#1039 = PCURVE('',#444,#1040);
#1040 = DEFINITIONAL_REPRESENTATION('',(#1041),#1045);
#1041 = LINE('',#1042,#1043);
#1042 = CARTESIAN_POINT('',(1.048528137424,0.));
#1043 = VECTOR('',#1044,1.);
#1044 = DIRECTION('',(0.,-1.));
#1045 = ( GEOMETRIC_REPRESENTATION_CONTEXT(2) 
PARAMETRIC_REPRESENTATION_CONTEXT() REPRESENTATION_CONTEXT('2D SPACE',''
  ) );
#1046 = PCURVE('',#417,#1047);
#1047 = DEFINITIONAL_REPRESENTATION('',(#1048),#1052);
#1048 = LINE('',#1049,#1050);
#1049 = CARTESIAN_POINT('',(0.,0.));
#1050 = VECTOR('',#1051,1.);
#1051 = DIRECTION('',(0.,-1.));
#1052 = ( GEOMETRIC_REPRESENTATION_CONTEXT(2) 
PARAMETRIC_REPRESENTATION_CONTEXT() REPRESENTATION_CONTEXT('2D SPACE',''
  ) );
#1053 = ADVANCED_FACE('',(#1054),#417,.T.);
#1054 = FACE_BOUND('',#1055,.T.);
#1055 = EDGE_LOOP('',(#1056,#1057,#1058,#1059));
#1056 = ORIENTED_EDGE('',*,*,#397,.T.);
#1057 = ORIENTED_EDGE('',*,*,#1033,.T.);
#1058 = ORIENTED_EDGE('',*,*,#532,.T.);
#1059 = ORIENTED_EDGE('',*,*,#1060,.F.);
#1060 = EDGE_CURVE('',#372,#533,#1061,.T.);
#1061 = SURFACE_CURVE('',#1062,(#1066,#1073),.PCURVE_S1.);
#1062 = LINE('',#1063,#1064);
#1063 = CARTESIAN_POINT('',(19.683914113715,22.742492757478,
    -44.08579204399));
#1064 = VECTOR('',#1065,1.);
#1065 = DIRECTION('',(-0.707106781187,-0.707106781187,0.));
#1066 = PCURVE('',#417,#1067);
#1067 = DEFINITIONAL_REPRESENTATION('',(#1068),#1072);
#1068 = LINE('',#1069,#1070);
#1069 = CARTESIAN_POINT('',(2.317157287525,0.));
#1070 = VECTOR('',#1071,1.);
#1071 = DIRECTION('',(0.,-1.));
#1072 = ( GEOMETRIC_REPRESENTATION_CONTEXT(2) 
PARAMETRIC_REPRESENTATION_CONTEXT() REPRESENTATION_CONTEXT('2D SPACE',''
  ) );
#1073 = PCURVE('',#386,#1074);
#1074 = DEFINITIONAL_REPRESENTATION('',(#1075),#1079);
#1075 = LINE('',#1076,#1077);
#1076 = CARTESIAN_POINT('',(0.,0.));
#1077 = VECTOR('',#1078,1.);
#1078 = DIRECTION('',(-0.,-1.));
#1079 = ( GEOMETRIC_REPRESENTATION_CONTEXT(2) 
PARAMETRIC_REPRESENTATION_CONTEXT() REPRESENTATION_CONTEXT('2D SPACE',''
  ) );
#1080 = ADVANCED_FACE('',(#1081),#386,.T.);
#1081 = FACE_BOUND('',#1082,.T.);
#1082 = EDGE_LOOP('',(#1083,#1084,#1085,#1086));
#1083 = ORIENTED_EDGE('',*,*,#371,.F.);
#1084 = ORIENTED_EDGE('',*,*,#1060,.T.);
#1085 = ORIENTED_EDGE('',*,*,#559,.T.);
#1086 = ORIENTED_EDGE('',*,*,#1087,.F.);
#1087 = EDGE_CURVE('',#340,#560,#1088,.T.);
#1088 = SURFACE_CURVE('',#1089,(#1093,#1100),.PCURVE_S1.);
#1089 = LINE('',#1090,#1091);
#1090 = CARTESIAN_POINT('',(19.683914113715,22.742492757478,
    -45.13432018141));
#1091 = VECTOR('',#1092,1.);
#1092 = DIRECTION('',(-0.707106781187,-0.707106781187,0.));
#1093 = PCURVE('',#386,#1094);
#1094 = DEFINITIONAL_REPRESENTATION('',(#1095),#1099);
#1095 = LINE('',#1096,#1097);
#1096 = CARTESIAN_POINT('',(1.048528137424,0.));
#1097 = VECTOR('',#1098,1.);
#1098 = DIRECTION('',(-0.,-1.));
#1099 = ( GEOMETRIC_REPRESENTATION_CONTEXT(2) 
PARAMETRIC_REPRESENTATION_CONTEXT() REPRESENTATION_CONTEXT('2D SPACE',''
  ) );
#1100 = PCURVE('',#359,#1101);
#1101 = DEFINITIONAL_REPRESENTATION('',(#1102),#1106);
#1102 = LINE('',#1103,#1104);
#1103 = CARTESIAN_POINT('',(0.,0.));
#1104 = VECTOR('',#1105,1.);
#1105 = DIRECTION('',(0.,-1.));
#1106 = ( GEOMETRIC_REPRESENTATION_CONTEXT(2) 
PARAMETRIC_REPRESENTATION_CONTEXT() REPRESENTATION_CONTEXT('2D SPACE',''
  ) );
#1107 = ADVANCED_FACE('',(#1108),#359,.T.);
#1108 = FACE_BOUND('',#1109,.T.);
#1109 = EDGE_LOOP('',(#1110,#1111,#1112,#1113));
#1110 = ORIENTED_EDGE('',*,*,#339,.T.);
#1111 = ORIENTED_EDGE('',*,*,#1087,.T.);
#1112 = ORIENTED_EDGE('',*,*,#580,.T.);
#1113 = ORIENTED_EDGE('',*,*,#1114,.F.);
#1114 = EDGE_CURVE('',#307,#581,#1115,.T.);
#1115 = SURFACE_CURVE('',#1116,(#1120,#1127),.PCURVE_S1.);
#1116 = LINE('',#1117,#1118);
#1117 = CARTESIAN_POINT('',(20.842492757478,21.583914113715,
    -46.7727978125));
#1118 = VECTOR('',#1119,1.);
#1119 = DIRECTION('',(-0.707106781187,-0.707106781187,0.));
#1120 = PCURVE('',#359,#1121);
#1121 = DEFINITIONAL_REPRESENTATION('',(#1122),#1126);
#1122 = LINE('',#1123,#1124);
#1123 = CARTESIAN_POINT('',(2.317157287525,0.));
#1124 = VECTOR('',#1125,1.);
#1125 = DIRECTION('',(0.,-1.));
#1126 = ( GEOMETRIC_REPRESENTATION_CONTEXT(2) 
PARAMETRIC_REPRESENTATION_CONTEXT() REPRESENTATION_CONTEXT('2D SPACE',''
  ) );
#1127 = PCURVE('',#323,#1128);
#1128 = DEFINITIONAL_REPRESENTATION('',(#1129),#1133);
#1129 = LINE('',#1130,#1131);
#1130 = CARTESIAN_POINT('',(0.,0.));
#1131 = VECTOR('',#1132,1.);
#1132 = DIRECTION('',(0.,-1.));
#1133 = ( GEOMETRIC_REPRESENTATION_CONTEXT(2) 
PARAMETRIC_REPRESENTATION_CONTEXT() REPRESENTATION_CONTEXT('2D SPACE',''
  ) );
#1134 = ADVANCED_FACE('',(#1135),#323,.T.);
#1135 = FACE_BOUND('',#1136,.T.);
#1136 = EDGE_LOOP('',(#1137,#1138,#1139,#1140));
#1137 = ORIENTED_EDGE('',*,*,#306,.F.);
#1138 = ORIENTED_EDGE('',*,*,#1114,.T.);
#1139 = ORIENTED_EDGE('',*,*,#607,.F.);
#1140 = ORIENTED_EDGE('',*,*,#1141,.F.);
#1141 = EDGE_CURVE('',#275,#608,#1142,.T.);
#1142 = SURFACE_CURVE('',#1143,(#1147,#1154),.PCURVE_S1.);
#1143 = LINE('',#1144,#1145);
#1144 = CARTESIAN_POINT('',(21.583914113715,20.842492757478,
    -46.7727978125));
#1145 = VECTOR('',#1146,1.);
#1146 = DIRECTION('',(-0.707106781187,-0.707106781187,0.));
#1147 = PCURVE('',#323,#1148);
#1148 = DEFINITIONAL_REPRESENTATION('',(#1149),#1153);
#1149 = LINE('',#1150,#1151);
#1150 = CARTESIAN_POINT('',(1.048528137424,0.));
#1151 = VECTOR('',#1152,1.);
#1152 = DIRECTION('',(0.,-1.));
#1153 = ( GEOMETRIC_REPRESENTATION_CONTEXT(2) 
PARAMETRIC_REPRESENTATION_CONTEXT() REPRESENTATION_CONTEXT('2D SPACE',''
  ) );
#1154 = PCURVE('',#294,#1155);
#1155 = DEFINITIONAL_REPRESENTATION('',(#1156),#1160);
#1156 = LINE('',#1157,#1158);
#1157 = CARTESIAN_POINT('',(0.,0.));
#1158 = VECTOR('',#1159,1.);
#1159 = DIRECTION('',(0.,-1.));
#1160 = ( GEOMETRIC_REPRESENTATION_CONTEXT(2) 
PARAMETRIC_REPRESENTATION_CONTEXT() REPRESENTATION_CONTEXT('2D SPACE',''
  ) );
#1161 = ADVANCED_FACE('',(#1162),#294,.T.);
#1162 = FACE_BOUND('',#1163,.T.);
#1163 = EDGE_LOOP('',(#1164,#1165,#1166,#1167));
#1164 = ORIENTED_EDGE('',*,*,#274,.T.);
#1165 = ORIENTED_EDGE('',*,*,#1141,.T.);
#1166 = ORIENTED_EDGE('',*,*,#635,.T.);
#1167 = ORIENTED_EDGE('',*,*,#1168,.F.);
#1168 = EDGE_CURVE('',#249,#461,#1169,.T.);
#1169 = SURFACE_CURVE('',#1170,(#1174,#1181),.PCURVE_S1.);
#1170 = LINE('',#1171,#1172);
#1171 = CARTESIAN_POINT('',(22.742492757478,19.683914113715,
    -45.13432018141));
#1172 = VECTOR('',#1173,1.);
#1173 = DIRECTION('',(-0.707106781187,-0.707106781187,0.));
#1174 = PCURVE('',#294,#1175);
#1175 = DEFINITIONAL_REPRESENTATION('',(#1176),#1180);
#1176 = LINE('',#1177,#1178);
#1177 = CARTESIAN_POINT('',(2.317157287525,0.));
#1178 = VECTOR('',#1179,1.);
#1179 = DIRECTION('',(0.,-1.));
#1180 = ( GEOMETRIC_REPRESENTATION_CONTEXT(2) 
PARAMETRIC_REPRESENTATION_CONTEXT() REPRESENTATION_CONTEXT('2D SPACE',''
  ) );
#1181 = PCURVE('',#263,#1182);
#1182 = DEFINITIONAL_REPRESENTATION('',(#1183),#1187);
#1183 = LINE('',#1184,#1185);
#1184 = CARTESIAN_POINT('',(0.,0.));
#1185 = VECTOR('',#1186,1.);
#1186 = DIRECTION('',(0.,-1.));
#1187 = ( GEOMETRIC_REPRESENTATION_CONTEXT(2) 
PARAMETRIC_REPRESENTATION_CONTEXT() REPRESENTATION_CONTEXT('2D SPACE',''
  ) );
#1188 = ADVANCED_FACE('',(#1189),#263,.T.);
#1189 = FACE_BOUND('',#1190,.T.);
#1190 = EDGE_LOOP('',(#1191,#1192,#1193,#1194));
#1191 = ORIENTED_EDGE('',*,*,#248,.T.);
#1192 = ORIENTED_EDGE('',*,*,#1168,.T.);
#1193 = ORIENTED_EDGE('',*,*,#458,.F.);
#1194 = ORIENTED_EDGE('',*,*,#984,.F.);
#1195 = ADVANCED_FACE('',(#1196),#699,.T.);
#1196 = FACE_BOUND('',#1197,.F.);
#1197 = EDGE_LOOP('',(#1198,#1199,#1222,#1251,#1277,#1310,#1336,#1365,
    #1391,#1419,#1445,#1467));
#1198 = ORIENTED_EDGE('',*,*,#684,.F.);
#1199 = ORIENTED_EDGE('',*,*,#1200,.T.);
#1200 = EDGE_CURVE('',#665,#1201,#1203,.T.);
#1201 = VERTEX_POINT('',#1202);
#1202 = CARTESIAN_POINT('',(5.725,0.,36.4));
#1203 = SEAM_CURVE('',#1204,(#1208,#1215),.PCURVE_S1.);
#1204 = LINE('',#1205,#1206);
#1205 = CARTESIAN_POINT('',(5.725,0.,10.35));
#1206 = VECTOR('',#1207,1.);
#1207 = DIRECTION('',(0.,0.,1.));
#1208 = PCURVE('',#699,#1209);
#1209 = DEFINITIONAL_REPRESENTATION('',(#1210),#1214);
#1210 = LINE('',#1211,#1212);
#1211 = CARTESIAN_POINT('',(-6.28318530718,0.));
#1212 = VECTOR('',#1213,1.);
#1213 = DIRECTION('',(-0.,-1.));
#1214 = ( GEOMETRIC_REPRESENTATION_CONTEXT(2) 
PARAMETRIC_REPRESENTATION_CONTEXT() REPRESENTATION_CONTEXT('2D SPACE',''
  ) );
#1215 = PCURVE('',#699,#1216);
#1216 = DEFINITIONAL_REPRESENTATION('',(#1217),#1221);
#1217 = LINE('',#1218,#1219);
#1218 = CARTESIAN_POINT('',(-0.,0.));
#1219 = VECTOR('',#1220,1.);
#1220 = DIRECTION('',(-0.,-1.));
#1221 = ( GEOMETRIC_REPRESENTATION_CONTEXT(2) 
PARAMETRIC_REPRESENTATION_CONTEXT() REPRESENTATION_CONTEXT('2D SPACE',''
  ) );
#1222 = ORIENTED_EDGE('',*,*,#1223,.T.);
#1223 = EDGE_CURVE('',#1201,#1224,#1226,.T.);
#1224 = VERTEX_POINT('',#1225);
#1225 = CARTESIAN_POINT('',(0.8,5.668829244209,36.4));
#1226 = SURFACE_CURVE('',#1227,(#1232,#1239),.PCURVE_S1.);
#1227 = CIRCLE('',#1228,5.725);
#1228 = AXIS2_PLACEMENT_3D('',#1229,#1230,#1231);
#1229 = CARTESIAN_POINT('',(0.,0.,36.4));
#1230 = DIRECTION('',(0.,0.,1.));
#1231 = DIRECTION('',(1.,0.,0.));
#1232 = PCURVE('',#699,#1233);
#1233 = DEFINITIONAL_REPRESENTATION('',(#1234),#1238);
#1234 = LINE('',#1235,#1236);
#1235 = CARTESIAN_POINT('',(-0.,-26.05));
#1236 = VECTOR('',#1237,1.);
#1237 = DIRECTION('',(-1.,0.));
#1238 = ( GEOMETRIC_REPRESENTATION_CONTEXT(2) 
PARAMETRIC_REPRESENTATION_CONTEXT() REPRESENTATION_CONTEXT('2D SPACE',''
  ) );
#1239 = PCURVE('',#1240,#1245);
#1240 = PLANE('',#1241);
#1241 = AXIS2_PLACEMENT_3D('',#1242,#1243,#1244);
#1242 = CARTESIAN_POINT('',(-3.582812574339E-16,5.15074078532E-18,36.4)
  );
#1243 = DIRECTION('',(0.,0.,1.));
#1244 = DIRECTION('',(1.,0.,-0.));
#1245 = DEFINITIONAL_REPRESENTATION('',(#1246),#1250);
#1246 = CIRCLE('',#1247,5.725);
#1247 = AXIS2_PLACEMENT_2D('',#1248,#1249);
#1248 = CARTESIAN_POINT('',(3.582812574339E-16,-5.15074078532E-18));
#1249 = DIRECTION('',(1.,0.));
#1250 = ( GEOMETRIC_REPRESENTATION_CONTEXT(2) 
PARAMETRIC_REPRESENTATION_CONTEXT() REPRESENTATION_CONTEXT('2D SPACE',''
  ) );
#1251 = ORIENTED_EDGE('',*,*,#1252,.T.);
#1252 = EDGE_CURVE('',#1224,#1253,#1255,.T.);
#1253 = VERTEX_POINT('',#1254);
#1254 = CARTESIAN_POINT('',(0.8,5.668829244209,13.4));
#1255 = SURFACE_CURVE('',#1256,(#1260,#1266),.PCURVE_S1.);
#1256 = LINE('',#1257,#1258);
#1257 = CARTESIAN_POINT('',(0.8,5.668829244209,10.35));
#1258 = VECTOR('',#1259,1.);
#1259 = DIRECTION('',(-0.,-0.,-1.));
#1260 = PCURVE('',#699,#1261);
#1261 = DEFINITIONAL_REPRESENTATION('',(#1262),#1265);
#1262 = B_SPLINE_CURVE_WITH_KNOTS('',1,(#1263,#1264),.UNSPECIFIED.,.F.,
  .F.,(2,2),(-26.0500006,-0.75),.PIECEWISE_BEZIER_KNOTS.);
#1263 = CARTESIAN_POINT('',(-1.43059952193,-26.0500006));
#1264 = CARTESIAN_POINT('',(-1.43059952193,-0.75));
#1265 = ( GEOMETRIC_REPRESENTATION_CONTEXT(2) 
PARAMETRIC_REPRESENTATION_CONTEXT() REPRESENTATION_CONTEXT('2D SPACE',''
  ) );
#1266 = PCURVE('',#1267,#1272);
#1267 = PLANE('',#1268);
#1268 = AXIS2_PLACEMENT_3D('',#1269,#1270,#1271);
#1269 = CARTESIAN_POINT('',(0.8,-10.725,13.4));
#1270 = DIRECTION('',(-1.,0.,0.));
#1271 = DIRECTION('',(0.,1.,0.));
#1272 = DEFINITIONAL_REPRESENTATION('',(#1273),#1276);
#1273 = B_SPLINE_CURVE_WITH_KNOTS('',1,(#1274,#1275),.UNSPECIFIED.,.F.,
  .F.,(2,2),(-26.0500006,-0.75),.PIECEWISE_BEZIER_KNOTS.);
#1274 = CARTESIAN_POINT('',(16.393829244209,-23.0000006));
#1275 = CARTESIAN_POINT('',(16.393829244209,2.3));
#1276 = ( GEOMETRIC_REPRESENTATION_CONTEXT(2) 
PARAMETRIC_REPRESENTATION_CONTEXT() REPRESENTATION_CONTEXT('2D SPACE',''
  ) );
#1277 = ORIENTED_EDGE('',*,*,#1278,.F.);
#1278 = EDGE_CURVE('',#1279,#1253,#1281,.T.);
#1279 = VERTEX_POINT('',#1280);
#1280 = CARTESIAN_POINT('',(-0.8,5.668829244209,13.4));
#1281 = SURFACE_CURVE('',#1282,(#1287,#1294),.PCURVE_S1.);
#1282 = CIRCLE('',#1283,5.725);
#1283 = AXIS2_PLACEMENT_3D('',#1284,#1285,#1286);
#1284 = CARTESIAN_POINT('',(0.,0.,13.4));
#1285 = DIRECTION('',(0.,0.,-1.));
#1286 = DIRECTION('',(1.,0.,0.));
#1287 = PCURVE('',#699,#1288);
#1288 = DEFINITIONAL_REPRESENTATION('',(#1289),#1293);
#1289 = LINE('',#1290,#1291);
#1290 = CARTESIAN_POINT('',(-6.28318530718,-3.05));
#1291 = VECTOR('',#1292,1.);
#1292 = DIRECTION('',(1.,-0.));
#1293 = ( GEOMETRIC_REPRESENTATION_CONTEXT(2) 
PARAMETRIC_REPRESENTATION_CONTEXT() REPRESENTATION_CONTEXT('2D SPACE',''
  ) );
#1294 = PCURVE('',#1295,#1300);
#1295 = PLANE('',#1296);
#1296 = AXIS2_PLACEMENT_3D('',#1297,#1298,#1299);
#1297 = CARTESIAN_POINT('',(0.,0.,13.4));
#1298 = DIRECTION('',(0.,0.,1.));
#1299 = DIRECTION('',(1.,0.,-0.));
#1300 = DEFINITIONAL_REPRESENTATION('',(#1301),#1309);
#1301 = ( BOUNDED_CURVE() B_SPLINE_CURVE(2,(#1302,#1303,#1304,#1305,
#1306,#1307,#1308),.UNSPECIFIED.,.T.,.F.) B_SPLINE_CURVE_WITH_KNOTS((1,2
    ,2,2,2,1),(-2.094395102393,0.,2.094395102393,4.188790204786,
6.28318530718,8.377580409573),.UNSPECIFIED.) CURVE() 
GEOMETRIC_REPRESENTATION_ITEM() RATIONAL_B_SPLINE_CURVE((1.,0.5,1.,0.5,
1.,0.5,1.)) REPRESENTATION_ITEM('') );
#1302 = CARTESIAN_POINT('',(5.725,0.));
#1303 = CARTESIAN_POINT('',(5.725,-9.915990873332));
#1304 = CARTESIAN_POINT('',(-2.8625,-4.957995436666));
#1305 = CARTESIAN_POINT('',(-11.45,-1.402220585024E-15));
#1306 = CARTESIAN_POINT('',(-2.8625,4.957995436666));
#1307 = CARTESIAN_POINT('',(5.725,9.915990873332));
#1308 = CARTESIAN_POINT('',(5.725,0.));
#1309 = ( GEOMETRIC_REPRESENTATION_CONTEXT(2) 
PARAMETRIC_REPRESENTATION_CONTEXT() REPRESENTATION_CONTEXT('2D SPACE',''
  ) );
#1310 = ORIENTED_EDGE('',*,*,#1311,.F.);
#1311 = EDGE_CURVE('',#1312,#1279,#1314,.T.);
#1312 = VERTEX_POINT('',#1313);
#1313 = CARTESIAN_POINT('',(-0.8,5.668829244209,36.4));
#1314 = SURFACE_CURVE('',#1315,(#1319,#1325),.PCURVE_S1.);
#1315 = LINE('',#1316,#1317);
#1316 = CARTESIAN_POINT('',(-0.8,5.668829244209,10.35));
#1317 = VECTOR('',#1318,1.);
#1318 = DIRECTION('',(-0.,-0.,-1.));
#1319 = PCURVE('',#699,#1320);
#1320 = DEFINITIONAL_REPRESENTATION('',(#1321),#1324);
#1321 = B_SPLINE_CURVE_WITH_KNOTS('',1,(#1322,#1323),.UNSPECIFIED.,.F.,
  .F.,(2,2),(-26.0500006,-0.75),.PIECEWISE_BEZIER_KNOTS.);
#1322 = CARTESIAN_POINT('',(-1.71099313166,-26.0500006));
#1323 = CARTESIAN_POINT('',(-1.71099313166,-0.75));
#1324 = ( GEOMETRIC_REPRESENTATION_CONTEXT(2) 
PARAMETRIC_REPRESENTATION_CONTEXT() REPRESENTATION_CONTEXT('2D SPACE',''
  ) );
#1325 = PCURVE('',#1326,#1331);
#1326 = PLANE('',#1327);
#1327 = AXIS2_PLACEMENT_3D('',#1328,#1329,#1330);
#1328 = CARTESIAN_POINT('',(-0.8,10.725,13.4));
#1329 = DIRECTION('',(1.,0.,-0.));
#1330 = DIRECTION('',(0.,-1.,0.));
#1331 = DEFINITIONAL_REPRESENTATION('',(#1332),#1335);
#1332 = B_SPLINE_CURVE_WITH_KNOTS('',1,(#1333,#1334),.UNSPECIFIED.,.F.,
  .F.,(2,2),(-26.0500006,-0.75),.PIECEWISE_BEZIER_KNOTS.);
#1333 = CARTESIAN_POINT('',(5.056170755791,-23.0000006));
#1334 = CARTESIAN_POINT('',(5.056170755791,2.3));
#1335 = ( GEOMETRIC_REPRESENTATION_CONTEXT(2) 
PARAMETRIC_REPRESENTATION_CONTEXT() REPRESENTATION_CONTEXT('2D SPACE',''
  ) );
#1336 = ORIENTED_EDGE('',*,*,#1337,.T.);
#1337 = EDGE_CURVE('',#1312,#1338,#1340,.T.);
#1338 = VERTEX_POINT('',#1339);
#1339 = CARTESIAN_POINT('',(-0.8,-5.668829244209,36.4));
#1340 = SURFACE_CURVE('',#1341,(#1346,#1353),.PCURVE_S1.);
#1341 = CIRCLE('',#1342,5.725);
#1342 = AXIS2_PLACEMENT_3D('',#1343,#1344,#1345);
#1343 = CARTESIAN_POINT('',(0.,0.,36.4));
#1344 = DIRECTION('',(0.,0.,1.));
#1345 = DIRECTION('',(1.,0.,0.));
#1346 = PCURVE('',#699,#1347);
#1347 = DEFINITIONAL_REPRESENTATION('',(#1348),#1352);
#1348 = LINE('',#1349,#1350);
#1349 = CARTESIAN_POINT('',(-0.,-26.05));
#1350 = VECTOR('',#1351,1.);
#1351 = DIRECTION('',(-1.,0.));
#1352 = ( GEOMETRIC_REPRESENTATION_CONTEXT(2) 
PARAMETRIC_REPRESENTATION_CONTEXT() REPRESENTATION_CONTEXT('2D SPACE',''
  ) );
#1353 = PCURVE('',#1354,#1359);
#1354 = PLANE('',#1355);
#1355 = AXIS2_PLACEMENT_3D('',#1356,#1357,#1358);
#1356 = CARTESIAN_POINT('',(-3.582812574339E-16,5.15074078532E-18,36.4)
  );
#1357 = DIRECTION('',(0.,0.,1.));
#1358 = DIRECTION('',(1.,0.,-0.));
#1359 = DEFINITIONAL_REPRESENTATION('',(#1360),#1364);
#1360 = CIRCLE('',#1361,5.725);
#1361 = AXIS2_PLACEMENT_2D('',#1362,#1363);
#1362 = CARTESIAN_POINT('',(3.582812574339E-16,-5.15074078532E-18));
#1363 = DIRECTION('',(1.,0.));
#1364 = ( GEOMETRIC_REPRESENTATION_CONTEXT(2) 
PARAMETRIC_REPRESENTATION_CONTEXT() REPRESENTATION_CONTEXT('2D SPACE',''
  ) );
#1365 = ORIENTED_EDGE('',*,*,#1366,.T.);
#1366 = EDGE_CURVE('',#1338,#1367,#1369,.T.);
#1367 = VERTEX_POINT('',#1368);
#1368 = CARTESIAN_POINT('',(-0.8,-5.668829244209,13.4));
#1369 = SURFACE_CURVE('',#1370,(#1374,#1380),.PCURVE_S1.);
#1370 = LINE('',#1371,#1372);
#1371 = CARTESIAN_POINT('',(-0.8,-5.668829244209,10.35));
#1372 = VECTOR('',#1373,1.);
#1373 = DIRECTION('',(-0.,-0.,-1.));
#1374 = PCURVE('',#699,#1375);
#1375 = DEFINITIONAL_REPRESENTATION('',(#1376),#1379);
#1376 = B_SPLINE_CURVE_WITH_KNOTS('',1,(#1377,#1378),.UNSPECIFIED.,.F.,
  .F.,(2,2),(-26.0500006,-0.75),.PIECEWISE_BEZIER_KNOTS.);
#1377 = CARTESIAN_POINT('',(-4.572192175519,-26.0500006));
#1378 = CARTESIAN_POINT('',(-4.572192175519,-0.75));
#1379 = ( GEOMETRIC_REPRESENTATION_CONTEXT(2) 
PARAMETRIC_REPRESENTATION_CONTEXT() REPRESENTATION_CONTEXT('2D SPACE',''
  ) );
#1380 = PCURVE('',#1381,#1386);
#1381 = PLANE('',#1382);
#1382 = AXIS2_PLACEMENT_3D('',#1383,#1384,#1385);
#1383 = CARTESIAN_POINT('',(-0.8,10.725,13.4));
#1384 = DIRECTION('',(1.,0.,-0.));
#1385 = DIRECTION('',(0.,-1.,0.));
#1386 = DEFINITIONAL_REPRESENTATION('',(#1387),#1390);
#1387 = B_SPLINE_CURVE_WITH_KNOTS('',1,(#1388,#1389),.UNSPECIFIED.,.F.,
  .F.,(2,2),(-26.0500006,-0.75),.PIECEWISE_BEZIER_KNOTS.);
#1388 = CARTESIAN_POINT('',(16.393829244209,-23.0000006));
#1389 = CARTESIAN_POINT('',(16.393829244209,2.3));
#1390 = ( GEOMETRIC_REPRESENTATION_CONTEXT(2) 
PARAMETRIC_REPRESENTATION_CONTEXT() REPRESENTATION_CONTEXT('2D SPACE',''
  ) );
#1391 = ORIENTED_EDGE('',*,*,#1392,.F.);
#1392 = EDGE_CURVE('',#1393,#1367,#1395,.T.);
#1393 = VERTEX_POINT('',#1394);
#1394 = CARTESIAN_POINT('',(0.8,-5.668829244209,13.4));
#1395 = SURFACE_CURVE('',#1396,(#1401,#1408),.PCURVE_S1.);
#1396 = CIRCLE('',#1397,5.725);
#1397 = AXIS2_PLACEMENT_3D('',#1398,#1399,#1400);
#1398 = CARTESIAN_POINT('',(0.,0.,13.4));
#1399 = DIRECTION('',(0.,0.,-1.));
#1400 = DIRECTION('',(1.,0.,0.));
#1401 = PCURVE('',#699,#1402);
#1402 = DEFINITIONAL_REPRESENTATION('',(#1403),#1407);
#1403 = LINE('',#1404,#1405);
#1404 = CARTESIAN_POINT('',(-6.28318530718,-3.05));
#1405 = VECTOR('',#1406,1.);
#1406 = DIRECTION('',(1.,-0.));
#1407 = ( GEOMETRIC_REPRESENTATION_CONTEXT(2) 
PARAMETRIC_REPRESENTATION_CONTEXT() REPRESENTATION_CONTEXT('2D SPACE',''
  ) );
#1408 = PCURVE('',#1295,#1409);
#1409 = DEFINITIONAL_REPRESENTATION('',(#1410),#1418);
#1410 = ( BOUNDED_CURVE() B_SPLINE_CURVE(2,(#1411,#1412,#1413,#1414,
#1415,#1416,#1417),.UNSPECIFIED.,.T.,.F.) B_SPLINE_CURVE_WITH_KNOTS((1,2
    ,2,2,2,1),(-2.094395102393,0.,2.094395102393,4.188790204786,
6.28318530718,8.377580409573),.UNSPECIFIED.) CURVE() 
GEOMETRIC_REPRESENTATION_ITEM() RATIONAL_B_SPLINE_CURVE((1.,0.5,1.,0.5,
1.,0.5,1.)) REPRESENTATION_ITEM('') );
#1411 = CARTESIAN_POINT('',(5.725,0.));
#1412 = CARTESIAN_POINT('',(5.725,-9.915990873332));
#1413 = CARTESIAN_POINT('',(-2.8625,-4.957995436666));
#1414 = CARTESIAN_POINT('',(-11.45,-1.402220585024E-15));
#1415 = CARTESIAN_POINT('',(-2.8625,4.957995436666));
#1416 = CARTESIAN_POINT('',(5.725,9.915990873332));
#1417 = CARTESIAN_POINT('',(5.725,0.));
#1418 = ( GEOMETRIC_REPRESENTATION_CONTEXT(2) 
PARAMETRIC_REPRESENTATION_CONTEXT() REPRESENTATION_CONTEXT('2D SPACE',''
  ) );
#1419 = ORIENTED_EDGE('',*,*,#1420,.F.);
#1420 = EDGE_CURVE('',#1421,#1393,#1423,.T.);
#1421 = VERTEX_POINT('',#1422);
#1422 = CARTESIAN_POINT('',(0.8,-5.668829244209,36.4));
#1423 = SURFACE_CURVE('',#1424,(#1428,#1434),.PCURVE_S1.);
#1424 = LINE('',#1425,#1426);
#1425 = CARTESIAN_POINT('',(0.8,-5.668829244209,10.35));
#1426 = VECTOR('',#1427,1.);
#1427 = DIRECTION('',(-0.,-0.,-1.));
#1428 = PCURVE('',#699,#1429);
#1429 = DEFINITIONAL_REPRESENTATION('',(#1430),#1433);
#1430 = B_SPLINE_CURVE_WITH_KNOTS('',1,(#1431,#1432),.UNSPECIFIED.,.F.,
  .F.,(2,2),(-26.0500006,-0.75),.PIECEWISE_BEZIER_KNOTS.);
#1431 = CARTESIAN_POINT('',(-4.85258578525,-26.0500006));
#1432 = CARTESIAN_POINT('',(-4.85258578525,-0.75));
#1433 = ( GEOMETRIC_REPRESENTATION_CONTEXT(2) 
PARAMETRIC_REPRESENTATION_CONTEXT() REPRESENTATION_CONTEXT('2D SPACE',''
  ) );
#1434 = PCURVE('',#1435,#1440);
#1435 = PLANE('',#1436);
#1436 = AXIS2_PLACEMENT_3D('',#1437,#1438,#1439);
#1437 = CARTESIAN_POINT('',(0.8,-10.725,13.4));
#1438 = DIRECTION('',(-1.,0.,0.));
#1439 = DIRECTION('',(0.,1.,0.));
#1440 = DEFINITIONAL_REPRESENTATION('',(#1441),#1444);
#1441 = B_SPLINE_CURVE_WITH_KNOTS('',1,(#1442,#1443),.UNSPECIFIED.,.F.,
  .F.,(2,2),(-26.0500006,-0.75),.PIECEWISE_BEZIER_KNOTS.);
#1442 = CARTESIAN_POINT('',(5.056170755791,-23.0000006));
#1443 = CARTESIAN_POINT('',(5.056170755791,2.3));
#1444 = ( GEOMETRIC_REPRESENTATION_CONTEXT(2) 
PARAMETRIC_REPRESENTATION_CONTEXT() REPRESENTATION_CONTEXT('2D SPACE',''
  ) );
#1445 = ORIENTED_EDGE('',*,*,#1446,.T.);
#1446 = EDGE_CURVE('',#1421,#1201,#1447,.T.);
#1447 = SURFACE_CURVE('',#1448,(#1453,#1460),.PCURVE_S1.);
#1448 = CIRCLE('',#1449,5.725);
#1449 = AXIS2_PLACEMENT_3D('',#1450,#1451,#1452);
#1450 = CARTESIAN_POINT('',(0.,0.,36.4));
#1451 = DIRECTION('',(0.,0.,1.));
#1452 = DIRECTION('',(1.,0.,0.));
#1453 = PCURVE('',#699,#1454);
#1454 = DEFINITIONAL_REPRESENTATION('',(#1455),#1459);
#1455 = LINE('',#1456,#1457);
#1456 = CARTESIAN_POINT('',(-0.,-26.05));
#1457 = VECTOR('',#1458,1.);
#1458 = DIRECTION('',(-1.,0.));
#1459 = ( GEOMETRIC_REPRESENTATION_CONTEXT(2) 
PARAMETRIC_REPRESENTATION_CONTEXT() REPRESENTATION_CONTEXT('2D SPACE',''
  ) );
#1460 = PCURVE('',#1240,#1461);
#1461 = DEFINITIONAL_REPRESENTATION('',(#1462),#1466);
#1462 = CIRCLE('',#1463,5.725);
#1463 = AXIS2_PLACEMENT_2D('',#1464,#1465);
#1464 = CARTESIAN_POINT('',(3.582812574339E-16,-5.15074078532E-18));
#1465 = DIRECTION('',(1.,0.));
#1466 = ( GEOMETRIC_REPRESENTATION_CONTEXT(2) 
PARAMETRIC_REPRESENTATION_CONTEXT() REPRESENTATION_CONTEXT('2D SPACE',''
  ) );
#1467 = ORIENTED_EDGE('',*,*,#1200,.F.);
#1468 = ADVANCED_FACE('',(#1469),#739,.F.);
#1469 = FACE_BOUND('',#1470,.F.);
#1470 = EDGE_LOOP('',(#1471,#1501,#1522,#1523,#1524));
#1471 = ORIENTED_EDGE('',*,*,#1472,.F.);
#1472 = EDGE_CURVE('',#1473,#1475,#1477,.T.);
#1473 = VERTEX_POINT('',#1474);
#1474 = CARTESIAN_POINT('',(2.810749455217,-2.810749455217,
    -59.2100561127));
#1475 = VERTEX_POINT('',#1476);
#1476 = CARTESIAN_POINT('',(2.810749455217,2.810749455217,-59.2100561127
    ));
#1477 = SURFACE_CURVE('',#1478,(#1482,#1489),.PCURVE_S1.);
#1478 = LINE('',#1479,#1480);
#1479 = CARTESIAN_POINT('',(2.810749455217,-2.810749455217,
    -59.2100561127));
#1480 = VECTOR('',#1481,1.);
#1481 = DIRECTION('',(0.,1.,0.));
#1482 = PCURVE('',#739,#1483);
#1483 = DEFINITIONAL_REPRESENTATION('',(#1484),#1488);
#1484 = LINE('',#1485,#1486);
#1485 = CARTESIAN_POINT('',(0.,0.));
#1486 = VECTOR('',#1487,1.);
#1487 = DIRECTION('',(1.,0.));
#1488 = ( GEOMETRIC_REPRESENTATION_CONTEXT(2) 
PARAMETRIC_REPRESENTATION_CONTEXT() REPRESENTATION_CONTEXT('2D SPACE',''
  ) );
#1489 = PCURVE('',#1490,#1495);
#1490 = PLANE('',#1491);
#1491 = AXIS2_PLACEMENT_3D('',#1492,#1493,#1494);
#1492 = CARTESIAN_POINT('',(7.899836270107E-17,-7.899836270107E-17,
    -59.2100561127));
#1493 = DIRECTION('',(0.,0.,1.));
#1494 = DIRECTION('',(1.,0.,-0.));
#1495 = DEFINITIONAL_REPRESENTATION('',(#1496),#1500);
#1496 = LINE('',#1497,#1498);
#1497 = CARTESIAN_POINT('',(2.810749455217,-2.810749455217));
#1498 = VECTOR('',#1499,1.);
#1499 = DIRECTION('',(0.,1.));
#1500 = ( GEOMETRIC_REPRESENTATION_CONTEXT(2) 
PARAMETRIC_REPRESENTATION_CONTEXT() REPRESENTATION_CONTEXT('2D SPACE',''
  ) );
#1501 = ORIENTED_EDGE('',*,*,#1502,.T.);
#1502 = EDGE_CURVE('',#1473,#52,#1503,.T.);
#1503 = SURFACE_CURVE('',#1504,(#1508,#1515),.PCURVE_S1.);
#1504 = LINE('',#1505,#1506);
#1505 = CARTESIAN_POINT('',(2.810749455217,-2.810749455217,
    -59.2100561127));
#1506 = VECTOR('',#1507,1.);
#1507 = DIRECTION('',(0.,0.,1.));
#1508 = PCURVE('',#739,#1509);
#1509 = DEFINITIONAL_REPRESENTATION('',(#1510),#1514);
#1510 = LINE('',#1511,#1512);
#1511 = CARTESIAN_POINT('',(0.,0.));
#1512 = VECTOR('',#1513,1.);
#1513 = DIRECTION('',(0.,-1.));
#1514 = ( GEOMETRIC_REPRESENTATION_CONTEXT(2) 
PARAMETRIC_REPRESENTATION_CONTEXT() REPRESENTATION_CONTEXT('2D SPACE',''
  ) );
#1515 = PCURVE('',#939,#1516);
#1516 = DEFINITIONAL_REPRESENTATION('',(#1517),#1521);
#1517 = LINE('',#1518,#1519);
#1518 = CARTESIAN_POINT('',(5.621498910433,0.));
#1519 = VECTOR('',#1520,1.);
#1520 = DIRECTION('',(0.,-1.));
#1521 = ( GEOMETRIC_REPRESENTATION_CONTEXT(2) 
PARAMETRIC_REPRESENTATION_CONTEXT() REPRESENTATION_CONTEXT('2D SPACE',''
  ) );
#1522 = ORIENTED_EDGE('',*,*,#716,.T.);
#1523 = ORIENTED_EDGE('',*,*,#751,.T.);
#1524 = ORIENTED_EDGE('',*,*,#1525,.F.);
#1525 = EDGE_CURVE('',#1475,#136,#1526,.T.);
#1526 = SURFACE_CURVE('',#1527,(#1531,#1538),.PCURVE_S1.);
#1527 = LINE('',#1528,#1529);
#1528 = CARTESIAN_POINT('',(2.810749455217,2.810749455217,-59.2100561127
    ));
#1529 = VECTOR('',#1530,1.);
#1530 = DIRECTION('',(0.,0.,1.));
#1531 = PCURVE('',#739,#1532);
#1532 = DEFINITIONAL_REPRESENTATION('',(#1533),#1537);
#1533 = LINE('',#1534,#1535);
#1534 = CARTESIAN_POINT('',(5.621498910433,0.));
#1535 = VECTOR('',#1536,1.);
#1536 = DIRECTION('',(0.,-1.));
#1537 = ( GEOMETRIC_REPRESENTATION_CONTEXT(2) 
PARAMETRIC_REPRESENTATION_CONTEXT() REPRESENTATION_CONTEXT('2D SPACE',''
  ) );
#1538 = PCURVE('',#805,#1539);
#1539 = DEFINITIONAL_REPRESENTATION('',(#1540),#1544);
#1540 = LINE('',#1541,#1542);
#1541 = CARTESIAN_POINT('',(0.,-0.));
#1542 = VECTOR('',#1543,1.);
#1543 = DIRECTION('',(0.,-1.));
#1544 = ( GEOMETRIC_REPRESENTATION_CONTEXT(2) 
PARAMETRIC_REPRESENTATION_CONTEXT() REPRESENTATION_CONTEXT('2D SPACE',''
  ) );
#1545 = ADVANCED_FACE('',(#1546),#805,.F.);
#1546 = FACE_BOUND('',#1547,.F.);
#1547 = EDGE_LOOP('',(#1548,#1571,#1572,#1573,#1574));
#1548 = ORIENTED_EDGE('',*,*,#1549,.F.);
#1549 = EDGE_CURVE('',#1475,#1550,#1552,.T.);
#1550 = VERTEX_POINT('',#1551);
#1551 = CARTESIAN_POINT('',(-2.810749455217,2.810749455217,
    -59.2100561127));
#1552 = SURFACE_CURVE('',#1553,(#1557,#1564),.PCURVE_S1.);
#1553 = LINE('',#1554,#1555);
#1554 = CARTESIAN_POINT('',(2.810749455217,2.810749455217,-59.2100561127
    ));
#1555 = VECTOR('',#1556,1.);
#1556 = DIRECTION('',(-1.,0.,0.));
#1557 = PCURVE('',#805,#1558);
#1558 = DEFINITIONAL_REPRESENTATION('',(#1559),#1563);
#1559 = LINE('',#1560,#1561);
#1560 = CARTESIAN_POINT('',(0.,-0.));
#1561 = VECTOR('',#1562,1.);
#1562 = DIRECTION('',(1.,0.));
#1563 = ( GEOMETRIC_REPRESENTATION_CONTEXT(2) 
PARAMETRIC_REPRESENTATION_CONTEXT() REPRESENTATION_CONTEXT('2D SPACE',''
  ) );
#1564 = PCURVE('',#1490,#1565);
#1565 = DEFINITIONAL_REPRESENTATION('',(#1566),#1570);
#1566 = LINE('',#1567,#1568);
#1567 = CARTESIAN_POINT('',(2.810749455217,2.810749455217));
#1568 = VECTOR('',#1569,1.);
#1569 = DIRECTION('',(-1.,0.));
#1570 = ( GEOMETRIC_REPRESENTATION_CONTEXT(2) 
PARAMETRIC_REPRESENTATION_CONTEXT() REPRESENTATION_CONTEXT('2D SPACE',''
  ) );
#1571 = ORIENTED_EDGE('',*,*,#1525,.T.);
#1572 = ORIENTED_EDGE('',*,*,#782,.T.);
#1573 = ORIENTED_EDGE('',*,*,#817,.T.);
#1574 = ORIENTED_EDGE('',*,*,#1575,.F.);
#1575 = EDGE_CURVE('',#1550,#108,#1576,.T.);
#1576 = SURFACE_CURVE('',#1577,(#1581,#1588),.PCURVE_S1.);
#1577 = LINE('',#1578,#1579);
#1578 = CARTESIAN_POINT('',(-2.810749455217,2.810749455217,
    -59.2100561127));
#1579 = VECTOR('',#1580,1.);
#1580 = DIRECTION('',(0.,0.,1.));
#1581 = PCURVE('',#805,#1582);
#1582 = DEFINITIONAL_REPRESENTATION('',(#1583),#1587);
#1583 = LINE('',#1584,#1585);
#1584 = CARTESIAN_POINT('',(5.621498910433,0.));
#1585 = VECTOR('',#1586,1.);
#1586 = DIRECTION('',(0.,-1.));
#1587 = ( GEOMETRIC_REPRESENTATION_CONTEXT(2) 
PARAMETRIC_REPRESENTATION_CONTEXT() REPRESENTATION_CONTEXT('2D SPACE',''
  ) );
#1588 = PCURVE('',#872,#1589);
#1589 = DEFINITIONAL_REPRESENTATION('',(#1590),#1594);
#1590 = LINE('',#1591,#1592);
#1591 = CARTESIAN_POINT('',(0.,0.));
#1592 = VECTOR('',#1593,1.);
#1593 = DIRECTION('',(0.,-1.));
#1594 = ( GEOMETRIC_REPRESENTATION_CONTEXT(2) 
PARAMETRIC_REPRESENTATION_CONTEXT() REPRESENTATION_CONTEXT('2D SPACE',''
  ) );
#1595 = ADVANCED_FACE('',(#1596),#872,.F.);
#1596 = FACE_BOUND('',#1597,.F.);
#1597 = EDGE_LOOP('',(#1598,#1621,#1622,#1623,#1624));
#1598 = ORIENTED_EDGE('',*,*,#1599,.F.);
#1599 = EDGE_CURVE('',#1550,#1600,#1602,.T.);
#1600 = VERTEX_POINT('',#1601);
#1601 = CARTESIAN_POINT('',(-2.810749455217,-2.810749455217,
    -59.2100561127));
#1602 = SURFACE_CURVE('',#1603,(#1607,#1614),.PCURVE_S1.);
#1603 = LINE('',#1604,#1605);
#1604 = CARTESIAN_POINT('',(-2.810749455217,2.810749455217,
    -59.2100561127));
#1605 = VECTOR('',#1606,1.);
#1606 = DIRECTION('',(0.,-1.,0.));
#1607 = PCURVE('',#872,#1608);
#1608 = DEFINITIONAL_REPRESENTATION('',(#1609),#1613);
#1609 = LINE('',#1610,#1611);
#1610 = CARTESIAN_POINT('',(0.,0.));
#1611 = VECTOR('',#1612,1.);
#1612 = DIRECTION('',(1.,0.));
#1613 = ( GEOMETRIC_REPRESENTATION_CONTEXT(2) 
PARAMETRIC_REPRESENTATION_CONTEXT() REPRESENTATION_CONTEXT('2D SPACE',''
  ) );
#1614 = PCURVE('',#1490,#1615);
#1615 = DEFINITIONAL_REPRESENTATION('',(#1616),#1620);
#1616 = LINE('',#1617,#1618);
#1617 = CARTESIAN_POINT('',(-2.810749455217,2.810749455217));
#1618 = VECTOR('',#1619,1.);
#1619 = DIRECTION('',(0.,-1.));
#1620 = ( GEOMETRIC_REPRESENTATION_CONTEXT(2) 
PARAMETRIC_REPRESENTATION_CONTEXT() REPRESENTATION_CONTEXT('2D SPACE',''
  ) );
#1621 = ORIENTED_EDGE('',*,*,#1575,.T.);
#1622 = ORIENTED_EDGE('',*,*,#849,.T.);
#1623 = ORIENTED_EDGE('',*,*,#884,.T.);
#1624 = ORIENTED_EDGE('',*,*,#1625,.F.);
#1625 = EDGE_CURVE('',#1600,#80,#1626,.T.);
#1626 = SURFACE_CURVE('',#1627,(#1631,#1638),.PCURVE_S1.);
#1627 = LINE('',#1628,#1629);
#1628 = CARTESIAN_POINT('',(-2.810749455217,-2.810749455217,
    -59.2100561127));
#1629 = VECTOR('',#1630,1.);
#1630 = DIRECTION('',(0.,0.,1.));
#1631 = PCURVE('',#872,#1632);
#1632 = DEFINITIONAL_REPRESENTATION('',(#1633),#1637);
#1633 = LINE('',#1634,#1635);
#1634 = CARTESIAN_POINT('',(5.621498910433,0.));
#1635 = VECTOR('',#1636,1.);
#1636 = DIRECTION('',(0.,-1.));
#1637 = ( GEOMETRIC_REPRESENTATION_CONTEXT(2) 
PARAMETRIC_REPRESENTATION_CONTEXT() REPRESENTATION_CONTEXT('2D SPACE',''
  ) );
#1638 = PCURVE('',#939,#1639);
#1639 = DEFINITIONAL_REPRESENTATION('',(#1640),#1644);
#1640 = LINE('',#1641,#1642);
#1641 = CARTESIAN_POINT('',(0.,0.));
#1642 = VECTOR('',#1643,1.);
#1643 = DIRECTION('',(0.,-1.));
#1644 = ( GEOMETRIC_REPRESENTATION_CONTEXT(2) 
PARAMETRIC_REPRESENTATION_CONTEXT() REPRESENTATION_CONTEXT('2D SPACE',''
  ) );
#1645 = ADVANCED_FACE('',(#1646),#939,.F.);
#1646 = FACE_BOUND('',#1647,.F.);
#1647 = EDGE_LOOP('',(#1648,#1669,#1670,#1671,#1672));
#1648 = ORIENTED_EDGE('',*,*,#1649,.F.);
#1649 = EDGE_CURVE('',#1600,#1473,#1650,.T.);
#1650 = SURFACE_CURVE('',#1651,(#1655,#1662),.PCURVE_S1.);
#1651 = LINE('',#1652,#1653);
#1652 = CARTESIAN_POINT('',(-2.810749455217,-2.810749455217,
    -59.2100561127));
#1653 = VECTOR('',#1654,1.);
#1654 = DIRECTION('',(1.,0.,0.));
#1655 = PCURVE('',#939,#1656);
#1656 = DEFINITIONAL_REPRESENTATION('',(#1657),#1661);
#1657 = LINE('',#1658,#1659);
#1658 = CARTESIAN_POINT('',(0.,0.));
#1659 = VECTOR('',#1660,1.);
#1660 = DIRECTION('',(1.,0.));
#1661 = ( GEOMETRIC_REPRESENTATION_CONTEXT(2) 
PARAMETRIC_REPRESENTATION_CONTEXT() REPRESENTATION_CONTEXT('2D SPACE',''
  ) );
#1662 = PCURVE('',#1490,#1663);
#1663 = DEFINITIONAL_REPRESENTATION('',(#1664),#1668);
#1664 = LINE('',#1665,#1666);
#1665 = CARTESIAN_POINT('',(-2.810749455217,-2.810749455217));
#1666 = VECTOR('',#1667,1.);
#1667 = DIRECTION('',(1.,0.));
#1668 = ( GEOMETRIC_REPRESENTATION_CONTEXT(2) 
PARAMETRIC_REPRESENTATION_CONTEXT() REPRESENTATION_CONTEXT('2D SPACE',''
  ) );
#1669 = ORIENTED_EDGE('',*,*,#1625,.T.);
#1670 = ORIENTED_EDGE('',*,*,#916,.T.);
#1671 = ORIENTED_EDGE('',*,*,#951,.T.);
#1672 = ORIENTED_EDGE('',*,*,#1502,.F.);
#1673 = ADVANCED_FACE('',(#1674),#1240,.T.);
#1674 = FACE_BOUND('',#1675,.T.);
#1675 = EDGE_LOOP('',(#1676,#1677,#1678,#1701,#1734));
#1676 = ORIENTED_EDGE('',*,*,#1446,.T.);
#1677 = ORIENTED_EDGE('',*,*,#1223,.T.);
#1678 = ORIENTED_EDGE('',*,*,#1679,.F.);
#1679 = EDGE_CURVE('',#1680,#1224,#1682,.T.);
#1680 = VERTEX_POINT('',#1681);
#1681 = CARTESIAN_POINT('',(0.8,4.046680738581,36.4));
#1682 = SURFACE_CURVE('',#1683,(#1687,#1694),.PCURVE_S1.);
#1683 = LINE('',#1684,#1685);
#1684 = CARTESIAN_POINT('',(0.8,-10.725,36.4));
#1685 = VECTOR('',#1686,1.);
#1686 = DIRECTION('',(0.,1.,0.));
#1687 = PCURVE('',#1240,#1688);
#1688 = DEFINITIONAL_REPRESENTATION('',(#1689),#1693);
#1689 = LINE('',#1690,#1691);
#1690 = CARTESIAN_POINT('',(0.8,-10.725));
#1691 = VECTOR('',#1692,1.);
#1692 = DIRECTION('',(0.,1.));
#1693 = ( GEOMETRIC_REPRESENTATION_CONTEXT(2) 
PARAMETRIC_REPRESENTATION_CONTEXT() REPRESENTATION_CONTEXT('2D SPACE',''
  ) );
#1694 = PCURVE('',#1267,#1695);
#1695 = DEFINITIONAL_REPRESENTATION('',(#1696),#1700);
#1696 = LINE('',#1697,#1698);
#1697 = CARTESIAN_POINT('',(0.,-23.));
#1698 = VECTOR('',#1699,1.);
#1699 = DIRECTION('',(1.,0.));
#1700 = ( GEOMETRIC_REPRESENTATION_CONTEXT(2) 
PARAMETRIC_REPRESENTATION_CONTEXT() REPRESENTATION_CONTEXT('2D SPACE',''
  ) );
#1701 = ORIENTED_EDGE('',*,*,#1702,.T.);
#1702 = EDGE_CURVE('',#1680,#1703,#1705,.T.);
#1703 = VERTEX_POINT('',#1704);
#1704 = CARTESIAN_POINT('',(0.8,-4.046680738581,36.4));
#1705 = SURFACE_CURVE('',#1706,(#1711,#1722),.PCURVE_S1.);
#1706 = CIRCLE('',#1707,4.125);
#1707 = AXIS2_PLACEMENT_3D('',#1708,#1709,#1710);
#1708 = CARTESIAN_POINT('',(0.,0.,36.4));
#1709 = DIRECTION('',(0.,0.,-1.));
#1710 = DIRECTION('',(0.193939393939,0.981013512383,0.));
#1711 = PCURVE('',#1240,#1712);
#1712 = DEFINITIONAL_REPRESENTATION('',(#1713),#1721);
#1713 = ( BOUNDED_CURVE() B_SPLINE_CURVE(2,(#1714,#1715,#1716,#1717,
#1718,#1719,#1720),.UNSPECIFIED.,.T.,.F.) B_SPLINE_CURVE_WITH_KNOTS((1,2
    ,2,2,2,1),(-2.094395102393,0.,2.094395102393,4.188790204786,
6.28318530718,8.377580409573),.UNSPECIFIED.) CURVE() 
GEOMETRIC_REPRESENTATION_ITEM() RATIONAL_B_SPLINE_CURVE((1.,0.5,1.,0.5,
1.,0.5,1.)) REPRESENTATION_ITEM('') );
#1714 = CARTESIAN_POINT('',(0.8,4.046680738581));
#1715 = CARTESIAN_POINT('',(7.809056641232,2.661040092526));
#1716 = CARTESIAN_POINT('',(3.104528320616,-2.716160692318));
#1717 = CARTESIAN_POINT('',(-1.6,-8.093361477161));
#1718 = CARTESIAN_POINT('',(-3.904528320616,-1.330520046263));
#1719 = CARTESIAN_POINT('',(-6.209056641232,5.432321384636));
#1720 = CARTESIAN_POINT('',(0.8,4.046680738581));
#1721 = ( GEOMETRIC_REPRESENTATION_CONTEXT(2) 
PARAMETRIC_REPRESENTATION_CONTEXT() REPRESENTATION_CONTEXT('2D SPACE',''
  ) );
#1722 = PCURVE('',#1723,#1728);
#1723 = CYLINDRICAL_SURFACE('',#1724,4.125);
#1724 = AXIS2_PLACEMENT_3D('',#1725,#1726,#1727);
#1725 = CARTESIAN_POINT('',(0.,0.,13.4));
#1726 = DIRECTION('',(-0.,-0.,-1.));
#1727 = DIRECTION('',(1.,0.,0.));
#1728 = DEFINITIONAL_REPRESENTATION('',(#1729),#1733);
#1729 = LINE('',#1730,#1731);
#1730 = CARTESIAN_POINT('',(-7.658805432561,-23.));
#1731 = VECTOR('',#1732,1.);
#1732 = DIRECTION('',(1.,-0.));
#1733 = ( GEOMETRIC_REPRESENTATION_CONTEXT(2) 
PARAMETRIC_REPRESENTATION_CONTEXT() REPRESENTATION_CONTEXT('2D SPACE',''
  ) );
#1734 = ORIENTED_EDGE('',*,*,#1735,.F.);
#1735 = EDGE_CURVE('',#1421,#1703,#1736,.T.);
#1736 = SURFACE_CURVE('',#1737,(#1741,#1748),.PCURVE_S1.);
#1737 = LINE('',#1738,#1739);
#1738 = CARTESIAN_POINT('',(0.8,-10.725,36.4));
#1739 = VECTOR('',#1740,1.);
#1740 = DIRECTION('',(0.,1.,0.));
#1741 = PCURVE('',#1240,#1742);
#1742 = DEFINITIONAL_REPRESENTATION('',(#1743),#1747);
#1743 = LINE('',#1744,#1745);
#1744 = CARTESIAN_POINT('',(0.8,-10.725));
#1745 = VECTOR('',#1746,1.);
#1746 = DIRECTION('',(0.,1.));
#1747 = ( GEOMETRIC_REPRESENTATION_CONTEXT(2) 
PARAMETRIC_REPRESENTATION_CONTEXT() REPRESENTATION_CONTEXT('2D SPACE',''
  ) );
#1748 = PCURVE('',#1435,#1749);
#1749 = DEFINITIONAL_REPRESENTATION('',(#1750),#1754);
#1750 = LINE('',#1751,#1752);
#1751 = CARTESIAN_POINT('',(0.,-23.));
#1752 = VECTOR('',#1753,1.);
#1753 = DIRECTION('',(1.,0.));
#1754 = ( GEOMETRIC_REPRESENTATION_CONTEXT(2) 
PARAMETRIC_REPRESENTATION_CONTEXT() REPRESENTATION_CONTEXT('2D SPACE',''
  ) );
#1755 = ADVANCED_FACE('',(#1756),#1435,.T.);
#1756 = FACE_BOUND('',#1757,.T.);
#1757 = EDGE_LOOP('',(#1758,#1781,#1782,#1783));
#1758 = ORIENTED_EDGE('',*,*,#1759,.F.);
#1759 = EDGE_CURVE('',#1393,#1760,#1762,.T.);
#1760 = VERTEX_POINT('',#1761);
#1761 = CARTESIAN_POINT('',(0.8,-4.046680738581,13.4));
#1762 = SURFACE_CURVE('',#1763,(#1767,#1774),.PCURVE_S1.);
#1763 = LINE('',#1764,#1765);
#1764 = CARTESIAN_POINT('',(0.8,-10.725,13.4));
#1765 = VECTOR('',#1766,1.);
#1766 = DIRECTION('',(0.,1.,0.));
#1767 = PCURVE('',#1435,#1768);
#1768 = DEFINITIONAL_REPRESENTATION('',(#1769),#1773);
#1769 = LINE('',#1770,#1771);
#1770 = CARTESIAN_POINT('',(0.,0.));
#1771 = VECTOR('',#1772,1.);
#1772 = DIRECTION('',(1.,0.));
#1773 = ( GEOMETRIC_REPRESENTATION_CONTEXT(2) 
PARAMETRIC_REPRESENTATION_CONTEXT() REPRESENTATION_CONTEXT('2D SPACE',''
  ) );
#1774 = PCURVE('',#1295,#1775);
#1775 = DEFINITIONAL_REPRESENTATION('',(#1776),#1780);
#1776 = LINE('',#1777,#1778);
#1777 = CARTESIAN_POINT('',(0.8,-10.725));
#1778 = VECTOR('',#1779,1.);
#1779 = DIRECTION('',(0.,1.));
#1780 = ( GEOMETRIC_REPRESENTATION_CONTEXT(2) 
PARAMETRIC_REPRESENTATION_CONTEXT() REPRESENTATION_CONTEXT('2D SPACE',''
  ) );
#1781 = ORIENTED_EDGE('',*,*,#1420,.F.);
#1782 = ORIENTED_EDGE('',*,*,#1735,.T.);
#1783 = ORIENTED_EDGE('',*,*,#1784,.T.);
#1784 = EDGE_CURVE('',#1703,#1760,#1785,.T.);
#1785 = SURFACE_CURVE('',#1786,(#1790,#1796),.PCURVE_S1.);
#1786 = LINE('',#1787,#1788);
#1787 = CARTESIAN_POINT('',(0.8,-4.046680738581,13.4));
#1788 = VECTOR('',#1789,1.);
#1789 = DIRECTION('',(-0.,-0.,-1.));
#1790 = PCURVE('',#1435,#1791);
#1791 = DEFINITIONAL_REPRESENTATION('',(#1792),#1795);
#1792 = B_SPLINE_CURVE_WITH_KNOTS('',1,(#1793,#1794),.UNSPECIFIED.,.F.,
  .F.,(2,2),(-23.0000006,5.999999999062E-07),.PIECEWISE_BEZIER_KNOTS.);
#1793 = CARTESIAN_POINT('',(6.678319261419,-23.0000006));
#1794 = CARTESIAN_POINT('',(6.678319261419,5.999999999062E-07));
#1795 = ( GEOMETRIC_REPRESENTATION_CONTEXT(2) 
PARAMETRIC_REPRESENTATION_CONTEXT() REPRESENTATION_CONTEXT('2D SPACE',''
  ) );
#1796 = PCURVE('',#1723,#1797);
#1797 = DEFINITIONAL_REPRESENTATION('',(#1798),#1801);
#1798 = B_SPLINE_CURVE_WITH_KNOTS('',1,(#1799,#1800),.UNSPECIFIED.,.F.,
  .F.,(2,2),(-23.,0.),.PIECEWISE_BEZIER_KNOTS.);
#1799 = CARTESIAN_POINT('',(-4.907565181798,-23.));
#1800 = CARTESIAN_POINT('',(-4.907565181798,0.));
#1801 = ( GEOMETRIC_REPRESENTATION_CONTEXT(2) 
PARAMETRIC_REPRESENTATION_CONTEXT() REPRESENTATION_CONTEXT('2D SPACE',''
  ) );
#1802 = ADVANCED_FACE('',(#1803),#1295,.T.);
#1803 = FACE_BOUND('',#1804,.T.);
#1804 = EDGE_LOOP('',(#1805,#1828,#1829,#1830,#1854,#1875,#1876,#1899));
#1805 = ORIENTED_EDGE('',*,*,#1806,.T.);
#1806 = EDGE_CURVE('',#1807,#1367,#1809,.T.);
#1807 = VERTEX_POINT('',#1808);
#1808 = CARTESIAN_POINT('',(-0.8,-4.046680738581,13.4));
#1809 = SURFACE_CURVE('',#1810,(#1814,#1821),.PCURVE_S1.);
#1810 = LINE('',#1811,#1812);
#1811 = CARTESIAN_POINT('',(-0.8,10.725,13.4));
#1812 = VECTOR('',#1813,1.);
#1813 = DIRECTION('',(0.,-1.,0.));
#1814 = PCURVE('',#1295,#1815);
#1815 = DEFINITIONAL_REPRESENTATION('',(#1816),#1820);
#1816 = LINE('',#1817,#1818);
#1817 = CARTESIAN_POINT('',(-0.8,10.725));
#1818 = VECTOR('',#1819,1.);
#1819 = DIRECTION('',(0.,-1.));
#1820 = ( GEOMETRIC_REPRESENTATION_CONTEXT(2) 
PARAMETRIC_REPRESENTATION_CONTEXT() REPRESENTATION_CONTEXT('2D SPACE',''
  ) );
#1821 = PCURVE('',#1381,#1822);
#1822 = DEFINITIONAL_REPRESENTATION('',(#1823),#1827);
#1823 = LINE('',#1824,#1825);
#1824 = CARTESIAN_POINT('',(0.,0.));
#1825 = VECTOR('',#1826,1.);
#1826 = DIRECTION('',(1.,0.));
#1827 = ( GEOMETRIC_REPRESENTATION_CONTEXT(2) 
PARAMETRIC_REPRESENTATION_CONTEXT() REPRESENTATION_CONTEXT('2D SPACE',''
  ) );
#1828 = ORIENTED_EDGE('',*,*,#1392,.F.);
#1829 = ORIENTED_EDGE('',*,*,#1759,.T.);
#1830 = ORIENTED_EDGE('',*,*,#1831,.T.);
#1831 = EDGE_CURVE('',#1760,#1832,#1834,.T.);
#1832 = VERTEX_POINT('',#1833);
#1833 = CARTESIAN_POINT('',(0.8,4.046680738581,13.4));
#1834 = SURFACE_CURVE('',#1835,(#1840,#1847),.PCURVE_S1.);
#1835 = CIRCLE('',#1836,4.125);
#1836 = AXIS2_PLACEMENT_3D('',#1837,#1838,#1839);
#1837 = CARTESIAN_POINT('',(0.,0.,13.4));
#1838 = DIRECTION('',(0.,0.,1.));
#1839 = DIRECTION('',(0.193939393939,-0.981013512383,0.));
#1840 = PCURVE('',#1295,#1841);
#1841 = DEFINITIONAL_REPRESENTATION('',(#1842),#1846);
#1842 = CIRCLE('',#1843,4.125);
#1843 = AXIS2_PLACEMENT_2D('',#1844,#1845);
#1844 = CARTESIAN_POINT('',(0.,0.));
#1845 = DIRECTION('',(0.193939393939,-0.981013512383));
#1846 = ( GEOMETRIC_REPRESENTATION_CONTEXT(2) 
PARAMETRIC_REPRESENTATION_CONTEXT() REPRESENTATION_CONTEXT('2D SPACE',''
  ) );
#1847 = PCURVE('',#1723,#1848);
#1848 = DEFINITIONAL_REPRESENTATION('',(#1849),#1853);
#1849 = LINE('',#1850,#1851);
#1850 = CARTESIAN_POINT('',(-4.907565181798,0.));
#1851 = VECTOR('',#1852,1.);
#1852 = DIRECTION('',(-1.,0.));
#1853 = ( GEOMETRIC_REPRESENTATION_CONTEXT(2) 
PARAMETRIC_REPRESENTATION_CONTEXT() REPRESENTATION_CONTEXT('2D SPACE',''
  ) );
#1854 = ORIENTED_EDGE('',*,*,#1855,.T.);
#1855 = EDGE_CURVE('',#1832,#1253,#1856,.T.);
#1856 = SURFACE_CURVE('',#1857,(#1861,#1868),.PCURVE_S1.);
#1857 = LINE('',#1858,#1859);
#1858 = CARTESIAN_POINT('',(0.8,-10.725,13.4));
#1859 = VECTOR('',#1860,1.);
#1860 = DIRECTION('',(0.,1.,0.));
#1861 = PCURVE('',#1295,#1862);
#1862 = DEFINITIONAL_REPRESENTATION('',(#1863),#1867);
#1863 = LINE('',#1864,#1865);
#1864 = CARTESIAN_POINT('',(0.8,-10.725));
#1865 = VECTOR('',#1866,1.);
#1866 = DIRECTION('',(0.,1.));
#1867 = ( GEOMETRIC_REPRESENTATION_CONTEXT(2) 
PARAMETRIC_REPRESENTATION_CONTEXT() REPRESENTATION_CONTEXT('2D SPACE',''
  ) );
#1868 = PCURVE('',#1267,#1869);
#1869 = DEFINITIONAL_REPRESENTATION('',(#1870),#1874);
#1870 = LINE('',#1871,#1872);
#1871 = CARTESIAN_POINT('',(0.,0.));
#1872 = VECTOR('',#1873,1.);
#1873 = DIRECTION('',(1.,0.));
#1874 = ( GEOMETRIC_REPRESENTATION_CONTEXT(2) 
PARAMETRIC_REPRESENTATION_CONTEXT() REPRESENTATION_CONTEXT('2D SPACE',''
  ) );
#1875 = ORIENTED_EDGE('',*,*,#1278,.F.);
#1876 = ORIENTED_EDGE('',*,*,#1877,.T.);
#1877 = EDGE_CURVE('',#1279,#1878,#1880,.T.);
#1878 = VERTEX_POINT('',#1879);
#1879 = CARTESIAN_POINT('',(-0.8,4.046680738581,13.4));
#1880 = SURFACE_CURVE('',#1881,(#1885,#1892),.PCURVE_S1.);
#1881 = LINE('',#1882,#1883);
#1882 = CARTESIAN_POINT('',(-0.8,10.725,13.4));
#1883 = VECTOR('',#1884,1.);
#1884 = DIRECTION('',(0.,-1.,0.));
#1885 = PCURVE('',#1295,#1886);
#1886 = DEFINITIONAL_REPRESENTATION('',(#1887),#1891);
#1887 = LINE('',#1888,#1889);
#1888 = CARTESIAN_POINT('',(-0.8,10.725));
#1889 = VECTOR('',#1890,1.);
#1890 = DIRECTION('',(0.,-1.));
#1891 = ( GEOMETRIC_REPRESENTATION_CONTEXT(2) 
PARAMETRIC_REPRESENTATION_CONTEXT() REPRESENTATION_CONTEXT('2D SPACE',''
  ) );
#1892 = PCURVE('',#1326,#1893);
#1893 = DEFINITIONAL_REPRESENTATION('',(#1894),#1898);
#1894 = LINE('',#1895,#1896);
#1895 = CARTESIAN_POINT('',(0.,0.));
#1896 = VECTOR('',#1897,1.);
#1897 = DIRECTION('',(1.,0.));
#1898 = ( GEOMETRIC_REPRESENTATION_CONTEXT(2) 
PARAMETRIC_REPRESENTATION_CONTEXT() REPRESENTATION_CONTEXT('2D SPACE',''
  ) );
#1899 = ORIENTED_EDGE('',*,*,#1900,.T.);
#1900 = EDGE_CURVE('',#1878,#1807,#1901,.T.);
#1901 = SURFACE_CURVE('',#1902,(#1907,#1914),.PCURVE_S1.);
#1902 = CIRCLE('',#1903,4.125);
#1903 = AXIS2_PLACEMENT_3D('',#1904,#1905,#1906);
#1904 = CARTESIAN_POINT('',(0.,0.,13.4));
#1905 = DIRECTION('',(0.,0.,1.));
#1906 = DIRECTION('',(1.,0.,0.));
#1907 = PCURVE('',#1295,#1908);
#1908 = DEFINITIONAL_REPRESENTATION('',(#1909),#1913);
#1909 = CIRCLE('',#1910,4.125);
#1910 = AXIS2_PLACEMENT_2D('',#1911,#1912);
#1911 = CARTESIAN_POINT('',(0.,0.));
#1912 = DIRECTION('',(1.,0.));
#1913 = ( GEOMETRIC_REPRESENTATION_CONTEXT(2) 
PARAMETRIC_REPRESENTATION_CONTEXT() REPRESENTATION_CONTEXT('2D SPACE',''
  ) );
#1914 = PCURVE('',#1915,#1920);
#1915 = CYLINDRICAL_SURFACE('',#1916,4.125);
#1916 = AXIS2_PLACEMENT_3D('',#1917,#1918,#1919);
#1917 = CARTESIAN_POINT('',(0.,0.,13.4));
#1918 = DIRECTION('',(-0.,-0.,-1.));
#1919 = DIRECTION('',(1.,0.,0.));
#1920 = DEFINITIONAL_REPRESENTATION('',(#1921),#1925);
#1921 = LINE('',#1922,#1923);
#1922 = CARTESIAN_POINT('',(-0.,0.));
#1923 = VECTOR('',#1924,1.);
#1924 = DIRECTION('',(-1.,0.));
#1925 = ( GEOMETRIC_REPRESENTATION_CONTEXT(2) 
PARAMETRIC_REPRESENTATION_CONTEXT() REPRESENTATION_CONTEXT('2D SPACE',''
  ) );
#1926 = ADVANCED_FACE('',(#1927),#1381,.T.);
#1927 = FACE_BOUND('',#1928,.T.);
#1928 = EDGE_LOOP('',(#1929,#1930,#1951,#1972));
#1929 = ORIENTED_EDGE('',*,*,#1806,.F.);
#1930 = ORIENTED_EDGE('',*,*,#1931,.F.);
#1931 = EDGE_CURVE('',#1932,#1807,#1934,.T.);
#1932 = VERTEX_POINT('',#1933);
#1933 = CARTESIAN_POINT('',(-0.8,-4.046680738581,36.4));
#1934 = SURFACE_CURVE('',#1935,(#1939,#1945),.PCURVE_S1.);
#1935 = LINE('',#1936,#1937);
#1936 = CARTESIAN_POINT('',(-0.8,-4.046680738581,13.4));
#1937 = VECTOR('',#1938,1.);
#1938 = DIRECTION('',(-0.,-0.,-1.));
#1939 = PCURVE('',#1381,#1940);
#1940 = DEFINITIONAL_REPRESENTATION('',(#1941),#1944);
#1941 = B_SPLINE_CURVE_WITH_KNOTS('',1,(#1942,#1943),.UNSPECIFIED.,.F.,
  .F.,(2,2),(-23.0000006,5.999999999062E-07),.PIECEWISE_BEZIER_KNOTS.);
#1942 = CARTESIAN_POINT('',(14.771680738581,-23.0000006));
#1943 = CARTESIAN_POINT('',(14.771680738581,5.999999999062E-07));
#1944 = ( GEOMETRIC_REPRESENTATION_CONTEXT(2) 
PARAMETRIC_REPRESENTATION_CONTEXT() REPRESENTATION_CONTEXT('2D SPACE',''
  ) );
#1945 = PCURVE('',#1915,#1946);
#1946 = DEFINITIONAL_REPRESENTATION('',(#1947),#1950);
#1947 = B_SPLINE_CURVE_WITH_KNOTS('',1,(#1948,#1949),.UNSPECIFIED.,.F.,
  .F.,(2,2),(-23.0000006,5.999999999062E-07),.PIECEWISE_BEZIER_KNOTS.);
#1948 = CARTESIAN_POINT('',(-4.517212778971,-23.0000006));
#1949 = CARTESIAN_POINT('',(-4.517212778971,5.999999999062E-07));
#1950 = ( GEOMETRIC_REPRESENTATION_CONTEXT(2) 
PARAMETRIC_REPRESENTATION_CONTEXT() REPRESENTATION_CONTEXT('2D SPACE',''
  ) );
#1951 = ORIENTED_EDGE('',*,*,#1952,.T.);
#1952 = EDGE_CURVE('',#1932,#1338,#1953,.T.);
#1953 = SURFACE_CURVE('',#1954,(#1958,#1965),.PCURVE_S1.);
#1954 = LINE('',#1955,#1956);
#1955 = CARTESIAN_POINT('',(-0.8,10.725,36.4));
#1956 = VECTOR('',#1957,1.);
#1957 = DIRECTION('',(0.,-1.,0.));
#1958 = PCURVE('',#1381,#1959);
#1959 = DEFINITIONAL_REPRESENTATION('',(#1960),#1964);
#1960 = LINE('',#1961,#1962);
#1961 = CARTESIAN_POINT('',(0.,-23.));
#1962 = VECTOR('',#1963,1.);
#1963 = DIRECTION('',(1.,0.));
#1964 = ( GEOMETRIC_REPRESENTATION_CONTEXT(2) 
PARAMETRIC_REPRESENTATION_CONTEXT() REPRESENTATION_CONTEXT('2D SPACE',''
  ) );
#1965 = PCURVE('',#1354,#1966);
#1966 = DEFINITIONAL_REPRESENTATION('',(#1967),#1971);
#1967 = LINE('',#1968,#1969);
#1968 = CARTESIAN_POINT('',(-0.8,10.725));
#1969 = VECTOR('',#1970,1.);
#1970 = DIRECTION('',(0.,-1.));
#1971 = ( GEOMETRIC_REPRESENTATION_CONTEXT(2) 
PARAMETRIC_REPRESENTATION_CONTEXT() REPRESENTATION_CONTEXT('2D SPACE',''
  ) );
#1972 = ORIENTED_EDGE('',*,*,#1366,.T.);
#1973 = ADVANCED_FACE('',(#1974),#1354,.T.);
#1974 = FACE_BOUND('',#1975,.T.);
#1975 = EDGE_LOOP('',(#1976,#1999,#2000,#2001));
#1976 = ORIENTED_EDGE('',*,*,#1977,.F.);
#1977 = EDGE_CURVE('',#1312,#1978,#1980,.T.);
#1978 = VERTEX_POINT('',#1979);
#1979 = CARTESIAN_POINT('',(-0.8,4.046680738581,36.4));
#1980 = SURFACE_CURVE('',#1981,(#1985,#1992),.PCURVE_S1.);
#1981 = LINE('',#1982,#1983);
#1982 = CARTESIAN_POINT('',(-0.8,10.725,36.4));
#1983 = VECTOR('',#1984,1.);
#1984 = DIRECTION('',(0.,-1.,0.));
#1985 = PCURVE('',#1354,#1986);
#1986 = DEFINITIONAL_REPRESENTATION('',(#1987),#1991);
#1987 = LINE('',#1988,#1989);
#1988 = CARTESIAN_POINT('',(-0.8,10.725));
#1989 = VECTOR('',#1990,1.);
#1990 = DIRECTION('',(0.,-1.));
#1991 = ( GEOMETRIC_REPRESENTATION_CONTEXT(2) 
PARAMETRIC_REPRESENTATION_CONTEXT() REPRESENTATION_CONTEXT('2D SPACE',''
  ) );
#1992 = PCURVE('',#1326,#1993);
#1993 = DEFINITIONAL_REPRESENTATION('',(#1994),#1998);
#1994 = LINE('',#1995,#1996);
#1995 = CARTESIAN_POINT('',(0.,-23.));
#1996 = VECTOR('',#1997,1.);
#1997 = DIRECTION('',(1.,0.));
#1998 = ( GEOMETRIC_REPRESENTATION_CONTEXT(2) 
PARAMETRIC_REPRESENTATION_CONTEXT() REPRESENTATION_CONTEXT('2D SPACE',''
  ) );
#1999 = ORIENTED_EDGE('',*,*,#1337,.T.);
#2000 = ORIENTED_EDGE('',*,*,#1952,.F.);
#2001 = ORIENTED_EDGE('',*,*,#2002,.F.);
#2002 = EDGE_CURVE('',#1978,#1932,#2003,.T.);
#2003 = SURFACE_CURVE('',#2004,(#2009,#2016),.PCURVE_S1.);
#2004 = CIRCLE('',#2005,4.125);
#2005 = AXIS2_PLACEMENT_3D('',#2006,#2007,#2008);
#2006 = CARTESIAN_POINT('',(0.,0.,36.4));
#2007 = DIRECTION('',(0.,0.,1.));
#2008 = DIRECTION('',(1.,0.,0.));
#2009 = PCURVE('',#1354,#2010);
#2010 = DEFINITIONAL_REPRESENTATION('',(#2011),#2015);
#2011 = CIRCLE('',#2012,4.125);
#2012 = AXIS2_PLACEMENT_2D('',#2013,#2014);
#2013 = CARTESIAN_POINT('',(3.582812574339E-16,-5.15074078532E-18));
#2014 = DIRECTION('',(1.,0.));
#2015 = ( GEOMETRIC_REPRESENTATION_CONTEXT(2) 
PARAMETRIC_REPRESENTATION_CONTEXT() REPRESENTATION_CONTEXT('2D SPACE',''
  ) );
#2016 = PCURVE('',#1915,#2017);
#2017 = DEFINITIONAL_REPRESENTATION('',(#2018),#2022);
#2018 = LINE('',#2019,#2020);
#2019 = CARTESIAN_POINT('',(-0.,-23.));
#2020 = VECTOR('',#2021,1.);
#2021 = DIRECTION('',(-1.,0.));
#2022 = ( GEOMETRIC_REPRESENTATION_CONTEXT(2) 
PARAMETRIC_REPRESENTATION_CONTEXT() REPRESENTATION_CONTEXT('2D SPACE',''
  ) );
#2023 = ADVANCED_FACE('',(#2024),#1326,.T.);
#2024 = FACE_BOUND('',#2025,.T.);
#2025 = EDGE_LOOP('',(#2026,#2027,#2028,#2029));
#2026 = ORIENTED_EDGE('',*,*,#1877,.F.);
#2027 = ORIENTED_EDGE('',*,*,#1311,.F.);
#2028 = ORIENTED_EDGE('',*,*,#1977,.T.);
#2029 = ORIENTED_EDGE('',*,*,#2030,.T.);
#2030 = EDGE_CURVE('',#1978,#1878,#2031,.T.);
#2031 = SURFACE_CURVE('',#2032,(#2036,#2042),.PCURVE_S1.);
#2032 = LINE('',#2033,#2034);
#2033 = CARTESIAN_POINT('',(-0.8,4.046680738581,13.4));
#2034 = VECTOR('',#2035,1.);
#2035 = DIRECTION('',(-0.,-0.,-1.));
#2036 = PCURVE('',#1326,#2037);
#2037 = DEFINITIONAL_REPRESENTATION('',(#2038),#2041);
#2038 = B_SPLINE_CURVE_WITH_KNOTS('',1,(#2039,#2040),.UNSPECIFIED.,.F.,
  .F.,(2,2),(-23.0000006,5.999999999062E-07),.PIECEWISE_BEZIER_KNOTS.);
#2039 = CARTESIAN_POINT('',(6.678319261419,-23.0000006));
#2040 = CARTESIAN_POINT('',(6.678319261419,5.999999999062E-07));
#2041 = ( GEOMETRIC_REPRESENTATION_CONTEXT(2) 
PARAMETRIC_REPRESENTATION_CONTEXT() REPRESENTATION_CONTEXT('2D SPACE',''
  ) );
#2042 = PCURVE('',#1915,#2043);
#2043 = DEFINITIONAL_REPRESENTATION('',(#2044),#2047);
#2044 = B_SPLINE_CURVE_WITH_KNOTS('',1,(#2045,#2046),.UNSPECIFIED.,.F.,
  .F.,(2,2),(-23.0000006,5.999999999062E-07),.PIECEWISE_BEZIER_KNOTS.);
#2045 = CARTESIAN_POINT('',(-1.765972528208,-23.0000006));
#2046 = CARTESIAN_POINT('',(-1.765972528208,5.999999999062E-07));
#2047 = ( GEOMETRIC_REPRESENTATION_CONTEXT(2) 
PARAMETRIC_REPRESENTATION_CONTEXT() REPRESENTATION_CONTEXT('2D SPACE',''
  ) );
#2048 = ADVANCED_FACE('',(#2049),#1267,.T.);
#2049 = FACE_BOUND('',#2050,.T.);
#2050 = EDGE_LOOP('',(#2051,#2052,#2071,#2072));
#2051 = ORIENTED_EDGE('',*,*,#1855,.F.);
#2052 = ORIENTED_EDGE('',*,*,#2053,.F.);
#2053 = EDGE_CURVE('',#1680,#1832,#2054,.T.);
#2054 = SURFACE_CURVE('',#2055,(#2059,#2065),.PCURVE_S1.);
#2055 = LINE('',#2056,#2057);
#2056 = CARTESIAN_POINT('',(0.8,4.046680738581,13.4));
#2057 = VECTOR('',#2058,1.);
#2058 = DIRECTION('',(-0.,-0.,-1.));
#2059 = PCURVE('',#1267,#2060);
#2060 = DEFINITIONAL_REPRESENTATION('',(#2061),#2064);
#2061 = B_SPLINE_CURVE_WITH_KNOTS('',1,(#2062,#2063),.UNSPECIFIED.,.F.,
  .F.,(2,2),(-23.0000006,5.999999999062E-07),.PIECEWISE_BEZIER_KNOTS.);
#2062 = CARTESIAN_POINT('',(14.771680738581,-23.0000006));
#2063 = CARTESIAN_POINT('',(14.771680738581,5.999999999062E-07));
#2064 = ( GEOMETRIC_REPRESENTATION_CONTEXT(2) 
PARAMETRIC_REPRESENTATION_CONTEXT() REPRESENTATION_CONTEXT('2D SPACE',''
  ) );
#2065 = PCURVE('',#1723,#2066);
#2066 = DEFINITIONAL_REPRESENTATION('',(#2067),#2070);
#2067 = B_SPLINE_CURVE_WITH_KNOTS('',1,(#2068,#2069),.UNSPECIFIED.,.F.,
  .F.,(2,2),(-23.,0.),.PIECEWISE_BEZIER_KNOTS.);
#2068 = CARTESIAN_POINT('',(-7.658805432561,-23.));
#2069 = CARTESIAN_POINT('',(-7.658805432561,0.));
#2070 = ( GEOMETRIC_REPRESENTATION_CONTEXT(2) 
PARAMETRIC_REPRESENTATION_CONTEXT() REPRESENTATION_CONTEXT('2D SPACE',''
  ) );
#2071 = ORIENTED_EDGE('',*,*,#1679,.T.);
#2072 = ORIENTED_EDGE('',*,*,#1252,.T.);
#2073 = ADVANCED_FACE('',(#2074),#1490,.F.);
#2074 = FACE_BOUND('',#2075,.F.);
#2075 = EDGE_LOOP('',(#2076,#2077,#2078,#2079));
#2076 = ORIENTED_EDGE('',*,*,#1649,.T.);
#2077 = ORIENTED_EDGE('',*,*,#1472,.T.);
#2078 = ORIENTED_EDGE('',*,*,#1549,.T.);
#2079 = ORIENTED_EDGE('',*,*,#1599,.T.);
#2080 = ADVANCED_FACE('',(#2081),#1723,.F.);
#2081 = FACE_BOUND('',#2082,.T.);
#2082 = EDGE_LOOP('',(#2083,#2084,#2085,#2086));
#2083 = ORIENTED_EDGE('',*,*,#1702,.F.);
#2084 = ORIENTED_EDGE('',*,*,#2053,.T.);
#2085 = ORIENTED_EDGE('',*,*,#1831,.F.);
#2086 = ORIENTED_EDGE('',*,*,#1784,.F.);
#2087 = ADVANCED_FACE('',(#2088),#1915,.F.);
#2088 = FACE_BOUND('',#2089,.T.);
#2089 = EDGE_LOOP('',(#2090,#2091,#2092,#2093));
#2090 = ORIENTED_EDGE('',*,*,#1900,.F.);
#2091 = ORIENTED_EDGE('',*,*,#2030,.F.);
#2092 = ORIENTED_EDGE('',*,*,#2002,.T.);
#2093 = ORIENTED_EDGE('',*,*,#1931,.T.);
#2094 = ( GEOMETRIC_REPRESENTATION_CONTEXT(3) 
GLOBAL_UNCERTAINTY_ASSIGNED_CONTEXT((#2098)) 
GLOBAL_UNIT_ASSIGNED_CONTEXT((#2095,#2096,#2097)) REPRESENTATION_CONTEXT
('Context #1','3D Context with UNIT and UNCERTAINTY') );
#2095 = ( LENGTH_UNIT() NAMED_UNIT(*) SI_UNIT(.MILLI.,.METRE.) );
#2096 = ( NAMED_UNIT(*) PLANE_ANGLE_UNIT() SI_UNIT($,.RADIAN.) );
#2097 = ( NAMED_UNIT(*) SI_UNIT($,.STERADIAN.) SOLID_ANGLE_UNIT() );
#2098 = UNCERTAINTY_MEASURE_WITH_UNIT(LENGTH_MEASURE(1.E-07),#2095,
  'distance_accuracy_value','confusion accuracy');
#2099 = PRODUCT_RELATED_PRODUCT_CATEGORY('part',$,(#7));
ENDSEC;
END-ISO-10303-21;
