ISO-10303-21;
HEADER;
FILE_DESCRIPTION(('Open CASCADE Model'),'2;1');
FILE_NAME('Open CASCADE Shape Model','2026-08-03T14:48:48',('Author'),(
    'Open CASCADE'),'Open CASCADE STEP processor 7.8','Open CASCADE 7.8'
  ,'Unknown');
FILE_SCHEMA(('AUTOMOTIVE_DESIGN { 1 0 10303 214 1 1 1 1 }'));
ENDSEC;
DATA;
#1 = APPLICATION_PROTOCOL_DEFINITION('international standard',
  'automotive_design',2000,#2);
#2 = APPLICATION_CONTEXT(
  'core data for automotive mechanical design processes');
#3 = SHAPE_DEFINITION_REPRESENTATION(#4,#10);
#4 = PRODUCT_DEFINITION_SHAPE('','',#5);
#5 = PRODUCT_DEFINITION('design','',#6,#9);
#6 = PRODUCT_DEFINITION_FORMATION('','',#7);
#7 = PRODUCT('spring_housing','spring_housing','',(#8));
#8 = PRODUCT_CONTEXT('',#2,'mechanical');
#9 = PRODUCT_DEFINITION_CONTEXT('part definition',#2,'design');
#10 = ADVANCED_BREP_SHAPE_REPRESENTATION('',(#11,#15),#11158);
#11 = AXIS2_PLACEMENT_3D('',#12,#13,#14);
#12 = CARTESIAN_POINT('',(0.,0.,0.));
#13 = DIRECTION('',(0.,0.,1.));
#14 = DIRECTION('',(1.,0.,-0.));
#15 = MANIFOLD_SOLID_BREP('',#16);
#16 = CLOSED_SHELL('',(#17,#1433,#1513,#1563,#1616,#1669,#1722,#1772,
    #1825,#1878,#1931,#1981,#2034,#2087,#2140,#2190,#2243,#2296,#2349,
    #2399,#2452,#2505,#2558,#2608,#2661,#2719,#2796,#2845,#4610,#4637,
    #4686,#4736,#4763,#4835,#4862,#4889,#4948,#4997,#5047,#5074,#5146,
    #5173,#5200,#5272,#5299,#5326,#5402,#5461,#5538,#5587,#5637,#6032,
    #6059,#6135,#6184,#6233,#6260,#6336,#6385,#6434,#6461,#6537,#6586,
    #6635,#6662,#6738,#6787,#6836,#6863,#6939,#6988,#7037,#7064,#7173,
    #7250,#7299,#7400,#7477,#7554,#7581,#7690,#7767,#7816,#7917,#7966,
    #8048,#8098,#8132,#8750,#8777,#8784,#8862,#8909,#8982,#9029,#9102,
    #9149,#9222,#9269,#9342,#9389,#9462,#9509,#9516,#9523,#9530,#9537,
    #9544,#9612,#9670,#9706,#9714,#9782,#9840,#9876,#9884,#9960,#10009,
    #10058,#10134,#10183,#10232,#10308,#10357,#10406,#10482,#10531,
    #10580,#10656,#10705,#10754,#10830,#10879,#10928,#10956,#10988,
    #11020,#11052,#11084,#11116,#11123,#11130,#11137,#11144,#11151));
#17 = ADVANCED_FACE('',(#18,#727,#843,#954,#1065,#1100,#1211,#1322),#32,
  .F.);
#18 = FACE_BOUND('',#19,.T.);
#19 = EDGE_LOOP('',(#20,#55,#88,#116,#144,#172,#205,#233,#261,#289,#322,
    #350,#378,#406,#439,#467,#495,#523,#556,#584,#612,#640,#673,#701));
#20 = ORIENTED_EDGE('',*,*,#21,.F.);
#21 = EDGE_CURVE('',#22,#24,#26,.T.);
#22 = VERTEX_POINT('',#23);
#23 = CARTESIAN_POINT('',(33.190360046254,0.800000000001,52.2));
#24 = VERTEX_POINT('',#25);
#25 = CARTESIAN_POINT('',(34.8,0.8,52.2));
#26 = SURFACE_CURVE('',#27,(#31,#43),.PCURVE_S1.);
#27 = LINE('',#28,#29);
#28 = CARTESIAN_POINT('',(33.190360046254,0.800000000001,52.2));
#29 = VECTOR('',#30,1.);
#30 = DIRECTION('',(1.,-7.404981694595E-13,-0.));
#31 = PCURVE('',#32,#37);
#32 = PLANE('',#33);
#33 = AXIS2_PLACEMENT_3D('',#34,#35,#36);
#34 = CARTESIAN_POINT('',(-1.31801458558E-15,1.280753380104E-15,52.2));
#35 = DIRECTION('',(-0.,-0.,-1.));
#36 = DIRECTION('',(-1.,0.,0.));
#37 = DEFINITIONAL_REPRESENTATION('',(#38),#42);
#38 = LINE('',#39,#40);
#39 = CARTESIAN_POINT('',(-33.19036004625,0.800000000001));
#40 = VECTOR('',#41,1.);
#41 = DIRECTION('',(-1.,-7.404981694595E-13));
#42 = ( GEOMETRIC_REPRESENTATION_CONTEXT(2) 
PARAMETRIC_REPRESENTATION_CONTEXT() REPRESENTATION_CONTEXT('2D SPACE',''
  ) );
#43 = PCURVE('',#44,#49);
#44 = PLANE('',#45);
#45 = AXIS2_PLACEMENT_3D('',#46,#47,#48);
#46 = CARTESIAN_POINT('',(22.7,0.8,47.9));
#47 = DIRECTION('',(-0.,-1.,0.));
#48 = DIRECTION('',(0.,0.,-1.));
#49 = DEFINITIONAL_REPRESENTATION('',(#50),#54);
#50 = LINE('',#51,#52);
#51 = CARTESIAN_POINT('',(-4.3,10.490360046254));
#52 = VECTOR('',#53,1.);
#53 = DIRECTION('',(0.,1.));
#54 = ( GEOMETRIC_REPRESENTATION_CONTEXT(2) 
PARAMETRIC_REPRESENTATION_CONTEXT() REPRESENTATION_CONTEXT('2D SPACE',''
  ) );
#55 = ORIENTED_EDGE('',*,*,#56,.T.);
#56 = EDGE_CURVE('',#22,#57,#59,.T.);
#57 = VERTEX_POINT('',#58);
#58 = CARTESIAN_POINT('',(17.288000346154,28.343694960809,52.2));
#59 = SURFACE_CURVE('',#60,(#65,#76),.PCURVE_S1.);
#60 = CIRCLE('',#61,33.2);
#61 = AXIS2_PLACEMENT_3D('',#62,#63,#64);
#62 = CARTESIAN_POINT('',(0.,0.,52.2));
#63 = DIRECTION('',(0.,0.,1.));
#64 = DIRECTION('',(1.,-0.,-0.));
#65 = PCURVE('',#32,#66);
#66 = DEFINITIONAL_REPRESENTATION('',(#67),#75);
#67 = ( BOUNDED_CURVE() B_SPLINE_CURVE(2,(#68,#69,#70,#71,#72,#73,#74),
.UNSPECIFIED.,.T.,.F.) B_SPLINE_CURVE_WITH_KNOTS((1,2,2,2,2,1),(
    -2.094395102393,0.,2.094395102393,4.188790204786,6.28318530718,
8.377580409573),.UNSPECIFIED.) CURVE() GEOMETRIC_REPRESENTATION_ITEM() 
RATIONAL_B_SPLINE_CURVE((1.,0.5,1.,0.5,1.,0.5,1.)) REPRESENTATION_ITEM(
  '') );
#68 = CARTESIAN_POINT('',(-33.2,-1.280753380104E-15));
#69 = CARTESIAN_POINT('',(-33.2,57.504086811287));
#70 = CARTESIAN_POINT('',(16.6,28.752043405643));
#71 = CARTESIAN_POINT('',(66.4,6.850901366234E-15));
#72 = CARTESIAN_POINT('',(16.6,-28.75204340564));
#73 = CARTESIAN_POINT('',(-33.2,-57.50408681128));
#74 = CARTESIAN_POINT('',(-33.2,-1.280753380104E-15));
#75 = ( GEOMETRIC_REPRESENTATION_CONTEXT(2) 
PARAMETRIC_REPRESENTATION_CONTEXT() REPRESENTATION_CONTEXT('2D SPACE',''
  ) );
#76 = PCURVE('',#77,#82);
#77 = CYLINDRICAL_SURFACE('',#78,33.2);
#78 = AXIS2_PLACEMENT_3D('',#79,#80,#81);
#79 = CARTESIAN_POINT('',(0.,0.,52.2));
#80 = DIRECTION('',(-0.,-0.,1.));
#81 = DIRECTION('',(1.,-0.,-0.));
#82 = DEFINITIONAL_REPRESENTATION('',(#83),#87);
#83 = LINE('',#84,#85);
#84 = CARTESIAN_POINT('',(0.,0.));
#85 = VECTOR('',#86,1.);
#86 = DIRECTION('',(1.,0.));
#87 = ( GEOMETRIC_REPRESENTATION_CONTEXT(2) 
PARAMETRIC_REPRESENTATION_CONTEXT() REPRESENTATION_CONTEXT('2D SPACE',''
  ) );
#88 = ORIENTED_EDGE('',*,*,#89,.F.);
#89 = EDGE_CURVE('',#90,#57,#92,.T.);
#90 = VERTEX_POINT('',#91);
#91 = CARTESIAN_POINT('',(18.092820323028,29.737684051698,52.2));
#92 = SURFACE_CURVE('',#93,(#97,#104),.PCURVE_S1.);
#93 = LINE('',#94,#95);
#94 = CARTESIAN_POINT('',(18.092820323028,29.737684051698,52.2));
#95 = VECTOR('',#96,1.);
#96 = DIRECTION('',(-0.5,-0.866025403784,-0.));
#97 = PCURVE('',#32,#98);
#98 = DEFINITIONAL_REPRESENTATION('',(#99),#103);
#99 = LINE('',#100,#101);
#100 = CARTESIAN_POINT('',(-18.09282032302,29.737684051698));
#101 = VECTOR('',#102,1.);
#102 = DIRECTION('',(0.5,-0.866025403784));
#103 = ( GEOMETRIC_REPRESENTATION_CONTEXT(2) 
PARAMETRIC_REPRESENTATION_CONTEXT() REPRESENTATION_CONTEXT('2D SPACE',''
  ) );
#104 = PCURVE('',#105,#110);
#105 = PLANE('',#106);
#106 = AXIS2_PLACEMENT_3D('',#107,#108,#109);
#107 = CARTESIAN_POINT('',(12.042820323028,19.258776665907,47.9));
#108 = DIRECTION('',(0.866025403784,-0.5,-0.));
#109 = DIRECTION('',(0.,0.,-1.));
#110 = DEFINITIONAL_REPRESENTATION('',(#111),#115);
#111 = LINE('',#112,#113);
#112 = CARTESIAN_POINT('',(-4.3,12.1));
#113 = VECTOR('',#114,1.);
#114 = DIRECTION('',(-0.,-1.));
#115 = ( GEOMETRIC_REPRESENTATION_CONTEXT(2) 
PARAMETRIC_REPRESENTATION_CONTEXT() REPRESENTATION_CONTEXT('2D SPACE',''
  ) );
#116 = ORIENTED_EDGE('',*,*,#117,.T.);
#117 = EDGE_CURVE('',#90,#118,#120,.T.);
#118 = VERTEX_POINT('',#119);
#119 = CARTESIAN_POINT('',(16.707179676972,30.537684051698,52.2));
#120 = SURFACE_CURVE('',#121,(#125,#132),.PCURVE_S1.);
#121 = LINE('',#122,#123);
#122 = CARTESIAN_POINT('',(18.092820323028,29.737684051698,52.2));
#123 = VECTOR('',#124,1.);
#124 = DIRECTION('',(-0.866025403784,0.5,0.));
#125 = PCURVE('',#32,#126);
#126 = DEFINITIONAL_REPRESENTATION('',(#127),#131);
#127 = LINE('',#128,#129);
#128 = CARTESIAN_POINT('',(-18.09282032302,29.737684051698));
#129 = VECTOR('',#130,1.);
#130 = DIRECTION('',(0.866025403784,0.5));
#131 = ( GEOMETRIC_REPRESENTATION_CONTEXT(2) 
PARAMETRIC_REPRESENTATION_CONTEXT() REPRESENTATION_CONTEXT('2D SPACE',''
  ) );
#132 = PCURVE('',#133,#138);
#133 = PLANE('',#134);
#134 = AXIS2_PLACEMENT_3D('',#135,#136,#137);
#135 = CARTESIAN_POINT('',(18.092820323028,29.737684051698,52.2));
#136 = DIRECTION('',(0.5,0.866025403784,0.));
#137 = DIRECTION('',(0.,0.,1.));
#138 = DEFINITIONAL_REPRESENTATION('',(#139),#143);
#139 = LINE('',#140,#141);
#140 = CARTESIAN_POINT('',(0.,-0.));
#141 = VECTOR('',#142,1.);
#142 = DIRECTION('',(-0.,-1.));
#143 = ( GEOMETRIC_REPRESENTATION_CONTEXT(2) 
PARAMETRIC_REPRESENTATION_CONTEXT() REPRESENTATION_CONTEXT('2D SPACE',''
  ) );
#144 = ORIENTED_EDGE('',*,*,#145,.F.);
#145 = EDGE_CURVE('',#146,#118,#148,.T.);
#146 = VERTEX_POINT('',#147);
#147 = CARTESIAN_POINT('',(15.9023597001,29.143694960808,52.2));
#148 = SURFACE_CURVE('',#149,(#153,#160),.PCURVE_S1.);
#149 = LINE('',#150,#151);
#150 = CARTESIAN_POINT('',(15.9023597001,29.143694960808,52.2));
#151 = VECTOR('',#152,1.);
#152 = DIRECTION('',(0.5,0.866025403785,-0.));
#153 = PCURVE('',#32,#154);
#154 = DEFINITIONAL_REPRESENTATION('',(#155),#159);
#155 = LINE('',#156,#157);
#156 = CARTESIAN_POINT('',(-15.9023597001,29.143694960808));
#157 = VECTOR('',#158,1.);
#158 = DIRECTION('',(-0.5,0.866025403785));
#159 = ( GEOMETRIC_REPRESENTATION_CONTEXT(2) 
PARAMETRIC_REPRESENTATION_CONTEXT() REPRESENTATION_CONTEXT('2D SPACE',''
  ) );
#160 = PCURVE('',#161,#166);
#161 = PLANE('',#162);
#162 = AXIS2_PLACEMENT_3D('',#163,#164,#165);
#163 = CARTESIAN_POINT('',(15.657179676972,28.719030703751,52.2));
#164 = DIRECTION('',(-0.866025403784,0.5,-0.));
#165 = DIRECTION('',(0.,0.,1.));
#166 = DEFINITIONAL_REPRESENTATION('',(#167),#171);
#167 = LINE('',#168,#169);
#168 = CARTESIAN_POINT('',(0.,0.490360046254));
#169 = VECTOR('',#170,1.);
#170 = DIRECTION('',(0.,1.));
#171 = ( GEOMETRIC_REPRESENTATION_CONTEXT(2) 
PARAMETRIC_REPRESENTATION_CONTEXT() REPRESENTATION_CONTEXT('2D SPACE',''
  ) );
#172 = ORIENTED_EDGE('',*,*,#173,.T.);
#173 = EDGE_CURVE('',#146,#174,#176,.T.);
#174 = VERTEX_POINT('',#175);
#175 = CARTESIAN_POINT('',(-15.9023597001,29.143694960808,52.2));
#176 = SURFACE_CURVE('',#177,(#182,#193),.PCURVE_S1.);
#177 = CIRCLE('',#178,33.2);
#178 = AXIS2_PLACEMENT_3D('',#179,#180,#181);
#179 = CARTESIAN_POINT('',(0.,0.,52.2));
#180 = DIRECTION('',(0.,0.,1.));
#181 = DIRECTION('',(1.,-0.,-0.));
#182 = PCURVE('',#32,#183);
#183 = DEFINITIONAL_REPRESENTATION('',(#184),#192);
#184 = ( BOUNDED_CURVE() B_SPLINE_CURVE(2,(#185,#186,#187,#188,#189,#190
,#191),.UNSPECIFIED.,.T.,.F.) B_SPLINE_CURVE_WITH_KNOTS((1,2,2,2,2,1),(
    -2.094395102393,0.,2.094395102393,4.188790204786,6.28318530718,
8.377580409573),.UNSPECIFIED.) CURVE() GEOMETRIC_REPRESENTATION_ITEM() 
RATIONAL_B_SPLINE_CURVE((1.,0.5,1.,0.5,1.,0.5,1.)) REPRESENTATION_ITEM(
  '') );
#185 = CARTESIAN_POINT('',(-33.2,-1.280753380104E-15));
#186 = CARTESIAN_POINT('',(-33.2,57.504086811287));
#187 = CARTESIAN_POINT('',(16.6,28.752043405643));
#188 = CARTESIAN_POINT('',(66.4,6.850901366234E-15));
#189 = CARTESIAN_POINT('',(16.6,-28.75204340564));
#190 = CARTESIAN_POINT('',(-33.2,-57.50408681128));
#191 = CARTESIAN_POINT('',(-33.2,-1.280753380104E-15));
#192 = ( GEOMETRIC_REPRESENTATION_CONTEXT(2) 
PARAMETRIC_REPRESENTATION_CONTEXT() REPRESENTATION_CONTEXT('2D SPACE',''
  ) );
#193 = PCURVE('',#194,#199);
#194 = CYLINDRICAL_SURFACE('',#195,33.2);
#195 = AXIS2_PLACEMENT_3D('',#196,#197,#198);
#196 = CARTESIAN_POINT('',(0.,0.,52.2));
#197 = DIRECTION('',(-0.,-0.,1.));
#198 = DIRECTION('',(1.,-0.,-0.));
#199 = DEFINITIONAL_REPRESENTATION('',(#200),#204);
#200 = LINE('',#201,#202);
#201 = CARTESIAN_POINT('',(0.,0.));
#202 = VECTOR('',#203,1.);
#203 = DIRECTION('',(1.,0.));
#204 = ( GEOMETRIC_REPRESENTATION_CONTEXT(2) 
PARAMETRIC_REPRESENTATION_CONTEXT() REPRESENTATION_CONTEXT('2D SPACE',''
  ) );
#205 = ORIENTED_EDGE('',*,*,#206,.F.);
#206 = EDGE_CURVE('',#207,#174,#209,.T.);
#207 = VERTEX_POINT('',#208);
#208 = CARTESIAN_POINT('',(-16.70717967697,30.537684051698,52.2));
#209 = SURFACE_CURVE('',#210,(#214,#221),.PCURVE_S1.);
#210 = LINE('',#211,#212);
#211 = CARTESIAN_POINT('',(-16.70717967697,30.537684051698,52.2));
#212 = VECTOR('',#213,1.);
#213 = DIRECTION('',(0.5,-0.866025403785,-0.));
#214 = PCURVE('',#32,#215);
#215 = DEFINITIONAL_REPRESENTATION('',(#216),#220);
#216 = LINE('',#217,#218);
#217 = CARTESIAN_POINT('',(16.707179676972,30.537684051698));
#218 = VECTOR('',#219,1.);
#219 = DIRECTION('',(-0.5,-0.866025403785));
#220 = ( GEOMETRIC_REPRESENTATION_CONTEXT(2) 
PARAMETRIC_REPRESENTATION_CONTEXT() REPRESENTATION_CONTEXT('2D SPACE',''
  ) );
#221 = PCURVE('',#222,#227);
#222 = PLANE('',#223);
#223 = AXIS2_PLACEMENT_3D('',#224,#225,#226);
#224 = CARTESIAN_POINT('',(-10.65717967697,20.058776665907,47.9));
#225 = DIRECTION('',(0.866025403784,0.5,-0.));
#226 = DIRECTION('',(0.,-0.,-1.));
#227 = DEFINITIONAL_REPRESENTATION('',(#228),#232);
#228 = LINE('',#229,#230);
#229 = CARTESIAN_POINT('',(-4.3,12.1));
#230 = VECTOR('',#231,1.);
#231 = DIRECTION('',(-0.,-1.));
#232 = ( GEOMETRIC_REPRESENTATION_CONTEXT(2) 
PARAMETRIC_REPRESENTATION_CONTEXT() REPRESENTATION_CONTEXT('2D SPACE',''
  ) );
#233 = ORIENTED_EDGE('',*,*,#234,.T.);
#234 = EDGE_CURVE('',#207,#235,#237,.T.);
#235 = VERTEX_POINT('',#236);
#236 = CARTESIAN_POINT('',(-18.09282032302,29.737684051698,52.2));
#237 = SURFACE_CURVE('',#238,(#242,#249),.PCURVE_S1.);
#238 = LINE('',#239,#240);
#239 = CARTESIAN_POINT('',(-16.70717967697,30.537684051698,52.2));
#240 = VECTOR('',#241,1.);
#241 = DIRECTION('',(-0.866025403784,-0.5,0.));
#242 = PCURVE('',#32,#243);
#243 = DEFINITIONAL_REPRESENTATION('',(#244),#248);
#244 = LINE('',#245,#246);
#245 = CARTESIAN_POINT('',(16.707179676972,30.537684051698));
#246 = VECTOR('',#247,1.);
#247 = DIRECTION('',(0.866025403784,-0.5));
#248 = ( GEOMETRIC_REPRESENTATION_CONTEXT(2) 
PARAMETRIC_REPRESENTATION_CONTEXT() REPRESENTATION_CONTEXT('2D SPACE',''
  ) );
#249 = PCURVE('',#250,#255);
#250 = PLANE('',#251);
#251 = AXIS2_PLACEMENT_3D('',#252,#253,#254);
#252 = CARTESIAN_POINT('',(-16.70717967697,30.537684051698,52.2));
#253 = DIRECTION('',(-0.5,0.866025403784,0.));
#254 = DIRECTION('',(0.,0.,1.));
#255 = DEFINITIONAL_REPRESENTATION('',(#256),#260);
#256 = LINE('',#257,#258);
#257 = CARTESIAN_POINT('',(0.,-0.));
#258 = VECTOR('',#259,1.);
#259 = DIRECTION('',(-0.,-1.));
#260 = ( GEOMETRIC_REPRESENTATION_CONTEXT(2) 
PARAMETRIC_REPRESENTATION_CONTEXT() REPRESENTATION_CONTEXT('2D SPACE',''
  ) );
#261 = ORIENTED_EDGE('',*,*,#262,.F.);
#262 = EDGE_CURVE('',#263,#235,#265,.T.);
#263 = VERTEX_POINT('',#264);
#264 = CARTESIAN_POINT('',(-17.28800034615,28.343694960809,52.2));
#265 = SURFACE_CURVE('',#266,(#270,#277),.PCURVE_S1.);
#266 = LINE('',#267,#268);
#267 = CARTESIAN_POINT('',(-17.28800034615,28.343694960809,52.2));
#268 = VECTOR('',#269,1.);
#269 = DIRECTION('',(-0.5,0.866025403784,-0.));
#270 = PCURVE('',#32,#271);
#271 = DEFINITIONAL_REPRESENTATION('',(#272),#276);
#272 = LINE('',#273,#274);
#273 = CARTESIAN_POINT('',(17.288000346154,28.343694960809));
#274 = VECTOR('',#275,1.);
#275 = DIRECTION('',(0.5,0.866025403784));
#276 = ( GEOMETRIC_REPRESENTATION_CONTEXT(2) 
PARAMETRIC_REPRESENTATION_CONTEXT() REPRESENTATION_CONTEXT('2D SPACE',''
  ) );
#277 = PCURVE('',#278,#283);
#278 = PLANE('',#279);
#279 = AXIS2_PLACEMENT_3D('',#280,#281,#282);
#280 = CARTESIAN_POINT('',(-17.04282032302,27.919030703751,52.2));
#281 = DIRECTION('',(-0.866025403784,-0.5,-0.));
#282 = DIRECTION('',(0.,0.,1.));
#283 = DEFINITIONAL_REPRESENTATION('',(#284),#288);
#284 = LINE('',#285,#286);
#285 = CARTESIAN_POINT('',(-0.,0.490360046254));
#286 = VECTOR('',#287,1.);
#287 = DIRECTION('',(-0.,1.));
#288 = ( GEOMETRIC_REPRESENTATION_CONTEXT(2) 
PARAMETRIC_REPRESENTATION_CONTEXT() REPRESENTATION_CONTEXT('2D SPACE',''
  ) );
#289 = ORIENTED_EDGE('',*,*,#290,.T.);
#290 = EDGE_CURVE('',#263,#291,#293,.T.);
#291 = VERTEX_POINT('',#292);
#292 = CARTESIAN_POINT('',(-33.19036004625,0.799999999999,52.2));
#293 = SURFACE_CURVE('',#294,(#299,#310),.PCURVE_S1.);
#294 = CIRCLE('',#295,33.2);
#295 = AXIS2_PLACEMENT_3D('',#296,#297,#298);
#296 = CARTESIAN_POINT('',(0.,0.,52.2));
#297 = DIRECTION('',(0.,0.,1.));
#298 = DIRECTION('',(1.,-0.,-0.));
#299 = PCURVE('',#32,#300);
#300 = DEFINITIONAL_REPRESENTATION('',(#301),#309);
#301 = ( BOUNDED_CURVE() B_SPLINE_CURVE(2,(#302,#303,#304,#305,#306,#307
,#308),.UNSPECIFIED.,.T.,.F.) B_SPLINE_CURVE_WITH_KNOTS((1,2,2,2,2,1),(
    -2.094395102393,0.,2.094395102393,4.188790204786,6.28318530718,
8.377580409573),.UNSPECIFIED.) CURVE() GEOMETRIC_REPRESENTATION_ITEM() 
RATIONAL_B_SPLINE_CURVE((1.,0.5,1.,0.5,1.,0.5,1.)) REPRESENTATION_ITEM(
  '') );
#302 = CARTESIAN_POINT('',(-33.2,-1.280753380104E-15));
#303 = CARTESIAN_POINT('',(-33.2,57.504086811287));
#304 = CARTESIAN_POINT('',(16.6,28.752043405643));
#305 = CARTESIAN_POINT('',(66.4,6.850901366234E-15));
#306 = CARTESIAN_POINT('',(16.6,-28.75204340564));
#307 = CARTESIAN_POINT('',(-33.2,-57.50408681128));
#308 = CARTESIAN_POINT('',(-33.2,-1.280753380104E-15));
#309 = ( GEOMETRIC_REPRESENTATION_CONTEXT(2) 
PARAMETRIC_REPRESENTATION_CONTEXT() REPRESENTATION_CONTEXT('2D SPACE',''
  ) );
#310 = PCURVE('',#311,#316);
#311 = CYLINDRICAL_SURFACE('',#312,33.2);
#312 = AXIS2_PLACEMENT_3D('',#313,#314,#315);
#313 = CARTESIAN_POINT('',(0.,0.,52.2));
#314 = DIRECTION('',(-0.,-0.,1.));
#315 = DIRECTION('',(1.,-0.,-0.));
#316 = DEFINITIONAL_REPRESENTATION('',(#317),#321);
#317 = LINE('',#318,#319);
#318 = CARTESIAN_POINT('',(0.,0.));
#319 = VECTOR('',#320,1.);
#320 = DIRECTION('',(1.,0.));
#321 = ( GEOMETRIC_REPRESENTATION_CONTEXT(2) 
PARAMETRIC_REPRESENTATION_CONTEXT() REPRESENTATION_CONTEXT('2D SPACE',''
  ) );
#322 = ORIENTED_EDGE('',*,*,#323,.F.);
#323 = EDGE_CURVE('',#324,#291,#326,.T.);
#324 = VERTEX_POINT('',#325);
#325 = CARTESIAN_POINT('',(-34.8,0.8,52.2));
#326 = SURFACE_CURVE('',#327,(#331,#338),.PCURVE_S1.);
#327 = LINE('',#328,#329);
#328 = CARTESIAN_POINT('',(-34.8,0.8,52.2));
#329 = VECTOR('',#330,1.);
#330 = DIRECTION('',(1.,-3.892857366272E-13,-0.));
#331 = PCURVE('',#32,#332);
#332 = DEFINITIONAL_REPRESENTATION('',(#333),#337);
#333 = LINE('',#334,#335);
#334 = CARTESIAN_POINT('',(34.8,0.8));
#335 = VECTOR('',#336,1.);
#336 = DIRECTION('',(-1.,-3.892857366272E-13));
#337 = ( GEOMETRIC_REPRESENTATION_CONTEXT(2) 
PARAMETRIC_REPRESENTATION_CONTEXT() REPRESENTATION_CONTEXT('2D SPACE',''
  ) );
#338 = PCURVE('',#339,#344);
#339 = PLANE('',#340);
#340 = AXIS2_PLACEMENT_3D('',#341,#342,#343);
#341 = CARTESIAN_POINT('',(-22.7,0.8,47.9));
#342 = DIRECTION('',(1.224646799147E-16,1.,-0.));
#343 = DIRECTION('',(0.,-0.,-1.));
#344 = DEFINITIONAL_REPRESENTATION('',(#345),#349);
#345 = LINE('',#346,#347);
#346 = CARTESIAN_POINT('',(-4.3,12.1));
#347 = VECTOR('',#348,1.);
#348 = DIRECTION('',(-0.,-1.));
#349 = ( GEOMETRIC_REPRESENTATION_CONTEXT(2) 
PARAMETRIC_REPRESENTATION_CONTEXT() REPRESENTATION_CONTEXT('2D SPACE',''
  ) );
#350 = ORIENTED_EDGE('',*,*,#351,.T.);
#351 = EDGE_CURVE('',#324,#352,#354,.T.);
#352 = VERTEX_POINT('',#353);
#353 = CARTESIAN_POINT('',(-34.8,-0.8,52.2));
#354 = SURFACE_CURVE('',#355,(#359,#366),.PCURVE_S1.);
#355 = LINE('',#356,#357);
#356 = CARTESIAN_POINT('',(-34.8,0.8,52.2));
#357 = VECTOR('',#358,1.);
#358 = DIRECTION('',(-1.224646799147E-16,-1.,0.));
#359 = PCURVE('',#32,#360);
#360 = DEFINITIONAL_REPRESENTATION('',(#361),#365);
#361 = LINE('',#362,#363);
#362 = CARTESIAN_POINT('',(34.8,0.8));
#363 = VECTOR('',#364,1.);
#364 = DIRECTION('',(1.224646799147E-16,-1.));
#365 = ( GEOMETRIC_REPRESENTATION_CONTEXT(2) 
PARAMETRIC_REPRESENTATION_CONTEXT() REPRESENTATION_CONTEXT('2D SPACE',''
  ) );
#366 = PCURVE('',#367,#372);
#367 = PLANE('',#368);
#368 = AXIS2_PLACEMENT_3D('',#369,#370,#371);
#369 = CARTESIAN_POINT('',(-34.8,0.8,52.2));
#370 = DIRECTION('',(-1.,1.224646799147E-16,0.));
#371 = DIRECTION('',(0.,0.,1.));
#372 = DEFINITIONAL_REPRESENTATION('',(#373),#377);
#373 = LINE('',#374,#375);
#374 = CARTESIAN_POINT('',(0.,-0.));
#375 = VECTOR('',#376,1.);
#376 = DIRECTION('',(-0.,-1.));
#377 = ( GEOMETRIC_REPRESENTATION_CONTEXT(2) 
PARAMETRIC_REPRESENTATION_CONTEXT() REPRESENTATION_CONTEXT('2D SPACE',''
  ) );
#378 = ORIENTED_EDGE('',*,*,#379,.F.);
#379 = EDGE_CURVE('',#380,#352,#382,.T.);
#380 = VERTEX_POINT('',#381);
#381 = CARTESIAN_POINT('',(-33.19036004625,-0.799999999999,52.2));
#382 = SURFACE_CURVE('',#383,(#387,#394),.PCURVE_S1.);
#383 = LINE('',#384,#385);
#384 = CARTESIAN_POINT('',(-33.19036004625,-0.799999999999,52.2));
#385 = VECTOR('',#386,1.);
#386 = DIRECTION('',(-1.,-3.890098431215E-13,-0.));
#387 = PCURVE('',#32,#388);
#388 = DEFINITIONAL_REPRESENTATION('',(#389),#393);
#389 = LINE('',#390,#391);
#390 = CARTESIAN_POINT('',(33.190360046254,-0.799999999999));
#391 = VECTOR('',#392,1.);
#392 = DIRECTION('',(1.,-3.890098431215E-13));
#393 = ( GEOMETRIC_REPRESENTATION_CONTEXT(2) 
PARAMETRIC_REPRESENTATION_CONTEXT() REPRESENTATION_CONTEXT('2D SPACE',''
  ) );
#394 = PCURVE('',#395,#400);
#395 = PLANE('',#396);
#396 = AXIS2_PLACEMENT_3D('',#397,#398,#399);
#397 = CARTESIAN_POINT('',(-32.7,-0.8,52.2));
#398 = DIRECTION('',(-1.224646799147E-16,-1.,-0.));
#399 = DIRECTION('',(0.,0.,1.));
#400 = DEFINITIONAL_REPRESENTATION('',(#401),#405);
#401 = LINE('',#402,#403);
#402 = CARTESIAN_POINT('',(-0.,0.490360046254));
#403 = VECTOR('',#404,1.);
#404 = DIRECTION('',(-0.,1.));
#405 = ( GEOMETRIC_REPRESENTATION_CONTEXT(2) 
PARAMETRIC_REPRESENTATION_CONTEXT() REPRESENTATION_CONTEXT('2D SPACE',''
  ) );
#406 = ORIENTED_EDGE('',*,*,#407,.T.);
#407 = EDGE_CURVE('',#380,#408,#410,.T.);
#408 = VERTEX_POINT('',#409);
#409 = CARTESIAN_POINT('',(-17.28800034615,-28.3436949608,52.2));
#410 = SURFACE_CURVE('',#411,(#416,#427),.PCURVE_S1.);
#411 = CIRCLE('',#412,33.2);
#412 = AXIS2_PLACEMENT_3D('',#413,#414,#415);
#413 = CARTESIAN_POINT('',(0.,0.,52.2));
#414 = DIRECTION('',(0.,0.,1.));
#415 = DIRECTION('',(1.,-0.,-0.));
#416 = PCURVE('',#32,#417);
#417 = DEFINITIONAL_REPRESENTATION('',(#418),#426);
#418 = ( BOUNDED_CURVE() B_SPLINE_CURVE(2,(#419,#420,#421,#422,#423,#424
,#425),.UNSPECIFIED.,.T.,.F.) B_SPLINE_CURVE_WITH_KNOTS((1,2,2,2,2,1),(
    -2.094395102393,0.,2.094395102393,4.188790204786,6.28318530718,
8.377580409573),.UNSPECIFIED.) CURVE() GEOMETRIC_REPRESENTATION_ITEM() 
RATIONAL_B_SPLINE_CURVE((1.,0.5,1.,0.5,1.,0.5,1.)) REPRESENTATION_ITEM(
  '') );
#419 = CARTESIAN_POINT('',(-33.2,-1.280753380104E-15));
#420 = CARTESIAN_POINT('',(-33.2,57.504086811287));
#421 = CARTESIAN_POINT('',(16.6,28.752043405643));
#422 = CARTESIAN_POINT('',(66.4,6.850901366234E-15));
#423 = CARTESIAN_POINT('',(16.6,-28.75204340564));
#424 = CARTESIAN_POINT('',(-33.2,-57.50408681128));
#425 = CARTESIAN_POINT('',(-33.2,-1.280753380104E-15));
#426 = ( GEOMETRIC_REPRESENTATION_CONTEXT(2) 
PARAMETRIC_REPRESENTATION_CONTEXT() REPRESENTATION_CONTEXT('2D SPACE',''
  ) );
#427 = PCURVE('',#428,#433);
#428 = CYLINDRICAL_SURFACE('',#429,33.2);
#429 = AXIS2_PLACEMENT_3D('',#430,#431,#432);
#430 = CARTESIAN_POINT('',(0.,0.,52.2));
#431 = DIRECTION('',(-0.,-0.,1.));
#432 = DIRECTION('',(1.,-0.,-0.));
#433 = DEFINITIONAL_REPRESENTATION('',(#434),#438);
#434 = LINE('',#435,#436);
#435 = CARTESIAN_POINT('',(0.,0.));
#436 = VECTOR('',#437,1.);
#437 = DIRECTION('',(1.,0.));
#438 = ( GEOMETRIC_REPRESENTATION_CONTEXT(2) 
PARAMETRIC_REPRESENTATION_CONTEXT() REPRESENTATION_CONTEXT('2D SPACE',''
  ) );
#439 = ORIENTED_EDGE('',*,*,#440,.F.);
#440 = EDGE_CURVE('',#441,#408,#443,.T.);
#441 = VERTEX_POINT('',#442);
#442 = CARTESIAN_POINT('',(-18.09282032302,-29.73768405169,52.2));
#443 = SURFACE_CURVE('',#444,(#448,#455),.PCURVE_S1.);
#444 = LINE('',#445,#446);
#445 = CARTESIAN_POINT('',(-18.09282032302,-29.73768405169,52.2));
#446 = VECTOR('',#447,1.);
#447 = DIRECTION('',(0.5,0.866025403784,-0.));
#448 = PCURVE('',#32,#449);
#449 = DEFINITIONAL_REPRESENTATION('',(#450),#454);
#450 = LINE('',#451,#452);
#451 = CARTESIAN_POINT('',(18.092820323028,-29.73768405169));
#452 = VECTOR('',#453,1.);
#453 = DIRECTION('',(-0.5,0.866025403784));
#454 = ( GEOMETRIC_REPRESENTATION_CONTEXT(2) 
PARAMETRIC_REPRESENTATION_CONTEXT() REPRESENTATION_CONTEXT('2D SPACE',''
  ) );
#455 = PCURVE('',#456,#461);
#456 = PLANE('',#457);
#457 = AXIS2_PLACEMENT_3D('',#458,#459,#460);
#458 = CARTESIAN_POINT('',(-12.04282032302,-19.2587766659,47.9));
#459 = DIRECTION('',(-0.866025403784,0.5,-0.));
#460 = DIRECTION('',(-0.,0.,-1.));
#461 = DEFINITIONAL_REPRESENTATION('',(#462),#466);
#462 = LINE('',#463,#464);
#463 = CARTESIAN_POINT('',(-4.3,12.1));
#464 = VECTOR('',#465,1.);
#465 = DIRECTION('',(-0.,-1.));
#466 = ( GEOMETRIC_REPRESENTATION_CONTEXT(2) 
PARAMETRIC_REPRESENTATION_CONTEXT() REPRESENTATION_CONTEXT('2D SPACE',''
  ) );
#467 = ORIENTED_EDGE('',*,*,#468,.T.);
#468 = EDGE_CURVE('',#441,#469,#471,.T.);
#469 = VERTEX_POINT('',#470);
#470 = CARTESIAN_POINT('',(-16.70717967697,-30.53768405169,52.2));
#471 = SURFACE_CURVE('',#472,(#476,#483),.PCURVE_S1.);
#472 = LINE('',#473,#474);
#473 = CARTESIAN_POINT('',(-18.09282032302,-29.73768405169,52.2));
#474 = VECTOR('',#475,1.);
#475 = DIRECTION('',(0.866025403784,-0.5,-0.));
#476 = PCURVE('',#32,#477);
#477 = DEFINITIONAL_REPRESENTATION('',(#478),#482);
#478 = LINE('',#479,#480);
#479 = CARTESIAN_POINT('',(18.092820323028,-29.73768405169));
#480 = VECTOR('',#481,1.);
#481 = DIRECTION('',(-0.866025403784,-0.5));
#482 = ( GEOMETRIC_REPRESENTATION_CONTEXT(2) 
PARAMETRIC_REPRESENTATION_CONTEXT() REPRESENTATION_CONTEXT('2D SPACE',''
  ) );
#483 = PCURVE('',#484,#489);
#484 = PLANE('',#485);
#485 = AXIS2_PLACEMENT_3D('',#486,#487,#488);
#486 = CARTESIAN_POINT('',(-18.09282032302,-29.73768405169,52.2));
#487 = DIRECTION('',(-0.5,-0.866025403784,0.));
#488 = DIRECTION('',(0.,0.,1.));
#489 = DEFINITIONAL_REPRESENTATION('',(#490),#494);
#490 = LINE('',#491,#492);
#491 = CARTESIAN_POINT('',(0.,-0.));
#492 = VECTOR('',#493,1.);
#493 = DIRECTION('',(-0.,-1.));
#494 = ( GEOMETRIC_REPRESENTATION_CONTEXT(2) 
PARAMETRIC_REPRESENTATION_CONTEXT() REPRESENTATION_CONTEXT('2D SPACE',''
  ) );
#495 = ORIENTED_EDGE('',*,*,#496,.F.);
#496 = EDGE_CURVE('',#497,#469,#499,.T.);
#497 = VERTEX_POINT('',#498);
#498 = CARTESIAN_POINT('',(-15.9023597001,-29.1436949608,52.2));
#499 = SURFACE_CURVE('',#500,(#504,#511),.PCURVE_S1.);
#500 = LINE('',#501,#502);
#501 = CARTESIAN_POINT('',(-15.9023597001,-29.1436949608,52.2));
#502 = VECTOR('',#503,1.);
#503 = DIRECTION('',(-0.5,-0.866025403785,-0.));
#504 = PCURVE('',#32,#505);
#505 = DEFINITIONAL_REPRESENTATION('',(#506),#510);
#506 = LINE('',#507,#508);
#507 = CARTESIAN_POINT('',(15.9023597001,-29.1436949608));
#508 = VECTOR('',#509,1.);
#509 = DIRECTION('',(0.5,-0.866025403785));
#510 = ( GEOMETRIC_REPRESENTATION_CONTEXT(2) 
PARAMETRIC_REPRESENTATION_CONTEXT() REPRESENTATION_CONTEXT('2D SPACE',''
  ) );
#511 = PCURVE('',#512,#517);
#512 = PLANE('',#513);
#513 = AXIS2_PLACEMENT_3D('',#514,#515,#516);
#514 = CARTESIAN_POINT('',(-15.65717967697,-28.71903070375,52.2));
#515 = DIRECTION('',(0.866025403784,-0.5,-0.));
#516 = DIRECTION('',(0.,0.,1.));
#517 = DEFINITIONAL_REPRESENTATION('',(#518),#522);
#518 = LINE('',#519,#520);
#519 = CARTESIAN_POINT('',(-0.,0.490360046254));
#520 = VECTOR('',#521,1.);
#521 = DIRECTION('',(-0.,1.));
#522 = ( GEOMETRIC_REPRESENTATION_CONTEXT(2) 
PARAMETRIC_REPRESENTATION_CONTEXT() REPRESENTATION_CONTEXT('2D SPACE',''
  ) );
#523 = ORIENTED_EDGE('',*,*,#524,.T.);
#524 = EDGE_CURVE('',#497,#525,#527,.T.);
#525 = VERTEX_POINT('',#526);
#526 = CARTESIAN_POINT('',(15.9023597001,-29.1436949608,52.2));
#527 = SURFACE_CURVE('',#528,(#533,#544),.PCURVE_S1.);
#528 = CIRCLE('',#529,33.2);
#529 = AXIS2_PLACEMENT_3D('',#530,#531,#532);
#530 = CARTESIAN_POINT('',(0.,0.,52.2));
#531 = DIRECTION('',(0.,0.,1.));
#532 = DIRECTION('',(1.,-0.,-0.));
#533 = PCURVE('',#32,#534);
#534 = DEFINITIONAL_REPRESENTATION('',(#535),#543);
#535 = ( BOUNDED_CURVE() B_SPLINE_CURVE(2,(#536,#537,#538,#539,#540,#541
,#542),.UNSPECIFIED.,.T.,.F.) B_SPLINE_CURVE_WITH_KNOTS((1,2,2,2,2,1),(
    -2.094395102393,0.,2.094395102393,4.188790204786,6.28318530718,
8.377580409573),.UNSPECIFIED.) CURVE() GEOMETRIC_REPRESENTATION_ITEM() 
RATIONAL_B_SPLINE_CURVE((1.,0.5,1.,0.5,1.,0.5,1.)) REPRESENTATION_ITEM(
  '') );
#536 = CARTESIAN_POINT('',(-33.2,-1.280753380104E-15));
#537 = CARTESIAN_POINT('',(-33.2,57.504086811287));
#538 = CARTESIAN_POINT('',(16.6,28.752043405643));
#539 = CARTESIAN_POINT('',(66.4,6.850901366234E-15));
#540 = CARTESIAN_POINT('',(16.6,-28.75204340564));
#541 = CARTESIAN_POINT('',(-33.2,-57.50408681128));
#542 = CARTESIAN_POINT('',(-33.2,-1.280753380104E-15));
#543 = ( GEOMETRIC_REPRESENTATION_CONTEXT(2) 
PARAMETRIC_REPRESENTATION_CONTEXT() REPRESENTATION_CONTEXT('2D SPACE',''
  ) );
#544 = PCURVE('',#545,#550);
#545 = CYLINDRICAL_SURFACE('',#546,33.2);
#546 = AXIS2_PLACEMENT_3D('',#547,#548,#549);
#547 = CARTESIAN_POINT('',(0.,0.,52.2));
#548 = DIRECTION('',(-0.,-0.,1.));
#549 = DIRECTION('',(1.,-0.,-0.));
#550 = DEFINITIONAL_REPRESENTATION('',(#551),#555);
#551 = LINE('',#552,#553);
#552 = CARTESIAN_POINT('',(0.,0.));
#553 = VECTOR('',#554,1.);
#554 = DIRECTION('',(1.,0.));
#555 = ( GEOMETRIC_REPRESENTATION_CONTEXT(2) 
PARAMETRIC_REPRESENTATION_CONTEXT() REPRESENTATION_CONTEXT('2D SPACE',''
  ) );
#556 = ORIENTED_EDGE('',*,*,#557,.F.);
#557 = EDGE_CURVE('',#558,#525,#560,.T.);
#558 = VERTEX_POINT('',#559);
#559 = CARTESIAN_POINT('',(16.707179676972,-30.53768405169,52.2));
#560 = SURFACE_CURVE('',#561,(#565,#572),.PCURVE_S1.);
#561 = LINE('',#562,#563);
#562 = CARTESIAN_POINT('',(16.707179676972,-30.53768405169,52.2));
#563 = VECTOR('',#564,1.);
#564 = DIRECTION('',(-0.5,0.866025403785,-0.));
#565 = PCURVE('',#32,#566);
#566 = DEFINITIONAL_REPRESENTATION('',(#567),#571);
#567 = LINE('',#568,#569);
#568 = CARTESIAN_POINT('',(-16.70717967697,-30.53768405169));
#569 = VECTOR('',#570,1.);
#570 = DIRECTION('',(0.5,0.866025403785));
#571 = ( GEOMETRIC_REPRESENTATION_CONTEXT(2) 
PARAMETRIC_REPRESENTATION_CONTEXT() REPRESENTATION_CONTEXT('2D SPACE',''
  ) );
#572 = PCURVE('',#573,#578);
#573 = PLANE('',#574);
#574 = AXIS2_PLACEMENT_3D('',#575,#576,#577);
#575 = CARTESIAN_POINT('',(10.657179676972,-20.0587766659,47.9));
#576 = DIRECTION('',(-0.866025403784,-0.5,0.));
#577 = DIRECTION('',(0.,0.,-1.));
#578 = DEFINITIONAL_REPRESENTATION('',(#579),#583);
#579 = LINE('',#580,#581);
#580 = CARTESIAN_POINT('',(-4.3,12.1));
#581 = VECTOR('',#582,1.);
#582 = DIRECTION('',(-0.,-1.));
#583 = ( GEOMETRIC_REPRESENTATION_CONTEXT(2) 
PARAMETRIC_REPRESENTATION_CONTEXT() REPRESENTATION_CONTEXT('2D SPACE',''
  ) );
#584 = ORIENTED_EDGE('',*,*,#585,.T.);
#585 = EDGE_CURVE('',#558,#586,#588,.T.);
#586 = VERTEX_POINT('',#587);
#587 = CARTESIAN_POINT('',(18.092820323028,-29.73768405169,52.2));
#588 = SURFACE_CURVE('',#589,(#593,#600),.PCURVE_S1.);
#589 = LINE('',#590,#591);
#590 = CARTESIAN_POINT('',(16.707179676972,-30.53768405169,52.2));
#591 = VECTOR('',#592,1.);
#592 = DIRECTION('',(0.866025403784,0.5,0.));
#593 = PCURVE('',#32,#594);
#594 = DEFINITIONAL_REPRESENTATION('',(#595),#599);
#595 = LINE('',#596,#597);
#596 = CARTESIAN_POINT('',(-16.70717967697,-30.53768405169));
#597 = VECTOR('',#598,1.);
#598 = DIRECTION('',(-0.866025403784,0.5));
#599 = ( GEOMETRIC_REPRESENTATION_CONTEXT(2) 
PARAMETRIC_REPRESENTATION_CONTEXT() REPRESENTATION_CONTEXT('2D SPACE',''
  ) );
#600 = PCURVE('',#601,#606);
#601 = PLANE('',#602);
#602 = AXIS2_PLACEMENT_3D('',#603,#604,#605);
#603 = CARTESIAN_POINT('',(16.707179676972,-30.53768405169,52.2));
#604 = DIRECTION('',(0.5,-0.866025403784,-0.));
#605 = DIRECTION('',(0.,0.,1.));
#606 = DEFINITIONAL_REPRESENTATION('',(#607),#611);
#607 = LINE('',#608,#609);
#608 = CARTESIAN_POINT('',(-0.,-0.));
#609 = VECTOR('',#610,1.);
#610 = DIRECTION('',(-0.,-1.));
#611 = ( GEOMETRIC_REPRESENTATION_CONTEXT(2) 
PARAMETRIC_REPRESENTATION_CONTEXT() REPRESENTATION_CONTEXT('2D SPACE',''
  ) );
#612 = ORIENTED_EDGE('',*,*,#613,.F.);
#613 = EDGE_CURVE('',#614,#586,#616,.T.);
#614 = VERTEX_POINT('',#615);
#615 = CARTESIAN_POINT('',(17.288000346154,-28.3436949608,52.2));
#616 = SURFACE_CURVE('',#617,(#621,#628),.PCURVE_S1.);
#617 = LINE('',#618,#619);
#618 = CARTESIAN_POINT('',(17.288000346154,-28.3436949608,52.2));
#619 = VECTOR('',#620,1.);
#620 = DIRECTION('',(0.5,-0.866025403784,-0.));
#621 = PCURVE('',#32,#622);
#622 = DEFINITIONAL_REPRESENTATION('',(#623),#627);
#623 = LINE('',#624,#625);
#624 = CARTESIAN_POINT('',(-17.28800034615,-28.3436949608));
#625 = VECTOR('',#626,1.);
#626 = DIRECTION('',(-0.5,-0.866025403784));
#627 = ( GEOMETRIC_REPRESENTATION_CONTEXT(2) 
PARAMETRIC_REPRESENTATION_CONTEXT() REPRESENTATION_CONTEXT('2D SPACE',''
  ) );
#628 = PCURVE('',#629,#634);
#629 = PLANE('',#630);
#630 = AXIS2_PLACEMENT_3D('',#631,#632,#633);
#631 = CARTESIAN_POINT('',(17.042820323028,-27.91903070375,52.2));
#632 = DIRECTION('',(0.866025403784,0.5,-0.));
#633 = DIRECTION('',(0.,0.,1.));
#634 = DEFINITIONAL_REPRESENTATION('',(#635),#639);
#635 = LINE('',#636,#637);
#636 = CARTESIAN_POINT('',(-0.,0.490360046254));
#637 = VECTOR('',#638,1.);
#638 = DIRECTION('',(-0.,1.));
#639 = ( GEOMETRIC_REPRESENTATION_CONTEXT(2) 
PARAMETRIC_REPRESENTATION_CONTEXT() REPRESENTATION_CONTEXT('2D SPACE',''
  ) );
#640 = ORIENTED_EDGE('',*,*,#641,.T.);
#641 = EDGE_CURVE('',#614,#642,#644,.T.);
#642 = VERTEX_POINT('',#643);
#643 = CARTESIAN_POINT('',(33.190360046254,-0.800000000001,52.2));
#644 = SURFACE_CURVE('',#645,(#650,#661),.PCURVE_S1.);
#645 = CIRCLE('',#646,33.2);
#646 = AXIS2_PLACEMENT_3D('',#647,#648,#649);
#647 = CARTESIAN_POINT('',(0.,0.,52.2));
#648 = DIRECTION('',(0.,0.,1.));
#649 = DIRECTION('',(1.,-0.,-0.));
#650 = PCURVE('',#32,#651);
#651 = DEFINITIONAL_REPRESENTATION('',(#652),#660);
#652 = ( BOUNDED_CURVE() B_SPLINE_CURVE(2,(#653,#654,#655,#656,#657,#658
,#659),.UNSPECIFIED.,.T.,.F.) B_SPLINE_CURVE_WITH_KNOTS((1,2,2,2,2,1),(
    -2.094395102393,0.,2.094395102393,4.188790204786,6.28318530718,
8.377580409573),.UNSPECIFIED.) CURVE() GEOMETRIC_REPRESENTATION_ITEM() 
RATIONAL_B_SPLINE_CURVE((1.,0.5,1.,0.5,1.,0.5,1.)) REPRESENTATION_ITEM(
  '') );
#653 = CARTESIAN_POINT('',(-33.2,-1.280753380104E-15));
#654 = CARTESIAN_POINT('',(-33.2,57.504086811287));
#655 = CARTESIAN_POINT('',(16.6,28.752043405643));
#656 = CARTESIAN_POINT('',(66.4,6.850901366234E-15));
#657 = CARTESIAN_POINT('',(16.6,-28.75204340564));
#658 = CARTESIAN_POINT('',(-33.2,-57.50408681128));
#659 = CARTESIAN_POINT('',(-33.2,-1.280753380104E-15));
#660 = ( GEOMETRIC_REPRESENTATION_CONTEXT(2) 
PARAMETRIC_REPRESENTATION_CONTEXT() REPRESENTATION_CONTEXT('2D SPACE',''
  ) );
#661 = PCURVE('',#662,#667);
#662 = CYLINDRICAL_SURFACE('',#663,33.2);
#663 = AXIS2_PLACEMENT_3D('',#664,#665,#666);
#664 = CARTESIAN_POINT('',(0.,0.,52.2));
#665 = DIRECTION('',(-0.,-0.,1.));
#666 = DIRECTION('',(1.,-0.,-0.));
#667 = DEFINITIONAL_REPRESENTATION('',(#668),#672);
#668 = LINE('',#669,#670);
#669 = CARTESIAN_POINT('',(0.,0.));
#670 = VECTOR('',#671,1.);
#671 = DIRECTION('',(1.,0.));
#672 = ( GEOMETRIC_REPRESENTATION_CONTEXT(2) 
PARAMETRIC_REPRESENTATION_CONTEXT() REPRESENTATION_CONTEXT('2D SPACE',''
  ) );
#673 = ORIENTED_EDGE('',*,*,#674,.F.);
#674 = EDGE_CURVE('',#675,#642,#677,.T.);
#675 = VERTEX_POINT('',#676);
#676 = CARTESIAN_POINT('',(34.8,-0.8,52.2));
#677 = SURFACE_CURVE('',#678,(#682,#689),.PCURVE_S1.);
#678 = LINE('',#679,#680);
#679 = CARTESIAN_POINT('',(34.8,-0.8,52.2));
#680 = VECTOR('',#681,1.);
#681 = DIRECTION('',(-1.,-7.397394623187E-13,-0.));
#682 = PCURVE('',#32,#683);
#683 = DEFINITIONAL_REPRESENTATION('',(#684),#688);
#684 = LINE('',#685,#686);
#685 = CARTESIAN_POINT('',(-34.8,-0.8));
#686 = VECTOR('',#687,1.);
#687 = DIRECTION('',(1.,-7.397394623187E-13));
#688 = ( GEOMETRIC_REPRESENTATION_CONTEXT(2) 
PARAMETRIC_REPRESENTATION_CONTEXT() REPRESENTATION_CONTEXT('2D SPACE',''
  ) );
#689 = PCURVE('',#690,#695);
#690 = PLANE('',#691);
#691 = AXIS2_PLACEMENT_3D('',#692,#693,#694);
#692 = CARTESIAN_POINT('',(22.7,-0.8,47.9));
#693 = DIRECTION('',(-0.,-1.,0.));
#694 = DIRECTION('',(0.,0.,-1.));
#695 = DEFINITIONAL_REPRESENTATION('',(#696),#700);
#696 = LINE('',#697,#698);
#697 = CARTESIAN_POINT('',(-4.3,12.1));
#698 = VECTOR('',#699,1.);
#699 = DIRECTION('',(-0.,-1.));
#700 = ( GEOMETRIC_REPRESENTATION_CONTEXT(2) 
PARAMETRIC_REPRESENTATION_CONTEXT() REPRESENTATION_CONTEXT('2D SPACE',''
  ) );
#701 = ORIENTED_EDGE('',*,*,#702,.T.);
#702 = EDGE_CURVE('',#675,#24,#703,.T.);
#703 = SURFACE_CURVE('',#704,(#708,#715),.PCURVE_S1.);
#704 = LINE('',#705,#706);
#705 = CARTESIAN_POINT('',(34.8,-0.8,52.2));
#706 = VECTOR('',#707,1.);
#707 = DIRECTION('',(-0.,1.,0.));
#708 = PCURVE('',#32,#709);
#709 = DEFINITIONAL_REPRESENTATION('',(#710),#714);
#710 = LINE('',#711,#712);
#711 = CARTESIAN_POINT('',(-34.8,-0.8));
#712 = VECTOR('',#713,1.);
#713 = DIRECTION('',(-0.,1.));
#714 = ( GEOMETRIC_REPRESENTATION_CONTEXT(2) 
PARAMETRIC_REPRESENTATION_CONTEXT() REPRESENTATION_CONTEXT('2D SPACE',''
  ) );
#715 = PCURVE('',#716,#721);
#716 = PLANE('',#717);
#717 = AXIS2_PLACEMENT_3D('',#718,#719,#720);
#718 = CARTESIAN_POINT('',(34.8,-0.8,52.2));
#719 = DIRECTION('',(1.,0.,-0.));
#720 = DIRECTION('',(0.,0.,1.));
#721 = DEFINITIONAL_REPRESENTATION('',(#722),#726);
#722 = LINE('',#723,#724);
#723 = CARTESIAN_POINT('',(-0.,-0.));
#724 = VECTOR('',#725,1.);
#725 = DIRECTION('',(-0.,-1.));
#726 = ( GEOMETRIC_REPRESENTATION_CONTEXT(2) 
PARAMETRIC_REPRESENTATION_CONTEXT() REPRESENTATION_CONTEXT('2D SPACE',''
  ) );
#727 = FACE_BOUND('',#728,.T.);
#728 = EDGE_LOOP('',(#729,#760,#788,#817));
#729 = ORIENTED_EDGE('',*,*,#730,.F.);
#730 = EDGE_CURVE('',#731,#733,#735,.T.);
#731 = VERTEX_POINT('',#732);
#732 = CARTESIAN_POINT('',(7.030209375311,10.576679825885,52.2));
#733 = VERTEX_POINT('',#734);
#734 = CARTESIAN_POINT('',(12.674778104566,0.800000000001,52.2));
#735 = SURFACE_CURVE('',#736,(#741,#748),.PCURVE_S1.);
#736 = CIRCLE('',#737,12.7);
#737 = AXIS2_PLACEMENT_3D('',#738,#739,#740);
#738 = CARTESIAN_POINT('',(0.,0.,52.2));
#739 = DIRECTION('',(0.,0.,-1.));
#740 = DIRECTION('',(1.,-0.,-0.));
#741 = PCURVE('',#32,#742);
#742 = DEFINITIONAL_REPRESENTATION('',(#743),#747);
#743 = CIRCLE('',#744,12.7);
#744 = AXIS2_PLACEMENT_2D('',#745,#746);
#745 = CARTESIAN_POINT('',(-1.31801458558E-15,-1.280753380104E-15));
#746 = DIRECTION('',(-1.,0.));
#747 = ( GEOMETRIC_REPRESENTATION_CONTEXT(2) 
PARAMETRIC_REPRESENTATION_CONTEXT() REPRESENTATION_CONTEXT('2D SPACE',''
  ) );
#748 = PCURVE('',#749,#754);
#749 = CYLINDRICAL_SURFACE('',#750,12.7);
#750 = AXIS2_PLACEMENT_3D('',#751,#752,#753);
#751 = CARTESIAN_POINT('',(0.,0.,52.7));
#752 = DIRECTION('',(-0.,-0.,1.));
#753 = DIRECTION('',(1.,-0.,-0.));
#754 = DEFINITIONAL_REPRESENTATION('',(#755),#759);
#755 = LINE('',#756,#757);
#756 = CARTESIAN_POINT('',(6.28318530718,-0.5));
#757 = VECTOR('',#758,1.);
#758 = DIRECTION('',(-1.,0.));
#759 = ( GEOMETRIC_REPRESENTATION_CONTEXT(2) 
PARAMETRIC_REPRESENTATION_CONTEXT() REPRESENTATION_CONTEXT('2D SPACE',''
  ) );
#760 = ORIENTED_EDGE('',*,*,#761,.T.);
#761 = EDGE_CURVE('',#731,#762,#764,.T.);
#762 = VERTEX_POINT('',#763);
#763 = CARTESIAN_POINT('',(16.487756220334,26.957631476427,52.2));
#764 = SURFACE_CURVE('',#765,(#769,#776),.PCURVE_S1.);
#765 = LINE('',#766,#767);
#766 = CARTESIAN_POINT('',(6.792820323028,10.16550992617,52.2));
#767 = VECTOR('',#768,1.);
#768 = DIRECTION('',(0.5,0.866025403784,-0.));
#769 = PCURVE('',#32,#770);
#770 = DEFINITIONAL_REPRESENTATION('',(#771),#775);
#771 = LINE('',#772,#773);
#772 = CARTESIAN_POINT('',(-6.792820323028,10.16550992617));
#773 = VECTOR('',#774,1.);
#774 = DIRECTION('',(-0.5,0.866025403784));
#775 = ( GEOMETRIC_REPRESENTATION_CONTEXT(2) 
PARAMETRIC_REPRESENTATION_CONTEXT() REPRESENTATION_CONTEXT('2D SPACE',''
  ) );
#776 = PCURVE('',#777,#782);
#777 = PLANE('',#778);
#778 = AXIS2_PLACEMENT_3D('',#779,#780,#781);
#779 = CARTESIAN_POINT('',(12.042820323028,19.258776665907,47.9));
#780 = DIRECTION('',(0.866025403784,-0.5,-0.));
#781 = DIRECTION('',(0.,0.,-1.));
#782 = DEFINITIONAL_REPRESENTATION('',(#783),#787);
#783 = LINE('',#784,#785);
#784 = CARTESIAN_POINT('',(-4.3,-10.5));
#785 = VECTOR('',#786,1.);
#786 = DIRECTION('',(-0.,1.));
#787 = ( GEOMETRIC_REPRESENTATION_CONTEXT(2) 
PARAMETRIC_REPRESENTATION_CONTEXT() REPRESENTATION_CONTEXT('2D SPACE',''
  ) );
#788 = ORIENTED_EDGE('',*,*,#789,.T.);
#789 = EDGE_CURVE('',#762,#790,#792,.T.);
#790 = VERTEX_POINT('',#791);
#791 = CARTESIAN_POINT('',(31.589871794612,0.799999999999,52.2));
#792 = SURFACE_CURVE('',#793,(#798,#805),.PCURVE_S1.);
#793 = CIRCLE('',#794,31.6);
#794 = AXIS2_PLACEMENT_3D('',#795,#796,#797);
#795 = CARTESIAN_POINT('',(0.,0.,52.2));
#796 = DIRECTION('',(0.,0.,-1.));
#797 = DIRECTION('',(1.,-0.,-0.));
#798 = PCURVE('',#32,#799);
#799 = DEFINITIONAL_REPRESENTATION('',(#800),#804);
#800 = CIRCLE('',#801,31.6);
#801 = AXIS2_PLACEMENT_2D('',#802,#803);
#802 = CARTESIAN_POINT('',(-1.31801458558E-15,-1.280753380104E-15));
#803 = DIRECTION('',(-1.,0.));
#804 = ( GEOMETRIC_REPRESENTATION_CONTEXT(2) 
PARAMETRIC_REPRESENTATION_CONTEXT() REPRESENTATION_CONTEXT('2D SPACE',''
  ) );
#805 = PCURVE('',#806,#811);
#806 = CYLINDRICAL_SURFACE('',#807,31.6);
#807 = AXIS2_PLACEMENT_3D('',#808,#809,#810);
#808 = CARTESIAN_POINT('',(0.,0.,52.7));
#809 = DIRECTION('',(-0.,-0.,1.));
#810 = DIRECTION('',(1.,-0.,-0.));
#811 = DEFINITIONAL_REPRESENTATION('',(#812),#816);
#812 = LINE('',#813,#814);
#813 = CARTESIAN_POINT('',(6.28318530718,-0.5));
#814 = VECTOR('',#815,1.);
#815 = DIRECTION('',(-1.,0.));
#816 = ( GEOMETRIC_REPRESENTATION_CONTEXT(2) 
PARAMETRIC_REPRESENTATION_CONTEXT() REPRESENTATION_CONTEXT('2D SPACE',''
  ) );
#817 = ORIENTED_EDGE('',*,*,#818,.F.);
#818 = EDGE_CURVE('',#733,#790,#819,.T.);
#819 = SURFACE_CURVE('',#820,(#824,#831),.PCURVE_S1.);
#820 = LINE('',#821,#822);
#821 = CARTESIAN_POINT('',(12.2,0.8,52.2));
#822 = VECTOR('',#823,1.);
#823 = DIRECTION('',(1.,-0.,-0.));
#824 = PCURVE('',#32,#825);
#825 = DEFINITIONAL_REPRESENTATION('',(#826),#830);
#826 = LINE('',#827,#828);
#827 = CARTESIAN_POINT('',(-12.2,0.8));
#828 = VECTOR('',#829,1.);
#829 = DIRECTION('',(-1.,0.));
#830 = ( GEOMETRIC_REPRESENTATION_CONTEXT(2) 
PARAMETRIC_REPRESENTATION_CONTEXT() REPRESENTATION_CONTEXT('2D SPACE',''
  ) );
#831 = PCURVE('',#832,#837);
#832 = PLANE('',#833);
#833 = AXIS2_PLACEMENT_3D('',#834,#835,#836);
#834 = CARTESIAN_POINT('',(22.7,0.8,47.9));
#835 = DIRECTION('',(-0.,-1.,0.));
#836 = DIRECTION('',(0.,0.,-1.));
#837 = DEFINITIONAL_REPRESENTATION('',(#838),#842);
#838 = LINE('',#839,#840);
#839 = CARTESIAN_POINT('',(-4.3,-10.5));
#840 = VECTOR('',#841,1.);
#841 = DIRECTION('',(0.,1.));
#842 = ( GEOMETRIC_REPRESENTATION_CONTEXT(2) 
PARAMETRIC_REPRESENTATION_CONTEXT() REPRESENTATION_CONTEXT('2D SPACE',''
  ) );
#843 = FACE_BOUND('',#844,.T.);
#844 = EDGE_LOOP('',(#845,#871,#899,#928));
#845 = ORIENTED_EDGE('',*,*,#846,.T.);
#846 = EDGE_CURVE('',#847,#849,#851,.T.);
#847 = VERTEX_POINT('',#848);
#848 = CARTESIAN_POINT('',(15.102115574279,-27.75763147642,52.2));
#849 = VERTEX_POINT('',#850);
#850 = CARTESIAN_POINT('',(-15.10211557427,-27.75763147642,52.2));
#851 = SURFACE_CURVE('',#852,(#857,#864),.PCURVE_S1.);
#852 = CIRCLE('',#853,31.6);
#853 = AXIS2_PLACEMENT_3D('',#854,#855,#856);
#854 = CARTESIAN_POINT('',(0.,0.,52.2));
#855 = DIRECTION('',(0.,0.,-1.));
#856 = DIRECTION('',(1.,-0.,-0.));
#857 = PCURVE('',#32,#858);
#858 = DEFINITIONAL_REPRESENTATION('',(#859),#863);
#859 = CIRCLE('',#860,31.6);
#860 = AXIS2_PLACEMENT_2D('',#861,#862);
#861 = CARTESIAN_POINT('',(-1.31801458558E-15,-1.280753380104E-15));
#862 = DIRECTION('',(-1.,0.));
#863 = ( GEOMETRIC_REPRESENTATION_CONTEXT(2) 
PARAMETRIC_REPRESENTATION_CONTEXT() REPRESENTATION_CONTEXT('2D SPACE',''
  ) );
#864 = PCURVE('',#806,#865);
#865 = DEFINITIONAL_REPRESENTATION('',(#866),#870);
#866 = LINE('',#867,#868);
#867 = CARTESIAN_POINT('',(6.28318530718,-0.5));
#868 = VECTOR('',#869,1.);
#869 = DIRECTION('',(-1.,0.));
#870 = ( GEOMETRIC_REPRESENTATION_CONTEXT(2) 
PARAMETRIC_REPRESENTATION_CONTEXT() REPRESENTATION_CONTEXT('2D SPACE',''
  ) );
#871 = ORIENTED_EDGE('',*,*,#872,.F.);
#872 = EDGE_CURVE('',#873,#849,#875,.T.);
#873 = VERTEX_POINT('',#874);
#874 = CARTESIAN_POINT('',(-5.644568729255,-11.37667982588,52.2));
#875 = SURFACE_CURVE('',#876,(#880,#887),.PCURVE_S1.);
#876 = LINE('',#877,#878);
#877 = CARTESIAN_POINT('',(-5.407179676972,-10.96550992617,52.2));
#878 = VECTOR('',#879,1.);
#879 = DIRECTION('',(-0.5,-0.866025403784,-0.));
#880 = PCURVE('',#32,#881);
#881 = DEFINITIONAL_REPRESENTATION('',(#882),#886);
#882 = LINE('',#883,#884);
#883 = CARTESIAN_POINT('',(5.407179676972,-10.96550992617));
#884 = VECTOR('',#885,1.);
#885 = DIRECTION('',(0.5,-0.866025403784));
#886 = ( GEOMETRIC_REPRESENTATION_CONTEXT(2) 
PARAMETRIC_REPRESENTATION_CONTEXT() REPRESENTATION_CONTEXT('2D SPACE',''
  ) );
#887 = PCURVE('',#888,#893);
#888 = PLANE('',#889);
#889 = AXIS2_PLACEMENT_3D('',#890,#891,#892);
#890 = CARTESIAN_POINT('',(-10.65717967697,-20.0587766659,47.9));
#891 = DIRECTION('',(-0.866025403784,0.5,-0.));
#892 = DIRECTION('',(-0.,0.,-1.));
#893 = DEFINITIONAL_REPRESENTATION('',(#894),#898);
#894 = LINE('',#895,#896);
#895 = CARTESIAN_POINT('',(-4.3,-10.5));
#896 = VECTOR('',#897,1.);
#897 = DIRECTION('',(-0.,1.));
#898 = ( GEOMETRIC_REPRESENTATION_CONTEXT(2) 
PARAMETRIC_REPRESENTATION_CONTEXT() REPRESENTATION_CONTEXT('2D SPACE',''
  ) );
#899 = ORIENTED_EDGE('',*,*,#900,.F.);
#900 = EDGE_CURVE('',#901,#873,#903,.T.);
#901 = VERTEX_POINT('',#902);
#902 = CARTESIAN_POINT('',(5.644568729255,-11.37667982588,52.2));
#903 = SURFACE_CURVE('',#904,(#909,#916),.PCURVE_S1.);
#904 = CIRCLE('',#905,12.7);
#905 = AXIS2_PLACEMENT_3D('',#906,#907,#908);
#906 = CARTESIAN_POINT('',(0.,0.,52.2));
#907 = DIRECTION('',(0.,0.,-1.));
#908 = DIRECTION('',(1.,-0.,-0.));
#909 = PCURVE('',#32,#910);
#910 = DEFINITIONAL_REPRESENTATION('',(#911),#915);
#911 = CIRCLE('',#912,12.7);
#912 = AXIS2_PLACEMENT_2D('',#913,#914);
#913 = CARTESIAN_POINT('',(-1.31801458558E-15,-1.280753380104E-15));
#914 = DIRECTION('',(-1.,0.));
#915 = ( GEOMETRIC_REPRESENTATION_CONTEXT(2) 
PARAMETRIC_REPRESENTATION_CONTEXT() REPRESENTATION_CONTEXT('2D SPACE',''
  ) );
#916 = PCURVE('',#917,#922);
#917 = CYLINDRICAL_SURFACE('',#918,12.7);
#918 = AXIS2_PLACEMENT_3D('',#919,#920,#921);
#919 = CARTESIAN_POINT('',(0.,0.,52.7));
#920 = DIRECTION('',(-0.,-0.,1.));
#921 = DIRECTION('',(1.,-0.,-0.));
#922 = DEFINITIONAL_REPRESENTATION('',(#923),#927);
#923 = LINE('',#924,#925);
#924 = CARTESIAN_POINT('',(6.28318530718,-0.5));
#925 = VECTOR('',#926,1.);
#926 = DIRECTION('',(-1.,0.));
#927 = ( GEOMETRIC_REPRESENTATION_CONTEXT(2) 
PARAMETRIC_REPRESENTATION_CONTEXT() REPRESENTATION_CONTEXT('2D SPACE',''
  ) );
#928 = ORIENTED_EDGE('',*,*,#929,.T.);
#929 = EDGE_CURVE('',#901,#847,#930,.T.);
#930 = SURFACE_CURVE('',#931,(#935,#942),.PCURVE_S1.);
#931 = LINE('',#932,#933);
#932 = CARTESIAN_POINT('',(5.407179676972,-10.96550992617,52.2));
#933 = VECTOR('',#934,1.);
#934 = DIRECTION('',(0.5,-0.866025403784,-0.));
#935 = PCURVE('',#32,#936);
#936 = DEFINITIONAL_REPRESENTATION('',(#937),#941);
#937 = LINE('',#938,#939);
#938 = CARTESIAN_POINT('',(-5.407179676972,-10.96550992617));
#939 = VECTOR('',#940,1.);
#940 = DIRECTION('',(-0.5,-0.866025403784));
#941 = ( GEOMETRIC_REPRESENTATION_CONTEXT(2) 
PARAMETRIC_REPRESENTATION_CONTEXT() REPRESENTATION_CONTEXT('2D SPACE',''
  ) );
#942 = PCURVE('',#943,#948);
#943 = PLANE('',#944);
#944 = AXIS2_PLACEMENT_3D('',#945,#946,#947);
#945 = CARTESIAN_POINT('',(10.657179676972,-20.0587766659,47.9));
#946 = DIRECTION('',(-0.866025403784,-0.5,0.));
#947 = DIRECTION('',(0.,0.,-1.));
#948 = DEFINITIONAL_REPRESENTATION('',(#949),#953);
#949 = LINE('',#950,#951);
#950 = CARTESIAN_POINT('',(-4.3,-10.5));
#951 = VECTOR('',#952,1.);
#952 = DIRECTION('',(-0.,1.));
#953 = ( GEOMETRIC_REPRESENTATION_CONTEXT(2) 
PARAMETRIC_REPRESENTATION_CONTEXT() REPRESENTATION_CONTEXT('2D SPACE',''
  ) );
#954 = FACE_BOUND('',#955,.T.);
#955 = EDGE_LOOP('',(#956,#987,#1015,#1039));
#956 = ORIENTED_EDGE('',*,*,#957,.F.);
#957 = EDGE_CURVE('',#958,#960,#962,.T.);
#958 = VERTEX_POINT('',#959);
#959 = CARTESIAN_POINT('',(-7.030209375311,-10.57667982588,52.2));
#960 = VERTEX_POINT('',#961);
#961 = CARTESIAN_POINT('',(-12.67477810456,-0.8,52.2));
#962 = SURFACE_CURVE('',#963,(#968,#975),.PCURVE_S1.);
#963 = CIRCLE('',#964,12.7);
#964 = AXIS2_PLACEMENT_3D('',#965,#966,#967);
#965 = CARTESIAN_POINT('',(0.,0.,52.2));
#966 = DIRECTION('',(0.,0.,-1.));
#967 = DIRECTION('',(1.,-0.,-0.));
#968 = PCURVE('',#32,#969);
#969 = DEFINITIONAL_REPRESENTATION('',(#970),#974);
#970 = CIRCLE('',#971,12.7);
#971 = AXIS2_PLACEMENT_2D('',#972,#973);
#972 = CARTESIAN_POINT('',(-1.31801458558E-15,-1.280753380104E-15));
#973 = DIRECTION('',(-1.,0.));
#974 = ( GEOMETRIC_REPRESENTATION_CONTEXT(2) 
PARAMETRIC_REPRESENTATION_CONTEXT() REPRESENTATION_CONTEXT('2D SPACE',''
  ) );
#975 = PCURVE('',#976,#981);
#976 = CYLINDRICAL_SURFACE('',#977,12.7);
#977 = AXIS2_PLACEMENT_3D('',#978,#979,#980);
#978 = CARTESIAN_POINT('',(0.,0.,52.7));
#979 = DIRECTION('',(-0.,-0.,1.));
#980 = DIRECTION('',(1.,-0.,-0.));
#981 = DEFINITIONAL_REPRESENTATION('',(#982),#986);
#982 = LINE('',#983,#984);
#983 = CARTESIAN_POINT('',(6.28318530718,-0.5));
#984 = VECTOR('',#985,1.);
#985 = DIRECTION('',(-1.,0.));
#986 = ( GEOMETRIC_REPRESENTATION_CONTEXT(2) 
PARAMETRIC_REPRESENTATION_CONTEXT() REPRESENTATION_CONTEXT('2D SPACE',''
  ) );
#987 = ORIENTED_EDGE('',*,*,#988,.T.);
#988 = EDGE_CURVE('',#958,#989,#991,.T.);
#989 = VERTEX_POINT('',#990);
#990 = CARTESIAN_POINT('',(-16.48775622033,-26.95763147642,52.2));
#991 = SURFACE_CURVE('',#992,(#996,#1003),.PCURVE_S1.);
#992 = LINE('',#993,#994);
#993 = CARTESIAN_POINT('',(-6.792820323028,-10.16550992617,52.2));
#994 = VECTOR('',#995,1.);
#995 = DIRECTION('',(-0.5,-0.866025403784,-0.));
#996 = PCURVE('',#32,#997);
#997 = DEFINITIONAL_REPRESENTATION('',(#998),#1002);
#998 = LINE('',#999,#1000);
#999 = CARTESIAN_POINT('',(6.792820323028,-10.16550992617));
#1000 = VECTOR('',#1001,1.);
#1001 = DIRECTION('',(0.5,-0.866025403784));
#1002 = ( GEOMETRIC_REPRESENTATION_CONTEXT(2) 
PARAMETRIC_REPRESENTATION_CONTEXT() REPRESENTATION_CONTEXT('2D SPACE',''
  ) );
#1003 = PCURVE('',#1004,#1009);
#1004 = PLANE('',#1005);
#1005 = AXIS2_PLACEMENT_3D('',#1006,#1007,#1008);
#1006 = CARTESIAN_POINT('',(-12.04282032302,-19.2587766659,47.9));
#1007 = DIRECTION('',(-0.866025403784,0.5,-0.));
#1008 = DIRECTION('',(-0.,0.,-1.));
#1009 = DEFINITIONAL_REPRESENTATION('',(#1010),#1014);
#1010 = LINE('',#1011,#1012);
#1011 = CARTESIAN_POINT('',(-4.3,-10.5));
#1012 = VECTOR('',#1013,1.);
#1013 = DIRECTION('',(-0.,1.));
#1014 = ( GEOMETRIC_REPRESENTATION_CONTEXT(2) 
PARAMETRIC_REPRESENTATION_CONTEXT() REPRESENTATION_CONTEXT('2D SPACE',''
  ) );
#1015 = ORIENTED_EDGE('',*,*,#1016,.T.);
#1016 = EDGE_CURVE('',#989,#1017,#1019,.T.);
#1017 = VERTEX_POINT('',#1018);
#1018 = CARTESIAN_POINT('',(-31.58987179461,-0.8,52.2));
#1019 = SURFACE_CURVE('',#1020,(#1025,#1032),.PCURVE_S1.);
#1020 = CIRCLE('',#1021,31.6);
#1021 = AXIS2_PLACEMENT_3D('',#1022,#1023,#1024);
#1022 = CARTESIAN_POINT('',(0.,0.,52.2));
#1023 = DIRECTION('',(0.,0.,-1.));
#1024 = DIRECTION('',(1.,-0.,-0.));
#1025 = PCURVE('',#32,#1026);
#1026 = DEFINITIONAL_REPRESENTATION('',(#1027),#1031);
#1027 = CIRCLE('',#1028,31.6);
#1028 = AXIS2_PLACEMENT_2D('',#1029,#1030);
#1029 = CARTESIAN_POINT('',(-1.31801458558E-15,-1.280753380104E-15));
#1030 = DIRECTION('',(-1.,0.));
#1031 = ( GEOMETRIC_REPRESENTATION_CONTEXT(2) 
PARAMETRIC_REPRESENTATION_CONTEXT() REPRESENTATION_CONTEXT('2D SPACE',''
  ) );
#1032 = PCURVE('',#806,#1033);
#1033 = DEFINITIONAL_REPRESENTATION('',(#1034),#1038);
#1034 = LINE('',#1035,#1036);
#1035 = CARTESIAN_POINT('',(6.28318530718,-0.5));
#1036 = VECTOR('',#1037,1.);
#1037 = DIRECTION('',(-1.,0.));
#1038 = ( GEOMETRIC_REPRESENTATION_CONTEXT(2) 
PARAMETRIC_REPRESENTATION_CONTEXT() REPRESENTATION_CONTEXT('2D SPACE',''
  ) );
#1039 = ORIENTED_EDGE('',*,*,#1040,.F.);
#1040 = EDGE_CURVE('',#960,#1017,#1041,.T.);
#1041 = SURFACE_CURVE('',#1042,(#1046,#1053),.PCURVE_S1.);
#1042 = LINE('',#1043,#1044);
#1043 = CARTESIAN_POINT('',(-12.2,-0.8,52.2));
#1044 = VECTOR('',#1045,1.);
#1045 = DIRECTION('',(-1.,1.224646799147E-16,-0.));
#1046 = PCURVE('',#32,#1047);
#1047 = DEFINITIONAL_REPRESENTATION('',(#1048),#1052);
#1048 = LINE('',#1049,#1050);
#1049 = CARTESIAN_POINT('',(12.2,-0.8));
#1050 = VECTOR('',#1051,1.);
#1051 = DIRECTION('',(1.,1.224646799147E-16));
#1052 = ( GEOMETRIC_REPRESENTATION_CONTEXT(2) 
PARAMETRIC_REPRESENTATION_CONTEXT() REPRESENTATION_CONTEXT('2D SPACE',''
  ) );
#1053 = PCURVE('',#1054,#1059);
#1054 = PLANE('',#1055);
#1055 = AXIS2_PLACEMENT_3D('',#1056,#1057,#1058);
#1056 = CARTESIAN_POINT('',(-22.7,-0.8,47.9));
#1057 = DIRECTION('',(1.224646799147E-16,1.,-0.));
#1058 = DIRECTION('',(0.,-0.,-1.));
#1059 = DEFINITIONAL_REPRESENTATION('',(#1060),#1064);
#1060 = LINE('',#1061,#1062);
#1061 = CARTESIAN_POINT('',(-4.3,-10.5));
#1062 = VECTOR('',#1063,1.);
#1063 = DIRECTION('',(-0.,1.));
#1064 = ( GEOMETRIC_REPRESENTATION_CONTEXT(2) 
PARAMETRIC_REPRESENTATION_CONTEXT() REPRESENTATION_CONTEXT('2D SPACE',''
  ) );
#1065 = FACE_BOUND('',#1066,.T.);
#1066 = EDGE_LOOP('',(#1067));
#1067 = ORIENTED_EDGE('',*,*,#1068,.F.);
#1068 = EDGE_CURVE('',#1069,#1069,#1071,.T.);
#1069 = VERTEX_POINT('',#1070);
#1070 = CARTESIAN_POINT('',(9.5,0.,52.2));
#1071 = SURFACE_CURVE('',#1072,(#1077,#1088),.PCURVE_S1.);
#1072 = CIRCLE('',#1073,9.5);
#1073 = AXIS2_PLACEMENT_3D('',#1074,#1075,#1076);
#1074 = CARTESIAN_POINT('',(0.,0.,52.2));
#1075 = DIRECTION('',(0.,0.,1.));
#1076 = DIRECTION('',(1.,-0.,-0.));
#1077 = PCURVE('',#32,#1078);
#1078 = DEFINITIONAL_REPRESENTATION('',(#1079),#1087);
#1079 = ( BOUNDED_CURVE() B_SPLINE_CURVE(2,(#1080,#1081,#1082,#1083,
#1084,#1085,#1086),.UNSPECIFIED.,.T.,.F.) B_SPLINE_CURVE_WITH_KNOTS((1,2
    ,2,2,2,1),(-2.094395102393,0.,2.094395102393,4.188790204786,
6.28318530718,8.377580409573),.UNSPECIFIED.) CURVE() 
GEOMETRIC_REPRESENTATION_ITEM() RATIONAL_B_SPLINE_CURVE((1.,0.5,1.,0.5,
1.,0.5,1.)) REPRESENTATION_ITEM('') );
#1080 = CARTESIAN_POINT('',(-9.5,-1.280753380104E-15));
#1081 = CARTESIAN_POINT('',(-9.5,16.454482671904));
#1082 = CARTESIAN_POINT('',(4.75,8.227241335952));
#1083 = CARTESIAN_POINT('',(19.,1.046075538276E-15));
#1084 = CARTESIAN_POINT('',(4.75,-8.227241335952));
#1085 = CARTESIAN_POINT('',(-9.5,-16.4544826719));
#1086 = CARTESIAN_POINT('',(-9.5,-1.280753380104E-15));
#1087 = ( GEOMETRIC_REPRESENTATION_CONTEXT(2) 
PARAMETRIC_REPRESENTATION_CONTEXT() REPRESENTATION_CONTEXT('2D SPACE',''
  ) );
#1088 = PCURVE('',#1089,#1094);
#1089 = CYLINDRICAL_SURFACE('',#1090,9.5);
#1090 = AXIS2_PLACEMENT_3D('',#1091,#1092,#1093);
#1091 = CARTESIAN_POINT('',(0.,0.,52.2));
#1092 = DIRECTION('',(-0.,-0.,1.));
#1093 = DIRECTION('',(1.,-0.,-0.));
#1094 = DEFINITIONAL_REPRESENTATION('',(#1095),#1099);
#1095 = LINE('',#1096,#1097);
#1096 = CARTESIAN_POINT('',(0.,0.));
#1097 = VECTOR('',#1098,1.);
#1098 = DIRECTION('',(1.,0.));
#1099 = ( GEOMETRIC_REPRESENTATION_CONTEXT(2) 
PARAMETRIC_REPRESENTATION_CONTEXT() REPRESENTATION_CONTEXT('2D SPACE',''
  ) );
#1100 = FACE_BOUND('',#1101,.T.);
#1101 = EDGE_LOOP('',(#1102,#1128,#1156,#1185));
#1102 = ORIENTED_EDGE('',*,*,#1103,.T.);
#1103 = EDGE_CURVE('',#1104,#1106,#1108,.T.);
#1104 = VERTEX_POINT('',#1105);
#1105 = CARTESIAN_POINT('',(31.589871794612,-0.799999999999,52.2));
#1106 = VERTEX_POINT('',#1107);
#1107 = CARTESIAN_POINT('',(16.487756220334,-26.95763147642,52.2));
#1108 = SURFACE_CURVE('',#1109,(#1114,#1121),.PCURVE_S1.);
#1109 = CIRCLE('',#1110,31.6);
#1110 = AXIS2_PLACEMENT_3D('',#1111,#1112,#1113);
#1111 = CARTESIAN_POINT('',(0.,0.,52.2));
#1112 = DIRECTION('',(0.,0.,-1.));
#1113 = DIRECTION('',(1.,-0.,-0.));
#1114 = PCURVE('',#32,#1115);
#1115 = DEFINITIONAL_REPRESENTATION('',(#1116),#1120);
#1116 = CIRCLE('',#1117,31.6);
#1117 = AXIS2_PLACEMENT_2D('',#1118,#1119);
#1118 = CARTESIAN_POINT('',(-1.31801458558E-15,-1.280753380104E-15));
#1119 = DIRECTION('',(-1.,0.));
#1120 = ( GEOMETRIC_REPRESENTATION_CONTEXT(2) 
PARAMETRIC_REPRESENTATION_CONTEXT() REPRESENTATION_CONTEXT('2D SPACE',''
  ) );
#1121 = PCURVE('',#806,#1122);
#1122 = DEFINITIONAL_REPRESENTATION('',(#1123),#1127);
#1123 = LINE('',#1124,#1125);
#1124 = CARTESIAN_POINT('',(6.28318530718,-0.5));
#1125 = VECTOR('',#1126,1.);
#1126 = DIRECTION('',(-1.,0.));
#1127 = ( GEOMETRIC_REPRESENTATION_CONTEXT(2) 
PARAMETRIC_REPRESENTATION_CONTEXT() REPRESENTATION_CONTEXT('2D SPACE',''
  ) );
#1128 = ORIENTED_EDGE('',*,*,#1129,.F.);
#1129 = EDGE_CURVE('',#1130,#1106,#1132,.T.);
#1130 = VERTEX_POINT('',#1131);
#1131 = CARTESIAN_POINT('',(7.030209375311,-10.57667982588,52.2));
#1132 = SURFACE_CURVE('',#1133,(#1137,#1144),.PCURVE_S1.);
#1133 = LINE('',#1134,#1135);
#1134 = CARTESIAN_POINT('',(6.792820323028,-10.16550992617,52.2));
#1135 = VECTOR('',#1136,1.);
#1136 = DIRECTION('',(0.5,-0.866025403784,-0.));
#1137 = PCURVE('',#32,#1138);
#1138 = DEFINITIONAL_REPRESENTATION('',(#1139),#1143);
#1139 = LINE('',#1140,#1141);
#1140 = CARTESIAN_POINT('',(-6.792820323028,-10.16550992617));
#1141 = VECTOR('',#1142,1.);
#1142 = DIRECTION('',(-0.5,-0.866025403784));
#1143 = ( GEOMETRIC_REPRESENTATION_CONTEXT(2) 
PARAMETRIC_REPRESENTATION_CONTEXT() REPRESENTATION_CONTEXT('2D SPACE',''
  ) );
#1144 = PCURVE('',#1145,#1150);
#1145 = PLANE('',#1146);
#1146 = AXIS2_PLACEMENT_3D('',#1147,#1148,#1149);
#1147 = CARTESIAN_POINT('',(12.042820323028,-19.2587766659,47.9));
#1148 = DIRECTION('',(-0.866025403784,-0.5,0.));
#1149 = DIRECTION('',(0.,0.,-1.));
#1150 = DEFINITIONAL_REPRESENTATION('',(#1151),#1155);
#1151 = LINE('',#1152,#1153);
#1152 = CARTESIAN_POINT('',(-4.3,-10.5));
#1153 = VECTOR('',#1154,1.);
#1154 = DIRECTION('',(-0.,1.));
#1155 = ( GEOMETRIC_REPRESENTATION_CONTEXT(2) 
PARAMETRIC_REPRESENTATION_CONTEXT() REPRESENTATION_CONTEXT('2D SPACE',''
  ) );
#1156 = ORIENTED_EDGE('',*,*,#1157,.F.);
#1157 = EDGE_CURVE('',#1158,#1130,#1160,.T.);
#1158 = VERTEX_POINT('',#1159);
#1159 = CARTESIAN_POINT('',(12.674778104566,-0.800000000001,52.2));
#1160 = SURFACE_CURVE('',#1161,(#1166,#1173),.PCURVE_S1.);
#1161 = CIRCLE('',#1162,12.7);
#1162 = AXIS2_PLACEMENT_3D('',#1163,#1164,#1165);
#1163 = CARTESIAN_POINT('',(0.,0.,52.2));
#1164 = DIRECTION('',(0.,0.,-1.));
#1165 = DIRECTION('',(1.,-0.,-0.));
#1166 = PCURVE('',#32,#1167);
#1167 = DEFINITIONAL_REPRESENTATION('',(#1168),#1172);
#1168 = CIRCLE('',#1169,12.7);
#1169 = AXIS2_PLACEMENT_2D('',#1170,#1171);
#1170 = CARTESIAN_POINT('',(-1.31801458558E-15,-1.280753380104E-15));
#1171 = DIRECTION('',(-1.,0.));
#1172 = ( GEOMETRIC_REPRESENTATION_CONTEXT(2) 
PARAMETRIC_REPRESENTATION_CONTEXT() REPRESENTATION_CONTEXT('2D SPACE',''
  ) );
#1173 = PCURVE('',#1174,#1179);
#1174 = CYLINDRICAL_SURFACE('',#1175,12.7);
#1175 = AXIS2_PLACEMENT_3D('',#1176,#1177,#1178);
#1176 = CARTESIAN_POINT('',(0.,0.,52.7));
#1177 = DIRECTION('',(-0.,-0.,1.));
#1178 = DIRECTION('',(1.,-0.,-0.));
#1179 = DEFINITIONAL_REPRESENTATION('',(#1180),#1184);
#1180 = LINE('',#1181,#1182);
#1181 = CARTESIAN_POINT('',(6.28318530718,-0.5));
#1182 = VECTOR('',#1183,1.);
#1183 = DIRECTION('',(-1.,0.));
#1184 = ( GEOMETRIC_REPRESENTATION_CONTEXT(2) 
PARAMETRIC_REPRESENTATION_CONTEXT() REPRESENTATION_CONTEXT('2D SPACE',''
  ) );
#1185 = ORIENTED_EDGE('',*,*,#1186,.T.);
#1186 = EDGE_CURVE('',#1158,#1104,#1187,.T.);
#1187 = SURFACE_CURVE('',#1188,(#1192,#1199),.PCURVE_S1.);
#1188 = LINE('',#1189,#1190);
#1189 = CARTESIAN_POINT('',(12.2,-0.8,52.2));
#1190 = VECTOR('',#1191,1.);
#1191 = DIRECTION('',(1.,-0.,-0.));
#1192 = PCURVE('',#32,#1193);
#1193 = DEFINITIONAL_REPRESENTATION('',(#1194),#1198);
#1194 = LINE('',#1195,#1196);
#1195 = CARTESIAN_POINT('',(-12.2,-0.8));
#1196 = VECTOR('',#1197,1.);
#1197 = DIRECTION('',(-1.,0.));
#1198 = ( GEOMETRIC_REPRESENTATION_CONTEXT(2) 
PARAMETRIC_REPRESENTATION_CONTEXT() REPRESENTATION_CONTEXT('2D SPACE',''
  ) );
#1199 = PCURVE('',#1200,#1205);
#1200 = PLANE('',#1201);
#1201 = AXIS2_PLACEMENT_3D('',#1202,#1203,#1204);
#1202 = CARTESIAN_POINT('',(22.7,-0.8,47.9));
#1203 = DIRECTION('',(-0.,-1.,0.));
#1204 = DIRECTION('',(0.,0.,-1.));
#1205 = DEFINITIONAL_REPRESENTATION('',(#1206),#1210);
#1206 = LINE('',#1207,#1208);
#1207 = CARTESIAN_POINT('',(-4.3,-10.5));
#1208 = VECTOR('',#1209,1.);
#1209 = DIRECTION('',(0.,1.));
#1210 = ( GEOMETRIC_REPRESENTATION_CONTEXT(2) 
PARAMETRIC_REPRESENTATION_CONTEXT() REPRESENTATION_CONTEXT('2D SPACE',''
  ) );
#1211 = FACE_BOUND('',#1212,.T.);
#1212 = EDGE_LOOP('',(#1213,#1244,#1272,#1296));
#1213 = ORIENTED_EDGE('',*,*,#1214,.F.);
#1214 = EDGE_CURVE('',#1215,#1217,#1219,.T.);
#1215 = VERTEX_POINT('',#1216);
#1216 = CARTESIAN_POINT('',(-12.67477810456,0.8,52.2));
#1217 = VERTEX_POINT('',#1218);
#1218 = CARTESIAN_POINT('',(-7.030209375311,10.576679825885,52.2));
#1219 = SURFACE_CURVE('',#1220,(#1225,#1232),.PCURVE_S1.);
#1220 = CIRCLE('',#1221,12.7);
#1221 = AXIS2_PLACEMENT_3D('',#1222,#1223,#1224);
#1222 = CARTESIAN_POINT('',(0.,0.,52.2));
#1223 = DIRECTION('',(0.,0.,-1.));
#1224 = DIRECTION('',(1.,-0.,-0.));
#1225 = PCURVE('',#32,#1226);
#1226 = DEFINITIONAL_REPRESENTATION('',(#1227),#1231);
#1227 = CIRCLE('',#1228,12.7);
#1228 = AXIS2_PLACEMENT_2D('',#1229,#1230);
#1229 = CARTESIAN_POINT('',(-1.31801458558E-15,-1.280753380104E-15));
#1230 = DIRECTION('',(-1.,0.));
#1231 = ( GEOMETRIC_REPRESENTATION_CONTEXT(2) 
PARAMETRIC_REPRESENTATION_CONTEXT() REPRESENTATION_CONTEXT('2D SPACE',''
  ) );
#1232 = PCURVE('',#1233,#1238);
#1233 = CYLINDRICAL_SURFACE('',#1234,12.7);
#1234 = AXIS2_PLACEMENT_3D('',#1235,#1236,#1237);
#1235 = CARTESIAN_POINT('',(0.,0.,52.7));
#1236 = DIRECTION('',(-0.,-0.,1.));
#1237 = DIRECTION('',(1.,-0.,-0.));
#1238 = DEFINITIONAL_REPRESENTATION('',(#1239),#1243);
#1239 = LINE('',#1240,#1241);
#1240 = CARTESIAN_POINT('',(6.28318530718,-0.5));
#1241 = VECTOR('',#1242,1.);
#1242 = DIRECTION('',(-1.,0.));
#1243 = ( GEOMETRIC_REPRESENTATION_CONTEXT(2) 
PARAMETRIC_REPRESENTATION_CONTEXT() REPRESENTATION_CONTEXT('2D SPACE',''
  ) );
#1244 = ORIENTED_EDGE('',*,*,#1245,.T.);
#1245 = EDGE_CURVE('',#1215,#1246,#1248,.T.);
#1246 = VERTEX_POINT('',#1247);
#1247 = CARTESIAN_POINT('',(-31.58987179461,0.8,52.2));
#1248 = SURFACE_CURVE('',#1249,(#1253,#1260),.PCURVE_S1.);
#1249 = LINE('',#1250,#1251);
#1250 = CARTESIAN_POINT('',(-12.2,0.8,52.2));
#1251 = VECTOR('',#1252,1.);
#1252 = DIRECTION('',(-1.,1.224646799147E-16,-0.));
#1253 = PCURVE('',#32,#1254);
#1254 = DEFINITIONAL_REPRESENTATION('',(#1255),#1259);
#1255 = LINE('',#1256,#1257);
#1256 = CARTESIAN_POINT('',(12.2,0.8));
#1257 = VECTOR('',#1258,1.);
#1258 = DIRECTION('',(1.,1.224646799147E-16));
#1259 = ( GEOMETRIC_REPRESENTATION_CONTEXT(2) 
PARAMETRIC_REPRESENTATION_CONTEXT() REPRESENTATION_CONTEXT('2D SPACE',''
  ) );
#1260 = PCURVE('',#1261,#1266);
#1261 = PLANE('',#1262);
#1262 = AXIS2_PLACEMENT_3D('',#1263,#1264,#1265);
#1263 = CARTESIAN_POINT('',(-22.7,0.8,47.9));
#1264 = DIRECTION('',(1.224646799147E-16,1.,-0.));
#1265 = DIRECTION('',(0.,-0.,-1.));
#1266 = DEFINITIONAL_REPRESENTATION('',(#1267),#1271);
#1267 = LINE('',#1268,#1269);
#1268 = CARTESIAN_POINT('',(-4.3,-10.5));
#1269 = VECTOR('',#1270,1.);
#1270 = DIRECTION('',(-0.,1.));
#1271 = ( GEOMETRIC_REPRESENTATION_CONTEXT(2) 
PARAMETRIC_REPRESENTATION_CONTEXT() REPRESENTATION_CONTEXT('2D SPACE',''
  ) );
#1272 = ORIENTED_EDGE('',*,*,#1273,.T.);
#1273 = EDGE_CURVE('',#1246,#1274,#1276,.T.);
#1274 = VERTEX_POINT('',#1275);
#1275 = CARTESIAN_POINT('',(-16.48775622033,26.957631476427,52.2));
#1276 = SURFACE_CURVE('',#1277,(#1282,#1289),.PCURVE_S1.);
#1277 = CIRCLE('',#1278,31.6);
#1278 = AXIS2_PLACEMENT_3D('',#1279,#1280,#1281);
#1279 = CARTESIAN_POINT('',(0.,0.,52.2));
#1280 = DIRECTION('',(0.,0.,-1.));
#1281 = DIRECTION('',(1.,-0.,-0.));
#1282 = PCURVE('',#32,#1283);
#1283 = DEFINITIONAL_REPRESENTATION('',(#1284),#1288);
#1284 = CIRCLE('',#1285,31.6);
#1285 = AXIS2_PLACEMENT_2D('',#1286,#1287);
#1286 = CARTESIAN_POINT('',(-1.31801458558E-15,-1.280753380104E-15));
#1287 = DIRECTION('',(-1.,0.));
#1288 = ( GEOMETRIC_REPRESENTATION_CONTEXT(2) 
PARAMETRIC_REPRESENTATION_CONTEXT() REPRESENTATION_CONTEXT('2D SPACE',''
  ) );
#1289 = PCURVE('',#806,#1290);
#1290 = DEFINITIONAL_REPRESENTATION('',(#1291),#1295);
#1291 = LINE('',#1292,#1293);
#1292 = CARTESIAN_POINT('',(6.28318530718,-0.5));
#1293 = VECTOR('',#1294,1.);
#1294 = DIRECTION('',(-1.,0.));
#1295 = ( GEOMETRIC_REPRESENTATION_CONTEXT(2) 
PARAMETRIC_REPRESENTATION_CONTEXT() REPRESENTATION_CONTEXT('2D SPACE',''
  ) );
#1296 = ORIENTED_EDGE('',*,*,#1297,.F.);
#1297 = EDGE_CURVE('',#1217,#1274,#1298,.T.);
#1298 = SURFACE_CURVE('',#1299,(#1303,#1310),.PCURVE_S1.);
#1299 = LINE('',#1300,#1301);
#1300 = CARTESIAN_POINT('',(-6.792820323028,10.16550992617,52.2));
#1301 = VECTOR('',#1302,1.);
#1302 = DIRECTION('',(-0.5,0.866025403784,-0.));
#1303 = PCURVE('',#32,#1304);
#1304 = DEFINITIONAL_REPRESENTATION('',(#1305),#1309);
#1305 = LINE('',#1306,#1307);
#1306 = CARTESIAN_POINT('',(6.792820323028,10.16550992617));
#1307 = VECTOR('',#1308,1.);
#1308 = DIRECTION('',(0.5,0.866025403784));
#1309 = ( GEOMETRIC_REPRESENTATION_CONTEXT(2) 
PARAMETRIC_REPRESENTATION_CONTEXT() REPRESENTATION_CONTEXT('2D SPACE',''
  ) );
#1310 = PCURVE('',#1311,#1316);
#1311 = PLANE('',#1312);
#1312 = AXIS2_PLACEMENT_3D('',#1313,#1314,#1315);
#1313 = CARTESIAN_POINT('',(-12.04282032302,19.258776665907,47.9));
#1314 = DIRECTION('',(0.866025403784,0.5,-0.));
#1315 = DIRECTION('',(0.,-0.,-1.));
#1316 = DEFINITIONAL_REPRESENTATION('',(#1317),#1321);
#1317 = LINE('',#1318,#1319);
#1318 = CARTESIAN_POINT('',(-4.3,-10.5));
#1319 = VECTOR('',#1320,1.);
#1320 = DIRECTION('',(-0.,1.));
#1321 = ( GEOMETRIC_REPRESENTATION_CONTEXT(2) 
PARAMETRIC_REPRESENTATION_CONTEXT() REPRESENTATION_CONTEXT('2D SPACE',''
  ) );
#1322 = FACE_BOUND('',#1323,.T.);
#1323 = EDGE_LOOP('',(#1324,#1355,#1383,#1407));
#1324 = ORIENTED_EDGE('',*,*,#1325,.F.);
#1325 = EDGE_CURVE('',#1326,#1328,#1330,.T.);
#1326 = VERTEX_POINT('',#1327);
#1327 = CARTESIAN_POINT('',(-5.644568729255,11.376679825886,52.2));
#1328 = VERTEX_POINT('',#1329);
#1329 = CARTESIAN_POINT('',(5.644568729255,11.376679825886,52.2));
#1330 = SURFACE_CURVE('',#1331,(#1336,#1343),.PCURVE_S1.);
#1331 = CIRCLE('',#1332,12.7);
#1332 = AXIS2_PLACEMENT_3D('',#1333,#1334,#1335);
#1333 = CARTESIAN_POINT('',(0.,0.,52.2));
#1334 = DIRECTION('',(0.,0.,-1.));
#1335 = DIRECTION('',(1.,-0.,-0.));
#1336 = PCURVE('',#32,#1337);
#1337 = DEFINITIONAL_REPRESENTATION('',(#1338),#1342);
#1338 = CIRCLE('',#1339,12.7);
#1339 = AXIS2_PLACEMENT_2D('',#1340,#1341);
#1340 = CARTESIAN_POINT('',(-1.31801458558E-15,-1.280753380104E-15));
#1341 = DIRECTION('',(-1.,0.));
#1342 = ( GEOMETRIC_REPRESENTATION_CONTEXT(2) 
PARAMETRIC_REPRESENTATION_CONTEXT() REPRESENTATION_CONTEXT('2D SPACE',''
  ) );
#1343 = PCURVE('',#1344,#1349);
#1344 = CYLINDRICAL_SURFACE('',#1345,12.7);
#1345 = AXIS2_PLACEMENT_3D('',#1346,#1347,#1348);
#1346 = CARTESIAN_POINT('',(0.,0.,52.7));
#1347 = DIRECTION('',(-0.,-0.,1.));
#1348 = DIRECTION('',(1.,-0.,-0.));
#1349 = DEFINITIONAL_REPRESENTATION('',(#1350),#1354);
#1350 = LINE('',#1351,#1352);
#1351 = CARTESIAN_POINT('',(6.28318530718,-0.5));
#1352 = VECTOR('',#1353,1.);
#1353 = DIRECTION('',(-1.,0.));
#1354 = ( GEOMETRIC_REPRESENTATION_CONTEXT(2) 
PARAMETRIC_REPRESENTATION_CONTEXT() REPRESENTATION_CONTEXT('2D SPACE',''
  ) );
#1355 = ORIENTED_EDGE('',*,*,#1356,.T.);
#1356 = EDGE_CURVE('',#1326,#1357,#1359,.T.);
#1357 = VERTEX_POINT('',#1358);
#1358 = CARTESIAN_POINT('',(-15.10211557427,27.757631476427,52.2));
#1359 = SURFACE_CURVE('',#1360,(#1364,#1371),.PCURVE_S1.);
#1360 = LINE('',#1361,#1362);
#1361 = CARTESIAN_POINT('',(-5.407179676972,10.96550992617,52.2));
#1362 = VECTOR('',#1363,1.);
#1363 = DIRECTION('',(-0.5,0.866025403784,-0.));
#1364 = PCURVE('',#32,#1365);
#1365 = DEFINITIONAL_REPRESENTATION('',(#1366),#1370);
#1366 = LINE('',#1367,#1368);
#1367 = CARTESIAN_POINT('',(5.407179676972,10.96550992617));
#1368 = VECTOR('',#1369,1.);
#1369 = DIRECTION('',(0.5,0.866025403784));
#1370 = ( GEOMETRIC_REPRESENTATION_CONTEXT(2) 
PARAMETRIC_REPRESENTATION_CONTEXT() REPRESENTATION_CONTEXT('2D SPACE',''
  ) );
#1371 = PCURVE('',#1372,#1377);
#1372 = PLANE('',#1373);
#1373 = AXIS2_PLACEMENT_3D('',#1374,#1375,#1376);
#1374 = CARTESIAN_POINT('',(-10.65717967697,20.058776665907,47.9));
#1375 = DIRECTION('',(0.866025403784,0.5,-0.));
#1376 = DIRECTION('',(0.,-0.,-1.));
#1377 = DEFINITIONAL_REPRESENTATION('',(#1378),#1382);
#1378 = LINE('',#1379,#1380);
#1379 = CARTESIAN_POINT('',(-4.3,-10.5));
#1380 = VECTOR('',#1381,1.);
#1381 = DIRECTION('',(-0.,1.));
#1382 = ( GEOMETRIC_REPRESENTATION_CONTEXT(2) 
PARAMETRIC_REPRESENTATION_CONTEXT() REPRESENTATION_CONTEXT('2D SPACE',''
  ) );
#1383 = ORIENTED_EDGE('',*,*,#1384,.T.);
#1384 = EDGE_CURVE('',#1357,#1385,#1387,.T.);
#1385 = VERTEX_POINT('',#1386);
#1386 = CARTESIAN_POINT('',(15.102115574279,27.757631476427,52.2));
#1387 = SURFACE_CURVE('',#1388,(#1393,#1400),.PCURVE_S1.);
#1388 = CIRCLE('',#1389,31.6);
#1389 = AXIS2_PLACEMENT_3D('',#1390,#1391,#1392);
#1390 = CARTESIAN_POINT('',(0.,0.,52.2));
#1391 = DIRECTION('',(0.,0.,-1.));
#1392 = DIRECTION('',(1.,-0.,-0.));
#1393 = PCURVE('',#32,#1394);
#1394 = DEFINITIONAL_REPRESENTATION('',(#1395),#1399);
#1395 = CIRCLE('',#1396,31.6);
#1396 = AXIS2_PLACEMENT_2D('',#1397,#1398);
#1397 = CARTESIAN_POINT('',(-1.31801458558E-15,-1.280753380104E-15));
#1398 = DIRECTION('',(-1.,0.));
#1399 = ( GEOMETRIC_REPRESENTATION_CONTEXT(2) 
PARAMETRIC_REPRESENTATION_CONTEXT() REPRESENTATION_CONTEXT('2D SPACE',''
  ) );
#1400 = PCURVE('',#806,#1401);
#1401 = DEFINITIONAL_REPRESENTATION('',(#1402),#1406);
#1402 = LINE('',#1403,#1404);
#1403 = CARTESIAN_POINT('',(6.28318530718,-0.5));
#1404 = VECTOR('',#1405,1.);
#1405 = DIRECTION('',(-1.,0.));
#1406 = ( GEOMETRIC_REPRESENTATION_CONTEXT(2) 
PARAMETRIC_REPRESENTATION_CONTEXT() REPRESENTATION_CONTEXT('2D SPACE',''
  ) );
#1407 = ORIENTED_EDGE('',*,*,#1408,.F.);
#1408 = EDGE_CURVE('',#1328,#1385,#1409,.T.);
#1409 = SURFACE_CURVE('',#1410,(#1414,#1421),.PCURVE_S1.);
#1410 = LINE('',#1411,#1412);
#1411 = CARTESIAN_POINT('',(5.407179676972,10.96550992617,52.2));
#1412 = VECTOR('',#1413,1.);
#1413 = DIRECTION('',(0.5,0.866025403784,-0.));
#1414 = PCURVE('',#32,#1415);
#1415 = DEFINITIONAL_REPRESENTATION('',(#1416),#1420);
#1416 = LINE('',#1417,#1418);
#1417 = CARTESIAN_POINT('',(-5.407179676972,10.96550992617));
#1418 = VECTOR('',#1419,1.);
#1419 = DIRECTION('',(-0.5,0.866025403784));
#1420 = ( GEOMETRIC_REPRESENTATION_CONTEXT(2) 
PARAMETRIC_REPRESENTATION_CONTEXT() REPRESENTATION_CONTEXT('2D SPACE',''
  ) );
#1421 = PCURVE('',#1422,#1427);
#1422 = PLANE('',#1423);
#1423 = AXIS2_PLACEMENT_3D('',#1424,#1425,#1426);
#1424 = CARTESIAN_POINT('',(10.657179676972,20.058776665907,47.9));
#1425 = DIRECTION('',(0.866025403784,-0.5,-0.));
#1426 = DIRECTION('',(0.,0.,-1.));
#1427 = DEFINITIONAL_REPRESENTATION('',(#1428),#1432);
#1428 = LINE('',#1429,#1430);
#1429 = CARTESIAN_POINT('',(-4.3,-10.5));
#1430 = VECTOR('',#1431,1.);
#1431 = DIRECTION('',(-0.,1.));
#1432 = ( GEOMETRIC_REPRESENTATION_CONTEXT(2) 
PARAMETRIC_REPRESENTATION_CONTEXT() REPRESENTATION_CONTEXT('2D SPACE',''
  ) );
#1433 = ADVANCED_FACE('',(#1434),#44,.F.);
#1434 = FACE_BOUND('',#1435,.T.);
#1435 = EDGE_LOOP('',(#1436,#1459,#1460,#1483));
#1436 = ORIENTED_EDGE('',*,*,#1437,.F.);
#1437 = EDGE_CURVE('',#22,#1438,#1440,.T.);
#1438 = VERTEX_POINT('',#1439);
#1439 = CARTESIAN_POINT('',(33.190360046254,0.8,22.85));
#1440 = SURFACE_CURVE('',#1441,(#1445,#1452),.PCURVE_S1.);
#1441 = LINE('',#1442,#1443);
#1442 = CARTESIAN_POINT('',(33.190360046254,0.800000000001,52.2));
#1443 = VECTOR('',#1444,1.);
#1444 = DIRECTION('',(6.805964901917E-16,-1.449670524108E-14,-1.));
#1445 = PCURVE('',#44,#1446);
#1446 = DEFINITIONAL_REPRESENTATION('',(#1447),#1451);
#1447 = LINE('',#1448,#1449);
#1448 = CARTESIAN_POINT('',(-4.3,10.490360046254));
#1449 = VECTOR('',#1450,1.);
#1450 = DIRECTION('',(1.,6.805964901917E-16));
#1451 = ( GEOMETRIC_REPRESENTATION_CONTEXT(2) 
PARAMETRIC_REPRESENTATION_CONTEXT() REPRESENTATION_CONTEXT('2D SPACE',''
  ) );
#1452 = PCURVE('',#77,#1453);
#1453 = DEFINITIONAL_REPRESENTATION('',(#1454),#1458);
#1454 = LINE('',#1455,#1456);
#1455 = CARTESIAN_POINT('',(2.409871802233E-02,0.));
#1456 = VECTOR('',#1457,1.);
#1457 = DIRECTION('',(-0.,-1.));
#1458 = ( GEOMETRIC_REPRESENTATION_CONTEXT(2) 
PARAMETRIC_REPRESENTATION_CONTEXT() REPRESENTATION_CONTEXT('2D SPACE',''
  ) );
#1459 = ORIENTED_EDGE('',*,*,#21,.T.);
#1460 = ORIENTED_EDGE('',*,*,#1461,.T.);
#1461 = EDGE_CURVE('',#24,#1462,#1464,.T.);
#1462 = VERTEX_POINT('',#1463);
#1463 = CARTESIAN_POINT('',(34.8,0.8,21.240805812257));
#1464 = SURFACE_CURVE('',#1465,(#1469,#1476),.PCURVE_S1.);
#1465 = LINE('',#1466,#1467);
#1466 = CARTESIAN_POINT('',(34.8,0.8,52.2));
#1467 = VECTOR('',#1468,1.);
#1468 = DIRECTION('',(0.,-0.,-1.));
#1469 = PCURVE('',#44,#1470);
#1470 = DEFINITIONAL_REPRESENTATION('',(#1471),#1475);
#1471 = LINE('',#1472,#1473);
#1472 = CARTESIAN_POINT('',(-4.3,12.1));
#1473 = VECTOR('',#1474,1.);
#1474 = DIRECTION('',(1.,-0.));
#1475 = ( GEOMETRIC_REPRESENTATION_CONTEXT(2) 
PARAMETRIC_REPRESENTATION_CONTEXT() REPRESENTATION_CONTEXT('2D SPACE',''
  ) );
#1476 = PCURVE('',#716,#1477);
#1477 = DEFINITIONAL_REPRESENTATION('',(#1478),#1482);
#1478 = LINE('',#1479,#1480);
#1479 = CARTESIAN_POINT('',(-0.,-1.6));
#1480 = VECTOR('',#1481,1.);
#1481 = DIRECTION('',(-1.,0.));
#1482 = ( GEOMETRIC_REPRESENTATION_CONTEXT(2) 
PARAMETRIC_REPRESENTATION_CONTEXT() REPRESENTATION_CONTEXT('2D SPACE',''
  ) );
#1483 = ORIENTED_EDGE('',*,*,#1484,.T.);
#1484 = EDGE_CURVE('',#1462,#1438,#1485,.T.);
#1485 = SURFACE_CURVE('',#1486,(#1491,#1498),.PCURVE_S1.);
#1486 = HYPERBOLA('',#1487,0.8,0.8);
#1487 = AXIS2_PLACEMENT_3D('',#1488,#1489,#1490);
#1488 = CARTESIAN_POINT('',(0.,0.8,56.05));
#1489 = DIRECTION('',(0.,1.,0.));
#1490 = DIRECTION('',(0.,-0.,-1.));
#1491 = PCURVE('',#44,#1492);
#1492 = DEFINITIONAL_REPRESENTATION('',(#1493),#1497);
#1493 = ( BOUNDED_CURVE() B_SPLINE_CURVE(2,(#1494,#1495,#1496),
.UNSPECIFIED.,.F.,.F.) B_SPLINE_CURVE_WITH_KNOTS((3,3),(-4.470078188586,
-4.418695417231),.PIECEWISE_BEZIER_KNOTS.) CURVE() 
GEOMETRIC_REPRESENTATION_ITEM() RATIONAL_B_SPLINE_CURVE((1.,
1.000330041802,1.)) REPRESENTATION_ITEM('') );
#1494 = CARTESIAN_POINT('',(26.8,12.240842863331));
#1495 = CARTESIAN_POINT('',(25.902518781417,11.343126436965));
#1496 = CARTESIAN_POINT('',(25.05,10.490360046254));
#1497 = ( GEOMETRIC_REPRESENTATION_CONTEXT(2) 
PARAMETRIC_REPRESENTATION_CONTEXT() REPRESENTATION_CONTEXT('2D SPACE',''
  ) );
#1498 = PCURVE('',#1499,#1504);
#1499 = CONICAL_SURFACE('',#1500,34.95,0.785398163397);
#1500 = AXIS2_PLACEMENT_3D('',#1501,#1502,#1503);
#1501 = CARTESIAN_POINT('',(0.,0.,21.1));
#1502 = DIRECTION('',(-0.,-0.,-1.));
#1503 = DIRECTION('',(1.,0.,0.));
#1504 = DEFINITIONAL_REPRESENTATION('',(#1505),#1512);
#1505 = B_SPLINE_CURVE_WITH_KNOTS('',5,(#1506,#1507,#1508,#1509,#1510,
    #1511),.UNSPECIFIED.,.F.,.F.,(6,6),(-4.470078188586,-4.418695417231)
  ,.PIECEWISE_BEZIER_KNOTS.);
#1506 = CARTESIAN_POINT('',(-2.289184193979E-02,0.));
#1507 = CARTESIAN_POINT('',(-2.312707064986E-02,-0.359071467965));
#1508 = CARTESIAN_POINT('',(-2.336532024397E-02,-0.713529205336));
#1509 = CARTESIAN_POINT('',(-2.360664242201E-02,-1.063452213371));
#1510 = CARTESIAN_POINT('',(-2.385109020857E-02,-1.408917463705));
#1511 = CARTESIAN_POINT('',(-2.409871802233E-02,-1.75));
#1512 = ( GEOMETRIC_REPRESENTATION_CONTEXT(2) 
PARAMETRIC_REPRESENTATION_CONTEXT() REPRESENTATION_CONTEXT('2D SPACE',''
  ) );
#1513 = ADVANCED_FACE('',(#1514),#77,.T.);
#1514 = FACE_BOUND('',#1515,.T.);
#1515 = EDGE_LOOP('',(#1516,#1517,#1518,#1542));
#1516 = ORIENTED_EDGE('',*,*,#56,.F.);
#1517 = ORIENTED_EDGE('',*,*,#1437,.T.);
#1518 = ORIENTED_EDGE('',*,*,#1519,.T.);
#1519 = EDGE_CURVE('',#1438,#1520,#1522,.T.);
#1520 = VERTEX_POINT('',#1521);
#1521 = CARTESIAN_POINT('',(17.288000346154,28.343694960809,22.85));
#1522 = SURFACE_CURVE('',#1523,(#1528,#1535),.PCURVE_S1.);
#1523 = CIRCLE('',#1524,33.2);
#1524 = AXIS2_PLACEMENT_3D('',#1525,#1526,#1527);
#1525 = CARTESIAN_POINT('',(0.,0.,22.85));
#1526 = DIRECTION('',(0.,0.,1.));
#1527 = DIRECTION('',(1.,0.,0.));
#1528 = PCURVE('',#77,#1529);
#1529 = DEFINITIONAL_REPRESENTATION('',(#1530),#1534);
#1530 = LINE('',#1531,#1532);
#1531 = CARTESIAN_POINT('',(0.,-29.35));
#1532 = VECTOR('',#1533,1.);
#1533 = DIRECTION('',(1.,0.));
#1534 = ( GEOMETRIC_REPRESENTATION_CONTEXT(2) 
PARAMETRIC_REPRESENTATION_CONTEXT() REPRESENTATION_CONTEXT('2D SPACE',''
  ) );
#1535 = PCURVE('',#1499,#1536);
#1536 = DEFINITIONAL_REPRESENTATION('',(#1537),#1541);
#1537 = LINE('',#1538,#1539);
#1538 = CARTESIAN_POINT('',(-0.,-1.75));
#1539 = VECTOR('',#1540,1.);
#1540 = DIRECTION('',(-1.,-0.));
#1541 = ( GEOMETRIC_REPRESENTATION_CONTEXT(2) 
PARAMETRIC_REPRESENTATION_CONTEXT() REPRESENTATION_CONTEXT('2D SPACE',''
  ) );
#1542 = ORIENTED_EDGE('',*,*,#1543,.F.);
#1543 = EDGE_CURVE('',#57,#1520,#1544,.T.);
#1544 = SURFACE_CURVE('',#1545,(#1549,#1556),.PCURVE_S1.);
#1545 = LINE('',#1546,#1547);
#1546 = CARTESIAN_POINT('',(17.288000346154,28.343694960809,52.2));
#1547 = VECTOR('',#1548,1.);
#1548 = DIRECTION('',(1.415640699599E-14,-9.119992968568E-15,-1.));
#1549 = PCURVE('',#77,#1550);
#1550 = DEFINITIONAL_REPRESENTATION('',(#1551),#1555);
#1551 = LINE('',#1552,#1553);
#1552 = CARTESIAN_POINT('',(1.023098833174,0.));
#1553 = VECTOR('',#1554,1.);
#1554 = DIRECTION('',(-0.,-1.));
#1555 = ( GEOMETRIC_REPRESENTATION_CONTEXT(2) 
PARAMETRIC_REPRESENTATION_CONTEXT() REPRESENTATION_CONTEXT('2D SPACE',''
  ) );
#1556 = PCURVE('',#105,#1557);
#1557 = DEFINITIONAL_REPRESENTATION('',(#1558),#1562);
#1558 = LINE('',#1559,#1560);
#1559 = CARTESIAN_POINT('',(-4.3,10.490360046254));
#1560 = VECTOR('',#1561,1.);
#1561 = DIRECTION('',(1.,-8.199420951223E-16));
#1562 = ( GEOMETRIC_REPRESENTATION_CONTEXT(2) 
PARAMETRIC_REPRESENTATION_CONTEXT() REPRESENTATION_CONTEXT('2D SPACE',''
  ) );
#1563 = ADVANCED_FACE('',(#1564),#105,.T.);
#1564 = FACE_BOUND('',#1565,.F.);
#1565 = EDGE_LOOP('',(#1566,#1567,#1568,#1591));
#1566 = ORIENTED_EDGE('',*,*,#1543,.F.);
#1567 = ORIENTED_EDGE('',*,*,#89,.F.);
#1568 = ORIENTED_EDGE('',*,*,#1569,.T.);
#1569 = EDGE_CURVE('',#90,#1570,#1572,.T.);
#1570 = VERTEX_POINT('',#1571);
#1571 = CARTESIAN_POINT('',(18.092820323028,29.737684051698,
    21.240805812257));
#1572 = SURFACE_CURVE('',#1573,(#1577,#1584),.PCURVE_S1.);
#1573 = LINE('',#1574,#1575);
#1574 = CARTESIAN_POINT('',(18.092820323028,29.737684051698,52.2));
#1575 = VECTOR('',#1576,1.);
#1576 = DIRECTION('',(0.,-0.,-1.));
#1577 = PCURVE('',#105,#1578);
#1578 = DEFINITIONAL_REPRESENTATION('',(#1579),#1583);
#1579 = LINE('',#1580,#1581);
#1580 = CARTESIAN_POINT('',(-4.3,12.1));
#1581 = VECTOR('',#1582,1.);
#1582 = DIRECTION('',(1.,-0.));
#1583 = ( GEOMETRIC_REPRESENTATION_CONTEXT(2) 
PARAMETRIC_REPRESENTATION_CONTEXT() REPRESENTATION_CONTEXT('2D SPACE',''
  ) );
#1584 = PCURVE('',#133,#1585);
#1585 = DEFINITIONAL_REPRESENTATION('',(#1586),#1590);
#1586 = LINE('',#1587,#1588);
#1587 = CARTESIAN_POINT('',(0.,-0.));
#1588 = VECTOR('',#1589,1.);
#1589 = DIRECTION('',(-1.,0.));
#1590 = ( GEOMETRIC_REPRESENTATION_CONTEXT(2) 
PARAMETRIC_REPRESENTATION_CONTEXT() REPRESENTATION_CONTEXT('2D SPACE',''
  ) );
#1591 = ORIENTED_EDGE('',*,*,#1592,.T.);
#1592 = EDGE_CURVE('',#1570,#1520,#1593,.T.);
#1593 = SURFACE_CURVE('',#1594,(#1599,#1606),.PCURVE_S1.);
#1594 = HYPERBOLA('',#1595,0.8,0.8);
#1595 = AXIS2_PLACEMENT_3D('',#1596,#1597,#1598);
#1596 = CARTESIAN_POINT('',(0.692820323028,-0.4,56.05));
#1597 = DIRECTION('',(-0.866025403784,0.5,0.));
#1598 = DIRECTION('',(-0.,0.,-1.));
#1599 = PCURVE('',#105,#1600);
#1600 = DEFINITIONAL_REPRESENTATION('',(#1601),#1605);
#1601 = ( BOUNDED_CURVE() B_SPLINE_CURVE(2,(#1602,#1603,#1604),
.UNSPECIFIED.,.F.,.F.) B_SPLINE_CURVE_WITH_KNOTS((3,3),(-4.470078188586,
-4.418695417231),.PIECEWISE_BEZIER_KNOTS.) CURVE() 
GEOMETRIC_REPRESENTATION_ITEM() RATIONAL_B_SPLINE_CURVE((1.,
1.000330041802,1.)) REPRESENTATION_ITEM('') );
#1602 = CARTESIAN_POINT('',(26.8,12.240842863331));
#1603 = CARTESIAN_POINT('',(25.902518781417,11.343126436965));
#1604 = CARTESIAN_POINT('',(25.05,10.490360046254));
#1605 = ( GEOMETRIC_REPRESENTATION_CONTEXT(2) 
PARAMETRIC_REPRESENTATION_CONTEXT() REPRESENTATION_CONTEXT('2D SPACE',''
  ) );
#1606 = PCURVE('',#1499,#1607);
#1607 = DEFINITIONAL_REPRESENTATION('',(#1608),#1615);
#1608 = B_SPLINE_CURVE_WITH_KNOTS('',5,(#1609,#1610,#1611,#1612,#1613,
    #1614),.UNSPECIFIED.,.F.,.F.,(6,6),(-4.470078188586,-4.418695417231)
  ,.PIECEWISE_BEZIER_KNOTS.);
#1609 = CARTESIAN_POINT('',(-1.024305709257,-1.42108547152E-14));
#1610 = CARTESIAN_POINT('',(-1.024070480547,-0.359071467965));
#1611 = CARTESIAN_POINT('',(-1.023832230953,-0.713529205336));
#1612 = CARTESIAN_POINT('',(-1.023590908775,-1.063452213371));
#1613 = CARTESIAN_POINT('',(-1.023346460988,-1.408917463705));
#1614 = CARTESIAN_POINT('',(-1.023098833174,-1.75));
#1615 = ( GEOMETRIC_REPRESENTATION_CONTEXT(2) 
PARAMETRIC_REPRESENTATION_CONTEXT() REPRESENTATION_CONTEXT('2D SPACE',''
  ) );
#1616 = ADVANCED_FACE('',(#1617),#133,.T.);
#1617 = FACE_BOUND('',#1618,.F.);
#1618 = EDGE_LOOP('',(#1619,#1620,#1621,#1644));
#1619 = ORIENTED_EDGE('',*,*,#1569,.F.);
#1620 = ORIENTED_EDGE('',*,*,#117,.T.);
#1621 = ORIENTED_EDGE('',*,*,#1622,.T.);
#1622 = EDGE_CURVE('',#118,#1623,#1625,.T.);
#1623 = VERTEX_POINT('',#1624);
#1624 = CARTESIAN_POINT('',(16.707179676972,30.537684051698,
    21.240805812257));
#1625 = SURFACE_CURVE('',#1626,(#1630,#1637),.PCURVE_S1.);
#1626 = LINE('',#1627,#1628);
#1627 = CARTESIAN_POINT('',(16.707179676972,30.537684051698,52.2));
#1628 = VECTOR('',#1629,1.);
#1629 = DIRECTION('',(0.,-0.,-1.));
#1630 = PCURVE('',#133,#1631);
#1631 = DEFINITIONAL_REPRESENTATION('',(#1632),#1636);
#1632 = LINE('',#1633,#1634);
#1633 = CARTESIAN_POINT('',(-0.,-1.6));
#1634 = VECTOR('',#1635,1.);
#1635 = DIRECTION('',(-1.,0.));
#1636 = ( GEOMETRIC_REPRESENTATION_CONTEXT(2) 
PARAMETRIC_REPRESENTATION_CONTEXT() REPRESENTATION_CONTEXT('2D SPACE',''
  ) );
#1637 = PCURVE('',#161,#1638);
#1638 = DEFINITIONAL_REPRESENTATION('',(#1639),#1643);
#1639 = LINE('',#1640,#1641);
#1640 = CARTESIAN_POINT('',(0.,2.1));
#1641 = VECTOR('',#1642,1.);
#1642 = DIRECTION('',(-1.,0.));
#1643 = ( GEOMETRIC_REPRESENTATION_CONTEXT(2) 
PARAMETRIC_REPRESENTATION_CONTEXT() REPRESENTATION_CONTEXT('2D SPACE',''
  ) );
#1644 = ORIENTED_EDGE('',*,*,#1645,.T.);
#1645 = EDGE_CURVE('',#1623,#1570,#1646,.T.);
#1646 = SURFACE_CURVE('',#1647,(#1652,#1659),.PCURVE_S1.);
#1647 = HYPERBOLA('',#1648,34.8,34.8);
#1648 = AXIS2_PLACEMENT_3D('',#1649,#1650,#1651);
#1649 = CARTESIAN_POINT('',(17.4,30.137684051698,56.05));
#1650 = DIRECTION('',(-0.5,-0.866025403784,-0.));
#1651 = DIRECTION('',(0.,0.,-1.));
#1652 = PCURVE('',#133,#1653);
#1653 = DEFINITIONAL_REPRESENTATION('',(#1654),#1658);
#1654 = ( BOUNDED_CURVE() B_SPLINE_CURVE(2,(#1655,#1656,#1657),
.UNSPECIFIED.,.F.,.F.) B_SPLINE_CURVE_WITH_KNOTS((3,3),(
    -2.758270924908E-02,2.758270924908E-02),.PIECEWISE_BEZIER_KNOTS.) 
CURVE() GEOMETRIC_REPRESENTATION_ITEM() RATIONAL_B_SPLINE_CURVE((1.,
1.000380427043,1.)) REPRESENTATION_ITEM('') );
#1655 = CARTESIAN_POINT('',(-30.9632388611,-1.76));
#1656 = CARTESIAN_POINT('',(-30.9367661734,-0.8));
#1657 = CARTESIAN_POINT('',(-30.9632388611,0.16));
#1658 = ( GEOMETRIC_REPRESENTATION_CONTEXT(2) 
PARAMETRIC_REPRESENTATION_CONTEXT() REPRESENTATION_CONTEXT('2D SPACE',''
  ) );
#1659 = PCURVE('',#1499,#1660);
#1660 = DEFINITIONAL_REPRESENTATION('',(#1661),#1668);
#1661 = B_SPLINE_CURVE_WITH_KNOTS('',5,(#1662,#1663,#1664,#1665,#1666,
    #1667),.UNSPECIFIED.,.F.,.F.,(6,6),(-2.758270924908E-02,
    2.758270924908E-02),.PIECEWISE_BEZIER_KNOTS.);
#1662 = CARTESIAN_POINT('',(-1.074776763596,-0.1367611389));
#1663 = CARTESIAN_POINT('',(-1.063747875584,-0.147352899252));
#1664 = CARTESIAN_POINT('',(-1.052714793214,-0.15264743648));
#1665 = CARTESIAN_POINT('',(-1.041680309179,-0.15264743648));
#1666 = CARTESIAN_POINT('',(-1.030647226809,-0.147352899252));
#1667 = CARTESIAN_POINT('',(-1.019618338797,-0.1367611389));
#1668 = ( GEOMETRIC_REPRESENTATION_CONTEXT(2) 
PARAMETRIC_REPRESENTATION_CONTEXT() REPRESENTATION_CONTEXT('2D SPACE',''
  ) );
#1669 = ADVANCED_FACE('',(#1670),#161,.T.);
#1670 = FACE_BOUND('',#1671,.F.);
#1671 = EDGE_LOOP('',(#1672,#1673,#1696,#1721));
#1672 = ORIENTED_EDGE('',*,*,#145,.F.);
#1673 = ORIENTED_EDGE('',*,*,#1674,.F.);
#1674 = EDGE_CURVE('',#1675,#146,#1677,.T.);
#1675 = VERTEX_POINT('',#1676);
#1676 = CARTESIAN_POINT('',(15.9023597001,29.143694960808,22.85));
#1677 = SURFACE_CURVE('',#1678,(#1682,#1689),.PCURVE_S1.);
#1678 = LINE('',#1679,#1680);
#1679 = CARTESIAN_POINT('',(15.902359700099,29.143694960808,0.));
#1680 = VECTOR('',#1681,1.);
#1681 = DIRECTION('',(1.31355122607E-14,-6.737905252898E-15,1.));
#1682 = PCURVE('',#161,#1683);
#1683 = DEFINITIONAL_REPRESENTATION('',(#1684),#1688);
#1684 = LINE('',#1685,#1686);
#1685 = CARTESIAN_POINT('',(-52.2,0.490360046254));
#1686 = VECTOR('',#1687,1.);
#1687 = DIRECTION('',(1.,7.325590130477E-16));
#1688 = ( GEOMETRIC_REPRESENTATION_CONTEXT(2) 
PARAMETRIC_REPRESENTATION_CONTEXT() REPRESENTATION_CONTEXT('2D SPACE',''
  ) );
#1689 = PCURVE('',#194,#1690);
#1690 = DEFINITIONAL_REPRESENTATION('',(#1691),#1695);
#1691 = LINE('',#1692,#1693);
#1692 = CARTESIAN_POINT('',(1.071296269219,-52.2));
#1693 = VECTOR('',#1694,1.);
#1694 = DIRECTION('',(0.,1.));
#1695 = ( GEOMETRIC_REPRESENTATION_CONTEXT(2) 
PARAMETRIC_REPRESENTATION_CONTEXT() REPRESENTATION_CONTEXT('2D SPACE',''
  ) );
#1696 = ORIENTED_EDGE('',*,*,#1697,.T.);
#1697 = EDGE_CURVE('',#1675,#1623,#1698,.T.);
#1698 = SURFACE_CURVE('',#1699,(#1704,#1711),.PCURVE_S1.);
#1699 = HYPERBOLA('',#1700,0.8,0.8);
#1700 = AXIS2_PLACEMENT_3D('',#1701,#1702,#1703);
#1701 = CARTESIAN_POINT('',(-0.692820323028,0.4,56.05));
#1702 = DIRECTION('',(0.866025403784,-0.5,0.));
#1703 = DIRECTION('',(0.,-0.,-1.));
#1704 = PCURVE('',#161,#1705);
#1705 = DEFINITIONAL_REPRESENTATION('',(#1706),#1710);
#1706 = ( BOUNDED_CURVE() B_SPLINE_CURVE(2,(#1707,#1708,#1709),
.UNSPECIFIED.,.F.,.F.) B_SPLINE_CURVE_WITH_KNOTS((3,3),(4.418695417231,
4.470078188586),.PIECEWISE_BEZIER_KNOTS.) CURVE() 
GEOMETRIC_REPRESENTATION_ITEM() RATIONAL_B_SPLINE_CURVE((1.,
1.000330041802,1.)) REPRESENTATION_ITEM('') );
#1707 = CARTESIAN_POINT('',(-29.35,0.490360046254));
#1708 = CARTESIAN_POINT('',(-30.20251878141,1.343126436965));
#1709 = CARTESIAN_POINT('',(-31.1,2.240842863331));
#1710 = ( GEOMETRIC_REPRESENTATION_CONTEXT(2) 
PARAMETRIC_REPRESENTATION_CONTEXT() REPRESENTATION_CONTEXT('2D SPACE',''
  ) );
#1711 = PCURVE('',#1499,#1712);
#1712 = DEFINITIONAL_REPRESENTATION('',(#1713),#1720);
#1713 = B_SPLINE_CURVE_WITH_KNOTS('',5,(#1714,#1715,#1716,#1717,#1718,
    #1719),.UNSPECIFIED.,.F.,.F.,(6,6),(4.418695417231,4.470078188586),
  .PIECEWISE_BEZIER_KNOTS.);
#1714 = CARTESIAN_POINT('',(-1.071296269219,-1.75));
#1715 = CARTESIAN_POINT('',(-1.071048641405,-1.408917463705));
#1716 = CARTESIAN_POINT('',(-1.070804193619,-1.063452213371));
#1717 = CARTESIAN_POINT('',(-1.070562871441,-0.713529205336));
#1718 = CARTESIAN_POINT('',(-1.070324621846,-0.359071467965));
#1719 = CARTESIAN_POINT('',(-1.070089393136,-1.42108547152E-14));
#1720 = ( GEOMETRIC_REPRESENTATION_CONTEXT(2) 
PARAMETRIC_REPRESENTATION_CONTEXT() REPRESENTATION_CONTEXT('2D SPACE',''
  ) );
#1721 = ORIENTED_EDGE('',*,*,#1622,.F.);
#1722 = ADVANCED_FACE('',(#1723),#194,.T.);
#1723 = FACE_BOUND('',#1724,.T.);
#1724 = EDGE_LOOP('',(#1725,#1726,#1750,#1771));
#1725 = ORIENTED_EDGE('',*,*,#1674,.F.);
#1726 = ORIENTED_EDGE('',*,*,#1727,.T.);
#1727 = EDGE_CURVE('',#1675,#1728,#1730,.T.);
#1728 = VERTEX_POINT('',#1729);
#1729 = CARTESIAN_POINT('',(-15.90235970009,29.143694960809,22.85));
#1730 = SURFACE_CURVE('',#1731,(#1736,#1743),.PCURVE_S1.);
#1731 = CIRCLE('',#1732,33.2);
#1732 = AXIS2_PLACEMENT_3D('',#1733,#1734,#1735);
#1733 = CARTESIAN_POINT('',(0.,0.,22.85));
#1734 = DIRECTION('',(0.,0.,1.));
#1735 = DIRECTION('',(1.,0.,0.));
#1736 = PCURVE('',#194,#1737);
#1737 = DEFINITIONAL_REPRESENTATION('',(#1738),#1742);
#1738 = LINE('',#1739,#1740);
#1739 = CARTESIAN_POINT('',(0.,-29.35));
#1740 = VECTOR('',#1741,1.);
#1741 = DIRECTION('',(1.,0.));
#1742 = ( GEOMETRIC_REPRESENTATION_CONTEXT(2) 
PARAMETRIC_REPRESENTATION_CONTEXT() REPRESENTATION_CONTEXT('2D SPACE',''
  ) );
#1743 = PCURVE('',#1499,#1744);
#1744 = DEFINITIONAL_REPRESENTATION('',(#1745),#1749);
#1745 = LINE('',#1746,#1747);
#1746 = CARTESIAN_POINT('',(-0.,-1.75));
#1747 = VECTOR('',#1748,1.);
#1748 = DIRECTION('',(-1.,-0.));
#1749 = ( GEOMETRIC_REPRESENTATION_CONTEXT(2) 
PARAMETRIC_REPRESENTATION_CONTEXT() REPRESENTATION_CONTEXT('2D SPACE',''
  ) );
#1750 = ORIENTED_EDGE('',*,*,#1751,.F.);
#1751 = EDGE_CURVE('',#174,#1728,#1752,.T.);
#1752 = SURFACE_CURVE('',#1753,(#1757,#1764),.PCURVE_S1.);
#1753 = LINE('',#1754,#1755);
#1754 = CARTESIAN_POINT('',(-15.9023597001,29.143694960808,52.2));
#1755 = VECTOR('',#1756,1.);
#1756 = DIRECTION('',(1.357789997932E-14,6.942084199955E-15,-1.));
#1757 = PCURVE('',#194,#1758);
#1758 = DEFINITIONAL_REPRESENTATION('',(#1759),#1763);
#1759 = LINE('',#1760,#1761);
#1760 = CARTESIAN_POINT('',(2.070296384371,0.));
#1761 = VECTOR('',#1762,1.);
#1762 = DIRECTION('',(-0.,-1.));
#1763 = ( GEOMETRIC_REPRESENTATION_CONTEXT(2) 
PARAMETRIC_REPRESENTATION_CONTEXT() REPRESENTATION_CONTEXT('2D SPACE',''
  ) );
#1764 = PCURVE('',#222,#1765);
#1765 = DEFINITIONAL_REPRESENTATION('',(#1766),#1770);
#1766 = LINE('',#1767,#1768);
#1767 = CARTESIAN_POINT('',(-4.3,10.490360046254));
#1768 = VECTOR('',#1769,1.);
#1769 = DIRECTION('',(1.,-7.769287172903E-16));
#1770 = ( GEOMETRIC_REPRESENTATION_CONTEXT(2) 
PARAMETRIC_REPRESENTATION_CONTEXT() REPRESENTATION_CONTEXT('2D SPACE',''
  ) );
#1771 = ORIENTED_EDGE('',*,*,#173,.F.);
#1772 = ADVANCED_FACE('',(#1773),#222,.T.);
#1773 = FACE_BOUND('',#1774,.F.);
#1774 = EDGE_LOOP('',(#1775,#1776,#1777,#1800));
#1775 = ORIENTED_EDGE('',*,*,#1751,.F.);
#1776 = ORIENTED_EDGE('',*,*,#206,.F.);
#1777 = ORIENTED_EDGE('',*,*,#1778,.T.);
#1778 = EDGE_CURVE('',#207,#1779,#1781,.T.);
#1779 = VERTEX_POINT('',#1780);
#1780 = CARTESIAN_POINT('',(-16.70717967697,30.537684051698,
    21.240805812257));
#1781 = SURFACE_CURVE('',#1782,(#1786,#1793),.PCURVE_S1.);
#1782 = LINE('',#1783,#1784);
#1783 = CARTESIAN_POINT('',(-16.70717967697,30.537684051698,52.2));
#1784 = VECTOR('',#1785,1.);
#1785 = DIRECTION('',(0.,-0.,-1.));
#1786 = PCURVE('',#222,#1787);
#1787 = DEFINITIONAL_REPRESENTATION('',(#1788),#1792);
#1788 = LINE('',#1789,#1790);
#1789 = CARTESIAN_POINT('',(-4.3,12.1));
#1790 = VECTOR('',#1791,1.);
#1791 = DIRECTION('',(1.,-0.));
#1792 = ( GEOMETRIC_REPRESENTATION_CONTEXT(2) 
PARAMETRIC_REPRESENTATION_CONTEXT() REPRESENTATION_CONTEXT('2D SPACE',''
  ) );
#1793 = PCURVE('',#250,#1794);
#1794 = DEFINITIONAL_REPRESENTATION('',(#1795),#1799);
#1795 = LINE('',#1796,#1797);
#1796 = CARTESIAN_POINT('',(0.,-0.));
#1797 = VECTOR('',#1798,1.);
#1798 = DIRECTION('',(-1.,0.));
#1799 = ( GEOMETRIC_REPRESENTATION_CONTEXT(2) 
PARAMETRIC_REPRESENTATION_CONTEXT() REPRESENTATION_CONTEXT('2D SPACE',''
  ) );
#1800 = ORIENTED_EDGE('',*,*,#1801,.T.);
#1801 = EDGE_CURVE('',#1779,#1728,#1802,.T.);
#1802 = SURFACE_CURVE('',#1803,(#1808,#1815),.PCURVE_S1.);
#1803 = HYPERBOLA('',#1804,0.8,0.8);
#1804 = AXIS2_PLACEMENT_3D('',#1805,#1806,#1807);
#1805 = CARTESIAN_POINT('',(0.692820323028,0.4,56.05));
#1806 = DIRECTION('',(-0.866025403784,-0.5,0.));
#1807 = DIRECTION('',(-0.,0.,-1.));
#1808 = PCURVE('',#222,#1809);
#1809 = DEFINITIONAL_REPRESENTATION('',(#1810),#1814);
#1810 = ( BOUNDED_CURVE() B_SPLINE_CURVE(2,(#1811,#1812,#1813),
.UNSPECIFIED.,.F.,.F.) B_SPLINE_CURVE_WITH_KNOTS((3,3),(-4.470078188586,
-4.418695417231),.PIECEWISE_BEZIER_KNOTS.) CURVE() 
GEOMETRIC_REPRESENTATION_ITEM() RATIONAL_B_SPLINE_CURVE((1.,
1.000330041802,1.)) REPRESENTATION_ITEM('') );
#1811 = CARTESIAN_POINT('',(26.8,12.240842863331));
#1812 = CARTESIAN_POINT('',(25.902518781417,11.343126436965));
#1813 = CARTESIAN_POINT('',(25.05,10.490360046254));
#1814 = ( GEOMETRIC_REPRESENTATION_CONTEXT(2) 
PARAMETRIC_REPRESENTATION_CONTEXT() REPRESENTATION_CONTEXT('2D SPACE',''
  ) );
#1815 = PCURVE('',#1499,#1816);
#1816 = DEFINITIONAL_REPRESENTATION('',(#1817),#1824);
#1817 = B_SPLINE_CURVE_WITH_KNOTS('',5,(#1818,#1819,#1820,#1821,#1822,
    #1823),.UNSPECIFIED.,.F.,.F.,(6,6),(-4.470078188586,-4.418695417231)
  ,.PIECEWISE_BEZIER_KNOTS.);
#1818 = CARTESIAN_POINT('',(-2.071503260453,-1.42108547152E-14));
#1819 = CARTESIAN_POINT('',(-2.071268031743,-0.359071467965));
#1820 = CARTESIAN_POINT('',(-2.071029782149,-0.713529205336));
#1821 = CARTESIAN_POINT('',(-2.070788459971,-1.063452213371));
#1822 = CARTESIAN_POINT('',(-2.070544012185,-1.408917463705));
#1823 = CARTESIAN_POINT('',(-2.070296384371,-1.75));
#1824 = ( GEOMETRIC_REPRESENTATION_CONTEXT(2) 
PARAMETRIC_REPRESENTATION_CONTEXT() REPRESENTATION_CONTEXT('2D SPACE',''
  ) );
#1825 = ADVANCED_FACE('',(#1826),#250,.T.);
#1826 = FACE_BOUND('',#1827,.F.);
#1827 = EDGE_LOOP('',(#1828,#1829,#1830,#1853));
#1828 = ORIENTED_EDGE('',*,*,#1778,.F.);
#1829 = ORIENTED_EDGE('',*,*,#234,.T.);
#1830 = ORIENTED_EDGE('',*,*,#1831,.T.);
#1831 = EDGE_CURVE('',#235,#1832,#1834,.T.);
#1832 = VERTEX_POINT('',#1833);
#1833 = CARTESIAN_POINT('',(-18.09282032302,29.737684051698,
    21.240805812257));
#1834 = SURFACE_CURVE('',#1835,(#1839,#1846),.PCURVE_S1.);
#1835 = LINE('',#1836,#1837);
#1836 = CARTESIAN_POINT('',(-18.09282032302,29.737684051698,52.2));
#1837 = VECTOR('',#1838,1.);
#1838 = DIRECTION('',(0.,-0.,-1.));
#1839 = PCURVE('',#250,#1840);
#1840 = DEFINITIONAL_REPRESENTATION('',(#1841),#1845);
#1841 = LINE('',#1842,#1843);
#1842 = CARTESIAN_POINT('',(-0.,-1.6));
#1843 = VECTOR('',#1844,1.);
#1844 = DIRECTION('',(-1.,0.));
#1845 = ( GEOMETRIC_REPRESENTATION_CONTEXT(2) 
PARAMETRIC_REPRESENTATION_CONTEXT() REPRESENTATION_CONTEXT('2D SPACE',''
  ) );
#1846 = PCURVE('',#278,#1847);
#1847 = DEFINITIONAL_REPRESENTATION('',(#1848),#1852);
#1848 = LINE('',#1849,#1850);
#1849 = CARTESIAN_POINT('',(-0.,2.1));
#1850 = VECTOR('',#1851,1.);
#1851 = DIRECTION('',(-1.,0.));
#1852 = ( GEOMETRIC_REPRESENTATION_CONTEXT(2) 
PARAMETRIC_REPRESENTATION_CONTEXT() REPRESENTATION_CONTEXT('2D SPACE',''
  ) );
#1853 = ORIENTED_EDGE('',*,*,#1854,.T.);
#1854 = EDGE_CURVE('',#1832,#1779,#1855,.T.);
#1855 = SURFACE_CURVE('',#1856,(#1861,#1868),.PCURVE_S1.);
#1856 = HYPERBOLA('',#1857,34.8,34.8);
#1857 = AXIS2_PLACEMENT_3D('',#1858,#1859,#1860);
#1858 = CARTESIAN_POINT('',(-17.4,30.137684051698,56.05));
#1859 = DIRECTION('',(0.5,-0.866025403784,-0.));
#1860 = DIRECTION('',(-0.,0.,-1.));
#1861 = PCURVE('',#250,#1862);
#1862 = DEFINITIONAL_REPRESENTATION('',(#1863),#1867);
#1863 = ( BOUNDED_CURVE() B_SPLINE_CURVE(2,(#1864,#1865,#1866),
.UNSPECIFIED.,.F.,.F.) B_SPLINE_CURVE_WITH_KNOTS((3,3),(
    -2.758270924908E-02,2.758270924908E-02),.PIECEWISE_BEZIER_KNOTS.) 
CURVE() GEOMETRIC_REPRESENTATION_ITEM() RATIONAL_B_SPLINE_CURVE((1.,
1.000380427043,1.)) REPRESENTATION_ITEM('') );
#1864 = CARTESIAN_POINT('',(-30.9632388611,-1.76));
#1865 = CARTESIAN_POINT('',(-30.9367661734,-0.8));
#1866 = CARTESIAN_POINT('',(-30.9632388611,0.16));
#1867 = ( GEOMETRIC_REPRESENTATION_CONTEXT(2) 
PARAMETRIC_REPRESENTATION_CONTEXT() REPRESENTATION_CONTEXT('2D SPACE',''
  ) );
#1868 = PCURVE('',#1499,#1869);
#1869 = DEFINITIONAL_REPRESENTATION('',(#1870),#1877);
#1870 = B_SPLINE_CURVE_WITH_KNOTS('',5,(#1871,#1872,#1873,#1874,#1875,
    #1876),.UNSPECIFIED.,.F.,.F.,(6,6),(-2.758270924908E-02,
    2.758270924908E-02),.PIECEWISE_BEZIER_KNOTS.);
#1871 = CARTESIAN_POINT('',(-2.121974314793,-0.1367611389));
#1872 = CARTESIAN_POINT('',(-2.110945426781,-0.147352899252));
#1873 = CARTESIAN_POINT('',(-2.099912344411,-0.15264743648));
#1874 = CARTESIAN_POINT('',(-2.088877860376,-0.15264743648));
#1875 = CARTESIAN_POINT('',(-2.077844778006,-0.147352899252));
#1876 = CARTESIAN_POINT('',(-2.066815889993,-0.1367611389));
#1877 = ( GEOMETRIC_REPRESENTATION_CONTEXT(2) 
PARAMETRIC_REPRESENTATION_CONTEXT() REPRESENTATION_CONTEXT('2D SPACE',''
  ) );
#1878 = ADVANCED_FACE('',(#1879),#278,.T.);
#1879 = FACE_BOUND('',#1880,.F.);
#1880 = EDGE_LOOP('',(#1881,#1882,#1905,#1930));
#1881 = ORIENTED_EDGE('',*,*,#262,.F.);
#1882 = ORIENTED_EDGE('',*,*,#1883,.F.);
#1883 = EDGE_CURVE('',#1884,#263,#1886,.T.);
#1884 = VERTEX_POINT('',#1885);
#1885 = CARTESIAN_POINT('',(-17.28800034615,28.343694960808,22.85));
#1886 = SURFACE_CURVE('',#1887,(#1891,#1898),.PCURVE_S1.);
#1887 = LINE('',#1888,#1889);
#1888 = CARTESIAN_POINT('',(-17.28800034615,28.343694960808,0.));
#1889 = VECTOR('',#1890,1.);
#1890 = DIRECTION('',(1.402028769795E-14,9.119992968568E-15,1.));
#1891 = PCURVE('',#278,#1892);
#1892 = DEFINITIONAL_REPRESENTATION('',(#1893),#1897);
#1893 = LINE('',#1894,#1895);
#1894 = CARTESIAN_POINT('',(-52.2,0.490360046254));
#1895 = VECTOR('',#1896,1.);
#1896 = DIRECTION('',(1.,8.880017441415E-16));
#1897 = ( GEOMETRIC_REPRESENTATION_CONTEXT(2) 
PARAMETRIC_REPRESENTATION_CONTEXT() REPRESENTATION_CONTEXT('2D SPACE',''
  ) );
#1898 = PCURVE('',#311,#1899);
#1899 = DEFINITIONAL_REPRESENTATION('',(#1900),#1904);
#1900 = LINE('',#1901,#1902);
#1901 = CARTESIAN_POINT('',(2.118493820416,-52.2));
#1902 = VECTOR('',#1903,1.);
#1903 = DIRECTION('',(0.,1.));
#1904 = ( GEOMETRIC_REPRESENTATION_CONTEXT(2) 
PARAMETRIC_REPRESENTATION_CONTEXT() REPRESENTATION_CONTEXT('2D SPACE',''
  ) );
#1905 = ORIENTED_EDGE('',*,*,#1906,.T.);
#1906 = EDGE_CURVE('',#1884,#1832,#1907,.T.);
#1907 = SURFACE_CURVE('',#1908,(#1913,#1920),.PCURVE_S1.);
#1908 = HYPERBOLA('',#1909,0.8,0.8);
#1909 = AXIS2_PLACEMENT_3D('',#1910,#1911,#1912);
#1910 = CARTESIAN_POINT('',(-0.692820323028,-0.4,56.05));
#1911 = DIRECTION('',(0.866025403784,0.5,0.));
#1912 = DIRECTION('',(0.,0.,-1.));
#1913 = PCURVE('',#278,#1914);
#1914 = DEFINITIONAL_REPRESENTATION('',(#1915),#1919);
#1915 = ( BOUNDED_CURVE() B_SPLINE_CURVE(2,(#1916,#1917,#1918),
.UNSPECIFIED.,.F.,.F.) B_SPLINE_CURVE_WITH_KNOTS((3,3),(4.418695417231,
4.470078188586),.PIECEWISE_BEZIER_KNOTS.) CURVE() 
GEOMETRIC_REPRESENTATION_ITEM() RATIONAL_B_SPLINE_CURVE((1.,
1.000330041802,1.)) REPRESENTATION_ITEM('') );
#1916 = CARTESIAN_POINT('',(-29.35,0.490360046254));
#1917 = CARTESIAN_POINT('',(-30.20251878141,1.343126436965));
#1918 = CARTESIAN_POINT('',(-31.1,2.240842863331));
#1919 = ( GEOMETRIC_REPRESENTATION_CONTEXT(2) 
PARAMETRIC_REPRESENTATION_CONTEXT() REPRESENTATION_CONTEXT('2D SPACE',''
  ) );
#1920 = PCURVE('',#1499,#1921);
#1921 = DEFINITIONAL_REPRESENTATION('',(#1922),#1929);
#1922 = B_SPLINE_CURVE_WITH_KNOTS('',5,(#1923,#1924,#1925,#1926,#1927,
    #1928),.UNSPECIFIED.,.F.,.F.,(6,6),(4.418695417231,4.470078188586),
  .PIECEWISE_BEZIER_KNOTS.);
#1923 = CARTESIAN_POINT('',(-2.118493820416,-1.75));
#1924 = CARTESIAN_POINT('',(-2.118246192602,-1.408917463705));
#1925 = CARTESIAN_POINT('',(-2.118001744815,-1.063452213371));
#1926 = CARTESIAN_POINT('',(-2.117760422637,-0.713529205336));
#1927 = CARTESIAN_POINT('',(-2.117522173043,-0.359071467965));
#1928 = CARTESIAN_POINT('',(-2.117286944333,7.105427357601E-15));
#1929 = ( GEOMETRIC_REPRESENTATION_CONTEXT(2) 
PARAMETRIC_REPRESENTATION_CONTEXT() REPRESENTATION_CONTEXT('2D SPACE',''
  ) );
#1930 = ORIENTED_EDGE('',*,*,#1831,.F.);
#1931 = ADVANCED_FACE('',(#1932),#311,.T.);
#1932 = FACE_BOUND('',#1933,.T.);
#1933 = EDGE_LOOP('',(#1934,#1935,#1959,#1980));
#1934 = ORIENTED_EDGE('',*,*,#1883,.F.);
#1935 = ORIENTED_EDGE('',*,*,#1936,.T.);
#1936 = EDGE_CURVE('',#1884,#1937,#1939,.T.);
#1937 = VERTEX_POINT('',#1938);
#1938 = CARTESIAN_POINT('',(-33.19036004625,0.799999999999,22.85));
#1939 = SURFACE_CURVE('',#1940,(#1945,#1952),.PCURVE_S1.);
#1940 = CIRCLE('',#1941,33.2);
#1941 = AXIS2_PLACEMENT_3D('',#1942,#1943,#1944);
#1942 = CARTESIAN_POINT('',(0.,0.,22.85));
#1943 = DIRECTION('',(0.,0.,1.));
#1944 = DIRECTION('',(1.,0.,0.));
#1945 = PCURVE('',#311,#1946);
#1946 = DEFINITIONAL_REPRESENTATION('',(#1947),#1951);
#1947 = LINE('',#1948,#1949);
#1948 = CARTESIAN_POINT('',(0.,-29.35));
#1949 = VECTOR('',#1950,1.);
#1950 = DIRECTION('',(1.,0.));
#1951 = ( GEOMETRIC_REPRESENTATION_CONTEXT(2) 
PARAMETRIC_REPRESENTATION_CONTEXT() REPRESENTATION_CONTEXT('2D SPACE',''
  ) );
#1952 = PCURVE('',#1499,#1953);
#1953 = DEFINITIONAL_REPRESENTATION('',(#1954),#1958);
#1954 = LINE('',#1955,#1956);
#1955 = CARTESIAN_POINT('',(-0.,-1.75));
#1956 = VECTOR('',#1957,1.);
#1957 = DIRECTION('',(-1.,-0.));
#1958 = ( GEOMETRIC_REPRESENTATION_CONTEXT(2) 
PARAMETRIC_REPRESENTATION_CONTEXT() REPRESENTATION_CONTEXT('2D SPACE',''
  ) );
#1959 = ORIENTED_EDGE('',*,*,#1960,.F.);
#1960 = EDGE_CURVE('',#291,#1937,#1961,.T.);
#1961 = SURFACE_CURVE('',#1962,(#1966,#1973),.PCURVE_S1.);
#1962 = LINE('',#1963,#1964);
#1963 = CARTESIAN_POINT('',(-33.19036004625,0.799999999999,52.2));
#1964 = VECTOR('',#1965,1.);
#1965 = DIRECTION('',(9.528350862683E-16,2.103893900305E-14,-1.));
#1966 = PCURVE('',#311,#1967);
#1967 = DEFINITIONAL_REPRESENTATION('',(#1968),#1972);
#1968 = LINE('',#1969,#1970);
#1969 = CARTESIAN_POINT('',(3.117493935567,0.));
#1970 = VECTOR('',#1971,1.);
#1971 = DIRECTION('',(-0.,-1.));
#1972 = ( GEOMETRIC_REPRESENTATION_CONTEXT(2) 
PARAMETRIC_REPRESENTATION_CONTEXT() REPRESENTATION_CONTEXT('2D SPACE',''
  ) );
#1973 = PCURVE('',#339,#1974);
#1974 = DEFINITIONAL_REPRESENTATION('',(#1975),#1979);
#1975 = LINE('',#1976,#1977);
#1976 = CARTESIAN_POINT('',(-4.3,10.490360046254));
#1977 = VECTOR('',#1978,1.);
#1978 = DIRECTION('',(1.,-9.528350862683E-16));
#1979 = ( GEOMETRIC_REPRESENTATION_CONTEXT(2) 
PARAMETRIC_REPRESENTATION_CONTEXT() REPRESENTATION_CONTEXT('2D SPACE',''
  ) );
#1980 = ORIENTED_EDGE('',*,*,#290,.F.);
#1981 = ADVANCED_FACE('',(#1982),#339,.T.);
#1982 = FACE_BOUND('',#1983,.F.);
#1983 = EDGE_LOOP('',(#1984,#1985,#1986,#2009));
#1984 = ORIENTED_EDGE('',*,*,#1960,.F.);
#1985 = ORIENTED_EDGE('',*,*,#323,.F.);
#1986 = ORIENTED_EDGE('',*,*,#1987,.T.);
#1987 = EDGE_CURVE('',#324,#1988,#1990,.T.);
#1988 = VERTEX_POINT('',#1989);
#1989 = CARTESIAN_POINT('',(-34.8,0.8,21.240805812257));
#1990 = SURFACE_CURVE('',#1991,(#1995,#2002),.PCURVE_S1.);
#1991 = LINE('',#1992,#1993);
#1992 = CARTESIAN_POINT('',(-34.8,0.8,52.2));
#1993 = VECTOR('',#1994,1.);
#1994 = DIRECTION('',(0.,-0.,-1.));
#1995 = PCURVE('',#339,#1996);
#1996 = DEFINITIONAL_REPRESENTATION('',(#1997),#2001);
#1997 = LINE('',#1998,#1999);
#1998 = CARTESIAN_POINT('',(-4.3,12.1));
#1999 = VECTOR('',#2000,1.);
#2000 = DIRECTION('',(1.,-0.));
#2001 = ( GEOMETRIC_REPRESENTATION_CONTEXT(2) 
PARAMETRIC_REPRESENTATION_CONTEXT() REPRESENTATION_CONTEXT('2D SPACE',''
  ) );
#2002 = PCURVE('',#367,#2003);
#2003 = DEFINITIONAL_REPRESENTATION('',(#2004),#2008);
#2004 = LINE('',#2005,#2006);
#2005 = CARTESIAN_POINT('',(0.,-0.));
#2006 = VECTOR('',#2007,1.);
#2007 = DIRECTION('',(-1.,0.));
#2008 = ( GEOMETRIC_REPRESENTATION_CONTEXT(2) 
PARAMETRIC_REPRESENTATION_CONTEXT() REPRESENTATION_CONTEXT('2D SPACE',''
  ) );
#2009 = ORIENTED_EDGE('',*,*,#2010,.T.);
#2010 = EDGE_CURVE('',#1988,#1937,#2011,.T.);
#2011 = SURFACE_CURVE('',#2012,(#2017,#2024),.PCURVE_S1.);
#2012 = HYPERBOLA('',#2013,0.8,0.8);
#2013 = AXIS2_PLACEMENT_3D('',#2014,#2015,#2016);
#2014 = CARTESIAN_POINT('',(9.797174393179E-17,0.8,56.05));
#2015 = DIRECTION('',(-1.224646799147E-16,-1.,0.));
#2016 = DIRECTION('',(-0.,0.,-1.));
#2017 = PCURVE('',#339,#2018);
#2018 = DEFINITIONAL_REPRESENTATION('',(#2019),#2023);
#2019 = ( BOUNDED_CURVE() B_SPLINE_CURVE(2,(#2020,#2021,#2022),
.UNSPECIFIED.,.F.,.F.) B_SPLINE_CURVE_WITH_KNOTS((3,3),(-4.470078188586,
-4.418695417231),.PIECEWISE_BEZIER_KNOTS.) CURVE() 
GEOMETRIC_REPRESENTATION_ITEM() RATIONAL_B_SPLINE_CURVE((1.,
1.000330041802,1.)) REPRESENTATION_ITEM('') );
#2020 = CARTESIAN_POINT('',(26.8,12.240842863331));
#2021 = CARTESIAN_POINT('',(25.902518781417,11.343126436965));
#2022 = CARTESIAN_POINT('',(25.05,10.490360046254));
#2023 = ( GEOMETRIC_REPRESENTATION_CONTEXT(2) 
PARAMETRIC_REPRESENTATION_CONTEXT() REPRESENTATION_CONTEXT('2D SPACE',''
  ) );
#2024 = PCURVE('',#1499,#2025);
#2025 = DEFINITIONAL_REPRESENTATION('',(#2026),#2033);
#2026 = B_SPLINE_CURVE_WITH_KNOTS('',5,(#2027,#2028,#2029,#2030,#2031,
    #2032),.UNSPECIFIED.,.F.,.F.,(6,6),(-4.470078188586,-4.418695417231)
  ,.PIECEWISE_BEZIER_KNOTS.);
#2027 = CARTESIAN_POINT('',(-3.11870081165,3.552713678801E-15));
#2028 = CARTESIAN_POINT('',(-3.11846558294,-0.359071467965));
#2029 = CARTESIAN_POINT('',(-3.118227333346,-0.713529205336));
#2030 = CARTESIAN_POINT('',(-3.117986011168,-1.063452213371));
#2031 = CARTESIAN_POINT('',(-3.117741563381,-1.408917463705));
#2032 = CARTESIAN_POINT('',(-3.117493935567,-1.75));
#2033 = ( GEOMETRIC_REPRESENTATION_CONTEXT(2) 
PARAMETRIC_REPRESENTATION_CONTEXT() REPRESENTATION_CONTEXT('2D SPACE',''
  ) );
#2034 = ADVANCED_FACE('',(#2035),#367,.T.);
#2035 = FACE_BOUND('',#2036,.F.);
#2036 = EDGE_LOOP('',(#2037,#2038,#2039,#2062));
#2037 = ORIENTED_EDGE('',*,*,#1987,.F.);
#2038 = ORIENTED_EDGE('',*,*,#351,.T.);
#2039 = ORIENTED_EDGE('',*,*,#2040,.T.);
#2040 = EDGE_CURVE('',#352,#2041,#2043,.T.);
#2041 = VERTEX_POINT('',#2042);
#2042 = CARTESIAN_POINT('',(-34.8,-0.8,21.240805812257));
#2043 = SURFACE_CURVE('',#2044,(#2048,#2055),.PCURVE_S1.);
#2044 = LINE('',#2045,#2046);
#2045 = CARTESIAN_POINT('',(-34.8,-0.8,52.2));
#2046 = VECTOR('',#2047,1.);
#2047 = DIRECTION('',(0.,-0.,-1.));
#2048 = PCURVE('',#367,#2049);
#2049 = DEFINITIONAL_REPRESENTATION('',(#2050),#2054);
#2050 = LINE('',#2051,#2052);
#2051 = CARTESIAN_POINT('',(-0.,-1.6));
#2052 = VECTOR('',#2053,1.);
#2053 = DIRECTION('',(-1.,0.));
#2054 = ( GEOMETRIC_REPRESENTATION_CONTEXT(2) 
PARAMETRIC_REPRESENTATION_CONTEXT() REPRESENTATION_CONTEXT('2D SPACE',''
  ) );
#2055 = PCURVE('',#395,#2056);
#2056 = DEFINITIONAL_REPRESENTATION('',(#2057),#2061);
#2057 = LINE('',#2058,#2059);
#2058 = CARTESIAN_POINT('',(-0.,2.1));
#2059 = VECTOR('',#2060,1.);
#2060 = DIRECTION('',(-1.,0.));
#2061 = ( GEOMETRIC_REPRESENTATION_CONTEXT(2) 
PARAMETRIC_REPRESENTATION_CONTEXT() REPRESENTATION_CONTEXT('2D SPACE',''
  ) );
#2062 = ORIENTED_EDGE('',*,*,#2063,.T.);
#2063 = EDGE_CURVE('',#2041,#1988,#2064,.T.);
#2064 = SURFACE_CURVE('',#2065,(#2070,#2077),.PCURVE_S1.);
#2065 = HYPERBOLA('',#2066,34.8,34.8);
#2066 = AXIS2_PLACEMENT_3D('',#2067,#2068,#2069);
#2067 = CARTESIAN_POINT('',(-34.8,4.261770861033E-15,56.05));
#2068 = DIRECTION('',(1.,-1.224646799147E-16,-0.));
#2069 = DIRECTION('',(-0.,0.,-1.));
#2070 = PCURVE('',#367,#2071);
#2071 = DEFINITIONAL_REPRESENTATION('',(#2072),#2076);
#2072 = ( BOUNDED_CURVE() B_SPLINE_CURVE(2,(#2073,#2074,#2075),
.UNSPECIFIED.,.F.,.F.) B_SPLINE_CURVE_WITH_KNOTS((3,3),(
    -2.758270924908E-02,2.758270924908E-02),.PIECEWISE_BEZIER_KNOTS.) 
CURVE() GEOMETRIC_REPRESENTATION_ITEM() RATIONAL_B_SPLINE_CURVE((1.,
1.000380427043,1.)) REPRESENTATION_ITEM('') );
#2073 = CARTESIAN_POINT('',(-30.9632388611,-1.76));
#2074 = CARTESIAN_POINT('',(-30.9367661734,-0.8));
#2075 = CARTESIAN_POINT('',(-30.9632388611,0.16));
#2076 = ( GEOMETRIC_REPRESENTATION_CONTEXT(2) 
PARAMETRIC_REPRESENTATION_CONTEXT() REPRESENTATION_CONTEXT('2D SPACE',''
  ) );
#2077 = PCURVE('',#1499,#2078);
#2078 = DEFINITIONAL_REPRESENTATION('',(#2079),#2086);
#2079 = B_SPLINE_CURVE_WITH_KNOTS('',5,(#2080,#2081,#2082,#2083,#2084,
    #2085),.UNSPECIFIED.,.F.,.F.,(6,6),(-2.758270924908E-02,
    2.758270924908E-02),.PIECEWISE_BEZIER_KNOTS.);
#2080 = CARTESIAN_POINT('',(-3.16917186599,-0.1367611389));
#2081 = CARTESIAN_POINT('',(-3.158142977977,-0.147352899252));
#2082 = CARTESIAN_POINT('',(-3.147109895607,-0.15264743648));
#2083 = CARTESIAN_POINT('',(-3.136075411572,-0.15264743648));
#2084 = CARTESIAN_POINT('',(-3.125042329202,-0.147352899252));
#2085 = CARTESIAN_POINT('',(-3.11401344119,-0.1367611389));
#2086 = ( GEOMETRIC_REPRESENTATION_CONTEXT(2) 
PARAMETRIC_REPRESENTATION_CONTEXT() REPRESENTATION_CONTEXT('2D SPACE',''
  ) );
#2087 = ADVANCED_FACE('',(#2088),#395,.T.);
#2088 = FACE_BOUND('',#2089,.F.);
#2089 = EDGE_LOOP('',(#2090,#2091,#2114,#2139));
#2090 = ORIENTED_EDGE('',*,*,#379,.F.);
#2091 = ORIENTED_EDGE('',*,*,#2092,.F.);
#2092 = EDGE_CURVE('',#2093,#380,#2095,.T.);
#2093 = VERTEX_POINT('',#2094);
#2094 = CARTESIAN_POINT('',(-33.19036004625,-0.799999999999,22.85));
#2095 = SURFACE_CURVE('',#2096,(#2100,#2107),.PCURVE_S1.);
#2096 = LINE('',#2097,#2098);
#2097 = CARTESIAN_POINT('',(-33.19036004625,-0.8,0.));
#2098 = VECTOR('',#2099,1.);
#2099 = DIRECTION('',(-9.528350862683E-16,2.103468527499E-14,1.));
#2100 = PCURVE('',#395,#2101);
#2101 = DEFINITIONAL_REPRESENTATION('',(#2102),#2106);
#2102 = LINE('',#2103,#2104);
#2103 = CARTESIAN_POINT('',(-52.2,0.490360046254));
#2104 = VECTOR('',#2105,1.);
#2105 = DIRECTION('',(1.,9.528350862683E-16));
#2106 = ( GEOMETRIC_REPRESENTATION_CONTEXT(2) 
PARAMETRIC_REPRESENTATION_CONTEXT() REPRESENTATION_CONTEXT('2D SPACE',''
  ) );
#2107 = PCURVE('',#428,#2108);
#2108 = DEFINITIONAL_REPRESENTATION('',(#2109),#2113);
#2109 = LINE('',#2110,#2111);
#2110 = CARTESIAN_POINT('',(3.165691371612,-52.2));
#2111 = VECTOR('',#2112,1.);
#2112 = DIRECTION('',(0.,1.));
#2113 = ( GEOMETRIC_REPRESENTATION_CONTEXT(2) 
PARAMETRIC_REPRESENTATION_CONTEXT() REPRESENTATION_CONTEXT('2D SPACE',''
  ) );
#2114 = ORIENTED_EDGE('',*,*,#2115,.T.);
#2115 = EDGE_CURVE('',#2093,#2041,#2116,.T.);
#2116 = SURFACE_CURVE('',#2117,(#2122,#2129),.PCURVE_S1.);
#2117 = HYPERBOLA('',#2118,0.8,0.8);
#2118 = AXIS2_PLACEMENT_3D('',#2119,#2120,#2121);
#2119 = CARTESIAN_POINT('',(-9.797174393179E-17,-0.8,56.05));
#2120 = DIRECTION('',(1.224646799147E-16,1.,0.));
#2121 = DIRECTION('',(0.,0.,-1.));
#2122 = PCURVE('',#395,#2123);
#2123 = DEFINITIONAL_REPRESENTATION('',(#2124),#2128);
#2124 = ( BOUNDED_CURVE() B_SPLINE_CURVE(2,(#2125,#2126,#2127),
.UNSPECIFIED.,.F.,.F.) B_SPLINE_CURVE_WITH_KNOTS((3,3),(4.418695417231,
4.470078188586),.PIECEWISE_BEZIER_KNOTS.) CURVE() 
GEOMETRIC_REPRESENTATION_ITEM() RATIONAL_B_SPLINE_CURVE((1.,
1.000330041802,1.)) REPRESENTATION_ITEM('') );
#2125 = CARTESIAN_POINT('',(-29.35,0.490360046254));
#2126 = CARTESIAN_POINT('',(-30.20251878141,1.343126436965));
#2127 = CARTESIAN_POINT('',(-31.1,2.240842863331));
#2128 = ( GEOMETRIC_REPRESENTATION_CONTEXT(2) 
PARAMETRIC_REPRESENTATION_CONTEXT() REPRESENTATION_CONTEXT('2D SPACE',''
  ) );
#2129 = PCURVE('',#1499,#2130);
#2130 = DEFINITIONAL_REPRESENTATION('',(#2131),#2138);
#2131 = B_SPLINE_CURVE_WITH_KNOTS('',5,(#2132,#2133,#2134,#2135,#2136,
    #2137),.UNSPECIFIED.,.F.,.F.,(6,6),(4.418695417231,4.470078188586),
  .PIECEWISE_BEZIER_KNOTS.);
#2132 = CARTESIAN_POINT('',(-3.165691371612,-1.75));
#2133 = CARTESIAN_POINT('',(-3.165443743798,-1.408917463705));
#2134 = CARTESIAN_POINT('',(-3.165199296012,-1.063452213371));
#2135 = CARTESIAN_POINT('',(-3.164957973834,-0.713529205336));
#2136 = CARTESIAN_POINT('',(-3.16471972424,-0.359071467965));
#2137 = CARTESIAN_POINT('',(-3.16448449553,0.));
#2138 = ( GEOMETRIC_REPRESENTATION_CONTEXT(2) 
PARAMETRIC_REPRESENTATION_CONTEXT() REPRESENTATION_CONTEXT('2D SPACE',''
  ) );
#2139 = ORIENTED_EDGE('',*,*,#2040,.F.);
#2140 = ADVANCED_FACE('',(#2141),#428,.T.);
#2141 = FACE_BOUND('',#2142,.T.);
#2142 = EDGE_LOOP('',(#2143,#2144,#2168,#2189));
#2143 = ORIENTED_EDGE('',*,*,#2092,.F.);
#2144 = ORIENTED_EDGE('',*,*,#2145,.T.);
#2145 = EDGE_CURVE('',#2093,#2146,#2148,.T.);
#2146 = VERTEX_POINT('',#2147);
#2147 = CARTESIAN_POINT('',(-17.28800034615,-28.3436949608,22.85));
#2148 = SURFACE_CURVE('',#2149,(#2154,#2161),.PCURVE_S1.);
#2149 = CIRCLE('',#2150,33.2);
#2150 = AXIS2_PLACEMENT_3D('',#2151,#2152,#2153);
#2151 = CARTESIAN_POINT('',(0.,0.,22.85));
#2152 = DIRECTION('',(0.,0.,1.));
#2153 = DIRECTION('',(1.,0.,0.));
#2154 = PCURVE('',#428,#2155);
#2155 = DEFINITIONAL_REPRESENTATION('',(#2156),#2160);
#2156 = LINE('',#2157,#2158);
#2157 = CARTESIAN_POINT('',(0.,-29.35));
#2158 = VECTOR('',#2159,1.);
#2159 = DIRECTION('',(1.,0.));
#2160 = ( GEOMETRIC_REPRESENTATION_CONTEXT(2) 
PARAMETRIC_REPRESENTATION_CONTEXT() REPRESENTATION_CONTEXT('2D SPACE',''
  ) );
#2161 = PCURVE('',#1499,#2162);
#2162 = DEFINITIONAL_REPRESENTATION('',(#2163),#2167);
#2163 = LINE('',#2164,#2165);
#2164 = CARTESIAN_POINT('',(-0.,-1.75));
#2165 = VECTOR('',#2166,1.);
#2166 = DIRECTION('',(-1.,-0.));
#2167 = ( GEOMETRIC_REPRESENTATION_CONTEXT(2) 
PARAMETRIC_REPRESENTATION_CONTEXT() REPRESENTATION_CONTEXT('2D SPACE',''
  ) );
#2168 = ORIENTED_EDGE('',*,*,#2169,.F.);
#2169 = EDGE_CURVE('',#408,#2146,#2170,.T.);
#2170 = SURFACE_CURVE('',#2171,(#2175,#2182),.PCURVE_S1.);
#2171 = LINE('',#2172,#2173);
#2172 = CARTESIAN_POINT('',(-17.28800034615,-28.3436949608,52.2));
#2173 = VECTOR('',#2174,1.);
#2174 = DIRECTION('',(-1.361192980383E-14,8.575515776415E-15,-1.));
#2175 = PCURVE('',#428,#2176);
#2176 = DEFINITIONAL_REPRESENTATION('',(#2177),#2181);
#2177 = LINE('',#2178,#2179);
#2178 = CARTESIAN_POINT('',(4.164691486764,0.));
#2179 = VECTOR('',#2180,1.);
#2180 = DIRECTION('',(-0.,-1.));
#2181 = ( GEOMETRIC_REPRESENTATION_CONTEXT(2) 
PARAMETRIC_REPRESENTATION_CONTEXT() REPRESENTATION_CONTEXT('2D SPACE',''
  ) );
#2182 = PCURVE('',#456,#2183);
#2183 = DEFINITIONAL_REPRESENTATION('',(#2184),#2188);
#2184 = LINE('',#2185,#2186);
#2185 = CARTESIAN_POINT('',(-4.3,10.490360046254));
#2186 = VECTOR('',#2187,1.);
#2187 = DIRECTION('',(1.,-6.206496110129E-16));
#2188 = ( GEOMETRIC_REPRESENTATION_CONTEXT(2) 
PARAMETRIC_REPRESENTATION_CONTEXT() REPRESENTATION_CONTEXT('2D SPACE',''
  ) );
#2189 = ORIENTED_EDGE('',*,*,#407,.F.);
#2190 = ADVANCED_FACE('',(#2191),#456,.T.);
#2191 = FACE_BOUND('',#2192,.F.);
#2192 = EDGE_LOOP('',(#2193,#2194,#2195,#2218));
#2193 = ORIENTED_EDGE('',*,*,#2169,.F.);
#2194 = ORIENTED_EDGE('',*,*,#440,.F.);
#2195 = ORIENTED_EDGE('',*,*,#2196,.T.);
#2196 = EDGE_CURVE('',#441,#2197,#2199,.T.);
#2197 = VERTEX_POINT('',#2198);
#2198 = CARTESIAN_POINT('',(-18.09282032302,-29.73768405169,
    21.240805812257));
#2199 = SURFACE_CURVE('',#2200,(#2204,#2211),.PCURVE_S1.);
#2200 = LINE('',#2201,#2202);
#2201 = CARTESIAN_POINT('',(-18.09282032302,-29.73768405169,52.2));
#2202 = VECTOR('',#2203,1.);
#2203 = DIRECTION('',(0.,-0.,-1.));
#2204 = PCURVE('',#456,#2205);
#2205 = DEFINITIONAL_REPRESENTATION('',(#2206),#2210);
#2206 = LINE('',#2207,#2208);
#2207 = CARTESIAN_POINT('',(-4.3,12.1));
#2208 = VECTOR('',#2209,1.);
#2209 = DIRECTION('',(1.,-0.));
#2210 = ( GEOMETRIC_REPRESENTATION_CONTEXT(2) 
PARAMETRIC_REPRESENTATION_CONTEXT() REPRESENTATION_CONTEXT('2D SPACE',''
  ) );
#2211 = PCURVE('',#484,#2212);
#2212 = DEFINITIONAL_REPRESENTATION('',(#2213),#2217);
#2213 = LINE('',#2214,#2215);
#2214 = CARTESIAN_POINT('',(0.,-0.));
#2215 = VECTOR('',#2216,1.);
#2216 = DIRECTION('',(-1.,0.));
#2217 = ( GEOMETRIC_REPRESENTATION_CONTEXT(2) 
PARAMETRIC_REPRESENTATION_CONTEXT() REPRESENTATION_CONTEXT('2D SPACE',''
  ) );
#2218 = ORIENTED_EDGE('',*,*,#2219,.T.);
#2219 = EDGE_CURVE('',#2197,#2146,#2220,.T.);
#2220 = SURFACE_CURVE('',#2221,(#2226,#2233),.PCURVE_S1.);
#2221 = HYPERBOLA('',#2222,0.8,0.8);
#2222 = AXIS2_PLACEMENT_3D('',#2223,#2224,#2225);
#2223 = CARTESIAN_POINT('',(-0.692820323028,0.4,56.05));
#2224 = DIRECTION('',(0.866025403784,-0.5,0.));
#2225 = DIRECTION('',(0.,-0.,-1.));
#2226 = PCURVE('',#456,#2227);
#2227 = DEFINITIONAL_REPRESENTATION('',(#2228),#2232);
#2228 = ( BOUNDED_CURVE() B_SPLINE_CURVE(2,(#2229,#2230,#2231),
.UNSPECIFIED.,.F.,.F.) B_SPLINE_CURVE_WITH_KNOTS((3,3),(-4.470078188586,
-4.418695417231),.PIECEWISE_BEZIER_KNOTS.) CURVE() 
GEOMETRIC_REPRESENTATION_ITEM() RATIONAL_B_SPLINE_CURVE((1.,
1.000330041802,1.)) REPRESENTATION_ITEM('') );
#2229 = CARTESIAN_POINT('',(26.8,12.240842863331));
#2230 = CARTESIAN_POINT('',(25.902518781417,11.343126436965));
#2231 = CARTESIAN_POINT('',(25.05,10.490360046254));
#2232 = ( GEOMETRIC_REPRESENTATION_CONTEXT(2) 
PARAMETRIC_REPRESENTATION_CONTEXT() REPRESENTATION_CONTEXT('2D SPACE',''
  ) );
#2233 = PCURVE('',#1499,#2234);
#2234 = DEFINITIONAL_REPRESENTATION('',(#2235),#2242);
#2235 = B_SPLINE_CURVE_WITH_KNOTS('',5,(#2236,#2237,#2238,#2239,#2240,
    #2241),.UNSPECIFIED.,.F.,.F.,(6,6),(-4.470078188586,-4.418695417231)
  ,.PIECEWISE_BEZIER_KNOTS.);
#2236 = CARTESIAN_POINT('',(-4.165898362847,-1.06581410364E-14));
#2237 = CARTESIAN_POINT('',(-4.165663134137,-0.359071467965));
#2238 = CARTESIAN_POINT('',(-4.165424884542,-0.713529205336));
#2239 = CARTESIAN_POINT('',(-4.165183562364,-1.063452213371));
#2240 = CARTESIAN_POINT('',(-4.164939114578,-1.408917463705));
#2241 = CARTESIAN_POINT('',(-4.164691486764,-1.75));
#2242 = ( GEOMETRIC_REPRESENTATION_CONTEXT(2) 
PARAMETRIC_REPRESENTATION_CONTEXT() REPRESENTATION_CONTEXT('2D SPACE',''
  ) );
#2243 = ADVANCED_FACE('',(#2244),#484,.T.);
#2244 = FACE_BOUND('',#2245,.F.);
#2245 = EDGE_LOOP('',(#2246,#2247,#2248,#2271));
#2246 = ORIENTED_EDGE('',*,*,#2196,.F.);
#2247 = ORIENTED_EDGE('',*,*,#468,.T.);
#2248 = ORIENTED_EDGE('',*,*,#2249,.T.);
#2249 = EDGE_CURVE('',#469,#2250,#2252,.T.);
#2250 = VERTEX_POINT('',#2251);
#2251 = CARTESIAN_POINT('',(-16.70717967697,-30.53768405169,
    21.240805812257));
#2252 = SURFACE_CURVE('',#2253,(#2257,#2264),.PCURVE_S1.);
#2253 = LINE('',#2254,#2255);
#2254 = CARTESIAN_POINT('',(-16.70717967697,-30.53768405169,52.2));
#2255 = VECTOR('',#2256,1.);
#2256 = DIRECTION('',(0.,-0.,-1.));
#2257 = PCURVE('',#484,#2258);
#2258 = DEFINITIONAL_REPRESENTATION('',(#2259),#2263);
#2259 = LINE('',#2260,#2261);
#2260 = CARTESIAN_POINT('',(-0.,-1.6));
#2261 = VECTOR('',#2262,1.);
#2262 = DIRECTION('',(-1.,0.));
#2263 = ( GEOMETRIC_REPRESENTATION_CONTEXT(2) 
PARAMETRIC_REPRESENTATION_CONTEXT() REPRESENTATION_CONTEXT('2D SPACE',''
  ) );
#2264 = PCURVE('',#512,#2265);
#2265 = DEFINITIONAL_REPRESENTATION('',(#2266),#2270);
#2266 = LINE('',#2267,#2268);
#2267 = CARTESIAN_POINT('',(-0.,2.1));
#2268 = VECTOR('',#2269,1.);
#2269 = DIRECTION('',(-1.,0.));
#2270 = ( GEOMETRIC_REPRESENTATION_CONTEXT(2) 
PARAMETRIC_REPRESENTATION_CONTEXT() REPRESENTATION_CONTEXT('2D SPACE',''
  ) );
#2271 = ORIENTED_EDGE('',*,*,#2272,.T.);
#2272 = EDGE_CURVE('',#2250,#2197,#2273,.T.);
#2273 = SURFACE_CURVE('',#2274,(#2279,#2286),.PCURVE_S1.);
#2274 = HYPERBOLA('',#2275,34.8,34.8);
#2275 = AXIS2_PLACEMENT_3D('',#2276,#2277,#2278);
#2276 = CARTESIAN_POINT('',(-17.4,-30.13768405169,56.05));
#2277 = DIRECTION('',(0.5,0.866025403784,0.));
#2278 = DIRECTION('',(0.,-0.,-1.));
#2279 = PCURVE('',#484,#2280);
#2280 = DEFINITIONAL_REPRESENTATION('',(#2281),#2285);
#2281 = ( BOUNDED_CURVE() B_SPLINE_CURVE(2,(#2282,#2283,#2284),
.UNSPECIFIED.,.F.,.F.) B_SPLINE_CURVE_WITH_KNOTS((3,3),(
    -2.758270924908E-02,2.758270924908E-02),.PIECEWISE_BEZIER_KNOTS.) 
CURVE() GEOMETRIC_REPRESENTATION_ITEM() RATIONAL_B_SPLINE_CURVE((1.,
1.000380427043,1.)) REPRESENTATION_ITEM('') );
#2282 = CARTESIAN_POINT('',(-30.9632388611,-1.76));
#2283 = CARTESIAN_POINT('',(-30.9367661734,-0.8));
#2284 = CARTESIAN_POINT('',(-30.9632388611,0.16));
#2285 = ( GEOMETRIC_REPRESENTATION_CONTEXT(2) 
PARAMETRIC_REPRESENTATION_CONTEXT() REPRESENTATION_CONTEXT('2D SPACE',''
  ) );
#2286 = PCURVE('',#1499,#2287);
#2287 = DEFINITIONAL_REPRESENTATION('',(#2288),#2295);
#2288 = B_SPLINE_CURVE_WITH_KNOTS('',5,(#2289,#2290,#2291,#2292,#2293,
    #2294),.UNSPECIFIED.,.F.,.F.,(6,6),(-2.758270924908E-02,
    2.758270924908E-02),.PIECEWISE_BEZIER_KNOTS.);
#2289 = CARTESIAN_POINT('',(-4.216369417186,-0.1367611389));
#2290 = CARTESIAN_POINT('',(-4.205340529174,-0.147352899252));
#2291 = CARTESIAN_POINT('',(-4.194307446804,-0.15264743648));
#2292 = CARTESIAN_POINT('',(-4.183272962769,-0.15264743648));
#2293 = CARTESIAN_POINT('',(-4.172239880399,-0.147352899252));
#2294 = CARTESIAN_POINT('',(-4.161210992387,-0.1367611389));
#2295 = ( GEOMETRIC_REPRESENTATION_CONTEXT(2) 
PARAMETRIC_REPRESENTATION_CONTEXT() REPRESENTATION_CONTEXT('2D SPACE',''
  ) );
#2296 = ADVANCED_FACE('',(#2297),#512,.T.);
#2297 = FACE_BOUND('',#2298,.F.);
#2298 = EDGE_LOOP('',(#2299,#2300,#2323,#2348));
#2299 = ORIENTED_EDGE('',*,*,#496,.F.);
#2300 = ORIENTED_EDGE('',*,*,#2301,.F.);
#2301 = EDGE_CURVE('',#2302,#497,#2304,.T.);
#2302 = VERTEX_POINT('',#2303);
#2303 = CARTESIAN_POINT('',(-15.90235970009,-29.1436949608,22.85));
#2304 = SURFACE_CURVE('',#2305,(#2309,#2316),.PCURVE_S1.);
#2305 = LINE('',#2306,#2307);
#2306 = CARTESIAN_POINT('',(-15.90235970009,-29.1436949608,0.));
#2307 = VECTOR('',#2308,1.);
#2308 = DIRECTION('',(-1.333969120776E-14,6.805964901917E-15,1.));
#2309 = PCURVE('',#512,#2310);
#2310 = DEFINITIONAL_REPRESENTATION('',(#2311),#2315);
#2311 = LINE('',#2312,#2313);
#2312 = CARTESIAN_POINT('',(-52.2,0.490360046254));
#2313 = VECTOR('',#2314,1.);
#2314 = DIRECTION('',(1.,7.757071015532E-16));
#2315 = ( GEOMETRIC_REPRESENTATION_CONTEXT(2) 
PARAMETRIC_REPRESENTATION_CONTEXT() REPRESENTATION_CONTEXT('2D SPACE',''
  ) );
#2316 = PCURVE('',#545,#2317);
#2317 = DEFINITIONAL_REPRESENTATION('',(#2318),#2322);
#2318 = LINE('',#2319,#2320);
#2319 = CARTESIAN_POINT('',(4.212888922809,-52.2));
#2320 = VECTOR('',#2321,1.);
#2321 = DIRECTION('',(0.,1.));
#2322 = ( GEOMETRIC_REPRESENTATION_CONTEXT(2) 
PARAMETRIC_REPRESENTATION_CONTEXT() REPRESENTATION_CONTEXT('2D SPACE',''
  ) );
#2323 = ORIENTED_EDGE('',*,*,#2324,.T.);
#2324 = EDGE_CURVE('',#2302,#2250,#2325,.T.);
#2325 = SURFACE_CURVE('',#2326,(#2331,#2338),.PCURVE_S1.);
#2326 = HYPERBOLA('',#2327,0.8,0.8);
#2327 = AXIS2_PLACEMENT_3D('',#2328,#2329,#2330);
#2328 = CARTESIAN_POINT('',(0.692820323028,-0.4,56.05));
#2329 = DIRECTION('',(-0.866025403784,0.5,0.));
#2330 = DIRECTION('',(-0.,0.,-1.));
#2331 = PCURVE('',#512,#2332);
#2332 = DEFINITIONAL_REPRESENTATION('',(#2333),#2337);
#2333 = ( BOUNDED_CURVE() B_SPLINE_CURVE(2,(#2334,#2335,#2336),
.UNSPECIFIED.,.F.,.F.) B_SPLINE_CURVE_WITH_KNOTS((3,3),(4.418695417231,
4.470078188586),.PIECEWISE_BEZIER_KNOTS.) CURVE() 
GEOMETRIC_REPRESENTATION_ITEM() RATIONAL_B_SPLINE_CURVE((1.,
1.000330041802,1.)) REPRESENTATION_ITEM('') );
#2334 = CARTESIAN_POINT('',(-29.35,0.490360046254));
#2335 = CARTESIAN_POINT('',(-30.20251878141,1.343126436965));
#2336 = CARTESIAN_POINT('',(-31.1,2.240842863331));
#2337 = ( GEOMETRIC_REPRESENTATION_CONTEXT(2) 
PARAMETRIC_REPRESENTATION_CONTEXT() REPRESENTATION_CONTEXT('2D SPACE',''
  ) );
#2338 = PCURVE('',#1499,#2339);
#2339 = DEFINITIONAL_REPRESENTATION('',(#2340),#2347);
#2340 = B_SPLINE_CURVE_WITH_KNOTS('',5,(#2341,#2342,#2343,#2344,#2345,
    #2346),.UNSPECIFIED.,.F.,.F.,(6,6),(4.418695417231,4.470078188586),
  .PIECEWISE_BEZIER_KNOTS.);
#2341 = CARTESIAN_POINT('',(-4.212888922809,-1.75));
#2342 = CARTESIAN_POINT('',(-4.212641294995,-1.408917463705));
#2343 = CARTESIAN_POINT('',(-4.212396847208,-1.063452213371));
#2344 = CARTESIAN_POINT('',(-4.21215552503,-0.713529205336));
#2345 = CARTESIAN_POINT('',(-4.211917275436,-0.359071467965));
#2346 = CARTESIAN_POINT('',(-4.211682046726,7.105427357601E-15));
#2347 = ( GEOMETRIC_REPRESENTATION_CONTEXT(2) 
PARAMETRIC_REPRESENTATION_CONTEXT() REPRESENTATION_CONTEXT('2D SPACE',''
  ) );
#2348 = ORIENTED_EDGE('',*,*,#2249,.F.);
#2349 = ADVANCED_FACE('',(#2350),#545,.T.);
#2350 = FACE_BOUND('',#2351,.T.);
#2351 = EDGE_LOOP('',(#2352,#2353,#2377,#2398));
#2352 = ORIENTED_EDGE('',*,*,#2301,.F.);
#2353 = ORIENTED_EDGE('',*,*,#2354,.T.);
#2354 = EDGE_CURVE('',#2302,#2355,#2357,.T.);
#2355 = VERTEX_POINT('',#2356);
#2356 = CARTESIAN_POINT('',(15.9023597001,-29.1436949608,22.85));
#2357 = SURFACE_CURVE('',#2358,(#2363,#2370),.PCURVE_S1.);
#2358 = CIRCLE('',#2359,33.2);
#2359 = AXIS2_PLACEMENT_3D('',#2360,#2361,#2362);
#2360 = CARTESIAN_POINT('',(0.,0.,22.85));
#2361 = DIRECTION('',(0.,0.,1.));
#2362 = DIRECTION('',(1.,0.,0.));
#2363 = PCURVE('',#545,#2364);
#2364 = DEFINITIONAL_REPRESENTATION('',(#2365),#2369);
#2365 = LINE('',#2366,#2367);
#2366 = CARTESIAN_POINT('',(0.,-29.35));
#2367 = VECTOR('',#2368,1.);
#2368 = DIRECTION('',(1.,0.));
#2369 = ( GEOMETRIC_REPRESENTATION_CONTEXT(2) 
PARAMETRIC_REPRESENTATION_CONTEXT() REPRESENTATION_CONTEXT('2D SPACE',''
  ) );
#2370 = PCURVE('',#1499,#2371);
#2371 = DEFINITIONAL_REPRESENTATION('',(#2372),#2376);
#2372 = LINE('',#2373,#2374);
#2373 = CARTESIAN_POINT('',(-0.,-1.75));
#2374 = VECTOR('',#2375,1.);
#2375 = DIRECTION('',(-1.,-0.));
#2376 = ( GEOMETRIC_REPRESENTATION_CONTEXT(2) 
PARAMETRIC_REPRESENTATION_CONTEXT() REPRESENTATION_CONTEXT('2D SPACE',''
  ) );
#2377 = ORIENTED_EDGE('',*,*,#2378,.F.);
#2378 = EDGE_CURVE('',#525,#2355,#2379,.T.);
#2379 = SURFACE_CURVE('',#2380,(#2384,#2391),.PCURVE_S1.);
#2380 = LINE('',#2381,#2382);
#2381 = CARTESIAN_POINT('',(15.9023597001,-29.1436949608,52.2));
#2382 = VECTOR('',#2383,1.);
#2383 = DIRECTION('',(-1.306745261168E-14,-6.737905252898E-15,-1.));
#2384 = PCURVE('',#545,#2385);
#2385 = DEFINITIONAL_REPRESENTATION('',(#2386),#2390);
#2386 = LINE('',#2387,#2388);
#2387 = CARTESIAN_POINT('',(5.211889037961,0.));
#2388 = VECTOR('',#2389,1.);
#2389 = DIRECTION('',(-0.,-1.));
#2390 = ( GEOMETRIC_REPRESENTATION_CONTEXT(2) 
PARAMETRIC_REPRESENTATION_CONTEXT() REPRESENTATION_CONTEXT('2D SPACE',''
  ) );
#2391 = PCURVE('',#573,#2392);
#2392 = DEFINITIONAL_REPRESENTATION('',(#2393),#2397);
#2393 = LINE('',#2394,#2395);
#2394 = CARTESIAN_POINT('',(-4.3,10.490360046254));
#2395 = VECTOR('',#2396,1.);
#2396 = DIRECTION('',(1.,-6.985291885382E-16));
#2397 = ( GEOMETRIC_REPRESENTATION_CONTEXT(2) 
PARAMETRIC_REPRESENTATION_CONTEXT() REPRESENTATION_CONTEXT('2D SPACE',''
  ) );
#2398 = ORIENTED_EDGE('',*,*,#524,.F.);
#2399 = ADVANCED_FACE('',(#2400),#573,.T.);
#2400 = FACE_BOUND('',#2401,.F.);
#2401 = EDGE_LOOP('',(#2402,#2403,#2404,#2427));
#2402 = ORIENTED_EDGE('',*,*,#2378,.F.);
#2403 = ORIENTED_EDGE('',*,*,#557,.F.);
#2404 = ORIENTED_EDGE('',*,*,#2405,.T.);
#2405 = EDGE_CURVE('',#558,#2406,#2408,.T.);
#2406 = VERTEX_POINT('',#2407);
#2407 = CARTESIAN_POINT('',(16.707179676972,-30.53768405169,
    21.240805812257));
#2408 = SURFACE_CURVE('',#2409,(#2413,#2420),.PCURVE_S1.);
#2409 = LINE('',#2410,#2411);
#2410 = CARTESIAN_POINT('',(16.707179676972,-30.53768405169,52.2));
#2411 = VECTOR('',#2412,1.);
#2412 = DIRECTION('',(0.,-0.,-1.));
#2413 = PCURVE('',#573,#2414);
#2414 = DEFINITIONAL_REPRESENTATION('',(#2415),#2419);
#2415 = LINE('',#2416,#2417);
#2416 = CARTESIAN_POINT('',(-4.3,12.1));
#2417 = VECTOR('',#2418,1.);
#2418 = DIRECTION('',(1.,-0.));
#2419 = ( GEOMETRIC_REPRESENTATION_CONTEXT(2) 
PARAMETRIC_REPRESENTATION_CONTEXT() REPRESENTATION_CONTEXT('2D SPACE',''
  ) );
#2420 = PCURVE('',#601,#2421);
#2421 = DEFINITIONAL_REPRESENTATION('',(#2422),#2426);
#2422 = LINE('',#2423,#2424);
#2423 = CARTESIAN_POINT('',(-0.,-0.));
#2424 = VECTOR('',#2425,1.);
#2425 = DIRECTION('',(-1.,0.));
#2426 = ( GEOMETRIC_REPRESENTATION_CONTEXT(2) 
PARAMETRIC_REPRESENTATION_CONTEXT() REPRESENTATION_CONTEXT('2D SPACE',''
  ) );
#2427 = ORIENTED_EDGE('',*,*,#2428,.T.);
#2428 = EDGE_CURVE('',#2406,#2355,#2429,.T.);
#2429 = SURFACE_CURVE('',#2430,(#2435,#2442),.PCURVE_S1.);
#2430 = HYPERBOLA('',#2431,0.8,0.8);
#2431 = AXIS2_PLACEMENT_3D('',#2432,#2433,#2434);
#2432 = CARTESIAN_POINT('',(-0.692820323028,-0.4,56.05));
#2433 = DIRECTION('',(0.866025403784,0.5,0.));
#2434 = DIRECTION('',(0.,-0.,-1.));
#2435 = PCURVE('',#573,#2436);
#2436 = DEFINITIONAL_REPRESENTATION('',(#2437),#2441);
#2437 = ( BOUNDED_CURVE() B_SPLINE_CURVE(2,(#2438,#2439,#2440),
.UNSPECIFIED.,.F.,.F.) B_SPLINE_CURVE_WITH_KNOTS((3,3),(-4.470078188586,
-4.418695417231),.PIECEWISE_BEZIER_KNOTS.) CURVE() 
GEOMETRIC_REPRESENTATION_ITEM() RATIONAL_B_SPLINE_CURVE((1.,
1.000330041802,1.)) REPRESENTATION_ITEM('') );
#2438 = CARTESIAN_POINT('',(26.8,12.240842863331));
#2439 = CARTESIAN_POINT('',(25.902518781417,11.343126436965));
#2440 = CARTESIAN_POINT('',(25.05,10.490360046254));
#2441 = ( GEOMETRIC_REPRESENTATION_CONTEXT(2) 
PARAMETRIC_REPRESENTATION_CONTEXT() REPRESENTATION_CONTEXT('2D SPACE',''
  ) );
#2442 = PCURVE('',#1499,#2443);
#2443 = DEFINITIONAL_REPRESENTATION('',(#2444),#2451);
#2444 = B_SPLINE_CURVE_WITH_KNOTS('',5,(#2445,#2446,#2447,#2448,#2449,
    #2450),.UNSPECIFIED.,.F.,.F.,(6,6),(-4.470078188586,-4.418695417231)
  ,.PIECEWISE_BEZIER_KNOTS.);
#2445 = CARTESIAN_POINT('',(-5.213095914043,-1.42108547152E-14));
#2446 = CARTESIAN_POINT('',(-5.212860685333,-0.359071467965));
#2447 = CARTESIAN_POINT('',(-5.212622435739,-0.713529205336));
#2448 = CARTESIAN_POINT('',(-5.212381113561,-1.063452213371));
#2449 = CARTESIAN_POINT('',(-5.212136665774,-1.408917463705));
#2450 = CARTESIAN_POINT('',(-5.211889037961,-1.75));
#2451 = ( GEOMETRIC_REPRESENTATION_CONTEXT(2) 
PARAMETRIC_REPRESENTATION_CONTEXT() REPRESENTATION_CONTEXT('2D SPACE',''
  ) );
#2452 = ADVANCED_FACE('',(#2453),#601,.T.);
#2453 = FACE_BOUND('',#2454,.F.);
#2454 = EDGE_LOOP('',(#2455,#2456,#2457,#2480));
#2455 = ORIENTED_EDGE('',*,*,#2405,.F.);
#2456 = ORIENTED_EDGE('',*,*,#585,.T.);
#2457 = ORIENTED_EDGE('',*,*,#2458,.T.);
#2458 = EDGE_CURVE('',#586,#2459,#2461,.T.);
#2459 = VERTEX_POINT('',#2460);
#2460 = CARTESIAN_POINT('',(18.092820323028,-29.73768405169,
    21.240805812257));
#2461 = SURFACE_CURVE('',#2462,(#2466,#2473),.PCURVE_S1.);
#2462 = LINE('',#2463,#2464);
#2463 = CARTESIAN_POINT('',(18.092820323028,-29.73768405169,52.2));
#2464 = VECTOR('',#2465,1.);
#2465 = DIRECTION('',(0.,-0.,-1.));
#2466 = PCURVE('',#601,#2467);
#2467 = DEFINITIONAL_REPRESENTATION('',(#2468),#2472);
#2468 = LINE('',#2469,#2470);
#2469 = CARTESIAN_POINT('',(-0.,-1.6));
#2470 = VECTOR('',#2471,1.);
#2471 = DIRECTION('',(-1.,0.));
#2472 = ( GEOMETRIC_REPRESENTATION_CONTEXT(2) 
PARAMETRIC_REPRESENTATION_CONTEXT() REPRESENTATION_CONTEXT('2D SPACE',''
  ) );
#2473 = PCURVE('',#629,#2474);
#2474 = DEFINITIONAL_REPRESENTATION('',(#2475),#2479);
#2475 = LINE('',#2476,#2477);
#2476 = CARTESIAN_POINT('',(-0.,2.1));
#2477 = VECTOR('',#2478,1.);
#2478 = DIRECTION('',(-1.,0.));
#2479 = ( GEOMETRIC_REPRESENTATION_CONTEXT(2) 
PARAMETRIC_REPRESENTATION_CONTEXT() REPRESENTATION_CONTEXT('2D SPACE',''
  ) );
#2480 = ORIENTED_EDGE('',*,*,#2481,.T.);
#2481 = EDGE_CURVE('',#2459,#2406,#2482,.T.);
#2482 = SURFACE_CURVE('',#2483,(#2488,#2495),.PCURVE_S1.);
#2483 = HYPERBOLA('',#2484,34.8,34.8);
#2484 = AXIS2_PLACEMENT_3D('',#2485,#2486,#2487);
#2485 = CARTESIAN_POINT('',(17.4,-30.13768405169,56.05));
#2486 = DIRECTION('',(-0.5,0.866025403784,0.));
#2487 = DIRECTION('',(-0.,0.,-1.));
#2488 = PCURVE('',#601,#2489);
#2489 = DEFINITIONAL_REPRESENTATION('',(#2490),#2494);
#2490 = ( BOUNDED_CURVE() B_SPLINE_CURVE(2,(#2491,#2492,#2493),
.UNSPECIFIED.,.F.,.F.) B_SPLINE_CURVE_WITH_KNOTS((3,3),(
    -2.758270924908E-02,2.758270924908E-02),.PIECEWISE_BEZIER_KNOTS.) 
CURVE() GEOMETRIC_REPRESENTATION_ITEM() RATIONAL_B_SPLINE_CURVE((1.,
1.000380427043,1.)) REPRESENTATION_ITEM('') );
#2491 = CARTESIAN_POINT('',(-30.9632388611,-1.76));
#2492 = CARTESIAN_POINT('',(-30.9367661734,-0.8));
#2493 = CARTESIAN_POINT('',(-30.9632388611,0.16));
#2494 = ( GEOMETRIC_REPRESENTATION_CONTEXT(2) 
PARAMETRIC_REPRESENTATION_CONTEXT() REPRESENTATION_CONTEXT('2D SPACE',''
  ) );
#2495 = PCURVE('',#1499,#2496);
#2496 = DEFINITIONAL_REPRESENTATION('',(#2497),#2504);
#2497 = B_SPLINE_CURVE_WITH_KNOTS('',5,(#2498,#2499,#2500,#2501,#2502,
    #2503),.UNSPECIFIED.,.F.,.F.,(6,6),(-2.758270924908E-02,
    2.758270924908E-02),.PIECEWISE_BEZIER_KNOTS.);
#2498 = CARTESIAN_POINT('',(-5.263566968383,-0.1367611389));
#2499 = CARTESIAN_POINT('',(-5.25253808037,-0.147352899252));
#2500 = CARTESIAN_POINT('',(-5.241504998001,-0.15264743648));
#2501 = CARTESIAN_POINT('',(-5.230470513965,-0.15264743648));
#2502 = CARTESIAN_POINT('',(-5.219437431596,-0.147352899252));
#2503 = CARTESIAN_POINT('',(-5.208408543583,-0.1367611389));
#2504 = ( GEOMETRIC_REPRESENTATION_CONTEXT(2) 
PARAMETRIC_REPRESENTATION_CONTEXT() REPRESENTATION_CONTEXT('2D SPACE',''
  ) );
#2505 = ADVANCED_FACE('',(#2506),#629,.T.);
#2506 = FACE_BOUND('',#2507,.F.);
#2507 = EDGE_LOOP('',(#2508,#2509,#2532,#2557));
#2508 = ORIENTED_EDGE('',*,*,#613,.F.);
#2509 = ORIENTED_EDGE('',*,*,#2510,.F.);
#2510 = EDGE_CURVE('',#2511,#614,#2513,.T.);
#2511 = VERTEX_POINT('',#2512);
#2512 = CARTESIAN_POINT('',(17.288000346154,-28.3436949608,22.85));
#2513 = SURFACE_CURVE('',#2514,(#2518,#2525),.PCURVE_S1.);
#2514 = LINE('',#2515,#2516);
#2515 = CARTESIAN_POINT('',(17.288000346155,-28.3436949608,0.));
#2516 = VECTOR('',#2517,1.);
#2517 = DIRECTION('',(-1.381610875089E-14,-8.915814021511E-15,1.));
#2518 = PCURVE('',#629,#2519);
#2519 = DEFINITIONAL_REPRESENTATION('',(#2520),#2524);
#2520 = LINE('',#2521,#2522);
#2521 = CARTESIAN_POINT('',(-52.2,0.490360046254));
#2522 = VECTOR('',#2523,1.);
#2523 = DIRECTION('',(1.,8.132670626005E-16));
#2524 = ( GEOMETRIC_REPRESENTATION_CONTEXT(2) 
PARAMETRIC_REPRESENTATION_CONTEXT() REPRESENTATION_CONTEXT('2D SPACE',''
  ) );
#2525 = PCURVE('',#662,#2526);
#2526 = DEFINITIONAL_REPRESENTATION('',(#2527),#2531);
#2527 = LINE('',#2528,#2529);
#2528 = CARTESIAN_POINT('',(5.260086474005,-52.2));
#2529 = VECTOR('',#2530,1.);
#2530 = DIRECTION('',(0.,1.));
#2531 = ( GEOMETRIC_REPRESENTATION_CONTEXT(2) 
PARAMETRIC_REPRESENTATION_CONTEXT() REPRESENTATION_CONTEXT('2D SPACE',''
  ) );
#2532 = ORIENTED_EDGE('',*,*,#2533,.T.);
#2533 = EDGE_CURVE('',#2511,#2459,#2534,.T.);
#2534 = SURFACE_CURVE('',#2535,(#2540,#2547),.PCURVE_S1.);
#2535 = HYPERBOLA('',#2536,0.8,0.8);
#2536 = AXIS2_PLACEMENT_3D('',#2537,#2538,#2539);
#2537 = CARTESIAN_POINT('',(0.692820323028,0.4,56.05));
#2538 = DIRECTION('',(-0.866025403784,-0.5,0.));
#2539 = DIRECTION('',(-0.,0.,-1.));
#2540 = PCURVE('',#629,#2541);
#2541 = DEFINITIONAL_REPRESENTATION('',(#2542),#2546);
#2542 = ( BOUNDED_CURVE() B_SPLINE_CURVE(2,(#2543,#2544,#2545),
.UNSPECIFIED.,.F.,.F.) B_SPLINE_CURVE_WITH_KNOTS((3,3),(4.418695417231,
4.470078188586),.PIECEWISE_BEZIER_KNOTS.) CURVE() 
GEOMETRIC_REPRESENTATION_ITEM() RATIONAL_B_SPLINE_CURVE((1.,
1.000330041802,1.)) REPRESENTATION_ITEM('') );
#2543 = CARTESIAN_POINT('',(-29.35,0.490360046254));
#2544 = CARTESIAN_POINT('',(-30.20251878141,1.343126436965));
#2545 = CARTESIAN_POINT('',(-31.1,2.240842863331));
#2546 = ( GEOMETRIC_REPRESENTATION_CONTEXT(2) 
PARAMETRIC_REPRESENTATION_CONTEXT() REPRESENTATION_CONTEXT('2D SPACE',''
  ) );
#2547 = PCURVE('',#1499,#2548);
#2548 = DEFINITIONAL_REPRESENTATION('',(#2549),#2556);
#2549 = B_SPLINE_CURVE_WITH_KNOTS('',5,(#2550,#2551,#2552,#2553,#2554,
    #2555),.UNSPECIFIED.,.F.,.F.,(6,6),(4.418695417231,4.470078188586),
  .PIECEWISE_BEZIER_KNOTS.);
#2550 = CARTESIAN_POINT('',(-5.260086474005,-1.75));
#2551 = CARTESIAN_POINT('',(-5.259838846192,-1.408917463705));
#2552 = CARTESIAN_POINT('',(-5.259594398405,-1.063452213371));
#2553 = CARTESIAN_POINT('',(-5.259353076227,-0.713529205336));
#2554 = CARTESIAN_POINT('',(-5.259114826633,-0.359071467965));
#2555 = CARTESIAN_POINT('',(-5.258879597923,3.552713678801E-15));
#2556 = ( GEOMETRIC_REPRESENTATION_CONTEXT(2) 
PARAMETRIC_REPRESENTATION_CONTEXT() REPRESENTATION_CONTEXT('2D SPACE',''
  ) );
#2557 = ORIENTED_EDGE('',*,*,#2458,.F.);
#2558 = ADVANCED_FACE('',(#2559),#662,.T.);
#2559 = FACE_BOUND('',#2560,.T.);
#2560 = EDGE_LOOP('',(#2561,#2585,#2606,#2607));
#2561 = ORIENTED_EDGE('',*,*,#2562,.T.);
#2562 = EDGE_CURVE('',#2511,#2563,#2565,.T.);
#2563 = VERTEX_POINT('',#2564);
#2564 = CARTESIAN_POINT('',(33.190360046254,-0.8,22.85));
#2565 = SURFACE_CURVE('',#2566,(#2571,#2578),.PCURVE_S1.);
#2566 = CIRCLE('',#2567,33.2);
#2567 = AXIS2_PLACEMENT_3D('',#2568,#2569,#2570);
#2568 = CARTESIAN_POINT('',(0.,0.,22.85));
#2569 = DIRECTION('',(0.,0.,1.));
#2570 = DIRECTION('',(1.,0.,0.));
#2571 = PCURVE('',#662,#2572);
#2572 = DEFINITIONAL_REPRESENTATION('',(#2573),#2577);
#2573 = LINE('',#2574,#2575);
#2574 = CARTESIAN_POINT('',(0.,-29.35));
#2575 = VECTOR('',#2576,1.);
#2576 = DIRECTION('',(1.,0.));
#2577 = ( GEOMETRIC_REPRESENTATION_CONTEXT(2) 
PARAMETRIC_REPRESENTATION_CONTEXT() REPRESENTATION_CONTEXT('2D SPACE',''
  ) );
#2578 = PCURVE('',#1499,#2579);
#2579 = DEFINITIONAL_REPRESENTATION('',(#2580),#2584);
#2580 = LINE('',#2581,#2582);
#2581 = CARTESIAN_POINT('',(-0.,-1.75));
#2582 = VECTOR('',#2583,1.);
#2583 = DIRECTION('',(-1.,-0.));
#2584 = ( GEOMETRIC_REPRESENTATION_CONTEXT(2) 
PARAMETRIC_REPRESENTATION_CONTEXT() REPRESENTATION_CONTEXT('2D SPACE',''
  ) );
#2585 = ORIENTED_EDGE('',*,*,#2586,.T.);
#2586 = EDGE_CURVE('',#2563,#642,#2587,.T.);
#2587 = SURFACE_CURVE('',#2588,(#2592,#2599),.PCURVE_S1.);
#2588 = LINE('',#2589,#2590);
#2589 = CARTESIAN_POINT('',(33.190360046254,-0.8,0.));
#2590 = VECTOR('',#2591,1.);
#2591 = DIRECTION('',(-6.805964901917E-16,-1.440099635965E-14,1.));
#2592 = PCURVE('',#662,#2593);
#2593 = DEFINITIONAL_REPRESENTATION('',(#2594),#2598);
#2594 = LINE('',#2595,#2596);
#2595 = CARTESIAN_POINT('',(6.259086589157,-52.2));
#2596 = VECTOR('',#2597,1.);
#2597 = DIRECTION('',(0.,1.));
#2598 = ( GEOMETRIC_REPRESENTATION_CONTEXT(2) 
PARAMETRIC_REPRESENTATION_CONTEXT() REPRESENTATION_CONTEXT('2D SPACE',''
  ) );
#2599 = PCURVE('',#690,#2600);
#2600 = DEFINITIONAL_REPRESENTATION('',(#2601),#2605);
#2601 = LINE('',#2602,#2603);
#2602 = CARTESIAN_POINT('',(47.9,10.490360046254));
#2603 = VECTOR('',#2604,1.);
#2604 = DIRECTION('',(-1.,-6.805964901917E-16));
#2605 = ( GEOMETRIC_REPRESENTATION_CONTEXT(2) 
PARAMETRIC_REPRESENTATION_CONTEXT() REPRESENTATION_CONTEXT('2D SPACE',''
  ) );
#2606 = ORIENTED_EDGE('',*,*,#641,.F.);
#2607 = ORIENTED_EDGE('',*,*,#2510,.F.);
#2608 = ADVANCED_FACE('',(#2609),#690,.T.);
#2609 = FACE_BOUND('',#2610,.F.);
#2610 = EDGE_LOOP('',(#2611,#2612,#2635,#2660));
#2611 = ORIENTED_EDGE('',*,*,#674,.F.);
#2612 = ORIENTED_EDGE('',*,*,#2613,.T.);
#2613 = EDGE_CURVE('',#675,#2614,#2616,.T.);
#2614 = VERTEX_POINT('',#2615);
#2615 = CARTESIAN_POINT('',(34.8,-0.8,21.240805812257));
#2616 = SURFACE_CURVE('',#2617,(#2621,#2628),.PCURVE_S1.);
#2617 = LINE('',#2618,#2619);
#2618 = CARTESIAN_POINT('',(34.8,-0.8,52.2));
#2619 = VECTOR('',#2620,1.);
#2620 = DIRECTION('',(0.,-0.,-1.));
#2621 = PCURVE('',#690,#2622);
#2622 = DEFINITIONAL_REPRESENTATION('',(#2623),#2627);
#2623 = LINE('',#2624,#2625);
#2624 = CARTESIAN_POINT('',(-4.3,12.1));
#2625 = VECTOR('',#2626,1.);
#2626 = DIRECTION('',(1.,-0.));
#2627 = ( GEOMETRIC_REPRESENTATION_CONTEXT(2) 
PARAMETRIC_REPRESENTATION_CONTEXT() REPRESENTATION_CONTEXT('2D SPACE',''
  ) );
#2628 = PCURVE('',#716,#2629);
#2629 = DEFINITIONAL_REPRESENTATION('',(#2630),#2634);
#2630 = LINE('',#2631,#2632);
#2631 = CARTESIAN_POINT('',(-0.,-0.));
#2632 = VECTOR('',#2633,1.);
#2633 = DIRECTION('',(-1.,0.));
#2634 = ( GEOMETRIC_REPRESENTATION_CONTEXT(2) 
PARAMETRIC_REPRESENTATION_CONTEXT() REPRESENTATION_CONTEXT('2D SPACE',''
  ) );
#2635 = ORIENTED_EDGE('',*,*,#2636,.T.);
#2636 = EDGE_CURVE('',#2614,#2563,#2637,.T.);
#2637 = SURFACE_CURVE('',#2638,(#2643,#2650),.PCURVE_S1.);
#2638 = HYPERBOLA('',#2639,0.8,0.8);
#2639 = AXIS2_PLACEMENT_3D('',#2640,#2641,#2642);
#2640 = CARTESIAN_POINT('',(0.,-0.8,56.05));
#2641 = DIRECTION('',(0.,1.,0.));
#2642 = DIRECTION('',(0.,-0.,-1.));
#2643 = PCURVE('',#690,#2644);
#2644 = DEFINITIONAL_REPRESENTATION('',(#2645),#2649);
#2645 = ( BOUNDED_CURVE() B_SPLINE_CURVE(2,(#2646,#2647,#2648),
.UNSPECIFIED.,.F.,.F.) B_SPLINE_CURVE_WITH_KNOTS((3,3),(-4.470078188586,
-4.418695417231),.PIECEWISE_BEZIER_KNOTS.) CURVE() 
GEOMETRIC_REPRESENTATION_ITEM() RATIONAL_B_SPLINE_CURVE((1.,
1.000330041802,1.)) REPRESENTATION_ITEM('') );
#2646 = CARTESIAN_POINT('',(26.8,12.240842863331));
#2647 = CARTESIAN_POINT('',(25.902518781417,11.343126436965));
#2648 = CARTESIAN_POINT('',(25.05,10.490360046254));
#2649 = ( GEOMETRIC_REPRESENTATION_CONTEXT(2) 
PARAMETRIC_REPRESENTATION_CONTEXT() REPRESENTATION_CONTEXT('2D SPACE',''
  ) );
#2650 = PCURVE('',#1499,#2651);
#2651 = DEFINITIONAL_REPRESENTATION('',(#2652),#2659);
#2652 = B_SPLINE_CURVE_WITH_KNOTS('',5,(#2653,#2654,#2655,#2656,#2657,
    #2658),.UNSPECIFIED.,.F.,.F.,(6,6),(-4.470078188586,-4.418695417231)
  ,.PIECEWISE_BEZIER_KNOTS.);
#2653 = CARTESIAN_POINT('',(-6.26029346524,3.552713678801E-15));
#2654 = CARTESIAN_POINT('',(-6.26005823653,-0.359071467965));
#2655 = CARTESIAN_POINT('',(-6.259819986936,-0.713529205336));
#2656 = CARTESIAN_POINT('',(-6.259578664758,-1.063452213371));
#2657 = CARTESIAN_POINT('',(-6.259334216971,-1.408917463705));
#2658 = CARTESIAN_POINT('',(-6.259086589157,-1.75));
#2659 = ( GEOMETRIC_REPRESENTATION_CONTEXT(2) 
PARAMETRIC_REPRESENTATION_CONTEXT() REPRESENTATION_CONTEXT('2D SPACE',''
  ) );
#2660 = ORIENTED_EDGE('',*,*,#2586,.T.);
#2661 = ADVANCED_FACE('',(#2662),#716,.T.);
#2662 = FACE_BOUND('',#2663,.F.);
#2663 = EDGE_LOOP('',(#2664,#2665,#2666,#2667,#2694));
#2664 = ORIENTED_EDGE('',*,*,#2613,.F.);
#2665 = ORIENTED_EDGE('',*,*,#702,.T.);
#2666 = ORIENTED_EDGE('',*,*,#1461,.T.);
#2667 = ORIENTED_EDGE('',*,*,#2668,.T.);
#2668 = EDGE_CURVE('',#1462,#2669,#2671,.T.);
#2669 = VERTEX_POINT('',#2670);
#2670 = CARTESIAN_POINT('',(34.8,0.,21.25));
#2671 = SURFACE_CURVE('',#2672,(#2677,#2684),.PCURVE_S1.);
#2672 = HYPERBOLA('',#2673,34.8,34.8);
#2673 = AXIS2_PLACEMENT_3D('',#2674,#2675,#2676);
#2674 = CARTESIAN_POINT('',(34.8,0.,56.05));
#2675 = DIRECTION('',(-1.,-0.,0.));
#2676 = DIRECTION('',(-0.,0.,-1.));
#2677 = PCURVE('',#716,#2678);
#2678 = DEFINITIONAL_REPRESENTATION('',(#2679),#2683);
#2679 = ( BOUNDED_CURVE() B_SPLINE_CURVE(2,(#2680,#2681,#2682),
.UNSPECIFIED.,.F.,.F.) B_SPLINE_CURVE_WITH_KNOTS((3,3),(
-2.758270924908E-02,0.),.PIECEWISE_BEZIER_KNOTS.) CURVE() 
GEOMETRIC_REPRESENTATION_ITEM() RATIONAL_B_SPLINE_CURVE((1.,
1.000095102239,1.)) REPRESENTATION_ITEM('') );
#2680 = CARTESIAN_POINT('',(-30.9632388611,-1.76));
#2681 = CARTESIAN_POINT('',(-30.95,-1.279908714873));
#2682 = CARTESIAN_POINT('',(-30.95,-0.8));
#2683 = ( GEOMETRIC_REPRESENTATION_CONTEXT(2) 
PARAMETRIC_REPRESENTATION_CONTEXT() REPRESENTATION_CONTEXT('2D SPACE',''
  ) );
#2684 = PCURVE('',#1499,#2685);
#2685 = DEFINITIONAL_REPRESENTATION('',(#2686),#2693);
#2686 = B_SPLINE_CURVE_WITH_KNOTS('',5,(#2687,#2688,#2689,#2690,#2691,
    #2692),.UNSPECIFIED.,.F.,.F.,(6,6),(-2.758270924908E-02,0.),
  .PIECEWISE_BEZIER_KNOTS.);
#2687 = CARTESIAN_POINT('',(-2.757921239974E-02,-0.1367611389));
#2688 = CARTESIAN_POINT('',(-2.206476839355E-02,-0.142057019076));
#2689 = CARTESIAN_POINT('',(-1.654927579797E-02,-0.146028593464));
#2690 = CARTESIAN_POINT('',(-1.103308369964E-02,-0.148676197822));
#2691 = CARTESIAN_POINT('',(-5.516541849816E-03,-0.15));
#2692 = CARTESIAN_POINT('',(0.,-0.15));
#2693 = ( GEOMETRIC_REPRESENTATION_CONTEXT(2) 
PARAMETRIC_REPRESENTATION_CONTEXT() REPRESENTATION_CONTEXT('2D SPACE',''
  ) );
#2694 = ORIENTED_EDGE('',*,*,#2695,.T.);
#2695 = EDGE_CURVE('',#2669,#2614,#2696,.T.);
#2696 = SURFACE_CURVE('',#2697,(#2702,#2709),.PCURVE_S1.);
#2697 = HYPERBOLA('',#2698,34.8,34.8);
#2698 = AXIS2_PLACEMENT_3D('',#2699,#2700,#2701);
#2699 = CARTESIAN_POINT('',(34.8,0.,56.05));
#2700 = DIRECTION('',(-1.,-0.,0.));
#2701 = DIRECTION('',(-0.,0.,-1.));
#2702 = PCURVE('',#716,#2703);
#2703 = DEFINITIONAL_REPRESENTATION('',(#2704),#2708);
#2704 = ( BOUNDED_CURVE() B_SPLINE_CURVE(2,(#2705,#2706,#2707),
.UNSPECIFIED.,.F.,.F.) B_SPLINE_CURVE_WITH_KNOTS((3,3),(
    2.449293598295E-16,2.758270924908E-02),.PIECEWISE_BEZIER_KNOTS.) 
CURVE() GEOMETRIC_REPRESENTATION_ITEM() RATIONAL_B_SPLINE_CURVE((1.,
1.000095102239,1.)) REPRESENTATION_ITEM('') );
#2705 = CARTESIAN_POINT('',(-30.95,-0.8));
#2706 = CARTESIAN_POINT('',(-30.95,-0.320091285127));
#2707 = CARTESIAN_POINT('',(-30.9632388611,0.16));
#2708 = ( GEOMETRIC_REPRESENTATION_CONTEXT(2) 
PARAMETRIC_REPRESENTATION_CONTEXT() REPRESENTATION_CONTEXT('2D SPACE',''
  ) );
#2709 = PCURVE('',#1499,#2710);
#2710 = DEFINITIONAL_REPRESENTATION('',(#2711),#2718);
#2711 = B_SPLINE_CURVE_WITH_KNOTS('',5,(#2712,#2713,#2714,#2715,#2716,
    #2717),.UNSPECIFIED.,.F.,.F.,(6,6),(2.449293598295E-16,
    2.758270924908E-02),.PIECEWISE_BEZIER_KNOTS.);
#2712 = CARTESIAN_POINT('',(-6.28318530718,-0.15));
#2713 = CARTESIAN_POINT('',(-6.27766876533,-0.15));
#2714 = CARTESIAN_POINT('',(-6.27215222348,-0.148676197822));
#2715 = CARTESIAN_POINT('',(-6.266636031382,-0.146028593464));
#2716 = CARTESIAN_POINT('',(-6.261120538786,-0.142057019076));
#2717 = CARTESIAN_POINT('',(-6.25560609478,-0.1367611389));
#2718 = ( GEOMETRIC_REPRESENTATION_CONTEXT(2) 
PARAMETRIC_REPRESENTATION_CONTEXT() REPRESENTATION_CONTEXT('2D SPACE',''
  ) );
#2719 = ADVANCED_FACE('',(#2720),#749,.T.);
#2720 = FACE_BOUND('',#2721,.T.);
#2721 = EDGE_LOOP('',(#2722,#2723,#2746,#2775));
#2722 = ORIENTED_EDGE('',*,*,#730,.T.);
#2723 = ORIENTED_EDGE('',*,*,#2724,.F.);
#2724 = EDGE_CURVE('',#2725,#733,#2727,.T.);
#2725 = VERTEX_POINT('',#2726);
#2726 = CARTESIAN_POINT('',(12.674778104566,0.800000000001,43.6));
#2727 = SURFACE_CURVE('',#2728,(#2732,#2739),.PCURVE_S1.);
#2728 = LINE('',#2729,#2730);
#2729 = CARTESIAN_POINT('',(12.674778104567,0.8,52.7));
#2730 = VECTOR('',#2731,1.);
#2731 = DIRECTION('',(-0.,-0.,1.));
#2732 = PCURVE('',#749,#2733);
#2733 = DEFINITIONAL_REPRESENTATION('',(#2734),#2738);
#2734 = LINE('',#2735,#2736);
#2735 = CARTESIAN_POINT('',(6.303385942263E-02,0.));
#2736 = VECTOR('',#2737,1.);
#2737 = DIRECTION('',(0.,1.));
#2738 = ( GEOMETRIC_REPRESENTATION_CONTEXT(2) 
PARAMETRIC_REPRESENTATION_CONTEXT() REPRESENTATION_CONTEXT('2D SPACE',''
  ) );
#2739 = PCURVE('',#832,#2740);
#2740 = DEFINITIONAL_REPRESENTATION('',(#2741),#2745);
#2741 = LINE('',#2742,#2743);
#2742 = CARTESIAN_POINT('',(-4.8,-10.02522189543));
#2743 = VECTOR('',#2744,1.);
#2744 = DIRECTION('',(-1.,0.));
#2745 = ( GEOMETRIC_REPRESENTATION_CONTEXT(2) 
PARAMETRIC_REPRESENTATION_CONTEXT() REPRESENTATION_CONTEXT('2D SPACE',''
  ) );
#2746 = ORIENTED_EDGE('',*,*,#2747,.T.);
#2747 = EDGE_CURVE('',#2725,#2748,#2750,.T.);
#2748 = VERTEX_POINT('',#2749);
#2749 = CARTESIAN_POINT('',(7.030209375311,10.576679825885,43.6));
#2750 = SURFACE_CURVE('',#2751,(#2756,#2763),.PCURVE_S1.);
#2751 = CIRCLE('',#2752,12.7);
#2752 = AXIS2_PLACEMENT_3D('',#2753,#2754,#2755);
#2753 = CARTESIAN_POINT('',(0.,0.,43.6));
#2754 = DIRECTION('',(0.,0.,1.));
#2755 = DIRECTION('',(1.,-0.,-0.));
#2756 = PCURVE('',#749,#2757);
#2757 = DEFINITIONAL_REPRESENTATION('',(#2758),#2762);
#2758 = LINE('',#2759,#2760);
#2759 = CARTESIAN_POINT('',(0.,-9.1));
#2760 = VECTOR('',#2761,1.);
#2761 = DIRECTION('',(1.,0.));
#2762 = ( GEOMETRIC_REPRESENTATION_CONTEXT(2) 
PARAMETRIC_REPRESENTATION_CONTEXT() REPRESENTATION_CONTEXT('2D SPACE',''
  ) );
#2763 = PCURVE('',#2764,#2769);
#2764 = PLANE('',#2765);
#2765 = AXIS2_PLACEMENT_3D('',#2766,#2767,#2768);
#2766 = CARTESIAN_POINT('',(33.2,0.,43.6));
#2767 = DIRECTION('',(-0.,-0.,1.));
#2768 = DIRECTION('',(1.,0.,0.));
#2769 = DEFINITIONAL_REPRESENTATION('',(#2770),#2774);
#2770 = CIRCLE('',#2771,12.7);
#2771 = AXIS2_PLACEMENT_2D('',#2772,#2773);
#2772 = CARTESIAN_POINT('',(-33.2,0.));
#2773 = DIRECTION('',(1.,-0.));
#2774 = ( GEOMETRIC_REPRESENTATION_CONTEXT(2) 
PARAMETRIC_REPRESENTATION_CONTEXT() REPRESENTATION_CONTEXT('2D SPACE',''
  ) );
#2775 = ORIENTED_EDGE('',*,*,#2776,.T.);
#2776 = EDGE_CURVE('',#2748,#731,#2777,.T.);
#2777 = SURFACE_CURVE('',#2778,(#2782,#2789),.PCURVE_S1.);
#2778 = LINE('',#2779,#2780);
#2779 = CARTESIAN_POINT('',(7.030209375311,10.576679825885,52.7));
#2780 = VECTOR('',#2781,1.);
#2781 = DIRECTION('',(-0.,-0.,1.));
#2782 = PCURVE('',#749,#2783);
#2783 = DEFINITIONAL_REPRESENTATION('',(#2784),#2788);
#2784 = LINE('',#2785,#2786);
#2785 = CARTESIAN_POINT('',(0.984163691774,0.));
#2786 = VECTOR('',#2787,1.);
#2787 = DIRECTION('',(0.,1.));
#2788 = ( GEOMETRIC_REPRESENTATION_CONTEXT(2) 
PARAMETRIC_REPRESENTATION_CONTEXT() REPRESENTATION_CONTEXT('2D SPACE',''
  ) );
#2789 = PCURVE('',#777,#2790);
#2790 = DEFINITIONAL_REPRESENTATION('',(#2791),#2795);
#2791 = LINE('',#2792,#2793);
#2792 = CARTESIAN_POINT('',(-4.8,-10.02522189543));
#2793 = VECTOR('',#2794,1.);
#2794 = DIRECTION('',(-1.,0.));
#2795 = ( GEOMETRIC_REPRESENTATION_CONTEXT(2) 
PARAMETRIC_REPRESENTATION_CONTEXT() REPRESENTATION_CONTEXT('2D SPACE',''
  ) );
#2796 = ADVANCED_FACE('',(#2797),#777,.T.);
#2797 = FACE_BOUND('',#2798,.F.);
#2798 = EDGE_LOOP('',(#2799,#2800,#2801,#2824));
#2799 = ORIENTED_EDGE('',*,*,#2776,.T.);
#2800 = ORIENTED_EDGE('',*,*,#761,.T.);
#2801 = ORIENTED_EDGE('',*,*,#2802,.F.);
#2802 = EDGE_CURVE('',#2803,#762,#2805,.T.);
#2803 = VERTEX_POINT('',#2804);
#2804 = CARTESIAN_POINT('',(16.487756220333,26.957631476427,43.6));
#2805 = SURFACE_CURVE('',#2806,(#2810,#2817),.PCURVE_S1.);
#2806 = LINE('',#2807,#2808);
#2807 = CARTESIAN_POINT('',(16.487756220333,26.957631476427,52.7));
#2808 = VECTOR('',#2809,1.);
#2809 = DIRECTION('',(-0.,-0.,1.));
#2810 = PCURVE('',#777,#2811);
#2811 = DEFINITIONAL_REPRESENTATION('',(#2812),#2816);
#2812 = LINE('',#2813,#2814);
#2813 = CARTESIAN_POINT('',(-4.8,8.889871794612));
#2814 = VECTOR('',#2815,1.);
#2815 = DIRECTION('',(-1.,0.));
#2816 = ( GEOMETRIC_REPRESENTATION_CONTEXT(2) 
PARAMETRIC_REPRESENTATION_CONTEXT() REPRESENTATION_CONTEXT('2D SPACE',''
  ) );
#2817 = PCURVE('',#806,#2818);
#2818 = DEFINITIONAL_REPRESENTATION('',(#2819),#2823);
#2819 = LINE('',#2820,#2821);
#2820 = CARTESIAN_POINT('',(1.021878390404,0.));
#2821 = VECTOR('',#2822,1.);
#2822 = DIRECTION('',(0.,1.));
#2823 = ( GEOMETRIC_REPRESENTATION_CONTEXT(2) 
PARAMETRIC_REPRESENTATION_CONTEXT() REPRESENTATION_CONTEXT('2D SPACE',''
  ) );
#2824 = ORIENTED_EDGE('',*,*,#2825,.T.);
#2825 = EDGE_CURVE('',#2803,#2748,#2826,.T.);
#2826 = SURFACE_CURVE('',#2827,(#2831,#2838),.PCURVE_S1.);
#2827 = LINE('',#2828,#2829);
#2828 = CARTESIAN_POINT('',(17.292820323028,28.352043405643,43.6));
#2829 = VECTOR('',#2830,1.);
#2830 = DIRECTION('',(-0.5,-0.866025403784,-0.));
#2831 = PCURVE('',#777,#2832);
#2832 = DEFINITIONAL_REPRESENTATION('',(#2833),#2837);
#2833 = LINE('',#2834,#2835);
#2834 = CARTESIAN_POINT('',(4.3,10.5));
#2835 = VECTOR('',#2836,1.);
#2836 = DIRECTION('',(-0.,-1.));
#2837 = ( GEOMETRIC_REPRESENTATION_CONTEXT(2) 
PARAMETRIC_REPRESENTATION_CONTEXT() REPRESENTATION_CONTEXT('2D SPACE',''
  ) );
#2838 = PCURVE('',#2764,#2839);
#2839 = DEFINITIONAL_REPRESENTATION('',(#2840),#2844);
#2840 = LINE('',#2841,#2842);
#2841 = CARTESIAN_POINT('',(-15.90717967697,28.352043405643));
#2842 = VECTOR('',#2843,1.);
#2843 = DIRECTION('',(-0.5,-0.866025403784));
#2844 = ( GEOMETRIC_REPRESENTATION_CONTEXT(2) 
PARAMETRIC_REPRESENTATION_CONTEXT() REPRESENTATION_CONTEXT('2D SPACE',''
  ) );
#2845 = ADVANCED_FACE('',(#2846,#3541,#3664,#3787,#3910,#4033,#4156,
    #4272,#4383,#4499),#806,.F.);
#2846 = FACE_BOUND('',#2847,.F.);
#2847 = EDGE_LOOP('',(#2848,#2871,#2899,#2922,#2958,#2986,#3015,#3038,
    #3065,#3066,#3090,#3118,#3147,#3148,#3176,#3197,#3198,#3221,#3249,
    #3270,#3271,#3294,#3322,#3343,#3344,#3367,#3395,#3416,#3417,#3440,
    #3468,#3489,#3490,#3513,#3539,#3540));
#2848 = ORIENTED_EDGE('',*,*,#2849,.F.);
#2849 = EDGE_CURVE('',#2850,#790,#2852,.T.);
#2850 = VERTEX_POINT('',#2851);
#2851 = CARTESIAN_POINT('',(31.589871794612,0.8,43.6));
#2852 = SURFACE_CURVE('',#2853,(#2857,#2864),.PCURVE_S1.);
#2853 = LINE('',#2854,#2855);
#2854 = CARTESIAN_POINT('',(31.589871794612,0.8,52.7));
#2855 = VECTOR('',#2856,1.);
#2856 = DIRECTION('',(-0.,-0.,1.));
#2857 = PCURVE('',#806,#2858);
#2858 = DEFINITIONAL_REPRESENTATION('',(#2859),#2863);
#2859 = LINE('',#2860,#2861);
#2860 = CARTESIAN_POINT('',(2.531916079262E-02,0.));
#2861 = VECTOR('',#2862,1.);
#2862 = DIRECTION('',(0.,1.));
#2863 = ( GEOMETRIC_REPRESENTATION_CONTEXT(2) 
PARAMETRIC_REPRESENTATION_CONTEXT() REPRESENTATION_CONTEXT('2D SPACE',''
  ) );
#2864 = PCURVE('',#832,#2865);
#2865 = DEFINITIONAL_REPRESENTATION('',(#2866),#2870);
#2866 = LINE('',#2867,#2868);
#2867 = CARTESIAN_POINT('',(-4.8,8.889871794612));
#2868 = VECTOR('',#2869,1.);
#2869 = DIRECTION('',(-1.,0.));
#2870 = ( GEOMETRIC_REPRESENTATION_CONTEXT(2) 
PARAMETRIC_REPRESENTATION_CONTEXT() REPRESENTATION_CONTEXT('2D SPACE',''
  ) );
#2871 = ORIENTED_EDGE('',*,*,#2872,.T.);
#2872 = EDGE_CURVE('',#2850,#2873,#2875,.T.);
#2873 = VERTEX_POINT('',#2874);
#2874 = CARTESIAN_POINT('',(31.6,0.,43.6));
#2875 = SURFACE_CURVE('',#2876,(#2881,#2888),.PCURVE_S1.);
#2876 = CIRCLE('',#2877,31.6);
#2877 = AXIS2_PLACEMENT_3D('',#2878,#2879,#2880);
#2878 = CARTESIAN_POINT('',(0.,0.,43.6));
#2879 = DIRECTION('',(0.,0.,-1.));
#2880 = DIRECTION('',(1.,-0.,-0.));
#2881 = PCURVE('',#806,#2882);
#2882 = DEFINITIONAL_REPRESENTATION('',(#2883),#2887);
#2883 = LINE('',#2884,#2885);
#2884 = CARTESIAN_POINT('',(6.28318530718,-9.1));
#2885 = VECTOR('',#2886,1.);
#2886 = DIRECTION('',(-1.,0.));
#2887 = ( GEOMETRIC_REPRESENTATION_CONTEXT(2) 
PARAMETRIC_REPRESENTATION_CONTEXT() REPRESENTATION_CONTEXT('2D SPACE',''
  ) );
#2888 = PCURVE('',#2764,#2889);
#2889 = DEFINITIONAL_REPRESENTATION('',(#2890),#2898);
#2890 = ( BOUNDED_CURVE() B_SPLINE_CURVE(2,(#2891,#2892,#2893,#2894,
#2895,#2896,#2897),.UNSPECIFIED.,.T.,.F.) B_SPLINE_CURVE_WITH_KNOTS((1,2
    ,2,2,2,1),(-2.094395102393,0.,2.094395102393,4.188790204786,
6.28318530718,8.377580409573),.UNSPECIFIED.) CURVE() 
GEOMETRIC_REPRESENTATION_ITEM() RATIONAL_B_SPLINE_CURVE((1.,0.5,1.,0.5,
1.,0.5,1.)) REPRESENTATION_ITEM('') );
#2891 = CARTESIAN_POINT('',(-1.6,0.));
#2892 = CARTESIAN_POINT('',(-1.6,-54.73280551917));
#2893 = CARTESIAN_POINT('',(-49.,-27.36640275958));
#2894 = CARTESIAN_POINT('',(-96.4,-7.739767770611E-15));
#2895 = CARTESIAN_POINT('',(-49.,27.366402759588));
#2896 = CARTESIAN_POINT('',(-1.6,54.732805519177));
#2897 = CARTESIAN_POINT('',(-1.6,0.));
#2898 = ( GEOMETRIC_REPRESENTATION_CONTEXT(2) 
PARAMETRIC_REPRESENTATION_CONTEXT() REPRESENTATION_CONTEXT('2D SPACE',''
  ) );
#2899 = ORIENTED_EDGE('',*,*,#2900,.F.);
#2900 = EDGE_CURVE('',#2901,#2873,#2903,.T.);
#2901 = VERTEX_POINT('',#2902);
#2902 = CARTESIAN_POINT('',(31.6,0.,8.6));
#2903 = SEAM_CURVE('',#2904,(#2908,#2915),.PCURVE_S1.);
#2904 = LINE('',#2905,#2906);
#2905 = CARTESIAN_POINT('',(31.6,0.,8.6));
#2906 = VECTOR('',#2907,1.);
#2907 = DIRECTION('',(0.,0.,1.));
#2908 = PCURVE('',#806,#2909);
#2909 = DEFINITIONAL_REPRESENTATION('',(#2910),#2914);
#2910 = LINE('',#2911,#2912);
#2911 = CARTESIAN_POINT('',(0.,-44.1));
#2912 = VECTOR('',#2913,1.);
#2913 = DIRECTION('',(-0.,1.));
#2914 = ( GEOMETRIC_REPRESENTATION_CONTEXT(2) 
PARAMETRIC_REPRESENTATION_CONTEXT() REPRESENTATION_CONTEXT('2D SPACE',''
  ) );
#2915 = PCURVE('',#806,#2916);
#2916 = DEFINITIONAL_REPRESENTATION('',(#2917),#2921);
#2917 = LINE('',#2918,#2919);
#2918 = CARTESIAN_POINT('',(6.28318530718,-44.1));
#2919 = VECTOR('',#2920,1.);
#2920 = DIRECTION('',(-0.,1.));
#2921 = ( GEOMETRIC_REPRESENTATION_CONTEXT(2) 
PARAMETRIC_REPRESENTATION_CONTEXT() REPRESENTATION_CONTEXT('2D SPACE',''
  ) );
#2922 = ORIENTED_EDGE('',*,*,#2923,.F.);
#2923 = EDGE_CURVE('',#2924,#2901,#2926,.T.);
#2924 = VERTEX_POINT('',#2925);
#2925 = CARTESIAN_POINT('',(31.589871794612,0.8,8.589871794612));
#2926 = SURFACE_CURVE('',#2927,(#2932,#2942),.PCURVE_S1.);
#2927 = ELLIPSE('',#2928,44.68914857099,31.6);
#2928 = AXIS2_PLACEMENT_3D('',#2929,#2930,#2931);
#2929 = CARTESIAN_POINT('',(0.,0.,-23.));
#2930 = DIRECTION('',(0.707106781187,0.,-0.707106781187));
#2931 = DIRECTION('',(0.707106781187,-0.,0.707106781187));
#2932 = PCURVE('',#806,#2933);
#2933 = DEFINITIONAL_REPRESENTATION('',(#2934),#2941);
#2934 = B_SPLINE_CURVE_WITH_KNOTS('',5,(#2935,#2936,#2937,#2938,#2939,
    #2940),.UNSPECIFIED.,.F.,.F.,(6,6),(6.252800885344,6.28318530718),
  .PIECEWISE_BEZIER_KNOTS.);
#2935 = CARTESIAN_POINT('',(3.038442183563E-02,-44.11458564463));
#2936 = CARTESIAN_POINT('',(2.430753746851E-02,-44.10875183564));
#2937 = CARTESIAN_POINT('',(1.823065310138E-02,-44.10437603005));
#2938 = CARTESIAN_POINT('',(1.215376873425E-02,-44.10145867668));
#2939 = CARTESIAN_POINT('',(6.076884367127E-03,-44.1));
#2940 = CARTESIAN_POINT('',(2.449293598295E-16,-44.1));
#2941 = ( GEOMETRIC_REPRESENTATION_CONTEXT(2) 
PARAMETRIC_REPRESENTATION_CONTEXT() REPRESENTATION_CONTEXT('2D SPACE',''
  ) );
#2942 = PCURVE('',#2943,#2948);
#2943 = PLANE('',#2944);
#2944 = AXIS2_PLACEMENT_3D('',#2945,#2946,#2947);
#2945 = CARTESIAN_POINT('',(31.8,0.,8.8));
#2946 = DIRECTION('',(-0.707106781187,-0.,0.707106781187));
#2947 = DIRECTION('',(0.707106781187,0.,0.707106781187));
#2948 = DEFINITIONAL_REPRESENTATION('',(#2949),#2957);
#2949 = ( BOUNDED_CURVE() B_SPLINE_CURVE(2,(#2950,#2951,#2952,#2953,
#2954,#2955,#2956),.UNSPECIFIED.,.T.,.F.) B_SPLINE_CURVE_WITH_KNOTS((1,2
    ,2,2,2,1),(-2.094395102393,0.,2.094395102393,4.188790204786,
6.28318530718,8.377580409573),.UNSPECIFIED.) CURVE() 
GEOMETRIC_REPRESENTATION_ITEM() RATIONAL_B_SPLINE_CURVE((1.,0.5,1.,0.5,
1.,0.5,1.)) REPRESENTATION_ITEM('') );
#2950 = CARTESIAN_POINT('',(-0.282842712475,0.));
#2951 = CARTESIAN_POINT('',(-0.282842712475,-54.73280551917));
#2952 = CARTESIAN_POINT('',(-67.31656556895,-27.36640275958));
#2953 = CARTESIAN_POINT('',(-134.3502884254,-7.739767770611E-15));
#2954 = CARTESIAN_POINT('',(-67.31656556895,27.366402759588));
#2955 = CARTESIAN_POINT('',(-0.282842712475,54.732805519177));
#2956 = CARTESIAN_POINT('',(-0.282842712475,0.));
#2957 = ( GEOMETRIC_REPRESENTATION_CONTEXT(2) 
PARAMETRIC_REPRESENTATION_CONTEXT() REPRESENTATION_CONTEXT('2D SPACE',''
  ) );
#2958 = ORIENTED_EDGE('',*,*,#2959,.F.);
#2959 = EDGE_CURVE('',#2960,#2924,#2962,.T.);
#2960 = VERTEX_POINT('',#2961);
#2961 = CARTESIAN_POINT('',(31.589871794612,0.8,1.6));
#2962 = SURFACE_CURVE('',#2963,(#2967,#2974),.PCURVE_S1.);
#2963 = LINE('',#2964,#2965);
#2964 = CARTESIAN_POINT('',(31.589871794612,0.8,52.7));
#2965 = VECTOR('',#2966,1.);
#2966 = DIRECTION('',(-0.,-0.,1.));
#2967 = PCURVE('',#806,#2968);
#2968 = DEFINITIONAL_REPRESENTATION('',(#2969),#2973);
#2969 = LINE('',#2970,#2971);
#2970 = CARTESIAN_POINT('',(2.531916079262E-02,0.));
#2971 = VECTOR('',#2972,1.);
#2972 = DIRECTION('',(0.,1.));
#2973 = ( GEOMETRIC_REPRESENTATION_CONTEXT(2) 
PARAMETRIC_REPRESENTATION_CONTEXT() REPRESENTATION_CONTEXT('2D SPACE',''
  ) );
#2974 = PCURVE('',#2975,#2980);
#2975 = PLANE('',#2976);
#2976 = AXIS2_PLACEMENT_3D('',#2977,#2978,#2979);
#2977 = CARTESIAN_POINT('',(30.995600125707,0.8,4.936396103068));
#2978 = DIRECTION('',(-0.,1.,-0.));
#2979 = DIRECTION('',(0.,0.,1.));
#2980 = DEFINITIONAL_REPRESENTATION('',(#2981),#2985);
#2981 = LINE('',#2982,#2983);
#2982 = CARTESIAN_POINT('',(47.763603896932,0.594271668904));
#2983 = VECTOR('',#2984,1.);
#2984 = DIRECTION('',(1.,-0.));
#2985 = ( GEOMETRIC_REPRESENTATION_CONTEXT(2) 
PARAMETRIC_REPRESENTATION_CONTEXT() REPRESENTATION_CONTEXT('2D SPACE',''
  ) );
#2986 = ORIENTED_EDGE('',*,*,#2987,.T.);
#2987 = EDGE_CURVE('',#2960,#2988,#2990,.T.);
#2988 = VERTEX_POINT('',#2989);
#2989 = CARTESIAN_POINT('',(31.6,0.,1.6));
#2990 = SURFACE_CURVE('',#2991,(#2996,#3003),.PCURVE_S1.);
#2991 = CIRCLE('',#2992,31.6);
#2992 = AXIS2_PLACEMENT_3D('',#2993,#2994,#2995);
#2993 = CARTESIAN_POINT('',(0.,0.,1.6));
#2994 = DIRECTION('',(0.,0.,-1.));
#2995 = DIRECTION('',(1.,-0.,-0.));
#2996 = PCURVE('',#806,#2997);
#2997 = DEFINITIONAL_REPRESENTATION('',(#2998),#3002);
#2998 = LINE('',#2999,#3000);
#2999 = CARTESIAN_POINT('',(6.28318530718,-51.1));
#3000 = VECTOR('',#3001,1.);
#3001 = DIRECTION('',(-1.,0.));
#3002 = ( GEOMETRIC_REPRESENTATION_CONTEXT(2) 
PARAMETRIC_REPRESENTATION_CONTEXT() REPRESENTATION_CONTEXT('2D SPACE',''
  ) );
#3003 = PCURVE('',#3004,#3009);
#3004 = PLANE('',#3005);
#3005 = AXIS2_PLACEMENT_3D('',#3006,#3007,#3008);
#3006 = CARTESIAN_POINT('',(30.,0.,1.6));
#3007 = DIRECTION('',(-0.,-0.,-1.));
#3008 = DIRECTION('',(-1.,0.,0.));
#3009 = DEFINITIONAL_REPRESENTATION('',(#3010),#3014);
#3010 = CIRCLE('',#3011,31.6);
#3011 = AXIS2_PLACEMENT_2D('',#3012,#3013);
#3012 = CARTESIAN_POINT('',(30.,0.));
#3013 = DIRECTION('',(-1.,0.));
#3014 = ( GEOMETRIC_REPRESENTATION_CONTEXT(2) 
PARAMETRIC_REPRESENTATION_CONTEXT() REPRESENTATION_CONTEXT('2D SPACE',''
  ) );
#3015 = ORIENTED_EDGE('',*,*,#3016,.T.);
#3016 = EDGE_CURVE('',#2988,#3017,#3019,.T.);
#3017 = VERTEX_POINT('',#3018);
#3018 = CARTESIAN_POINT('',(31.6,0.,0.8));
#3019 = SEAM_CURVE('',#3020,(#3024,#3031),.PCURVE_S1.);
#3020 = LINE('',#3021,#3022);
#3021 = CARTESIAN_POINT('',(31.6,0.,52.2));
#3022 = VECTOR('',#3023,1.);
#3023 = DIRECTION('',(-0.,-0.,-1.));
#3024 = PCURVE('',#806,#3025);
#3025 = DEFINITIONAL_REPRESENTATION('',(#3026),#3030);
#3026 = LINE('',#3027,#3028);
#3027 = CARTESIAN_POINT('',(0.,-0.5));
#3028 = VECTOR('',#3029,1.);
#3029 = DIRECTION('',(0.,-1.));
#3030 = ( GEOMETRIC_REPRESENTATION_CONTEXT(2) 
PARAMETRIC_REPRESENTATION_CONTEXT() REPRESENTATION_CONTEXT('2D SPACE',''
  ) );
#3031 = PCURVE('',#806,#3032);
#3032 = DEFINITIONAL_REPRESENTATION('',(#3033),#3037);
#3033 = LINE('',#3034,#3035);
#3034 = CARTESIAN_POINT('',(6.28318530718,-0.5));
#3035 = VECTOR('',#3036,1.);
#3036 = DIRECTION('',(0.,-1.));
#3037 = ( GEOMETRIC_REPRESENTATION_CONTEXT(2) 
PARAMETRIC_REPRESENTATION_CONTEXT() REPRESENTATION_CONTEXT('2D SPACE',''
  ) );
#3038 = ORIENTED_EDGE('',*,*,#3039,.T.);
#3039 = EDGE_CURVE('',#3017,#3017,#3040,.T.);
#3040 = SURFACE_CURVE('',#3041,(#3046,#3053),.PCURVE_S1.);
#3041 = CIRCLE('',#3042,31.6);
#3042 = AXIS2_PLACEMENT_3D('',#3043,#3044,#3045);
#3043 = CARTESIAN_POINT('',(0.,0.,0.8));
#3044 = DIRECTION('',(0.,-0.,1.));
#3045 = DIRECTION('',(0.,-1.,-0.));
#3046 = PCURVE('',#806,#3047);
#3047 = DEFINITIONAL_REPRESENTATION('',(#3048),#3052);
#3048 = LINE('',#3049,#3050);
#3049 = CARTESIAN_POINT('',(-1.570796326795,-51.9));
#3050 = VECTOR('',#3051,1.);
#3051 = DIRECTION('',(1.,0.));
#3052 = ( GEOMETRIC_REPRESENTATION_CONTEXT(2) 
PARAMETRIC_REPRESENTATION_CONTEXT() REPRESENTATION_CONTEXT('2D SPACE',''
  ) );
#3053 = PCURVE('',#3054,#3059);
#3054 = CONICAL_SURFACE('',#3055,30.8,0.785398163397);
#3055 = AXIS2_PLACEMENT_3D('',#3056,#3057,#3058);
#3056 = CARTESIAN_POINT('',(0.,0.,0.));
#3057 = DIRECTION('',(0.,0.,1.));
#3058 = DIRECTION('',(1.,0.,0.));
#3059 = DEFINITIONAL_REPRESENTATION('',(#3060),#3064);
#3060 = LINE('',#3061,#3062);
#3061 = CARTESIAN_POINT('',(-1.570796326795,0.8));
#3062 = VECTOR('',#3063,1.);
#3063 = DIRECTION('',(1.,0.));
#3064 = ( GEOMETRIC_REPRESENTATION_CONTEXT(2) 
PARAMETRIC_REPRESENTATION_CONTEXT() REPRESENTATION_CONTEXT('2D SPACE',''
  ) );
#3065 = ORIENTED_EDGE('',*,*,#3016,.F.);
#3066 = ORIENTED_EDGE('',*,*,#3067,.T.);
#3067 = EDGE_CURVE('',#2988,#3068,#3070,.T.);
#3068 = VERTEX_POINT('',#3069);
#3069 = CARTESIAN_POINT('',(31.589871794612,-0.8,1.6));
#3070 = SURFACE_CURVE('',#3071,(#3076,#3083),.PCURVE_S1.);
#3071 = CIRCLE('',#3072,31.6);
#3072 = AXIS2_PLACEMENT_3D('',#3073,#3074,#3075);
#3073 = CARTESIAN_POINT('',(0.,0.,1.6));
#3074 = DIRECTION('',(0.,0.,-1.));
#3075 = DIRECTION('',(1.,-0.,-0.));
#3076 = PCURVE('',#806,#3077);
#3077 = DEFINITIONAL_REPRESENTATION('',(#3078),#3082);
#3078 = LINE('',#3079,#3080);
#3079 = CARTESIAN_POINT('',(6.28318530718,-51.1));
#3080 = VECTOR('',#3081,1.);
#3081 = DIRECTION('',(-1.,0.));
#3082 = ( GEOMETRIC_REPRESENTATION_CONTEXT(2) 
PARAMETRIC_REPRESENTATION_CONTEXT() REPRESENTATION_CONTEXT('2D SPACE',''
  ) );
#3083 = PCURVE('',#3004,#3084);
#3084 = DEFINITIONAL_REPRESENTATION('',(#3085),#3089);
#3085 = CIRCLE('',#3086,31.6);
#3086 = AXIS2_PLACEMENT_2D('',#3087,#3088);
#3087 = CARTESIAN_POINT('',(30.,0.));
#3088 = DIRECTION('',(-1.,0.));
#3089 = ( GEOMETRIC_REPRESENTATION_CONTEXT(2) 
PARAMETRIC_REPRESENTATION_CONTEXT() REPRESENTATION_CONTEXT('2D SPACE',''
  ) );
#3090 = ORIENTED_EDGE('',*,*,#3091,.T.);
#3091 = EDGE_CURVE('',#3068,#3092,#3094,.T.);
#3092 = VERTEX_POINT('',#3093);
#3093 = CARTESIAN_POINT('',(31.589871794612,-0.8,8.589871794612));
#3094 = SURFACE_CURVE('',#3095,(#3099,#3106),.PCURVE_S1.);
#3095 = LINE('',#3096,#3097);
#3096 = CARTESIAN_POINT('',(31.589871794612,-0.8,52.7));
#3097 = VECTOR('',#3098,1.);
#3098 = DIRECTION('',(-0.,-0.,1.));
#3099 = PCURVE('',#806,#3100);
#3100 = DEFINITIONAL_REPRESENTATION('',(#3101),#3105);
#3101 = LINE('',#3102,#3103);
#3102 = CARTESIAN_POINT('',(6.257866146387,0.));
#3103 = VECTOR('',#3104,1.);
#3104 = DIRECTION('',(0.,1.));
#3105 = ( GEOMETRIC_REPRESENTATION_CONTEXT(2) 
PARAMETRIC_REPRESENTATION_CONTEXT() REPRESENTATION_CONTEXT('2D SPACE',''
  ) );
#3106 = PCURVE('',#3107,#3112);
#3107 = PLANE('',#3108);
#3108 = AXIS2_PLACEMENT_3D('',#3109,#3110,#3111);
#3109 = CARTESIAN_POINT('',(30.995600125707,-0.8,4.936396103068));
#3110 = DIRECTION('',(-0.,1.,-0.));
#3111 = DIRECTION('',(0.,0.,1.));
#3112 = DEFINITIONAL_REPRESENTATION('',(#3113),#3117);
#3113 = LINE('',#3114,#3115);
#3114 = CARTESIAN_POINT('',(47.763603896932,0.594271668904));
#3115 = VECTOR('',#3116,1.);
#3116 = DIRECTION('',(1.,-0.));
#3117 = ( GEOMETRIC_REPRESENTATION_CONTEXT(2) 
PARAMETRIC_REPRESENTATION_CONTEXT() REPRESENTATION_CONTEXT('2D SPACE',''
  ) );
#3118 = ORIENTED_EDGE('',*,*,#3119,.F.);
#3119 = EDGE_CURVE('',#2901,#3092,#3120,.T.);
#3120 = SURFACE_CURVE('',#3121,(#3126,#3136),.PCURVE_S1.);
#3121 = ELLIPSE('',#3122,44.68914857099,31.6);
#3122 = AXIS2_PLACEMENT_3D('',#3123,#3124,#3125);
#3123 = CARTESIAN_POINT('',(0.,0.,-23.));
#3124 = DIRECTION('',(0.707106781187,0.,-0.707106781187));
#3125 = DIRECTION('',(0.707106781187,-0.,0.707106781187));
#3126 = PCURVE('',#806,#3127);
#3127 = DEFINITIONAL_REPRESENTATION('',(#3128),#3135);
#3128 = B_SPLINE_CURVE_WITH_KNOTS('',5,(#3129,#3130,#3131,#3132,#3133,
    #3134),.UNSPECIFIED.,.F.,.F.,(6,6),(0.,3.038442183563E-02),
  .PIECEWISE_BEZIER_KNOTS.);
#3129 = CARTESIAN_POINT('',(6.28318530718,-44.1));
#3130 = CARTESIAN_POINT('',(6.277108422812,-44.1));
#3131 = CARTESIAN_POINT('',(6.271031538445,-44.10145867668));
#3132 = CARTESIAN_POINT('',(6.264954654078,-44.10437603005));
#3133 = CARTESIAN_POINT('',(6.258877769711,-44.10875183564));
#3134 = CARTESIAN_POINT('',(6.252800885344,-44.11458564463));
#3135 = ( GEOMETRIC_REPRESENTATION_CONTEXT(2) 
PARAMETRIC_REPRESENTATION_CONTEXT() REPRESENTATION_CONTEXT('2D SPACE',''
  ) );
#3136 = PCURVE('',#2943,#3137);
#3137 = DEFINITIONAL_REPRESENTATION('',(#3138),#3146);
#3138 = ( BOUNDED_CURVE() B_SPLINE_CURVE(2,(#3139,#3140,#3141,#3142,
#3143,#3144,#3145),.UNSPECIFIED.,.T.,.F.) B_SPLINE_CURVE_WITH_KNOTS((1,2
    ,2,2,2,1),(-2.094395102393,0.,2.094395102393,4.188790204786,
6.28318530718,8.377580409573),.UNSPECIFIED.) CURVE() 
GEOMETRIC_REPRESENTATION_ITEM() RATIONAL_B_SPLINE_CURVE((1.,0.5,1.,0.5,
1.,0.5,1.)) REPRESENTATION_ITEM('') );
#3139 = CARTESIAN_POINT('',(-0.282842712475,0.));
#3140 = CARTESIAN_POINT('',(-0.282842712475,-54.73280551917));
#3141 = CARTESIAN_POINT('',(-67.31656556895,-27.36640275958));
#3142 = CARTESIAN_POINT('',(-134.3502884254,-7.739767770611E-15));
#3143 = CARTESIAN_POINT('',(-67.31656556895,27.366402759588));
#3144 = CARTESIAN_POINT('',(-0.282842712475,54.732805519177));
#3145 = CARTESIAN_POINT('',(-0.282842712475,0.));
#3146 = ( GEOMETRIC_REPRESENTATION_CONTEXT(2) 
PARAMETRIC_REPRESENTATION_CONTEXT() REPRESENTATION_CONTEXT('2D SPACE',''
  ) );
#3147 = ORIENTED_EDGE('',*,*,#2900,.T.);
#3148 = ORIENTED_EDGE('',*,*,#3149,.T.);
#3149 = EDGE_CURVE('',#2873,#3150,#3152,.T.);
#3150 = VERTEX_POINT('',#3151);
#3151 = CARTESIAN_POINT('',(31.589871794612,-0.8,43.6));
#3152 = SURFACE_CURVE('',#3153,(#3158,#3165),.PCURVE_S1.);
#3153 = CIRCLE('',#3154,31.6);
#3154 = AXIS2_PLACEMENT_3D('',#3155,#3156,#3157);
#3155 = CARTESIAN_POINT('',(0.,0.,43.6));
#3156 = DIRECTION('',(0.,0.,-1.));
#3157 = DIRECTION('',(1.,-0.,-0.));
#3158 = PCURVE('',#806,#3159);
#3159 = DEFINITIONAL_REPRESENTATION('',(#3160),#3164);
#3160 = LINE('',#3161,#3162);
#3161 = CARTESIAN_POINT('',(6.28318530718,-9.1));
#3162 = VECTOR('',#3163,1.);
#3163 = DIRECTION('',(-1.,0.));
#3164 = ( GEOMETRIC_REPRESENTATION_CONTEXT(2) 
PARAMETRIC_REPRESENTATION_CONTEXT() REPRESENTATION_CONTEXT('2D SPACE',''
  ) );
#3165 = PCURVE('',#2764,#3166);
#3166 = DEFINITIONAL_REPRESENTATION('',(#3167),#3175);
#3167 = ( BOUNDED_CURVE() B_SPLINE_CURVE(2,(#3168,#3169,#3170,#3171,
#3172,#3173,#3174),.UNSPECIFIED.,.T.,.F.) B_SPLINE_CURVE_WITH_KNOTS((1,2
    ,2,2,2,1),(-2.094395102393,0.,2.094395102393,4.188790204786,
6.28318530718,8.377580409573),.UNSPECIFIED.) CURVE() 
GEOMETRIC_REPRESENTATION_ITEM() RATIONAL_B_SPLINE_CURVE((1.,0.5,1.,0.5,
1.,0.5,1.)) REPRESENTATION_ITEM('') );
#3168 = CARTESIAN_POINT('',(-1.6,0.));
#3169 = CARTESIAN_POINT('',(-1.6,-54.73280551917));
#3170 = CARTESIAN_POINT('',(-49.,-27.36640275958));
#3171 = CARTESIAN_POINT('',(-96.4,-7.739767770611E-15));
#3172 = CARTESIAN_POINT('',(-49.,27.366402759588));
#3173 = CARTESIAN_POINT('',(-1.6,54.732805519177));
#3174 = CARTESIAN_POINT('',(-1.6,0.));
#3175 = ( GEOMETRIC_REPRESENTATION_CONTEXT(2) 
PARAMETRIC_REPRESENTATION_CONTEXT() REPRESENTATION_CONTEXT('2D SPACE',''
  ) );
#3176 = ORIENTED_EDGE('',*,*,#3177,.T.);
#3177 = EDGE_CURVE('',#3150,#1104,#3178,.T.);
#3178 = SURFACE_CURVE('',#3179,(#3183,#3190),.PCURVE_S1.);
#3179 = LINE('',#3180,#3181);
#3180 = CARTESIAN_POINT('',(31.589871794612,-0.8,52.7));
#3181 = VECTOR('',#3182,1.);
#3182 = DIRECTION('',(-0.,-0.,1.));
#3183 = PCURVE('',#806,#3184);
#3184 = DEFINITIONAL_REPRESENTATION('',(#3185),#3189);
#3185 = LINE('',#3186,#3187);
#3186 = CARTESIAN_POINT('',(6.257866146387,0.));
#3187 = VECTOR('',#3188,1.);
#3188 = DIRECTION('',(0.,1.));
#3189 = ( GEOMETRIC_REPRESENTATION_CONTEXT(2) 
PARAMETRIC_REPRESENTATION_CONTEXT() REPRESENTATION_CONTEXT('2D SPACE',''
  ) );
#3190 = PCURVE('',#1200,#3191);
#3191 = DEFINITIONAL_REPRESENTATION('',(#3192),#3196);
#3192 = LINE('',#3193,#3194);
#3193 = CARTESIAN_POINT('',(-4.8,8.889871794612));
#3194 = VECTOR('',#3195,1.);
#3195 = DIRECTION('',(-1.,0.));
#3196 = ( GEOMETRIC_REPRESENTATION_CONTEXT(2) 
PARAMETRIC_REPRESENTATION_CONTEXT() REPRESENTATION_CONTEXT('2D SPACE',''
  ) );
#3197 = ORIENTED_EDGE('',*,*,#1103,.T.);
#3198 = ORIENTED_EDGE('',*,*,#3199,.F.);
#3199 = EDGE_CURVE('',#3200,#1106,#3202,.T.);
#3200 = VERTEX_POINT('',#3201);
#3201 = CARTESIAN_POINT('',(16.487756220333,-26.95763147642,43.6));
#3202 = SURFACE_CURVE('',#3203,(#3207,#3214),.PCURVE_S1.);
#3203 = LINE('',#3204,#3205);
#3204 = CARTESIAN_POINT('',(16.487756220333,-26.95763147642,52.7));
#3205 = VECTOR('',#3206,1.);
#3206 = DIRECTION('',(-0.,-0.,1.));
#3207 = PCURVE('',#806,#3208);
#3208 = DEFINITIONAL_REPRESENTATION('',(#3209),#3213);
#3209 = LINE('',#3210,#3211);
#3210 = CARTESIAN_POINT('',(5.261306916776,0.));
#3211 = VECTOR('',#3212,1.);
#3212 = DIRECTION('',(0.,1.));
#3213 = ( GEOMETRIC_REPRESENTATION_CONTEXT(2) 
PARAMETRIC_REPRESENTATION_CONTEXT() REPRESENTATION_CONTEXT('2D SPACE',''
  ) );
#3214 = PCURVE('',#1145,#3215);
#3215 = DEFINITIONAL_REPRESENTATION('',(#3216),#3220);
#3216 = LINE('',#3217,#3218);
#3217 = CARTESIAN_POINT('',(-4.8,8.889871794612));
#3218 = VECTOR('',#3219,1.);
#3219 = DIRECTION('',(-1.,0.));
#3220 = ( GEOMETRIC_REPRESENTATION_CONTEXT(2) 
PARAMETRIC_REPRESENTATION_CONTEXT() REPRESENTATION_CONTEXT('2D SPACE',''
  ) );
#3221 = ORIENTED_EDGE('',*,*,#3222,.T.);
#3222 = EDGE_CURVE('',#3200,#3223,#3225,.T.);
#3223 = VERTEX_POINT('',#3224);
#3224 = CARTESIAN_POINT('',(15.102115574278,-27.75763147642,43.6));
#3225 = SURFACE_CURVE('',#3226,(#3231,#3238),.PCURVE_S1.);
#3226 = CIRCLE('',#3227,31.6);
#3227 = AXIS2_PLACEMENT_3D('',#3228,#3229,#3230);
#3228 = CARTESIAN_POINT('',(0.,0.,43.6));
#3229 = DIRECTION('',(0.,0.,-1.));
#3230 = DIRECTION('',(1.,-0.,-0.));
#3231 = PCURVE('',#806,#3232);
#3232 = DEFINITIONAL_REPRESENTATION('',(#3233),#3237);
#3233 = LINE('',#3234,#3235);
#3234 = CARTESIAN_POINT('',(6.28318530718,-9.1));
#3235 = VECTOR('',#3236,1.);
#3236 = DIRECTION('',(-1.,0.));
#3237 = ( GEOMETRIC_REPRESENTATION_CONTEXT(2) 
PARAMETRIC_REPRESENTATION_CONTEXT() REPRESENTATION_CONTEXT('2D SPACE',''
  ) );
#3238 = PCURVE('',#2764,#3239);
#3239 = DEFINITIONAL_REPRESENTATION('',(#3240),#3248);
#3240 = ( BOUNDED_CURVE() B_SPLINE_CURVE(2,(#3241,#3242,#3243,#3244,
#3245,#3246,#3247),.UNSPECIFIED.,.T.,.F.) B_SPLINE_CURVE_WITH_KNOTS((1,2
    ,2,2,2,1),(-2.094395102393,0.,2.094395102393,4.188790204786,
6.28318530718,8.377580409573),.UNSPECIFIED.) CURVE() 
GEOMETRIC_REPRESENTATION_ITEM() RATIONAL_B_SPLINE_CURVE((1.,0.5,1.,0.5,
1.,0.5,1.)) REPRESENTATION_ITEM('') );
#3241 = CARTESIAN_POINT('',(-1.6,0.));
#3242 = CARTESIAN_POINT('',(-1.6,-54.73280551917));
#3243 = CARTESIAN_POINT('',(-49.,-27.36640275958));
#3244 = CARTESIAN_POINT('',(-96.4,-7.739767770611E-15));
#3245 = CARTESIAN_POINT('',(-49.,27.366402759588));
#3246 = CARTESIAN_POINT('',(-1.6,54.732805519177));
#3247 = CARTESIAN_POINT('',(-1.6,0.));
#3248 = ( GEOMETRIC_REPRESENTATION_CONTEXT(2) 
PARAMETRIC_REPRESENTATION_CONTEXT() REPRESENTATION_CONTEXT('2D SPACE',''
  ) );
#3249 = ORIENTED_EDGE('',*,*,#3250,.T.);
#3250 = EDGE_CURVE('',#3223,#847,#3251,.T.);
#3251 = SURFACE_CURVE('',#3252,(#3256,#3263),.PCURVE_S1.);
#3252 = LINE('',#3253,#3254);
#3253 = CARTESIAN_POINT('',(15.102115574278,-27.75763147642,52.7));
#3254 = VECTOR('',#3255,1.);
#3255 = DIRECTION('',(-0.,-0.,1.));
#3256 = PCURVE('',#806,#3257);
#3257 = DEFINITIONAL_REPRESENTATION('',(#3258),#3262);
#3258 = LINE('',#3259,#3260);
#3259 = CARTESIAN_POINT('',(5.21066859519,0.));
#3260 = VECTOR('',#3261,1.);
#3261 = DIRECTION('',(0.,1.));
#3262 = ( GEOMETRIC_REPRESENTATION_CONTEXT(2) 
PARAMETRIC_REPRESENTATION_CONTEXT() REPRESENTATION_CONTEXT('2D SPACE',''
  ) );
#3263 = PCURVE('',#943,#3264);
#3264 = DEFINITIONAL_REPRESENTATION('',(#3265),#3269);
#3265 = LINE('',#3266,#3267);
#3266 = CARTESIAN_POINT('',(-4.8,8.889871794612));
#3267 = VECTOR('',#3268,1.);
#3268 = DIRECTION('',(-1.,0.));
#3269 = ( GEOMETRIC_REPRESENTATION_CONTEXT(2) 
PARAMETRIC_REPRESENTATION_CONTEXT() REPRESENTATION_CONTEXT('2D SPACE',''
  ) );
#3270 = ORIENTED_EDGE('',*,*,#846,.T.);
#3271 = ORIENTED_EDGE('',*,*,#3272,.F.);
#3272 = EDGE_CURVE('',#3273,#849,#3275,.T.);
#3273 = VERTEX_POINT('',#3274);
#3274 = CARTESIAN_POINT('',(-15.10211557427,-27.75763147642,43.6));
#3275 = SURFACE_CURVE('',#3276,(#3280,#3287),.PCURVE_S1.);
#3276 = LINE('',#3277,#3278);
#3277 = CARTESIAN_POINT('',(-15.10211557427,-27.75763147642,52.7));
#3278 = VECTOR('',#3279,1.);
#3279 = DIRECTION('',(-0.,-0.,1.));
#3280 = PCURVE('',#806,#3281);
#3281 = DEFINITIONAL_REPRESENTATION('',(#3282),#3286);
#3282 = LINE('',#3283,#3284);
#3283 = CARTESIAN_POINT('',(4.214109365579,0.));
#3284 = VECTOR('',#3285,1.);
#3285 = DIRECTION('',(0.,1.));
#3286 = ( GEOMETRIC_REPRESENTATION_CONTEXT(2) 
PARAMETRIC_REPRESENTATION_CONTEXT() REPRESENTATION_CONTEXT('2D SPACE',''
  ) );
#3287 = PCURVE('',#888,#3288);
#3288 = DEFINITIONAL_REPRESENTATION('',(#3289),#3293);
#3289 = LINE('',#3290,#3291);
#3290 = CARTESIAN_POINT('',(-4.8,8.889871794612));
#3291 = VECTOR('',#3292,1.);
#3292 = DIRECTION('',(-1.,0.));
#3293 = ( GEOMETRIC_REPRESENTATION_CONTEXT(2) 
PARAMETRIC_REPRESENTATION_CONTEXT() REPRESENTATION_CONTEXT('2D SPACE',''
  ) );
#3294 = ORIENTED_EDGE('',*,*,#3295,.T.);
#3295 = EDGE_CURVE('',#3273,#3296,#3298,.T.);
#3296 = VERTEX_POINT('',#3297);
#3297 = CARTESIAN_POINT('',(-16.48775622033,-26.95763147642,43.6));
#3298 = SURFACE_CURVE('',#3299,(#3304,#3311),.PCURVE_S1.);
#3299 = CIRCLE('',#3300,31.6);
#3300 = AXIS2_PLACEMENT_3D('',#3301,#3302,#3303);
#3301 = CARTESIAN_POINT('',(0.,0.,43.6));
#3302 = DIRECTION('',(0.,0.,-1.));
#3303 = DIRECTION('',(1.,-0.,-0.));
#3304 = PCURVE('',#806,#3305);
#3305 = DEFINITIONAL_REPRESENTATION('',(#3306),#3310);
#3306 = LINE('',#3307,#3308);
#3307 = CARTESIAN_POINT('',(6.28318530718,-9.1));
#3308 = VECTOR('',#3309,1.);
#3309 = DIRECTION('',(-1.,0.));
#3310 = ( GEOMETRIC_REPRESENTATION_CONTEXT(2) 
PARAMETRIC_REPRESENTATION_CONTEXT() REPRESENTATION_CONTEXT('2D SPACE',''
  ) );
#3311 = PCURVE('',#2764,#3312);
#3312 = DEFINITIONAL_REPRESENTATION('',(#3313),#3321);
#3313 = ( BOUNDED_CURVE() B_SPLINE_CURVE(2,(#3314,#3315,#3316,#3317,
#3318,#3319,#3320),.UNSPECIFIED.,.T.,.F.) B_SPLINE_CURVE_WITH_KNOTS((1,2
    ,2,2,2,1),(-2.094395102393,0.,2.094395102393,4.188790204786,
6.28318530718,8.377580409573),.UNSPECIFIED.) CURVE() 
GEOMETRIC_REPRESENTATION_ITEM() RATIONAL_B_SPLINE_CURVE((1.,0.5,1.,0.5,
1.,0.5,1.)) REPRESENTATION_ITEM('') );
#3314 = CARTESIAN_POINT('',(-1.6,0.));
#3315 = CARTESIAN_POINT('',(-1.6,-54.73280551917));
#3316 = CARTESIAN_POINT('',(-49.,-27.36640275958));
#3317 = CARTESIAN_POINT('',(-96.4,-7.739767770611E-15));
#3318 = CARTESIAN_POINT('',(-49.,27.366402759588));
#3319 = CARTESIAN_POINT('',(-1.6,54.732805519177));
#3320 = CARTESIAN_POINT('',(-1.6,0.));
#3321 = ( GEOMETRIC_REPRESENTATION_CONTEXT(2) 
PARAMETRIC_REPRESENTATION_CONTEXT() REPRESENTATION_CONTEXT('2D SPACE',''
  ) );
#3322 = ORIENTED_EDGE('',*,*,#3323,.T.);
#3323 = EDGE_CURVE('',#3296,#989,#3324,.T.);
#3324 = SURFACE_CURVE('',#3325,(#3329,#3336),.PCURVE_S1.);
#3325 = LINE('',#3326,#3327);
#3326 = CARTESIAN_POINT('',(-16.48775622033,-26.95763147642,52.7));
#3327 = VECTOR('',#3328,1.);
#3328 = DIRECTION('',(-0.,-0.,1.));
#3329 = PCURVE('',#806,#3330);
#3330 = DEFINITIONAL_REPRESENTATION('',(#3331),#3335);
#3331 = LINE('',#3332,#3333);
#3332 = CARTESIAN_POINT('',(4.163471043994,0.));
#3333 = VECTOR('',#3334,1.);
#3334 = DIRECTION('',(0.,1.));
#3335 = ( GEOMETRIC_REPRESENTATION_CONTEXT(2) 
PARAMETRIC_REPRESENTATION_CONTEXT() REPRESENTATION_CONTEXT('2D SPACE',''
  ) );
#3336 = PCURVE('',#1004,#3337);
#3337 = DEFINITIONAL_REPRESENTATION('',(#3338),#3342);
#3338 = LINE('',#3339,#3340);
#3339 = CARTESIAN_POINT('',(-4.8,8.889871794612));
#3340 = VECTOR('',#3341,1.);
#3341 = DIRECTION('',(-1.,0.));
#3342 = ( GEOMETRIC_REPRESENTATION_CONTEXT(2) 
PARAMETRIC_REPRESENTATION_CONTEXT() REPRESENTATION_CONTEXT('2D SPACE',''
  ) );
#3343 = ORIENTED_EDGE('',*,*,#1016,.T.);
#3344 = ORIENTED_EDGE('',*,*,#3345,.F.);
#3345 = EDGE_CURVE('',#3346,#1017,#3348,.T.);
#3346 = VERTEX_POINT('',#3347);
#3347 = CARTESIAN_POINT('',(-31.58987179461,-0.8,43.6));
#3348 = SURFACE_CURVE('',#3349,(#3353,#3360),.PCURVE_S1.);
#3349 = LINE('',#3350,#3351);
#3350 = CARTESIAN_POINT('',(-31.58987179461,-0.8,52.7));
#3351 = VECTOR('',#3352,1.);
#3352 = DIRECTION('',(-0.,-0.,1.));
#3353 = PCURVE('',#806,#3354);
#3354 = DEFINITIONAL_REPRESENTATION('',(#3355),#3359);
#3355 = LINE('',#3356,#3357);
#3356 = CARTESIAN_POINT('',(3.166911814382,0.));
#3357 = VECTOR('',#3358,1.);
#3358 = DIRECTION('',(0.,1.));
#3359 = ( GEOMETRIC_REPRESENTATION_CONTEXT(2) 
PARAMETRIC_REPRESENTATION_CONTEXT() REPRESENTATION_CONTEXT('2D SPACE',''
  ) );
#3360 = PCURVE('',#1054,#3361);
#3361 = DEFINITIONAL_REPRESENTATION('',(#3362),#3366);
#3362 = LINE('',#3363,#3364);
#3363 = CARTESIAN_POINT('',(-4.8,8.889871794612));
#3364 = VECTOR('',#3365,1.);
#3365 = DIRECTION('',(-1.,0.));
#3366 = ( GEOMETRIC_REPRESENTATION_CONTEXT(2) 
PARAMETRIC_REPRESENTATION_CONTEXT() REPRESENTATION_CONTEXT('2D SPACE',''
  ) );
#3367 = ORIENTED_EDGE('',*,*,#3368,.T.);
#3368 = EDGE_CURVE('',#3346,#3369,#3371,.T.);
#3369 = VERTEX_POINT('',#3370);
#3370 = CARTESIAN_POINT('',(-31.58987179461,0.8,43.6));
#3371 = SURFACE_CURVE('',#3372,(#3377,#3384),.PCURVE_S1.);
#3372 = CIRCLE('',#3373,31.6);
#3373 = AXIS2_PLACEMENT_3D('',#3374,#3375,#3376);
#3374 = CARTESIAN_POINT('',(0.,0.,43.6));
#3375 = DIRECTION('',(0.,0.,-1.));
#3376 = DIRECTION('',(1.,-0.,-0.));
#3377 = PCURVE('',#806,#3378);
#3378 = DEFINITIONAL_REPRESENTATION('',(#3379),#3383);
#3379 = LINE('',#3380,#3381);
#3380 = CARTESIAN_POINT('',(6.28318530718,-9.1));
#3381 = VECTOR('',#3382,1.);
#3382 = DIRECTION('',(-1.,0.));
#3383 = ( GEOMETRIC_REPRESENTATION_CONTEXT(2) 
PARAMETRIC_REPRESENTATION_CONTEXT() REPRESENTATION_CONTEXT('2D SPACE',''
  ) );
#3384 = PCURVE('',#2764,#3385);
#3385 = DEFINITIONAL_REPRESENTATION('',(#3386),#3394);
#3386 = ( BOUNDED_CURVE() B_SPLINE_CURVE(2,(#3387,#3388,#3389,#3390,
#3391,#3392,#3393),.UNSPECIFIED.,.T.,.F.) B_SPLINE_CURVE_WITH_KNOTS((1,2
    ,2,2,2,1),(-2.094395102393,0.,2.094395102393,4.188790204786,
6.28318530718,8.377580409573),.UNSPECIFIED.) CURVE() 
GEOMETRIC_REPRESENTATION_ITEM() RATIONAL_B_SPLINE_CURVE((1.,0.5,1.,0.5,
1.,0.5,1.)) REPRESENTATION_ITEM('') );
#3387 = CARTESIAN_POINT('',(-1.6,0.));
#3388 = CARTESIAN_POINT('',(-1.6,-54.73280551917));
#3389 = CARTESIAN_POINT('',(-49.,-27.36640275958));
#3390 = CARTESIAN_POINT('',(-96.4,-7.739767770611E-15));
#3391 = CARTESIAN_POINT('',(-49.,27.366402759588));
#3392 = CARTESIAN_POINT('',(-1.6,54.732805519177));
#3393 = CARTESIAN_POINT('',(-1.6,0.));
#3394 = ( GEOMETRIC_REPRESENTATION_CONTEXT(2) 
PARAMETRIC_REPRESENTATION_CONTEXT() REPRESENTATION_CONTEXT('2D SPACE',''
  ) );
#3395 = ORIENTED_EDGE('',*,*,#3396,.T.);
#3396 = EDGE_CURVE('',#3369,#1246,#3397,.T.);
#3397 = SURFACE_CURVE('',#3398,(#3402,#3409),.PCURVE_S1.);
#3398 = LINE('',#3399,#3400);
#3399 = CARTESIAN_POINT('',(-31.58987179461,0.8,52.7));
#3400 = VECTOR('',#3401,1.);
#3401 = DIRECTION('',(-0.,-0.,1.));
#3402 = PCURVE('',#806,#3403);
#3403 = DEFINITIONAL_REPRESENTATION('',(#3404),#3408);
#3404 = LINE('',#3405,#3406);
#3405 = CARTESIAN_POINT('',(3.116273492797,0.));
#3406 = VECTOR('',#3407,1.);
#3407 = DIRECTION('',(0.,1.));
#3408 = ( GEOMETRIC_REPRESENTATION_CONTEXT(2) 
PARAMETRIC_REPRESENTATION_CONTEXT() REPRESENTATION_CONTEXT('2D SPACE',''
  ) );
#3409 = PCURVE('',#1261,#3410);
#3410 = DEFINITIONAL_REPRESENTATION('',(#3411),#3415);
#3411 = LINE('',#3412,#3413);
#3412 = CARTESIAN_POINT('',(-4.8,8.889871794612));
#3413 = VECTOR('',#3414,1.);
#3414 = DIRECTION('',(-1.,0.));
#3415 = ( GEOMETRIC_REPRESENTATION_CONTEXT(2) 
PARAMETRIC_REPRESENTATION_CONTEXT() REPRESENTATION_CONTEXT('2D SPACE',''
  ) );
#3416 = ORIENTED_EDGE('',*,*,#1273,.T.);
#3417 = ORIENTED_EDGE('',*,*,#3418,.F.);
#3418 = EDGE_CURVE('',#3419,#1274,#3421,.T.);
#3419 = VERTEX_POINT('',#3420);
#3420 = CARTESIAN_POINT('',(-16.48775622033,26.957631476427,43.6));
#3421 = SURFACE_CURVE('',#3422,(#3426,#3433),.PCURVE_S1.);
#3422 = LINE('',#3423,#3424);
#3423 = CARTESIAN_POINT('',(-16.48775622033,26.957631476427,52.7));
#3424 = VECTOR('',#3425,1.);
#3425 = DIRECTION('',(-0.,-0.,1.));
#3426 = PCURVE('',#806,#3427);
#3427 = DEFINITIONAL_REPRESENTATION('',(#3428),#3432);
#3428 = LINE('',#3429,#3430);
#3429 = CARTESIAN_POINT('',(2.119714263186,0.));
#3430 = VECTOR('',#3431,1.);
#3431 = DIRECTION('',(0.,1.));
#3432 = ( GEOMETRIC_REPRESENTATION_CONTEXT(2) 
PARAMETRIC_REPRESENTATION_CONTEXT() REPRESENTATION_CONTEXT('2D SPACE',''
  ) );
#3433 = PCURVE('',#1311,#3434);
#3434 = DEFINITIONAL_REPRESENTATION('',(#3435),#3439);
#3435 = LINE('',#3436,#3437);
#3436 = CARTESIAN_POINT('',(-4.8,8.889871794612));
#3437 = VECTOR('',#3438,1.);
#3438 = DIRECTION('',(-1.,0.));
#3439 = ( GEOMETRIC_REPRESENTATION_CONTEXT(2) 
PARAMETRIC_REPRESENTATION_CONTEXT() REPRESENTATION_CONTEXT('2D SPACE',''
  ) );
#3440 = ORIENTED_EDGE('',*,*,#3441,.T.);
#3441 = EDGE_CURVE('',#3419,#3442,#3444,.T.);
#3442 = VERTEX_POINT('',#3443);
#3443 = CARTESIAN_POINT('',(-15.10211557427,27.757631476427,43.6));
#3444 = SURFACE_CURVE('',#3445,(#3450,#3457),.PCURVE_S1.);
#3445 = CIRCLE('',#3446,31.6);
#3446 = AXIS2_PLACEMENT_3D('',#3447,#3448,#3449);
#3447 = CARTESIAN_POINT('',(0.,0.,43.6));
#3448 = DIRECTION('',(0.,0.,-1.));
#3449 = DIRECTION('',(1.,-0.,-0.));
#3450 = PCURVE('',#806,#3451);
#3451 = DEFINITIONAL_REPRESENTATION('',(#3452),#3456);
#3452 = LINE('',#3453,#3454);
#3453 = CARTESIAN_POINT('',(6.28318530718,-9.1));
#3454 = VECTOR('',#3455,1.);
#3455 = DIRECTION('',(-1.,0.));
#3456 = ( GEOMETRIC_REPRESENTATION_CONTEXT(2) 
PARAMETRIC_REPRESENTATION_CONTEXT() REPRESENTATION_CONTEXT('2D SPACE',''
  ) );
#3457 = PCURVE('',#2764,#3458);
#3458 = DEFINITIONAL_REPRESENTATION('',(#3459),#3467);
#3459 = ( BOUNDED_CURVE() B_SPLINE_CURVE(2,(#3460,#3461,#3462,#3463,
#3464,#3465,#3466),.UNSPECIFIED.,.T.,.F.) B_SPLINE_CURVE_WITH_KNOTS((1,2
    ,2,2,2,1),(-2.094395102393,0.,2.094395102393,4.188790204786,
6.28318530718,8.377580409573),.UNSPECIFIED.) CURVE() 
GEOMETRIC_REPRESENTATION_ITEM() RATIONAL_B_SPLINE_CURVE((1.,0.5,1.,0.5,
1.,0.5,1.)) REPRESENTATION_ITEM('') );
#3460 = CARTESIAN_POINT('',(-1.6,0.));
#3461 = CARTESIAN_POINT('',(-1.6,-54.73280551917));
#3462 = CARTESIAN_POINT('',(-49.,-27.36640275958));
#3463 = CARTESIAN_POINT('',(-96.4,-7.739767770611E-15));
#3464 = CARTESIAN_POINT('',(-49.,27.366402759588));
#3465 = CARTESIAN_POINT('',(-1.6,54.732805519177));
#3466 = CARTESIAN_POINT('',(-1.6,0.));
#3467 = ( GEOMETRIC_REPRESENTATION_CONTEXT(2) 
PARAMETRIC_REPRESENTATION_CONTEXT() REPRESENTATION_CONTEXT('2D SPACE',''
  ) );
#3468 = ORIENTED_EDGE('',*,*,#3469,.T.);
#3469 = EDGE_CURVE('',#3442,#1357,#3470,.T.);
#3470 = SURFACE_CURVE('',#3471,(#3475,#3482),.PCURVE_S1.);
#3471 = LINE('',#3472,#3473);
#3472 = CARTESIAN_POINT('',(-15.10211557427,27.757631476427,52.7));
#3473 = VECTOR('',#3474,1.);
#3474 = DIRECTION('',(-0.,-0.,1.));
#3475 = PCURVE('',#806,#3476);
#3476 = DEFINITIONAL_REPRESENTATION('',(#3477),#3481);
#3477 = LINE('',#3478,#3479);
#3478 = CARTESIAN_POINT('',(2.069075941601,0.));
#3479 = VECTOR('',#3480,1.);
#3480 = DIRECTION('',(0.,1.));
#3481 = ( GEOMETRIC_REPRESENTATION_CONTEXT(2) 
PARAMETRIC_REPRESENTATION_CONTEXT() REPRESENTATION_CONTEXT('2D SPACE',''
  ) );
#3482 = PCURVE('',#1372,#3483);
#3483 = DEFINITIONAL_REPRESENTATION('',(#3484),#3488);
#3484 = LINE('',#3485,#3486);
#3485 = CARTESIAN_POINT('',(-4.8,8.889871794612));
#3486 = VECTOR('',#3487,1.);
#3487 = DIRECTION('',(-1.,0.));
#3488 = ( GEOMETRIC_REPRESENTATION_CONTEXT(2) 
PARAMETRIC_REPRESENTATION_CONTEXT() REPRESENTATION_CONTEXT('2D SPACE',''
  ) );
#3489 = ORIENTED_EDGE('',*,*,#1384,.T.);
#3490 = ORIENTED_EDGE('',*,*,#3491,.F.);
#3491 = EDGE_CURVE('',#3492,#1385,#3494,.T.);
#3492 = VERTEX_POINT('',#3493);
#3493 = CARTESIAN_POINT('',(15.102115574278,27.757631476427,43.6));
#3494 = SURFACE_CURVE('',#3495,(#3499,#3506),.PCURVE_S1.);
#3495 = LINE('',#3496,#3497);
#3496 = CARTESIAN_POINT('',(15.102115574278,27.757631476427,52.7));
#3497 = VECTOR('',#3498,1.);
#3498 = DIRECTION('',(-0.,-0.,1.));
#3499 = PCURVE('',#806,#3500);
#3500 = DEFINITIONAL_REPRESENTATION('',(#3501),#3505);
#3501 = LINE('',#3502,#3503);
#3502 = CARTESIAN_POINT('',(1.072516711989,0.));
#3503 = VECTOR('',#3504,1.);
#3504 = DIRECTION('',(0.,1.));
#3505 = ( GEOMETRIC_REPRESENTATION_CONTEXT(2) 
PARAMETRIC_REPRESENTATION_CONTEXT() REPRESENTATION_CONTEXT('2D SPACE',''
  ) );
#3506 = PCURVE('',#1422,#3507);
#3507 = DEFINITIONAL_REPRESENTATION('',(#3508),#3512);
#3508 = LINE('',#3509,#3510);
#3509 = CARTESIAN_POINT('',(-4.8,8.889871794612));
#3510 = VECTOR('',#3511,1.);
#3511 = DIRECTION('',(-1.,0.));
#3512 = ( GEOMETRIC_REPRESENTATION_CONTEXT(2) 
PARAMETRIC_REPRESENTATION_CONTEXT() REPRESENTATION_CONTEXT('2D SPACE',''
  ) );
#3513 = ORIENTED_EDGE('',*,*,#3514,.T.);
#3514 = EDGE_CURVE('',#3492,#2803,#3515,.T.);
#3515 = SURFACE_CURVE('',#3516,(#3521,#3528),.PCURVE_S1.);
#3516 = CIRCLE('',#3517,31.6);
#3517 = AXIS2_PLACEMENT_3D('',#3518,#3519,#3520);
#3518 = CARTESIAN_POINT('',(0.,0.,43.6));
#3519 = DIRECTION('',(0.,0.,-1.));
#3520 = DIRECTION('',(1.,-0.,-0.));
#3521 = PCURVE('',#806,#3522);
#3522 = DEFINITIONAL_REPRESENTATION('',(#3523),#3527);
#3523 = LINE('',#3524,#3525);
#3524 = CARTESIAN_POINT('',(6.28318530718,-9.1));
#3525 = VECTOR('',#3526,1.);
#3526 = DIRECTION('',(-1.,0.));
#3527 = ( GEOMETRIC_REPRESENTATION_CONTEXT(2) 
PARAMETRIC_REPRESENTATION_CONTEXT() REPRESENTATION_CONTEXT('2D SPACE',''
  ) );
#3528 = PCURVE('',#2764,#3529);
#3529 = DEFINITIONAL_REPRESENTATION('',(#3530),#3538);
#3530 = ( BOUNDED_CURVE() B_SPLINE_CURVE(2,(#3531,#3532,#3533,#3534,
#3535,#3536,#3537),.UNSPECIFIED.,.T.,.F.) B_SPLINE_CURVE_WITH_KNOTS((1,2
    ,2,2,2,1),(-2.094395102393,0.,2.094395102393,4.188790204786,
6.28318530718,8.377580409573),.UNSPECIFIED.) CURVE() 
GEOMETRIC_REPRESENTATION_ITEM() RATIONAL_B_SPLINE_CURVE((1.,0.5,1.,0.5,
1.,0.5,1.)) REPRESENTATION_ITEM('') );
#3531 = CARTESIAN_POINT('',(-1.6,0.));
#3532 = CARTESIAN_POINT('',(-1.6,-54.73280551917));
#3533 = CARTESIAN_POINT('',(-49.,-27.36640275958));
#3534 = CARTESIAN_POINT('',(-96.4,-7.739767770611E-15));
#3535 = CARTESIAN_POINT('',(-49.,27.366402759588));
#3536 = CARTESIAN_POINT('',(-1.6,54.732805519177));
#3537 = CARTESIAN_POINT('',(-1.6,0.));
#3538 = ( GEOMETRIC_REPRESENTATION_CONTEXT(2) 
PARAMETRIC_REPRESENTATION_CONTEXT() REPRESENTATION_CONTEXT('2D SPACE',''
  ) );
#3539 = ORIENTED_EDGE('',*,*,#2802,.T.);
#3540 = ORIENTED_EDGE('',*,*,#789,.T.);
#3541 = FACE_BOUND('',#3542,.F.);
#3542 = EDGE_LOOP('',(#3543,#3581,#3609,#3638));
#3543 = ORIENTED_EDGE('',*,*,#3544,.F.);
#3544 = EDGE_CURVE('',#3545,#3547,#3549,.T.);
#3545 = VERTEX_POINT('',#3546);
#3546 = CARTESIAN_POINT('',(15.102115574278,27.757631476427,
    8.589871794612));
#3547 = VERTEX_POINT('',#3548);
#3548 = CARTESIAN_POINT('',(16.487756220333,26.957631476427,
    8.589871794612));
#3549 = SURFACE_CURVE('',#3550,(#3555,#3565),.PCURVE_S1.);
#3550 = ELLIPSE('',#3551,44.68914857099,31.6);
#3551 = AXIS2_PLACEMENT_3D('',#3552,#3553,#3554);
#3552 = CARTESIAN_POINT('',(0.,0.,-23.));
#3553 = DIRECTION('',(0.353553390593,0.612372435696,-0.707106781187));
#3554 = DIRECTION('',(0.353553390593,0.612372435696,0.707106781187));
#3555 = PCURVE('',#806,#3556);
#3556 = DEFINITIONAL_REPRESENTATION('',(#3557),#3564);
#3557 = B_SPLINE_CURVE_WITH_KNOTS('',5,(#3558,#3559,#3560,#3561,#3562,
    #3563),.UNSPECIFIED.,.F.,.F.,(6,6),(6.252800885344,6.313569729015),
  .PIECEWISE_BEZIER_KNOTS.);
#3558 = CARTESIAN_POINT('',(1.077581973032,-44.11458564463));
#3559 = CARTESIAN_POINT('',(1.065428204298,-44.10291802665));
#3560 = CARTESIAN_POINT('',(1.053274435564,-44.09708242221));
#3561 = CARTESIAN_POINT('',(1.041120666829,-44.09708242221));
#3562 = CARTESIAN_POINT('',(1.028966898095,-44.10291802665));
#3563 = CARTESIAN_POINT('',(1.016813129361,-44.11458564463));
#3564 = ( GEOMETRIC_REPRESENTATION_CONTEXT(2) 
PARAMETRIC_REPRESENTATION_CONTEXT() REPRESENTATION_CONTEXT('2D SPACE',''
  ) );
#3565 = PCURVE('',#3566,#3571);
#3566 = PLANE('',#3567);
#3567 = AXIS2_PLACEMENT_3D('',#3568,#3569,#3570);
#3568 = CARTESIAN_POINT('',(15.9,27.539607840345,8.8));
#3569 = DIRECTION('',(-0.353553390593,-0.612372435696,0.707106781187));
#3570 = DIRECTION('',(0.353553390593,0.612372435696,0.707106781187));
#3571 = DEFINITIONAL_REPRESENTATION('',(#3572),#3580);
#3572 = ( BOUNDED_CURVE() B_SPLINE_CURVE(2,(#3573,#3574,#3575,#3576,
#3577,#3578,#3579),.UNSPECIFIED.,.T.,.F.) B_SPLINE_CURVE_WITH_KNOTS((1,2
    ,2,2,2,1),(-2.094395102393,0.,2.094395102393,4.188790204786,
6.28318530718,8.377580409573),.UNSPECIFIED.) CURVE() 
GEOMETRIC_REPRESENTATION_ITEM() RATIONAL_B_SPLINE_CURVE((1.,0.5,1.,0.5,
1.,0.5,1.)) REPRESENTATION_ITEM('') );
#3573 = CARTESIAN_POINT('',(-0.282842712475,-2.48074608472E-15));
#3574 = CARTESIAN_POINT('',(-0.282842712475,-54.73280551917));
#3575 = CARTESIAN_POINT('',(-67.31656556895,-27.36640275958));
#3576 = CARTESIAN_POINT('',(-134.3502884254,-2.778275601171E-15));
#3577 = CARTESIAN_POINT('',(-67.31656556895,27.366402759588));
#3578 = CARTESIAN_POINT('',(-0.282842712475,54.732805519177));
#3579 = CARTESIAN_POINT('',(-0.282842712475,-2.48074608472E-15));
#3580 = ( GEOMETRIC_REPRESENTATION_CONTEXT(2) 
PARAMETRIC_REPRESENTATION_CONTEXT() REPRESENTATION_CONTEXT('2D SPACE',''
  ) );
#3581 = ORIENTED_EDGE('',*,*,#3582,.F.);
#3582 = EDGE_CURVE('',#3583,#3545,#3585,.T.);
#3583 = VERTEX_POINT('',#3584);
#3584 = CARTESIAN_POINT('',(15.102115574278,27.757631476427,1.6));
#3585 = SURFACE_CURVE('',#3586,(#3590,#3597),.PCURVE_S1.);
#3586 = LINE('',#3587,#3588);
#3587 = CARTESIAN_POINT('',(15.102115574278,27.757631476427,52.7));
#3588 = VECTOR('',#3589,1.);
#3589 = DIRECTION('',(-0.,-0.,1.));
#3590 = PCURVE('',#806,#3591);
#3591 = DEFINITIONAL_REPRESENTATION('',(#3592),#3596);
#3592 = LINE('',#3593,#3594);
#3593 = CARTESIAN_POINT('',(1.072516711989,0.));
#3594 = VECTOR('',#3595,1.);
#3595 = DIRECTION('',(0.,1.));
#3596 = ( GEOMETRIC_REPRESENTATION_CONTEXT(2) 
PARAMETRIC_REPRESENTATION_CONTEXT() REPRESENTATION_CONTEXT('2D SPACE',''
  ) );
#3597 = PCURVE('',#3598,#3603);
#3598 = PLANE('',#3599);
#3599 = AXIS2_PLACEMENT_3D('',#3600,#3601,#3602);
#3600 = CARTESIAN_POINT('',(14.804979739826,27.242977114407,
    4.936396103068));
#3601 = DIRECTION('',(-0.866025403784,0.5,-0.));
#3602 = DIRECTION('',(0.,0.,1.));
#3603 = DEFINITIONAL_REPRESENTATION('',(#3604),#3608);
#3604 = LINE('',#3605,#3606);
#3605 = CARTESIAN_POINT('',(47.763603896932,0.594271668904));
#3606 = VECTOR('',#3607,1.);
#3607 = DIRECTION('',(1.,-0.));
#3608 = ( GEOMETRIC_REPRESENTATION_CONTEXT(2) 
PARAMETRIC_REPRESENTATION_CONTEXT() REPRESENTATION_CONTEXT('2D SPACE',''
  ) );
#3609 = ORIENTED_EDGE('',*,*,#3610,.T.);
#3610 = EDGE_CURVE('',#3583,#3611,#3613,.T.);
#3611 = VERTEX_POINT('',#3612);
#3612 = CARTESIAN_POINT('',(16.487756220333,26.957631476427,1.6));
#3613 = SURFACE_CURVE('',#3614,(#3619,#3626),.PCURVE_S1.);
#3614 = CIRCLE('',#3615,31.6);
#3615 = AXIS2_PLACEMENT_3D('',#3616,#3617,#3618);
#3616 = CARTESIAN_POINT('',(0.,0.,1.6));
#3617 = DIRECTION('',(0.,0.,-1.));
#3618 = DIRECTION('',(1.,-0.,-0.));
#3619 = PCURVE('',#806,#3620);
#3620 = DEFINITIONAL_REPRESENTATION('',(#3621),#3625);
#3621 = LINE('',#3622,#3623);
#3622 = CARTESIAN_POINT('',(6.28318530718,-51.1));
#3623 = VECTOR('',#3624,1.);
#3624 = DIRECTION('',(-1.,0.));
#3625 = ( GEOMETRIC_REPRESENTATION_CONTEXT(2) 
PARAMETRIC_REPRESENTATION_CONTEXT() REPRESENTATION_CONTEXT('2D SPACE',''
  ) );
#3626 = PCURVE('',#3627,#3632);
#3627 = PLANE('',#3628);
#3628 = AXIS2_PLACEMENT_3D('',#3629,#3630,#3631);
#3629 = CARTESIAN_POINT('',(15.,25.980762113533,1.6));
#3630 = DIRECTION('',(-0.,-0.,-1.));
#3631 = DIRECTION('',(-0.5,-0.866025403784,0.));
#3632 = DEFINITIONAL_REPRESENTATION('',(#3633),#3637);
#3633 = CIRCLE('',#3634,31.6);
#3634 = AXIS2_PLACEMENT_2D('',#3635,#3636);
#3635 = CARTESIAN_POINT('',(30.,0.));
#3636 = DIRECTION('',(-0.5,-0.866025403784));
#3637 = ( GEOMETRIC_REPRESENTATION_CONTEXT(2) 
PARAMETRIC_REPRESENTATION_CONTEXT() REPRESENTATION_CONTEXT('2D SPACE',''
  ) );
#3638 = ORIENTED_EDGE('',*,*,#3639,.T.);
#3639 = EDGE_CURVE('',#3611,#3547,#3640,.T.);
#3640 = SURFACE_CURVE('',#3641,(#3645,#3652),.PCURVE_S1.);
#3641 = LINE('',#3642,#3643);
#3642 = CARTESIAN_POINT('',(16.487756220333,26.957631476427,52.7));
#3643 = VECTOR('',#3644,1.);
#3644 = DIRECTION('',(-0.,-0.,1.));
#3645 = PCURVE('',#806,#3646);
#3646 = DEFINITIONAL_REPRESENTATION('',(#3647),#3651);
#3647 = LINE('',#3648,#3649);
#3648 = CARTESIAN_POINT('',(1.021878390404,0.));
#3649 = VECTOR('',#3650,1.);
#3650 = DIRECTION('',(0.,1.));
#3651 = ( GEOMETRIC_REPRESENTATION_CONTEXT(2) 
PARAMETRIC_REPRESENTATION_CONTEXT() REPRESENTATION_CONTEXT('2D SPACE',''
  ) );
#3652 = PCURVE('',#3653,#3658);
#3653 = PLANE('',#3654);
#3654 = AXIS2_PLACEMENT_3D('',#3655,#3656,#3657);
#3655 = CARTESIAN_POINT('',(16.190620385881,26.442977114407,
    4.936396103068));
#3656 = DIRECTION('',(-0.866025403784,0.5,-0.));
#3657 = DIRECTION('',(0.,0.,1.));
#3658 = DEFINITIONAL_REPRESENTATION('',(#3659),#3663);
#3659 = LINE('',#3660,#3661);
#3660 = CARTESIAN_POINT('',(47.763603896932,0.594271668904));
#3661 = VECTOR('',#3662,1.);
#3662 = DIRECTION('',(1.,-0.));
#3663 = ( GEOMETRIC_REPRESENTATION_CONTEXT(2) 
PARAMETRIC_REPRESENTATION_CONTEXT() REPRESENTATION_CONTEXT('2D SPACE',''
  ) );
#3664 = FACE_BOUND('',#3665,.F.);
#3665 = EDGE_LOOP('',(#3666,#3704,#3732,#3761));
#3666 = ORIENTED_EDGE('',*,*,#3667,.F.);
#3667 = EDGE_CURVE('',#3668,#3670,#3672,.T.);
#3668 = VERTEX_POINT('',#3669);
#3669 = CARTESIAN_POINT('',(-16.48775622033,26.957631476427,
    8.589871794612));
#3670 = VERTEX_POINT('',#3671);
#3671 = CARTESIAN_POINT('',(-15.10211557427,27.757631476427,
    8.589871794612));
#3672 = SURFACE_CURVE('',#3673,(#3678,#3688),.PCURVE_S1.);
#3673 = ELLIPSE('',#3674,44.68914857099,31.6);
#3674 = AXIS2_PLACEMENT_3D('',#3675,#3676,#3677);
#3675 = CARTESIAN_POINT('',(0.,0.,-23.));
#3676 = DIRECTION('',(-0.353553390593,0.612372435696,-0.707106781187));
#3677 = DIRECTION('',(-0.353553390593,0.612372435696,0.707106781187));
#3678 = PCURVE('',#806,#3679);
#3679 = DEFINITIONAL_REPRESENTATION('',(#3680),#3687);
#3680 = B_SPLINE_CURVE_WITH_KNOTS('',5,(#3681,#3682,#3683,#3684,#3685,
    #3686),.UNSPECIFIED.,.F.,.F.,(6,6),(6.252800885344,6.313569729015),
  .PIECEWISE_BEZIER_KNOTS.);
#3681 = CARTESIAN_POINT('',(2.124779524229,-44.11458564463));
#3682 = CARTESIAN_POINT('',(2.112625755495,-44.10291802665));
#3683 = CARTESIAN_POINT('',(2.10047198676,-44.09708242221));
#3684 = CARTESIAN_POINT('',(2.088318218026,-44.09708242221));
#3685 = CARTESIAN_POINT('',(2.076164449292,-44.10291802665));
#3686 = CARTESIAN_POINT('',(2.064010680558,-44.11458564463));
#3687 = ( GEOMETRIC_REPRESENTATION_CONTEXT(2) 
PARAMETRIC_REPRESENTATION_CONTEXT() REPRESENTATION_CONTEXT('2D SPACE',''
  ) );
#3688 = PCURVE('',#3689,#3694);
#3689 = PLANE('',#3690);
#3690 = AXIS2_PLACEMENT_3D('',#3691,#3692,#3693);
#3691 = CARTESIAN_POINT('',(-15.9,27.539607840345,8.8));
#3692 = DIRECTION('',(0.353553390593,-0.612372435696,0.707106781187));
#3693 = DIRECTION('',(-0.353553390593,0.612372435696,0.707106781187));
#3694 = DEFINITIONAL_REPRESENTATION('',(#3695),#3703);
#3695 = ( BOUNDED_CURVE() B_SPLINE_CURVE(2,(#3696,#3697,#3698,#3699,
#3700,#3701,#3702),.UNSPECIFIED.,.T.,.F.) B_SPLINE_CURVE_WITH_KNOTS((1,2
    ,2,2,2,1),(-2.094395102393,0.,2.094395102393,4.188790204786,
6.28318530718,8.377580409573),.UNSPECIFIED.) CURVE() 
GEOMETRIC_REPRESENTATION_ITEM() RATIONAL_B_SPLINE_CURVE((1.,0.5,1.,0.5,
1.,0.5,1.)) REPRESENTATION_ITEM('') );
#3696 = CARTESIAN_POINT('',(-0.282842712475,2.48074608472E-15));
#3697 = CARTESIAN_POINT('',(-0.282842712475,-54.73280551917));
#3698 = CARTESIAN_POINT('',(-67.31656556895,-27.36640275958));
#3699 = CARTESIAN_POINT('',(-134.3502884254,-1.270125994005E-14));
#3700 = CARTESIAN_POINT('',(-67.31656556895,27.366402759588));
#3701 = CARTESIAN_POINT('',(-0.282842712475,54.732805519177));
#3702 = CARTESIAN_POINT('',(-0.282842712475,2.48074608472E-15));
#3703 = ( GEOMETRIC_REPRESENTATION_CONTEXT(2) 
PARAMETRIC_REPRESENTATION_CONTEXT() REPRESENTATION_CONTEXT('2D SPACE',''
  ) );
#3704 = ORIENTED_EDGE('',*,*,#3705,.F.);
#3705 = EDGE_CURVE('',#3706,#3668,#3708,.T.);
#3706 = VERTEX_POINT('',#3707);
#3707 = CARTESIAN_POINT('',(-16.48775622033,26.957631476427,1.6));
#3708 = SURFACE_CURVE('',#3709,(#3713,#3720),.PCURVE_S1.);
#3709 = LINE('',#3710,#3711);
#3710 = CARTESIAN_POINT('',(-16.48775622033,26.957631476427,52.7));
#3711 = VECTOR('',#3712,1.);
#3712 = DIRECTION('',(-0.,-0.,1.));
#3713 = PCURVE('',#806,#3714);
#3714 = DEFINITIONAL_REPRESENTATION('',(#3715),#3719);
#3715 = LINE('',#3716,#3717);
#3716 = CARTESIAN_POINT('',(2.119714263186,0.));
#3717 = VECTOR('',#3718,1.);
#3718 = DIRECTION('',(0.,1.));
#3719 = ( GEOMETRIC_REPRESENTATION_CONTEXT(2) 
PARAMETRIC_REPRESENTATION_CONTEXT() REPRESENTATION_CONTEXT('2D SPACE',''
  ) );
#3720 = PCURVE('',#3721,#3726);
#3721 = PLANE('',#3722);
#3722 = AXIS2_PLACEMENT_3D('',#3723,#3724,#3725);
#3723 = CARTESIAN_POINT('',(-16.19062038588,26.442977114407,
    4.936396103068));
#3724 = DIRECTION('',(-0.866025403784,-0.5,-0.));
#3725 = DIRECTION('',(0.,0.,1.));
#3726 = DEFINITIONAL_REPRESENTATION('',(#3727),#3731);
#3727 = LINE('',#3728,#3729);
#3728 = CARTESIAN_POINT('',(47.763603896932,0.594271668904));
#3729 = VECTOR('',#3730,1.);
#3730 = DIRECTION('',(1.,-0.));
#3731 = ( GEOMETRIC_REPRESENTATION_CONTEXT(2) 
PARAMETRIC_REPRESENTATION_CONTEXT() REPRESENTATION_CONTEXT('2D SPACE',''
  ) );
#3732 = ORIENTED_EDGE('',*,*,#3733,.T.);
#3733 = EDGE_CURVE('',#3706,#3734,#3736,.T.);
#3734 = VERTEX_POINT('',#3735);
#3735 = CARTESIAN_POINT('',(-15.10211557427,27.757631476427,1.6));
#3736 = SURFACE_CURVE('',#3737,(#3742,#3749),.PCURVE_S1.);
#3737 = CIRCLE('',#3738,31.6);
#3738 = AXIS2_PLACEMENT_3D('',#3739,#3740,#3741);
#3739 = CARTESIAN_POINT('',(0.,0.,1.6));
#3740 = DIRECTION('',(0.,0.,-1.));
#3741 = DIRECTION('',(1.,-0.,-0.));
#3742 = PCURVE('',#806,#3743);
#3743 = DEFINITIONAL_REPRESENTATION('',(#3744),#3748);
#3744 = LINE('',#3745,#3746);
#3745 = CARTESIAN_POINT('',(6.28318530718,-51.1));
#3746 = VECTOR('',#3747,1.);
#3747 = DIRECTION('',(-1.,0.));
#3748 = ( GEOMETRIC_REPRESENTATION_CONTEXT(2) 
PARAMETRIC_REPRESENTATION_CONTEXT() REPRESENTATION_CONTEXT('2D SPACE',''
  ) );
#3749 = PCURVE('',#3750,#3755);
#3750 = PLANE('',#3751);
#3751 = AXIS2_PLACEMENT_3D('',#3752,#3753,#3754);
#3752 = CARTESIAN_POINT('',(-15.,25.980762113533,1.6));
#3753 = DIRECTION('',(-0.,-0.,-1.));
#3754 = DIRECTION('',(0.5,-0.866025403784,0.));
#3755 = DEFINITIONAL_REPRESENTATION('',(#3756),#3760);
#3756 = CIRCLE('',#3757,31.6);
#3757 = AXIS2_PLACEMENT_2D('',#3758,#3759);
#3758 = CARTESIAN_POINT('',(30.,0.));
#3759 = DIRECTION('',(0.5,-0.866025403784));
#3760 = ( GEOMETRIC_REPRESENTATION_CONTEXT(2) 
PARAMETRIC_REPRESENTATION_CONTEXT() REPRESENTATION_CONTEXT('2D SPACE',''
  ) );
#3761 = ORIENTED_EDGE('',*,*,#3762,.T.);
#3762 = EDGE_CURVE('',#3734,#3670,#3763,.T.);
#3763 = SURFACE_CURVE('',#3764,(#3768,#3775),.PCURVE_S1.);
#3764 = LINE('',#3765,#3766);
#3765 = CARTESIAN_POINT('',(-15.10211557427,27.757631476427,52.7));
#3766 = VECTOR('',#3767,1.);
#3767 = DIRECTION('',(-0.,-0.,1.));
#3768 = PCURVE('',#806,#3769);
#3769 = DEFINITIONAL_REPRESENTATION('',(#3770),#3774);
#3770 = LINE('',#3771,#3772);
#3771 = CARTESIAN_POINT('',(2.069075941601,0.));
#3772 = VECTOR('',#3773,1.);
#3773 = DIRECTION('',(0.,1.));
#3774 = ( GEOMETRIC_REPRESENTATION_CONTEXT(2) 
PARAMETRIC_REPRESENTATION_CONTEXT() REPRESENTATION_CONTEXT('2D SPACE',''
  ) );
#3775 = PCURVE('',#3776,#3781);
#3776 = PLANE('',#3777);
#3777 = AXIS2_PLACEMENT_3D('',#3778,#3779,#3780);
#3778 = CARTESIAN_POINT('',(-14.80497973982,27.242977114407,
    4.936396103068));
#3779 = DIRECTION('',(-0.866025403784,-0.5,-0.));
#3780 = DIRECTION('',(0.,0.,1.));
#3781 = DEFINITIONAL_REPRESENTATION('',(#3782),#3786);
#3782 = LINE('',#3783,#3784);
#3783 = CARTESIAN_POINT('',(47.763603896932,0.594271668904));
#3784 = VECTOR('',#3785,1.);
#3785 = DIRECTION('',(1.,-0.));
#3786 = ( GEOMETRIC_REPRESENTATION_CONTEXT(2) 
PARAMETRIC_REPRESENTATION_CONTEXT() REPRESENTATION_CONTEXT('2D SPACE',''
  ) );
#3787 = FACE_BOUND('',#3788,.F.);
#3788 = EDGE_LOOP('',(#3789,#3827,#3855,#3884));
#3789 = ORIENTED_EDGE('',*,*,#3790,.F.);
#3790 = EDGE_CURVE('',#3791,#3793,#3795,.T.);
#3791 = VERTEX_POINT('',#3792);
#3792 = CARTESIAN_POINT('',(-31.58987179461,-0.8,8.589871794612));
#3793 = VERTEX_POINT('',#3794);
#3794 = CARTESIAN_POINT('',(-31.58987179461,0.8,8.589871794612));
#3795 = SURFACE_CURVE('',#3796,(#3801,#3811),.PCURVE_S1.);
#3796 = ELLIPSE('',#3797,44.68914857099,31.6);
#3797 = AXIS2_PLACEMENT_3D('',#3798,#3799,#3800);
#3798 = CARTESIAN_POINT('',(0.,0.,-23.));
#3799 = DIRECTION('',(-0.707106781187,8.659560562355E-17,-0.707106781187
    ));
#3800 = DIRECTION('',(-0.707106781187,8.659560562355E-17,0.707106781187)
  );
#3801 = PCURVE('',#806,#3802);
#3802 = DEFINITIONAL_REPRESENTATION('',(#3803),#3810);
#3803 = B_SPLINE_CURVE_WITH_KNOTS('',5,(#3804,#3805,#3806,#3807,#3808,
    #3809),.UNSPECIFIED.,.F.,.F.,(6,6),(6.252800885344,6.313569729015),
  .PIECEWISE_BEZIER_KNOTS.);
#3804 = CARTESIAN_POINT('',(3.171977075425,-44.11458564463));
#3805 = CARTESIAN_POINT('',(3.159823306691,-44.10291802665));
#3806 = CARTESIAN_POINT('',(3.147669537957,-44.09708242221));
#3807 = CARTESIAN_POINT('',(3.135515769223,-44.09708242221));
#3808 = CARTESIAN_POINT('',(3.123362000488,-44.10291802665));
#3809 = CARTESIAN_POINT('',(3.111208231754,-44.11458564463));
#3810 = ( GEOMETRIC_REPRESENTATION_CONTEXT(2) 
PARAMETRIC_REPRESENTATION_CONTEXT() REPRESENTATION_CONTEXT('2D SPACE',''
  ) );
#3811 = PCURVE('',#3812,#3817);
#3812 = PLANE('',#3813);
#3813 = AXIS2_PLACEMENT_3D('',#3814,#3815,#3816);
#3814 = CARTESIAN_POINT('',(-31.8,3.894376821289E-15,8.8));
#3815 = DIRECTION('',(0.707106781187,-8.659560562355E-17,0.707106781187)
  );
#3816 = DIRECTION('',(-0.707106781187,8.659560562355E-17,0.707106781187)
  );
#3817 = DEFINITIONAL_REPRESENTATION('',(#3818),#3826);
#3818 = ( BOUNDED_CURVE() B_SPLINE_CURVE(2,(#3819,#3820,#3821,#3822,
#3823,#3824,#3825),.UNSPECIFIED.,.T.,.F.) B_SPLINE_CURVE_WITH_KNOTS((1,2
    ,2,2,2,1),(-2.094395102393,0.,2.094395102393,4.188790204786,
6.28318530718,8.377580409573),.UNSPECIFIED.) CURVE() 
GEOMETRIC_REPRESENTATION_ITEM() RATIONAL_B_SPLINE_CURVE((1.,0.5,1.,0.5,
1.,0.5,1.)) REPRESENTATION_ITEM('') );
#3819 = CARTESIAN_POINT('',(-0.282842712475,7.88860905221E-31));
#3820 = CARTESIAN_POINT('',(-0.282842712475,-54.73280551917));
#3821 = CARTESIAN_POINT('',(-67.31656556895,-27.36640275958));
#3822 = CARTESIAN_POINT('',(-134.3502884254,-7.739767770611E-15));
#3823 = CARTESIAN_POINT('',(-67.31656556895,27.366402759588));
#3824 = CARTESIAN_POINT('',(-0.282842712475,54.732805519177));
#3825 = CARTESIAN_POINT('',(-0.282842712475,7.88860905221E-31));
#3826 = ( GEOMETRIC_REPRESENTATION_CONTEXT(2) 
PARAMETRIC_REPRESENTATION_CONTEXT() REPRESENTATION_CONTEXT('2D SPACE',''
  ) );
#3827 = ORIENTED_EDGE('',*,*,#3828,.F.);
#3828 = EDGE_CURVE('',#3829,#3791,#3831,.T.);
#3829 = VERTEX_POINT('',#3830);
#3830 = CARTESIAN_POINT('',(-31.58987179461,-0.8,1.6));
#3831 = SURFACE_CURVE('',#3832,(#3836,#3843),.PCURVE_S1.);
#3832 = LINE('',#3833,#3834);
#3833 = CARTESIAN_POINT('',(-31.58987179461,-0.8,52.7));
#3834 = VECTOR('',#3835,1.);
#3835 = DIRECTION('',(-0.,-0.,1.));
#3836 = PCURVE('',#806,#3837);
#3837 = DEFINITIONAL_REPRESENTATION('',(#3838),#3842);
#3838 = LINE('',#3839,#3840);
#3839 = CARTESIAN_POINT('',(3.166911814382,0.));
#3840 = VECTOR('',#3841,1.);
#3841 = DIRECTION('',(0.,1.));
#3842 = ( GEOMETRIC_REPRESENTATION_CONTEXT(2) 
PARAMETRIC_REPRESENTATION_CONTEXT() REPRESENTATION_CONTEXT('2D SPACE',''
  ) );
#3843 = PCURVE('',#3844,#3849);
#3844 = PLANE('',#3845);
#3845 = AXIS2_PLACEMENT_3D('',#3846,#3847,#3848);
#3846 = CARTESIAN_POINT('',(-30.9956001257,-0.8,4.936396103068));
#3847 = DIRECTION('',(-1.224646799147E-16,-1.,-0.));
#3848 = DIRECTION('',(0.,0.,1.));
#3849 = DEFINITIONAL_REPRESENTATION('',(#3850),#3854);
#3850 = LINE('',#3851,#3852);
#3851 = CARTESIAN_POINT('',(47.763603896932,0.594271668904));
#3852 = VECTOR('',#3853,1.);
#3853 = DIRECTION('',(1.,-0.));
#3854 = ( GEOMETRIC_REPRESENTATION_CONTEXT(2) 
PARAMETRIC_REPRESENTATION_CONTEXT() REPRESENTATION_CONTEXT('2D SPACE',''
  ) );
#3855 = ORIENTED_EDGE('',*,*,#3856,.T.);
#3856 = EDGE_CURVE('',#3829,#3857,#3859,.T.);
#3857 = VERTEX_POINT('',#3858);
#3858 = CARTESIAN_POINT('',(-31.58987179461,0.8,1.6));
#3859 = SURFACE_CURVE('',#3860,(#3865,#3872),.PCURVE_S1.);
#3860 = CIRCLE('',#3861,31.6);
#3861 = AXIS2_PLACEMENT_3D('',#3862,#3863,#3864);
#3862 = CARTESIAN_POINT('',(0.,0.,1.6));
#3863 = DIRECTION('',(0.,0.,-1.));
#3864 = DIRECTION('',(1.,-0.,-0.));
#3865 = PCURVE('',#806,#3866);
#3866 = DEFINITIONAL_REPRESENTATION('',(#3867),#3871);
#3867 = LINE('',#3868,#3869);
#3868 = CARTESIAN_POINT('',(6.28318530718,-51.1));
#3869 = VECTOR('',#3870,1.);
#3870 = DIRECTION('',(-1.,0.));
#3871 = ( GEOMETRIC_REPRESENTATION_CONTEXT(2) 
PARAMETRIC_REPRESENTATION_CONTEXT() REPRESENTATION_CONTEXT('2D SPACE',''
  ) );
#3872 = PCURVE('',#3873,#3878);
#3873 = PLANE('',#3874);
#3874 = AXIS2_PLACEMENT_3D('',#3875,#3876,#3877);
#3875 = CARTESIAN_POINT('',(-30.,3.673940397442E-15,1.6));
#3876 = DIRECTION('',(-0.,-0.,-1.));
#3877 = DIRECTION('',(1.,-1.224646799147E-16,0.));
#3878 = DEFINITIONAL_REPRESENTATION('',(#3879),#3883);
#3879 = CIRCLE('',#3880,31.6);
#3880 = AXIS2_PLACEMENT_2D('',#3881,#3882);
#3881 = CARTESIAN_POINT('',(30.,0.));
#3882 = DIRECTION('',(1.,-1.224646799147E-16));
#3883 = ( GEOMETRIC_REPRESENTATION_CONTEXT(2) 
PARAMETRIC_REPRESENTATION_CONTEXT() REPRESENTATION_CONTEXT('2D SPACE',''
  ) );
#3884 = ORIENTED_EDGE('',*,*,#3885,.T.);
#3885 = EDGE_CURVE('',#3857,#3793,#3886,.T.);
#3886 = SURFACE_CURVE('',#3887,(#3891,#3898),.PCURVE_S1.);
#3887 = LINE('',#3888,#3889);
#3888 = CARTESIAN_POINT('',(-31.58987179461,0.8,52.7));
#3889 = VECTOR('',#3890,1.);
#3890 = DIRECTION('',(-0.,-0.,1.));
#3891 = PCURVE('',#806,#3892);
#3892 = DEFINITIONAL_REPRESENTATION('',(#3893),#3897);
#3893 = LINE('',#3894,#3895);
#3894 = CARTESIAN_POINT('',(3.116273492797,0.));
#3895 = VECTOR('',#3896,1.);
#3896 = DIRECTION('',(0.,1.));
#3897 = ( GEOMETRIC_REPRESENTATION_CONTEXT(2) 
PARAMETRIC_REPRESENTATION_CONTEXT() REPRESENTATION_CONTEXT('2D SPACE',''
  ) );
#3898 = PCURVE('',#3899,#3904);
#3899 = PLANE('',#3900);
#3900 = AXIS2_PLACEMENT_3D('',#3901,#3902,#3903);
#3901 = CARTESIAN_POINT('',(-30.9956001257,0.8,4.936396103068));
#3902 = DIRECTION('',(-1.224646799147E-16,-1.,-0.));
#3903 = DIRECTION('',(0.,0.,1.));
#3904 = DEFINITIONAL_REPRESENTATION('',(#3905),#3909);
#3905 = LINE('',#3906,#3907);
#3906 = CARTESIAN_POINT('',(47.763603896932,0.594271668904));
#3907 = VECTOR('',#3908,1.);
#3908 = DIRECTION('',(1.,-0.));
#3909 = ( GEOMETRIC_REPRESENTATION_CONTEXT(2) 
PARAMETRIC_REPRESENTATION_CONTEXT() REPRESENTATION_CONTEXT('2D SPACE',''
  ) );
#3910 = FACE_BOUND('',#3911,.F.);
#3911 = EDGE_LOOP('',(#3912,#3950,#3978,#4007));
#3912 = ORIENTED_EDGE('',*,*,#3913,.F.);
#3913 = EDGE_CURVE('',#3914,#3916,#3918,.T.);
#3914 = VERTEX_POINT('',#3915);
#3915 = CARTESIAN_POINT('',(-15.10211557427,-27.75763147642,
    8.589871794612));
#3916 = VERTEX_POINT('',#3917);
#3917 = CARTESIAN_POINT('',(-16.48775622033,-26.95763147642,
    8.589871794612));
#3918 = SURFACE_CURVE('',#3919,(#3924,#3934),.PCURVE_S1.);
#3919 = ELLIPSE('',#3920,44.68914857099,31.6);
#3920 = AXIS2_PLACEMENT_3D('',#3921,#3922,#3923);
#3921 = CARTESIAN_POINT('',(0.,0.,-23.));
#3922 = DIRECTION('',(-0.353553390593,-0.612372435696,-0.707106781187));
#3923 = DIRECTION('',(-0.353553390593,-0.612372435696,0.707106781187));
#3924 = PCURVE('',#806,#3925);
#3925 = DEFINITIONAL_REPRESENTATION('',(#3926),#3933);
#3926 = B_SPLINE_CURVE_WITH_KNOTS('',5,(#3927,#3928,#3929,#3930,#3931,
    #3932),.UNSPECIFIED.,.F.,.F.,(6,6),(6.252800885344,6.313569729015),
  .PIECEWISE_BEZIER_KNOTS.);
#3927 = CARTESIAN_POINT('',(4.219174626622,-44.11458564463));
#3928 = CARTESIAN_POINT('',(4.207020857888,-44.10291802665));
#3929 = CARTESIAN_POINT('',(4.194867089154,-44.09708242221));
#3930 = CARTESIAN_POINT('',(4.182713320419,-44.09708242221));
#3931 = CARTESIAN_POINT('',(4.170559551685,-44.10291802665));
#3932 = CARTESIAN_POINT('',(4.158405782951,-44.11458564463));
#3933 = ( GEOMETRIC_REPRESENTATION_CONTEXT(2) 
PARAMETRIC_REPRESENTATION_CONTEXT() REPRESENTATION_CONTEXT('2D SPACE',''
  ) );
#3934 = PCURVE('',#3935,#3940);
#3935 = PLANE('',#3936);
#3936 = AXIS2_PLACEMENT_3D('',#3937,#3938,#3939);
#3937 = CARTESIAN_POINT('',(-15.9,-27.53960784034,8.8));
#3938 = DIRECTION('',(0.353553390593,0.612372435696,0.707106781187));
#3939 = DIRECTION('',(-0.353553390593,-0.612372435696,0.707106781187));
#3940 = DEFINITIONAL_REPRESENTATION('',(#3941),#3949);
#3941 = ( BOUNDED_CURVE() B_SPLINE_CURVE(2,(#3942,#3943,#3944,#3945,
#3946,#3947,#3948),.UNSPECIFIED.,.T.,.F.) B_SPLINE_CURVE_WITH_KNOTS((1,2
    ,2,2,2,1),(-2.094395102393,0.,2.094395102393,4.188790204786,
6.28318530718,8.377580409573),.UNSPECIFIED.) CURVE() 
GEOMETRIC_REPRESENTATION_ITEM() RATIONAL_B_SPLINE_CURVE((1.,0.5,1.,0.5,
1.,0.5,1.)) REPRESENTATION_ITEM('') );
#3942 = CARTESIAN_POINT('',(-0.282842712475,-2.48074608472E-15));
#3943 = CARTESIAN_POINT('',(-0.282842712475,-54.73280551917));
#3944 = CARTESIAN_POINT('',(-67.31656556895,-27.36640275958));
#3945 = CARTESIAN_POINT('',(-134.3502884254,-2.778275601171E-15));
#3946 = CARTESIAN_POINT('',(-67.31656556895,27.366402759588));
#3947 = CARTESIAN_POINT('',(-0.282842712475,54.732805519177));
#3948 = CARTESIAN_POINT('',(-0.282842712475,-2.48074608472E-15));
#3949 = ( GEOMETRIC_REPRESENTATION_CONTEXT(2) 
PARAMETRIC_REPRESENTATION_CONTEXT() REPRESENTATION_CONTEXT('2D SPACE',''
  ) );
#3950 = ORIENTED_EDGE('',*,*,#3951,.F.);
#3951 = EDGE_CURVE('',#3952,#3914,#3954,.T.);
#3952 = VERTEX_POINT('',#3953);
#3953 = CARTESIAN_POINT('',(-15.10211557427,-27.75763147642,1.6));
#3954 = SURFACE_CURVE('',#3955,(#3959,#3966),.PCURVE_S1.);
#3955 = LINE('',#3956,#3957);
#3956 = CARTESIAN_POINT('',(-15.10211557427,-27.75763147642,52.7));
#3957 = VECTOR('',#3958,1.);
#3958 = DIRECTION('',(-0.,-0.,1.));
#3959 = PCURVE('',#806,#3960);
#3960 = DEFINITIONAL_REPRESENTATION('',(#3961),#3965);
#3961 = LINE('',#3962,#3963);
#3962 = CARTESIAN_POINT('',(4.214109365579,0.));
#3963 = VECTOR('',#3964,1.);
#3964 = DIRECTION('',(0.,1.));
#3965 = ( GEOMETRIC_REPRESENTATION_CONTEXT(2) 
PARAMETRIC_REPRESENTATION_CONTEXT() REPRESENTATION_CONTEXT('2D SPACE',''
  ) );
#3966 = PCURVE('',#3967,#3972);
#3967 = PLANE('',#3968);
#3968 = AXIS2_PLACEMENT_3D('',#3969,#3970,#3971);
#3969 = CARTESIAN_POINT('',(-14.80497973982,-27.2429771144,
    4.936396103068));
#3970 = DIRECTION('',(0.866025403784,-0.5,-0.));
#3971 = DIRECTION('',(0.,0.,1.));
#3972 = DEFINITIONAL_REPRESENTATION('',(#3973),#3977);
#3973 = LINE('',#3974,#3975);
#3974 = CARTESIAN_POINT('',(47.763603896932,0.594271668904));
#3975 = VECTOR('',#3976,1.);
#3976 = DIRECTION('',(1.,-0.));
#3977 = ( GEOMETRIC_REPRESENTATION_CONTEXT(2) 
PARAMETRIC_REPRESENTATION_CONTEXT() REPRESENTATION_CONTEXT('2D SPACE',''
  ) );
#3978 = ORIENTED_EDGE('',*,*,#3979,.T.);
#3979 = EDGE_CURVE('',#3952,#3980,#3982,.T.);
#3980 = VERTEX_POINT('',#3981);
#3981 = CARTESIAN_POINT('',(-16.48775622033,-26.95763147642,1.6));
#3982 = SURFACE_CURVE('',#3983,(#3988,#3995),.PCURVE_S1.);
#3983 = CIRCLE('',#3984,31.6);
#3984 = AXIS2_PLACEMENT_3D('',#3985,#3986,#3987);
#3985 = CARTESIAN_POINT('',(0.,0.,1.6));
#3986 = DIRECTION('',(0.,0.,-1.));
#3987 = DIRECTION('',(1.,-0.,-0.));
#3988 = PCURVE('',#806,#3989);
#3989 = DEFINITIONAL_REPRESENTATION('',(#3990),#3994);
#3990 = LINE('',#3991,#3992);
#3991 = CARTESIAN_POINT('',(6.28318530718,-51.1));
#3992 = VECTOR('',#3993,1.);
#3993 = DIRECTION('',(-1.,0.));
#3994 = ( GEOMETRIC_REPRESENTATION_CONTEXT(2) 
PARAMETRIC_REPRESENTATION_CONTEXT() REPRESENTATION_CONTEXT('2D SPACE',''
  ) );
#3995 = PCURVE('',#3996,#4001);
#3996 = PLANE('',#3997);
#3997 = AXIS2_PLACEMENT_3D('',#3998,#3999,#4000);
#3998 = CARTESIAN_POINT('',(-15.,-25.98076211353,1.6));
#3999 = DIRECTION('',(-0.,-0.,-1.));
#4000 = DIRECTION('',(0.5,0.866025403784,0.));
#4001 = DEFINITIONAL_REPRESENTATION('',(#4002),#4006);
#4002 = CIRCLE('',#4003,31.6);
#4003 = AXIS2_PLACEMENT_2D('',#4004,#4005);
#4004 = CARTESIAN_POINT('',(30.,1.7763568394E-15));
#4005 = DIRECTION('',(0.5,0.866025403784));
#4006 = ( GEOMETRIC_REPRESENTATION_CONTEXT(2) 
PARAMETRIC_REPRESENTATION_CONTEXT() REPRESENTATION_CONTEXT('2D SPACE',''
  ) );
#4007 = ORIENTED_EDGE('',*,*,#4008,.T.);
#4008 = EDGE_CURVE('',#3980,#3916,#4009,.T.);
#4009 = SURFACE_CURVE('',#4010,(#4014,#4021),.PCURVE_S1.);
#4010 = LINE('',#4011,#4012);
#4011 = CARTESIAN_POINT('',(-16.48775622033,-26.95763147642,52.7));
#4012 = VECTOR('',#4013,1.);
#4013 = DIRECTION('',(-0.,-0.,1.));
#4014 = PCURVE('',#806,#4015);
#4015 = DEFINITIONAL_REPRESENTATION('',(#4016),#4020);
#4016 = LINE('',#4017,#4018);
#4017 = CARTESIAN_POINT('',(4.163471043994,0.));
#4018 = VECTOR('',#4019,1.);
#4019 = DIRECTION('',(0.,1.));
#4020 = ( GEOMETRIC_REPRESENTATION_CONTEXT(2) 
PARAMETRIC_REPRESENTATION_CONTEXT() REPRESENTATION_CONTEXT('2D SPACE',''
  ) );
#4021 = PCURVE('',#4022,#4027);
#4022 = PLANE('',#4023);
#4023 = AXIS2_PLACEMENT_3D('',#4024,#4025,#4026);
#4024 = CARTESIAN_POINT('',(-16.19062038588,-26.4429771144,
    4.936396103068));
#4025 = DIRECTION('',(0.866025403784,-0.5,-0.));
#4026 = DIRECTION('',(0.,0.,1.));
#4027 = DEFINITIONAL_REPRESENTATION('',(#4028),#4032);
#4028 = LINE('',#4029,#4030);
#4029 = CARTESIAN_POINT('',(47.763603896932,0.594271668904));
#4030 = VECTOR('',#4031,1.);
#4031 = DIRECTION('',(1.,-0.));
#4032 = ( GEOMETRIC_REPRESENTATION_CONTEXT(2) 
PARAMETRIC_REPRESENTATION_CONTEXT() REPRESENTATION_CONTEXT('2D SPACE',''
  ) );
#4033 = FACE_BOUND('',#4034,.F.);
#4034 = EDGE_LOOP('',(#4035,#4073,#4101,#4130));
#4035 = ORIENTED_EDGE('',*,*,#4036,.F.);
#4036 = EDGE_CURVE('',#4037,#4039,#4041,.T.);
#4037 = VERTEX_POINT('',#4038);
#4038 = CARTESIAN_POINT('',(16.487756220333,-26.95763147642,
    8.589871794612));
#4039 = VERTEX_POINT('',#4040);
#4040 = CARTESIAN_POINT('',(15.102115574278,-27.75763147642,
    8.589871794612));
#4041 = SURFACE_CURVE('',#4042,(#4047,#4057),.PCURVE_S1.);
#4042 = ELLIPSE('',#4043,44.68914857099,31.6);
#4043 = AXIS2_PLACEMENT_3D('',#4044,#4045,#4046);
#4044 = CARTESIAN_POINT('',(0.,0.,-23.));
#4045 = DIRECTION('',(0.353553390593,-0.612372435696,-0.707106781187));
#4046 = DIRECTION('',(0.353553390593,-0.612372435696,0.707106781187));
#4047 = PCURVE('',#806,#4048);
#4048 = DEFINITIONAL_REPRESENTATION('',(#4049),#4056);
#4049 = B_SPLINE_CURVE_WITH_KNOTS('',5,(#4050,#4051,#4052,#4053,#4054,
    #4055),.UNSPECIFIED.,.F.,.F.,(6,6),(6.252800885344,6.313569729015),
  .PIECEWISE_BEZIER_KNOTS.);
#4050 = CARTESIAN_POINT('',(5.266372177819,-44.11458564463));
#4051 = CARTESIAN_POINT('',(5.254218409084,-44.10291802665));
#4052 = CARTESIAN_POINT('',(5.24206464035,-44.09708242221));
#4053 = CARTESIAN_POINT('',(5.229910871616,-44.09708242221));
#4054 = CARTESIAN_POINT('',(5.217757102882,-44.10291802665));
#4055 = CARTESIAN_POINT('',(5.205603334147,-44.11458564463));
#4056 = ( GEOMETRIC_REPRESENTATION_CONTEXT(2) 
PARAMETRIC_REPRESENTATION_CONTEXT() REPRESENTATION_CONTEXT('2D SPACE',''
  ) );
#4057 = PCURVE('',#4058,#4063);
#4058 = PLANE('',#4059);
#4059 = AXIS2_PLACEMENT_3D('',#4060,#4061,#4062);
#4060 = CARTESIAN_POINT('',(15.9,-27.53960784034,8.8));
#4061 = DIRECTION('',(-0.353553390593,0.612372435696,0.707106781187));
#4062 = DIRECTION('',(0.353553390593,-0.612372435696,0.707106781187));
#4063 = DEFINITIONAL_REPRESENTATION('',(#4064),#4072);
#4064 = ( BOUNDED_CURVE() B_SPLINE_CURVE(2,(#4065,#4066,#4067,#4068,
#4069,#4070,#4071),.UNSPECIFIED.,.T.,.F.) B_SPLINE_CURVE_WITH_KNOTS((1,2
    ,2,2,2,1),(-2.094395102393,0.,2.094395102393,4.188790204786,
6.28318530718,8.377580409573),.UNSPECIFIED.) CURVE() 
GEOMETRIC_REPRESENTATION_ITEM() RATIONAL_B_SPLINE_CURVE((1.,0.5,1.,0.5,
1.,0.5,1.)) REPRESENTATION_ITEM('') );
#4065 = CARTESIAN_POINT('',(-0.282842712475,2.48074608472E-15));
#4066 = CARTESIAN_POINT('',(-0.282842712475,-54.73280551917));
#4067 = CARTESIAN_POINT('',(-67.31656556895,-27.36640275958));
#4068 = CARTESIAN_POINT('',(-134.3502884254,-1.270125994005E-14));
#4069 = CARTESIAN_POINT('',(-67.31656556895,27.366402759588));
#4070 = CARTESIAN_POINT('',(-0.282842712475,54.732805519177));
#4071 = CARTESIAN_POINT('',(-0.282842712475,2.48074608472E-15));
#4072 = ( GEOMETRIC_REPRESENTATION_CONTEXT(2) 
PARAMETRIC_REPRESENTATION_CONTEXT() REPRESENTATION_CONTEXT('2D SPACE',''
  ) );
#4073 = ORIENTED_EDGE('',*,*,#4074,.F.);
#4074 = EDGE_CURVE('',#4075,#4037,#4077,.T.);
#4075 = VERTEX_POINT('',#4076);
#4076 = CARTESIAN_POINT('',(16.487756220333,-26.95763147642,1.6));
#4077 = SURFACE_CURVE('',#4078,(#4082,#4089),.PCURVE_S1.);
#4078 = LINE('',#4079,#4080);
#4079 = CARTESIAN_POINT('',(16.487756220333,-26.95763147642,52.7));
#4080 = VECTOR('',#4081,1.);
#4081 = DIRECTION('',(-0.,-0.,1.));
#4082 = PCURVE('',#806,#4083);
#4083 = DEFINITIONAL_REPRESENTATION('',(#4084),#4088);
#4084 = LINE('',#4085,#4086);
#4085 = CARTESIAN_POINT('',(5.261306916776,0.));
#4086 = VECTOR('',#4087,1.);
#4087 = DIRECTION('',(0.,1.));
#4088 = ( GEOMETRIC_REPRESENTATION_CONTEXT(2) 
PARAMETRIC_REPRESENTATION_CONTEXT() REPRESENTATION_CONTEXT('2D SPACE',''
  ) );
#4089 = PCURVE('',#4090,#4095);
#4090 = PLANE('',#4091);
#4091 = AXIS2_PLACEMENT_3D('',#4092,#4093,#4094);
#4092 = CARTESIAN_POINT('',(16.190620385881,-26.4429771144,
    4.936396103068));
#4093 = DIRECTION('',(0.866025403784,0.5,-0.));
#4094 = DIRECTION('',(0.,0.,1.));
#4095 = DEFINITIONAL_REPRESENTATION('',(#4096),#4100);
#4096 = LINE('',#4097,#4098);
#4097 = CARTESIAN_POINT('',(47.763603896932,0.594271668904));
#4098 = VECTOR('',#4099,1.);
#4099 = DIRECTION('',(1.,-0.));
#4100 = ( GEOMETRIC_REPRESENTATION_CONTEXT(2) 
PARAMETRIC_REPRESENTATION_CONTEXT() REPRESENTATION_CONTEXT('2D SPACE',''
  ) );
#4101 = ORIENTED_EDGE('',*,*,#4102,.T.);
#4102 = EDGE_CURVE('',#4075,#4103,#4105,.T.);
#4103 = VERTEX_POINT('',#4104);
#4104 = CARTESIAN_POINT('',(15.102115574278,-27.75763147642,1.6));
#4105 = SURFACE_CURVE('',#4106,(#4111,#4118),.PCURVE_S1.);
#4106 = CIRCLE('',#4107,31.6);
#4107 = AXIS2_PLACEMENT_3D('',#4108,#4109,#4110);
#4108 = CARTESIAN_POINT('',(0.,0.,1.6));
#4109 = DIRECTION('',(0.,0.,-1.));
#4110 = DIRECTION('',(1.,-0.,-0.));
#4111 = PCURVE('',#806,#4112);
#4112 = DEFINITIONAL_REPRESENTATION('',(#4113),#4117);
#4113 = LINE('',#4114,#4115);
#4114 = CARTESIAN_POINT('',(6.28318530718,-51.1));
#4115 = VECTOR('',#4116,1.);
#4116 = DIRECTION('',(-1.,0.));
#4117 = ( GEOMETRIC_REPRESENTATION_CONTEXT(2) 
PARAMETRIC_REPRESENTATION_CONTEXT() REPRESENTATION_CONTEXT('2D SPACE',''
  ) );
#4118 = PCURVE('',#4119,#4124);
#4119 = PLANE('',#4120);
#4120 = AXIS2_PLACEMENT_3D('',#4121,#4122,#4123);
#4121 = CARTESIAN_POINT('',(15.,-25.98076211353,1.6));
#4122 = DIRECTION('',(-0.,-0.,-1.));
#4123 = DIRECTION('',(-0.5,0.866025403784,0.));
#4124 = DEFINITIONAL_REPRESENTATION('',(#4125),#4129);
#4125 = CIRCLE('',#4126,31.6);
#4126 = AXIS2_PLACEMENT_2D('',#4127,#4128);
#4127 = CARTESIAN_POINT('',(30.,0.));
#4128 = DIRECTION('',(-0.5,0.866025403784));
#4129 = ( GEOMETRIC_REPRESENTATION_CONTEXT(2) 
PARAMETRIC_REPRESENTATION_CONTEXT() REPRESENTATION_CONTEXT('2D SPACE',''
  ) );
#4130 = ORIENTED_EDGE('',*,*,#4131,.T.);
#4131 = EDGE_CURVE('',#4103,#4039,#4132,.T.);
#4132 = SURFACE_CURVE('',#4133,(#4137,#4144),.PCURVE_S1.);
#4133 = LINE('',#4134,#4135);
#4134 = CARTESIAN_POINT('',(15.102115574278,-27.75763147642,52.7));
#4135 = VECTOR('',#4136,1.);
#4136 = DIRECTION('',(-0.,-0.,1.));
#4137 = PCURVE('',#806,#4138);
#4138 = DEFINITIONAL_REPRESENTATION('',(#4139),#4143);
#4139 = LINE('',#4140,#4141);
#4140 = CARTESIAN_POINT('',(5.21066859519,0.));
#4141 = VECTOR('',#4142,1.);
#4142 = DIRECTION('',(0.,1.));
#4143 = ( GEOMETRIC_REPRESENTATION_CONTEXT(2) 
PARAMETRIC_REPRESENTATION_CONTEXT() REPRESENTATION_CONTEXT('2D SPACE',''
  ) );
#4144 = PCURVE('',#4145,#4150);
#4145 = PLANE('',#4146);
#4146 = AXIS2_PLACEMENT_3D('',#4147,#4148,#4149);
#4147 = CARTESIAN_POINT('',(14.804979739826,-27.2429771144,
    4.936396103068));
#4148 = DIRECTION('',(0.866025403784,0.5,-0.));
#4149 = DIRECTION('',(0.,0.,1.));
#4150 = DEFINITIONAL_REPRESENTATION('',(#4151),#4155);
#4151 = LINE('',#4152,#4153);
#4152 = CARTESIAN_POINT('',(47.763603896932,0.594271668904));
#4153 = VECTOR('',#4154,1.);
#4154 = DIRECTION('',(1.,-0.));
#4155 = ( GEOMETRIC_REPRESENTATION_CONTEXT(2) 
PARAMETRIC_REPRESENTATION_CONTEXT() REPRESENTATION_CONTEXT('2D SPACE',''
  ) );
#4156 = FACE_BOUND('',#4157,.F.);
#4157 = EDGE_LOOP('',(#4158,#4189,#4217,#4246));
#4158 = ORIENTED_EDGE('',*,*,#4159,.F.);
#4159 = EDGE_CURVE('',#4160,#4162,#4164,.T.);
#4160 = VERTEX_POINT('',#4161);
#4161 = CARTESIAN_POINT('',(-2.407599439235,-31.50814918303,17.4));
#4162 = VERTEX_POINT('',#4163);
#4163 = CARTESIAN_POINT('',(-3.877107040477,-31.3612506287,17.4));
#4164 = SURFACE_CURVE('',#4165,(#4170,#4177),.PCURVE_S1.);
#4165 = CIRCLE('',#4166,31.6);
#4166 = AXIS2_PLACEMENT_3D('',#4167,#4168,#4169);
#4167 = CARTESIAN_POINT('',(0.,0.,17.4));
#4168 = DIRECTION('',(-0.,-0.,-1.));
#4169 = DIRECTION('',(-0.,1.,-0.));
#4170 = PCURVE('',#806,#4171);
#4171 = DEFINITIONAL_REPRESENTATION('',(#4172),#4176);
#4172 = LINE('',#4173,#4174);
#4173 = CARTESIAN_POINT('',(7.853981633974,-35.3));
#4174 = VECTOR('',#4175,1.);
#4175 = DIRECTION('',(-1.,0.));
#4176 = ( GEOMETRIC_REPRESENTATION_CONTEXT(2) 
PARAMETRIC_REPRESENTATION_CONTEXT() REPRESENTATION_CONTEXT('2D SPACE',''
  ) );
#4177 = PCURVE('',#4178,#4183);
#4178 = CONICAL_SURFACE('',#4179,31.8,0.785398163397);
#4179 = AXIS2_PLACEMENT_3D('',#4180,#4181,#4182);
#4180 = CARTESIAN_POINT('',(0.,0.,17.6));
#4181 = DIRECTION('',(0.,0.,1.));
#4182 = DIRECTION('',(-0.122693260775,-0.992444640149,-0.));
#4183 = DEFINITIONAL_REPRESENTATION('',(#4184),#4188);
#4184 = LINE('',#4185,#4186);
#4185 = CARTESIAN_POINT('',(3.264595848478,-0.2));
#4186 = VECTOR('',#4187,1.);
#4187 = DIRECTION('',(-1.,-0.));
#4188 = ( GEOMETRIC_REPRESENTATION_CONTEXT(2) 
PARAMETRIC_REPRESENTATION_CONTEXT() REPRESENTATION_CONTEXT('2D SPACE',''
  ) );
#4189 = ORIENTED_EDGE('',*,*,#4190,.F.);
#4190 = EDGE_CURVE('',#4191,#4160,#4193,.T.);
#4191 = VERTEX_POINT('',#4192);
#4192 = CARTESIAN_POINT('',(-2.407599439235,-31.50814918303,10.8));
#4193 = SURFACE_CURVE('',#4194,(#4198,#4205),.PCURVE_S1.);
#4194 = LINE('',#4195,#4196);
#4195 = CARTESIAN_POINT('',(-2.407599439235,-31.50814918303,52.7));
#4196 = VECTOR('',#4197,1.);
#4197 = DIRECTION('',(-0.,-0.,1.));
#4198 = PCURVE('',#806,#4199);
#4199 = DEFINITIONAL_REPRESENTATION('',(#4200),#4204);
#4200 = LINE('',#4201,#4202);
#4201 = CARTESIAN_POINT('',(4.636125219152,0.));
#4202 = VECTOR('',#4203,1.);
#4203 = DIRECTION('',(0.,1.));
#4204 = ( GEOMETRIC_REPRESENTATION_CONTEXT(2) 
PARAMETRIC_REPRESENTATION_CONTEXT() REPRESENTATION_CONTEXT('2D SPACE',''
  ) );
#4205 = PCURVE('',#4206,#4211);
#4206 = PLANE('',#4207);
#4207 = AXIS2_PLACEMENT_3D('',#4208,#4209,#4210);
#4208 = CARTESIAN_POINT('',(-2.220934292839,-29.06527052801,14.1));
#4209 = DIRECTION('',(-0.997093328577,7.618985567199E-02,-0.));
#4210 = DIRECTION('',(-0.,0.,-1.));
#4211 = DEFINITIONAL_REPRESENTATION('',(#4212),#4216);
#4212 = LINE('',#4213,#4214);
#4213 = CARTESIAN_POINT('',(-38.6,2.45));
#4214 = VECTOR('',#4215,1.);
#4215 = DIRECTION('',(-1.,0.));
#4216 = ( GEOMETRIC_REPRESENTATION_CONTEXT(2) 
PARAMETRIC_REPRESENTATION_CONTEXT() REPRESENTATION_CONTEXT('2D SPACE',''
  ) );
#4217 = ORIENTED_EDGE('',*,*,#4218,.T.);
#4218 = EDGE_CURVE('',#4191,#4219,#4221,.T.);
#4219 = VERTEX_POINT('',#4220);
#4220 = CARTESIAN_POINT('',(-3.877107040477,-31.3612506287,10.8));
#4221 = SURFACE_CURVE('',#4222,(#4227,#4234),.PCURVE_S1.);
#4222 = CIRCLE('',#4223,31.6);
#4223 = AXIS2_PLACEMENT_3D('',#4224,#4225,#4226);
#4224 = CARTESIAN_POINT('',(0.,0.,10.8));
#4225 = DIRECTION('',(0.,0.,-1.));
#4226 = DIRECTION('',(1.,-0.,-0.));
#4227 = PCURVE('',#806,#4228);
#4228 = DEFINITIONAL_REPRESENTATION('',(#4229),#4233);
#4229 = LINE('',#4230,#4231);
#4230 = CARTESIAN_POINT('',(6.28318530718,-41.9));
#4231 = VECTOR('',#4232,1.);
#4232 = DIRECTION('',(-1.,0.));
#4233 = ( GEOMETRIC_REPRESENTATION_CONTEXT(2) 
PARAMETRIC_REPRESENTATION_CONTEXT() REPRESENTATION_CONTEXT('2D SPACE',''
  ) );
#4234 = PCURVE('',#4235,#4240);
#4235 = PLANE('',#4236);
#4236 = AXIS2_PLACEMENT_3D('',#4237,#4238,#4239);
#4237 = CARTESIAN_POINT('',(0.,0.,10.8));
#4238 = DIRECTION('',(-0.,-0.,-1.));
#4239 = DIRECTION('',(0.122693260775,0.992444640149,-0.));
#4240 = DEFINITIONAL_REPRESENTATION('',(#4241),#4245);
#4241 = CIRCLE('',#4242,31.6);
#4242 = AXIS2_PLACEMENT_2D('',#4243,#4244);
#4243 = CARTESIAN_POINT('',(0.,0.));
#4244 = DIRECTION('',(0.122693260775,0.992444640149));
#4245 = ( GEOMETRIC_REPRESENTATION_CONTEXT(2) 
PARAMETRIC_REPRESENTATION_CONTEXT() REPRESENTATION_CONTEXT('2D SPACE',''
  ) );
#4246 = ORIENTED_EDGE('',*,*,#4247,.T.);
#4247 = EDGE_CURVE('',#4219,#4162,#4248,.T.);
#4248 = SURFACE_CURVE('',#4249,(#4253,#4260),.PCURVE_S1.);
#4249 = LINE('',#4250,#4251);
#4250 = CARTESIAN_POINT('',(-3.877107040477,-31.3612506287,52.7));
#4251 = VECTOR('',#4252,1.);
#4252 = DIRECTION('',(-0.,-0.,1.));
#4253 = PCURVE('',#806,#4254);
#4254 = DEFINITIONAL_REPRESENTATION('',(#4255),#4259);
#4255 = LINE('',#4256,#4257);
#4256 = CARTESIAN_POINT('',(4.589385785497,0.));
#4257 = VECTOR('',#4258,1.);
#4258 = DIRECTION('',(0.,1.));
#4259 = ( GEOMETRIC_REPRESENTATION_CONTEXT(2) 
PARAMETRIC_REPRESENTATION_CONTEXT() REPRESENTATION_CONTEXT('2D SPACE',''
  ) );
#4260 = PCURVE('',#4261,#4266);
#4261 = PLANE('',#4262);
#4262 = AXIS2_PLACEMENT_3D('',#4263,#4264,#4265);
#4263 = CARTESIAN_POINT('',(-3.731591404207,-30.18419972662,
    13.702081528017));
#4264 = DIRECTION('',(0.992444640149,-0.122693260775,-0.));
#4265 = DIRECTION('',(0.,0.,1.));
#4266 = DEFINITIONAL_REPRESENTATION('',(#4267),#4271);
#4267 = LINE('',#4268,#4269);
#4268 = CARTESIAN_POINT('',(38.997918471983,1.18601164686));
#4269 = VECTOR('',#4270,1.);
#4270 = DIRECTION('',(1.,-0.));
#4271 = ( GEOMETRIC_REPRESENTATION_CONTEXT(2) 
PARAMETRIC_REPRESENTATION_CONTEXT() REPRESENTATION_CONTEXT('2D SPACE',''
  ) );
#4272 = FACE_BOUND('',#4273,.F.);
#4273 = EDGE_LOOP('',(#4274,#4304,#4333,#4361));
#4274 = ORIENTED_EDGE('',*,*,#4275,.T.);
#4275 = EDGE_CURVE('',#4276,#4278,#4280,.T.);
#4276 = VERTEX_POINT('',#4277);
#4277 = CARTESIAN_POINT('',(2.407599439235,-31.50814918303,10.8));
#4278 = VERTEX_POINT('',#4279);
#4279 = CARTESIAN_POINT('',(2.407599439235,-31.50814918303,17.4));
#4280 = SURFACE_CURVE('',#4281,(#4285,#4292),.PCURVE_S1.);
#4281 = LINE('',#4282,#4283);
#4282 = CARTESIAN_POINT('',(2.407599439235,-31.50814918303,52.7));
#4283 = VECTOR('',#4284,1.);
#4284 = DIRECTION('',(-0.,-0.,1.));
#4285 = PCURVE('',#806,#4286);
#4286 = DEFINITIONAL_REPRESENTATION('',(#4287),#4291);
#4287 = LINE('',#4288,#4289);
#4288 = CARTESIAN_POINT('',(4.788652741617,0.));
#4289 = VECTOR('',#4290,1.);
#4290 = DIRECTION('',(0.,1.));
#4291 = ( GEOMETRIC_REPRESENTATION_CONTEXT(2) 
PARAMETRIC_REPRESENTATION_CONTEXT() REPRESENTATION_CONTEXT('2D SPACE',''
  ) );
#4292 = PCURVE('',#4293,#4298);
#4293 = PLANE('',#4294);
#4294 = AXIS2_PLACEMENT_3D('',#4295,#4296,#4297);
#4295 = CARTESIAN_POINT('',(2.361885525832,-30.90989318588,14.1));
#4296 = DIRECTION('',(-0.997093328577,-7.618985567199E-02,-0.));
#4297 = DIRECTION('',(-0.,0.,-1.));
#4298 = DEFINITIONAL_REPRESENTATION('',(#4299),#4303);
#4299 = LINE('',#4300,#4301);
#4300 = CARTESIAN_POINT('',(-38.6,0.6));
#4301 = VECTOR('',#4302,1.);
#4302 = DIRECTION('',(-1.,0.));
#4303 = ( GEOMETRIC_REPRESENTATION_CONTEXT(2) 
PARAMETRIC_REPRESENTATION_CONTEXT() REPRESENTATION_CONTEXT('2D SPACE',''
  ) );
#4304 = ORIENTED_EDGE('',*,*,#4305,.F.);
#4305 = EDGE_CURVE('',#4306,#4278,#4308,.T.);
#4306 = VERTEX_POINT('',#4307);
#4307 = CARTESIAN_POINT('',(3.877107040477,-31.3612506287,17.4));
#4308 = SURFACE_CURVE('',#4309,(#4314,#4321),.PCURVE_S1.);
#4309 = CIRCLE('',#4310,31.6);
#4310 = AXIS2_PLACEMENT_3D('',#4311,#4312,#4313);
#4311 = CARTESIAN_POINT('',(0.,0.,17.4));
#4312 = DIRECTION('',(-0.,-0.,-1.));
#4313 = DIRECTION('',(-0.,1.,-0.));
#4314 = PCURVE('',#806,#4315);
#4315 = DEFINITIONAL_REPRESENTATION('',(#4316),#4320);
#4316 = LINE('',#4317,#4318);
#4317 = CARTESIAN_POINT('',(7.853981633974,-35.3));
#4318 = VECTOR('',#4319,1.);
#4319 = DIRECTION('',(-1.,0.));
#4320 = ( GEOMETRIC_REPRESENTATION_CONTEXT(2) 
PARAMETRIC_REPRESENTATION_CONTEXT() REPRESENTATION_CONTEXT('2D SPACE',''
  ) );
#4321 = PCURVE('',#4322,#4327);
#4322 = CONICAL_SURFACE('',#4323,31.8,0.785398163397);
#4323 = AXIS2_PLACEMENT_3D('',#4324,#4325,#4326);
#4324 = CARTESIAN_POINT('',(0.,0.,17.6));
#4325 = DIRECTION('',(0.,0.,1.));
#4326 = DIRECTION('',(-0.122693260775,-0.992444640149,-0.));
#4327 = DEFINITIONAL_REPRESENTATION('',(#4328),#4332);
#4328 = LINE('',#4329,#4330);
#4329 = CARTESIAN_POINT('',(3.264595848478,-0.2));
#4330 = VECTOR('',#4331,1.);
#4331 = DIRECTION('',(-1.,-0.));
#4332 = ( GEOMETRIC_REPRESENTATION_CONTEXT(2) 
PARAMETRIC_REPRESENTATION_CONTEXT() REPRESENTATION_CONTEXT('2D SPACE',''
  ) );
#4333 = ORIENTED_EDGE('',*,*,#4334,.F.);
#4334 = EDGE_CURVE('',#4335,#4306,#4337,.T.);
#4335 = VERTEX_POINT('',#4336);
#4336 = CARTESIAN_POINT('',(3.877107040477,-31.3612506287,10.8));
#4337 = SURFACE_CURVE('',#4338,(#4342,#4349),.PCURVE_S1.);
#4338 = LINE('',#4339,#4340);
#4339 = CARTESIAN_POINT('',(3.877107040477,-31.3612506287,52.7));
#4340 = VECTOR('',#4341,1.);
#4341 = DIRECTION('',(-0.,-0.,1.));
#4342 = PCURVE('',#806,#4343);
#4343 = DEFINITIONAL_REPRESENTATION('',(#4344),#4348);
#4344 = LINE('',#4345,#4346);
#4345 = CARTESIAN_POINT('',(4.835392175273,0.));
#4346 = VECTOR('',#4347,1.);
#4347 = DIRECTION('',(0.,1.));
#4348 = ( GEOMETRIC_REPRESENTATION_CONTEXT(2) 
PARAMETRIC_REPRESENTATION_CONTEXT() REPRESENTATION_CONTEXT('2D SPACE',''
  ) );
#4349 = PCURVE('',#4350,#4355);
#4350 = PLANE('',#4351);
#4351 = AXIS2_PLACEMENT_3D('',#4352,#4353,#4354);
#4352 = CARTESIAN_POINT('',(3.731591404207,-30.18419972662,
    13.702081528017));
#4353 = DIRECTION('',(0.992444640149,0.122693260775,-0.));
#4354 = DIRECTION('',(0.,0.,1.));
#4355 = DEFINITIONAL_REPRESENTATION('',(#4356),#4360);
#4356 = LINE('',#4357,#4358);
#4357 = CARTESIAN_POINT('',(38.997918471983,1.18601164686));
#4358 = VECTOR('',#4359,1.);
#4359 = DIRECTION('',(1.,-0.));
#4360 = ( GEOMETRIC_REPRESENTATION_CONTEXT(2) 
PARAMETRIC_REPRESENTATION_CONTEXT() REPRESENTATION_CONTEXT('2D SPACE',''
  ) );
#4361 = ORIENTED_EDGE('',*,*,#4362,.T.);
#4362 = EDGE_CURVE('',#4335,#4276,#4363,.T.);
#4363 = SURFACE_CURVE('',#4364,(#4369,#4376),.PCURVE_S1.);
#4364 = CIRCLE('',#4365,31.6);
#4365 = AXIS2_PLACEMENT_3D('',#4366,#4367,#4368);
#4366 = CARTESIAN_POINT('',(0.,0.,10.8));
#4367 = DIRECTION('',(0.,0.,-1.));
#4368 = DIRECTION('',(1.,-0.,-0.));
#4369 = PCURVE('',#806,#4370);
#4370 = DEFINITIONAL_REPRESENTATION('',(#4371),#4375);
#4371 = LINE('',#4372,#4373);
#4372 = CARTESIAN_POINT('',(6.28318530718,-41.9));
#4373 = VECTOR('',#4374,1.);
#4374 = DIRECTION('',(-1.,0.));
#4375 = ( GEOMETRIC_REPRESENTATION_CONTEXT(2) 
PARAMETRIC_REPRESENTATION_CONTEXT() REPRESENTATION_CONTEXT('2D SPACE',''
  ) );
#4376 = PCURVE('',#4235,#4377);
#4377 = DEFINITIONAL_REPRESENTATION('',(#4378),#4382);
#4378 = CIRCLE('',#4379,31.6);
#4379 = AXIS2_PLACEMENT_2D('',#4380,#4381);
#4380 = CARTESIAN_POINT('',(0.,0.));
#4381 = DIRECTION('',(0.122693260775,0.992444640149));
#4382 = ( GEOMETRIC_REPRESENTATION_CONTEXT(2) 
PARAMETRIC_REPRESENTATION_CONTEXT() REPRESENTATION_CONTEXT('2D SPACE',''
  ) );
#4383 = FACE_BOUND('',#4384,.F.);
#4384 = EDGE_LOOP('',(#4385,#4416,#4444,#4473));
#4385 = ORIENTED_EDGE('',*,*,#4386,.F.);
#4386 = EDGE_CURVE('',#4387,#4389,#4391,.T.);
#4387 = VERTEX_POINT('',#4388);
#4388 = CARTESIAN_POINT('',(-2.407599439235,-31.50814918303,35.2));
#4389 = VERTEX_POINT('',#4390);
#4390 = CARTESIAN_POINT('',(-3.877107040477,-31.3612506287,35.2));
#4391 = SURFACE_CURVE('',#4392,(#4397,#4404),.PCURVE_S1.);
#4392 = CIRCLE('',#4393,31.6);
#4393 = AXIS2_PLACEMENT_3D('',#4394,#4395,#4396);
#4394 = CARTESIAN_POINT('',(0.,0.,35.2));
#4395 = DIRECTION('',(-0.,-0.,-1.));
#4396 = DIRECTION('',(-0.,1.,-0.));
#4397 = PCURVE('',#806,#4398);
#4398 = DEFINITIONAL_REPRESENTATION('',(#4399),#4403);
#4399 = LINE('',#4400,#4401);
#4400 = CARTESIAN_POINT('',(7.853981633974,-17.5));
#4401 = VECTOR('',#4402,1.);
#4402 = DIRECTION('',(-1.,0.));
#4403 = ( GEOMETRIC_REPRESENTATION_CONTEXT(2) 
PARAMETRIC_REPRESENTATION_CONTEXT() REPRESENTATION_CONTEXT('2D SPACE',''
  ) );
#4404 = PCURVE('',#4405,#4410);
#4405 = CONICAL_SURFACE('',#4406,31.8,0.785398163397);
#4406 = AXIS2_PLACEMENT_3D('',#4407,#4408,#4409);
#4407 = CARTESIAN_POINT('',(0.,0.,35.4));
#4408 = DIRECTION('',(0.,0.,1.));
#4409 = DIRECTION('',(-0.122693260775,-0.992444640149,-0.));
#4410 = DEFINITIONAL_REPRESENTATION('',(#4411),#4415);
#4411 = LINE('',#4412,#4413);
#4412 = CARTESIAN_POINT('',(3.264595848478,-0.2));
#4413 = VECTOR('',#4414,1.);
#4414 = DIRECTION('',(-1.,-0.));
#4415 = ( GEOMETRIC_REPRESENTATION_CONTEXT(2) 
PARAMETRIC_REPRESENTATION_CONTEXT() REPRESENTATION_CONTEXT('2D SPACE',''
  ) );
#4416 = ORIENTED_EDGE('',*,*,#4417,.F.);
#4417 = EDGE_CURVE('',#4418,#4387,#4420,.T.);
#4418 = VERTEX_POINT('',#4419);
#4419 = CARTESIAN_POINT('',(-2.407599439235,-31.50814918303,27.));
#4420 = SURFACE_CURVE('',#4421,(#4425,#4432),.PCURVE_S1.);
#4421 = LINE('',#4422,#4423);
#4422 = CARTESIAN_POINT('',(-2.407599439235,-31.50814918303,52.7));
#4423 = VECTOR('',#4424,1.);
#4424 = DIRECTION('',(-0.,-0.,1.));
#4425 = PCURVE('',#806,#4426);
#4426 = DEFINITIONAL_REPRESENTATION('',(#4427),#4431);
#4427 = LINE('',#4428,#4429);
#4428 = CARTESIAN_POINT('',(4.636125219152,0.));
#4429 = VECTOR('',#4430,1.);
#4430 = DIRECTION('',(0.,1.));
#4431 = ( GEOMETRIC_REPRESENTATION_CONTEXT(2) 
PARAMETRIC_REPRESENTATION_CONTEXT() REPRESENTATION_CONTEXT('2D SPACE',''
  ) );
#4432 = PCURVE('',#4433,#4438);
#4433 = PLANE('',#4434);
#4434 = AXIS2_PLACEMENT_3D('',#4435,#4436,#4437);
#4435 = CARTESIAN_POINT('',(-2.220934292839,-29.06527052801,31.1));
#4436 = DIRECTION('',(-0.997093328577,7.618985567199E-02,-0.));
#4437 = DIRECTION('',(-0.,0.,-1.));
#4438 = DEFINITIONAL_REPRESENTATION('',(#4439),#4443);
#4439 = LINE('',#4440,#4441);
#4440 = CARTESIAN_POINT('',(-21.6,2.45));
#4441 = VECTOR('',#4442,1.);
#4442 = DIRECTION('',(-1.,0.));
#4443 = ( GEOMETRIC_REPRESENTATION_CONTEXT(2) 
PARAMETRIC_REPRESENTATION_CONTEXT() REPRESENTATION_CONTEXT('2D SPACE',''
  ) );
#4444 = ORIENTED_EDGE('',*,*,#4445,.T.);
#4445 = EDGE_CURVE('',#4418,#4446,#4448,.T.);
#4446 = VERTEX_POINT('',#4447);
#4447 = CARTESIAN_POINT('',(-3.877107040477,-31.3612506287,27.));
#4448 = SURFACE_CURVE('',#4449,(#4454,#4461),.PCURVE_S1.);
#4449 = CIRCLE('',#4450,31.6);
#4450 = AXIS2_PLACEMENT_3D('',#4451,#4452,#4453);
#4451 = CARTESIAN_POINT('',(0.,0.,27.));
#4452 = DIRECTION('',(0.,0.,-1.));
#4453 = DIRECTION('',(1.,-0.,-0.));
#4454 = PCURVE('',#806,#4455);
#4455 = DEFINITIONAL_REPRESENTATION('',(#4456),#4460);
#4456 = LINE('',#4457,#4458);
#4457 = CARTESIAN_POINT('',(6.28318530718,-25.7));
#4458 = VECTOR('',#4459,1.);
#4459 = DIRECTION('',(-1.,0.));
#4460 = ( GEOMETRIC_REPRESENTATION_CONTEXT(2) 
PARAMETRIC_REPRESENTATION_CONTEXT() REPRESENTATION_CONTEXT('2D SPACE',''
  ) );
#4461 = PCURVE('',#4462,#4467);
#4462 = PLANE('',#4463);
#4463 = AXIS2_PLACEMENT_3D('',#4464,#4465,#4466);
#4464 = CARTESIAN_POINT('',(0.,0.,27.));
#4465 = DIRECTION('',(-0.,-0.,-1.));
#4466 = DIRECTION('',(0.122693260775,0.992444640149,-0.));
#4467 = DEFINITIONAL_REPRESENTATION('',(#4468),#4472);
#4468 = CIRCLE('',#4469,31.6);
#4469 = AXIS2_PLACEMENT_2D('',#4470,#4471);
#4470 = CARTESIAN_POINT('',(0.,0.));
#4471 = DIRECTION('',(0.122693260775,0.992444640149));
#4472 = ( GEOMETRIC_REPRESENTATION_CONTEXT(2) 
PARAMETRIC_REPRESENTATION_CONTEXT() REPRESENTATION_CONTEXT('2D SPACE',''
  ) );
#4473 = ORIENTED_EDGE('',*,*,#4474,.T.);
#4474 = EDGE_CURVE('',#4446,#4389,#4475,.T.);
#4475 = SURFACE_CURVE('',#4476,(#4480,#4487),.PCURVE_S1.);
#4476 = LINE('',#4477,#4478);
#4477 = CARTESIAN_POINT('',(-3.877107040477,-31.3612506287,52.7));
#4478 = VECTOR('',#4479,1.);
#4479 = DIRECTION('',(-0.,-0.,1.));
#4480 = PCURVE('',#806,#4481);
#4481 = DEFINITIONAL_REPRESENTATION('',(#4482),#4486);
#4482 = LINE('',#4483,#4484);
#4483 = CARTESIAN_POINT('',(4.589385785497,0.));
#4484 = VECTOR('',#4485,1.);
#4485 = DIRECTION('',(0.,1.));
#4486 = ( GEOMETRIC_REPRESENTATION_CONTEXT(2) 
PARAMETRIC_REPRESENTATION_CONTEXT() REPRESENTATION_CONTEXT('2D SPACE',''
  ) );
#4487 = PCURVE('',#4488,#4493);
#4488 = PLANE('',#4489);
#4489 = AXIS2_PLACEMENT_3D('',#4490,#4491,#4492);
#4490 = CARTESIAN_POINT('',(-3.72588630632,-30.13805217309,
    30.702081528017));
#4491 = DIRECTION('',(0.992444640149,-0.122693260775,-0.));
#4492 = DIRECTION('',(0.,0.,1.));
#4493 = DEFINITIONAL_REPRESENTATION('',(#4494),#4498);
#4494 = LINE('',#4495,#4496);
#4495 = CARTESIAN_POINT('',(21.997918471983,1.232510516084));
#4496 = VECTOR('',#4497,1.);
#4497 = DIRECTION('',(1.,-0.));
#4498 = ( GEOMETRIC_REPRESENTATION_CONTEXT(2) 
PARAMETRIC_REPRESENTATION_CONTEXT() REPRESENTATION_CONTEXT('2D SPACE',''
  ) );
#4499 = FACE_BOUND('',#4500,.F.);
#4500 = EDGE_LOOP('',(#4501,#4531,#4555,#4583));
#4501 = ORIENTED_EDGE('',*,*,#4502,.F.);
#4502 = EDGE_CURVE('',#4503,#4505,#4507,.T.);
#4503 = VERTEX_POINT('',#4504);
#4504 = CARTESIAN_POINT('',(3.877107040477,-31.3612506287,27.));
#4505 = VERTEX_POINT('',#4506);
#4506 = CARTESIAN_POINT('',(3.877107040477,-31.3612506287,35.2));
#4507 = SURFACE_CURVE('',#4508,(#4512,#4519),.PCURVE_S1.);
#4508 = LINE('',#4509,#4510);
#4509 = CARTESIAN_POINT('',(3.877107040477,-31.3612506287,52.7));
#4510 = VECTOR('',#4511,1.);
#4511 = DIRECTION('',(-0.,-0.,1.));
#4512 = PCURVE('',#806,#4513);
#4513 = DEFINITIONAL_REPRESENTATION('',(#4514),#4518);
#4514 = LINE('',#4515,#4516);
#4515 = CARTESIAN_POINT('',(4.835392175273,0.));
#4516 = VECTOR('',#4517,1.);
#4517 = DIRECTION('',(0.,1.));
#4518 = ( GEOMETRIC_REPRESENTATION_CONTEXT(2) 
PARAMETRIC_REPRESENTATION_CONTEXT() REPRESENTATION_CONTEXT('2D SPACE',''
  ) );
#4519 = PCURVE('',#4520,#4525);
#4520 = PLANE('',#4521);
#4521 = AXIS2_PLACEMENT_3D('',#4522,#4523,#4524);
#4522 = CARTESIAN_POINT('',(3.72588630632,-30.13805217309,
    30.702081528017));
#4523 = DIRECTION('',(0.992444640149,0.122693260775,-0.));
#4524 = DIRECTION('',(0.,0.,1.));
#4525 = DEFINITIONAL_REPRESENTATION('',(#4526),#4530);
#4526 = LINE('',#4527,#4528);
#4527 = CARTESIAN_POINT('',(21.997918471983,1.232510516084));
#4528 = VECTOR('',#4529,1.);
#4529 = DIRECTION('',(1.,-0.));
#4530 = ( GEOMETRIC_REPRESENTATION_CONTEXT(2) 
PARAMETRIC_REPRESENTATION_CONTEXT() REPRESENTATION_CONTEXT('2D SPACE',''
  ) );
#4531 = ORIENTED_EDGE('',*,*,#4532,.T.);
#4532 = EDGE_CURVE('',#4503,#4533,#4535,.T.);
#4533 = VERTEX_POINT('',#4534);
#4534 = CARTESIAN_POINT('',(2.407599439235,-31.50814918303,27.));
#4535 = SURFACE_CURVE('',#4536,(#4541,#4548),.PCURVE_S1.);
#4536 = CIRCLE('',#4537,31.6);
#4537 = AXIS2_PLACEMENT_3D('',#4538,#4539,#4540);
#4538 = CARTESIAN_POINT('',(0.,0.,27.));
#4539 = DIRECTION('',(0.,0.,-1.));
#4540 = DIRECTION('',(1.,-0.,-0.));
#4541 = PCURVE('',#806,#4542);
#4542 = DEFINITIONAL_REPRESENTATION('',(#4543),#4547);
#4543 = LINE('',#4544,#4545);
#4544 = CARTESIAN_POINT('',(6.28318530718,-25.7));
#4545 = VECTOR('',#4546,1.);
#4546 = DIRECTION('',(-1.,0.));
#4547 = ( GEOMETRIC_REPRESENTATION_CONTEXT(2) 
PARAMETRIC_REPRESENTATION_CONTEXT() REPRESENTATION_CONTEXT('2D SPACE',''
  ) );
#4548 = PCURVE('',#4462,#4549);
#4549 = DEFINITIONAL_REPRESENTATION('',(#4550),#4554);
#4550 = CIRCLE('',#4551,31.6);
#4551 = AXIS2_PLACEMENT_2D('',#4552,#4553);
#4552 = CARTESIAN_POINT('',(0.,0.));
#4553 = DIRECTION('',(0.122693260775,0.992444640149));
#4554 = ( GEOMETRIC_REPRESENTATION_CONTEXT(2) 
PARAMETRIC_REPRESENTATION_CONTEXT() REPRESENTATION_CONTEXT('2D SPACE',''
  ) );
#4555 = ORIENTED_EDGE('',*,*,#4556,.T.);
#4556 = EDGE_CURVE('',#4533,#4557,#4559,.T.);
#4557 = VERTEX_POINT('',#4558);
#4558 = CARTESIAN_POINT('',(2.407599439235,-31.50814918303,35.2));
#4559 = SURFACE_CURVE('',#4560,(#4564,#4571),.PCURVE_S1.);
#4560 = LINE('',#4561,#4562);
#4561 = CARTESIAN_POINT('',(2.407599439235,-31.50814918303,52.7));
#4562 = VECTOR('',#4563,1.);
#4563 = DIRECTION('',(-0.,-0.,1.));
#4564 = PCURVE('',#806,#4565);
#4565 = DEFINITIONAL_REPRESENTATION('',(#4566),#4570);
#4566 = LINE('',#4567,#4568);
#4567 = CARTESIAN_POINT('',(4.788652741617,0.));
#4568 = VECTOR('',#4569,1.);
#4569 = DIRECTION('',(0.,1.));
#4570 = ( GEOMETRIC_REPRESENTATION_CONTEXT(2) 
PARAMETRIC_REPRESENTATION_CONTEXT() REPRESENTATION_CONTEXT('2D SPACE',''
  ) );
#4571 = PCURVE('',#4572,#4577);
#4572 = PLANE('',#4573);
#4573 = AXIS2_PLACEMENT_3D('',#4574,#4575,#4576);
#4574 = CARTESIAN_POINT('',(2.361885525832,-30.90989318588,31.1));
#4575 = DIRECTION('',(-0.997093328577,-7.618985567199E-02,-0.));
#4576 = DIRECTION('',(-0.,0.,-1.));
#4577 = DEFINITIONAL_REPRESENTATION('',(#4578),#4582);
#4578 = LINE('',#4579,#4580);
#4579 = CARTESIAN_POINT('',(-21.6,0.6));
#4580 = VECTOR('',#4581,1.);
#4581 = DIRECTION('',(-1.,0.));
#4582 = ( GEOMETRIC_REPRESENTATION_CONTEXT(2) 
PARAMETRIC_REPRESENTATION_CONTEXT() REPRESENTATION_CONTEXT('2D SPACE',''
  ) );
#4583 = ORIENTED_EDGE('',*,*,#4584,.F.);
#4584 = EDGE_CURVE('',#4505,#4557,#4585,.T.);
#4585 = SURFACE_CURVE('',#4586,(#4591,#4598),.PCURVE_S1.);
#4586 = CIRCLE('',#4587,31.6);
#4587 = AXIS2_PLACEMENT_3D('',#4588,#4589,#4590);
#4588 = CARTESIAN_POINT('',(0.,0.,35.2));
#4589 = DIRECTION('',(-0.,-0.,-1.));
#4590 = DIRECTION('',(-0.,1.,-0.));
#4591 = PCURVE('',#806,#4592);
#4592 = DEFINITIONAL_REPRESENTATION('',(#4593),#4597);
#4593 = LINE('',#4594,#4595);
#4594 = CARTESIAN_POINT('',(7.853981633974,-17.5));
#4595 = VECTOR('',#4596,1.);
#4596 = DIRECTION('',(-1.,0.));
#4597 = ( GEOMETRIC_REPRESENTATION_CONTEXT(2) 
PARAMETRIC_REPRESENTATION_CONTEXT() REPRESENTATION_CONTEXT('2D SPACE',''
  ) );
#4598 = PCURVE('',#4599,#4604);
#4599 = CONICAL_SURFACE('',#4600,31.8,0.785398163397);
#4600 = AXIS2_PLACEMENT_3D('',#4601,#4602,#4603);
#4601 = CARTESIAN_POINT('',(0.,0.,35.4));
#4602 = DIRECTION('',(0.,0.,1.));
#4603 = DIRECTION('',(-0.122693260775,-0.992444640149,-0.));
#4604 = DEFINITIONAL_REPRESENTATION('',(#4605),#4609);
#4605 = LINE('',#4606,#4607);
#4606 = CARTESIAN_POINT('',(3.264595848478,-0.2));
#4607 = VECTOR('',#4608,1.);
#4608 = DIRECTION('',(-1.,-0.));
#4609 = ( GEOMETRIC_REPRESENTATION_CONTEXT(2) 
PARAMETRIC_REPRESENTATION_CONTEXT() REPRESENTATION_CONTEXT('2D SPACE',''
  ) );
#4610 = ADVANCED_FACE('',(#4611),#832,.F.);
#4611 = FACE_BOUND('',#4612,.T.);
#4612 = EDGE_LOOP('',(#4613,#4614,#4615,#4616));
#4613 = ORIENTED_EDGE('',*,*,#2724,.T.);
#4614 = ORIENTED_EDGE('',*,*,#818,.T.);
#4615 = ORIENTED_EDGE('',*,*,#2849,.F.);
#4616 = ORIENTED_EDGE('',*,*,#4617,.T.);
#4617 = EDGE_CURVE('',#2850,#2725,#4618,.T.);
#4618 = SURFACE_CURVE('',#4619,(#4623,#4630),.PCURVE_S1.);
#4619 = LINE('',#4620,#4621);
#4620 = CARTESIAN_POINT('',(33.2,0.8,43.6));
#4621 = VECTOR('',#4622,1.);
#4622 = DIRECTION('',(-1.,-0.,-0.));
#4623 = PCURVE('',#832,#4624);
#4624 = DEFINITIONAL_REPRESENTATION('',(#4625),#4629);
#4625 = LINE('',#4626,#4627);
#4626 = CARTESIAN_POINT('',(4.3,10.5));
#4627 = VECTOR('',#4628,1.);
#4628 = DIRECTION('',(-0.,-1.));
#4629 = ( GEOMETRIC_REPRESENTATION_CONTEXT(2) 
PARAMETRIC_REPRESENTATION_CONTEXT() REPRESENTATION_CONTEXT('2D SPACE',''
  ) );
#4630 = PCURVE('',#2764,#4631);
#4631 = DEFINITIONAL_REPRESENTATION('',(#4632),#4636);
#4632 = LINE('',#4633,#4634);
#4633 = CARTESIAN_POINT('',(0.,0.8));
#4634 = VECTOR('',#4635,1.);
#4635 = DIRECTION('',(-1.,0.));
#4636 = ( GEOMETRIC_REPRESENTATION_CONTEXT(2) 
PARAMETRIC_REPRESENTATION_CONTEXT() REPRESENTATION_CONTEXT('2D SPACE',''
  ) );
#4637 = ADVANCED_FACE('',(#4638),#888,.F.);
#4638 = FACE_BOUND('',#4639,.T.);
#4639 = EDGE_LOOP('',(#4640,#4663,#4664,#4665));
#4640 = ORIENTED_EDGE('',*,*,#4641,.T.);
#4641 = EDGE_CURVE('',#4642,#873,#4644,.T.);
#4642 = VERTEX_POINT('',#4643);
#4643 = CARTESIAN_POINT('',(-5.644568729255,-11.37667982588,43.6));
#4644 = SURFACE_CURVE('',#4645,(#4649,#4656),.PCURVE_S1.);
#4645 = LINE('',#4646,#4647);
#4646 = CARTESIAN_POINT('',(-5.644568729256,-11.37667982588,52.7));
#4647 = VECTOR('',#4648,1.);
#4648 = DIRECTION('',(-0.,-0.,1.));
#4649 = PCURVE('',#888,#4650);
#4650 = DEFINITIONAL_REPRESENTATION('',(#4651),#4655);
#4651 = LINE('',#4652,#4653);
#4652 = CARTESIAN_POINT('',(-4.8,-10.02522189543));
#4653 = VECTOR('',#4654,1.);
#4654 = DIRECTION('',(-1.,0.));
#4655 = ( GEOMETRIC_REPRESENTATION_CONTEXT(2) 
PARAMETRIC_REPRESENTATION_CONTEXT() REPRESENTATION_CONTEXT('2D SPACE',''
  ) );
#4656 = PCURVE('',#917,#4657);
#4657 = DEFINITIONAL_REPRESENTATION('',(#4658),#4662);
#4658 = LINE('',#4659,#4660);
#4659 = CARTESIAN_POINT('',(4.251824064209,0.));
#4660 = VECTOR('',#4661,1.);
#4661 = DIRECTION('',(0.,1.));
#4662 = ( GEOMETRIC_REPRESENTATION_CONTEXT(2) 
PARAMETRIC_REPRESENTATION_CONTEXT() REPRESENTATION_CONTEXT('2D SPACE',''
  ) );
#4663 = ORIENTED_EDGE('',*,*,#872,.T.);
#4664 = ORIENTED_EDGE('',*,*,#3272,.F.);
#4665 = ORIENTED_EDGE('',*,*,#4666,.T.);
#4666 = EDGE_CURVE('',#3273,#4642,#4667,.T.);
#4667 = SURFACE_CURVE('',#4668,(#4672,#4679),.PCURVE_S1.);
#4668 = LINE('',#4669,#4670);
#4669 = CARTESIAN_POINT('',(-15.90717967697,-29.15204340564,43.6));
#4670 = VECTOR('',#4671,1.);
#4671 = DIRECTION('',(0.5,0.866025403784,-0.));
#4672 = PCURVE('',#888,#4673);
#4673 = DEFINITIONAL_REPRESENTATION('',(#4674),#4678);
#4674 = LINE('',#4675,#4676);
#4675 = CARTESIAN_POINT('',(4.3,10.5));
#4676 = VECTOR('',#4677,1.);
#4677 = DIRECTION('',(-0.,-1.));
#4678 = ( GEOMETRIC_REPRESENTATION_CONTEXT(2) 
PARAMETRIC_REPRESENTATION_CONTEXT() REPRESENTATION_CONTEXT('2D SPACE',''
  ) );
#4679 = PCURVE('',#2764,#4680);
#4680 = DEFINITIONAL_REPRESENTATION('',(#4681),#4685);
#4681 = LINE('',#4682,#4683);
#4682 = CARTESIAN_POINT('',(-49.10717967697,-29.15204340564));
#4683 = VECTOR('',#4684,1.);
#4684 = DIRECTION('',(0.5,0.866025403784));
#4685 = ( GEOMETRIC_REPRESENTATION_CONTEXT(2) 
PARAMETRIC_REPRESENTATION_CONTEXT() REPRESENTATION_CONTEXT('2D SPACE',''
  ) );
#4686 = ADVANCED_FACE('',(#4687),#917,.T.);
#4687 = FACE_BOUND('',#4688,.T.);
#4688 = EDGE_LOOP('',(#4689,#4712,#4713,#4714));
#4689 = ORIENTED_EDGE('',*,*,#4690,.T.);
#4690 = EDGE_CURVE('',#4691,#901,#4693,.T.);
#4691 = VERTEX_POINT('',#4692);
#4692 = CARTESIAN_POINT('',(5.644568729255,-11.37667982588,43.6));
#4693 = SURFACE_CURVE('',#4694,(#4698,#4705),.PCURVE_S1.);
#4694 = LINE('',#4695,#4696);
#4695 = CARTESIAN_POINT('',(5.644568729256,-11.37667982588,52.7));
#4696 = VECTOR('',#4697,1.);
#4697 = DIRECTION('',(-0.,-0.,1.));
#4698 = PCURVE('',#917,#4699);
#4699 = DEFINITIONAL_REPRESENTATION('',(#4700),#4704);
#4700 = LINE('',#4701,#4702);
#4701 = CARTESIAN_POINT('',(5.17295389656,0.));
#4702 = VECTOR('',#4703,1.);
#4703 = DIRECTION('',(0.,1.));
#4704 = ( GEOMETRIC_REPRESENTATION_CONTEXT(2) 
PARAMETRIC_REPRESENTATION_CONTEXT() REPRESENTATION_CONTEXT('2D SPACE',''
  ) );
#4705 = PCURVE('',#943,#4706);
#4706 = DEFINITIONAL_REPRESENTATION('',(#4707),#4711);
#4707 = LINE('',#4708,#4709);
#4708 = CARTESIAN_POINT('',(-4.8,-10.02522189543));
#4709 = VECTOR('',#4710,1.);
#4710 = DIRECTION('',(-1.,0.));
#4711 = ( GEOMETRIC_REPRESENTATION_CONTEXT(2) 
PARAMETRIC_REPRESENTATION_CONTEXT() REPRESENTATION_CONTEXT('2D SPACE',''
  ) );
#4712 = ORIENTED_EDGE('',*,*,#900,.T.);
#4713 = ORIENTED_EDGE('',*,*,#4641,.F.);
#4714 = ORIENTED_EDGE('',*,*,#4715,.T.);
#4715 = EDGE_CURVE('',#4642,#4691,#4716,.T.);
#4716 = SURFACE_CURVE('',#4717,(#4722,#4729),.PCURVE_S1.);
#4717 = CIRCLE('',#4718,12.7);
#4718 = AXIS2_PLACEMENT_3D('',#4719,#4720,#4721);
#4719 = CARTESIAN_POINT('',(0.,0.,43.6));
#4720 = DIRECTION('',(0.,0.,1.));
#4721 = DIRECTION('',(1.,-0.,-0.));
#4722 = PCURVE('',#917,#4723);
#4723 = DEFINITIONAL_REPRESENTATION('',(#4724),#4728);
#4724 = LINE('',#4725,#4726);
#4725 = CARTESIAN_POINT('',(0.,-9.1));
#4726 = VECTOR('',#4727,1.);
#4727 = DIRECTION('',(1.,0.));
#4728 = ( GEOMETRIC_REPRESENTATION_CONTEXT(2) 
PARAMETRIC_REPRESENTATION_CONTEXT() REPRESENTATION_CONTEXT('2D SPACE',''
  ) );
#4729 = PCURVE('',#2764,#4730);
#4730 = DEFINITIONAL_REPRESENTATION('',(#4731),#4735);
#4731 = CIRCLE('',#4732,12.7);
#4732 = AXIS2_PLACEMENT_2D('',#4733,#4734);
#4733 = CARTESIAN_POINT('',(-33.2,0.));
#4734 = DIRECTION('',(1.,-0.));
#4735 = ( GEOMETRIC_REPRESENTATION_CONTEXT(2) 
PARAMETRIC_REPRESENTATION_CONTEXT() REPRESENTATION_CONTEXT('2D SPACE',''
  ) );
#4736 = ADVANCED_FACE('',(#4737),#943,.T.);
#4737 = FACE_BOUND('',#4738,.F.);
#4738 = EDGE_LOOP('',(#4739,#4740,#4741,#4742));
#4739 = ORIENTED_EDGE('',*,*,#4690,.T.);
#4740 = ORIENTED_EDGE('',*,*,#929,.T.);
#4741 = ORIENTED_EDGE('',*,*,#3250,.F.);
#4742 = ORIENTED_EDGE('',*,*,#4743,.T.);
#4743 = EDGE_CURVE('',#3223,#4691,#4744,.T.);
#4744 = SURFACE_CURVE('',#4745,(#4749,#4756),.PCURVE_S1.);
#4745 = LINE('',#4746,#4747);
#4746 = CARTESIAN_POINT('',(15.907179676972,-29.15204340564,43.6));
#4747 = VECTOR('',#4748,1.);
#4748 = DIRECTION('',(-0.5,0.866025403784,-0.));
#4749 = PCURVE('',#943,#4750);
#4750 = DEFINITIONAL_REPRESENTATION('',(#4751),#4755);
#4751 = LINE('',#4752,#4753);
#4752 = CARTESIAN_POINT('',(4.3,10.5));
#4753 = VECTOR('',#4754,1.);
#4754 = DIRECTION('',(-0.,-1.));
#4755 = ( GEOMETRIC_REPRESENTATION_CONTEXT(2) 
PARAMETRIC_REPRESENTATION_CONTEXT() REPRESENTATION_CONTEXT('2D SPACE',''
  ) );
#4756 = PCURVE('',#2764,#4757);
#4757 = DEFINITIONAL_REPRESENTATION('',(#4758),#4762);
#4758 = LINE('',#4759,#4760);
#4759 = CARTESIAN_POINT('',(-17.29282032302,-29.15204340564));
#4760 = VECTOR('',#4761,1.);
#4761 = DIRECTION('',(-0.5,0.866025403784));
#4762 = ( GEOMETRIC_REPRESENTATION_CONTEXT(2) 
PARAMETRIC_REPRESENTATION_CONTEXT() REPRESENTATION_CONTEXT('2D SPACE',''
  ) );
#4763 = ADVANCED_FACE('',(#4764),#976,.T.);
#4764 = FACE_BOUND('',#4765,.T.);
#4765 = EDGE_LOOP('',(#4766,#4789,#4790,#4813));
#4766 = ORIENTED_EDGE('',*,*,#4767,.T.);
#4767 = EDGE_CURVE('',#4768,#958,#4770,.T.);
#4768 = VERTEX_POINT('',#4769);
#4769 = CARTESIAN_POINT('',(-7.030209375311,-10.57667982588,43.6));
#4770 = SURFACE_CURVE('',#4771,(#4775,#4782),.PCURVE_S1.);
#4771 = LINE('',#4772,#4773);
#4772 = CARTESIAN_POINT('',(-7.030209375311,-10.57667982588,52.7));
#4773 = VECTOR('',#4774,1.);
#4774 = DIRECTION('',(-0.,-0.,1.));
#4775 = PCURVE('',#976,#4776);
#4776 = DEFINITIONAL_REPRESENTATION('',(#4777),#4781);
#4777 = LINE('',#4778,#4779);
#4778 = CARTESIAN_POINT('',(4.125756345364,0.));
#4779 = VECTOR('',#4780,1.);
#4780 = DIRECTION('',(0.,1.));
#4781 = ( GEOMETRIC_REPRESENTATION_CONTEXT(2) 
PARAMETRIC_REPRESENTATION_CONTEXT() REPRESENTATION_CONTEXT('2D SPACE',''
  ) );
#4782 = PCURVE('',#1004,#4783);
#4783 = DEFINITIONAL_REPRESENTATION('',(#4784),#4788);
#4784 = LINE('',#4785,#4786);
#4785 = CARTESIAN_POINT('',(-4.8,-10.02522189543));
#4786 = VECTOR('',#4787,1.);
#4787 = DIRECTION('',(-1.,0.));
#4788 = ( GEOMETRIC_REPRESENTATION_CONTEXT(2) 
PARAMETRIC_REPRESENTATION_CONTEXT() REPRESENTATION_CONTEXT('2D SPACE',''
  ) );
#4789 = ORIENTED_EDGE('',*,*,#957,.T.);
#4790 = ORIENTED_EDGE('',*,*,#4791,.F.);
#4791 = EDGE_CURVE('',#4792,#960,#4794,.T.);
#4792 = VERTEX_POINT('',#4793);
#4793 = CARTESIAN_POINT('',(-12.67477810456,-0.8,43.6));
#4794 = SURFACE_CURVE('',#4795,(#4799,#4806),.PCURVE_S1.);
#4795 = LINE('',#4796,#4797);
#4796 = CARTESIAN_POINT('',(-12.67477810456,-0.8,52.7));
#4797 = VECTOR('',#4798,1.);
#4798 = DIRECTION('',(-0.,-0.,1.));
#4799 = PCURVE('',#976,#4800);
#4800 = DEFINITIONAL_REPRESENTATION('',(#4801),#4805);
#4801 = LINE('',#4802,#4803);
#4802 = CARTESIAN_POINT('',(3.204626513012,0.));
#4803 = VECTOR('',#4804,1.);
#4804 = DIRECTION('',(0.,1.));
#4805 = ( GEOMETRIC_REPRESENTATION_CONTEXT(2) 
PARAMETRIC_REPRESENTATION_CONTEXT() REPRESENTATION_CONTEXT('2D SPACE',''
  ) );
#4806 = PCURVE('',#1054,#4807);
#4807 = DEFINITIONAL_REPRESENTATION('',(#4808),#4812);
#4808 = LINE('',#4809,#4810);
#4809 = CARTESIAN_POINT('',(-4.8,-10.02522189543));
#4810 = VECTOR('',#4811,1.);
#4811 = DIRECTION('',(-1.,0.));
#4812 = ( GEOMETRIC_REPRESENTATION_CONTEXT(2) 
PARAMETRIC_REPRESENTATION_CONTEXT() REPRESENTATION_CONTEXT('2D SPACE',''
  ) );
#4813 = ORIENTED_EDGE('',*,*,#4814,.T.);
#4814 = EDGE_CURVE('',#4792,#4768,#4815,.T.);
#4815 = SURFACE_CURVE('',#4816,(#4821,#4828),.PCURVE_S1.);
#4816 = CIRCLE('',#4817,12.7);
#4817 = AXIS2_PLACEMENT_3D('',#4818,#4819,#4820);
#4818 = CARTESIAN_POINT('',(0.,0.,43.6));
#4819 = DIRECTION('',(0.,0.,1.));
#4820 = DIRECTION('',(1.,-0.,-0.));
#4821 = PCURVE('',#976,#4822);
#4822 = DEFINITIONAL_REPRESENTATION('',(#4823),#4827);
#4823 = LINE('',#4824,#4825);
#4824 = CARTESIAN_POINT('',(0.,-9.1));
#4825 = VECTOR('',#4826,1.);
#4826 = DIRECTION('',(1.,0.));
#4827 = ( GEOMETRIC_REPRESENTATION_CONTEXT(2) 
PARAMETRIC_REPRESENTATION_CONTEXT() REPRESENTATION_CONTEXT('2D SPACE',''
  ) );
#4828 = PCURVE('',#2764,#4829);
#4829 = DEFINITIONAL_REPRESENTATION('',(#4830),#4834);
#4830 = CIRCLE('',#4831,12.7);
#4831 = AXIS2_PLACEMENT_2D('',#4832,#4833);
#4832 = CARTESIAN_POINT('',(-33.2,0.));
#4833 = DIRECTION('',(1.,-0.));
#4834 = ( GEOMETRIC_REPRESENTATION_CONTEXT(2) 
PARAMETRIC_REPRESENTATION_CONTEXT() REPRESENTATION_CONTEXT('2D SPACE',''
  ) );
#4835 = ADVANCED_FACE('',(#4836),#1004,.T.);
#4836 = FACE_BOUND('',#4837,.F.);
#4837 = EDGE_LOOP('',(#4838,#4839,#4840,#4841));
#4838 = ORIENTED_EDGE('',*,*,#4767,.T.);
#4839 = ORIENTED_EDGE('',*,*,#988,.T.);
#4840 = ORIENTED_EDGE('',*,*,#3323,.F.);
#4841 = ORIENTED_EDGE('',*,*,#4842,.T.);
#4842 = EDGE_CURVE('',#3296,#4768,#4843,.T.);
#4843 = SURFACE_CURVE('',#4844,(#4848,#4855),.PCURVE_S1.);
#4844 = LINE('',#4845,#4846);
#4845 = CARTESIAN_POINT('',(-17.29282032302,-28.35204340564,43.6));
#4846 = VECTOR('',#4847,1.);
#4847 = DIRECTION('',(0.5,0.866025403784,-0.));
#4848 = PCURVE('',#1004,#4849);
#4849 = DEFINITIONAL_REPRESENTATION('',(#4850),#4854);
#4850 = LINE('',#4851,#4852);
#4851 = CARTESIAN_POINT('',(4.3,10.5));
#4852 = VECTOR('',#4853,1.);
#4853 = DIRECTION('',(-0.,-1.));
#4854 = ( GEOMETRIC_REPRESENTATION_CONTEXT(2) 
PARAMETRIC_REPRESENTATION_CONTEXT() REPRESENTATION_CONTEXT('2D SPACE',''
  ) );
#4855 = PCURVE('',#2764,#4856);
#4856 = DEFINITIONAL_REPRESENTATION('',(#4857),#4861);
#4857 = LINE('',#4858,#4859);
#4858 = CARTESIAN_POINT('',(-50.49282032302,-28.35204340564));
#4859 = VECTOR('',#4860,1.);
#4860 = DIRECTION('',(0.5,0.866025403784));
#4861 = ( GEOMETRIC_REPRESENTATION_CONTEXT(2) 
PARAMETRIC_REPRESENTATION_CONTEXT() REPRESENTATION_CONTEXT('2D SPACE',''
  ) );
#4862 = ADVANCED_FACE('',(#4863),#1054,.F.);
#4863 = FACE_BOUND('',#4864,.T.);
#4864 = EDGE_LOOP('',(#4865,#4866,#4867,#4868));
#4865 = ORIENTED_EDGE('',*,*,#4791,.T.);
#4866 = ORIENTED_EDGE('',*,*,#1040,.T.);
#4867 = ORIENTED_EDGE('',*,*,#3345,.F.);
#4868 = ORIENTED_EDGE('',*,*,#4869,.T.);
#4869 = EDGE_CURVE('',#3346,#4792,#4870,.T.);
#4870 = SURFACE_CURVE('',#4871,(#4875,#4882),.PCURVE_S1.);
#4871 = LINE('',#4872,#4873);
#4872 = CARTESIAN_POINT('',(-33.2,-0.8,43.6));
#4873 = VECTOR('',#4874,1.);
#4874 = DIRECTION('',(1.,-1.224646799147E-16,-0.));
#4875 = PCURVE('',#1054,#4876);
#4876 = DEFINITIONAL_REPRESENTATION('',(#4877),#4881);
#4877 = LINE('',#4878,#4879);
#4878 = CARTESIAN_POINT('',(4.3,10.5));
#4879 = VECTOR('',#4880,1.);
#4880 = DIRECTION('',(-0.,-1.));
#4881 = ( GEOMETRIC_REPRESENTATION_CONTEXT(2) 
PARAMETRIC_REPRESENTATION_CONTEXT() REPRESENTATION_CONTEXT('2D SPACE',''
  ) );
#4882 = PCURVE('',#2764,#4883);
#4883 = DEFINITIONAL_REPRESENTATION('',(#4884),#4888);
#4884 = LINE('',#4885,#4886);
#4885 = CARTESIAN_POINT('',(-66.4,-0.8));
#4886 = VECTOR('',#4887,1.);
#4887 = DIRECTION('',(1.,-1.224646799147E-16));
#4888 = ( GEOMETRIC_REPRESENTATION_CONTEXT(2) 
PARAMETRIC_REPRESENTATION_CONTEXT() REPRESENTATION_CONTEXT('2D SPACE',''
  ) );
#4889 = ADVANCED_FACE('',(#4890),#1089,.F.);
#4890 = FACE_BOUND('',#4891,.F.);
#4891 = EDGE_LOOP('',(#4892,#4915,#4946,#4947));
#4892 = ORIENTED_EDGE('',*,*,#4893,.T.);
#4893 = EDGE_CURVE('',#1069,#4894,#4896,.T.);
#4894 = VERTEX_POINT('',#4895);
#4895 = CARTESIAN_POINT('',(9.5,0.,50.6));
#4896 = SEAM_CURVE('',#4897,(#4901,#4908),.PCURVE_S1.);
#4897 = LINE('',#4898,#4899);
#4898 = CARTESIAN_POINT('',(9.5,0.,52.2));
#4899 = VECTOR('',#4900,1.);
#4900 = DIRECTION('',(-0.,-0.,-1.));
#4901 = PCURVE('',#1089,#4902);
#4902 = DEFINITIONAL_REPRESENTATION('',(#4903),#4907);
#4903 = LINE('',#4904,#4905);
#4904 = CARTESIAN_POINT('',(0.,0.));
#4905 = VECTOR('',#4906,1.);
#4906 = DIRECTION('',(0.,-1.));
#4907 = ( GEOMETRIC_REPRESENTATION_CONTEXT(2) 
PARAMETRIC_REPRESENTATION_CONTEXT() REPRESENTATION_CONTEXT('2D SPACE',''
  ) );
#4908 = PCURVE('',#1089,#4909);
#4909 = DEFINITIONAL_REPRESENTATION('',(#4910),#4914);
#4910 = LINE('',#4911,#4912);
#4911 = CARTESIAN_POINT('',(6.28318530718,0.));
#4912 = VECTOR('',#4913,1.);
#4913 = DIRECTION('',(0.,-1.));
#4914 = ( GEOMETRIC_REPRESENTATION_CONTEXT(2) 
PARAMETRIC_REPRESENTATION_CONTEXT() REPRESENTATION_CONTEXT('2D SPACE',''
  ) );
#4915 = ORIENTED_EDGE('',*,*,#4916,.T.);
#4916 = EDGE_CURVE('',#4894,#4894,#4917,.T.);
#4917 = SURFACE_CURVE('',#4918,(#4923,#4930),.PCURVE_S1.);
#4918 = CIRCLE('',#4919,9.5);
#4919 = AXIS2_PLACEMENT_3D('',#4920,#4921,#4922);
#4920 = CARTESIAN_POINT('',(0.,0.,50.6));
#4921 = DIRECTION('',(0.,0.,1.));
#4922 = DIRECTION('',(1.,-0.,-0.));
#4923 = PCURVE('',#1089,#4924);
#4924 = DEFINITIONAL_REPRESENTATION('',(#4925),#4929);
#4925 = LINE('',#4926,#4927);
#4926 = CARTESIAN_POINT('',(0.,-1.6));
#4927 = VECTOR('',#4928,1.);
#4928 = DIRECTION('',(1.,0.));
#4929 = ( GEOMETRIC_REPRESENTATION_CONTEXT(2) 
PARAMETRIC_REPRESENTATION_CONTEXT() REPRESENTATION_CONTEXT('2D SPACE',''
  ) );
#4930 = PCURVE('',#4931,#4936);
#4931 = PLANE('',#4932);
#4932 = AXIS2_PLACEMENT_3D('',#4933,#4934,#4935);
#4933 = CARTESIAN_POINT('',(-7.391568283997E-16,3.96519032486E-17,50.6)
  );
#4934 = DIRECTION('',(-0.,-0.,-1.));
#4935 = DIRECTION('',(-1.,0.,0.));
#4936 = DEFINITIONAL_REPRESENTATION('',(#4937),#4945);
#4937 = ( BOUNDED_CURVE() B_SPLINE_CURVE(2,(#4938,#4939,#4940,#4941,
#4942,#4943,#4944),.UNSPECIFIED.,.T.,.F.) B_SPLINE_CURVE_WITH_KNOTS((1,2
    ,2,2,2,1),(-2.094395102393,0.,2.094395102393,4.188790204786,
6.28318530718,8.377580409573),.UNSPECIFIED.) CURVE() 
GEOMETRIC_REPRESENTATION_ITEM() RATIONAL_B_SPLINE_CURVE((1.,0.5,1.,0.5,
1.,0.5,1.)) REPRESENTATION_ITEM('') );
#4938 = CARTESIAN_POINT('',(-9.5,-3.96519032486E-17));
#4939 = CARTESIAN_POINT('',(-9.5,16.454482671904));
#4940 = CARTESIAN_POINT('',(4.75,8.227241335952));
#4941 = CARTESIAN_POINT('',(19.,2.287177015131E-15));
#4942 = CARTESIAN_POINT('',(4.75,-8.227241335952));
#4943 = CARTESIAN_POINT('',(-9.5,-16.4544826719));
#4944 = CARTESIAN_POINT('',(-9.5,-3.96519032486E-17));
#4945 = ( GEOMETRIC_REPRESENTATION_CONTEXT(2) 
PARAMETRIC_REPRESENTATION_CONTEXT() REPRESENTATION_CONTEXT('2D SPACE',''
  ) );
#4946 = ORIENTED_EDGE('',*,*,#4893,.F.);
#4947 = ORIENTED_EDGE('',*,*,#1068,.F.);
#4948 = ADVANCED_FACE('',(#4949),#1145,.F.);
#4949 = FACE_BOUND('',#4950,.T.);
#4950 = EDGE_LOOP('',(#4951,#4974,#4975,#4976));
#4951 = ORIENTED_EDGE('',*,*,#4952,.T.);
#4952 = EDGE_CURVE('',#4953,#1130,#4955,.T.);
#4953 = VERTEX_POINT('',#4954);
#4954 = CARTESIAN_POINT('',(7.030209375311,-10.57667982588,43.6));
#4955 = SURFACE_CURVE('',#4956,(#4960,#4967),.PCURVE_S1.);
#4956 = LINE('',#4957,#4958);
#4957 = CARTESIAN_POINT('',(7.030209375311,-10.57667982588,52.7));
#4958 = VECTOR('',#4959,1.);
#4959 = DIRECTION('',(-0.,-0.,1.));
#4960 = PCURVE('',#1145,#4961);
#4961 = DEFINITIONAL_REPRESENTATION('',(#4962),#4966);
#4962 = LINE('',#4963,#4964);
#4963 = CARTESIAN_POINT('',(-4.8,-10.02522189543));
#4964 = VECTOR('',#4965,1.);
#4965 = DIRECTION('',(-1.,0.));
#4966 = ( GEOMETRIC_REPRESENTATION_CONTEXT(2) 
PARAMETRIC_REPRESENTATION_CONTEXT() REPRESENTATION_CONTEXT('2D SPACE',''
  ) );
#4967 = PCURVE('',#1174,#4968);
#4968 = DEFINITIONAL_REPRESENTATION('',(#4969),#4973);
#4969 = LINE('',#4970,#4971);
#4970 = CARTESIAN_POINT('',(5.299021615406,0.));
#4971 = VECTOR('',#4972,1.);
#4972 = DIRECTION('',(0.,1.));
#4973 = ( GEOMETRIC_REPRESENTATION_CONTEXT(2) 
PARAMETRIC_REPRESENTATION_CONTEXT() REPRESENTATION_CONTEXT('2D SPACE',''
  ) );
#4974 = ORIENTED_EDGE('',*,*,#1129,.T.);
#4975 = ORIENTED_EDGE('',*,*,#3199,.F.);
#4976 = ORIENTED_EDGE('',*,*,#4977,.T.);
#4977 = EDGE_CURVE('',#3200,#4953,#4978,.T.);
#4978 = SURFACE_CURVE('',#4979,(#4983,#4990),.PCURVE_S1.);
#4979 = LINE('',#4980,#4981);
#4980 = CARTESIAN_POINT('',(17.292820323028,-28.35204340564,43.6));
#4981 = VECTOR('',#4982,1.);
#4982 = DIRECTION('',(-0.5,0.866025403784,-0.));
#4983 = PCURVE('',#1145,#4984);
#4984 = DEFINITIONAL_REPRESENTATION('',(#4985),#4989);
#4985 = LINE('',#4986,#4987);
#4986 = CARTESIAN_POINT('',(4.3,10.5));
#4987 = VECTOR('',#4988,1.);
#4988 = DIRECTION('',(-0.,-1.));
#4989 = ( GEOMETRIC_REPRESENTATION_CONTEXT(2) 
PARAMETRIC_REPRESENTATION_CONTEXT() REPRESENTATION_CONTEXT('2D SPACE',''
  ) );
#4990 = PCURVE('',#2764,#4991);
#4991 = DEFINITIONAL_REPRESENTATION('',(#4992),#4996);
#4992 = LINE('',#4993,#4994);
#4993 = CARTESIAN_POINT('',(-15.90717967697,-28.35204340564));
#4994 = VECTOR('',#4995,1.);
#4995 = DIRECTION('',(-0.5,0.866025403784));
#4996 = ( GEOMETRIC_REPRESENTATION_CONTEXT(2) 
PARAMETRIC_REPRESENTATION_CONTEXT() REPRESENTATION_CONTEXT('2D SPACE',''
  ) );
#4997 = ADVANCED_FACE('',(#4998),#1174,.T.);
#4998 = FACE_BOUND('',#4999,.T.);
#4999 = EDGE_LOOP('',(#5000,#5023,#5024,#5025));
#5000 = ORIENTED_EDGE('',*,*,#5001,.T.);
#5001 = EDGE_CURVE('',#5002,#1158,#5004,.T.);
#5002 = VERTEX_POINT('',#5003);
#5003 = CARTESIAN_POINT('',(12.674778104566,-0.800000000001,43.6));
#5004 = SURFACE_CURVE('',#5005,(#5009,#5016),.PCURVE_S1.);
#5005 = LINE('',#5006,#5007);
#5006 = CARTESIAN_POINT('',(12.674778104567,-0.8,52.7));
#5007 = VECTOR('',#5008,1.);
#5008 = DIRECTION('',(-0.,-0.,1.));
#5009 = PCURVE('',#1174,#5010);
#5010 = DEFINITIONAL_REPRESENTATION('',(#5011),#5015);
#5011 = LINE('',#5012,#5013);
#5012 = CARTESIAN_POINT('',(6.220151447757,0.));
#5013 = VECTOR('',#5014,1.);
#5014 = DIRECTION('',(0.,1.));
#5015 = ( GEOMETRIC_REPRESENTATION_CONTEXT(2) 
PARAMETRIC_REPRESENTATION_CONTEXT() REPRESENTATION_CONTEXT('2D SPACE',''
  ) );
#5016 = PCURVE('',#1200,#5017);
#5017 = DEFINITIONAL_REPRESENTATION('',(#5018),#5022);
#5018 = LINE('',#5019,#5020);
#5019 = CARTESIAN_POINT('',(-4.8,-10.02522189543));
#5020 = VECTOR('',#5021,1.);
#5021 = DIRECTION('',(-1.,0.));
#5022 = ( GEOMETRIC_REPRESENTATION_CONTEXT(2) 
PARAMETRIC_REPRESENTATION_CONTEXT() REPRESENTATION_CONTEXT('2D SPACE',''
  ) );
#5023 = ORIENTED_EDGE('',*,*,#1157,.T.);
#5024 = ORIENTED_EDGE('',*,*,#4952,.F.);
#5025 = ORIENTED_EDGE('',*,*,#5026,.T.);
#5026 = EDGE_CURVE('',#4953,#5002,#5027,.T.);
#5027 = SURFACE_CURVE('',#5028,(#5033,#5040),.PCURVE_S1.);
#5028 = CIRCLE('',#5029,12.7);
#5029 = AXIS2_PLACEMENT_3D('',#5030,#5031,#5032);
#5030 = CARTESIAN_POINT('',(0.,0.,43.6));
#5031 = DIRECTION('',(0.,0.,1.));
#5032 = DIRECTION('',(1.,-0.,-0.));
#5033 = PCURVE('',#1174,#5034);
#5034 = DEFINITIONAL_REPRESENTATION('',(#5035),#5039);
#5035 = LINE('',#5036,#5037);
#5036 = CARTESIAN_POINT('',(0.,-9.1));
#5037 = VECTOR('',#5038,1.);
#5038 = DIRECTION('',(1.,0.));
#5039 = ( GEOMETRIC_REPRESENTATION_CONTEXT(2) 
PARAMETRIC_REPRESENTATION_CONTEXT() REPRESENTATION_CONTEXT('2D SPACE',''
  ) );
#5040 = PCURVE('',#2764,#5041);
#5041 = DEFINITIONAL_REPRESENTATION('',(#5042),#5046);
#5042 = CIRCLE('',#5043,12.7);
#5043 = AXIS2_PLACEMENT_2D('',#5044,#5045);
#5044 = CARTESIAN_POINT('',(-33.2,0.));
#5045 = DIRECTION('',(1.,-0.));
#5046 = ( GEOMETRIC_REPRESENTATION_CONTEXT(2) 
PARAMETRIC_REPRESENTATION_CONTEXT() REPRESENTATION_CONTEXT('2D SPACE',''
  ) );
#5047 = ADVANCED_FACE('',(#5048),#1200,.T.);
#5048 = FACE_BOUND('',#5049,.F.);
#5049 = EDGE_LOOP('',(#5050,#5051,#5052,#5053));
#5050 = ORIENTED_EDGE('',*,*,#5001,.T.);
#5051 = ORIENTED_EDGE('',*,*,#1186,.T.);
#5052 = ORIENTED_EDGE('',*,*,#3177,.F.);
#5053 = ORIENTED_EDGE('',*,*,#5054,.T.);
#5054 = EDGE_CURVE('',#3150,#5002,#5055,.T.);
#5055 = SURFACE_CURVE('',#5056,(#5060,#5067),.PCURVE_S1.);
#5056 = LINE('',#5057,#5058);
#5057 = CARTESIAN_POINT('',(33.2,-0.8,43.6));
#5058 = VECTOR('',#5059,1.);
#5059 = DIRECTION('',(-1.,-0.,-0.));
#5060 = PCURVE('',#1200,#5061);
#5061 = DEFINITIONAL_REPRESENTATION('',(#5062),#5066);
#5062 = LINE('',#5063,#5064);
#5063 = CARTESIAN_POINT('',(4.3,10.5));
#5064 = VECTOR('',#5065,1.);
#5065 = DIRECTION('',(-0.,-1.));
#5066 = ( GEOMETRIC_REPRESENTATION_CONTEXT(2) 
PARAMETRIC_REPRESENTATION_CONTEXT() REPRESENTATION_CONTEXT('2D SPACE',''
  ) );
#5067 = PCURVE('',#2764,#5068);
#5068 = DEFINITIONAL_REPRESENTATION('',(#5069),#5073);
#5069 = LINE('',#5070,#5071);
#5070 = CARTESIAN_POINT('',(-0.,-0.8));
#5071 = VECTOR('',#5072,1.);
#5072 = DIRECTION('',(-1.,0.));
#5073 = ( GEOMETRIC_REPRESENTATION_CONTEXT(2) 
PARAMETRIC_REPRESENTATION_CONTEXT() REPRESENTATION_CONTEXT('2D SPACE',''
  ) );
#5074 = ADVANCED_FACE('',(#5075),#1233,.T.);
#5075 = FACE_BOUND('',#5076,.T.);
#5076 = EDGE_LOOP('',(#5077,#5078,#5101,#5125));
#5077 = ORIENTED_EDGE('',*,*,#1214,.T.);
#5078 = ORIENTED_EDGE('',*,*,#5079,.F.);
#5079 = EDGE_CURVE('',#5080,#1217,#5082,.T.);
#5080 = VERTEX_POINT('',#5081);
#5081 = CARTESIAN_POINT('',(-7.030209375311,10.576679825885,43.6));
#5082 = SURFACE_CURVE('',#5083,(#5087,#5094),.PCURVE_S1.);
#5083 = LINE('',#5084,#5085);
#5084 = CARTESIAN_POINT('',(-7.030209375311,10.576679825885,52.7));
#5085 = VECTOR('',#5086,1.);
#5086 = DIRECTION('',(-0.,-0.,1.));
#5087 = PCURVE('',#1233,#5088);
#5088 = DEFINITIONAL_REPRESENTATION('',(#5089),#5093);
#5089 = LINE('',#5090,#5091);
#5090 = CARTESIAN_POINT('',(2.157428961816,0.));
#5091 = VECTOR('',#5092,1.);
#5092 = DIRECTION('',(0.,1.));
#5093 = ( GEOMETRIC_REPRESENTATION_CONTEXT(2) 
PARAMETRIC_REPRESENTATION_CONTEXT() REPRESENTATION_CONTEXT('2D SPACE',''
  ) );
#5094 = PCURVE('',#1311,#5095);
#5095 = DEFINITIONAL_REPRESENTATION('',(#5096),#5100);
#5096 = LINE('',#5097,#5098);
#5097 = CARTESIAN_POINT('',(-4.8,-10.02522189543));
#5098 = VECTOR('',#5099,1.);
#5099 = DIRECTION('',(-1.,0.));
#5100 = ( GEOMETRIC_REPRESENTATION_CONTEXT(2) 
PARAMETRIC_REPRESENTATION_CONTEXT() REPRESENTATION_CONTEXT('2D SPACE',''
  ) );
#5101 = ORIENTED_EDGE('',*,*,#5102,.T.);
#5102 = EDGE_CURVE('',#5080,#5103,#5105,.T.);
#5103 = VERTEX_POINT('',#5104);
#5104 = CARTESIAN_POINT('',(-12.67477810456,0.8,43.6));
#5105 = SURFACE_CURVE('',#5106,(#5111,#5118),.PCURVE_S1.);
#5106 = CIRCLE('',#5107,12.7);
#5107 = AXIS2_PLACEMENT_3D('',#5108,#5109,#5110);
#5108 = CARTESIAN_POINT('',(0.,0.,43.6));
#5109 = DIRECTION('',(0.,0.,1.));
#5110 = DIRECTION('',(1.,-0.,-0.));
#5111 = PCURVE('',#1233,#5112);
#5112 = DEFINITIONAL_REPRESENTATION('',(#5113),#5117);
#5113 = LINE('',#5114,#5115);
#5114 = CARTESIAN_POINT('',(0.,-9.1));
#5115 = VECTOR('',#5116,1.);
#5116 = DIRECTION('',(1.,0.));
#5117 = ( GEOMETRIC_REPRESENTATION_CONTEXT(2) 
PARAMETRIC_REPRESENTATION_CONTEXT() REPRESENTATION_CONTEXT('2D SPACE',''
  ) );
#5118 = PCURVE('',#2764,#5119);
#5119 = DEFINITIONAL_REPRESENTATION('',(#5120),#5124);
#5120 = CIRCLE('',#5121,12.7);
#5121 = AXIS2_PLACEMENT_2D('',#5122,#5123);
#5122 = CARTESIAN_POINT('',(-33.2,0.));
#5123 = DIRECTION('',(1.,-0.));
#5124 = ( GEOMETRIC_REPRESENTATION_CONTEXT(2) 
PARAMETRIC_REPRESENTATION_CONTEXT() REPRESENTATION_CONTEXT('2D SPACE',''
  ) );
#5125 = ORIENTED_EDGE('',*,*,#5126,.T.);
#5126 = EDGE_CURVE('',#5103,#1215,#5127,.T.);
#5127 = SURFACE_CURVE('',#5128,(#5132,#5139),.PCURVE_S1.);
#5128 = LINE('',#5129,#5130);
#5129 = CARTESIAN_POINT('',(-12.67477810456,0.8,52.7));
#5130 = VECTOR('',#5131,1.);
#5131 = DIRECTION('',(-0.,-0.,1.));
#5132 = PCURVE('',#1233,#5133);
#5133 = DEFINITIONAL_REPRESENTATION('',(#5134),#5138);
#5134 = LINE('',#5135,#5136);
#5135 = CARTESIAN_POINT('',(3.078558794167,0.));
#5136 = VECTOR('',#5137,1.);
#5137 = DIRECTION('',(0.,1.));
#5138 = ( GEOMETRIC_REPRESENTATION_CONTEXT(2) 
PARAMETRIC_REPRESENTATION_CONTEXT() REPRESENTATION_CONTEXT('2D SPACE',''
  ) );
#5139 = PCURVE('',#1261,#5140);
#5140 = DEFINITIONAL_REPRESENTATION('',(#5141),#5145);
#5141 = LINE('',#5142,#5143);
#5142 = CARTESIAN_POINT('',(-4.8,-10.02522189543));
#5143 = VECTOR('',#5144,1.);
#5144 = DIRECTION('',(-1.,0.));
#5145 = ( GEOMETRIC_REPRESENTATION_CONTEXT(2) 
PARAMETRIC_REPRESENTATION_CONTEXT() REPRESENTATION_CONTEXT('2D SPACE',''
  ) );
#5146 = ADVANCED_FACE('',(#5147),#1261,.T.);
#5147 = FACE_BOUND('',#5148,.F.);
#5148 = EDGE_LOOP('',(#5149,#5150,#5151,#5152));
#5149 = ORIENTED_EDGE('',*,*,#5126,.T.);
#5150 = ORIENTED_EDGE('',*,*,#1245,.T.);
#5151 = ORIENTED_EDGE('',*,*,#3396,.F.);
#5152 = ORIENTED_EDGE('',*,*,#5153,.T.);
#5153 = EDGE_CURVE('',#3369,#5103,#5154,.T.);
#5154 = SURFACE_CURVE('',#5155,(#5159,#5166),.PCURVE_S1.);
#5155 = LINE('',#5156,#5157);
#5156 = CARTESIAN_POINT('',(-33.2,0.8,43.6));
#5157 = VECTOR('',#5158,1.);
#5158 = DIRECTION('',(1.,-1.224646799147E-16,-0.));
#5159 = PCURVE('',#1261,#5160);
#5160 = DEFINITIONAL_REPRESENTATION('',(#5161),#5165);
#5161 = LINE('',#5162,#5163);
#5162 = CARTESIAN_POINT('',(4.3,10.5));
#5163 = VECTOR('',#5164,1.);
#5164 = DIRECTION('',(-0.,-1.));
#5165 = ( GEOMETRIC_REPRESENTATION_CONTEXT(2) 
PARAMETRIC_REPRESENTATION_CONTEXT() REPRESENTATION_CONTEXT('2D SPACE',''
  ) );
#5166 = PCURVE('',#2764,#5167);
#5167 = DEFINITIONAL_REPRESENTATION('',(#5168),#5172);
#5168 = LINE('',#5169,#5170);
#5169 = CARTESIAN_POINT('',(-66.4,0.8));
#5170 = VECTOR('',#5171,1.);
#5171 = DIRECTION('',(1.,-1.224646799147E-16));
#5172 = ( GEOMETRIC_REPRESENTATION_CONTEXT(2) 
PARAMETRIC_REPRESENTATION_CONTEXT() REPRESENTATION_CONTEXT('2D SPACE',''
  ) );
#5173 = ADVANCED_FACE('',(#5174),#1311,.F.);
#5174 = FACE_BOUND('',#5175,.T.);
#5175 = EDGE_LOOP('',(#5176,#5177,#5178,#5179));
#5176 = ORIENTED_EDGE('',*,*,#5079,.T.);
#5177 = ORIENTED_EDGE('',*,*,#1297,.T.);
#5178 = ORIENTED_EDGE('',*,*,#3418,.F.);
#5179 = ORIENTED_EDGE('',*,*,#5180,.T.);
#5180 = EDGE_CURVE('',#3419,#5080,#5181,.T.);
#5181 = SURFACE_CURVE('',#5182,(#5186,#5193),.PCURVE_S1.);
#5182 = LINE('',#5183,#5184);
#5183 = CARTESIAN_POINT('',(-17.29282032302,28.352043405643,43.6));
#5184 = VECTOR('',#5185,1.);
#5185 = DIRECTION('',(0.5,-0.866025403784,-0.));
#5186 = PCURVE('',#1311,#5187);
#5187 = DEFINITIONAL_REPRESENTATION('',(#5188),#5192);
#5188 = LINE('',#5189,#5190);
#5189 = CARTESIAN_POINT('',(4.3,10.5));
#5190 = VECTOR('',#5191,1.);
#5191 = DIRECTION('',(-0.,-1.));
#5192 = ( GEOMETRIC_REPRESENTATION_CONTEXT(2) 
PARAMETRIC_REPRESENTATION_CONTEXT() REPRESENTATION_CONTEXT('2D SPACE',''
  ) );
#5193 = PCURVE('',#2764,#5194);
#5194 = DEFINITIONAL_REPRESENTATION('',(#5195),#5199);
#5195 = LINE('',#5196,#5197);
#5196 = CARTESIAN_POINT('',(-50.49282032302,28.352043405643));
#5197 = VECTOR('',#5198,1.);
#5198 = DIRECTION('',(0.5,-0.866025403784));
#5199 = ( GEOMETRIC_REPRESENTATION_CONTEXT(2) 
PARAMETRIC_REPRESENTATION_CONTEXT() REPRESENTATION_CONTEXT('2D SPACE',''
  ) );
#5200 = ADVANCED_FACE('',(#5201),#1344,.T.);
#5201 = FACE_BOUND('',#5202,.T.);
#5202 = EDGE_LOOP('',(#5203,#5204,#5227,#5251));
#5203 = ORIENTED_EDGE('',*,*,#1325,.T.);
#5204 = ORIENTED_EDGE('',*,*,#5205,.F.);
#5205 = EDGE_CURVE('',#5206,#1328,#5208,.T.);
#5206 = VERTEX_POINT('',#5207);
#5207 = CARTESIAN_POINT('',(5.644568729255,11.376679825886,43.6));
#5208 = SURFACE_CURVE('',#5209,(#5213,#5220),.PCURVE_S1.);
#5209 = LINE('',#5210,#5211);
#5210 = CARTESIAN_POINT('',(5.644568729256,11.376679825885,52.7));
#5211 = VECTOR('',#5212,1.);
#5212 = DIRECTION('',(-0.,-0.,1.));
#5213 = PCURVE('',#1344,#5214);
#5214 = DEFINITIONAL_REPRESENTATION('',(#5215),#5219);
#5215 = LINE('',#5216,#5217);
#5216 = CARTESIAN_POINT('',(1.110231410619,0.));
#5217 = VECTOR('',#5218,1.);
#5218 = DIRECTION('',(0.,1.));
#5219 = ( GEOMETRIC_REPRESENTATION_CONTEXT(2) 
PARAMETRIC_REPRESENTATION_CONTEXT() REPRESENTATION_CONTEXT('2D SPACE',''
  ) );
#5220 = PCURVE('',#1422,#5221);
#5221 = DEFINITIONAL_REPRESENTATION('',(#5222),#5226);
#5222 = LINE('',#5223,#5224);
#5223 = CARTESIAN_POINT('',(-4.8,-10.02522189543));
#5224 = VECTOR('',#5225,1.);
#5225 = DIRECTION('',(-1.,0.));
#5226 = ( GEOMETRIC_REPRESENTATION_CONTEXT(2) 
PARAMETRIC_REPRESENTATION_CONTEXT() REPRESENTATION_CONTEXT('2D SPACE',''
  ) );
#5227 = ORIENTED_EDGE('',*,*,#5228,.T.);
#5228 = EDGE_CURVE('',#5206,#5229,#5231,.T.);
#5229 = VERTEX_POINT('',#5230);
#5230 = CARTESIAN_POINT('',(-5.644568729255,11.376679825886,43.6));
#5231 = SURFACE_CURVE('',#5232,(#5237,#5244),.PCURVE_S1.);
#5232 = CIRCLE('',#5233,12.7);
#5233 = AXIS2_PLACEMENT_3D('',#5234,#5235,#5236);
#5234 = CARTESIAN_POINT('',(0.,0.,43.6));
#5235 = DIRECTION('',(0.,0.,1.));
#5236 = DIRECTION('',(1.,-0.,-0.));
#5237 = PCURVE('',#1344,#5238);
#5238 = DEFINITIONAL_REPRESENTATION('',(#5239),#5243);
#5239 = LINE('',#5240,#5241);
#5240 = CARTESIAN_POINT('',(0.,-9.1));
#5241 = VECTOR('',#5242,1.);
#5242 = DIRECTION('',(1.,0.));
#5243 = ( GEOMETRIC_REPRESENTATION_CONTEXT(2) 
PARAMETRIC_REPRESENTATION_CONTEXT() REPRESENTATION_CONTEXT('2D SPACE',''
  ) );
#5244 = PCURVE('',#2764,#5245);
#5245 = DEFINITIONAL_REPRESENTATION('',(#5246),#5250);
#5246 = CIRCLE('',#5247,12.7);
#5247 = AXIS2_PLACEMENT_2D('',#5248,#5249);
#5248 = CARTESIAN_POINT('',(-33.2,0.));
#5249 = DIRECTION('',(1.,-0.));
#5250 = ( GEOMETRIC_REPRESENTATION_CONTEXT(2) 
PARAMETRIC_REPRESENTATION_CONTEXT() REPRESENTATION_CONTEXT('2D SPACE',''
  ) );
#5251 = ORIENTED_EDGE('',*,*,#5252,.T.);
#5252 = EDGE_CURVE('',#5229,#1326,#5253,.T.);
#5253 = SURFACE_CURVE('',#5254,(#5258,#5265),.PCURVE_S1.);
#5254 = LINE('',#5255,#5256);
#5255 = CARTESIAN_POINT('',(-5.644568729256,11.376679825885,52.7));
#5256 = VECTOR('',#5257,1.);
#5257 = DIRECTION('',(-0.,-0.,1.));
#5258 = PCURVE('',#1344,#5259);
#5259 = DEFINITIONAL_REPRESENTATION('',(#5260),#5264);
#5260 = LINE('',#5261,#5262);
#5261 = CARTESIAN_POINT('',(2.031361242971,0.));
#5262 = VECTOR('',#5263,1.);
#5263 = DIRECTION('',(0.,1.));
#5264 = ( GEOMETRIC_REPRESENTATION_CONTEXT(2) 
PARAMETRIC_REPRESENTATION_CONTEXT() REPRESENTATION_CONTEXT('2D SPACE',''
  ) );
#5265 = PCURVE('',#1372,#5266);
#5266 = DEFINITIONAL_REPRESENTATION('',(#5267),#5271);
#5267 = LINE('',#5268,#5269);
#5268 = CARTESIAN_POINT('',(-4.8,-10.02522189543));
#5269 = VECTOR('',#5270,1.);
#5270 = DIRECTION('',(-1.,0.));
#5271 = ( GEOMETRIC_REPRESENTATION_CONTEXT(2) 
PARAMETRIC_REPRESENTATION_CONTEXT() REPRESENTATION_CONTEXT('2D SPACE',''
  ) );
#5272 = ADVANCED_FACE('',(#5273),#1372,.T.);
#5273 = FACE_BOUND('',#5274,.F.);
#5274 = EDGE_LOOP('',(#5275,#5276,#5277,#5278));
#5275 = ORIENTED_EDGE('',*,*,#5252,.T.);
#5276 = ORIENTED_EDGE('',*,*,#1356,.T.);
#5277 = ORIENTED_EDGE('',*,*,#3469,.F.);
#5278 = ORIENTED_EDGE('',*,*,#5279,.T.);
#5279 = EDGE_CURVE('',#3442,#5229,#5280,.T.);
#5280 = SURFACE_CURVE('',#5281,(#5285,#5292),.PCURVE_S1.);
#5281 = LINE('',#5282,#5283);
#5282 = CARTESIAN_POINT('',(-15.90717967697,29.152043405643,43.6));
#5283 = VECTOR('',#5284,1.);
#5284 = DIRECTION('',(0.5,-0.866025403784,-0.));
#5285 = PCURVE('',#1372,#5286);
#5286 = DEFINITIONAL_REPRESENTATION('',(#5287),#5291);
#5287 = LINE('',#5288,#5289);
#5288 = CARTESIAN_POINT('',(4.3,10.5));
#5289 = VECTOR('',#5290,1.);
#5290 = DIRECTION('',(-0.,-1.));
#5291 = ( GEOMETRIC_REPRESENTATION_CONTEXT(2) 
PARAMETRIC_REPRESENTATION_CONTEXT() REPRESENTATION_CONTEXT('2D SPACE',''
  ) );
#5292 = PCURVE('',#2764,#5293);
#5293 = DEFINITIONAL_REPRESENTATION('',(#5294),#5298);
#5294 = LINE('',#5295,#5296);
#5295 = CARTESIAN_POINT('',(-49.10717967697,29.152043405643));
#5296 = VECTOR('',#5297,1.);
#5297 = DIRECTION('',(0.5,-0.866025403784));
#5298 = ( GEOMETRIC_REPRESENTATION_CONTEXT(2) 
PARAMETRIC_REPRESENTATION_CONTEXT() REPRESENTATION_CONTEXT('2D SPACE',''
  ) );
#5299 = ADVANCED_FACE('',(#5300),#1422,.F.);
#5300 = FACE_BOUND('',#5301,.T.);
#5301 = EDGE_LOOP('',(#5302,#5303,#5304,#5305));
#5302 = ORIENTED_EDGE('',*,*,#5205,.T.);
#5303 = ORIENTED_EDGE('',*,*,#1408,.T.);
#5304 = ORIENTED_EDGE('',*,*,#3491,.F.);
#5305 = ORIENTED_EDGE('',*,*,#5306,.T.);
#5306 = EDGE_CURVE('',#3492,#5206,#5307,.T.);
#5307 = SURFACE_CURVE('',#5308,(#5312,#5319),.PCURVE_S1.);
#5308 = LINE('',#5309,#5310);
#5309 = CARTESIAN_POINT('',(15.907179676972,29.152043405643,43.6));
#5310 = VECTOR('',#5311,1.);
#5311 = DIRECTION('',(-0.5,-0.866025403784,-0.));
#5312 = PCURVE('',#1422,#5313);
#5313 = DEFINITIONAL_REPRESENTATION('',(#5314),#5318);
#5314 = LINE('',#5315,#5316);
#5315 = CARTESIAN_POINT('',(4.3,10.5));
#5316 = VECTOR('',#5317,1.);
#5317 = DIRECTION('',(-0.,-1.));
#5318 = ( GEOMETRIC_REPRESENTATION_CONTEXT(2) 
PARAMETRIC_REPRESENTATION_CONTEXT() REPRESENTATION_CONTEXT('2D SPACE',''
  ) );
#5319 = PCURVE('',#2764,#5320);
#5320 = DEFINITIONAL_REPRESENTATION('',(#5321),#5325);
#5321 = LINE('',#5322,#5323);
#5322 = CARTESIAN_POINT('',(-17.29282032302,29.152043405643));
#5323 = VECTOR('',#5324,1.);
#5324 = DIRECTION('',(-0.5,-0.866025403784));
#5325 = ( GEOMETRIC_REPRESENTATION_CONTEXT(2) 
PARAMETRIC_REPRESENTATION_CONTEXT() REPRESENTATION_CONTEXT('2D SPACE',''
  ) );
#5326 = ADVANCED_FACE('',(#5327),#1499,.T.);
#5327 = FACE_BOUND('',#5328,.T.);
#5328 = EDGE_LOOP('',(#5329,#5349,#5376,#5377,#5378,#5379,#5380,#5381,
    #5382,#5383,#5384,#5385,#5386,#5387,#5388,#5389,#5390,#5391,#5392,
    #5393,#5394,#5395,#5396,#5397,#5398,#5399,#5400,#5401));
#5329 = ORIENTED_EDGE('',*,*,#5330,.F.);
#5330 = EDGE_CURVE('',#5331,#2669,#5333,.T.);
#5331 = VERTEX_POINT('',#5332);
#5332 = CARTESIAN_POINT('',(34.95,0.,21.1));
#5333 = SEAM_CURVE('',#5334,(#5337,#5343),.PCURVE_S1.);
#5334 = B_SPLINE_CURVE_WITH_KNOTS('',1,(#5335,#5336),.UNSPECIFIED.,.F.,
  .F.,(2,2),(0.,1.),.PIECEWISE_BEZIER_KNOTS.);
#5335 = CARTESIAN_POINT('',(34.95,0.,21.1));
#5336 = CARTESIAN_POINT('',(33.2,0.,22.85));
#5337 = PCURVE('',#1499,#5338);
#5338 = DEFINITIONAL_REPRESENTATION('',(#5339),#5342);
#5339 = B_SPLINE_CURVE_WITH_KNOTS('',1,(#5340,#5341),.UNSPECIFIED.,.F.,
  .F.,(2,2),(0.,1.),.PIECEWISE_BEZIER_KNOTS.);
#5340 = CARTESIAN_POINT('',(0.,0.));
#5341 = CARTESIAN_POINT('',(0.,-1.75));
#5342 = ( GEOMETRIC_REPRESENTATION_CONTEXT(2) 
PARAMETRIC_REPRESENTATION_CONTEXT() REPRESENTATION_CONTEXT('2D SPACE',''
  ) );
#5343 = PCURVE('',#1499,#5344);
#5344 = DEFINITIONAL_REPRESENTATION('',(#5345),#5348);
#5345 = B_SPLINE_CURVE_WITH_KNOTS('',1,(#5346,#5347),.UNSPECIFIED.,.F.,
  .F.,(2,2),(0.,1.),.PIECEWISE_BEZIER_KNOTS.);
#5346 = CARTESIAN_POINT('',(-6.28318530718,0.));
#5347 = CARTESIAN_POINT('',(-6.28318530718,-1.75));
#5348 = ( GEOMETRIC_REPRESENTATION_CONTEXT(2) 
PARAMETRIC_REPRESENTATION_CONTEXT() REPRESENTATION_CONTEXT('2D SPACE',''
  ) );
#5349 = ORIENTED_EDGE('',*,*,#5350,.T.);
#5350 = EDGE_CURVE('',#5331,#5331,#5351,.T.);
#5351 = SURFACE_CURVE('',#5352,(#5357,#5364),.PCURVE_S1.);
#5352 = CIRCLE('',#5353,34.95);
#5353 = AXIS2_PLACEMENT_3D('',#5354,#5355,#5356);
#5354 = CARTESIAN_POINT('',(0.,0.,21.1));
#5355 = DIRECTION('',(0.,0.,1.));
#5356 = DIRECTION('',(1.,0.,0.));
#5357 = PCURVE('',#1499,#5358);
#5358 = DEFINITIONAL_REPRESENTATION('',(#5359),#5363);
#5359 = LINE('',#5360,#5361);
#5360 = CARTESIAN_POINT('',(-0.,-0.));
#5361 = VECTOR('',#5362,1.);
#5362 = DIRECTION('',(-1.,-0.));
#5363 = ( GEOMETRIC_REPRESENTATION_CONTEXT(2) 
PARAMETRIC_REPRESENTATION_CONTEXT() REPRESENTATION_CONTEXT('2D SPACE',''
  ) );
#5364 = PCURVE('',#5365,#5370);
#5365 = PLANE('',#5366);
#5366 = AXIS2_PLACEMENT_3D('',#5367,#5368,#5369);
#5367 = CARTESIAN_POINT('',(0.,0.,21.1));
#5368 = DIRECTION('',(0.,0.,1.));
#5369 = DIRECTION('',(1.,0.,0.));
#5370 = DEFINITIONAL_REPRESENTATION('',(#5371),#5375);
#5371 = CIRCLE('',#5372,34.95);
#5372 = AXIS2_PLACEMENT_2D('',#5373,#5374);
#5373 = CARTESIAN_POINT('',(0.,0.));
#5374 = DIRECTION('',(1.,0.));
#5375 = ( GEOMETRIC_REPRESENTATION_CONTEXT(2) 
PARAMETRIC_REPRESENTATION_CONTEXT() REPRESENTATION_CONTEXT('2D SPACE',''
  ) );
#5376 = ORIENTED_EDGE('',*,*,#5330,.T.);
#5377 = ORIENTED_EDGE('',*,*,#2695,.T.);
#5378 = ORIENTED_EDGE('',*,*,#2636,.T.);
#5379 = ORIENTED_EDGE('',*,*,#2562,.F.);
#5380 = ORIENTED_EDGE('',*,*,#2533,.T.);
#5381 = ORIENTED_EDGE('',*,*,#2481,.T.);
#5382 = ORIENTED_EDGE('',*,*,#2428,.T.);
#5383 = ORIENTED_EDGE('',*,*,#2354,.F.);
#5384 = ORIENTED_EDGE('',*,*,#2324,.T.);
#5385 = ORIENTED_EDGE('',*,*,#2272,.T.);
#5386 = ORIENTED_EDGE('',*,*,#2219,.T.);
#5387 = ORIENTED_EDGE('',*,*,#2145,.F.);
#5388 = ORIENTED_EDGE('',*,*,#2115,.T.);
#5389 = ORIENTED_EDGE('',*,*,#2063,.T.);
#5390 = ORIENTED_EDGE('',*,*,#2010,.T.);
#5391 = ORIENTED_EDGE('',*,*,#1936,.F.);
#5392 = ORIENTED_EDGE('',*,*,#1906,.T.);
#5393 = ORIENTED_EDGE('',*,*,#1854,.T.);
#5394 = ORIENTED_EDGE('',*,*,#1801,.T.);
#5395 = ORIENTED_EDGE('',*,*,#1727,.F.);
#5396 = ORIENTED_EDGE('',*,*,#1697,.T.);
#5397 = ORIENTED_EDGE('',*,*,#1645,.T.);
#5398 = ORIENTED_EDGE('',*,*,#1592,.T.);
#5399 = ORIENTED_EDGE('',*,*,#1519,.F.);
#5400 = ORIENTED_EDGE('',*,*,#1484,.F.);
#5401 = ORIENTED_EDGE('',*,*,#2668,.T.);
#5402 = ADVANCED_FACE('',(#5403,#5430),#2764,.F.);
#5403 = FACE_BOUND('',#5404,.T.);
#5404 = EDGE_LOOP('',(#5405,#5406,#5407,#5408,#5409,#5410,#5411,#5412,
    #5413,#5414,#5415,#5416,#5417,#5418,#5419,#5420,#5421,#5422,#5423,
    #5424,#5425,#5426,#5427,#5428,#5429));
#5405 = ORIENTED_EDGE('',*,*,#5054,.T.);
#5406 = ORIENTED_EDGE('',*,*,#5026,.F.);
#5407 = ORIENTED_EDGE('',*,*,#4977,.F.);
#5408 = ORIENTED_EDGE('',*,*,#3222,.T.);
#5409 = ORIENTED_EDGE('',*,*,#4743,.T.);
#5410 = ORIENTED_EDGE('',*,*,#4715,.F.);
#5411 = ORIENTED_EDGE('',*,*,#4666,.F.);
#5412 = ORIENTED_EDGE('',*,*,#3295,.T.);
#5413 = ORIENTED_EDGE('',*,*,#4842,.T.);
#5414 = ORIENTED_EDGE('',*,*,#4814,.F.);
#5415 = ORIENTED_EDGE('',*,*,#4869,.F.);
#5416 = ORIENTED_EDGE('',*,*,#3368,.T.);
#5417 = ORIENTED_EDGE('',*,*,#5153,.T.);
#5418 = ORIENTED_EDGE('',*,*,#5102,.F.);
#5419 = ORIENTED_EDGE('',*,*,#5180,.F.);
#5420 = ORIENTED_EDGE('',*,*,#3441,.T.);
#5421 = ORIENTED_EDGE('',*,*,#5279,.T.);
#5422 = ORIENTED_EDGE('',*,*,#5228,.F.);
#5423 = ORIENTED_EDGE('',*,*,#5306,.F.);
#5424 = ORIENTED_EDGE('',*,*,#3514,.T.);
#5425 = ORIENTED_EDGE('',*,*,#2825,.T.);
#5426 = ORIENTED_EDGE('',*,*,#2747,.F.);
#5427 = ORIENTED_EDGE('',*,*,#4617,.F.);
#5428 = ORIENTED_EDGE('',*,*,#2872,.T.);
#5429 = ORIENTED_EDGE('',*,*,#3149,.T.);
#5430 = FACE_BOUND('',#5431,.T.);
#5431 = EDGE_LOOP('',(#5432));
#5432 = ORIENTED_EDGE('',*,*,#5433,.T.);
#5433 = EDGE_CURVE('',#5434,#5434,#5436,.T.);
#5434 = VERTEX_POINT('',#5435);
#5435 = CARTESIAN_POINT('',(11.1,0.,43.6));
#5436 = SURFACE_CURVE('',#5437,(#5442,#5449),.PCURVE_S1.);
#5437 = CIRCLE('',#5438,11.1);
#5438 = AXIS2_PLACEMENT_3D('',#5439,#5440,#5441);
#5439 = CARTESIAN_POINT('',(0.,0.,43.6));
#5440 = DIRECTION('',(0.,0.,1.));
#5441 = DIRECTION('',(1.,-0.,-0.));
#5442 = PCURVE('',#2764,#5443);
#5443 = DEFINITIONAL_REPRESENTATION('',(#5444),#5448);
#5444 = CIRCLE('',#5445,11.1);
#5445 = AXIS2_PLACEMENT_2D('',#5446,#5447);
#5446 = CARTESIAN_POINT('',(-33.2,0.));
#5447 = DIRECTION('',(1.,-0.));
#5448 = ( GEOMETRIC_REPRESENTATION_CONTEXT(2) 
PARAMETRIC_REPRESENTATION_CONTEXT() REPRESENTATION_CONTEXT('2D SPACE',''
  ) );
#5449 = PCURVE('',#5450,#5455);
#5450 = CYLINDRICAL_SURFACE('',#5451,11.1);
#5451 = AXIS2_PLACEMENT_3D('',#5452,#5453,#5454);
#5452 = CARTESIAN_POINT('',(0.,0.,50.6));
#5453 = DIRECTION('',(-0.,-0.,1.));
#5454 = DIRECTION('',(1.,-0.,-0.));
#5455 = DEFINITIONAL_REPRESENTATION('',(#5456),#5460);
#5456 = LINE('',#5457,#5458);
#5457 = CARTESIAN_POINT('',(0.,-7.));
#5458 = VECTOR('',#5459,1.);
#5459 = DIRECTION('',(1.,0.));
#5460 = ( GEOMETRIC_REPRESENTATION_CONTEXT(2) 
PARAMETRIC_REPRESENTATION_CONTEXT() REPRESENTATION_CONTEXT('2D SPACE',''
  ) );
#5461 = ADVANCED_FACE('',(#5462),#2943,.T.);
#5462 = FACE_BOUND('',#5463,.F.);
#5463 = EDGE_LOOP('',(#5464,#5465,#5488,#5516,#5537));
#5464 = ORIENTED_EDGE('',*,*,#3119,.T.);
#5465 = ORIENTED_EDGE('',*,*,#5466,.T.);
#5466 = EDGE_CURVE('',#3092,#5467,#5469,.T.);
#5467 = VERTEX_POINT('',#5468);
#5468 = CARTESIAN_POINT('',(30.,-0.8,7.));
#5469 = SURFACE_CURVE('',#5470,(#5474,#5481),.PCURVE_S1.);
#5470 = LINE('',#5471,#5472);
#5471 = CARTESIAN_POINT('',(31.8,-0.8,8.8));
#5472 = VECTOR('',#5473,1.);
#5473 = DIRECTION('',(-0.707106781187,-0.,-0.707106781187));
#5474 = PCURVE('',#2943,#5475);
#5475 = DEFINITIONAL_REPRESENTATION('',(#5476),#5480);
#5476 = LINE('',#5477,#5478);
#5477 = CARTESIAN_POINT('',(-0.,-0.8));
#5478 = VECTOR('',#5479,1.);
#5479 = DIRECTION('',(-1.,0.));
#5480 = ( GEOMETRIC_REPRESENTATION_CONTEXT(2) 
PARAMETRIC_REPRESENTATION_CONTEXT() REPRESENTATION_CONTEXT('2D SPACE',''
  ) );
#5481 = PCURVE('',#3107,#5482);
#5482 = DEFINITIONAL_REPRESENTATION('',(#5483),#5487);
#5483 = LINE('',#5484,#5485);
#5484 = CARTESIAN_POINT('',(3.863603896932,0.804399874293));
#5485 = VECTOR('',#5486,1.);
#5486 = DIRECTION('',(-0.707106781187,-0.707106781187));
#5487 = ( GEOMETRIC_REPRESENTATION_CONTEXT(2) 
PARAMETRIC_REPRESENTATION_CONTEXT() REPRESENTATION_CONTEXT('2D SPACE',''
  ) );
#5488 = ORIENTED_EDGE('',*,*,#5489,.T.);
#5489 = EDGE_CURVE('',#5467,#5490,#5492,.T.);
#5490 = VERTEX_POINT('',#5491);
#5491 = CARTESIAN_POINT('',(30.,0.8,7.));
#5492 = SURFACE_CURVE('',#5493,(#5497,#5504),.PCURVE_S1.);
#5493 = LINE('',#5494,#5495);
#5494 = CARTESIAN_POINT('',(30.,-0.8,7.));
#5495 = VECTOR('',#5496,1.);
#5496 = DIRECTION('',(-0.,1.,-0.));
#5497 = PCURVE('',#2943,#5498);
#5498 = DEFINITIONAL_REPRESENTATION('',(#5499),#5503);
#5499 = LINE('',#5500,#5501);
#5500 = CARTESIAN_POINT('',(-2.545584412272,-0.8));
#5501 = VECTOR('',#5502,1.);
#5502 = DIRECTION('',(-0.,1.));
#5503 = ( GEOMETRIC_REPRESENTATION_CONTEXT(2) 
PARAMETRIC_REPRESENTATION_CONTEXT() REPRESENTATION_CONTEXT('2D SPACE',''
  ) );
#5504 = PCURVE('',#5505,#5510);
#5505 = PLANE('',#5506);
#5506 = AXIS2_PLACEMENT_3D('',#5507,#5508,#5509);
#5507 = CARTESIAN_POINT('',(30.,0.,7.));
#5508 = DIRECTION('',(-1.,-0.,-0.));
#5509 = DIRECTION('',(0.,0.,1.));
#5510 = DEFINITIONAL_REPRESENTATION('',(#5511),#5515);
#5511 = LINE('',#5512,#5513);
#5512 = CARTESIAN_POINT('',(-0.,-0.8));
#5513 = VECTOR('',#5514,1.);
#5514 = DIRECTION('',(0.,1.));
#5515 = ( GEOMETRIC_REPRESENTATION_CONTEXT(2) 
PARAMETRIC_REPRESENTATION_CONTEXT() REPRESENTATION_CONTEXT('2D SPACE',''
  ) );
#5516 = ORIENTED_EDGE('',*,*,#5517,.F.);
#5517 = EDGE_CURVE('',#2924,#5490,#5518,.T.);
#5518 = SURFACE_CURVE('',#5519,(#5523,#5530),.PCURVE_S1.);
#5519 = LINE('',#5520,#5521);
#5520 = CARTESIAN_POINT('',(31.8,0.8,8.8));
#5521 = VECTOR('',#5522,1.);
#5522 = DIRECTION('',(-0.707106781187,-0.,-0.707106781187));
#5523 = PCURVE('',#2943,#5524);
#5524 = DEFINITIONAL_REPRESENTATION('',(#5525),#5529);
#5525 = LINE('',#5526,#5527);
#5526 = CARTESIAN_POINT('',(0.,0.8));
#5527 = VECTOR('',#5528,1.);
#5528 = DIRECTION('',(-1.,0.));
#5529 = ( GEOMETRIC_REPRESENTATION_CONTEXT(2) 
PARAMETRIC_REPRESENTATION_CONTEXT() REPRESENTATION_CONTEXT('2D SPACE',''
  ) );
#5530 = PCURVE('',#2975,#5531);
#5531 = DEFINITIONAL_REPRESENTATION('',(#5532),#5536);
#5532 = LINE('',#5533,#5534);
#5533 = CARTESIAN_POINT('',(3.863603896932,0.804399874293));
#5534 = VECTOR('',#5535,1.);
#5535 = DIRECTION('',(-0.707106781187,-0.707106781187));
#5536 = ( GEOMETRIC_REPRESENTATION_CONTEXT(2) 
PARAMETRIC_REPRESENTATION_CONTEXT() REPRESENTATION_CONTEXT('2D SPACE',''
  ) );
#5537 = ORIENTED_EDGE('',*,*,#2923,.T.);
#5538 = ADVANCED_FACE('',(#5539),#3107,.F.);
#5539 = FACE_BOUND('',#5540,.T.);
#5540 = EDGE_LOOP('',(#5541,#5542,#5543,#5566));
#5541 = ORIENTED_EDGE('',*,*,#3091,.T.);
#5542 = ORIENTED_EDGE('',*,*,#5466,.T.);
#5543 = ORIENTED_EDGE('',*,*,#5544,.T.);
#5544 = EDGE_CURVE('',#5467,#5545,#5547,.T.);
#5545 = VERTEX_POINT('',#5546);
#5546 = CARTESIAN_POINT('',(30.,-0.8,1.6));
#5547 = SURFACE_CURVE('',#5548,(#5552,#5559),.PCURVE_S1.);
#5548 = LINE('',#5549,#5550);
#5549 = CARTESIAN_POINT('',(30.,-0.8,7.));
#5550 = VECTOR('',#5551,1.);
#5551 = DIRECTION('',(-0.,-0.,-1.));
#5552 = PCURVE('',#3107,#5553);
#5553 = DEFINITIONAL_REPRESENTATION('',(#5554),#5558);
#5554 = LINE('',#5555,#5556);
#5555 = CARTESIAN_POINT('',(2.063603896932,-0.995600125707));
#5556 = VECTOR('',#5557,1.);
#5557 = DIRECTION('',(-1.,0.));
#5558 = ( GEOMETRIC_REPRESENTATION_CONTEXT(2) 
PARAMETRIC_REPRESENTATION_CONTEXT() REPRESENTATION_CONTEXT('2D SPACE',''
  ) );
#5559 = PCURVE('',#5505,#5560);
#5560 = DEFINITIONAL_REPRESENTATION('',(#5561),#5565);
#5561 = LINE('',#5562,#5563);
#5562 = CARTESIAN_POINT('',(-0.,-0.8));
#5563 = VECTOR('',#5564,1.);
#5564 = DIRECTION('',(-1.,0.));
#5565 = ( GEOMETRIC_REPRESENTATION_CONTEXT(2) 
PARAMETRIC_REPRESENTATION_CONTEXT() REPRESENTATION_CONTEXT('2D SPACE',''
  ) );
#5566 = ORIENTED_EDGE('',*,*,#5567,.T.);
#5567 = EDGE_CURVE('',#5545,#3068,#5568,.T.);
#5568 = SURFACE_CURVE('',#5569,(#5573,#5580),.PCURVE_S1.);
#5569 = LINE('',#5570,#5571);
#5570 = CARTESIAN_POINT('',(30.,-0.8,1.6));
#5571 = VECTOR('',#5572,1.);
#5572 = DIRECTION('',(1.,-0.,-0.));
#5573 = PCURVE('',#3107,#5574);
#5574 = DEFINITIONAL_REPRESENTATION('',(#5575),#5579);
#5575 = LINE('',#5576,#5577);
#5576 = CARTESIAN_POINT('',(-3.336396103068,-0.995600125707));
#5577 = VECTOR('',#5578,1.);
#5578 = DIRECTION('',(-0.,1.));
#5579 = ( GEOMETRIC_REPRESENTATION_CONTEXT(2) 
PARAMETRIC_REPRESENTATION_CONTEXT() REPRESENTATION_CONTEXT('2D SPACE',''
  ) );
#5580 = PCURVE('',#3004,#5581);
#5581 = DEFINITIONAL_REPRESENTATION('',(#5582),#5586);
#5582 = LINE('',#5583,#5584);
#5583 = CARTESIAN_POINT('',(-0.,-0.8));
#5584 = VECTOR('',#5585,1.);
#5585 = DIRECTION('',(-1.,0.));
#5586 = ( GEOMETRIC_REPRESENTATION_CONTEXT(2) 
PARAMETRIC_REPRESENTATION_CONTEXT() REPRESENTATION_CONTEXT('2D SPACE',''
  ) );
#5587 = ADVANCED_FACE('',(#5588),#3004,.T.);
#5588 = FACE_BOUND('',#5589,.F.);
#5589 = EDGE_LOOP('',(#5590,#5613,#5614,#5615,#5616));
#5590 = ORIENTED_EDGE('',*,*,#5591,.F.);
#5591 = EDGE_CURVE('',#5545,#5592,#5594,.T.);
#5592 = VERTEX_POINT('',#5593);
#5593 = CARTESIAN_POINT('',(30.,0.8,1.6));
#5594 = SURFACE_CURVE('',#5595,(#5599,#5606),.PCURVE_S1.);
#5595 = LINE('',#5596,#5597);
#5596 = CARTESIAN_POINT('',(30.,-0.8,1.6));
#5597 = VECTOR('',#5598,1.);
#5598 = DIRECTION('',(-0.,1.,-0.));
#5599 = PCURVE('',#3004,#5600);
#5600 = DEFINITIONAL_REPRESENTATION('',(#5601),#5605);
#5601 = LINE('',#5602,#5603);
#5602 = CARTESIAN_POINT('',(-0.,-0.8));
#5603 = VECTOR('',#5604,1.);
#5604 = DIRECTION('',(-0.,1.));
#5605 = ( GEOMETRIC_REPRESENTATION_CONTEXT(2) 
PARAMETRIC_REPRESENTATION_CONTEXT() REPRESENTATION_CONTEXT('2D SPACE',''
  ) );
#5606 = PCURVE('',#5505,#5607);
#5607 = DEFINITIONAL_REPRESENTATION('',(#5608),#5612);
#5608 = LINE('',#5609,#5610);
#5609 = CARTESIAN_POINT('',(-5.4,-0.8));
#5610 = VECTOR('',#5611,1.);
#5611 = DIRECTION('',(0.,1.));
#5612 = ( GEOMETRIC_REPRESENTATION_CONTEXT(2) 
PARAMETRIC_REPRESENTATION_CONTEXT() REPRESENTATION_CONTEXT('2D SPACE',''
  ) );
#5613 = ORIENTED_EDGE('',*,*,#5567,.T.);
#5614 = ORIENTED_EDGE('',*,*,#3067,.F.);
#5615 = ORIENTED_EDGE('',*,*,#2987,.F.);
#5616 = ORIENTED_EDGE('',*,*,#5617,.F.);
#5617 = EDGE_CURVE('',#5592,#2960,#5618,.T.);
#5618 = SURFACE_CURVE('',#5619,(#5623,#5630),.PCURVE_S1.);
#5619 = LINE('',#5620,#5621);
#5620 = CARTESIAN_POINT('',(30.,0.8,1.6));
#5621 = VECTOR('',#5622,1.);
#5622 = DIRECTION('',(1.,-0.,-0.));
#5623 = PCURVE('',#3004,#5624);
#5624 = DEFINITIONAL_REPRESENTATION('',(#5625),#5629);
#5625 = LINE('',#5626,#5627);
#5626 = CARTESIAN_POINT('',(-0.,0.8));
#5627 = VECTOR('',#5628,1.);
#5628 = DIRECTION('',(-1.,0.));
#5629 = ( GEOMETRIC_REPRESENTATION_CONTEXT(2) 
PARAMETRIC_REPRESENTATION_CONTEXT() REPRESENTATION_CONTEXT('2D SPACE',''
  ) );
#5630 = PCURVE('',#2975,#5631);
#5631 = DEFINITIONAL_REPRESENTATION('',(#5632),#5636);
#5632 = LINE('',#5633,#5634);
#5633 = CARTESIAN_POINT('',(-3.336396103068,-0.995600125707));
#5634 = VECTOR('',#5635,1.);
#5635 = DIRECTION('',(-0.,1.));
#5636 = ( GEOMETRIC_REPRESENTATION_CONTEXT(2) 
PARAMETRIC_REPRESENTATION_CONTEXT() REPRESENTATION_CONTEXT('2D SPACE',''
  ) );
#5637 = ADVANCED_FACE('',(#5638),#3054,.T.);
#5638 = FACE_BOUND('',#5639,.T.);
#5639 = EDGE_LOOP('',(#5640,#5641,#5661,#5690,#5719,#5748,#5777,#5806,
    #5835,#5864,#5893,#5922,#5951,#5980,#6009,#6031));
#5640 = ORIENTED_EDGE('',*,*,#3039,.T.);
#5641 = ORIENTED_EDGE('',*,*,#5642,.T.);
#5642 = EDGE_CURVE('',#3017,#5643,#5645,.T.);
#5643 = VERTEX_POINT('',#5644);
#5644 = CARTESIAN_POINT('',(33.2,0.,2.4));
#5645 = SEAM_CURVE('',#5646,(#5649,#5655),.PCURVE_S1.);
#5646 = B_SPLINE_CURVE_WITH_KNOTS('',1,(#5647,#5648),.UNSPECIFIED.,.F.,
  .F.,(2,2),(0.,1.),.PIECEWISE_BEZIER_KNOTS.);
#5647 = CARTESIAN_POINT('',(30.8,0.,0.));
#5648 = CARTESIAN_POINT('',(33.2,0.,2.4));
#5649 = PCURVE('',#3054,#5650);
#5650 = DEFINITIONAL_REPRESENTATION('',(#5651),#5654);
#5651 = B_SPLINE_CURVE_WITH_KNOTS('',1,(#5652,#5653),.UNSPECIFIED.,.F.,
  .F.,(2,2),(0.,1.),.PIECEWISE_BEZIER_KNOTS.);
#5652 = CARTESIAN_POINT('',(0.,0.));
#5653 = CARTESIAN_POINT('',(0.,2.4));
#5654 = ( GEOMETRIC_REPRESENTATION_CONTEXT(2) 
PARAMETRIC_REPRESENTATION_CONTEXT() REPRESENTATION_CONTEXT('2D SPACE',''
  ) );
#5655 = PCURVE('',#3054,#5656);
#5656 = DEFINITIONAL_REPRESENTATION('',(#5657),#5660);
#5657 = B_SPLINE_CURVE_WITH_KNOTS('',1,(#5658,#5659),.UNSPECIFIED.,.F.,
  .F.,(2,2),(0.,1.),.PIECEWISE_BEZIER_KNOTS.);
#5658 = CARTESIAN_POINT('',(6.28318530718,0.));
#5659 = CARTESIAN_POINT('',(6.28318530718,2.4));
#5660 = ( GEOMETRIC_REPRESENTATION_CONTEXT(2) 
PARAMETRIC_REPRESENTATION_CONTEXT() REPRESENTATION_CONTEXT('2D SPACE',''
  ) );
#5661 = ORIENTED_EDGE('',*,*,#5662,.F.);
#5662 = EDGE_CURVE('',#5663,#5643,#5665,.T.);
#5663 = VERTEX_POINT('',#5664);
#5664 = CARTESIAN_POINT('',(33.190360046254,-0.8,2.4));
#5665 = SURFACE_CURVE('',#5666,(#5671,#5678),.PCURVE_S1.);
#5666 = CIRCLE('',#5667,33.2);
#5667 = AXIS2_PLACEMENT_3D('',#5668,#5669,#5670);
#5668 = CARTESIAN_POINT('',(0.,0.,2.4));
#5669 = DIRECTION('',(0.,0.,1.));
#5670 = DIRECTION('',(1.,0.,0.));
#5671 = PCURVE('',#3054,#5672);
#5672 = DEFINITIONAL_REPRESENTATION('',(#5673),#5677);
#5673 = LINE('',#5674,#5675);
#5674 = CARTESIAN_POINT('',(0.,2.4));
#5675 = VECTOR('',#5676,1.);
#5676 = DIRECTION('',(1.,0.));
#5677 = ( GEOMETRIC_REPRESENTATION_CONTEXT(2) 
PARAMETRIC_REPRESENTATION_CONTEXT() REPRESENTATION_CONTEXT('2D SPACE',''
  ) );
#5678 = PCURVE('',#5679,#5684);
#5679 = PLANE('',#5680);
#5680 = AXIS2_PLACEMENT_3D('',#5681,#5682,#5683);
#5681 = CARTESIAN_POINT('',(-3.198690368513E-15,1.162854943783E-15,2.4)
  );
#5682 = DIRECTION('',(0.,0.,1.));
#5683 = DIRECTION('',(1.,0.,-0.));
#5684 = DEFINITIONAL_REPRESENTATION('',(#5685),#5689);
#5685 = CIRCLE('',#5686,33.2);
#5686 = AXIS2_PLACEMENT_2D('',#5687,#5688);
#5687 = CARTESIAN_POINT('',(3.198690368513E-15,-1.162854943783E-15));
#5688 = DIRECTION('',(1.,0.));
#5689 = ( GEOMETRIC_REPRESENTATION_CONTEXT(2) 
PARAMETRIC_REPRESENTATION_CONTEXT() REPRESENTATION_CONTEXT('2D SPACE',''
  ) );
#5690 = ORIENTED_EDGE('',*,*,#5691,.F.);
#5691 = EDGE_CURVE('',#5692,#5663,#5694,.T.);
#5692 = VERTEX_POINT('',#5693);
#5693 = CARTESIAN_POINT('',(17.288000346155,-28.3436949608,2.4));
#5694 = SURFACE_CURVE('',#5695,(#5700,#5707),.PCURVE_S1.);
#5695 = CIRCLE('',#5696,33.2);
#5696 = AXIS2_PLACEMENT_3D('',#5697,#5698,#5699);
#5697 = CARTESIAN_POINT('',(0.,0.,2.4));
#5698 = DIRECTION('',(0.,0.,1.));
#5699 = DIRECTION('',(1.,0.,0.));
#5700 = PCURVE('',#3054,#5701);
#5701 = DEFINITIONAL_REPRESENTATION('',(#5702),#5706);
#5702 = LINE('',#5703,#5704);
#5703 = CARTESIAN_POINT('',(0.,2.4));
#5704 = VECTOR('',#5705,1.);
#5705 = DIRECTION('',(1.,0.));
#5706 = ( GEOMETRIC_REPRESENTATION_CONTEXT(2) 
PARAMETRIC_REPRESENTATION_CONTEXT() REPRESENTATION_CONTEXT('2D SPACE',''
  ) );
#5707 = PCURVE('',#5708,#5713);
#5708 = CYLINDRICAL_SURFACE('',#5709,33.2);
#5709 = AXIS2_PLACEMENT_3D('',#5710,#5711,#5712);
#5710 = CARTESIAN_POINT('',(0.,0.,52.2));
#5711 = DIRECTION('',(-0.,-0.,1.));
#5712 = DIRECTION('',(1.,-0.,-0.));
#5713 = DEFINITIONAL_REPRESENTATION('',(#5714),#5718);
#5714 = LINE('',#5715,#5716);
#5715 = CARTESIAN_POINT('',(0.,-49.8));
#5716 = VECTOR('',#5717,1.);
#5717 = DIRECTION('',(1.,0.));
#5718 = ( GEOMETRIC_REPRESENTATION_CONTEXT(2) 
PARAMETRIC_REPRESENTATION_CONTEXT() REPRESENTATION_CONTEXT('2D SPACE',''
  ) );
#5719 = ORIENTED_EDGE('',*,*,#5720,.F.);
#5720 = EDGE_CURVE('',#5721,#5692,#5723,.T.);
#5721 = VERTEX_POINT('',#5722);
#5722 = CARTESIAN_POINT('',(15.9023597001,-29.1436949608,2.4));
#5723 = SURFACE_CURVE('',#5724,(#5729,#5736),.PCURVE_S1.);
#5724 = CIRCLE('',#5725,33.2);
#5725 = AXIS2_PLACEMENT_3D('',#5726,#5727,#5728);
#5726 = CARTESIAN_POINT('',(0.,0.,2.4));
#5727 = DIRECTION('',(0.,0.,1.));
#5728 = DIRECTION('',(1.,0.,0.));
#5729 = PCURVE('',#3054,#5730);
#5730 = DEFINITIONAL_REPRESENTATION('',(#5731),#5735);
#5731 = LINE('',#5732,#5733);
#5732 = CARTESIAN_POINT('',(0.,2.4));
#5733 = VECTOR('',#5734,1.);
#5734 = DIRECTION('',(1.,0.));
#5735 = ( GEOMETRIC_REPRESENTATION_CONTEXT(2) 
PARAMETRIC_REPRESENTATION_CONTEXT() REPRESENTATION_CONTEXT('2D SPACE',''
  ) );
#5736 = PCURVE('',#5737,#5742);
#5737 = PLANE('',#5738);
#5738 = AXIS2_PLACEMENT_3D('',#5739,#5740,#5741);
#5739 = CARTESIAN_POINT('',(-3.198690368513E-15,1.162854943783E-15,2.4)
  );
#5740 = DIRECTION('',(0.,0.,1.));
#5741 = DIRECTION('',(1.,0.,-0.));
#5742 = DEFINITIONAL_REPRESENTATION('',(#5743),#5747);
#5743 = CIRCLE('',#5744,33.2);
#5744 = AXIS2_PLACEMENT_2D('',#5745,#5746);
#5745 = CARTESIAN_POINT('',(3.198690368513E-15,-1.162854943783E-15));
#5746 = DIRECTION('',(1.,0.));
#5747 = ( GEOMETRIC_REPRESENTATION_CONTEXT(2) 
PARAMETRIC_REPRESENTATION_CONTEXT() REPRESENTATION_CONTEXT('2D SPACE',''
  ) );
#5748 = ORIENTED_EDGE('',*,*,#5749,.F.);
#5749 = EDGE_CURVE('',#5750,#5721,#5752,.T.);
#5750 = VERTEX_POINT('',#5751);
#5751 = CARTESIAN_POINT('',(-15.90235970009,-29.1436949608,2.4));
#5752 = SURFACE_CURVE('',#5753,(#5758,#5765),.PCURVE_S1.);
#5753 = CIRCLE('',#5754,33.2);
#5754 = AXIS2_PLACEMENT_3D('',#5755,#5756,#5757);
#5755 = CARTESIAN_POINT('',(0.,0.,2.4));
#5756 = DIRECTION('',(0.,0.,1.));
#5757 = DIRECTION('',(1.,0.,0.));
#5758 = PCURVE('',#3054,#5759);
#5759 = DEFINITIONAL_REPRESENTATION('',(#5760),#5764);
#5760 = LINE('',#5761,#5762);
#5761 = CARTESIAN_POINT('',(0.,2.4));
#5762 = VECTOR('',#5763,1.);
#5763 = DIRECTION('',(1.,0.));
#5764 = ( GEOMETRIC_REPRESENTATION_CONTEXT(2) 
PARAMETRIC_REPRESENTATION_CONTEXT() REPRESENTATION_CONTEXT('2D SPACE',''
  ) );
#5765 = PCURVE('',#5766,#5771);
#5766 = CYLINDRICAL_SURFACE('',#5767,33.2);
#5767 = AXIS2_PLACEMENT_3D('',#5768,#5769,#5770);
#5768 = CARTESIAN_POINT('',(0.,0.,52.2));
#5769 = DIRECTION('',(-0.,-0.,1.));
#5770 = DIRECTION('',(1.,-0.,-0.));
#5771 = DEFINITIONAL_REPRESENTATION('',(#5772),#5776);
#5772 = LINE('',#5773,#5774);
#5773 = CARTESIAN_POINT('',(0.,-49.8));
#5774 = VECTOR('',#5775,1.);
#5775 = DIRECTION('',(1.,0.));
#5776 = ( GEOMETRIC_REPRESENTATION_CONTEXT(2) 
PARAMETRIC_REPRESENTATION_CONTEXT() REPRESENTATION_CONTEXT('2D SPACE',''
  ) );
#5777 = ORIENTED_EDGE('',*,*,#5778,.F.);
#5778 = EDGE_CURVE('',#5779,#5750,#5781,.T.);
#5779 = VERTEX_POINT('',#5780);
#5780 = CARTESIAN_POINT('',(-17.28800034615,-28.3436949608,2.4));
#5781 = SURFACE_CURVE('',#5782,(#5787,#5794),.PCURVE_S1.);
#5782 = CIRCLE('',#5783,33.2);
#5783 = AXIS2_PLACEMENT_3D('',#5784,#5785,#5786);
#5784 = CARTESIAN_POINT('',(0.,0.,2.4));
#5785 = DIRECTION('',(0.,0.,1.));
#5786 = DIRECTION('',(1.,0.,0.));
#5787 = PCURVE('',#3054,#5788);
#5788 = DEFINITIONAL_REPRESENTATION('',(#5789),#5793);
#5789 = LINE('',#5790,#5791);
#5790 = CARTESIAN_POINT('',(0.,2.4));
#5791 = VECTOR('',#5792,1.);
#5792 = DIRECTION('',(1.,0.));
#5793 = ( GEOMETRIC_REPRESENTATION_CONTEXT(2) 
PARAMETRIC_REPRESENTATION_CONTEXT() REPRESENTATION_CONTEXT('2D SPACE',''
  ) );
#5794 = PCURVE('',#5795,#5800);
#5795 = PLANE('',#5796);
#5796 = AXIS2_PLACEMENT_3D('',#5797,#5798,#5799);
#5797 = CARTESIAN_POINT('',(-3.198690368513E-15,1.162854943783E-15,2.4)
  );
#5798 = DIRECTION('',(0.,0.,1.));
#5799 = DIRECTION('',(1.,0.,-0.));
#5800 = DEFINITIONAL_REPRESENTATION('',(#5801),#5805);
#5801 = CIRCLE('',#5802,33.2);
#5802 = AXIS2_PLACEMENT_2D('',#5803,#5804);
#5803 = CARTESIAN_POINT('',(3.198690368513E-15,-1.162854943783E-15));
#5804 = DIRECTION('',(1.,0.));
#5805 = ( GEOMETRIC_REPRESENTATION_CONTEXT(2) 
PARAMETRIC_REPRESENTATION_CONTEXT() REPRESENTATION_CONTEXT('2D SPACE',''
  ) );
#5806 = ORIENTED_EDGE('',*,*,#5807,.F.);
#5807 = EDGE_CURVE('',#5808,#5779,#5810,.T.);
#5808 = VERTEX_POINT('',#5809);
#5809 = CARTESIAN_POINT('',(-33.19036004625,-0.799999999999,2.4));
#5810 = SURFACE_CURVE('',#5811,(#5816,#5823),.PCURVE_S1.);
#5811 = CIRCLE('',#5812,33.2);
#5812 = AXIS2_PLACEMENT_3D('',#5813,#5814,#5815);
#5813 = CARTESIAN_POINT('',(0.,0.,2.4));
#5814 = DIRECTION('',(0.,0.,1.));
#5815 = DIRECTION('',(1.,0.,0.));
#5816 = PCURVE('',#3054,#5817);
#5817 = DEFINITIONAL_REPRESENTATION('',(#5818),#5822);
#5818 = LINE('',#5819,#5820);
#5819 = CARTESIAN_POINT('',(0.,2.4));
#5820 = VECTOR('',#5821,1.);
#5821 = DIRECTION('',(1.,0.));
#5822 = ( GEOMETRIC_REPRESENTATION_CONTEXT(2) 
PARAMETRIC_REPRESENTATION_CONTEXT() REPRESENTATION_CONTEXT('2D SPACE',''
  ) );
#5823 = PCURVE('',#5824,#5829);
#5824 = CYLINDRICAL_SURFACE('',#5825,33.2);
#5825 = AXIS2_PLACEMENT_3D('',#5826,#5827,#5828);
#5826 = CARTESIAN_POINT('',(0.,0.,52.2));
#5827 = DIRECTION('',(-0.,-0.,1.));
#5828 = DIRECTION('',(1.,-0.,-0.));
#5829 = DEFINITIONAL_REPRESENTATION('',(#5830),#5834);
#5830 = LINE('',#5831,#5832);
#5831 = CARTESIAN_POINT('',(-8.881784197001E-16,-49.8));
#5832 = VECTOR('',#5833,1.);
#5833 = DIRECTION('',(1.,0.));
#5834 = ( GEOMETRIC_REPRESENTATION_CONTEXT(2) 
PARAMETRIC_REPRESENTATION_CONTEXT() REPRESENTATION_CONTEXT('2D SPACE',''
  ) );
#5835 = ORIENTED_EDGE('',*,*,#5836,.F.);
#5836 = EDGE_CURVE('',#5837,#5808,#5839,.T.);
#5837 = VERTEX_POINT('',#5838);
#5838 = CARTESIAN_POINT('',(-33.19036004625,0.799999999999,2.4));
#5839 = SURFACE_CURVE('',#5840,(#5845,#5852),.PCURVE_S1.);
#5840 = CIRCLE('',#5841,33.2);
#5841 = AXIS2_PLACEMENT_3D('',#5842,#5843,#5844);
#5842 = CARTESIAN_POINT('',(0.,0.,2.4));
#5843 = DIRECTION('',(0.,0.,1.));
#5844 = DIRECTION('',(1.,0.,0.));
#5845 = PCURVE('',#3054,#5846);
#5846 = DEFINITIONAL_REPRESENTATION('',(#5847),#5851);
#5847 = LINE('',#5848,#5849);
#5848 = CARTESIAN_POINT('',(0.,2.4));
#5849 = VECTOR('',#5850,1.);
#5850 = DIRECTION('',(1.,0.));
#5851 = ( GEOMETRIC_REPRESENTATION_CONTEXT(2) 
PARAMETRIC_REPRESENTATION_CONTEXT() REPRESENTATION_CONTEXT('2D SPACE',''
  ) );
#5852 = PCURVE('',#5853,#5858);
#5853 = PLANE('',#5854);
#5854 = AXIS2_PLACEMENT_3D('',#5855,#5856,#5857);
#5855 = CARTESIAN_POINT('',(-3.198690368513E-15,1.162854943783E-15,2.4)
  );
#5856 = DIRECTION('',(0.,0.,1.));
#5857 = DIRECTION('',(1.,0.,-0.));
#5858 = DEFINITIONAL_REPRESENTATION('',(#5859),#5863);
#5859 = CIRCLE('',#5860,33.2);
#5860 = AXIS2_PLACEMENT_2D('',#5861,#5862);
#5861 = CARTESIAN_POINT('',(3.198690368513E-15,-1.162854943783E-15));
#5862 = DIRECTION('',(1.,0.));
#5863 = ( GEOMETRIC_REPRESENTATION_CONTEXT(2) 
PARAMETRIC_REPRESENTATION_CONTEXT() REPRESENTATION_CONTEXT('2D SPACE',''
  ) );
#5864 = ORIENTED_EDGE('',*,*,#5865,.F.);
#5865 = EDGE_CURVE('',#5866,#5837,#5868,.T.);
#5866 = VERTEX_POINT('',#5867);
#5867 = CARTESIAN_POINT('',(-17.28800034615,28.343694960808,2.4));
#5868 = SURFACE_CURVE('',#5869,(#5874,#5881),.PCURVE_S1.);
#5869 = CIRCLE('',#5870,33.2);
#5870 = AXIS2_PLACEMENT_3D('',#5871,#5872,#5873);
#5871 = CARTESIAN_POINT('',(0.,0.,2.4));
#5872 = DIRECTION('',(0.,0.,1.));
#5873 = DIRECTION('',(1.,0.,0.));
#5874 = PCURVE('',#3054,#5875);
#5875 = DEFINITIONAL_REPRESENTATION('',(#5876),#5880);
#5876 = LINE('',#5877,#5878);
#5877 = CARTESIAN_POINT('',(0.,2.4));
#5878 = VECTOR('',#5879,1.);
#5879 = DIRECTION('',(1.,0.));
#5880 = ( GEOMETRIC_REPRESENTATION_CONTEXT(2) 
PARAMETRIC_REPRESENTATION_CONTEXT() REPRESENTATION_CONTEXT('2D SPACE',''
  ) );
#5881 = PCURVE('',#5882,#5887);
#5882 = CYLINDRICAL_SURFACE('',#5883,33.2);
#5883 = AXIS2_PLACEMENT_3D('',#5884,#5885,#5886);
#5884 = CARTESIAN_POINT('',(0.,0.,52.2));
#5885 = DIRECTION('',(-0.,-0.,1.));
#5886 = DIRECTION('',(1.,-0.,-0.));
#5887 = DEFINITIONAL_REPRESENTATION('',(#5888),#5892);
#5888 = LINE('',#5889,#5890);
#5889 = CARTESIAN_POINT('',(0.,-49.8));
#5890 = VECTOR('',#5891,1.);
#5891 = DIRECTION('',(1.,0.));
#5892 = ( GEOMETRIC_REPRESENTATION_CONTEXT(2) 
PARAMETRIC_REPRESENTATION_CONTEXT() REPRESENTATION_CONTEXT('2D SPACE',''
  ) );
#5893 = ORIENTED_EDGE('',*,*,#5894,.F.);
#5894 = EDGE_CURVE('',#5895,#5866,#5897,.T.);
#5895 = VERTEX_POINT('',#5896);
#5896 = CARTESIAN_POINT('',(-15.90235970009,29.143694960809,2.4));
#5897 = SURFACE_CURVE('',#5898,(#5903,#5910),.PCURVE_S1.);
#5898 = CIRCLE('',#5899,33.2);
#5899 = AXIS2_PLACEMENT_3D('',#5900,#5901,#5902);
#5900 = CARTESIAN_POINT('',(0.,0.,2.4));
#5901 = DIRECTION('',(0.,0.,1.));
#5902 = DIRECTION('',(1.,0.,0.));
#5903 = PCURVE('',#3054,#5904);
#5904 = DEFINITIONAL_REPRESENTATION('',(#5905),#5909);
#5905 = LINE('',#5906,#5907);
#5906 = CARTESIAN_POINT('',(0.,2.4));
#5907 = VECTOR('',#5908,1.);
#5908 = DIRECTION('',(1.,0.));
#5909 = ( GEOMETRIC_REPRESENTATION_CONTEXT(2) 
PARAMETRIC_REPRESENTATION_CONTEXT() REPRESENTATION_CONTEXT('2D SPACE',''
  ) );
#5910 = PCURVE('',#5911,#5916);
#5911 = PLANE('',#5912);
#5912 = AXIS2_PLACEMENT_3D('',#5913,#5914,#5915);
#5913 = CARTESIAN_POINT('',(-3.198690368513E-15,1.162854943783E-15,2.4)
  );
#5914 = DIRECTION('',(0.,0.,1.));
#5915 = DIRECTION('',(1.,0.,-0.));
#5916 = DEFINITIONAL_REPRESENTATION('',(#5917),#5921);
#5917 = CIRCLE('',#5918,33.2);
#5918 = AXIS2_PLACEMENT_2D('',#5919,#5920);
#5919 = CARTESIAN_POINT('',(3.198690368513E-15,-1.162854943783E-15));
#5920 = DIRECTION('',(1.,0.));
#5921 = ( GEOMETRIC_REPRESENTATION_CONTEXT(2) 
PARAMETRIC_REPRESENTATION_CONTEXT() REPRESENTATION_CONTEXT('2D SPACE',''
  ) );
#5922 = ORIENTED_EDGE('',*,*,#5923,.F.);
#5923 = EDGE_CURVE('',#5924,#5895,#5926,.T.);
#5924 = VERTEX_POINT('',#5925);
#5925 = CARTESIAN_POINT('',(15.9023597001,29.143694960808,2.4));
#5926 = SURFACE_CURVE('',#5927,(#5932,#5939),.PCURVE_S1.);
#5927 = CIRCLE('',#5928,33.2);
#5928 = AXIS2_PLACEMENT_3D('',#5929,#5930,#5931);
#5929 = CARTESIAN_POINT('',(0.,0.,2.4));
#5930 = DIRECTION('',(0.,0.,1.));
#5931 = DIRECTION('',(1.,0.,0.));
#5932 = PCURVE('',#3054,#5933);
#5933 = DEFINITIONAL_REPRESENTATION('',(#5934),#5938);
#5934 = LINE('',#5935,#5936);
#5935 = CARTESIAN_POINT('',(0.,2.4));
#5936 = VECTOR('',#5937,1.);
#5937 = DIRECTION('',(1.,0.));
#5938 = ( GEOMETRIC_REPRESENTATION_CONTEXT(2) 
PARAMETRIC_REPRESENTATION_CONTEXT() REPRESENTATION_CONTEXT('2D SPACE',''
  ) );
#5939 = PCURVE('',#5940,#5945);
#5940 = CYLINDRICAL_SURFACE('',#5941,33.2);
#5941 = AXIS2_PLACEMENT_3D('',#5942,#5943,#5944);
#5942 = CARTESIAN_POINT('',(0.,0.,52.2));
#5943 = DIRECTION('',(-0.,-0.,1.));
#5944 = DIRECTION('',(1.,-0.,-0.));
#5945 = DEFINITIONAL_REPRESENTATION('',(#5946),#5950);
#5946 = LINE('',#5947,#5948);
#5947 = CARTESIAN_POINT('',(0.,-49.8));
#5948 = VECTOR('',#5949,1.);
#5949 = DIRECTION('',(1.,0.));
#5950 = ( GEOMETRIC_REPRESENTATION_CONTEXT(2) 
PARAMETRIC_REPRESENTATION_CONTEXT() REPRESENTATION_CONTEXT('2D SPACE',''
  ) );
#5951 = ORIENTED_EDGE('',*,*,#5952,.F.);
#5952 = EDGE_CURVE('',#5953,#5924,#5955,.T.);
#5953 = VERTEX_POINT('',#5954);
#5954 = CARTESIAN_POINT('',(17.288000346155,28.343694960808,2.4));
#5955 = SURFACE_CURVE('',#5956,(#5961,#5968),.PCURVE_S1.);
#5956 = CIRCLE('',#5957,33.2);
#5957 = AXIS2_PLACEMENT_3D('',#5958,#5959,#5960);
#5958 = CARTESIAN_POINT('',(0.,0.,2.4));
#5959 = DIRECTION('',(0.,0.,1.));
#5960 = DIRECTION('',(1.,0.,0.));
#5961 = PCURVE('',#3054,#5962);
#5962 = DEFINITIONAL_REPRESENTATION('',(#5963),#5967);
#5963 = LINE('',#5964,#5965);
#5964 = CARTESIAN_POINT('',(0.,2.4));
#5965 = VECTOR('',#5966,1.);
#5966 = DIRECTION('',(1.,0.));
#5967 = ( GEOMETRIC_REPRESENTATION_CONTEXT(2) 
PARAMETRIC_REPRESENTATION_CONTEXT() REPRESENTATION_CONTEXT('2D SPACE',''
  ) );
#5968 = PCURVE('',#5969,#5974);
#5969 = PLANE('',#5970);
#5970 = AXIS2_PLACEMENT_3D('',#5971,#5972,#5973);
#5971 = CARTESIAN_POINT('',(-3.198690368513E-15,1.162854943783E-15,2.4)
  );
#5972 = DIRECTION('',(0.,0.,1.));
#5973 = DIRECTION('',(1.,0.,-0.));
#5974 = DEFINITIONAL_REPRESENTATION('',(#5975),#5979);
#5975 = CIRCLE('',#5976,33.2);
#5976 = AXIS2_PLACEMENT_2D('',#5977,#5978);
#5977 = CARTESIAN_POINT('',(3.198690368513E-15,-1.162854943783E-15));
#5978 = DIRECTION('',(1.,0.));
#5979 = ( GEOMETRIC_REPRESENTATION_CONTEXT(2) 
PARAMETRIC_REPRESENTATION_CONTEXT() REPRESENTATION_CONTEXT('2D SPACE',''
  ) );
#5980 = ORIENTED_EDGE('',*,*,#5981,.F.);
#5981 = EDGE_CURVE('',#5982,#5953,#5984,.T.);
#5982 = VERTEX_POINT('',#5983);
#5983 = CARTESIAN_POINT('',(33.190360046254,0.8,2.4));
#5984 = SURFACE_CURVE('',#5985,(#5990,#5997),.PCURVE_S1.);
#5985 = CIRCLE('',#5986,33.2);
#5986 = AXIS2_PLACEMENT_3D('',#5987,#5988,#5989);
#5987 = CARTESIAN_POINT('',(0.,0.,2.4));
#5988 = DIRECTION('',(0.,0.,1.));
#5989 = DIRECTION('',(1.,0.,0.));
#5990 = PCURVE('',#3054,#5991);
#5991 = DEFINITIONAL_REPRESENTATION('',(#5992),#5996);
#5992 = LINE('',#5993,#5994);
#5993 = CARTESIAN_POINT('',(0.,2.4));
#5994 = VECTOR('',#5995,1.);
#5995 = DIRECTION('',(1.,0.));
#5996 = ( GEOMETRIC_REPRESENTATION_CONTEXT(2) 
PARAMETRIC_REPRESENTATION_CONTEXT() REPRESENTATION_CONTEXT('2D SPACE',''
  ) );
#5997 = PCURVE('',#5998,#6003);
#5998 = CYLINDRICAL_SURFACE('',#5999,33.2);
#5999 = AXIS2_PLACEMENT_3D('',#6000,#6001,#6002);
#6000 = CARTESIAN_POINT('',(0.,0.,52.2));
#6001 = DIRECTION('',(-0.,-0.,1.));
#6002 = DIRECTION('',(1.,-0.,-0.));
#6003 = DEFINITIONAL_REPRESENTATION('',(#6004),#6008);
#6004 = LINE('',#6005,#6006);
#6005 = CARTESIAN_POINT('',(0.,-49.8));
#6006 = VECTOR('',#6007,1.);
#6007 = DIRECTION('',(1.,0.));
#6008 = ( GEOMETRIC_REPRESENTATION_CONTEXT(2) 
PARAMETRIC_REPRESENTATION_CONTEXT() REPRESENTATION_CONTEXT('2D SPACE',''
  ) );
#6009 = ORIENTED_EDGE('',*,*,#6010,.F.);
#6010 = EDGE_CURVE('',#5643,#5982,#6011,.T.);
#6011 = SURFACE_CURVE('',#6012,(#6017,#6024),.PCURVE_S1.);
#6012 = CIRCLE('',#6013,33.2);
#6013 = AXIS2_PLACEMENT_3D('',#6014,#6015,#6016);
#6014 = CARTESIAN_POINT('',(0.,0.,2.4));
#6015 = DIRECTION('',(0.,0.,1.));
#6016 = DIRECTION('',(1.,0.,0.));
#6017 = PCURVE('',#3054,#6018);
#6018 = DEFINITIONAL_REPRESENTATION('',(#6019),#6023);
#6019 = LINE('',#6020,#6021);
#6020 = CARTESIAN_POINT('',(0.,2.4));
#6021 = VECTOR('',#6022,1.);
#6022 = DIRECTION('',(1.,0.));
#6023 = ( GEOMETRIC_REPRESENTATION_CONTEXT(2) 
PARAMETRIC_REPRESENTATION_CONTEXT() REPRESENTATION_CONTEXT('2D SPACE',''
  ) );
#6024 = PCURVE('',#5679,#6025);
#6025 = DEFINITIONAL_REPRESENTATION('',(#6026),#6030);
#6026 = CIRCLE('',#6027,33.2);
#6027 = AXIS2_PLACEMENT_2D('',#6028,#6029);
#6028 = CARTESIAN_POINT('',(3.198690368513E-15,-1.162854943783E-15));
#6029 = DIRECTION('',(1.,0.));
#6030 = ( GEOMETRIC_REPRESENTATION_CONTEXT(2) 
PARAMETRIC_REPRESENTATION_CONTEXT() REPRESENTATION_CONTEXT('2D SPACE',''
  ) );
#6031 = ORIENTED_EDGE('',*,*,#5642,.F.);
#6032 = ADVANCED_FACE('',(#6033),#2975,.T.);
#6033 = FACE_BOUND('',#6034,.F.);
#6034 = EDGE_LOOP('',(#6035,#6036,#6037,#6058));
#6035 = ORIENTED_EDGE('',*,*,#2959,.T.);
#6036 = ORIENTED_EDGE('',*,*,#5517,.T.);
#6037 = ORIENTED_EDGE('',*,*,#6038,.T.);
#6038 = EDGE_CURVE('',#5490,#5592,#6039,.T.);
#6039 = SURFACE_CURVE('',#6040,(#6044,#6051),.PCURVE_S1.);
#6040 = LINE('',#6041,#6042);
#6041 = CARTESIAN_POINT('',(30.,0.8,7.));
#6042 = VECTOR('',#6043,1.);
#6043 = DIRECTION('',(-0.,-0.,-1.));
#6044 = PCURVE('',#2975,#6045);
#6045 = DEFINITIONAL_REPRESENTATION('',(#6046),#6050);
#6046 = LINE('',#6047,#6048);
#6047 = CARTESIAN_POINT('',(2.063603896932,-0.995600125707));
#6048 = VECTOR('',#6049,1.);
#6049 = DIRECTION('',(-1.,0.));
#6050 = ( GEOMETRIC_REPRESENTATION_CONTEXT(2) 
PARAMETRIC_REPRESENTATION_CONTEXT() REPRESENTATION_CONTEXT('2D SPACE',''
  ) );
#6051 = PCURVE('',#5505,#6052);
#6052 = DEFINITIONAL_REPRESENTATION('',(#6053),#6057);
#6053 = LINE('',#6054,#6055);
#6054 = CARTESIAN_POINT('',(0.,0.8));
#6055 = VECTOR('',#6056,1.);
#6056 = DIRECTION('',(-1.,0.));
#6057 = ( GEOMETRIC_REPRESENTATION_CONTEXT(2) 
PARAMETRIC_REPRESENTATION_CONTEXT() REPRESENTATION_CONTEXT('2D SPACE',''
  ) );
#6058 = ORIENTED_EDGE('',*,*,#5617,.T.);
#6059 = ADVANCED_FACE('',(#6060),#3566,.T.);
#6060 = FACE_BOUND('',#6061,.F.);
#6061 = EDGE_LOOP('',(#6062,#6063,#6086,#6114));
#6062 = ORIENTED_EDGE('',*,*,#3544,.T.);
#6063 = ORIENTED_EDGE('',*,*,#6064,.T.);
#6064 = EDGE_CURVE('',#3547,#6065,#6067,.T.);
#6065 = VERTEX_POINT('',#6066);
#6066 = CARTESIAN_POINT('',(15.692820323028,25.580762113533,7.));
#6067 = SURFACE_CURVE('',#6068,(#6072,#6079),.PCURVE_S1.);
#6068 = LINE('',#6069,#6070);
#6069 = CARTESIAN_POINT('',(16.592820323028,27.139607840345,8.8));
#6070 = VECTOR('',#6071,1.);
#6071 = DIRECTION('',(-0.353553390593,-0.612372435696,-0.707106781187));
#6072 = PCURVE('',#3566,#6073);
#6073 = DEFINITIONAL_REPRESENTATION('',(#6074),#6078);
#6074 = LINE('',#6075,#6076);
#6075 = CARTESIAN_POINT('',(2.727119474575E-15,-0.8));
#6076 = VECTOR('',#6077,1.);
#6077 = DIRECTION('',(-1.,0.));
#6078 = ( GEOMETRIC_REPRESENTATION_CONTEXT(2) 
PARAMETRIC_REPRESENTATION_CONTEXT() REPRESENTATION_CONTEXT('2D SPACE',''
  ) );
#6079 = PCURVE('',#3653,#6080);
#6080 = DEFINITIONAL_REPRESENTATION('',(#6081),#6085);
#6081 = LINE('',#6082,#6083);
#6082 = CARTESIAN_POINT('',(3.863603896932,0.804399874293));
#6083 = VECTOR('',#6084,1.);
#6084 = DIRECTION('',(-0.707106781187,-0.707106781187));
#6085 = ( GEOMETRIC_REPRESENTATION_CONTEXT(2) 
PARAMETRIC_REPRESENTATION_CONTEXT() REPRESENTATION_CONTEXT('2D SPACE',''
  ) );
#6086 = ORIENTED_EDGE('',*,*,#6087,.T.);
#6087 = EDGE_CURVE('',#6065,#6088,#6090,.T.);
#6088 = VERTEX_POINT('',#6089);
#6089 = CARTESIAN_POINT('',(14.307179676972,26.380762113533,7.));
#6090 = SURFACE_CURVE('',#6091,(#6095,#6102),.PCURVE_S1.);
#6091 = LINE('',#6092,#6093);
#6092 = CARTESIAN_POINT('',(15.692820323028,25.580762113533,7.));
#6093 = VECTOR('',#6094,1.);
#6094 = DIRECTION('',(-0.866025403784,0.5,-0.));
#6095 = PCURVE('',#3566,#6096);
#6096 = DEFINITIONAL_REPRESENTATION('',(#6097),#6101);
#6097 = LINE('',#6098,#6099);
#6098 = CARTESIAN_POINT('',(-2.545584412272,-0.8));
#6099 = VECTOR('',#6100,1.);
#6100 = DIRECTION('',(-0.,1.));
#6101 = ( GEOMETRIC_REPRESENTATION_CONTEXT(2) 
PARAMETRIC_REPRESENTATION_CONTEXT() REPRESENTATION_CONTEXT('2D SPACE',''
  ) );
#6102 = PCURVE('',#6103,#6108);
#6103 = PLANE('',#6104);
#6104 = AXIS2_PLACEMENT_3D('',#6105,#6106,#6107);
#6105 = CARTESIAN_POINT('',(15.,25.980762113533,7.));
#6106 = DIRECTION('',(-0.5,-0.866025403784,-0.));
#6107 = DIRECTION('',(0.,0.,1.));
#6108 = DEFINITIONAL_REPRESENTATION('',(#6109),#6113);
#6109 = LINE('',#6110,#6111);
#6110 = CARTESIAN_POINT('',(-0.,-0.8));
#6111 = VECTOR('',#6112,1.);
#6112 = DIRECTION('',(-0.,1.));
#6113 = ( GEOMETRIC_REPRESENTATION_CONTEXT(2) 
PARAMETRIC_REPRESENTATION_CONTEXT() REPRESENTATION_CONTEXT('2D SPACE',''
  ) );
#6114 = ORIENTED_EDGE('',*,*,#6115,.F.);
#6115 = EDGE_CURVE('',#3545,#6088,#6116,.T.);
#6116 = SURFACE_CURVE('',#6117,(#6121,#6128),.PCURVE_S1.);
#6117 = LINE('',#6118,#6119);
#6118 = CARTESIAN_POINT('',(15.207179676972,27.939607840345,8.8));
#6119 = VECTOR('',#6120,1.);
#6120 = DIRECTION('',(-0.353553390593,-0.612372435696,-0.707106781187));
#6121 = PCURVE('',#3566,#6122);
#6122 = DEFINITIONAL_REPRESENTATION('',(#6123),#6127);
#6123 = LINE('',#6124,#6125);
#6124 = CARTESIAN_POINT('',(-8.326672684689E-16,0.8));
#6125 = VECTOR('',#6126,1.);
#6126 = DIRECTION('',(-1.,0.));
#6127 = ( GEOMETRIC_REPRESENTATION_CONTEXT(2) 
PARAMETRIC_REPRESENTATION_CONTEXT() REPRESENTATION_CONTEXT('2D SPACE',''
  ) );
#6128 = PCURVE('',#3598,#6129);
#6129 = DEFINITIONAL_REPRESENTATION('',(#6130),#6134);
#6130 = LINE('',#6131,#6132);
#6131 = CARTESIAN_POINT('',(3.863603896932,0.804399874293));
#6132 = VECTOR('',#6133,1.);
#6133 = DIRECTION('',(-0.707106781187,-0.707106781187));
#6134 = ( GEOMETRIC_REPRESENTATION_CONTEXT(2) 
PARAMETRIC_REPRESENTATION_CONTEXT() REPRESENTATION_CONTEXT('2D SPACE',''
  ) );
#6135 = ADVANCED_FACE('',(#6136),#3598,.T.);
#6136 = FACE_BOUND('',#6137,.F.);
#6137 = EDGE_LOOP('',(#6138,#6139,#6140,#6163));
#6138 = ORIENTED_EDGE('',*,*,#3582,.T.);
#6139 = ORIENTED_EDGE('',*,*,#6115,.T.);
#6140 = ORIENTED_EDGE('',*,*,#6141,.T.);
#6141 = EDGE_CURVE('',#6088,#6142,#6144,.T.);
#6142 = VERTEX_POINT('',#6143);
#6143 = CARTESIAN_POINT('',(14.307179676972,26.380762113533,1.6));
#6144 = SURFACE_CURVE('',#6145,(#6149,#6156),.PCURVE_S1.);
#6145 = LINE('',#6146,#6147);
#6146 = CARTESIAN_POINT('',(14.307179676972,26.380762113533,7.));
#6147 = VECTOR('',#6148,1.);
#6148 = DIRECTION('',(-0.,-0.,-1.));
#6149 = PCURVE('',#3598,#6150);
#6150 = DEFINITIONAL_REPRESENTATION('',(#6151),#6155);
#6151 = LINE('',#6152,#6153);
#6152 = CARTESIAN_POINT('',(2.063603896932,-0.995600125707));
#6153 = VECTOR('',#6154,1.);
#6154 = DIRECTION('',(-1.,0.));
#6155 = ( GEOMETRIC_REPRESENTATION_CONTEXT(2) 
PARAMETRIC_REPRESENTATION_CONTEXT() REPRESENTATION_CONTEXT('2D SPACE',''
  ) );
#6156 = PCURVE('',#6103,#6157);
#6157 = DEFINITIONAL_REPRESENTATION('',(#6158),#6162);
#6158 = LINE('',#6159,#6160);
#6159 = CARTESIAN_POINT('',(-0.,0.8));
#6160 = VECTOR('',#6161,1.);
#6161 = DIRECTION('',(-1.,0.));
#6162 = ( GEOMETRIC_REPRESENTATION_CONTEXT(2) 
PARAMETRIC_REPRESENTATION_CONTEXT() REPRESENTATION_CONTEXT('2D SPACE',''
  ) );
#6163 = ORIENTED_EDGE('',*,*,#6164,.T.);
#6164 = EDGE_CURVE('',#6142,#3583,#6165,.T.);
#6165 = SURFACE_CURVE('',#6166,(#6170,#6177),.PCURVE_S1.);
#6166 = LINE('',#6167,#6168);
#6167 = CARTESIAN_POINT('',(14.307179676972,26.380762113533,1.6));
#6168 = VECTOR('',#6169,1.);
#6169 = DIRECTION('',(0.5,0.866025403784,-0.));
#6170 = PCURVE('',#3598,#6171);
#6171 = DEFINITIONAL_REPRESENTATION('',(#6172),#6176);
#6172 = LINE('',#6173,#6174);
#6173 = CARTESIAN_POINT('',(-3.336396103068,-0.995600125707));
#6174 = VECTOR('',#6175,1.);
#6175 = DIRECTION('',(0.,1.));
#6176 = ( GEOMETRIC_REPRESENTATION_CONTEXT(2) 
PARAMETRIC_REPRESENTATION_CONTEXT() REPRESENTATION_CONTEXT('2D SPACE',''
  ) );
#6177 = PCURVE('',#3627,#6178);
#6178 = DEFINITIONAL_REPRESENTATION('',(#6179),#6183);
#6179 = LINE('',#6180,#6181);
#6180 = CARTESIAN_POINT('',(1.221245327088E-15,0.8));
#6181 = VECTOR('',#6182,1.);
#6182 = DIRECTION('',(-1.,0.));
#6183 = ( GEOMETRIC_REPRESENTATION_CONTEXT(2) 
PARAMETRIC_REPRESENTATION_CONTEXT() REPRESENTATION_CONTEXT('2D SPACE',''
  ) );
#6184 = ADVANCED_FACE('',(#6185),#3653,.F.);
#6185 = FACE_BOUND('',#6186,.T.);
#6186 = EDGE_LOOP('',(#6187,#6188,#6189,#6212));
#6187 = ORIENTED_EDGE('',*,*,#3639,.T.);
#6188 = ORIENTED_EDGE('',*,*,#6064,.T.);
#6189 = ORIENTED_EDGE('',*,*,#6190,.T.);
#6190 = EDGE_CURVE('',#6065,#6191,#6193,.T.);
#6191 = VERTEX_POINT('',#6192);
#6192 = CARTESIAN_POINT('',(15.692820323028,25.580762113533,1.6));
#6193 = SURFACE_CURVE('',#6194,(#6198,#6205),.PCURVE_S1.);
#6194 = LINE('',#6195,#6196);
#6195 = CARTESIAN_POINT('',(15.692820323028,25.580762113533,7.));
#6196 = VECTOR('',#6197,1.);
#6197 = DIRECTION('',(-0.,-0.,-1.));
#6198 = PCURVE('',#3653,#6199);
#6199 = DEFINITIONAL_REPRESENTATION('',(#6200),#6204);
#6200 = LINE('',#6201,#6202);
#6201 = CARTESIAN_POINT('',(2.063603896932,-0.995600125707));
#6202 = VECTOR('',#6203,1.);
#6203 = DIRECTION('',(-1.,0.));
#6204 = ( GEOMETRIC_REPRESENTATION_CONTEXT(2) 
PARAMETRIC_REPRESENTATION_CONTEXT() REPRESENTATION_CONTEXT('2D SPACE',''
  ) );
#6205 = PCURVE('',#6103,#6206);
#6206 = DEFINITIONAL_REPRESENTATION('',(#6207),#6211);
#6207 = LINE('',#6208,#6209);
#6208 = CARTESIAN_POINT('',(-0.,-0.8));
#6209 = VECTOR('',#6210,1.);
#6210 = DIRECTION('',(-1.,0.));
#6211 = ( GEOMETRIC_REPRESENTATION_CONTEXT(2) 
PARAMETRIC_REPRESENTATION_CONTEXT() REPRESENTATION_CONTEXT('2D SPACE',''
  ) );
#6212 = ORIENTED_EDGE('',*,*,#6213,.T.);
#6213 = EDGE_CURVE('',#6191,#3611,#6214,.T.);
#6214 = SURFACE_CURVE('',#6215,(#6219,#6226),.PCURVE_S1.);
#6215 = LINE('',#6216,#6217);
#6216 = CARTESIAN_POINT('',(15.692820323028,25.580762113533,1.6));
#6217 = VECTOR('',#6218,1.);
#6218 = DIRECTION('',(0.5,0.866025403784,-0.));
#6219 = PCURVE('',#3653,#6220);
#6220 = DEFINITIONAL_REPRESENTATION('',(#6221),#6225);
#6221 = LINE('',#6222,#6223);
#6222 = CARTESIAN_POINT('',(-3.336396103068,-0.995600125707));
#6223 = VECTOR('',#6224,1.);
#6224 = DIRECTION('',(0.,1.));
#6225 = ( GEOMETRIC_REPRESENTATION_CONTEXT(2) 
PARAMETRIC_REPRESENTATION_CONTEXT() REPRESENTATION_CONTEXT('2D SPACE',''
  ) );
#6226 = PCURVE('',#3627,#6227);
#6227 = DEFINITIONAL_REPRESENTATION('',(#6228),#6232);
#6228 = LINE('',#6229,#6230);
#6229 = CARTESIAN_POINT('',(-1.221245327088E-15,-0.8));
#6230 = VECTOR('',#6231,1.);
#6231 = DIRECTION('',(-1.,0.));
#6232 = ( GEOMETRIC_REPRESENTATION_CONTEXT(2) 
PARAMETRIC_REPRESENTATION_CONTEXT() REPRESENTATION_CONTEXT('2D SPACE',''
  ) );
#6233 = ADVANCED_FACE('',(#6234),#3627,.T.);
#6234 = FACE_BOUND('',#6235,.F.);
#6235 = EDGE_LOOP('',(#6236,#6257,#6258,#6259));
#6236 = ORIENTED_EDGE('',*,*,#6237,.F.);
#6237 = EDGE_CURVE('',#6191,#6142,#6238,.T.);
#6238 = SURFACE_CURVE('',#6239,(#6243,#6250),.PCURVE_S1.);
#6239 = LINE('',#6240,#6241);
#6240 = CARTESIAN_POINT('',(15.692820323028,25.580762113533,1.6));
#6241 = VECTOR('',#6242,1.);
#6242 = DIRECTION('',(-0.866025403784,0.5,-0.));
#6243 = PCURVE('',#3627,#6244);
#6244 = DEFINITIONAL_REPRESENTATION('',(#6245),#6249);
#6245 = LINE('',#6246,#6247);
#6246 = CARTESIAN_POINT('',(-1.221245327088E-15,-0.8));
#6247 = VECTOR('',#6248,1.);
#6248 = DIRECTION('',(-0.,1.));
#6249 = ( GEOMETRIC_REPRESENTATION_CONTEXT(2) 
PARAMETRIC_REPRESENTATION_CONTEXT() REPRESENTATION_CONTEXT('2D SPACE',''
  ) );
#6250 = PCURVE('',#6103,#6251);
#6251 = DEFINITIONAL_REPRESENTATION('',(#6252),#6256);
#6252 = LINE('',#6253,#6254);
#6253 = CARTESIAN_POINT('',(-5.4,-0.8));
#6254 = VECTOR('',#6255,1.);
#6255 = DIRECTION('',(-0.,1.));
#6256 = ( GEOMETRIC_REPRESENTATION_CONTEXT(2) 
PARAMETRIC_REPRESENTATION_CONTEXT() REPRESENTATION_CONTEXT('2D SPACE',''
  ) );
#6257 = ORIENTED_EDGE('',*,*,#6213,.T.);
#6258 = ORIENTED_EDGE('',*,*,#3610,.F.);
#6259 = ORIENTED_EDGE('',*,*,#6164,.F.);
#6260 = ADVANCED_FACE('',(#6261),#3689,.T.);
#6261 = FACE_BOUND('',#6262,.F.);
#6262 = EDGE_LOOP('',(#6263,#6264,#6287,#6315));
#6263 = ORIENTED_EDGE('',*,*,#3667,.T.);
#6264 = ORIENTED_EDGE('',*,*,#6265,.T.);
#6265 = EDGE_CURVE('',#3670,#6266,#6268,.T.);
#6266 = VERTEX_POINT('',#6267);
#6267 = CARTESIAN_POINT('',(-14.30717967697,26.380762113533,7.));
#6268 = SURFACE_CURVE('',#6269,(#6273,#6280),.PCURVE_S1.);
#6269 = LINE('',#6270,#6271);
#6270 = CARTESIAN_POINT('',(-15.20717967697,27.939607840345,8.8));
#6271 = VECTOR('',#6272,1.);
#6272 = DIRECTION('',(0.353553390593,-0.612372435696,-0.707106781187));
#6273 = PCURVE('',#3689,#6274);
#6274 = DEFINITIONAL_REPRESENTATION('',(#6275),#6279);
#6275 = LINE('',#6276,#6277);
#6276 = CARTESIAN_POINT('',(-6.938893903907E-16,-0.8));
#6277 = VECTOR('',#6278,1.);
#6278 = DIRECTION('',(-1.,0.));
#6279 = ( GEOMETRIC_REPRESENTATION_CONTEXT(2) 
PARAMETRIC_REPRESENTATION_CONTEXT() REPRESENTATION_CONTEXT('2D SPACE',''
  ) );
#6280 = PCURVE('',#3776,#6281);
#6281 = DEFINITIONAL_REPRESENTATION('',(#6282),#6286);
#6282 = LINE('',#6283,#6284);
#6283 = CARTESIAN_POINT('',(3.863603896932,0.804399874293));
#6284 = VECTOR('',#6285,1.);
#6285 = DIRECTION('',(-0.707106781187,-0.707106781187));
#6286 = ( GEOMETRIC_REPRESENTATION_CONTEXT(2) 
PARAMETRIC_REPRESENTATION_CONTEXT() REPRESENTATION_CONTEXT('2D SPACE',''
  ) );
#6287 = ORIENTED_EDGE('',*,*,#6288,.T.);
#6288 = EDGE_CURVE('',#6266,#6289,#6291,.T.);
#6289 = VERTEX_POINT('',#6290);
#6290 = CARTESIAN_POINT('',(-15.69282032302,25.580762113533,7.));
#6291 = SURFACE_CURVE('',#6292,(#6296,#6303),.PCURVE_S1.);
#6292 = LINE('',#6293,#6294);
#6293 = CARTESIAN_POINT('',(-14.30717967697,26.380762113533,7.));
#6294 = VECTOR('',#6295,1.);
#6295 = DIRECTION('',(-0.866025403784,-0.5,-0.));
#6296 = PCURVE('',#3689,#6297);
#6297 = DEFINITIONAL_REPRESENTATION('',(#6298),#6302);
#6298 = LINE('',#6299,#6300);
#6299 = CARTESIAN_POINT('',(-2.545584412272,-0.8));
#6300 = VECTOR('',#6301,1.);
#6301 = DIRECTION('',(-0.,1.));
#6302 = ( GEOMETRIC_REPRESENTATION_CONTEXT(2) 
PARAMETRIC_REPRESENTATION_CONTEXT() REPRESENTATION_CONTEXT('2D SPACE',''
  ) );
#6303 = PCURVE('',#6304,#6309);
#6304 = PLANE('',#6305);
#6305 = AXIS2_PLACEMENT_3D('',#6306,#6307,#6308);
#6306 = CARTESIAN_POINT('',(-15.,25.980762113533,7.));
#6307 = DIRECTION('',(0.5,-0.866025403784,-0.));
#6308 = DIRECTION('',(0.,0.,1.));
#6309 = DEFINITIONAL_REPRESENTATION('',(#6310),#6314);
#6310 = LINE('',#6311,#6312);
#6311 = CARTESIAN_POINT('',(-0.,-0.8));
#6312 = VECTOR('',#6313,1.);
#6313 = DIRECTION('',(-0.,1.));
#6314 = ( GEOMETRIC_REPRESENTATION_CONTEXT(2) 
PARAMETRIC_REPRESENTATION_CONTEXT() REPRESENTATION_CONTEXT('2D SPACE',''
  ) );
#6315 = ORIENTED_EDGE('',*,*,#6316,.F.);
#6316 = EDGE_CURVE('',#3668,#6289,#6317,.T.);
#6317 = SURFACE_CURVE('',#6318,(#6322,#6329),.PCURVE_S1.);
#6318 = LINE('',#6319,#6320);
#6319 = CARTESIAN_POINT('',(-16.59282032302,27.139607840345,8.8));
#6320 = VECTOR('',#6321,1.);
#6321 = DIRECTION('',(0.353553390593,-0.612372435696,-0.707106781187));
#6322 = PCURVE('',#3689,#6323);
#6323 = DEFINITIONAL_REPRESENTATION('',(#6324),#6328);
#6324 = LINE('',#6325,#6326);
#6325 = CARTESIAN_POINT('',(2.560586020882E-15,0.8));
#6326 = VECTOR('',#6327,1.);
#6327 = DIRECTION('',(-1.,0.));
#6328 = ( GEOMETRIC_REPRESENTATION_CONTEXT(2) 
PARAMETRIC_REPRESENTATION_CONTEXT() REPRESENTATION_CONTEXT('2D SPACE',''
  ) );
#6329 = PCURVE('',#3721,#6330);
#6330 = DEFINITIONAL_REPRESENTATION('',(#6331),#6335);
#6331 = LINE('',#6332,#6333);
#6332 = CARTESIAN_POINT('',(3.863603896932,0.804399874293));
#6333 = VECTOR('',#6334,1.);
#6334 = DIRECTION('',(-0.707106781187,-0.707106781187));
#6335 = ( GEOMETRIC_REPRESENTATION_CONTEXT(2) 
PARAMETRIC_REPRESENTATION_CONTEXT() REPRESENTATION_CONTEXT('2D SPACE',''
  ) );
#6336 = ADVANCED_FACE('',(#6337),#3721,.T.);
#6337 = FACE_BOUND('',#6338,.F.);
#6338 = EDGE_LOOP('',(#6339,#6340,#6341,#6364));
#6339 = ORIENTED_EDGE('',*,*,#3705,.T.);
#6340 = ORIENTED_EDGE('',*,*,#6316,.T.);
#6341 = ORIENTED_EDGE('',*,*,#6342,.T.);
#6342 = EDGE_CURVE('',#6289,#6343,#6345,.T.);
#6343 = VERTEX_POINT('',#6344);
#6344 = CARTESIAN_POINT('',(-15.69282032302,25.580762113533,1.6));
#6345 = SURFACE_CURVE('',#6346,(#6350,#6357),.PCURVE_S1.);
#6346 = LINE('',#6347,#6348);
#6347 = CARTESIAN_POINT('',(-15.69282032302,25.580762113533,7.));
#6348 = VECTOR('',#6349,1.);
#6349 = DIRECTION('',(-0.,-0.,-1.));
#6350 = PCURVE('',#3721,#6351);
#6351 = DEFINITIONAL_REPRESENTATION('',(#6352),#6356);
#6352 = LINE('',#6353,#6354);
#6353 = CARTESIAN_POINT('',(2.063603896932,-0.995600125707));
#6354 = VECTOR('',#6355,1.);
#6355 = DIRECTION('',(-1.,0.));
#6356 = ( GEOMETRIC_REPRESENTATION_CONTEXT(2) 
PARAMETRIC_REPRESENTATION_CONTEXT() REPRESENTATION_CONTEXT('2D SPACE',''
  ) );
#6357 = PCURVE('',#6304,#6358);
#6358 = DEFINITIONAL_REPRESENTATION('',(#6359),#6363);
#6359 = LINE('',#6360,#6361);
#6360 = CARTESIAN_POINT('',(-0.,0.8));
#6361 = VECTOR('',#6362,1.);
#6362 = DIRECTION('',(-1.,0.));
#6363 = ( GEOMETRIC_REPRESENTATION_CONTEXT(2) 
PARAMETRIC_REPRESENTATION_CONTEXT() REPRESENTATION_CONTEXT('2D SPACE',''
  ) );
#6364 = ORIENTED_EDGE('',*,*,#6365,.T.);
#6365 = EDGE_CURVE('',#6343,#3706,#6366,.T.);
#6366 = SURFACE_CURVE('',#6367,(#6371,#6378),.PCURVE_S1.);
#6367 = LINE('',#6368,#6369);
#6368 = CARTESIAN_POINT('',(-15.69282032302,25.580762113533,1.6));
#6369 = VECTOR('',#6370,1.);
#6370 = DIRECTION('',(-0.5,0.866025403784,-0.));
#6371 = PCURVE('',#3721,#6372);
#6372 = DEFINITIONAL_REPRESENTATION('',(#6373),#6377);
#6373 = LINE('',#6374,#6375);
#6374 = CARTESIAN_POINT('',(-3.336396103068,-0.995600125707));
#6375 = VECTOR('',#6376,1.);
#6376 = DIRECTION('',(-0.,1.));
#6377 = ( GEOMETRIC_REPRESENTATION_CONTEXT(2) 
PARAMETRIC_REPRESENTATION_CONTEXT() REPRESENTATION_CONTEXT('2D SPACE',''
  ) );
#6378 = PCURVE('',#3750,#6379);
#6379 = DEFINITIONAL_REPRESENTATION('',(#6380),#6384);
#6380 = LINE('',#6381,#6382);
#6381 = CARTESIAN_POINT('',(-9.436895709314E-16,0.8));
#6382 = VECTOR('',#6383,1.);
#6383 = DIRECTION('',(-1.,0.));
#6384 = ( GEOMETRIC_REPRESENTATION_CONTEXT(2) 
PARAMETRIC_REPRESENTATION_CONTEXT() REPRESENTATION_CONTEXT('2D SPACE',''
  ) );
#6385 = ADVANCED_FACE('',(#6386),#3776,.F.);
#6386 = FACE_BOUND('',#6387,.T.);
#6387 = EDGE_LOOP('',(#6388,#6389,#6390,#6413));
#6388 = ORIENTED_EDGE('',*,*,#3762,.T.);
#6389 = ORIENTED_EDGE('',*,*,#6265,.T.);
#6390 = ORIENTED_EDGE('',*,*,#6391,.T.);
#6391 = EDGE_CURVE('',#6266,#6392,#6394,.T.);
#6392 = VERTEX_POINT('',#6393);
#6393 = CARTESIAN_POINT('',(-14.30717967697,26.380762113533,1.6));
#6394 = SURFACE_CURVE('',#6395,(#6399,#6406),.PCURVE_S1.);
#6395 = LINE('',#6396,#6397);
#6396 = CARTESIAN_POINT('',(-14.30717967697,26.380762113533,7.));
#6397 = VECTOR('',#6398,1.);
#6398 = DIRECTION('',(-0.,-0.,-1.));
#6399 = PCURVE('',#3776,#6400);
#6400 = DEFINITIONAL_REPRESENTATION('',(#6401),#6405);
#6401 = LINE('',#6402,#6403);
#6402 = CARTESIAN_POINT('',(2.063603896932,-0.995600125707));
#6403 = VECTOR('',#6404,1.);
#6404 = DIRECTION('',(-1.,0.));
#6405 = ( GEOMETRIC_REPRESENTATION_CONTEXT(2) 
PARAMETRIC_REPRESENTATION_CONTEXT() REPRESENTATION_CONTEXT('2D SPACE',''
  ) );
#6406 = PCURVE('',#6304,#6407);
#6407 = DEFINITIONAL_REPRESENTATION('',(#6408),#6412);
#6408 = LINE('',#6409,#6410);
#6409 = CARTESIAN_POINT('',(-0.,-0.8));
#6410 = VECTOR('',#6411,1.);
#6411 = DIRECTION('',(-1.,0.));
#6412 = ( GEOMETRIC_REPRESENTATION_CONTEXT(2) 
PARAMETRIC_REPRESENTATION_CONTEXT() REPRESENTATION_CONTEXT('2D SPACE',''
  ) );
#6413 = ORIENTED_EDGE('',*,*,#6414,.T.);
#6414 = EDGE_CURVE('',#6392,#3734,#6415,.T.);
#6415 = SURFACE_CURVE('',#6416,(#6420,#6427),.PCURVE_S1.);
#6416 = LINE('',#6417,#6418);
#6417 = CARTESIAN_POINT('',(-14.30717967697,26.380762113533,1.6));
#6418 = VECTOR('',#6419,1.);
#6419 = DIRECTION('',(-0.5,0.866025403784,-0.));
#6420 = PCURVE('',#3776,#6421);
#6421 = DEFINITIONAL_REPRESENTATION('',(#6422),#6426);
#6422 = LINE('',#6423,#6424);
#6423 = CARTESIAN_POINT('',(-3.336396103068,-0.995600125707));
#6424 = VECTOR('',#6425,1.);
#6425 = DIRECTION('',(-0.,1.));
#6426 = ( GEOMETRIC_REPRESENTATION_CONTEXT(2) 
PARAMETRIC_REPRESENTATION_CONTEXT() REPRESENTATION_CONTEXT('2D SPACE',''
  ) );
#6427 = PCURVE('',#3750,#6428);
#6428 = DEFINITIONAL_REPRESENTATION('',(#6429),#6433);
#6429 = LINE('',#6430,#6431);
#6430 = CARTESIAN_POINT('',(9.436895709314E-16,-0.8));
#6431 = VECTOR('',#6432,1.);
#6432 = DIRECTION('',(-1.,0.));
#6433 = ( GEOMETRIC_REPRESENTATION_CONTEXT(2) 
PARAMETRIC_REPRESENTATION_CONTEXT() REPRESENTATION_CONTEXT('2D SPACE',''
  ) );
#6434 = ADVANCED_FACE('',(#6435),#3750,.T.);
#6435 = FACE_BOUND('',#6436,.F.);
#6436 = EDGE_LOOP('',(#6437,#6458,#6459,#6460));
#6437 = ORIENTED_EDGE('',*,*,#6438,.F.);
#6438 = EDGE_CURVE('',#6392,#6343,#6439,.T.);
#6439 = SURFACE_CURVE('',#6440,(#6444,#6451),.PCURVE_S1.);
#6440 = LINE('',#6441,#6442);
#6441 = CARTESIAN_POINT('',(-14.30717967697,26.380762113533,1.6));
#6442 = VECTOR('',#6443,1.);
#6443 = DIRECTION('',(-0.866025403784,-0.5,-0.));
#6444 = PCURVE('',#3750,#6445);
#6445 = DEFINITIONAL_REPRESENTATION('',(#6446),#6450);
#6446 = LINE('',#6447,#6448);
#6447 = CARTESIAN_POINT('',(9.436895709314E-16,-0.8));
#6448 = VECTOR('',#6449,1.);
#6449 = DIRECTION('',(-0.,1.));
#6450 = ( GEOMETRIC_REPRESENTATION_CONTEXT(2) 
PARAMETRIC_REPRESENTATION_CONTEXT() REPRESENTATION_CONTEXT('2D SPACE',''
  ) );
#6451 = PCURVE('',#6304,#6452);
#6452 = DEFINITIONAL_REPRESENTATION('',(#6453),#6457);
#6453 = LINE('',#6454,#6455);
#6454 = CARTESIAN_POINT('',(-5.4,-0.8));
#6455 = VECTOR('',#6456,1.);
#6456 = DIRECTION('',(-0.,1.));
#6457 = ( GEOMETRIC_REPRESENTATION_CONTEXT(2) 
PARAMETRIC_REPRESENTATION_CONTEXT() REPRESENTATION_CONTEXT('2D SPACE',''
  ) );
#6458 = ORIENTED_EDGE('',*,*,#6414,.T.);
#6459 = ORIENTED_EDGE('',*,*,#3733,.F.);
#6460 = ORIENTED_EDGE('',*,*,#6365,.F.);
#6461 = ADVANCED_FACE('',(#6462),#3812,.T.);
#6462 = FACE_BOUND('',#6463,.F.);
#6463 = EDGE_LOOP('',(#6464,#6465,#6488,#6516));
#6464 = ORIENTED_EDGE('',*,*,#3790,.T.);
#6465 = ORIENTED_EDGE('',*,*,#6466,.T.);
#6466 = EDGE_CURVE('',#3793,#6467,#6469,.T.);
#6467 = VERTEX_POINT('',#6468);
#6468 = CARTESIAN_POINT('',(-30.,0.8,7.));
#6469 = SURFACE_CURVE('',#6470,(#6474,#6481),.PCURVE_S1.);
#6470 = LINE('',#6471,#6472);
#6471 = CARTESIAN_POINT('',(-31.8,0.8,8.8));
#6472 = VECTOR('',#6473,1.);
#6473 = DIRECTION('',(0.707106781187,-8.659560562355E-17,-0.707106781187
    ));
#6474 = PCURVE('',#3812,#6475);
#6475 = DEFINITIONAL_REPRESENTATION('',(#6476),#6480);
#6476 = LINE('',#6477,#6478);
#6477 = CARTESIAN_POINT('',(6.927648449884E-17,-0.8));
#6478 = VECTOR('',#6479,1.);
#6479 = DIRECTION('',(-1.,0.));
#6480 = ( GEOMETRIC_REPRESENTATION_CONTEXT(2) 
PARAMETRIC_REPRESENTATION_CONTEXT() REPRESENTATION_CONTEXT('2D SPACE',''
  ) );
#6481 = PCURVE('',#3899,#6482);
#6482 = DEFINITIONAL_REPRESENTATION('',(#6483),#6487);
#6483 = LINE('',#6484,#6485);
#6484 = CARTESIAN_POINT('',(3.863603896932,0.804399874293));
#6485 = VECTOR('',#6486,1.);
#6486 = DIRECTION('',(-0.707106781187,-0.707106781187));
#6487 = ( GEOMETRIC_REPRESENTATION_CONTEXT(2) 
PARAMETRIC_REPRESENTATION_CONTEXT() REPRESENTATION_CONTEXT('2D SPACE',''
  ) );
#6488 = ORIENTED_EDGE('',*,*,#6489,.T.);
#6489 = EDGE_CURVE('',#6467,#6490,#6492,.T.);
#6490 = VERTEX_POINT('',#6491);
#6491 = CARTESIAN_POINT('',(-30.,-0.8,7.));
#6492 = SURFACE_CURVE('',#6493,(#6497,#6504),.PCURVE_S1.);
#6493 = LINE('',#6494,#6495);
#6494 = CARTESIAN_POINT('',(-30.,0.8,7.));
#6495 = VECTOR('',#6496,1.);
#6496 = DIRECTION('',(-1.224646799147E-16,-1.,-0.));
#6497 = PCURVE('',#3812,#6498);
#6498 = DEFINITIONAL_REPRESENTATION('',(#6499),#6503);
#6499 = LINE('',#6500,#6501);
#6500 = CARTESIAN_POINT('',(-2.545584412272,-0.8));
#6501 = VECTOR('',#6502,1.);
#6502 = DIRECTION('',(-0.,1.));
#6503 = ( GEOMETRIC_REPRESENTATION_CONTEXT(2) 
PARAMETRIC_REPRESENTATION_CONTEXT() REPRESENTATION_CONTEXT('2D SPACE',''
  ) );
#6504 = PCURVE('',#6505,#6510);
#6505 = PLANE('',#6506);
#6506 = AXIS2_PLACEMENT_3D('',#6507,#6508,#6509);
#6507 = CARTESIAN_POINT('',(-30.,3.673940397442E-15,7.));
#6508 = DIRECTION('',(1.,-1.224646799147E-16,-0.));
#6509 = DIRECTION('',(0.,0.,1.));
#6510 = DEFINITIONAL_REPRESENTATION('',(#6511),#6515);
#6511 = LINE('',#6512,#6513);
#6512 = CARTESIAN_POINT('',(-0.,-0.8));
#6513 = VECTOR('',#6514,1.);
#6514 = DIRECTION('',(-0.,1.));
#6515 = ( GEOMETRIC_REPRESENTATION_CONTEXT(2) 
PARAMETRIC_REPRESENTATION_CONTEXT() REPRESENTATION_CONTEXT('2D SPACE',''
  ) );
#6516 = ORIENTED_EDGE('',*,*,#6517,.F.);
#6517 = EDGE_CURVE('',#3791,#6490,#6518,.T.);
#6518 = SURFACE_CURVE('',#6519,(#6523,#6530),.PCURVE_S1.);
#6519 = LINE('',#6520,#6521);
#6520 = CARTESIAN_POINT('',(-31.8,-0.8,8.8));
#6521 = VECTOR('',#6522,1.);
#6522 = DIRECTION('',(0.707106781187,-8.659560562355E-17,-0.707106781187
    ));
#6523 = PCURVE('',#3812,#6524);
#6524 = DEFINITIONAL_REPRESENTATION('',(#6525),#6529);
#6525 = LINE('',#6526,#6527);
#6526 = CARTESIAN_POINT('',(-6.927648449884E-17,0.8));
#6527 = VECTOR('',#6528,1.);
#6528 = DIRECTION('',(-1.,0.));
#6529 = ( GEOMETRIC_REPRESENTATION_CONTEXT(2) 
PARAMETRIC_REPRESENTATION_CONTEXT() REPRESENTATION_CONTEXT('2D SPACE',''
  ) );
#6530 = PCURVE('',#3844,#6531);
#6531 = DEFINITIONAL_REPRESENTATION('',(#6532),#6536);
#6532 = LINE('',#6533,#6534);
#6533 = CARTESIAN_POINT('',(3.863603896932,0.804399874293));
#6534 = VECTOR('',#6535,1.);
#6535 = DIRECTION('',(-0.707106781187,-0.707106781187));
#6536 = ( GEOMETRIC_REPRESENTATION_CONTEXT(2) 
PARAMETRIC_REPRESENTATION_CONTEXT() REPRESENTATION_CONTEXT('2D SPACE',''
  ) );
#6537 = ADVANCED_FACE('',(#6538),#3844,.T.);
#6538 = FACE_BOUND('',#6539,.F.);
#6539 = EDGE_LOOP('',(#6540,#6541,#6542,#6565));
#6540 = ORIENTED_EDGE('',*,*,#3828,.T.);
#6541 = ORIENTED_EDGE('',*,*,#6517,.T.);
#6542 = ORIENTED_EDGE('',*,*,#6543,.T.);
#6543 = EDGE_CURVE('',#6490,#6544,#6546,.T.);
#6544 = VERTEX_POINT('',#6545);
#6545 = CARTESIAN_POINT('',(-30.,-0.8,1.6));
#6546 = SURFACE_CURVE('',#6547,(#6551,#6558),.PCURVE_S1.);
#6547 = LINE('',#6548,#6549);
#6548 = CARTESIAN_POINT('',(-30.,-0.8,7.));
#6549 = VECTOR('',#6550,1.);
#6550 = DIRECTION('',(-0.,-0.,-1.));
#6551 = PCURVE('',#3844,#6552);
#6552 = DEFINITIONAL_REPRESENTATION('',(#6553),#6557);
#6553 = LINE('',#6554,#6555);
#6554 = CARTESIAN_POINT('',(2.063603896932,-0.995600125707));
#6555 = VECTOR('',#6556,1.);
#6556 = DIRECTION('',(-1.,0.));
#6557 = ( GEOMETRIC_REPRESENTATION_CONTEXT(2) 
PARAMETRIC_REPRESENTATION_CONTEXT() REPRESENTATION_CONTEXT('2D SPACE',''
  ) );
#6558 = PCURVE('',#6505,#6559);
#6559 = DEFINITIONAL_REPRESENTATION('',(#6560),#6564);
#6560 = LINE('',#6561,#6562);
#6561 = CARTESIAN_POINT('',(-0.,0.8));
#6562 = VECTOR('',#6563,1.);
#6563 = DIRECTION('',(-1.,0.));
#6564 = ( GEOMETRIC_REPRESENTATION_CONTEXT(2) 
PARAMETRIC_REPRESENTATION_CONTEXT() REPRESENTATION_CONTEXT('2D SPACE',''
  ) );
#6565 = ORIENTED_EDGE('',*,*,#6566,.T.);
#6566 = EDGE_CURVE('',#6544,#3829,#6567,.T.);
#6567 = SURFACE_CURVE('',#6568,(#6572,#6579),.PCURVE_S1.);
#6568 = LINE('',#6569,#6570);
#6569 = CARTESIAN_POINT('',(-30.,-0.8,1.6));
#6570 = VECTOR('',#6571,1.);
#6571 = DIRECTION('',(-1.,1.224646799147E-16,-0.));
#6572 = PCURVE('',#3844,#6573);
#6573 = DEFINITIONAL_REPRESENTATION('',(#6574),#6578);
#6574 = LINE('',#6575,#6576);
#6575 = CARTESIAN_POINT('',(-3.336396103068,-0.995600125707));
#6576 = VECTOR('',#6577,1.);
#6577 = DIRECTION('',(-0.,1.));
#6578 = ( GEOMETRIC_REPRESENTATION_CONTEXT(2) 
PARAMETRIC_REPRESENTATION_CONTEXT() REPRESENTATION_CONTEXT('2D SPACE',''
  ) );
#6579 = PCURVE('',#3873,#6580);
#6580 = DEFINITIONAL_REPRESENTATION('',(#6581),#6585);
#6581 = LINE('',#6582,#6583);
#6582 = CARTESIAN_POINT('',(9.797174393179E-17,0.8));
#6583 = VECTOR('',#6584,1.);
#6584 = DIRECTION('',(-1.,0.));
#6585 = ( GEOMETRIC_REPRESENTATION_CONTEXT(2) 
PARAMETRIC_REPRESENTATION_CONTEXT() REPRESENTATION_CONTEXT('2D SPACE',''
  ) );
#6586 = ADVANCED_FACE('',(#6587),#3899,.F.);
#6587 = FACE_BOUND('',#6588,.T.);
#6588 = EDGE_LOOP('',(#6589,#6590,#6591,#6614));
#6589 = ORIENTED_EDGE('',*,*,#3885,.T.);
#6590 = ORIENTED_EDGE('',*,*,#6466,.T.);
#6591 = ORIENTED_EDGE('',*,*,#6592,.T.);
#6592 = EDGE_CURVE('',#6467,#6593,#6595,.T.);
#6593 = VERTEX_POINT('',#6594);
#6594 = CARTESIAN_POINT('',(-30.,0.8,1.6));
#6595 = SURFACE_CURVE('',#6596,(#6600,#6607),.PCURVE_S1.);
#6596 = LINE('',#6597,#6598);
#6597 = CARTESIAN_POINT('',(-30.,0.8,7.));
#6598 = VECTOR('',#6599,1.);
#6599 = DIRECTION('',(-0.,-0.,-1.));
#6600 = PCURVE('',#3899,#6601);
#6601 = DEFINITIONAL_REPRESENTATION('',(#6602),#6606);
#6602 = LINE('',#6603,#6604);
#6603 = CARTESIAN_POINT('',(2.063603896932,-0.995600125707));
#6604 = VECTOR('',#6605,1.);
#6605 = DIRECTION('',(-1.,0.));
#6606 = ( GEOMETRIC_REPRESENTATION_CONTEXT(2) 
PARAMETRIC_REPRESENTATION_CONTEXT() REPRESENTATION_CONTEXT('2D SPACE',''
  ) );
#6607 = PCURVE('',#6505,#6608);
#6608 = DEFINITIONAL_REPRESENTATION('',(#6609),#6613);
#6609 = LINE('',#6610,#6611);
#6610 = CARTESIAN_POINT('',(-0.,-0.8));
#6611 = VECTOR('',#6612,1.);
#6612 = DIRECTION('',(-1.,0.));
#6613 = ( GEOMETRIC_REPRESENTATION_CONTEXT(2) 
PARAMETRIC_REPRESENTATION_CONTEXT() REPRESENTATION_CONTEXT('2D SPACE',''
  ) );
#6614 = ORIENTED_EDGE('',*,*,#6615,.T.);
#6615 = EDGE_CURVE('',#6593,#3857,#6616,.T.);
#6616 = SURFACE_CURVE('',#6617,(#6621,#6628),.PCURVE_S1.);
#6617 = LINE('',#6618,#6619);
#6618 = CARTESIAN_POINT('',(-30.,0.8,1.6));
#6619 = VECTOR('',#6620,1.);
#6620 = DIRECTION('',(-1.,1.224646799147E-16,-0.));
#6621 = PCURVE('',#3899,#6622);
#6622 = DEFINITIONAL_REPRESENTATION('',(#6623),#6627);
#6623 = LINE('',#6624,#6625);
#6624 = CARTESIAN_POINT('',(-3.336396103068,-0.995600125707));
#6625 = VECTOR('',#6626,1.);
#6626 = DIRECTION('',(-0.,1.));
#6627 = ( GEOMETRIC_REPRESENTATION_CONTEXT(2) 
PARAMETRIC_REPRESENTATION_CONTEXT() REPRESENTATION_CONTEXT('2D SPACE',''
  ) );
#6628 = PCURVE('',#3873,#6629);
#6629 = DEFINITIONAL_REPRESENTATION('',(#6630),#6634);
#6630 = LINE('',#6631,#6632);
#6631 = CARTESIAN_POINT('',(-9.797174393179E-17,-0.8));
#6632 = VECTOR('',#6633,1.);
#6633 = DIRECTION('',(-1.,0.));
#6634 = ( GEOMETRIC_REPRESENTATION_CONTEXT(2) 
PARAMETRIC_REPRESENTATION_CONTEXT() REPRESENTATION_CONTEXT('2D SPACE',''
  ) );
#6635 = ADVANCED_FACE('',(#6636),#3873,.T.);
#6636 = FACE_BOUND('',#6637,.F.);
#6637 = EDGE_LOOP('',(#6638,#6659,#6660,#6661));
#6638 = ORIENTED_EDGE('',*,*,#6639,.F.);
#6639 = EDGE_CURVE('',#6593,#6544,#6640,.T.);
#6640 = SURFACE_CURVE('',#6641,(#6645,#6652),.PCURVE_S1.);
#6641 = LINE('',#6642,#6643);
#6642 = CARTESIAN_POINT('',(-30.,0.8,1.6));
#6643 = VECTOR('',#6644,1.);
#6644 = DIRECTION('',(-1.224646799147E-16,-1.,-0.));
#6645 = PCURVE('',#3873,#6646);
#6646 = DEFINITIONAL_REPRESENTATION('',(#6647),#6651);
#6647 = LINE('',#6648,#6649);
#6648 = CARTESIAN_POINT('',(-9.797174393179E-17,-0.8));
#6649 = VECTOR('',#6650,1.);
#6650 = DIRECTION('',(-0.,1.));
#6651 = ( GEOMETRIC_REPRESENTATION_CONTEXT(2) 
PARAMETRIC_REPRESENTATION_CONTEXT() REPRESENTATION_CONTEXT('2D SPACE',''
  ) );
#6652 = PCURVE('',#6505,#6653);
#6653 = DEFINITIONAL_REPRESENTATION('',(#6654),#6658);
#6654 = LINE('',#6655,#6656);
#6655 = CARTESIAN_POINT('',(-5.4,-0.8));
#6656 = VECTOR('',#6657,1.);
#6657 = DIRECTION('',(-0.,1.));
#6658 = ( GEOMETRIC_REPRESENTATION_CONTEXT(2) 
PARAMETRIC_REPRESENTATION_CONTEXT() REPRESENTATION_CONTEXT('2D SPACE',''
  ) );
#6659 = ORIENTED_EDGE('',*,*,#6615,.T.);
#6660 = ORIENTED_EDGE('',*,*,#3856,.F.);
#6661 = ORIENTED_EDGE('',*,*,#6566,.F.);
#6662 = ADVANCED_FACE('',(#6663),#3935,.T.);
#6663 = FACE_BOUND('',#6664,.F.);
#6664 = EDGE_LOOP('',(#6665,#6666,#6689,#6717));
#6665 = ORIENTED_EDGE('',*,*,#3913,.T.);
#6666 = ORIENTED_EDGE('',*,*,#6667,.T.);
#6667 = EDGE_CURVE('',#3916,#6668,#6670,.T.);
#6668 = VERTEX_POINT('',#6669);
#6669 = CARTESIAN_POINT('',(-15.69282032302,-25.58076211353,7.));
#6670 = SURFACE_CURVE('',#6671,(#6675,#6682),.PCURVE_S1.);
#6671 = LINE('',#6672,#6673);
#6672 = CARTESIAN_POINT('',(-16.59282032302,-27.13960784034,8.8));
#6673 = VECTOR('',#6674,1.);
#6674 = DIRECTION('',(0.353553390593,0.612372435696,-0.707106781187));
#6675 = PCURVE('',#3935,#6676);
#6676 = DEFINITIONAL_REPRESENTATION('',(#6677),#6681);
#6677 = LINE('',#6678,#6679);
#6678 = CARTESIAN_POINT('',(-4.996003610813E-16,-0.8));
#6679 = VECTOR('',#6680,1.);
#6680 = DIRECTION('',(-1.,0.));
#6681 = ( GEOMETRIC_REPRESENTATION_CONTEXT(2) 
PARAMETRIC_REPRESENTATION_CONTEXT() REPRESENTATION_CONTEXT('2D SPACE',''
  ) );
#6682 = PCURVE('',#4022,#6683);
#6683 = DEFINITIONAL_REPRESENTATION('',(#6684),#6688);
#6684 = LINE('',#6685,#6686);
#6685 = CARTESIAN_POINT('',(3.863603896932,0.804399874293));
#6686 = VECTOR('',#6687,1.);
#6687 = DIRECTION('',(-0.707106781187,-0.707106781187));
#6688 = ( GEOMETRIC_REPRESENTATION_CONTEXT(2) 
PARAMETRIC_REPRESENTATION_CONTEXT() REPRESENTATION_CONTEXT('2D SPACE',''
  ) );
#6689 = ORIENTED_EDGE('',*,*,#6690,.T.);
#6690 = EDGE_CURVE('',#6668,#6691,#6693,.T.);
#6691 = VERTEX_POINT('',#6692);
#6692 = CARTESIAN_POINT('',(-14.30717967697,-26.38076211353,7.));
#6693 = SURFACE_CURVE('',#6694,(#6698,#6705),.PCURVE_S1.);
#6694 = LINE('',#6695,#6696);
#6695 = CARTESIAN_POINT('',(-15.69282032302,-25.58076211353,7.));
#6696 = VECTOR('',#6697,1.);
#6697 = DIRECTION('',(0.866025403784,-0.5,-0.));
#6698 = PCURVE('',#3935,#6699);
#6699 = DEFINITIONAL_REPRESENTATION('',(#6700),#6704);
#6700 = LINE('',#6701,#6702);
#6701 = CARTESIAN_POINT('',(-2.545584412272,-0.8));
#6702 = VECTOR('',#6703,1.);
#6703 = DIRECTION('',(-0.,1.));
#6704 = ( GEOMETRIC_REPRESENTATION_CONTEXT(2) 
PARAMETRIC_REPRESENTATION_CONTEXT() REPRESENTATION_CONTEXT('2D SPACE',''
  ) );
#6705 = PCURVE('',#6706,#6711);
#6706 = PLANE('',#6707);
#6707 = AXIS2_PLACEMENT_3D('',#6708,#6709,#6710);
#6708 = CARTESIAN_POINT('',(-15.,-25.98076211353,7.));
#6709 = DIRECTION('',(0.5,0.866025403784,-0.));
#6710 = DIRECTION('',(0.,0.,1.));
#6711 = DEFINITIONAL_REPRESENTATION('',(#6712),#6716);
#6712 = LINE('',#6713,#6714);
#6713 = CARTESIAN_POINT('',(-0.,-0.8));
#6714 = VECTOR('',#6715,1.);
#6715 = DIRECTION('',(-0.,1.));
#6716 = ( GEOMETRIC_REPRESENTATION_CONTEXT(2) 
PARAMETRIC_REPRESENTATION_CONTEXT() REPRESENTATION_CONTEXT('2D SPACE',''
  ) );
#6717 = ORIENTED_EDGE('',*,*,#6718,.F.);
#6718 = EDGE_CURVE('',#3914,#6691,#6719,.T.);
#6719 = SURFACE_CURVE('',#6720,(#6724,#6731),.PCURVE_S1.);
#6720 = LINE('',#6721,#6722);
#6721 = CARTESIAN_POINT('',(-15.20717967697,-27.93960784034,8.8));
#6722 = VECTOR('',#6723,1.);
#6723 = DIRECTION('',(0.353553390593,0.612372435696,-0.707106781187));
#6724 = PCURVE('',#3935,#6725);
#6725 = DEFINITIONAL_REPRESENTATION('',(#6726),#6730);
#6726 = LINE('',#6727,#6728);
#6727 = CARTESIAN_POINT('',(1.110223024625E-15,0.8));
#6728 = VECTOR('',#6729,1.);
#6729 = DIRECTION('',(-1.,0.));
#6730 = ( GEOMETRIC_REPRESENTATION_CONTEXT(2) 
PARAMETRIC_REPRESENTATION_CONTEXT() REPRESENTATION_CONTEXT('2D SPACE',''
  ) );
#6731 = PCURVE('',#3967,#6732);
#6732 = DEFINITIONAL_REPRESENTATION('',(#6733),#6737);
#6733 = LINE('',#6734,#6735);
#6734 = CARTESIAN_POINT('',(3.863603896932,0.804399874293));
#6735 = VECTOR('',#6736,1.);
#6736 = DIRECTION('',(-0.707106781187,-0.707106781187));
#6737 = ( GEOMETRIC_REPRESENTATION_CONTEXT(2) 
PARAMETRIC_REPRESENTATION_CONTEXT() REPRESENTATION_CONTEXT('2D SPACE',''
  ) );
#6738 = ADVANCED_FACE('',(#6739),#3967,.T.);
#6739 = FACE_BOUND('',#6740,.F.);
#6740 = EDGE_LOOP('',(#6741,#6742,#6743,#6766));
#6741 = ORIENTED_EDGE('',*,*,#3951,.T.);
#6742 = ORIENTED_EDGE('',*,*,#6718,.T.);
#6743 = ORIENTED_EDGE('',*,*,#6744,.T.);
#6744 = EDGE_CURVE('',#6691,#6745,#6747,.T.);
#6745 = VERTEX_POINT('',#6746);
#6746 = CARTESIAN_POINT('',(-14.30717967697,-26.38076211353,1.6));
#6747 = SURFACE_CURVE('',#6748,(#6752,#6759),.PCURVE_S1.);
#6748 = LINE('',#6749,#6750);
#6749 = CARTESIAN_POINT('',(-14.30717967697,-26.38076211353,7.));
#6750 = VECTOR('',#6751,1.);
#6751 = DIRECTION('',(-0.,-0.,-1.));
#6752 = PCURVE('',#3967,#6753);
#6753 = DEFINITIONAL_REPRESENTATION('',(#6754),#6758);
#6754 = LINE('',#6755,#6756);
#6755 = CARTESIAN_POINT('',(2.063603896932,-0.995600125707));
#6756 = VECTOR('',#6757,1.);
#6757 = DIRECTION('',(-1.,0.));
#6758 = ( GEOMETRIC_REPRESENTATION_CONTEXT(2) 
PARAMETRIC_REPRESENTATION_CONTEXT() REPRESENTATION_CONTEXT('2D SPACE',''
  ) );
#6759 = PCURVE('',#6706,#6760);
#6760 = DEFINITIONAL_REPRESENTATION('',(#6761),#6765);
#6761 = LINE('',#6762,#6763);
#6762 = CARTESIAN_POINT('',(-0.,0.8));
#6763 = VECTOR('',#6764,1.);
#6764 = DIRECTION('',(-1.,0.));
#6765 = ( GEOMETRIC_REPRESENTATION_CONTEXT(2) 
PARAMETRIC_REPRESENTATION_CONTEXT() REPRESENTATION_CONTEXT('2D SPACE',''
  ) );
#6766 = ORIENTED_EDGE('',*,*,#6767,.T.);
#6767 = EDGE_CURVE('',#6745,#3952,#6768,.T.);
#6768 = SURFACE_CURVE('',#6769,(#6773,#6780),.PCURVE_S1.);
#6769 = LINE('',#6770,#6771);
#6770 = CARTESIAN_POINT('',(-14.30717967697,-26.38076211353,1.6));
#6771 = VECTOR('',#6772,1.);
#6772 = DIRECTION('',(-0.5,-0.866025403784,-0.));
#6773 = PCURVE('',#3967,#6774);
#6774 = DEFINITIONAL_REPRESENTATION('',(#6775),#6779);
#6775 = LINE('',#6776,#6777);
#6776 = CARTESIAN_POINT('',(-3.336396103068,-0.995600125707));
#6777 = VECTOR('',#6778,1.);
#6778 = DIRECTION('',(-0.,1.));
#6779 = ( GEOMETRIC_REPRESENTATION_CONTEXT(2) 
PARAMETRIC_REPRESENTATION_CONTEXT() REPRESENTATION_CONTEXT('2D SPACE',''
  ) );
#6780 = PCURVE('',#3996,#6781);
#6781 = DEFINITIONAL_REPRESENTATION('',(#6782),#6786);
#6782 = LINE('',#6783,#6784);
#6783 = CARTESIAN_POINT('',(1.498801083244E-15,0.8));
#6784 = VECTOR('',#6785,1.);
#6785 = DIRECTION('',(-1.,0.));
#6786 = ( GEOMETRIC_REPRESENTATION_CONTEXT(2) 
PARAMETRIC_REPRESENTATION_CONTEXT() REPRESENTATION_CONTEXT('2D SPACE',''
  ) );
#6787 = ADVANCED_FACE('',(#6788),#4022,.F.);
#6788 = FACE_BOUND('',#6789,.T.);
#6789 = EDGE_LOOP('',(#6790,#6791,#6792,#6815));
#6790 = ORIENTED_EDGE('',*,*,#4008,.T.);
#6791 = ORIENTED_EDGE('',*,*,#6667,.T.);
#6792 = ORIENTED_EDGE('',*,*,#6793,.T.);
#6793 = EDGE_CURVE('',#6668,#6794,#6796,.T.);
#6794 = VERTEX_POINT('',#6795);
#6795 = CARTESIAN_POINT('',(-15.69282032302,-25.58076211353,1.6));
#6796 = SURFACE_CURVE('',#6797,(#6801,#6808),.PCURVE_S1.);
#6797 = LINE('',#6798,#6799);
#6798 = CARTESIAN_POINT('',(-15.69282032302,-25.58076211353,7.));
#6799 = VECTOR('',#6800,1.);
#6800 = DIRECTION('',(-0.,-0.,-1.));
#6801 = PCURVE('',#4022,#6802);
#6802 = DEFINITIONAL_REPRESENTATION('',(#6803),#6807);
#6803 = LINE('',#6804,#6805);
#6804 = CARTESIAN_POINT('',(2.063603896932,-0.995600125707));
#6805 = VECTOR('',#6806,1.);
#6806 = DIRECTION('',(-1.,0.));
#6807 = ( GEOMETRIC_REPRESENTATION_CONTEXT(2) 
PARAMETRIC_REPRESENTATION_CONTEXT() REPRESENTATION_CONTEXT('2D SPACE',''
  ) );
#6808 = PCURVE('',#6706,#6809);
#6809 = DEFINITIONAL_REPRESENTATION('',(#6810),#6814);
#6810 = LINE('',#6811,#6812);
#6811 = CARTESIAN_POINT('',(-0.,-0.8));
#6812 = VECTOR('',#6813,1.);
#6813 = DIRECTION('',(-1.,0.));
#6814 = ( GEOMETRIC_REPRESENTATION_CONTEXT(2) 
PARAMETRIC_REPRESENTATION_CONTEXT() REPRESENTATION_CONTEXT('2D SPACE',''
  ) );
#6815 = ORIENTED_EDGE('',*,*,#6816,.T.);
#6816 = EDGE_CURVE('',#6794,#3980,#6817,.T.);
#6817 = SURFACE_CURVE('',#6818,(#6822,#6829),.PCURVE_S1.);
#6818 = LINE('',#6819,#6820);
#6819 = CARTESIAN_POINT('',(-15.69282032302,-25.58076211353,1.6));
#6820 = VECTOR('',#6821,1.);
#6821 = DIRECTION('',(-0.5,-0.866025403784,-0.));
#6822 = PCURVE('',#4022,#6823);
#6823 = DEFINITIONAL_REPRESENTATION('',(#6824),#6828);
#6824 = LINE('',#6825,#6826);
#6825 = CARTESIAN_POINT('',(-3.336396103068,-0.995600125707));
#6826 = VECTOR('',#6827,1.);
#6827 = DIRECTION('',(-0.,1.));
#6828 = ( GEOMETRIC_REPRESENTATION_CONTEXT(2) 
PARAMETRIC_REPRESENTATION_CONTEXT() REPRESENTATION_CONTEXT('2D SPACE',''
  ) );
#6829 = PCURVE('',#3996,#6830);
#6830 = DEFINITIONAL_REPRESENTATION('',(#6831),#6835);
#6831 = LINE('',#6832,#6833);
#6832 = CARTESIAN_POINT('',(-1.498801083244E-15,-0.8));
#6833 = VECTOR('',#6834,1.);
#6834 = DIRECTION('',(-1.,0.));
#6835 = ( GEOMETRIC_REPRESENTATION_CONTEXT(2) 
PARAMETRIC_REPRESENTATION_CONTEXT() REPRESENTATION_CONTEXT('2D SPACE',''
  ) );
#6836 = ADVANCED_FACE('',(#6837),#3996,.T.);
#6837 = FACE_BOUND('',#6838,.F.);
#6838 = EDGE_LOOP('',(#6839,#6860,#6861,#6862));
#6839 = ORIENTED_EDGE('',*,*,#6840,.F.);
#6840 = EDGE_CURVE('',#6794,#6745,#6841,.T.);
#6841 = SURFACE_CURVE('',#6842,(#6846,#6853),.PCURVE_S1.);
#6842 = LINE('',#6843,#6844);
#6843 = CARTESIAN_POINT('',(-15.69282032302,-25.58076211353,1.6));
#6844 = VECTOR('',#6845,1.);
#6845 = DIRECTION('',(0.866025403784,-0.5,-0.));
#6846 = PCURVE('',#3996,#6847);
#6847 = DEFINITIONAL_REPRESENTATION('',(#6848),#6852);
#6848 = LINE('',#6849,#6850);
#6849 = CARTESIAN_POINT('',(-1.498801083244E-15,-0.8));
#6850 = VECTOR('',#6851,1.);
#6851 = DIRECTION('',(-0.,1.));
#6852 = ( GEOMETRIC_REPRESENTATION_CONTEXT(2) 
PARAMETRIC_REPRESENTATION_CONTEXT() REPRESENTATION_CONTEXT('2D SPACE',''
  ) );
#6853 = PCURVE('',#6706,#6854);
#6854 = DEFINITIONAL_REPRESENTATION('',(#6855),#6859);
#6855 = LINE('',#6856,#6857);
#6856 = CARTESIAN_POINT('',(-5.4,-0.8));
#6857 = VECTOR('',#6858,1.);
#6858 = DIRECTION('',(-0.,1.));
#6859 = ( GEOMETRIC_REPRESENTATION_CONTEXT(2) 
PARAMETRIC_REPRESENTATION_CONTEXT() REPRESENTATION_CONTEXT('2D SPACE',''
  ) );
#6860 = ORIENTED_EDGE('',*,*,#6816,.T.);
#6861 = ORIENTED_EDGE('',*,*,#3979,.F.);
#6862 = ORIENTED_EDGE('',*,*,#6767,.F.);
#6863 = ADVANCED_FACE('',(#6864),#4058,.T.);
#6864 = FACE_BOUND('',#6865,.F.);
#6865 = EDGE_LOOP('',(#6866,#6867,#6890,#6918));
#6866 = ORIENTED_EDGE('',*,*,#4036,.T.);
#6867 = ORIENTED_EDGE('',*,*,#6868,.T.);
#6868 = EDGE_CURVE('',#4039,#6869,#6871,.T.);
#6869 = VERTEX_POINT('',#6870);
#6870 = CARTESIAN_POINT('',(14.307179676972,-26.38076211353,7.));
#6871 = SURFACE_CURVE('',#6872,(#6876,#6883),.PCURVE_S1.);
#6872 = LINE('',#6873,#6874);
#6873 = CARTESIAN_POINT('',(15.207179676972,-27.93960784034,8.8));
#6874 = VECTOR('',#6875,1.);
#6875 = DIRECTION('',(-0.353553390593,0.612372435696,-0.707106781187));
#6876 = PCURVE('',#4058,#6877);
#6877 = DEFINITIONAL_REPRESENTATION('',(#6878),#6882);
#6878 = LINE('',#6879,#6880);
#6879 = CARTESIAN_POINT('',(-8.326672684689E-16,-0.8));
#6880 = VECTOR('',#6881,1.);
#6881 = DIRECTION('',(-1.,0.));
#6882 = ( GEOMETRIC_REPRESENTATION_CONTEXT(2) 
PARAMETRIC_REPRESENTATION_CONTEXT() REPRESENTATION_CONTEXT('2D SPACE',''
  ) );
#6883 = PCURVE('',#4145,#6884);
#6884 = DEFINITIONAL_REPRESENTATION('',(#6885),#6889);
#6885 = LINE('',#6886,#6887);
#6886 = CARTESIAN_POINT('',(3.863603896932,0.804399874293));
#6887 = VECTOR('',#6888,1.);
#6888 = DIRECTION('',(-0.707106781187,-0.707106781187));
#6889 = ( GEOMETRIC_REPRESENTATION_CONTEXT(2) 
PARAMETRIC_REPRESENTATION_CONTEXT() REPRESENTATION_CONTEXT('2D SPACE',''
  ) );
#6890 = ORIENTED_EDGE('',*,*,#6891,.T.);
#6891 = EDGE_CURVE('',#6869,#6892,#6894,.T.);
#6892 = VERTEX_POINT('',#6893);
#6893 = CARTESIAN_POINT('',(15.692820323028,-25.58076211353,7.));
#6894 = SURFACE_CURVE('',#6895,(#6899,#6906),.PCURVE_S1.);
#6895 = LINE('',#6896,#6897);
#6896 = CARTESIAN_POINT('',(14.307179676972,-26.38076211353,7.));
#6897 = VECTOR('',#6898,1.);
#6898 = DIRECTION('',(0.866025403784,0.5,-0.));
#6899 = PCURVE('',#4058,#6900);
#6900 = DEFINITIONAL_REPRESENTATION('',(#6901),#6905);
#6901 = LINE('',#6902,#6903);
#6902 = CARTESIAN_POINT('',(-2.545584412272,-0.8));
#6903 = VECTOR('',#6904,1.);
#6904 = DIRECTION('',(-0.,1.));
#6905 = ( GEOMETRIC_REPRESENTATION_CONTEXT(2) 
PARAMETRIC_REPRESENTATION_CONTEXT() REPRESENTATION_CONTEXT('2D SPACE',''
  ) );
#6906 = PCURVE('',#6907,#6912);
#6907 = PLANE('',#6908);
#6908 = AXIS2_PLACEMENT_3D('',#6909,#6910,#6911);
#6909 = CARTESIAN_POINT('',(15.,-25.98076211353,7.));
#6910 = DIRECTION('',(-0.5,0.866025403784,-0.));
#6911 = DIRECTION('',(0.,0.,1.));
#6912 = DEFINITIONAL_REPRESENTATION('',(#6913),#6917);
#6913 = LINE('',#6914,#6915);
#6914 = CARTESIAN_POINT('',(-0.,-0.8));
#6915 = VECTOR('',#6916,1.);
#6916 = DIRECTION('',(0.,1.));
#6917 = ( GEOMETRIC_REPRESENTATION_CONTEXT(2) 
PARAMETRIC_REPRESENTATION_CONTEXT() REPRESENTATION_CONTEXT('2D SPACE',''
  ) );
#6918 = ORIENTED_EDGE('',*,*,#6919,.F.);
#6919 = EDGE_CURVE('',#4037,#6892,#6920,.T.);
#6920 = SURFACE_CURVE('',#6921,(#6925,#6932),.PCURVE_S1.);
#6921 = LINE('',#6922,#6923);
#6922 = CARTESIAN_POINT('',(16.592820323028,-27.13960784034,8.8));
#6923 = VECTOR('',#6924,1.);
#6924 = DIRECTION('',(-0.353553390593,0.612372435696,-0.707106781187));
#6925 = PCURVE('',#4058,#6926);
#6926 = DEFINITIONAL_REPRESENTATION('',(#6927),#6931);
#6927 = LINE('',#6928,#6929);
#6928 = CARTESIAN_POINT('',(2.727119474575E-15,0.8));
#6929 = VECTOR('',#6930,1.);
#6930 = DIRECTION('',(-1.,0.));
#6931 = ( GEOMETRIC_REPRESENTATION_CONTEXT(2) 
PARAMETRIC_REPRESENTATION_CONTEXT() REPRESENTATION_CONTEXT('2D SPACE',''
  ) );
#6932 = PCURVE('',#4090,#6933);
#6933 = DEFINITIONAL_REPRESENTATION('',(#6934),#6938);
#6934 = LINE('',#6935,#6936);
#6935 = CARTESIAN_POINT('',(3.863603896932,0.804399874293));
#6936 = VECTOR('',#6937,1.);
#6937 = DIRECTION('',(-0.707106781187,-0.707106781187));
#6938 = ( GEOMETRIC_REPRESENTATION_CONTEXT(2) 
PARAMETRIC_REPRESENTATION_CONTEXT() REPRESENTATION_CONTEXT('2D SPACE',''
  ) );
#6939 = ADVANCED_FACE('',(#6940),#4090,.T.);
#6940 = FACE_BOUND('',#6941,.F.);
#6941 = EDGE_LOOP('',(#6942,#6943,#6944,#6967));
#6942 = ORIENTED_EDGE('',*,*,#4074,.T.);
#6943 = ORIENTED_EDGE('',*,*,#6919,.T.);
#6944 = ORIENTED_EDGE('',*,*,#6945,.T.);
#6945 = EDGE_CURVE('',#6892,#6946,#6948,.T.);
#6946 = VERTEX_POINT('',#6947);
#6947 = CARTESIAN_POINT('',(15.692820323028,-25.58076211353,1.6));
#6948 = SURFACE_CURVE('',#6949,(#6953,#6960),.PCURVE_S1.);
#6949 = LINE('',#6950,#6951);
#6950 = CARTESIAN_POINT('',(15.692820323028,-25.58076211353,7.));
#6951 = VECTOR('',#6952,1.);
#6952 = DIRECTION('',(-0.,-0.,-1.));
#6953 = PCURVE('',#4090,#6954);
#6954 = DEFINITIONAL_REPRESENTATION('',(#6955),#6959);
#6955 = LINE('',#6956,#6957);
#6956 = CARTESIAN_POINT('',(2.063603896932,-0.995600125707));
#6957 = VECTOR('',#6958,1.);
#6958 = DIRECTION('',(-1.,0.));
#6959 = ( GEOMETRIC_REPRESENTATION_CONTEXT(2) 
PARAMETRIC_REPRESENTATION_CONTEXT() REPRESENTATION_CONTEXT('2D SPACE',''
  ) );
#6960 = PCURVE('',#6907,#6961);
#6961 = DEFINITIONAL_REPRESENTATION('',(#6962),#6966);
#6962 = LINE('',#6963,#6964);
#6963 = CARTESIAN_POINT('',(0.,0.8));
#6964 = VECTOR('',#6965,1.);
#6965 = DIRECTION('',(-1.,0.));
#6966 = ( GEOMETRIC_REPRESENTATION_CONTEXT(2) 
PARAMETRIC_REPRESENTATION_CONTEXT() REPRESENTATION_CONTEXT('2D SPACE',''
  ) );
#6967 = ORIENTED_EDGE('',*,*,#6968,.T.);
#6968 = EDGE_CURVE('',#6946,#4075,#6969,.T.);
#6969 = SURFACE_CURVE('',#6970,(#6974,#6981),.PCURVE_S1.);
#6970 = LINE('',#6971,#6972);
#6971 = CARTESIAN_POINT('',(15.692820323028,-25.58076211353,1.6));
#6972 = VECTOR('',#6973,1.);
#6973 = DIRECTION('',(0.5,-0.866025403784,-0.));
#6974 = PCURVE('',#4090,#6975);
#6975 = DEFINITIONAL_REPRESENTATION('',(#6976),#6980);
#6976 = LINE('',#6977,#6978);
#6977 = CARTESIAN_POINT('',(-3.336396103068,-0.995600125707));
#6978 = VECTOR('',#6979,1.);
#6979 = DIRECTION('',(-0.,1.));
#6980 = ( GEOMETRIC_REPRESENTATION_CONTEXT(2) 
PARAMETRIC_REPRESENTATION_CONTEXT() REPRESENTATION_CONTEXT('2D SPACE',''
  ) );
#6981 = PCURVE('',#4119,#6982);
#6982 = DEFINITIONAL_REPRESENTATION('',(#6983),#6987);
#6983 = LINE('',#6984,#6985);
#6984 = CARTESIAN_POINT('',(-1.221245327088E-15,0.8));
#6985 = VECTOR('',#6986,1.);
#6986 = DIRECTION('',(-1.,0.));
#6987 = ( GEOMETRIC_REPRESENTATION_CONTEXT(2) 
PARAMETRIC_REPRESENTATION_CONTEXT() REPRESENTATION_CONTEXT('2D SPACE',''
  ) );
#6988 = ADVANCED_FACE('',(#6989),#4145,.F.);
#6989 = FACE_BOUND('',#6990,.T.);
#6990 = EDGE_LOOP('',(#6991,#6992,#6993,#7016));
#6991 = ORIENTED_EDGE('',*,*,#4131,.T.);
#6992 = ORIENTED_EDGE('',*,*,#6868,.T.);
#6993 = ORIENTED_EDGE('',*,*,#6994,.T.);
#6994 = EDGE_CURVE('',#6869,#6995,#6997,.T.);
#6995 = VERTEX_POINT('',#6996);
#6996 = CARTESIAN_POINT('',(14.307179676972,-26.38076211353,1.6));
#6997 = SURFACE_CURVE('',#6998,(#7002,#7009),.PCURVE_S1.);
#6998 = LINE('',#6999,#7000);
#6999 = CARTESIAN_POINT('',(14.307179676972,-26.38076211353,7.));
#7000 = VECTOR('',#7001,1.);
#7001 = DIRECTION('',(-0.,-0.,-1.));
#7002 = PCURVE('',#4145,#7003);
#7003 = DEFINITIONAL_REPRESENTATION('',(#7004),#7008);
#7004 = LINE('',#7005,#7006);
#7005 = CARTESIAN_POINT('',(2.063603896932,-0.995600125707));
#7006 = VECTOR('',#7007,1.);
#7007 = DIRECTION('',(-1.,0.));
#7008 = ( GEOMETRIC_REPRESENTATION_CONTEXT(2) 
PARAMETRIC_REPRESENTATION_CONTEXT() REPRESENTATION_CONTEXT('2D SPACE',''
  ) );
#7009 = PCURVE('',#6907,#7010);
#7010 = DEFINITIONAL_REPRESENTATION('',(#7011),#7015);
#7011 = LINE('',#7012,#7013);
#7012 = CARTESIAN_POINT('',(-0.,-0.8));
#7013 = VECTOR('',#7014,1.);
#7014 = DIRECTION('',(-1.,0.));
#7015 = ( GEOMETRIC_REPRESENTATION_CONTEXT(2) 
PARAMETRIC_REPRESENTATION_CONTEXT() REPRESENTATION_CONTEXT('2D SPACE',''
  ) );
#7016 = ORIENTED_EDGE('',*,*,#7017,.T.);
#7017 = EDGE_CURVE('',#6995,#4103,#7018,.T.);
#7018 = SURFACE_CURVE('',#7019,(#7023,#7030),.PCURVE_S1.);
#7019 = LINE('',#7020,#7021);
#7020 = CARTESIAN_POINT('',(14.307179676972,-26.38076211353,1.6));
#7021 = VECTOR('',#7022,1.);
#7022 = DIRECTION('',(0.5,-0.866025403784,-0.));
#7023 = PCURVE('',#4145,#7024);
#7024 = DEFINITIONAL_REPRESENTATION('',(#7025),#7029);
#7025 = LINE('',#7026,#7027);
#7026 = CARTESIAN_POINT('',(-3.336396103068,-0.995600125707));
#7027 = VECTOR('',#7028,1.);
#7028 = DIRECTION('',(-0.,1.));
#7029 = ( GEOMETRIC_REPRESENTATION_CONTEXT(2) 
PARAMETRIC_REPRESENTATION_CONTEXT() REPRESENTATION_CONTEXT('2D SPACE',''
  ) );
#7030 = PCURVE('',#4119,#7031);
#7031 = DEFINITIONAL_REPRESENTATION('',(#7032),#7036);
#7032 = LINE('',#7033,#7034);
#7033 = CARTESIAN_POINT('',(1.221245327088E-15,-0.8));
#7034 = VECTOR('',#7035,1.);
#7035 = DIRECTION('',(-1.,0.));
#7036 = ( GEOMETRIC_REPRESENTATION_CONTEXT(2) 
PARAMETRIC_REPRESENTATION_CONTEXT() REPRESENTATION_CONTEXT('2D SPACE',''
  ) );
#7037 = ADVANCED_FACE('',(#7038),#4119,.T.);
#7038 = FACE_BOUND('',#7039,.F.);
#7039 = EDGE_LOOP('',(#7040,#7061,#7062,#7063));
#7040 = ORIENTED_EDGE('',*,*,#7041,.F.);
#7041 = EDGE_CURVE('',#6995,#6946,#7042,.T.);
#7042 = SURFACE_CURVE('',#7043,(#7047,#7054),.PCURVE_S1.);
#7043 = LINE('',#7044,#7045);
#7044 = CARTESIAN_POINT('',(14.307179676972,-26.38076211353,1.6));
#7045 = VECTOR('',#7046,1.);
#7046 = DIRECTION('',(0.866025403784,0.5,-0.));
#7047 = PCURVE('',#4119,#7048);
#7048 = DEFINITIONAL_REPRESENTATION('',(#7049),#7053);
#7049 = LINE('',#7050,#7051);
#7050 = CARTESIAN_POINT('',(1.221245327088E-15,-0.8));
#7051 = VECTOR('',#7052,1.);
#7052 = DIRECTION('',(-0.,1.));
#7053 = ( GEOMETRIC_REPRESENTATION_CONTEXT(2) 
PARAMETRIC_REPRESENTATION_CONTEXT() REPRESENTATION_CONTEXT('2D SPACE',''
  ) );
#7054 = PCURVE('',#6907,#7055);
#7055 = DEFINITIONAL_REPRESENTATION('',(#7056),#7060);
#7056 = LINE('',#7057,#7058);
#7057 = CARTESIAN_POINT('',(-5.4,-0.8));
#7058 = VECTOR('',#7059,1.);
#7059 = DIRECTION('',(0.,1.));
#7060 = ( GEOMETRIC_REPRESENTATION_CONTEXT(2) 
PARAMETRIC_REPRESENTATION_CONTEXT() REPRESENTATION_CONTEXT('2D SPACE',''
  ) );
#7061 = ORIENTED_EDGE('',*,*,#7017,.T.);
#7062 = ORIENTED_EDGE('',*,*,#4102,.F.);
#7063 = ORIENTED_EDGE('',*,*,#6968,.F.);
#7064 = ADVANCED_FACE('',(#7065),#4178,.F.);
#7065 = FACE_BOUND('',#7066,.T.);
#7066 = EDGE_LOOP('',(#7067,#7090,#7091,#7114,#7146));
#7067 = ORIENTED_EDGE('',*,*,#7068,.F.);
#7068 = EDGE_CURVE('',#4162,#7069,#7071,.T.);
#7069 = VERTEX_POINT('',#7070);
#7070 = CARTESIAN_POINT('',(-3.484488605998,-28.18542778023,14.2));
#7071 = SURFACE_CURVE('',#7072,(#7076,#7083),.PCURVE_S1.);
#7072 = LINE('',#7073,#7074);
#7073 = CARTESIAN_POINT('',(-3.901645692632,-31.55973955673,17.6));
#7074 = VECTOR('',#7075,1.);
#7075 = DIRECTION('',(8.67572366996E-02,0.701764335002,-0.707106781187)
  );
#7076 = PCURVE('',#4178,#7077);
#7077 = DEFINITIONAL_REPRESENTATION('',(#7078),#7082);
#7078 = LINE('',#7079,#7080);
#7079 = CARTESIAN_POINT('',(0.,-0.));
#7080 = VECTOR('',#7081,1.);
#7081 = DIRECTION('',(0.,-1.));
#7082 = ( GEOMETRIC_REPRESENTATION_CONTEXT(2) 
PARAMETRIC_REPRESENTATION_CONTEXT() REPRESENTATION_CONTEXT('2D SPACE',''
  ) );
#7083 = PCURVE('',#4261,#7084);
#7084 = DEFINITIONAL_REPRESENTATION('',(#7085),#7089);
#7085 = LINE('',#7086,#7087);
#7086 = CARTESIAN_POINT('',(3.897918471983,1.38601164686));
#7087 = VECTOR('',#7088,1.);
#7088 = DIRECTION('',(-0.707106781187,-0.707106781187));
#7089 = ( GEOMETRIC_REPRESENTATION_CONTEXT(2) 
PARAMETRIC_REPRESENTATION_CONTEXT() REPRESENTATION_CONTEXT('2D SPACE',''
  ) );
#7090 = ORIENTED_EDGE('',*,*,#4159,.F.);
#7091 = ORIENTED_EDGE('',*,*,#7092,.F.);
#7092 = EDGE_CURVE('',#7093,#4160,#7095,.T.);
#7093 = VERTEX_POINT('',#7094);
#7094 = CARTESIAN_POINT('',(-2.285146138194,-29.90560815636,
    15.792787334207));
#7095 = SURFACE_CURVE('',#7096,(#7100,#7107),.PCURVE_S1.);
#7096 = LINE('',#7097,#7098);
#7097 = CARTESIAN_POINT('',(-2.285146138194,-29.90560815636,
    15.792787334207));
#7098 = VECTOR('',#7099,1.);
#7099 = DIRECTION('',(-5.387436360329E-02,-0.705051454113,0.707106781187
    ));
#7100 = PCURVE('',#4178,#7101);
#7101 = DEFINITIONAL_REPRESENTATION('',(#7102),#7106);
#7102 = LINE('',#7103,#7104);
#7103 = CARTESIAN_POINT('',(4.673943365597E-02,-1.807212665793));
#7104 = VECTOR('',#7105,1.);
#7105 = DIRECTION('',(-0.,1.));
#7106 = ( GEOMETRIC_REPRESENTATION_CONTEXT(2) 
PARAMETRIC_REPRESENTATION_CONTEXT() REPRESENTATION_CONTEXT('2D SPACE',''
  ) );
#7107 = PCURVE('',#4206,#7108);
#7108 = DEFINITIONAL_REPRESENTATION('',(#7109),#7113);
#7109 = LINE('',#7110,#7111);
#7110 = CARTESIAN_POINT('',(-1.692787334207,0.842787334207));
#7111 = VECTOR('',#7112,1.);
#7112 = DIRECTION('',(-0.707106781187,0.707106781187));
#7113 = ( GEOMETRIC_REPRESENTATION_CONTEXT(2) 
PARAMETRIC_REPRESENTATION_CONTEXT() REPRESENTATION_CONTEXT('2D SPACE',''
  ) );
#7114 = ORIENTED_EDGE('',*,*,#7115,.T.);
#7115 = EDGE_CURVE('',#7093,#7116,#7118,.T.);
#7116 = VERTEX_POINT('',#7117);
#7117 = CARTESIAN_POINT('',(-0.692358803987,-28.39155929649,14.2));
#7118 = SURFACE_CURVE('',#7119,(#7124,#7134),.PCURVE_S1.);
#7119 = PARABOLA('',#7120,9.796130490192);
#7120 = AXIS2_PLACEMENT_3D('',#7121,#7122,#7123);
#7121 = CARTESIAN_POINT('',(13.853820598007,-3.076166121387E-15,
    -0.346179401993));
#7122 = DIRECTION('',(-0.707106781187,1.570092458684E-16,-0.707106781187
    ));
#7123 = DIRECTION('',(-0.707106781187,1.570092458684E-16,0.707106781187)
  );
#7124 = PCURVE('',#4178,#7125);
#7125 = DEFINITIONAL_REPRESENTATION('',(#7126),#7133);
#7126 = B_SPLINE_CURVE_WITH_KNOTS('',5,(#7127,#7128,#7129,#7130,#7131,
    #7132),.UNSPECIFIED.,.F.,.F.,(6,6),(-30.12388192382,-28.39155929649)
  ,.PIECEWISE_BEZIER_KNOTS.);
#7127 = CARTESIAN_POINT('',(3.949039364818E-02,-1.570764119601));
#7128 = CARTESIAN_POINT('',(5.095163358279E-02,-1.947442032458));
#7129 = CARTESIAN_POINT('',(6.25913926272E-02,-2.318704576927));
#7130 = CARTESIAN_POINT('',(7.441366339655E-02,-2.684551753007));
#7131 = CARTESIAN_POINT('',(8.642249315922E-02,-3.044983560698));
#7132 = CARTESIAN_POINT('',(9.862194828123E-02,-3.4));
#7133 = ( GEOMETRIC_REPRESENTATION_CONTEXT(2) 
PARAMETRIC_REPRESENTATION_CONTEXT() REPRESENTATION_CONTEXT('2D SPACE',''
  ) );
#7134 = PCURVE('',#7135,#7140);
#7135 = PLANE('',#7136);
#7136 = AXIS2_PLACEMENT_3D('',#7137,#7138,#7139);
#7137 = CARTESIAN_POINT('',(-6.195044477408E-15,-27.9,13.507641196013));
#7138 = DIRECTION('',(0.707106781187,-1.570092458684E-16,0.707106781187)
  );
#7139 = DIRECTION('',(0.707106781187,-1.570092458684E-16,-0.707106781187
    ));
#7140 = DEFINITIONAL_REPRESENTATION('',(#7141),#7145);
#7141 = PARABOLA('',#7142,9.796130490192);
#7142 = AXIS2_PLACEMENT_2D('',#7143,#7144);
#7143 = CARTESIAN_POINT('',(19.592260980385,27.9));
#7144 = DIRECTION('',(-1.,0.));
#7145 = ( GEOMETRIC_REPRESENTATION_CONTEXT(2) 
PARAMETRIC_REPRESENTATION_CONTEXT() REPRESENTATION_CONTEXT('2D SPACE',''
  ) );
#7146 = ORIENTED_EDGE('',*,*,#7147,.F.);
#7147 = EDGE_CURVE('',#7069,#7116,#7148,.T.);
#7148 = SURFACE_CURVE('',#7149,(#7154,#7161),.PCURVE_S1.);
#7149 = CIRCLE('',#7150,28.4);
#7150 = AXIS2_PLACEMENT_3D('',#7151,#7152,#7153);
#7151 = CARTESIAN_POINT('',(0.,0.,14.2));
#7152 = DIRECTION('',(0.,-0.,1.));
#7153 = DIRECTION('',(-0.122693260775,-0.992444640149,-0.));
#7154 = PCURVE('',#4178,#7155);
#7155 = DEFINITIONAL_REPRESENTATION('',(#7156),#7160);
#7156 = LINE('',#7157,#7158);
#7157 = CARTESIAN_POINT('',(0.,-3.4));
#7158 = VECTOR('',#7159,1.);
#7159 = DIRECTION('',(1.,-0.));
#7160 = ( GEOMETRIC_REPRESENTATION_CONTEXT(2) 
PARAMETRIC_REPRESENTATION_CONTEXT() REPRESENTATION_CONTEXT('2D SPACE',''
  ) );
#7161 = PCURVE('',#7162,#7167);
#7162 = CYLINDRICAL_SURFACE('',#7163,28.4);
#7163 = AXIS2_PLACEMENT_3D('',#7164,#7165,#7166);
#7164 = CARTESIAN_POINT('',(0.,0.,14.2));
#7165 = DIRECTION('',(-0.,-0.,-1.));
#7166 = DIRECTION('',(-0.122693260775,-0.992444640149,-0.));
#7167 = DEFINITIONAL_REPRESENTATION('',(#7168),#7172);
#7168 = LINE('',#7169,#7170);
#7169 = CARTESIAN_POINT('',(-0.,0.));
#7170 = VECTOR('',#7171,1.);
#7171 = DIRECTION('',(-1.,0.));
#7172 = ( GEOMETRIC_REPRESENTATION_CONTEXT(2) 
PARAMETRIC_REPRESENTATION_CONTEXT() REPRESENTATION_CONTEXT('2D SPACE',''
  ) );
#7173 = ADVANCED_FACE('',(#7174),#4206,.F.);
#7174 = FACE_BOUND('',#7175,.T.);
#7175 = EDGE_LOOP('',(#7176,#7206,#7227,#7228,#7229));
#7176 = ORIENTED_EDGE('',*,*,#7177,.T.);
#7177 = EDGE_CURVE('',#7178,#7180,#7182,.T.);
#7178 = VERTEX_POINT('',#7179);
#7179 = CARTESIAN_POINT('',(-2.28569567016,-29.9127998573,10.8));
#7180 = VERTEX_POINT('',#7181);
#7181 = CARTESIAN_POINT('',(-2.28569567016,-29.9127998573,
    15.793336866173));
#7182 = SURFACE_CURVE('',#7183,(#7187,#7194),.PCURVE_S1.);
#7183 = LINE('',#7184,#7185);
#7184 = CARTESIAN_POINT('',(-2.28569567016,-29.9127998573,9.8));
#7185 = VECTOR('',#7186,1.);
#7186 = DIRECTION('',(0.,-0.,1.));
#7187 = PCURVE('',#4206,#7188);
#7188 = DEFINITIONAL_REPRESENTATION('',(#7189),#7193);
#7189 = LINE('',#7190,#7191);
#7190 = CARTESIAN_POINT('',(4.3,0.85));
#7191 = VECTOR('',#7192,1.);
#7192 = DIRECTION('',(-1.,-0.));
#7193 = ( GEOMETRIC_REPRESENTATION_CONTEXT(2) 
PARAMETRIC_REPRESENTATION_CONTEXT() REPRESENTATION_CONTEXT('2D SPACE',''
  ) );
#7194 = PCURVE('',#7195,#7200);
#7195 = CYLINDRICAL_SURFACE('',#7196,30.);
#7196 = AXIS2_PLACEMENT_3D('',#7197,#7198,#7199);
#7197 = CARTESIAN_POINT('',(0.,0.,9.8));
#7198 = DIRECTION('',(-0.,-0.,1.));
#7199 = DIRECTION('',(-7.618985567199E-02,-0.997093328577,-0.));
#7200 = DEFINITIONAL_REPRESENTATION('',(#7201),#7205);
#7201 = LINE('',#7202,#7203);
#7202 = CARTESIAN_POINT('',(0.,0.));
#7203 = VECTOR('',#7204,1.);
#7204 = DIRECTION('',(0.,1.));
#7205 = ( GEOMETRIC_REPRESENTATION_CONTEXT(2) 
PARAMETRIC_REPRESENTATION_CONTEXT() REPRESENTATION_CONTEXT('2D SPACE',''
  ) );
#7206 = ORIENTED_EDGE('',*,*,#7207,.T.);
#7207 = EDGE_CURVE('',#7180,#7093,#7208,.T.);
#7208 = SURFACE_CURVE('',#7209,(#7213,#7220),.PCURVE_S1.);
#7209 = LINE('',#7210,#7211);
#7210 = CARTESIAN_POINT('',(-2.159410422946,-28.26011031769,
    15.66705161896));
#7211 = VECTOR('',#7212,1.);
#7212 = DIRECTION('',(7.59696767739E-02,0.994211856911,
    -7.59696767739E-02));
#7213 = PCURVE('',#4206,#7214);
#7214 = DEFINITIONAL_REPRESENTATION('',(#7215),#7219);
#7215 = LINE('',#7216,#7217);
#7216 = CARTESIAN_POINT('',(-1.56705161896,-0.807507368921));
#7217 = VECTOR('',#7218,1.);
#7218 = DIRECTION('',(7.59696767739E-02,-0.997110128427));
#7219 = ( GEOMETRIC_REPRESENTATION_CONTEXT(2) 
PARAMETRIC_REPRESENTATION_CONTEXT() REPRESENTATION_CONTEXT('2D SPACE',''
  ) );
#7220 = PCURVE('',#7135,#7221);
#7221 = DEFINITIONAL_REPRESENTATION('',(#7222),#7226);
#7222 = LINE('',#7223,#7224);
#7223 = CARTESIAN_POINT('',(-3.053867506861,-0.36011031769));
#7224 = VECTOR('',#7225,1.);
#7225 = DIRECTION('',(0.107437347223,0.994211856911));
#7226 = ( GEOMETRIC_REPRESENTATION_CONTEXT(2) 
PARAMETRIC_REPRESENTATION_CONTEXT() REPRESENTATION_CONTEXT('2D SPACE',''
  ) );
#7227 = ORIENTED_EDGE('',*,*,#7092,.T.);
#7228 = ORIENTED_EDGE('',*,*,#4190,.F.);
#7229 = ORIENTED_EDGE('',*,*,#7230,.T.);
#7230 = EDGE_CURVE('',#4191,#7178,#7231,.T.);
#7231 = SURFACE_CURVE('',#7232,(#7236,#7243),.PCURVE_S1.);
#7232 = LINE('',#7233,#7234);
#7233 = CARTESIAN_POINT('',(-1.180942762916,-15.45494659294,10.8));
#7234 = VECTOR('',#7235,1.);
#7235 = DIRECTION('',(7.618985567199E-02,0.997093328577,-0.));
#7236 = PCURVE('',#4206,#7237);
#7237 = DEFINITIONAL_REPRESENTATION('',(#7238),#7242);
#7238 = LINE('',#7239,#7240);
#7239 = CARTESIAN_POINT('',(3.3,-13.65));
#7240 = VECTOR('',#7241,1.);
#7241 = DIRECTION('',(-0.,-1.));
#7242 = ( GEOMETRIC_REPRESENTATION_CONTEXT(2) 
PARAMETRIC_REPRESENTATION_CONTEXT() REPRESENTATION_CONTEXT('2D SPACE',''
  ) );
#7243 = PCURVE('',#4235,#7244);
#7244 = DEFINITIONAL_REPRESENTATION('',(#7245),#7249);
#7245 = LINE('',#7246,#7247);
#7246 = CARTESIAN_POINT('',(-15.48307262832,0.724197477207));
#7247 = VECTOR('',#7248,1.);
#7248 = DIRECTION('',(0.998907911505,-4.67224178843E-02));
#7249 = ( GEOMETRIC_REPRESENTATION_CONTEXT(2) 
PARAMETRIC_REPRESENTATION_CONTEXT() REPRESENTATION_CONTEXT('2D SPACE',''
  ) );
#7250 = ADVANCED_FACE('',(#7251),#4261,.F.);
#7251 = FACE_BOUND('',#7252,.T.);
#7252 = EDGE_LOOP('',(#7253,#7254,#7255,#7278));
#7253 = ORIENTED_EDGE('',*,*,#4247,.T.);
#7254 = ORIENTED_EDGE('',*,*,#7068,.T.);
#7255 = ORIENTED_EDGE('',*,*,#7256,.T.);
#7256 = EDGE_CURVE('',#7069,#7257,#7259,.T.);
#7257 = VERTEX_POINT('',#7258);
#7258 = CARTESIAN_POINT('',(-3.484488605998,-28.18542778023,10.8));
#7259 = SURFACE_CURVE('',#7260,(#7264,#7271),.PCURVE_S1.);
#7260 = LINE('',#7261,#7262);
#7261 = CARTESIAN_POINT('',(-3.484488605998,-28.18542778023,14.2));
#7262 = VECTOR('',#7263,1.);
#7263 = DIRECTION('',(-0.,-0.,-1.));
#7264 = PCURVE('',#4261,#7265);
#7265 = DEFINITIONAL_REPRESENTATION('',(#7266),#7270);
#7266 = LINE('',#7267,#7268);
#7267 = CARTESIAN_POINT('',(0.497918471983,-2.01398835314));
#7268 = VECTOR('',#7269,1.);
#7269 = DIRECTION('',(-1.,0.));
#7270 = ( GEOMETRIC_REPRESENTATION_CONTEXT(2) 
PARAMETRIC_REPRESENTATION_CONTEXT() REPRESENTATION_CONTEXT('2D SPACE',''
  ) );
#7271 = PCURVE('',#7162,#7272);
#7272 = DEFINITIONAL_REPRESENTATION('',(#7273),#7277);
#7273 = LINE('',#7274,#7275);
#7274 = CARTESIAN_POINT('',(-0.,0.));
#7275 = VECTOR('',#7276,1.);
#7276 = DIRECTION('',(-0.,1.));
#7277 = ( GEOMETRIC_REPRESENTATION_CONTEXT(2) 
PARAMETRIC_REPRESENTATION_CONTEXT() REPRESENTATION_CONTEXT('2D SPACE',''
  ) );
#7278 = ORIENTED_EDGE('',*,*,#7279,.T.);
#7279 = EDGE_CURVE('',#7257,#4219,#7280,.T.);
#7280 = SURFACE_CURVE('',#7281,(#7285,#7292),.PCURVE_S1.);
#7281 = LINE('',#7282,#7283);
#7282 = CARTESIAN_POINT('',(-3.484488605998,-28.18542778023,10.8));
#7283 = VECTOR('',#7284,1.);
#7284 = DIRECTION('',(-0.122693260775,-0.992444640149,-0.));
#7285 = PCURVE('',#4261,#7286);
#7286 = DEFINITIONAL_REPRESENTATION('',(#7287),#7291);
#7287 = LINE('',#7288,#7289);
#7288 = CARTESIAN_POINT('',(-2.902081528017,-2.01398835314));
#7289 = VECTOR('',#7290,1.);
#7290 = DIRECTION('',(-0.,1.));
#7291 = ( GEOMETRIC_REPRESENTATION_CONTEXT(2) 
PARAMETRIC_REPRESENTATION_CONTEXT() REPRESENTATION_CONTEXT('2D SPACE',''
  ) );
#7292 = PCURVE('',#4235,#7293);
#7293 = DEFINITIONAL_REPRESENTATION('',(#7294),#7298);
#7294 = LINE('',#7295,#7296);
#7295 = CARTESIAN_POINT('',(-28.4,0.));
#7296 = VECTOR('',#7297,1.);
#7297 = DIRECTION('',(-1.,0.));
#7298 = ( GEOMETRIC_REPRESENTATION_CONTEXT(2) 
PARAMETRIC_REPRESENTATION_CONTEXT() REPRESENTATION_CONTEXT('2D SPACE',''
  ) );
#7299 = ADVANCED_FACE('',(#7300),#4235,.T.);
#7300 = FACE_BOUND('',#7301,.T.);
#7301 = EDGE_LOOP('',(#7302,#7303,#7331,#7352,#7353,#7376,#7398,#7399));
#7302 = ORIENTED_EDGE('',*,*,#7279,.F.);
#7303 = ORIENTED_EDGE('',*,*,#7304,.T.);
#7304 = EDGE_CURVE('',#7257,#7305,#7307,.T.);
#7305 = VERTEX_POINT('',#7306);
#7306 = CARTESIAN_POINT('',(3.484488605998,-28.18542778023,10.8));
#7307 = SURFACE_CURVE('',#7308,(#7313,#7324),.PCURVE_S1.);
#7308 = CIRCLE('',#7309,28.4);
#7309 = AXIS2_PLACEMENT_3D('',#7310,#7311,#7312);
#7310 = CARTESIAN_POINT('',(0.,0.,10.8));
#7311 = DIRECTION('',(0.,-0.,1.));
#7312 = DIRECTION('',(-0.122693260775,-0.992444640149,-0.));
#7313 = PCURVE('',#4235,#7314);
#7314 = DEFINITIONAL_REPRESENTATION('',(#7315),#7323);
#7315 = ( BOUNDED_CURVE() B_SPLINE_CURVE(2,(#7316,#7317,#7318,#7319,
#7320,#7321,#7322),.UNSPECIFIED.,.T.,.F.) B_SPLINE_CURVE_WITH_KNOTS((1,2
    ,2,2,2,1),(-2.094395102393,0.,2.094395102393,4.188790204786,
6.28318530718,8.377580409573),.UNSPECIFIED.) CURVE() 
GEOMETRIC_REPRESENTATION_ITEM() RATIONAL_B_SPLINE_CURVE((1.,0.5,1.,0.5,
1.,0.5,1.)) REPRESENTATION_ITEM('') );
#7316 = CARTESIAN_POINT('',(-28.4,0.));
#7317 = CARTESIAN_POINT('',(-28.4,49.190242934956));
#7318 = CARTESIAN_POINT('',(14.2,24.595121467478));
#7319 = CARTESIAN_POINT('',(56.8,6.955993819157E-15));
#7320 = CARTESIAN_POINT('',(14.2,-24.59512146747));
#7321 = CARTESIAN_POINT('',(-28.4,-49.19024293495));
#7322 = CARTESIAN_POINT('',(-28.4,0.));
#7323 = ( GEOMETRIC_REPRESENTATION_CONTEXT(2) 
PARAMETRIC_REPRESENTATION_CONTEXT() REPRESENTATION_CONTEXT('2D SPACE',''
  ) );
#7324 = PCURVE('',#7162,#7325);
#7325 = DEFINITIONAL_REPRESENTATION('',(#7326),#7330);
#7326 = LINE('',#7327,#7328);
#7327 = CARTESIAN_POINT('',(-0.,3.4));
#7328 = VECTOR('',#7329,1.);
#7329 = DIRECTION('',(-1.,0.));
#7330 = ( GEOMETRIC_REPRESENTATION_CONTEXT(2) 
PARAMETRIC_REPRESENTATION_CONTEXT() REPRESENTATION_CONTEXT('2D SPACE',''
  ) );
#7331 = ORIENTED_EDGE('',*,*,#7332,.T.);
#7332 = EDGE_CURVE('',#7305,#4335,#7333,.T.);
#7333 = SURFACE_CURVE('',#7334,(#7338,#7345),.PCURVE_S1.);
#7334 = LINE('',#7335,#7336);
#7335 = CARTESIAN_POINT('',(3.484488605998,-28.18542778023,10.8));
#7336 = VECTOR('',#7337,1.);
#7337 = DIRECTION('',(0.122693260775,-0.992444640149,-0.));
#7338 = PCURVE('',#4235,#7339);
#7339 = DEFINITIONAL_REPRESENTATION('',(#7340),#7344);
#7340 = LINE('',#7341,#7342);
#7341 = CARTESIAN_POINT('',(-27.54495346159,6.916324081367));
#7342 = VECTOR('',#7343,1.);
#7343 = DIRECTION('',(-0.969892727521,0.243532538076));
#7344 = ( GEOMETRIC_REPRESENTATION_CONTEXT(2) 
PARAMETRIC_REPRESENTATION_CONTEXT() REPRESENTATION_CONTEXT('2D SPACE',''
  ) );
#7345 = PCURVE('',#4350,#7346);
#7346 = DEFINITIONAL_REPRESENTATION('',(#7347),#7351);
#7347 = LINE('',#7348,#7349);
#7348 = CARTESIAN_POINT('',(-2.902081528017,-2.01398835314));
#7349 = VECTOR('',#7350,1.);
#7350 = DIRECTION('',(-0.,1.));
#7351 = ( GEOMETRIC_REPRESENTATION_CONTEXT(2) 
PARAMETRIC_REPRESENTATION_CONTEXT() REPRESENTATION_CONTEXT('2D SPACE',''
  ) );
#7352 = ORIENTED_EDGE('',*,*,#4362,.T.);
#7353 = ORIENTED_EDGE('',*,*,#7354,.T.);
#7354 = EDGE_CURVE('',#4276,#7355,#7357,.T.);
#7355 = VERTEX_POINT('',#7356);
#7356 = CARTESIAN_POINT('',(2.28569567016,-29.9127998573,10.8));
#7357 = SURFACE_CURVE('',#7358,(#7362,#7369),.PCURVE_S1.);
#7358 = LINE('',#7359,#7360);
#7359 = CARTESIAN_POINT('',(1.180942762916,-15.45494659294,10.8));
#7360 = VECTOR('',#7361,1.);
#7361 = DIRECTION('',(-7.618985567199E-02,0.997093328577,-0.));
#7362 = PCURVE('',#4235,#7363);
#7363 = DEFINITIONAL_REPRESENTATION('',(#7364),#7368);
#7364 = LINE('',#7365,#7366);
#7365 = CARTESIAN_POINT('',(-15.19328519158,3.068238107964));
#7366 = VECTOR('',#7367,1.);
#7367 = DIRECTION('',(0.980211947844,-0.197950845675));
#7368 = ( GEOMETRIC_REPRESENTATION_CONTEXT(2) 
PARAMETRIC_REPRESENTATION_CONTEXT() REPRESENTATION_CONTEXT('2D SPACE',''
  ) );
#7369 = PCURVE('',#4293,#7370);
#7370 = DEFINITIONAL_REPRESENTATION('',(#7371),#7375);
#7371 = LINE('',#7372,#7373);
#7372 = CARTESIAN_POINT('',(3.3,-15.5));
#7373 = VECTOR('',#7374,1.);
#7374 = DIRECTION('',(-0.,-1.));
#7375 = ( GEOMETRIC_REPRESENTATION_CONTEXT(2) 
PARAMETRIC_REPRESENTATION_CONTEXT() REPRESENTATION_CONTEXT('2D SPACE',''
  ) );
#7376 = ORIENTED_EDGE('',*,*,#7377,.T.);
#7377 = EDGE_CURVE('',#7355,#7178,#7378,.T.);
#7378 = SURFACE_CURVE('',#7379,(#7384,#7391),.PCURVE_S1.);
#7379 = CIRCLE('',#7380,30.);
#7380 = AXIS2_PLACEMENT_3D('',#7381,#7382,#7383);
#7381 = CARTESIAN_POINT('',(0.,0.,10.8));
#7382 = DIRECTION('',(0.,0.,-1.));
#7383 = DIRECTION('',(-7.618985567199E-02,-0.997093328577,-0.));
#7384 = PCURVE('',#4235,#7385);
#7385 = DEFINITIONAL_REPRESENTATION('',(#7386),#7390);
#7386 = CIRCLE('',#7387,30.);
#7387 = AXIS2_PLACEMENT_2D('',#7388,#7389);
#7388 = CARTESIAN_POINT('',(0.,0.));
#7389 = DIRECTION('',(-0.998907911505,4.67224178843E-02));
#7390 = ( GEOMETRIC_REPRESENTATION_CONTEXT(2) 
PARAMETRIC_REPRESENTATION_CONTEXT() REPRESENTATION_CONTEXT('2D SPACE',''
  ) );
#7391 = PCURVE('',#7195,#7392);
#7392 = DEFINITIONAL_REPRESENTATION('',(#7393),#7397);
#7393 = LINE('',#7394,#7395);
#7394 = CARTESIAN_POINT('',(6.28318530718,1.));
#7395 = VECTOR('',#7396,1.);
#7396 = DIRECTION('',(-1.,0.));
#7397 = ( GEOMETRIC_REPRESENTATION_CONTEXT(2) 
PARAMETRIC_REPRESENTATION_CONTEXT() REPRESENTATION_CONTEXT('2D SPACE',''
  ) );
#7398 = ORIENTED_EDGE('',*,*,#7230,.F.);
#7399 = ORIENTED_EDGE('',*,*,#4218,.T.);
#7400 = ADVANCED_FACE('',(#7401),#4293,.T.);
#7401 = FACE_BOUND('',#7402,.F.);
#7402 = EDGE_LOOP('',(#7403,#7404,#7405,#7428,#7456));
#7403 = ORIENTED_EDGE('',*,*,#4275,.F.);
#7404 = ORIENTED_EDGE('',*,*,#7354,.T.);
#7405 = ORIENTED_EDGE('',*,*,#7406,.T.);
#7406 = EDGE_CURVE('',#7355,#7407,#7409,.T.);
#7407 = VERTEX_POINT('',#7408);
#7408 = CARTESIAN_POINT('',(2.28569567016,-29.9127998573,15.793336866173
    ));
#7409 = SURFACE_CURVE('',#7410,(#7414,#7421),.PCURVE_S1.);
#7410 = LINE('',#7411,#7412);
#7411 = CARTESIAN_POINT('',(2.28569567016,-29.9127998573,9.8));
#7412 = VECTOR('',#7413,1.);
#7413 = DIRECTION('',(0.,-0.,1.));
#7414 = PCURVE('',#4293,#7415);
#7415 = DEFINITIONAL_REPRESENTATION('',(#7416),#7420);
#7416 = LINE('',#7417,#7418);
#7417 = CARTESIAN_POINT('',(4.3,-1.));
#7418 = VECTOR('',#7419,1.);
#7419 = DIRECTION('',(-1.,0.));
#7420 = ( GEOMETRIC_REPRESENTATION_CONTEXT(2) 
PARAMETRIC_REPRESENTATION_CONTEXT() REPRESENTATION_CONTEXT('2D SPACE',''
  ) );
#7421 = PCURVE('',#7195,#7422);
#7422 = DEFINITIONAL_REPRESENTATION('',(#7423),#7427);
#7423 = LINE('',#7424,#7425);
#7424 = CARTESIAN_POINT('',(0.152527522464,0.));
#7425 = VECTOR('',#7426,1.);
#7426 = DIRECTION('',(0.,1.));
#7427 = ( GEOMETRIC_REPRESENTATION_CONTEXT(2) 
PARAMETRIC_REPRESENTATION_CONTEXT() REPRESENTATION_CONTEXT('2D SPACE',''
  ) );
#7428 = ORIENTED_EDGE('',*,*,#7429,.T.);
#7429 = EDGE_CURVE('',#7407,#7430,#7432,.T.);
#7430 = VERTEX_POINT('',#7431);
#7431 = CARTESIAN_POINT('',(2.285146138194,-29.90560815636,
    15.792787334207));
#7432 = SURFACE_CURVE('',#7433,(#7437,#7444),.PCURVE_S1.);
#7433 = LINE('',#7434,#7435);
#7434 = CARTESIAN_POINT('',(2.172640523725,-28.43325207136,
    15.680281719739));
#7435 = VECTOR('',#7436,1.);
#7436 = DIRECTION('',(-7.59696767739E-02,0.994211856911,
    -7.59696767739E-02));
#7437 = PCURVE('',#4293,#7438);
#7438 = DEFINITIONAL_REPRESENTATION('',(#7439),#7443);
#7439 = LINE('',#7440,#7441);
#7440 = CARTESIAN_POINT('',(-1.580281719739,-2.483860881966));
#7441 = VECTOR('',#7442,1.);
#7442 = DIRECTION('',(7.59696767739E-02,-0.997110128427));
#7443 = ( GEOMETRIC_REPRESENTATION_CONTEXT(2) 
PARAMETRIC_REPRESENTATION_CONTEXT() REPRESENTATION_CONTEXT('2D SPACE',''
  ) );
#7444 = PCURVE('',#7445,#7450);
#7445 = PLANE('',#7446);
#7446 = AXIS2_PLACEMENT_3D('',#7447,#7448,#7449);
#7447 = CARTESIAN_POINT('',(2.292358803987,-27.9,15.8));
#7448 = DIRECTION('',(-0.707106781187,1.570092458684E-16,0.707106781187)
  );
#7449 = DIRECTION('',(0.707106781187,-1.570092458684E-16,0.707106781187)
  );
#7450 = DEFINITIONAL_REPRESENTATION('',(#7451),#7455);
#7451 = LINE('',#7452,#7453);
#7452 = CARTESIAN_POINT('',(-0.169307215609,-0.533252071364));
#7453 = VECTOR('',#7454,1.);
#7454 = DIRECTION('',(-0.107437347223,0.994211856911));
#7455 = ( GEOMETRIC_REPRESENTATION_CONTEXT(2) 
PARAMETRIC_REPRESENTATION_CONTEXT() REPRESENTATION_CONTEXT('2D SPACE',''
  ) );
#7456 = ORIENTED_EDGE('',*,*,#7457,.F.);
#7457 = EDGE_CURVE('',#4278,#7430,#7458,.T.);
#7458 = SURFACE_CURVE('',#7459,(#7463,#7470),.PCURVE_S1.);
#7459 = LINE('',#7460,#7461);
#7460 = CARTESIAN_POINT('',(2.422837410369,-31.70756784874,17.6));
#7461 = VECTOR('',#7462,1.);
#7462 = DIRECTION('',(-5.387436360329E-02,0.705051454113,-0.707106781187
    ));
#7463 = PCURVE('',#4293,#7464);
#7464 = DEFINITIONAL_REPRESENTATION('',(#7465),#7469);
#7465 = LINE('',#7466,#7467);
#7466 = CARTESIAN_POINT('',(-3.5,0.8));
#7467 = VECTOR('',#7468,1.);
#7468 = DIRECTION('',(0.707106781187,-0.707106781187));
#7469 = ( GEOMETRIC_REPRESENTATION_CONTEXT(2) 
PARAMETRIC_REPRESENTATION_CONTEXT() REPRESENTATION_CONTEXT('2D SPACE',''
  ) );
#7470 = PCURVE('',#4322,#7471);
#7471 = DEFINITIONAL_REPRESENTATION('',(#7472),#7476);
#7472 = LINE('',#7473,#7474);
#7473 = CARTESIAN_POINT('',(0.19926695612,5.024295867788E-15));
#7474 = VECTOR('',#7475,1.);
#7475 = DIRECTION('',(-0.,-1.));
#7476 = ( GEOMETRIC_REPRESENTATION_CONTEXT(2) 
PARAMETRIC_REPRESENTATION_CONTEXT() REPRESENTATION_CONTEXT('2D SPACE',''
  ) );
#7477 = ADVANCED_FACE('',(#7478),#4322,.F.);
#7478 = FACE_BOUND('',#7479,.T.);
#7479 = EDGE_LOOP('',(#7480,#7506,#7531,#7532,#7533));
#7480 = ORIENTED_EDGE('',*,*,#7481,.F.);
#7481 = EDGE_CURVE('',#7482,#7484,#7486,.T.);
#7482 = VERTEX_POINT('',#7483);
#7483 = CARTESIAN_POINT('',(0.692358803987,-28.39155929649,14.2));
#7484 = VERTEX_POINT('',#7485);
#7485 = CARTESIAN_POINT('',(3.484488605998,-28.18542778023,14.2));
#7486 = SURFACE_CURVE('',#7487,(#7492,#7499),.PCURVE_S1.);
#7487 = CIRCLE('',#7488,28.4);
#7488 = AXIS2_PLACEMENT_3D('',#7489,#7490,#7491);
#7489 = CARTESIAN_POINT('',(0.,0.,14.2));
#7490 = DIRECTION('',(0.,-0.,1.));
#7491 = DIRECTION('',(-0.122693260775,-0.992444640149,-0.));
#7492 = PCURVE('',#4322,#7493);
#7493 = DEFINITIONAL_REPRESENTATION('',(#7494),#7498);
#7494 = LINE('',#7495,#7496);
#7495 = CARTESIAN_POINT('',(0.,-3.4));
#7496 = VECTOR('',#7497,1.);
#7497 = DIRECTION('',(1.,-0.));
#7498 = ( GEOMETRIC_REPRESENTATION_CONTEXT(2) 
PARAMETRIC_REPRESENTATION_CONTEXT() REPRESENTATION_CONTEXT('2D SPACE',''
  ) );
#7499 = PCURVE('',#7162,#7500);
#7500 = DEFINITIONAL_REPRESENTATION('',(#7501),#7505);
#7501 = LINE('',#7502,#7503);
#7502 = CARTESIAN_POINT('',(-0.,0.));
#7503 = VECTOR('',#7504,1.);
#7504 = DIRECTION('',(-1.,0.));
#7505 = ( GEOMETRIC_REPRESENTATION_CONTEXT(2) 
PARAMETRIC_REPRESENTATION_CONTEXT() REPRESENTATION_CONTEXT('2D SPACE',''
  ) );
#7506 = ORIENTED_EDGE('',*,*,#7507,.T.);
#7507 = EDGE_CURVE('',#7482,#7430,#7508,.T.);
#7508 = SURFACE_CURVE('',#7509,(#7514,#7524),.PCURVE_S1.);
#7509 = PARABOLA('',#7510,9.796130490192);
#7510 = AXIS2_PLACEMENT_3D('',#7511,#7512,#7513);
#7511 = CARTESIAN_POINT('',(-13.853820598,3.076166121387E-15,
    -0.346179401993));
#7512 = DIRECTION('',(0.707106781187,-1.570092458684E-16,-0.707106781187
    ));
#7513 = DIRECTION('',(0.707106781187,-1.570092458684E-16,0.707106781187)
  );
#7514 = PCURVE('',#4322,#7515);
#7515 = DEFINITIONAL_REPRESENTATION('',(#7516),#7523);
#7516 = B_SPLINE_CURVE_WITH_KNOTS('',5,(#7517,#7518,#7519,#7520,#7521,
    #7522),.UNSPECIFIED.,.F.,.F.,(6,6),(28.391559296498,30.123881923824)
  ,.PIECEWISE_BEZIER_KNOTS.);
#7517 = CARTESIAN_POINT('',(0.147384441495,-3.4));
#7518 = CARTESIAN_POINT('',(0.159583896617,-3.044983560698));
#7519 = CARTESIAN_POINT('',(0.17159272638,-2.684551753007));
#7520 = CARTESIAN_POINT('',(0.183414997149,-2.318704576927));
#7521 = CARTESIAN_POINT('',(0.195054756194,-1.947442032458));
#7522 = CARTESIAN_POINT('',(0.206515996128,-1.570764119601));
#7523 = ( GEOMETRIC_REPRESENTATION_CONTEXT(2) 
PARAMETRIC_REPRESENTATION_CONTEXT() REPRESENTATION_CONTEXT('2D SPACE',''
  ) );
#7524 = PCURVE('',#7445,#7525);
#7525 = DEFINITIONAL_REPRESENTATION('',(#7526),#7530);
#7526 = PARABOLA('',#7527,9.796130490192);
#7527 = AXIS2_PLACEMENT_2D('',#7528,#7529);
#7528 = CARTESIAN_POINT('',(-22.8341458908,27.9));
#7529 = DIRECTION('',(1.,-0.));
#7530 = ( GEOMETRIC_REPRESENTATION_CONTEXT(2) 
PARAMETRIC_REPRESENTATION_CONTEXT() REPRESENTATION_CONTEXT('2D SPACE',''
  ) );
#7531 = ORIENTED_EDGE('',*,*,#7457,.F.);
#7532 = ORIENTED_EDGE('',*,*,#4305,.F.);
#7533 = ORIENTED_EDGE('',*,*,#7534,.T.);
#7534 = EDGE_CURVE('',#4306,#7484,#7535,.T.);
#7535 = SURFACE_CURVE('',#7536,(#7540,#7547),.PCURVE_S1.);
#7536 = LINE('',#7537,#7538);
#7537 = CARTESIAN_POINT('',(3.901645692632,-31.55973955673,17.6));
#7538 = VECTOR('',#7539,1.);
#7539 = DIRECTION('',(-8.67572366996E-02,0.701764335002,-0.707106781187)
  );
#7540 = PCURVE('',#4322,#7541);
#7541 = DEFINITIONAL_REPRESENTATION('',(#7542),#7546);
#7542 = LINE('',#7543,#7544);
#7543 = CARTESIAN_POINT('',(0.246006389776,-0.));
#7544 = VECTOR('',#7545,1.);
#7545 = DIRECTION('',(0.,-1.));
#7546 = ( GEOMETRIC_REPRESENTATION_CONTEXT(2) 
PARAMETRIC_REPRESENTATION_CONTEXT() REPRESENTATION_CONTEXT('2D SPACE',''
  ) );
#7547 = PCURVE('',#4350,#7548);
#7548 = DEFINITIONAL_REPRESENTATION('',(#7549),#7553);
#7549 = LINE('',#7550,#7551);
#7550 = CARTESIAN_POINT('',(3.897918471983,1.38601164686));
#7551 = VECTOR('',#7552,1.);
#7552 = DIRECTION('',(-0.707106781187,-0.707106781187));
#7553 = ( GEOMETRIC_REPRESENTATION_CONTEXT(2) 
PARAMETRIC_REPRESENTATION_CONTEXT() REPRESENTATION_CONTEXT('2D SPACE',''
  ) );
#7554 = ADVANCED_FACE('',(#7555),#4350,.T.);
#7555 = FACE_BOUND('',#7556,.F.);
#7556 = EDGE_LOOP('',(#7557,#7558,#7559,#7580));
#7557 = ORIENTED_EDGE('',*,*,#4334,.T.);
#7558 = ORIENTED_EDGE('',*,*,#7534,.T.);
#7559 = ORIENTED_EDGE('',*,*,#7560,.T.);
#7560 = EDGE_CURVE('',#7484,#7305,#7561,.T.);
#7561 = SURFACE_CURVE('',#7562,(#7566,#7573),.PCURVE_S1.);
#7562 = LINE('',#7563,#7564);
#7563 = CARTESIAN_POINT('',(3.484488605998,-28.18542778023,14.2));
#7564 = VECTOR('',#7565,1.);
#7565 = DIRECTION('',(-0.,-0.,-1.));
#7566 = PCURVE('',#4350,#7567);
#7567 = DEFINITIONAL_REPRESENTATION('',(#7568),#7572);
#7568 = LINE('',#7569,#7570);
#7569 = CARTESIAN_POINT('',(0.497918471983,-2.01398835314));
#7570 = VECTOR('',#7571,1.);
#7571 = DIRECTION('',(-1.,0.));
#7572 = ( GEOMETRIC_REPRESENTATION_CONTEXT(2) 
PARAMETRIC_REPRESENTATION_CONTEXT() REPRESENTATION_CONTEXT('2D SPACE',''
  ) );
#7573 = PCURVE('',#7162,#7574);
#7574 = DEFINITIONAL_REPRESENTATION('',(#7575),#7579);
#7575 = LINE('',#7576,#7577);
#7576 = CARTESIAN_POINT('',(-0.246006389776,0.));
#7577 = VECTOR('',#7578,1.);
#7578 = DIRECTION('',(-0.,1.));
#7579 = ( GEOMETRIC_REPRESENTATION_CONTEXT(2) 
PARAMETRIC_REPRESENTATION_CONTEXT() REPRESENTATION_CONTEXT('2D SPACE',''
  ) );
#7580 = ORIENTED_EDGE('',*,*,#7332,.T.);
#7581 = ADVANCED_FACE('',(#7582),#4405,.F.);
#7582 = FACE_BOUND('',#7583,.T.);
#7583 = EDGE_LOOP('',(#7584,#7607,#7608,#7631,#7663));
#7584 = ORIENTED_EDGE('',*,*,#7585,.F.);
#7585 = EDGE_CURVE('',#4389,#7586,#7588,.T.);
#7586 = VERTEX_POINT('',#7587);
#7587 = CARTESIAN_POINT('',(-3.484488605998,-28.18542778023,32.));
#7588 = SURFACE_CURVE('',#7589,(#7593,#7600),.PCURVE_S1.);
#7589 = LINE('',#7590,#7591);
#7590 = CARTESIAN_POINT('',(-3.901645692632,-31.55973955673,35.4));
#7591 = VECTOR('',#7592,1.);
#7592 = DIRECTION('',(8.67572366996E-02,0.701764335002,-0.707106781187)
  );
#7593 = PCURVE('',#4405,#7594);
#7594 = DEFINITIONAL_REPRESENTATION('',(#7595),#7599);
#7595 = LINE('',#7596,#7597);
#7596 = CARTESIAN_POINT('',(0.,-0.));
#7597 = VECTOR('',#7598,1.);
#7598 = DIRECTION('',(0.,-1.));
#7599 = ( GEOMETRIC_REPRESENTATION_CONTEXT(2) 
PARAMETRIC_REPRESENTATION_CONTEXT() REPRESENTATION_CONTEXT('2D SPACE',''
  ) );
#7600 = PCURVE('',#4488,#7601);
#7601 = DEFINITIONAL_REPRESENTATION('',(#7602),#7606);
#7602 = LINE('',#7603,#7604);
#7603 = CARTESIAN_POINT('',(4.697918471983,1.432510516084));
#7604 = VECTOR('',#7605,1.);
#7605 = DIRECTION('',(-0.707106781187,-0.707106781187));
#7606 = ( GEOMETRIC_REPRESENTATION_CONTEXT(2) 
PARAMETRIC_REPRESENTATION_CONTEXT() REPRESENTATION_CONTEXT('2D SPACE',''
  ) );
#7607 = ORIENTED_EDGE('',*,*,#4386,.F.);
#7608 = ORIENTED_EDGE('',*,*,#7609,.F.);
#7609 = EDGE_CURVE('',#7610,#4387,#7612,.T.);
#7610 = VERTEX_POINT('',#7611);
#7611 = CARTESIAN_POINT('',(-2.285146138194,-29.90560815636,
    33.592787334207));
#7612 = SURFACE_CURVE('',#7613,(#7617,#7624),.PCURVE_S1.);
#7613 = LINE('',#7614,#7615);
#7614 = CARTESIAN_POINT('',(-2.285146138194,-29.90560815636,
    33.592787334207));
#7615 = VECTOR('',#7616,1.);
#7616 = DIRECTION('',(-5.387436360329E-02,-0.705051454113,0.707106781187
    ));
#7617 = PCURVE('',#4405,#7618);
#7618 = DEFINITIONAL_REPRESENTATION('',(#7619),#7623);
#7619 = LINE('',#7620,#7621);
#7620 = CARTESIAN_POINT('',(4.673943365597E-02,-1.807212665793));
#7621 = VECTOR('',#7622,1.);
#7622 = DIRECTION('',(-0.,1.));
#7623 = ( GEOMETRIC_REPRESENTATION_CONTEXT(2) 
PARAMETRIC_REPRESENTATION_CONTEXT() REPRESENTATION_CONTEXT('2D SPACE',''
  ) );
#7624 = PCURVE('',#4433,#7625);
#7625 = DEFINITIONAL_REPRESENTATION('',(#7626),#7630);
#7626 = LINE('',#7627,#7628);
#7627 = CARTESIAN_POINT('',(-2.492787334207,0.842787334207));
#7628 = VECTOR('',#7629,1.);
#7629 = DIRECTION('',(-0.707106781187,0.707106781187));
#7630 = ( GEOMETRIC_REPRESENTATION_CONTEXT(2) 
PARAMETRIC_REPRESENTATION_CONTEXT() REPRESENTATION_CONTEXT('2D SPACE',''
  ) );
#7631 = ORIENTED_EDGE('',*,*,#7632,.T.);
#7632 = EDGE_CURVE('',#7610,#7633,#7635,.T.);
#7633 = VERTEX_POINT('',#7634);
#7634 = CARTESIAN_POINT('',(-0.692358803987,-28.39155929649,32.));
#7635 = SURFACE_CURVE('',#7636,(#7641,#7651),.PCURVE_S1.);
#7636 = PARABOLA('',#7637,9.796130490192);
#7637 = AXIS2_PLACEMENT_3D('',#7638,#7639,#7640);
#7638 = CARTESIAN_POINT('',(13.853820598007,-3.076166121387E-15,
    17.453820598007));
#7639 = DIRECTION('',(-0.707106781187,1.570092458684E-16,-0.707106781187
    ));
#7640 = DIRECTION('',(-0.707106781187,1.570092458684E-16,0.707106781187)
  );
#7641 = PCURVE('',#4405,#7642);
#7642 = DEFINITIONAL_REPRESENTATION('',(#7643),#7650);
#7643 = B_SPLINE_CURVE_WITH_KNOTS('',5,(#7644,#7645,#7646,#7647,#7648,
    #7649),.UNSPECIFIED.,.F.,.F.,(6,6),(-30.12388192382,-28.39155929649)
  ,.PIECEWISE_BEZIER_KNOTS.);
#7644 = CARTESIAN_POINT('',(3.949039364818E-02,-1.570764119601));
#7645 = CARTESIAN_POINT('',(5.095163358279E-02,-1.947442032458));
#7646 = CARTESIAN_POINT('',(6.25913926272E-02,-2.318704576927));
#7647 = CARTESIAN_POINT('',(7.441366339655E-02,-2.684551753007));
#7648 = CARTESIAN_POINT('',(8.642249315922E-02,-3.044983560698));
#7649 = CARTESIAN_POINT('',(9.862194828123E-02,-3.4));
#7650 = ( GEOMETRIC_REPRESENTATION_CONTEXT(2) 
PARAMETRIC_REPRESENTATION_CONTEXT() REPRESENTATION_CONTEXT('2D SPACE',''
  ) );
#7651 = PCURVE('',#7652,#7657);
#7652 = PLANE('',#7653);
#7653 = AXIS2_PLACEMENT_3D('',#7654,#7655,#7656);
#7654 = CARTESIAN_POINT('',(-6.195044477408E-15,-27.9,31.307641196013));
#7655 = DIRECTION('',(0.707106781187,-1.570092458684E-16,0.707106781187)
  );
#7656 = DIRECTION('',(0.707106781187,-1.570092458684E-16,-0.707106781187
    ));
#7657 = DEFINITIONAL_REPRESENTATION('',(#7658),#7662);
#7658 = PARABOLA('',#7659,9.796130490192);
#7659 = AXIS2_PLACEMENT_2D('',#7660,#7661);
#7660 = CARTESIAN_POINT('',(19.592260980385,27.9));
#7661 = DIRECTION('',(-1.,0.));
#7662 = ( GEOMETRIC_REPRESENTATION_CONTEXT(2) 
PARAMETRIC_REPRESENTATION_CONTEXT() REPRESENTATION_CONTEXT('2D SPACE',''
  ) );
#7663 = ORIENTED_EDGE('',*,*,#7664,.F.);
#7664 = EDGE_CURVE('',#7586,#7633,#7665,.T.);
#7665 = SURFACE_CURVE('',#7666,(#7671,#7678),.PCURVE_S1.);
#7666 = CIRCLE('',#7667,28.4);
#7667 = AXIS2_PLACEMENT_3D('',#7668,#7669,#7670);
#7668 = CARTESIAN_POINT('',(0.,0.,32.));
#7669 = DIRECTION('',(0.,-0.,1.));
#7670 = DIRECTION('',(-0.122693260775,-0.992444640149,-0.));
#7671 = PCURVE('',#4405,#7672);
#7672 = DEFINITIONAL_REPRESENTATION('',(#7673),#7677);
#7673 = LINE('',#7674,#7675);
#7674 = CARTESIAN_POINT('',(0.,-3.4));
#7675 = VECTOR('',#7676,1.);
#7676 = DIRECTION('',(1.,-0.));
#7677 = ( GEOMETRIC_REPRESENTATION_CONTEXT(2) 
PARAMETRIC_REPRESENTATION_CONTEXT() REPRESENTATION_CONTEXT('2D SPACE',''
  ) );
#7678 = PCURVE('',#7679,#7684);
#7679 = CYLINDRICAL_SURFACE('',#7680,28.4);
#7680 = AXIS2_PLACEMENT_3D('',#7681,#7682,#7683);
#7681 = CARTESIAN_POINT('',(0.,0.,32.));
#7682 = DIRECTION('',(-0.,-0.,-1.));
#7683 = DIRECTION('',(-0.122693260775,-0.992444640149,-0.));
#7684 = DEFINITIONAL_REPRESENTATION('',(#7685),#7689);
#7685 = LINE('',#7686,#7687);
#7686 = CARTESIAN_POINT('',(-0.,0.));
#7687 = VECTOR('',#7688,1.);
#7688 = DIRECTION('',(-1.,0.));
#7689 = ( GEOMETRIC_REPRESENTATION_CONTEXT(2) 
PARAMETRIC_REPRESENTATION_CONTEXT() REPRESENTATION_CONTEXT('2D SPACE',''
  ) );
#7690 = ADVANCED_FACE('',(#7691),#4433,.F.);
#7691 = FACE_BOUND('',#7692,.T.);
#7692 = EDGE_LOOP('',(#7693,#7723,#7744,#7745,#7746));
#7693 = ORIENTED_EDGE('',*,*,#7694,.T.);
#7694 = EDGE_CURVE('',#7695,#7697,#7699,.T.);
#7695 = VERTEX_POINT('',#7696);
#7696 = CARTESIAN_POINT('',(-2.28569567016,-29.9127998573,27.));
#7697 = VERTEX_POINT('',#7698);
#7698 = CARTESIAN_POINT('',(-2.28569567016,-29.9127998573,
    33.593336866173));
#7699 = SURFACE_CURVE('',#7700,(#7704,#7711),.PCURVE_S1.);
#7700 = LINE('',#7701,#7702);
#7701 = CARTESIAN_POINT('',(-2.28569567016,-29.9127998573,26.));
#7702 = VECTOR('',#7703,1.);
#7703 = DIRECTION('',(0.,-0.,1.));
#7704 = PCURVE('',#4433,#7705);
#7705 = DEFINITIONAL_REPRESENTATION('',(#7706),#7710);
#7706 = LINE('',#7707,#7708);
#7707 = CARTESIAN_POINT('',(5.1,0.85));
#7708 = VECTOR('',#7709,1.);
#7709 = DIRECTION('',(-1.,-0.));
#7710 = ( GEOMETRIC_REPRESENTATION_CONTEXT(2) 
PARAMETRIC_REPRESENTATION_CONTEXT() REPRESENTATION_CONTEXT('2D SPACE',''
  ) );
#7711 = PCURVE('',#7712,#7717);
#7712 = CYLINDRICAL_SURFACE('',#7713,30.);
#7713 = AXIS2_PLACEMENT_3D('',#7714,#7715,#7716);
#7714 = CARTESIAN_POINT('',(0.,0.,26.));
#7715 = DIRECTION('',(-0.,-0.,1.));
#7716 = DIRECTION('',(-7.618985567199E-02,-0.997093328577,-0.));
#7717 = DEFINITIONAL_REPRESENTATION('',(#7718),#7722);
#7718 = LINE('',#7719,#7720);
#7719 = CARTESIAN_POINT('',(0.,0.));
#7720 = VECTOR('',#7721,1.);
#7721 = DIRECTION('',(0.,1.));
#7722 = ( GEOMETRIC_REPRESENTATION_CONTEXT(2) 
PARAMETRIC_REPRESENTATION_CONTEXT() REPRESENTATION_CONTEXT('2D SPACE',''
  ) );
#7723 = ORIENTED_EDGE('',*,*,#7724,.T.);
#7724 = EDGE_CURVE('',#7697,#7610,#7725,.T.);
#7725 = SURFACE_CURVE('',#7726,(#7730,#7737),.PCURVE_S1.);
#7726 = LINE('',#7727,#7728);
#7727 = CARTESIAN_POINT('',(-2.157101866231,-28.22989833632,
    33.464743062244));
#7728 = VECTOR('',#7729,1.);
#7729 = DIRECTION('',(7.59696767739E-02,0.994211856911,
    -7.59696767739E-02));
#7730 = PCURVE('',#4433,#7731);
#7731 = DEFINITIONAL_REPRESENTATION('',(#7732),#7736);
#7732 = LINE('',#7733,#7734);
#7733 = CARTESIAN_POINT('',(-2.364743062244,-0.837807422587));
#7734 = VECTOR('',#7735,1.);
#7735 = DIRECTION('',(7.59696767739E-02,-0.997110128427));
#7736 = ( GEOMETRIC_REPRESENTATION_CONTEXT(2) 
PARAMETRIC_REPRESENTATION_CONTEXT() REPRESENTATION_CONTEXT('2D SPACE',''
  ) );
#7737 = PCURVE('',#7652,#7738);
#7738 = DEFINITIONAL_REPRESENTATION('',(#7739),#7743);
#7739 = LINE('',#7740,#7741);
#7740 = CARTESIAN_POINT('',(-3.050602714644,-0.329898336324));
#7741 = VECTOR('',#7742,1.);
#7742 = DIRECTION('',(0.107437347223,0.994211856911));
#7743 = ( GEOMETRIC_REPRESENTATION_CONTEXT(2) 
PARAMETRIC_REPRESENTATION_CONTEXT() REPRESENTATION_CONTEXT('2D SPACE',''
  ) );
#7744 = ORIENTED_EDGE('',*,*,#7609,.T.);
#7745 = ORIENTED_EDGE('',*,*,#4417,.F.);
#7746 = ORIENTED_EDGE('',*,*,#7747,.T.);
#7747 = EDGE_CURVE('',#4418,#7695,#7748,.T.);
#7748 = SURFACE_CURVE('',#7749,(#7753,#7760),.PCURVE_S1.);
#7749 = LINE('',#7750,#7751);
#7750 = CARTESIAN_POINT('',(-1.180942762916,-15.45494659294,27.));
#7751 = VECTOR('',#7752,1.);
#7752 = DIRECTION('',(7.618985567199E-02,0.997093328577,-0.));
#7753 = PCURVE('',#4433,#7754);
#7754 = DEFINITIONAL_REPRESENTATION('',(#7755),#7759);
#7755 = LINE('',#7756,#7757);
#7756 = CARTESIAN_POINT('',(4.1,-13.65));
#7757 = VECTOR('',#7758,1.);
#7758 = DIRECTION('',(-0.,-1.));
#7759 = ( GEOMETRIC_REPRESENTATION_CONTEXT(2) 
PARAMETRIC_REPRESENTATION_CONTEXT() REPRESENTATION_CONTEXT('2D SPACE',''
  ) );
#7760 = PCURVE('',#4462,#7761);
#7761 = DEFINITIONAL_REPRESENTATION('',(#7762),#7766);
#7762 = LINE('',#7763,#7764);
#7763 = CARTESIAN_POINT('',(-15.48307262832,0.724197477207));
#7764 = VECTOR('',#7765,1.);
#7765 = DIRECTION('',(0.998907911505,-4.67224178843E-02));
#7766 = ( GEOMETRIC_REPRESENTATION_CONTEXT(2) 
PARAMETRIC_REPRESENTATION_CONTEXT() REPRESENTATION_CONTEXT('2D SPACE',''
  ) );
#7767 = ADVANCED_FACE('',(#7768),#4488,.F.);
#7768 = FACE_BOUND('',#7769,.T.);
#7769 = EDGE_LOOP('',(#7770,#7771,#7772,#7795));
#7770 = ORIENTED_EDGE('',*,*,#4474,.T.);
#7771 = ORIENTED_EDGE('',*,*,#7585,.T.);
#7772 = ORIENTED_EDGE('',*,*,#7773,.T.);
#7773 = EDGE_CURVE('',#7586,#7774,#7776,.T.);
#7774 = VERTEX_POINT('',#7775);
#7775 = CARTESIAN_POINT('',(-3.484488605998,-28.18542778023,27.));
#7776 = SURFACE_CURVE('',#7777,(#7781,#7788),.PCURVE_S1.);
#7777 = LINE('',#7778,#7779);
#7778 = CARTESIAN_POINT('',(-3.484488605998,-28.18542778023,32.));
#7779 = VECTOR('',#7780,1.);
#7780 = DIRECTION('',(-0.,-0.,-1.));
#7781 = PCURVE('',#4488,#7782);
#7782 = DEFINITIONAL_REPRESENTATION('',(#7783),#7787);
#7783 = LINE('',#7784,#7785);
#7784 = CARTESIAN_POINT('',(1.297918471983,-1.967489483916));
#7785 = VECTOR('',#7786,1.);
#7786 = DIRECTION('',(-1.,0.));
#7787 = ( GEOMETRIC_REPRESENTATION_CONTEXT(2) 
PARAMETRIC_REPRESENTATION_CONTEXT() REPRESENTATION_CONTEXT('2D SPACE',''
  ) );
#7788 = PCURVE('',#7679,#7789);
#7789 = DEFINITIONAL_REPRESENTATION('',(#7790),#7794);
#7790 = LINE('',#7791,#7792);
#7791 = CARTESIAN_POINT('',(-0.,0.));
#7792 = VECTOR('',#7793,1.);
#7793 = DIRECTION('',(-0.,1.));
#7794 = ( GEOMETRIC_REPRESENTATION_CONTEXT(2) 
PARAMETRIC_REPRESENTATION_CONTEXT() REPRESENTATION_CONTEXT('2D SPACE',''
  ) );
#7795 = ORIENTED_EDGE('',*,*,#7796,.T.);
#7796 = EDGE_CURVE('',#7774,#4446,#7797,.T.);
#7797 = SURFACE_CURVE('',#7798,(#7802,#7809),.PCURVE_S1.);
#7798 = LINE('',#7799,#7800);
#7799 = CARTESIAN_POINT('',(-3.484488605998,-28.18542778023,27.));
#7800 = VECTOR('',#7801,1.);
#7801 = DIRECTION('',(-0.122693260775,-0.992444640149,-0.));
#7802 = PCURVE('',#4488,#7803);
#7803 = DEFINITIONAL_REPRESENTATION('',(#7804),#7808);
#7804 = LINE('',#7805,#7806);
#7805 = CARTESIAN_POINT('',(-3.702081528017,-1.967489483916));
#7806 = VECTOR('',#7807,1.);
#7807 = DIRECTION('',(-0.,1.));
#7808 = ( GEOMETRIC_REPRESENTATION_CONTEXT(2) 
PARAMETRIC_REPRESENTATION_CONTEXT() REPRESENTATION_CONTEXT('2D SPACE',''
  ) );
#7809 = PCURVE('',#4462,#7810);
#7810 = DEFINITIONAL_REPRESENTATION('',(#7811),#7815);
#7811 = LINE('',#7812,#7813);
#7812 = CARTESIAN_POINT('',(-28.4,0.));
#7813 = VECTOR('',#7814,1.);
#7814 = DIRECTION('',(-1.,0.));
#7815 = ( GEOMETRIC_REPRESENTATION_CONTEXT(2) 
PARAMETRIC_REPRESENTATION_CONTEXT() REPRESENTATION_CONTEXT('2D SPACE',''
  ) );
#7816 = ADVANCED_FACE('',(#7817),#4462,.T.);
#7817 = FACE_BOUND('',#7818,.T.);
#7818 = EDGE_LOOP('',(#7819,#7820,#7848,#7869,#7870,#7893,#7915,#7916));
#7819 = ORIENTED_EDGE('',*,*,#7796,.F.);
#7820 = ORIENTED_EDGE('',*,*,#7821,.T.);
#7821 = EDGE_CURVE('',#7774,#7822,#7824,.T.);
#7822 = VERTEX_POINT('',#7823);
#7823 = CARTESIAN_POINT('',(3.484488605998,-28.18542778023,27.));
#7824 = SURFACE_CURVE('',#7825,(#7830,#7841),.PCURVE_S1.);
#7825 = CIRCLE('',#7826,28.4);
#7826 = AXIS2_PLACEMENT_3D('',#7827,#7828,#7829);
#7827 = CARTESIAN_POINT('',(0.,0.,27.));
#7828 = DIRECTION('',(0.,-0.,1.));
#7829 = DIRECTION('',(-0.122693260775,-0.992444640149,-0.));
#7830 = PCURVE('',#4462,#7831);
#7831 = DEFINITIONAL_REPRESENTATION('',(#7832),#7840);
#7832 = ( BOUNDED_CURVE() B_SPLINE_CURVE(2,(#7833,#7834,#7835,#7836,
#7837,#7838,#7839),.UNSPECIFIED.,.T.,.F.) B_SPLINE_CURVE_WITH_KNOTS((1,2
    ,2,2,2,1),(-2.094395102393,0.,2.094395102393,4.188790204786,
6.28318530718,8.377580409573),.UNSPECIFIED.) CURVE() 
GEOMETRIC_REPRESENTATION_ITEM() RATIONAL_B_SPLINE_CURVE((1.,0.5,1.,0.5,
1.,0.5,1.)) REPRESENTATION_ITEM('') );
#7833 = CARTESIAN_POINT('',(-28.4,0.));
#7834 = CARTESIAN_POINT('',(-28.4,49.190242934956));
#7835 = CARTESIAN_POINT('',(14.2,24.595121467478));
#7836 = CARTESIAN_POINT('',(56.8,6.955993819157E-15));
#7837 = CARTESIAN_POINT('',(14.2,-24.59512146747));
#7838 = CARTESIAN_POINT('',(-28.4,-49.19024293495));
#7839 = CARTESIAN_POINT('',(-28.4,0.));
#7840 = ( GEOMETRIC_REPRESENTATION_CONTEXT(2) 
PARAMETRIC_REPRESENTATION_CONTEXT() REPRESENTATION_CONTEXT('2D SPACE',''
  ) );
#7841 = PCURVE('',#7679,#7842);
#7842 = DEFINITIONAL_REPRESENTATION('',(#7843),#7847);
#7843 = LINE('',#7844,#7845);
#7844 = CARTESIAN_POINT('',(-0.,5.));
#7845 = VECTOR('',#7846,1.);
#7846 = DIRECTION('',(-1.,0.));
#7847 = ( GEOMETRIC_REPRESENTATION_CONTEXT(2) 
PARAMETRIC_REPRESENTATION_CONTEXT() REPRESENTATION_CONTEXT('2D SPACE',''
  ) );
#7848 = ORIENTED_EDGE('',*,*,#7849,.T.);
#7849 = EDGE_CURVE('',#7822,#4503,#7850,.T.);
#7850 = SURFACE_CURVE('',#7851,(#7855,#7862),.PCURVE_S1.);
#7851 = LINE('',#7852,#7853);
#7852 = CARTESIAN_POINT('',(3.484488605998,-28.18542778023,27.));
#7853 = VECTOR('',#7854,1.);
#7854 = DIRECTION('',(0.122693260775,-0.992444640149,-0.));
#7855 = PCURVE('',#4462,#7856);
#7856 = DEFINITIONAL_REPRESENTATION('',(#7857),#7861);
#7857 = LINE('',#7858,#7859);
#7858 = CARTESIAN_POINT('',(-27.54495346159,6.916324081367));
#7859 = VECTOR('',#7860,1.);
#7860 = DIRECTION('',(-0.969892727521,0.243532538076));
#7861 = ( GEOMETRIC_REPRESENTATION_CONTEXT(2) 
PARAMETRIC_REPRESENTATION_CONTEXT() REPRESENTATION_CONTEXT('2D SPACE',''
  ) );
#7862 = PCURVE('',#4520,#7863);
#7863 = DEFINITIONAL_REPRESENTATION('',(#7864),#7868);
#7864 = LINE('',#7865,#7866);
#7865 = CARTESIAN_POINT('',(-3.702081528017,-1.967489483916));
#7866 = VECTOR('',#7867,1.);
#7867 = DIRECTION('',(-0.,1.));
#7868 = ( GEOMETRIC_REPRESENTATION_CONTEXT(2) 
PARAMETRIC_REPRESENTATION_CONTEXT() REPRESENTATION_CONTEXT('2D SPACE',''
  ) );
#7869 = ORIENTED_EDGE('',*,*,#4532,.T.);
#7870 = ORIENTED_EDGE('',*,*,#7871,.T.);
#7871 = EDGE_CURVE('',#4533,#7872,#7874,.T.);
#7872 = VERTEX_POINT('',#7873);
#7873 = CARTESIAN_POINT('',(2.28569567016,-29.9127998573,27.));
#7874 = SURFACE_CURVE('',#7875,(#7879,#7886),.PCURVE_S1.);
#7875 = LINE('',#7876,#7877);
#7876 = CARTESIAN_POINT('',(1.180942762916,-15.45494659294,27.));
#7877 = VECTOR('',#7878,1.);
#7878 = DIRECTION('',(-7.618985567199E-02,0.997093328577,-0.));
#7879 = PCURVE('',#4462,#7880);
#7880 = DEFINITIONAL_REPRESENTATION('',(#7881),#7885);
#7881 = LINE('',#7882,#7883);
#7882 = CARTESIAN_POINT('',(-15.19328519158,3.068238107964));
#7883 = VECTOR('',#7884,1.);
#7884 = DIRECTION('',(0.980211947844,-0.197950845675));
#7885 = ( GEOMETRIC_REPRESENTATION_CONTEXT(2) 
PARAMETRIC_REPRESENTATION_CONTEXT() REPRESENTATION_CONTEXT('2D SPACE',''
  ) );
#7886 = PCURVE('',#4572,#7887);
#7887 = DEFINITIONAL_REPRESENTATION('',(#7888),#7892);
#7888 = LINE('',#7889,#7890);
#7889 = CARTESIAN_POINT('',(4.1,-15.5));
#7890 = VECTOR('',#7891,1.);
#7891 = DIRECTION('',(-0.,-1.));
#7892 = ( GEOMETRIC_REPRESENTATION_CONTEXT(2) 
PARAMETRIC_REPRESENTATION_CONTEXT() REPRESENTATION_CONTEXT('2D SPACE',''
  ) );
#7893 = ORIENTED_EDGE('',*,*,#7894,.T.);
#7894 = EDGE_CURVE('',#7872,#7695,#7895,.T.);
#7895 = SURFACE_CURVE('',#7896,(#7901,#7908),.PCURVE_S1.);
#7896 = CIRCLE('',#7897,30.);
#7897 = AXIS2_PLACEMENT_3D('',#7898,#7899,#7900);
#7898 = CARTESIAN_POINT('',(0.,0.,27.));
#7899 = DIRECTION('',(0.,0.,-1.));
#7900 = DIRECTION('',(-7.618985567199E-02,-0.997093328577,-0.));
#7901 = PCURVE('',#4462,#7902);
#7902 = DEFINITIONAL_REPRESENTATION('',(#7903),#7907);
#7903 = CIRCLE('',#7904,30.);
#7904 = AXIS2_PLACEMENT_2D('',#7905,#7906);
#7905 = CARTESIAN_POINT('',(0.,0.));
#7906 = DIRECTION('',(-0.998907911505,4.67224178843E-02));
#7907 = ( GEOMETRIC_REPRESENTATION_CONTEXT(2) 
PARAMETRIC_REPRESENTATION_CONTEXT() REPRESENTATION_CONTEXT('2D SPACE',''
  ) );
#7908 = PCURVE('',#7712,#7909);
#7909 = DEFINITIONAL_REPRESENTATION('',(#7910),#7914);
#7910 = LINE('',#7911,#7912);
#7911 = CARTESIAN_POINT('',(6.28318530718,1.));
#7912 = VECTOR('',#7913,1.);
#7913 = DIRECTION('',(-1.,0.));
#7914 = ( GEOMETRIC_REPRESENTATION_CONTEXT(2) 
PARAMETRIC_REPRESENTATION_CONTEXT() REPRESENTATION_CONTEXT('2D SPACE',''
  ) );
#7915 = ORIENTED_EDGE('',*,*,#7747,.F.);
#7916 = ORIENTED_EDGE('',*,*,#4445,.T.);
#7917 = ADVANCED_FACE('',(#7918),#4520,.T.);
#7918 = FACE_BOUND('',#7919,.F.);
#7919 = EDGE_LOOP('',(#7920,#7921,#7944,#7965));
#7920 = ORIENTED_EDGE('',*,*,#4502,.T.);
#7921 = ORIENTED_EDGE('',*,*,#7922,.T.);
#7922 = EDGE_CURVE('',#4505,#7923,#7925,.T.);
#7923 = VERTEX_POINT('',#7924);
#7924 = CARTESIAN_POINT('',(3.484488605998,-28.18542778023,32.));
#7925 = SURFACE_CURVE('',#7926,(#7930,#7937),.PCURVE_S1.);
#7926 = LINE('',#7927,#7928);
#7927 = CARTESIAN_POINT('',(3.901645692632,-31.55973955673,35.4));
#7928 = VECTOR('',#7929,1.);
#7929 = DIRECTION('',(-8.67572366996E-02,0.701764335002,-0.707106781187)
  );
#7930 = PCURVE('',#4520,#7931);
#7931 = DEFINITIONAL_REPRESENTATION('',(#7932),#7936);
#7932 = LINE('',#7933,#7934);
#7933 = CARTESIAN_POINT('',(4.697918471983,1.432510516084));
#7934 = VECTOR('',#7935,1.);
#7935 = DIRECTION('',(-0.707106781187,-0.707106781187));
#7936 = ( GEOMETRIC_REPRESENTATION_CONTEXT(2) 
PARAMETRIC_REPRESENTATION_CONTEXT() REPRESENTATION_CONTEXT('2D SPACE',''
  ) );
#7937 = PCURVE('',#4599,#7938);
#7938 = DEFINITIONAL_REPRESENTATION('',(#7939),#7943);
#7939 = LINE('',#7940,#7941);
#7940 = CARTESIAN_POINT('',(0.246006389776,-0.));
#7941 = VECTOR('',#7942,1.);
#7942 = DIRECTION('',(0.,-1.));
#7943 = ( GEOMETRIC_REPRESENTATION_CONTEXT(2) 
PARAMETRIC_REPRESENTATION_CONTEXT() REPRESENTATION_CONTEXT('2D SPACE',''
  ) );
#7944 = ORIENTED_EDGE('',*,*,#7945,.T.);
#7945 = EDGE_CURVE('',#7923,#7822,#7946,.T.);
#7946 = SURFACE_CURVE('',#7947,(#7951,#7958),.PCURVE_S1.);
#7947 = LINE('',#7948,#7949);
#7948 = CARTESIAN_POINT('',(3.484488605998,-28.18542778023,32.));
#7949 = VECTOR('',#7950,1.);
#7950 = DIRECTION('',(-0.,-0.,-1.));
#7951 = PCURVE('',#4520,#7952);
#7952 = DEFINITIONAL_REPRESENTATION('',(#7953),#7957);
#7953 = LINE('',#7954,#7955);
#7954 = CARTESIAN_POINT('',(1.297918471983,-1.967489483916));
#7955 = VECTOR('',#7956,1.);
#7956 = DIRECTION('',(-1.,0.));
#7957 = ( GEOMETRIC_REPRESENTATION_CONTEXT(2) 
PARAMETRIC_REPRESENTATION_CONTEXT() REPRESENTATION_CONTEXT('2D SPACE',''
  ) );
#7958 = PCURVE('',#7679,#7959);
#7959 = DEFINITIONAL_REPRESENTATION('',(#7960),#7964);
#7960 = LINE('',#7961,#7962);
#7961 = CARTESIAN_POINT('',(-0.246006389776,0.));
#7962 = VECTOR('',#7963,1.);
#7963 = DIRECTION('',(-0.,1.));
#7964 = ( GEOMETRIC_REPRESENTATION_CONTEXT(2) 
PARAMETRIC_REPRESENTATION_CONTEXT() REPRESENTATION_CONTEXT('2D SPACE',''
  ) );
#7965 = ORIENTED_EDGE('',*,*,#7849,.T.);
#7966 = ADVANCED_FACE('',(#7967),#4599,.F.);
#7967 = FACE_BOUND('',#7968,.T.);
#7968 = EDGE_LOOP('',(#7969,#7993,#8025,#8046,#8047));
#7969 = ORIENTED_EDGE('',*,*,#7970,.F.);
#7970 = EDGE_CURVE('',#7971,#7923,#7973,.T.);
#7971 = VERTEX_POINT('',#7972);
#7972 = CARTESIAN_POINT('',(0.692358803987,-28.39155929649,32.));
#7973 = SURFACE_CURVE('',#7974,(#7979,#7986),.PCURVE_S1.);
#7974 = CIRCLE('',#7975,28.4);
#7975 = AXIS2_PLACEMENT_3D('',#7976,#7977,#7978);
#7976 = CARTESIAN_POINT('',(0.,0.,32.));
#7977 = DIRECTION('',(0.,-0.,1.));
#7978 = DIRECTION('',(-0.122693260775,-0.992444640149,-0.));
#7979 = PCURVE('',#4599,#7980);
#7980 = DEFINITIONAL_REPRESENTATION('',(#7981),#7985);
#7981 = LINE('',#7982,#7983);
#7982 = CARTESIAN_POINT('',(0.,-3.4));
#7983 = VECTOR('',#7984,1.);
#7984 = DIRECTION('',(1.,-0.));
#7985 = ( GEOMETRIC_REPRESENTATION_CONTEXT(2) 
PARAMETRIC_REPRESENTATION_CONTEXT() REPRESENTATION_CONTEXT('2D SPACE',''
  ) );
#7986 = PCURVE('',#7679,#7987);
#7987 = DEFINITIONAL_REPRESENTATION('',(#7988),#7992);
#7988 = LINE('',#7989,#7990);
#7989 = CARTESIAN_POINT('',(-0.,0.));
#7990 = VECTOR('',#7991,1.);
#7991 = DIRECTION('',(-1.,0.));
#7992 = ( GEOMETRIC_REPRESENTATION_CONTEXT(2) 
PARAMETRIC_REPRESENTATION_CONTEXT() REPRESENTATION_CONTEXT('2D SPACE',''
  ) );
#7993 = ORIENTED_EDGE('',*,*,#7994,.T.);
#7994 = EDGE_CURVE('',#7971,#7995,#7997,.T.);
#7995 = VERTEX_POINT('',#7996);
#7996 = CARTESIAN_POINT('',(2.285146138194,-29.90560815636,
    33.592787334207));
#7997 = SURFACE_CURVE('',#7998,(#8003,#8013),.PCURVE_S1.);
#7998 = PARABOLA('',#7999,9.796130490192);
#7999 = AXIS2_PLACEMENT_3D('',#8000,#8001,#8002);
#8000 = CARTESIAN_POINT('',(-13.853820598,3.076166121387E-15,
    17.453820598007));
#8001 = DIRECTION('',(0.707106781187,-1.570092458684E-16,-0.707106781187
    ));
#8002 = DIRECTION('',(0.707106781187,-1.570092458684E-16,0.707106781187)
  );
#8003 = PCURVE('',#4599,#8004);
#8004 = DEFINITIONAL_REPRESENTATION('',(#8005),#8012);
#8005 = B_SPLINE_CURVE_WITH_KNOTS('',5,(#8006,#8007,#8008,#8009,#8010,
    #8011),.UNSPECIFIED.,.F.,.F.,(6,6),(28.391559296498,30.123881923824)
  ,.PIECEWISE_BEZIER_KNOTS.);
#8006 = CARTESIAN_POINT('',(0.147384441495,-3.4));
#8007 = CARTESIAN_POINT('',(0.159583896617,-3.044983560698));
#8008 = CARTESIAN_POINT('',(0.17159272638,-2.684551753007));
#8009 = CARTESIAN_POINT('',(0.183414997149,-2.318704576927));
#8010 = CARTESIAN_POINT('',(0.195054756194,-1.947442032458));
#8011 = CARTESIAN_POINT('',(0.206515996128,-1.570764119601));
#8012 = ( GEOMETRIC_REPRESENTATION_CONTEXT(2) 
PARAMETRIC_REPRESENTATION_CONTEXT() REPRESENTATION_CONTEXT('2D SPACE',''
  ) );
#8013 = PCURVE('',#8014,#8019);
#8014 = PLANE('',#8015);
#8015 = AXIS2_PLACEMENT_3D('',#8016,#8017,#8018);
#8016 = CARTESIAN_POINT('',(2.292358803987,-27.9,33.6));
#8017 = DIRECTION('',(-0.707106781187,1.570092458684E-16,0.707106781187)
  );
#8018 = DIRECTION('',(0.707106781187,-1.570092458684E-16,0.707106781187)
  );
#8019 = DEFINITIONAL_REPRESENTATION('',(#8020),#8024);
#8020 = PARABOLA('',#8021,9.796130490192);
#8021 = AXIS2_PLACEMENT_2D('',#8022,#8023);
#8022 = CARTESIAN_POINT('',(-22.8341458908,27.9));
#8023 = DIRECTION('',(1.,-0.));
#8024 = ( GEOMETRIC_REPRESENTATION_CONTEXT(2) 
PARAMETRIC_REPRESENTATION_CONTEXT() REPRESENTATION_CONTEXT('2D SPACE',''
  ) );
#8025 = ORIENTED_EDGE('',*,*,#8026,.F.);
#8026 = EDGE_CURVE('',#4557,#7995,#8027,.T.);
#8027 = SURFACE_CURVE('',#8028,(#8032,#8039),.PCURVE_S1.);
#8028 = LINE('',#8029,#8030);
#8029 = CARTESIAN_POINT('',(2.422837410369,-31.70756784874,35.4));
#8030 = VECTOR('',#8031,1.);
#8031 = DIRECTION('',(-5.387436360329E-02,0.705051454113,-0.707106781187
    ));
#8032 = PCURVE('',#4599,#8033);
#8033 = DEFINITIONAL_REPRESENTATION('',(#8034),#8038);
#8034 = LINE('',#8035,#8036);
#8035 = CARTESIAN_POINT('',(0.19926695612,-5.024295867788E-15));
#8036 = VECTOR('',#8037,1.);
#8037 = DIRECTION('',(-0.,-1.));
#8038 = ( GEOMETRIC_REPRESENTATION_CONTEXT(2) 
PARAMETRIC_REPRESENTATION_CONTEXT() REPRESENTATION_CONTEXT('2D SPACE',''
  ) );
#8039 = PCURVE('',#4572,#8040);
#8040 = DEFINITIONAL_REPRESENTATION('',(#8041),#8045);
#8041 = LINE('',#8042,#8043);
#8042 = CARTESIAN_POINT('',(-4.3,0.8));
#8043 = VECTOR('',#8044,1.);
#8044 = DIRECTION('',(0.707106781187,-0.707106781187));
#8045 = ( GEOMETRIC_REPRESENTATION_CONTEXT(2) 
PARAMETRIC_REPRESENTATION_CONTEXT() REPRESENTATION_CONTEXT('2D SPACE',''
  ) );
#8046 = ORIENTED_EDGE('',*,*,#4584,.F.);
#8047 = ORIENTED_EDGE('',*,*,#7922,.T.);
#8048 = ADVANCED_FACE('',(#8049),#4572,.T.);
#8049 = FACE_BOUND('',#8050,.F.);
#8050 = EDGE_LOOP('',(#8051,#8052,#8053,#8076,#8097));
#8051 = ORIENTED_EDGE('',*,*,#4556,.F.);
#8052 = ORIENTED_EDGE('',*,*,#7871,.T.);
#8053 = ORIENTED_EDGE('',*,*,#8054,.T.);
#8054 = EDGE_CURVE('',#7872,#8055,#8057,.T.);
#8055 = VERTEX_POINT('',#8056);
#8056 = CARTESIAN_POINT('',(2.28569567016,-29.9127998573,33.593336866173
    ));
#8057 = SURFACE_CURVE('',#8058,(#8062,#8069),.PCURVE_S1.);
#8058 = LINE('',#8059,#8060);
#8059 = CARTESIAN_POINT('',(2.28569567016,-29.9127998573,26.));
#8060 = VECTOR('',#8061,1.);
#8061 = DIRECTION('',(0.,-0.,1.));
#8062 = PCURVE('',#4572,#8063);
#8063 = DEFINITIONAL_REPRESENTATION('',(#8064),#8068);
#8064 = LINE('',#8065,#8066);
#8065 = CARTESIAN_POINT('',(5.1,-1.));
#8066 = VECTOR('',#8067,1.);
#8067 = DIRECTION('',(-1.,0.));
#8068 = ( GEOMETRIC_REPRESENTATION_CONTEXT(2) 
PARAMETRIC_REPRESENTATION_CONTEXT() REPRESENTATION_CONTEXT('2D SPACE',''
  ) );
#8069 = PCURVE('',#7712,#8070);
#8070 = DEFINITIONAL_REPRESENTATION('',(#8071),#8075);
#8071 = LINE('',#8072,#8073);
#8072 = CARTESIAN_POINT('',(0.152527522464,0.));
#8073 = VECTOR('',#8074,1.);
#8074 = DIRECTION('',(0.,1.));
#8075 = ( GEOMETRIC_REPRESENTATION_CONTEXT(2) 
PARAMETRIC_REPRESENTATION_CONTEXT() REPRESENTATION_CONTEXT('2D SPACE',''
  ) );
#8076 = ORIENTED_EDGE('',*,*,#8077,.T.);
#8077 = EDGE_CURVE('',#8055,#7995,#8078,.T.);
#8078 = SURFACE_CURVE('',#8079,(#8083,#8090),.PCURVE_S1.);
#8079 = LINE('',#8080,#8081);
#8080 = CARTESIAN_POINT('',(2.17033196701,-28.40304008999,
    33.477973163023));
#8081 = VECTOR('',#8082,1.);
#8082 = DIRECTION('',(-7.59696767739E-02,0.994211856911,
    -7.59696767739E-02));
#8083 = PCURVE('',#4572,#8084);
#8084 = DEFINITIONAL_REPRESENTATION('',(#8085),#8089);
#8085 = LINE('',#8086,#8087);
#8086 = CARTESIAN_POINT('',(-2.377973163023,-2.514160935632));
#8087 = VECTOR('',#8088,1.);
#8088 = DIRECTION('',(7.59696767739E-02,-0.997110128427));
#8089 = ( GEOMETRIC_REPRESENTATION_CONTEXT(2) 
PARAMETRIC_REPRESENTATION_CONTEXT() REPRESENTATION_CONTEXT('2D SPACE',''
  ) );
#8090 = PCURVE('',#8014,#8091);
#8091 = DEFINITIONAL_REPRESENTATION('',(#8092),#8096);
#8092 = LINE('',#8093,#8094);
#8093 = CARTESIAN_POINT('',(-0.172572007826,-0.503040089998));
#8094 = VECTOR('',#8095,1.);
#8095 = DIRECTION('',(-0.107437347223,0.994211856911));
#8096 = ( GEOMETRIC_REPRESENTATION_CONTEXT(2) 
PARAMETRIC_REPRESENTATION_CONTEXT() REPRESENTATION_CONTEXT('2D SPACE',''
  ) );
#8097 = ORIENTED_EDGE('',*,*,#8026,.F.);
#8098 = ADVANCED_FACE('',(#8099,#8129),#4931,.T.);
#8099 = FACE_BOUND('',#8100,.F.);
#8100 = EDGE_LOOP('',(#8101));
#8101 = ORIENTED_EDGE('',*,*,#8102,.T.);
#8102 = EDGE_CURVE('',#8103,#8103,#8105,.T.);
#8103 = VERTEX_POINT('',#8104);
#8104 = CARTESIAN_POINT('',(11.1,0.,50.6));
#8105 = SURFACE_CURVE('',#8106,(#8111,#8122),.PCURVE_S1.);
#8106 = CIRCLE('',#8107,11.1);
#8107 = AXIS2_PLACEMENT_3D('',#8108,#8109,#8110);
#8108 = CARTESIAN_POINT('',(0.,0.,50.6));
#8109 = DIRECTION('',(0.,0.,1.));
#8110 = DIRECTION('',(1.,-0.,-0.));
#8111 = PCURVE('',#4931,#8112);
#8112 = DEFINITIONAL_REPRESENTATION('',(#8113),#8121);
#8113 = ( BOUNDED_CURVE() B_SPLINE_CURVE(2,(#8114,#8115,#8116,#8117,
#8118,#8119,#8120),.UNSPECIFIED.,.T.,.F.) B_SPLINE_CURVE_WITH_KNOTS((1,2
    ,2,2,2,1),(-2.094395102393,0.,2.094395102393,4.188790204786,
6.28318530718,8.377580409573),.UNSPECIFIED.) CURVE() 
GEOMETRIC_REPRESENTATION_ITEM() RATIONAL_B_SPLINE_CURVE((1.,0.5,1.,0.5,
1.,0.5,1.)) REPRESENTATION_ITEM('') );
#8114 = CARTESIAN_POINT('',(-11.1,-3.96519032486E-17));
#8115 = CARTESIAN_POINT('',(-11.1,19.225763964015));
#8116 = CARTESIAN_POINT('',(5.55,9.612881982007));
#8117 = CARTESIAN_POINT('',(22.2,2.679063990859E-15));
#8118 = CARTESIAN_POINT('',(5.55,-9.612881982007));
#8119 = CARTESIAN_POINT('',(-11.1,-19.22576396401));
#8120 = CARTESIAN_POINT('',(-11.1,-3.96519032486E-17));
#8121 = ( GEOMETRIC_REPRESENTATION_CONTEXT(2) 
PARAMETRIC_REPRESENTATION_CONTEXT() REPRESENTATION_CONTEXT('2D SPACE',''
  ) );
#8122 = PCURVE('',#5450,#8123);
#8123 = DEFINITIONAL_REPRESENTATION('',(#8124),#8128);
#8124 = LINE('',#8125,#8126);
#8125 = CARTESIAN_POINT('',(0.,0.));
#8126 = VECTOR('',#8127,1.);
#8127 = DIRECTION('',(1.,0.));
#8128 = ( GEOMETRIC_REPRESENTATION_CONTEXT(2) 
PARAMETRIC_REPRESENTATION_CONTEXT() REPRESENTATION_CONTEXT('2D SPACE',''
  ) );
#8129 = FACE_BOUND('',#8130,.F.);
#8130 = EDGE_LOOP('',(#8131));
#8131 = ORIENTED_EDGE('',*,*,#4916,.F.);
#8132 = ADVANCED_FACE('',(#8133,#8136),#5365,.F.);
#8133 = FACE_BOUND('',#8134,.F.);
#8134 = EDGE_LOOP('',(#8135));
#8135 = ORIENTED_EDGE('',*,*,#5350,.T.);
#8136 = FACE_BOUND('',#8137,.F.);
#8137 = EDGE_LOOP('',(#8138,#8164,#8190,#8216,#8242,#8266,#8292,#8318,
    #8344,#8368,#8394,#8420,#8446,#8470,#8496,#8522,#8548,#8572,#8598,
    #8624,#8650,#8674,#8700,#8726));
#8138 = ORIENTED_EDGE('',*,*,#8139,.F.);
#8139 = EDGE_CURVE('',#8140,#8142,#8144,.T.);
#8140 = VERTEX_POINT('',#8141);
#8141 = CARTESIAN_POINT('',(33.190360046254,0.800000000001,21.1));
#8142 = VERTEX_POINT('',#8143);
#8143 = CARTESIAN_POINT('',(17.288000346155,28.343694960808,21.1));
#8144 = SURFACE_CURVE('',#8145,(#8150,#8157),.PCURVE_S1.);
#8145 = CIRCLE('',#8146,33.2);
#8146 = AXIS2_PLACEMENT_3D('',#8147,#8148,#8149);
#8147 = CARTESIAN_POINT('',(0.,0.,21.1));
#8148 = DIRECTION('',(-0.,0.,1.));
#8149 = DIRECTION('',(1.,-0.,0.));
#8150 = PCURVE('',#5365,#8151);
#8151 = DEFINITIONAL_REPRESENTATION('',(#8152),#8156);
#8152 = CIRCLE('',#8153,33.2);
#8153 = AXIS2_PLACEMENT_2D('',#8154,#8155);
#8154 = CARTESIAN_POINT('',(0.,0.));
#8155 = DIRECTION('',(1.,0.));
#8156 = ( GEOMETRIC_REPRESENTATION_CONTEXT(2) 
PARAMETRIC_REPRESENTATION_CONTEXT() REPRESENTATION_CONTEXT('2D SPACE',''
  ) );
#8157 = PCURVE('',#5998,#8158);
#8158 = DEFINITIONAL_REPRESENTATION('',(#8159),#8163);
#8159 = LINE('',#8160,#8161);
#8160 = CARTESIAN_POINT('',(0.,-31.1));
#8161 = VECTOR('',#8162,1.);
#8162 = DIRECTION('',(1.,0.));
#8163 = ( GEOMETRIC_REPRESENTATION_CONTEXT(2) 
PARAMETRIC_REPRESENTATION_CONTEXT() REPRESENTATION_CONTEXT('2D SPACE',''
  ) );
#8164 = ORIENTED_EDGE('',*,*,#8165,.T.);
#8165 = EDGE_CURVE('',#8140,#8166,#8168,.T.);
#8166 = VERTEX_POINT('',#8167);
#8167 = CARTESIAN_POINT('',(34.8,0.8,21.1));
#8168 = SURFACE_CURVE('',#8169,(#8173,#8179),.PCURVE_S1.);
#8169 = LINE('',#8170,#8171);
#8170 = CARTESIAN_POINT('',(11.35,0.8,21.1));
#8171 = VECTOR('',#8172,1.);
#8172 = DIRECTION('',(1.,-0.,0.));
#8173 = PCURVE('',#5365,#8174);
#8174 = DEFINITIONAL_REPRESENTATION('',(#8175),#8178);
#8175 = B_SPLINE_CURVE_WITH_KNOTS('',1,(#8176,#8177),.UNSPECIFIED.,.F.,
  .F.,(2,2),(21.840360046254,23.45),.PIECEWISE_BEZIER_KNOTS.);
#8176 = CARTESIAN_POINT('',(33.190360046254,0.8));
#8177 = CARTESIAN_POINT('',(34.8,0.8));
#8178 = ( GEOMETRIC_REPRESENTATION_CONTEXT(2) 
PARAMETRIC_REPRESENTATION_CONTEXT() REPRESENTATION_CONTEXT('2D SPACE',''
  ) );
#8179 = PCURVE('',#8180,#8185);
#8180 = PLANE('',#8181);
#8181 = AXIS2_PLACEMENT_3D('',#8182,#8183,#8184);
#8182 = CARTESIAN_POINT('',(22.7,0.8,47.9));
#8183 = DIRECTION('',(-0.,-1.,0.));
#8184 = DIRECTION('',(0.,0.,-1.));
#8185 = DEFINITIONAL_REPRESENTATION('',(#8186),#8189);
#8186 = B_SPLINE_CURVE_WITH_KNOTS('',1,(#8187,#8188),.UNSPECIFIED.,.F.,
  .F.,(2,2),(21.840360046254,23.45),.PIECEWISE_BEZIER_KNOTS.);
#8187 = CARTESIAN_POINT('',(26.8,10.490360046254));
#8188 = CARTESIAN_POINT('',(26.8,12.1));
#8189 = ( GEOMETRIC_REPRESENTATION_CONTEXT(2) 
PARAMETRIC_REPRESENTATION_CONTEXT() REPRESENTATION_CONTEXT('2D SPACE',''
  ) );
#8190 = ORIENTED_EDGE('',*,*,#8191,.F.);
#8191 = EDGE_CURVE('',#8192,#8166,#8194,.T.);
#8192 = VERTEX_POINT('',#8193);
#8193 = CARTESIAN_POINT('',(34.8,-0.8,21.1));
#8194 = SURFACE_CURVE('',#8195,(#8199,#8205),.PCURVE_S1.);
#8195 = LINE('',#8196,#8197);
#8196 = CARTESIAN_POINT('',(34.8,-0.4,21.1));
#8197 = VECTOR('',#8198,1.);
#8198 = DIRECTION('',(-0.,1.,0.));
#8199 = PCURVE('',#5365,#8200);
#8200 = DEFINITIONAL_REPRESENTATION('',(#8201),#8204);
#8201 = B_SPLINE_CURVE_WITH_KNOTS('',1,(#8202,#8203),.UNSPECIFIED.,.F.,
  .F.,(2,2),(-0.4,1.2),.PIECEWISE_BEZIER_KNOTS.);
#8202 = CARTESIAN_POINT('',(34.8,-0.8));
#8203 = CARTESIAN_POINT('',(34.8,0.8));
#8204 = ( GEOMETRIC_REPRESENTATION_CONTEXT(2) 
PARAMETRIC_REPRESENTATION_CONTEXT() REPRESENTATION_CONTEXT('2D SPACE',''
  ) );
#8205 = PCURVE('',#8206,#8211);
#8206 = PLANE('',#8207);
#8207 = AXIS2_PLACEMENT_3D('',#8208,#8209,#8210);
#8208 = CARTESIAN_POINT('',(34.8,-0.8,52.2));
#8209 = DIRECTION('',(1.,0.,-0.));
#8210 = DIRECTION('',(0.,0.,1.));
#8211 = DEFINITIONAL_REPRESENTATION('',(#8212),#8215);
#8212 = B_SPLINE_CURVE_WITH_KNOTS('',1,(#8213,#8214),.UNSPECIFIED.,.F.,
  .F.,(2,2),(-0.4,1.2),.PIECEWISE_BEZIER_KNOTS.);
#8213 = CARTESIAN_POINT('',(-31.1,0.));
#8214 = CARTESIAN_POINT('',(-31.1,-1.6));
#8215 = ( GEOMETRIC_REPRESENTATION_CONTEXT(2) 
PARAMETRIC_REPRESENTATION_CONTEXT() REPRESENTATION_CONTEXT('2D SPACE',''
  ) );
#8216 = ORIENTED_EDGE('',*,*,#8217,.F.);
#8217 = EDGE_CURVE('',#8218,#8192,#8220,.T.);
#8218 = VERTEX_POINT('',#8219);
#8219 = CARTESIAN_POINT('',(33.190360046254,-0.800000000001,21.1));
#8220 = SURFACE_CURVE('',#8221,(#8225,#8231),.PCURVE_S1.);
#8221 = LINE('',#8222,#8223);
#8222 = CARTESIAN_POINT('',(11.35,-0.8,21.1));
#8223 = VECTOR('',#8224,1.);
#8224 = DIRECTION('',(1.,-0.,0.));
#8225 = PCURVE('',#5365,#8226);
#8226 = DEFINITIONAL_REPRESENTATION('',(#8227),#8230);
#8227 = B_SPLINE_CURVE_WITH_KNOTS('',1,(#8228,#8229),.UNSPECIFIED.,.F.,
  .F.,(2,2),(21.840360046254,23.45),.PIECEWISE_BEZIER_KNOTS.);
#8228 = CARTESIAN_POINT('',(33.190360046254,-0.8));
#8229 = CARTESIAN_POINT('',(34.8,-0.8));
#8230 = ( GEOMETRIC_REPRESENTATION_CONTEXT(2) 
PARAMETRIC_REPRESENTATION_CONTEXT() REPRESENTATION_CONTEXT('2D SPACE',''
  ) );
#8231 = PCURVE('',#8232,#8237);
#8232 = PLANE('',#8233);
#8233 = AXIS2_PLACEMENT_3D('',#8234,#8235,#8236);
#8234 = CARTESIAN_POINT('',(22.7,-0.8,47.9));
#8235 = DIRECTION('',(-0.,-1.,0.));
#8236 = DIRECTION('',(0.,0.,-1.));
#8237 = DEFINITIONAL_REPRESENTATION('',(#8238),#8241);
#8238 = B_SPLINE_CURVE_WITH_KNOTS('',1,(#8239,#8240),.UNSPECIFIED.,.F.,
  .F.,(2,2),(21.840360046254,23.45),.PIECEWISE_BEZIER_KNOTS.);
#8239 = CARTESIAN_POINT('',(26.8,10.490360046254));
#8240 = CARTESIAN_POINT('',(26.8,12.1));
#8241 = ( GEOMETRIC_REPRESENTATION_CONTEXT(2) 
PARAMETRIC_REPRESENTATION_CONTEXT() REPRESENTATION_CONTEXT('2D SPACE',''
  ) );
#8242 = ORIENTED_EDGE('',*,*,#8243,.F.);
#8243 = EDGE_CURVE('',#8244,#8218,#8246,.T.);
#8244 = VERTEX_POINT('',#8245);
#8245 = CARTESIAN_POINT('',(17.288000346155,-28.3436949608,21.1));
#8246 = SURFACE_CURVE('',#8247,(#8252,#8259),.PCURVE_S1.);
#8247 = CIRCLE('',#8248,33.2);
#8248 = AXIS2_PLACEMENT_3D('',#8249,#8250,#8251);
#8249 = CARTESIAN_POINT('',(0.,0.,21.1));
#8250 = DIRECTION('',(-0.,0.,1.));
#8251 = DIRECTION('',(1.,-0.,0.));
#8252 = PCURVE('',#5365,#8253);
#8253 = DEFINITIONAL_REPRESENTATION('',(#8254),#8258);
#8254 = CIRCLE('',#8255,33.2);
#8255 = AXIS2_PLACEMENT_2D('',#8256,#8257);
#8256 = CARTESIAN_POINT('',(0.,0.));
#8257 = DIRECTION('',(1.,0.));
#8258 = ( GEOMETRIC_REPRESENTATION_CONTEXT(2) 
PARAMETRIC_REPRESENTATION_CONTEXT() REPRESENTATION_CONTEXT('2D SPACE',''
  ) );
#8259 = PCURVE('',#5708,#8260);
#8260 = DEFINITIONAL_REPRESENTATION('',(#8261),#8265);
#8261 = LINE('',#8262,#8263);
#8262 = CARTESIAN_POINT('',(0.,-31.1));
#8263 = VECTOR('',#8264,1.);
#8264 = DIRECTION('',(1.,0.));
#8265 = ( GEOMETRIC_REPRESENTATION_CONTEXT(2) 
PARAMETRIC_REPRESENTATION_CONTEXT() REPRESENTATION_CONTEXT('2D SPACE',''
  ) );
#8266 = ORIENTED_EDGE('',*,*,#8267,.F.);
#8267 = EDGE_CURVE('',#8268,#8244,#8270,.T.);
#8268 = VERTEX_POINT('',#8269);
#8269 = CARTESIAN_POINT('',(18.092820323028,-29.73768405169,21.1));
#8270 = SURFACE_CURVE('',#8271,(#8275,#8281),.PCURVE_S1.);
#8271 = LINE('',#8272,#8273);
#8272 = CARTESIAN_POINT('',(8.867820323028,-13.75951535187,21.1));
#8273 = VECTOR('',#8274,1.);
#8274 = DIRECTION('',(-0.5,0.866025403784,0.));
#8275 = PCURVE('',#5365,#8276);
#8276 = DEFINITIONAL_REPRESENTATION('',(#8277),#8280);
#8277 = B_SPLINE_CURVE_WITH_KNOTS('',1,(#8278,#8279),.UNSPECIFIED.,.F.,
  .F.,(2,2),(-18.45,-16.84036004625),.PIECEWISE_BEZIER_KNOTS.);
#8278 = CARTESIAN_POINT('',(18.092820323028,-29.73768405169));
#8279 = CARTESIAN_POINT('',(17.288000346155,-28.3436949608));
#8280 = ( GEOMETRIC_REPRESENTATION_CONTEXT(2) 
PARAMETRIC_REPRESENTATION_CONTEXT() REPRESENTATION_CONTEXT('2D SPACE',''
  ) );
#8281 = PCURVE('',#8282,#8287);
#8282 = PLANE('',#8283);
#8283 = AXIS2_PLACEMENT_3D('',#8284,#8285,#8286);
#8284 = CARTESIAN_POINT('',(17.042820323028,-27.91903070375,52.2));
#8285 = DIRECTION('',(0.866025403784,0.5,-0.));
#8286 = DIRECTION('',(0.,0.,1.));
#8287 = DEFINITIONAL_REPRESENTATION('',(#8288),#8291);
#8288 = B_SPLINE_CURVE_WITH_KNOTS('',1,(#8289,#8290),.UNSPECIFIED.,.F.,
  .F.,(2,2),(-18.45,-16.84036004625),.PIECEWISE_BEZIER_KNOTS.);
#8289 = CARTESIAN_POINT('',(-31.1,2.1));
#8290 = CARTESIAN_POINT('',(-31.1,0.490360046254));
#8291 = ( GEOMETRIC_REPRESENTATION_CONTEXT(2) 
PARAMETRIC_REPRESENTATION_CONTEXT() REPRESENTATION_CONTEXT('2D SPACE',''
  ) );
#8292 = ORIENTED_EDGE('',*,*,#8293,.F.);
#8293 = EDGE_CURVE('',#8294,#8268,#8296,.T.);
#8294 = VERTEX_POINT('',#8295);
#8295 = CARTESIAN_POINT('',(16.707179676972,-30.53768405169,21.1));
#8296 = SURFACE_CURVE('',#8297,(#8301,#8307),.PCURVE_S1.);
#8297 = LINE('',#8298,#8299);
#8298 = CARTESIAN_POINT('',(17.053589838486,-30.33768405169,21.1));
#8299 = VECTOR('',#8300,1.);
#8300 = DIRECTION('',(0.866025403784,0.5,-0.));
#8301 = PCURVE('',#5365,#8302);
#8302 = DEFINITIONAL_REPRESENTATION('',(#8303),#8306);
#8303 = B_SPLINE_CURVE_WITH_KNOTS('',1,(#8304,#8305),.UNSPECIFIED.,.F.,
  .F.,(2,2),(-0.4,1.2),.PIECEWISE_BEZIER_KNOTS.);
#8304 = CARTESIAN_POINT('',(16.707179676972,-30.53768405169));
#8305 = CARTESIAN_POINT('',(18.092820323028,-29.73768405169));
#8306 = ( GEOMETRIC_REPRESENTATION_CONTEXT(2) 
PARAMETRIC_REPRESENTATION_CONTEXT() REPRESENTATION_CONTEXT('2D SPACE',''
  ) );
#8307 = PCURVE('',#8308,#8313);
#8308 = PLANE('',#8309);
#8309 = AXIS2_PLACEMENT_3D('',#8310,#8311,#8312);
#8310 = CARTESIAN_POINT('',(16.707179676972,-30.53768405169,52.2));
#8311 = DIRECTION('',(0.5,-0.866025403784,-0.));
#8312 = DIRECTION('',(0.,0.,1.));
#8313 = DEFINITIONAL_REPRESENTATION('',(#8314),#8317);
#8314 = B_SPLINE_CURVE_WITH_KNOTS('',1,(#8315,#8316),.UNSPECIFIED.,.F.,
  .F.,(2,2),(-0.4,1.2),.PIECEWISE_BEZIER_KNOTS.);
#8315 = CARTESIAN_POINT('',(-31.1,0.));
#8316 = CARTESIAN_POINT('',(-31.1,-1.6));
#8317 = ( GEOMETRIC_REPRESENTATION_CONTEXT(2) 
PARAMETRIC_REPRESENTATION_CONTEXT() REPRESENTATION_CONTEXT('2D SPACE',''
  ) );
#8318 = ORIENTED_EDGE('',*,*,#8319,.F.);
#8319 = EDGE_CURVE('',#8320,#8294,#8322,.T.);
#8320 = VERTEX_POINT('',#8321);
#8321 = CARTESIAN_POINT('',(15.9023597001,-29.1436949608,21.1));
#8322 = SURFACE_CURVE('',#8323,(#8327,#8333),.PCURVE_S1.);
#8323 = LINE('',#8324,#8325);
#8324 = CARTESIAN_POINT('',(4.982179676972,-10.22938833295,21.1));
#8325 = VECTOR('',#8326,1.);
#8326 = DIRECTION('',(0.5,-0.866025403784,0.));
#8327 = PCURVE('',#5365,#8328);
#8328 = DEFINITIONAL_REPRESENTATION('',(#8329),#8332);
#8329 = B_SPLINE_CURVE_WITH_KNOTS('',1,(#8330,#8331),.UNSPECIFIED.,.F.,
  .F.,(2,2),(21.840360046254,23.45),.PIECEWISE_BEZIER_KNOTS.);
#8330 = CARTESIAN_POINT('',(15.9023597001,-29.1436949608));
#8331 = CARTESIAN_POINT('',(16.707179676972,-30.53768405169));
#8332 = ( GEOMETRIC_REPRESENTATION_CONTEXT(2) 
PARAMETRIC_REPRESENTATION_CONTEXT() REPRESENTATION_CONTEXT('2D SPACE',''
  ) );
#8333 = PCURVE('',#8334,#8339);
#8334 = PLANE('',#8335);
#8335 = AXIS2_PLACEMENT_3D('',#8336,#8337,#8338);
#8336 = CARTESIAN_POINT('',(10.657179676972,-20.0587766659,47.9));
#8337 = DIRECTION('',(-0.866025403784,-0.5,0.));
#8338 = DIRECTION('',(0.,0.,-1.));
#8339 = DEFINITIONAL_REPRESENTATION('',(#8340),#8343);
#8340 = B_SPLINE_CURVE_WITH_KNOTS('',1,(#8341,#8342),.UNSPECIFIED.,.F.,
  .F.,(2,2),(21.840360046254,23.45),.PIECEWISE_BEZIER_KNOTS.);
#8341 = CARTESIAN_POINT('',(26.8,10.490360046254));
#8342 = CARTESIAN_POINT('',(26.8,12.1));
#8343 = ( GEOMETRIC_REPRESENTATION_CONTEXT(2) 
PARAMETRIC_REPRESENTATION_CONTEXT() REPRESENTATION_CONTEXT('2D SPACE',''
  ) );
#8344 = ORIENTED_EDGE('',*,*,#8345,.F.);
#8345 = EDGE_CURVE('',#8346,#8320,#8348,.T.);
#8346 = VERTEX_POINT('',#8347);
#8347 = CARTESIAN_POINT('',(-15.9023597001,-29.1436949608,21.1));
#8348 = SURFACE_CURVE('',#8349,(#8354,#8361),.PCURVE_S1.);
#8349 = CIRCLE('',#8350,33.2);
#8350 = AXIS2_PLACEMENT_3D('',#8351,#8352,#8353);
#8351 = CARTESIAN_POINT('',(0.,0.,21.1));
#8352 = DIRECTION('',(-0.,0.,1.));
#8353 = DIRECTION('',(1.,-0.,0.));
#8354 = PCURVE('',#5365,#8355);
#8355 = DEFINITIONAL_REPRESENTATION('',(#8356),#8360);
#8356 = CIRCLE('',#8357,33.2);
#8357 = AXIS2_PLACEMENT_2D('',#8358,#8359);
#8358 = CARTESIAN_POINT('',(0.,0.));
#8359 = DIRECTION('',(1.,0.));
#8360 = ( GEOMETRIC_REPRESENTATION_CONTEXT(2) 
PARAMETRIC_REPRESENTATION_CONTEXT() REPRESENTATION_CONTEXT('2D SPACE',''
  ) );
#8361 = PCURVE('',#5766,#8362);
#8362 = DEFINITIONAL_REPRESENTATION('',(#8363),#8367);
#8363 = LINE('',#8364,#8365);
#8364 = CARTESIAN_POINT('',(0.,-31.1));
#8365 = VECTOR('',#8366,1.);
#8366 = DIRECTION('',(1.,0.));
#8367 = ( GEOMETRIC_REPRESENTATION_CONTEXT(2) 
PARAMETRIC_REPRESENTATION_CONTEXT() REPRESENTATION_CONTEXT('2D SPACE',''
  ) );
#8368 = ORIENTED_EDGE('',*,*,#8369,.F.);
#8369 = EDGE_CURVE('',#8370,#8346,#8372,.T.);
#8370 = VERTEX_POINT('',#8371);
#8371 = CARTESIAN_POINT('',(-16.70717967697,-30.53768405169,21.1));
#8372 = SURFACE_CURVE('',#8373,(#8377,#8383),.PCURVE_S1.);
#8373 = LINE('',#8374,#8375);
#8374 = CARTESIAN_POINT('',(-7.482179676972,-14.55951535187,21.1));
#8375 = VECTOR('',#8376,1.);
#8376 = DIRECTION('',(0.5,0.866025403784,-0.));
#8377 = PCURVE('',#5365,#8378);
#8378 = DEFINITIONAL_REPRESENTATION('',(#8379),#8382);
#8379 = B_SPLINE_CURVE_WITH_KNOTS('',1,(#8380,#8381),.UNSPECIFIED.,.F.,
  .F.,(2,2),(-18.45,-16.84036004625),.PIECEWISE_BEZIER_KNOTS.);
#8380 = CARTESIAN_POINT('',(-16.70717967697,-30.53768405169));
#8381 = CARTESIAN_POINT('',(-15.9023597001,-29.1436949608));
#8382 = ( GEOMETRIC_REPRESENTATION_CONTEXT(2) 
PARAMETRIC_REPRESENTATION_CONTEXT() REPRESENTATION_CONTEXT('2D SPACE',''
  ) );
#8383 = PCURVE('',#8384,#8389);
#8384 = PLANE('',#8385);
#8385 = AXIS2_PLACEMENT_3D('',#8386,#8387,#8388);
#8386 = CARTESIAN_POINT('',(-15.65717967697,-28.71903070375,52.2));
#8387 = DIRECTION('',(0.866025403784,-0.5,-0.));
#8388 = DIRECTION('',(0.,0.,1.));
#8389 = DEFINITIONAL_REPRESENTATION('',(#8390),#8393);
#8390 = B_SPLINE_CURVE_WITH_KNOTS('',1,(#8391,#8392),.UNSPECIFIED.,.F.,
  .F.,(2,2),(-18.45,-16.84036004625),.PIECEWISE_BEZIER_KNOTS.);
#8391 = CARTESIAN_POINT('',(-31.1,2.1));
#8392 = CARTESIAN_POINT('',(-31.1,0.490360046254));
#8393 = ( GEOMETRIC_REPRESENTATION_CONTEXT(2) 
PARAMETRIC_REPRESENTATION_CONTEXT() REPRESENTATION_CONTEXT('2D SPACE',''
  ) );
#8394 = ORIENTED_EDGE('',*,*,#8395,.F.);
#8395 = EDGE_CURVE('',#8396,#8370,#8398,.T.);
#8396 = VERTEX_POINT('',#8397);
#8397 = CARTESIAN_POINT('',(-18.09282032302,-29.73768405169,21.1));
#8398 = SURFACE_CURVE('',#8399,(#8403,#8409),.PCURVE_S1.);
#8399 = LINE('',#8400,#8401);
#8400 = CARTESIAN_POINT('',(-17.74641016151,-29.93768405169,21.1));
#8401 = VECTOR('',#8402,1.);
#8402 = DIRECTION('',(0.866025403784,-0.5,0.));
#8403 = PCURVE('',#5365,#8404);
#8404 = DEFINITIONAL_REPRESENTATION('',(#8405),#8408);
#8405 = B_SPLINE_CURVE_WITH_KNOTS('',1,(#8406,#8407),.UNSPECIFIED.,.F.,
  .F.,(2,2),(-0.4,1.2),.PIECEWISE_BEZIER_KNOTS.);
#8406 = CARTESIAN_POINT('',(-18.09282032302,-29.73768405169));
#8407 = CARTESIAN_POINT('',(-16.70717967697,-30.53768405169));
#8408 = ( GEOMETRIC_REPRESENTATION_CONTEXT(2) 
PARAMETRIC_REPRESENTATION_CONTEXT() REPRESENTATION_CONTEXT('2D SPACE',''
  ) );
#8409 = PCURVE('',#8410,#8415);
#8410 = PLANE('',#8411);
#8411 = AXIS2_PLACEMENT_3D('',#8412,#8413,#8414);
#8412 = CARTESIAN_POINT('',(-18.09282032302,-29.73768405169,52.2));
#8413 = DIRECTION('',(-0.5,-0.866025403784,0.));
#8414 = DIRECTION('',(0.,0.,1.));
#8415 = DEFINITIONAL_REPRESENTATION('',(#8416),#8419);
#8416 = B_SPLINE_CURVE_WITH_KNOTS('',1,(#8417,#8418),.UNSPECIFIED.,.F.,
  .F.,(2,2),(-0.4,1.2),.PIECEWISE_BEZIER_KNOTS.);
#8417 = CARTESIAN_POINT('',(-31.1,0.));
#8418 = CARTESIAN_POINT('',(-31.1,-1.6));
#8419 = ( GEOMETRIC_REPRESENTATION_CONTEXT(2) 
PARAMETRIC_REPRESENTATION_CONTEXT() REPRESENTATION_CONTEXT('2D SPACE',''
  ) );
#8420 = ORIENTED_EDGE('',*,*,#8421,.F.);
#8421 = EDGE_CURVE('',#8422,#8396,#8424,.T.);
#8422 = VERTEX_POINT('',#8423);
#8423 = CARTESIAN_POINT('',(-17.28800034615,-28.3436949608,21.1));
#8424 = SURFACE_CURVE('',#8425,(#8429,#8435),.PCURVE_S1.);
#8425 = LINE('',#8426,#8427);
#8426 = CARTESIAN_POINT('',(-6.367820323028,-9.429388332953,21.1));
#8427 = VECTOR('',#8428,1.);
#8428 = DIRECTION('',(-0.5,-0.866025403784,0.));
#8429 = PCURVE('',#5365,#8430);
#8430 = DEFINITIONAL_REPRESENTATION('',(#8431),#8434);
#8431 = B_SPLINE_CURVE_WITH_KNOTS('',1,(#8432,#8433),.UNSPECIFIED.,.F.,
  .F.,(2,2),(21.840360046254,23.45),.PIECEWISE_BEZIER_KNOTS.);
#8432 = CARTESIAN_POINT('',(-17.28800034615,-28.3436949608));
#8433 = CARTESIAN_POINT('',(-18.09282032302,-29.73768405169));
#8434 = ( GEOMETRIC_REPRESENTATION_CONTEXT(2) 
PARAMETRIC_REPRESENTATION_CONTEXT() REPRESENTATION_CONTEXT('2D SPACE',''
  ) );
#8435 = PCURVE('',#8436,#8441);
#8436 = PLANE('',#8437);
#8437 = AXIS2_PLACEMENT_3D('',#8438,#8439,#8440);
#8438 = CARTESIAN_POINT('',(-12.04282032302,-19.2587766659,47.9));
#8439 = DIRECTION('',(-0.866025403784,0.5,-0.));
#8440 = DIRECTION('',(-0.,0.,-1.));
#8441 = DEFINITIONAL_REPRESENTATION('',(#8442),#8445);
#8442 = B_SPLINE_CURVE_WITH_KNOTS('',1,(#8443,#8444),.UNSPECIFIED.,.F.,
  .F.,(2,2),(21.840360046254,23.45),.PIECEWISE_BEZIER_KNOTS.);
#8443 = CARTESIAN_POINT('',(26.8,10.490360046254));
#8444 = CARTESIAN_POINT('',(26.8,12.1));
#8445 = ( GEOMETRIC_REPRESENTATION_CONTEXT(2) 
PARAMETRIC_REPRESENTATION_CONTEXT() REPRESENTATION_CONTEXT('2D SPACE',''
  ) );
#8446 = ORIENTED_EDGE('',*,*,#8447,.F.);
#8447 = EDGE_CURVE('',#8448,#8422,#8450,.T.);
#8448 = VERTEX_POINT('',#8449);
#8449 = CARTESIAN_POINT('',(-33.19036004625,-0.8,21.1));
#8450 = SURFACE_CURVE('',#8451,(#8456,#8463),.PCURVE_S1.);
#8451 = CIRCLE('',#8452,33.2);
#8452 = AXIS2_PLACEMENT_3D('',#8453,#8454,#8455);
#8453 = CARTESIAN_POINT('',(0.,0.,21.1));
#8454 = DIRECTION('',(-0.,0.,1.));
#8455 = DIRECTION('',(1.,-0.,0.));
#8456 = PCURVE('',#5365,#8457);
#8457 = DEFINITIONAL_REPRESENTATION('',(#8458),#8462);
#8458 = CIRCLE('',#8459,33.2);
#8459 = AXIS2_PLACEMENT_2D('',#8460,#8461);
#8460 = CARTESIAN_POINT('',(0.,0.));
#8461 = DIRECTION('',(1.,0.));
#8462 = ( GEOMETRIC_REPRESENTATION_CONTEXT(2) 
PARAMETRIC_REPRESENTATION_CONTEXT() REPRESENTATION_CONTEXT('2D SPACE',''
  ) );
#8463 = PCURVE('',#5824,#8464);
#8464 = DEFINITIONAL_REPRESENTATION('',(#8465),#8469);
#8465 = LINE('',#8466,#8467);
#8466 = CARTESIAN_POINT('',(0.,-31.1));
#8467 = VECTOR('',#8468,1.);
#8468 = DIRECTION('',(1.,0.));
#8469 = ( GEOMETRIC_REPRESENTATION_CONTEXT(2) 
PARAMETRIC_REPRESENTATION_CONTEXT() REPRESENTATION_CONTEXT('2D SPACE',''
  ) );
#8470 = ORIENTED_EDGE('',*,*,#8471,.F.);
#8471 = EDGE_CURVE('',#8472,#8448,#8474,.T.);
#8472 = VERTEX_POINT('',#8473);
#8473 = CARTESIAN_POINT('',(-34.8,-0.8,21.1));
#8474 = SURFACE_CURVE('',#8475,(#8479,#8485),.PCURVE_S1.);
#8475 = LINE('',#8476,#8477);
#8476 = CARTESIAN_POINT('',(-16.35,-0.8,21.1));
#8477 = VECTOR('',#8478,1.);
#8478 = DIRECTION('',(1.,-1.224646799147E-16,0.));
#8479 = PCURVE('',#5365,#8480);
#8480 = DEFINITIONAL_REPRESENTATION('',(#8481),#8484);
#8481 = B_SPLINE_CURVE_WITH_KNOTS('',1,(#8482,#8483),.UNSPECIFIED.,.F.,
  .F.,(2,2),(-18.45,-16.84036004625),.PIECEWISE_BEZIER_KNOTS.);
#8482 = CARTESIAN_POINT('',(-34.8,-0.8));
#8483 = CARTESIAN_POINT('',(-33.19036004625,-0.8));
#8484 = ( GEOMETRIC_REPRESENTATION_CONTEXT(2) 
PARAMETRIC_REPRESENTATION_CONTEXT() REPRESENTATION_CONTEXT('2D SPACE',''
  ) );
#8485 = PCURVE('',#8486,#8491);
#8486 = PLANE('',#8487);
#8487 = AXIS2_PLACEMENT_3D('',#8488,#8489,#8490);
#8488 = CARTESIAN_POINT('',(-32.7,-0.8,52.2));
#8489 = DIRECTION('',(-1.224646799147E-16,-1.,-0.));
#8490 = DIRECTION('',(0.,0.,1.));
#8491 = DEFINITIONAL_REPRESENTATION('',(#8492),#8495);
#8492 = B_SPLINE_CURVE_WITH_KNOTS('',1,(#8493,#8494),.UNSPECIFIED.,.F.,
  .F.,(2,2),(-18.45,-16.84036004625),.PIECEWISE_BEZIER_KNOTS.);
#8493 = CARTESIAN_POINT('',(-31.1,2.1));
#8494 = CARTESIAN_POINT('',(-31.1,0.490360046254));
#8495 = ( GEOMETRIC_REPRESENTATION_CONTEXT(2) 
PARAMETRIC_REPRESENTATION_CONTEXT() REPRESENTATION_CONTEXT('2D SPACE',''
  ) );
#8496 = ORIENTED_EDGE('',*,*,#8497,.F.);
#8497 = EDGE_CURVE('',#8498,#8472,#8500,.T.);
#8498 = VERTEX_POINT('',#8499);
#8499 = CARTESIAN_POINT('',(-34.8,0.8,21.1));
#8500 = SURFACE_CURVE('',#8501,(#8505,#8511),.PCURVE_S1.);
#8501 = LINE('',#8502,#8503);
#8502 = CARTESIAN_POINT('',(-34.8,0.4,21.1));
#8503 = VECTOR('',#8504,1.);
#8504 = DIRECTION('',(-1.224646799147E-16,-1.,0.));
#8505 = PCURVE('',#5365,#8506);
#8506 = DEFINITIONAL_REPRESENTATION('',(#8507),#8510);
#8507 = B_SPLINE_CURVE_WITH_KNOTS('',1,(#8508,#8509),.UNSPECIFIED.,.F.,
  .F.,(2,2),(-0.4,1.2),.PIECEWISE_BEZIER_KNOTS.);
#8508 = CARTESIAN_POINT('',(-34.8,0.8));
#8509 = CARTESIAN_POINT('',(-34.8,-0.8));
#8510 = ( GEOMETRIC_REPRESENTATION_CONTEXT(2) 
PARAMETRIC_REPRESENTATION_CONTEXT() REPRESENTATION_CONTEXT('2D SPACE',''
  ) );
#8511 = PCURVE('',#8512,#8517);
#8512 = PLANE('',#8513);
#8513 = AXIS2_PLACEMENT_3D('',#8514,#8515,#8516);
#8514 = CARTESIAN_POINT('',(-34.8,0.8,52.2));
#8515 = DIRECTION('',(-1.,1.224646799147E-16,0.));
#8516 = DIRECTION('',(0.,0.,1.));
#8517 = DEFINITIONAL_REPRESENTATION('',(#8518),#8521);
#8518 = B_SPLINE_CURVE_WITH_KNOTS('',1,(#8519,#8520),.UNSPECIFIED.,.F.,
  .F.,(2,2),(-0.4,1.2),.PIECEWISE_BEZIER_KNOTS.);
#8519 = CARTESIAN_POINT('',(-31.1,0.));
#8520 = CARTESIAN_POINT('',(-31.1,-1.6));
#8521 = ( GEOMETRIC_REPRESENTATION_CONTEXT(2) 
PARAMETRIC_REPRESENTATION_CONTEXT() REPRESENTATION_CONTEXT('2D SPACE',''
  ) );
#8522 = ORIENTED_EDGE('',*,*,#8523,.F.);
#8523 = EDGE_CURVE('',#8524,#8498,#8526,.T.);
#8524 = VERTEX_POINT('',#8525);
#8525 = CARTESIAN_POINT('',(-33.19036004625,0.8,21.1));
#8526 = SURFACE_CURVE('',#8527,(#8531,#8537),.PCURVE_S1.);
#8527 = LINE('',#8528,#8529);
#8528 = CARTESIAN_POINT('',(-11.35,0.8,21.1));
#8529 = VECTOR('',#8530,1.);
#8530 = DIRECTION('',(-1.,1.224646799147E-16,0.));
#8531 = PCURVE('',#5365,#8532);
#8532 = DEFINITIONAL_REPRESENTATION('',(#8533),#8536);
#8533 = B_SPLINE_CURVE_WITH_KNOTS('',1,(#8534,#8535),.UNSPECIFIED.,.F.,
  .F.,(2,2),(21.840360046254,23.45),.PIECEWISE_BEZIER_KNOTS.);
#8534 = CARTESIAN_POINT('',(-33.19036004625,0.8));
#8535 = CARTESIAN_POINT('',(-34.8,0.8));
#8536 = ( GEOMETRIC_REPRESENTATION_CONTEXT(2) 
PARAMETRIC_REPRESENTATION_CONTEXT() REPRESENTATION_CONTEXT('2D SPACE',''
  ) );
#8537 = PCURVE('',#8538,#8543);
#8538 = PLANE('',#8539);
#8539 = AXIS2_PLACEMENT_3D('',#8540,#8541,#8542);
#8540 = CARTESIAN_POINT('',(-22.7,0.8,47.9));
#8541 = DIRECTION('',(1.224646799147E-16,1.,-0.));
#8542 = DIRECTION('',(0.,-0.,-1.));
#8543 = DEFINITIONAL_REPRESENTATION('',(#8544),#8547);
#8544 = B_SPLINE_CURVE_WITH_KNOTS('',1,(#8545,#8546),.UNSPECIFIED.,.F.,
  .F.,(2,2),(21.840360046254,23.45),.PIECEWISE_BEZIER_KNOTS.);
#8545 = CARTESIAN_POINT('',(26.8,10.490360046254));
#8546 = CARTESIAN_POINT('',(26.8,12.1));
#8547 = ( GEOMETRIC_REPRESENTATION_CONTEXT(2) 
PARAMETRIC_REPRESENTATION_CONTEXT() REPRESENTATION_CONTEXT('2D SPACE',''
  ) );
#8548 = ORIENTED_EDGE('',*,*,#8549,.F.);
#8549 = EDGE_CURVE('',#8550,#8524,#8552,.T.);
#8550 = VERTEX_POINT('',#8551);
#8551 = CARTESIAN_POINT('',(-17.28800034615,28.343694960808,21.1));
#8552 = SURFACE_CURVE('',#8553,(#8558,#8565),.PCURVE_S1.);
#8553 = CIRCLE('',#8554,33.2);
#8554 = AXIS2_PLACEMENT_3D('',#8555,#8556,#8557);
#8555 = CARTESIAN_POINT('',(0.,0.,21.1));
#8556 = DIRECTION('',(-0.,0.,1.));
#8557 = DIRECTION('',(1.,-0.,0.));
#8558 = PCURVE('',#5365,#8559);
#8559 = DEFINITIONAL_REPRESENTATION('',(#8560),#8564);
#8560 = CIRCLE('',#8561,33.2);
#8561 = AXIS2_PLACEMENT_2D('',#8562,#8563);
#8562 = CARTESIAN_POINT('',(0.,0.));
#8563 = DIRECTION('',(1.,0.));
#8564 = ( GEOMETRIC_REPRESENTATION_CONTEXT(2) 
PARAMETRIC_REPRESENTATION_CONTEXT() REPRESENTATION_CONTEXT('2D SPACE',''
  ) );
#8565 = PCURVE('',#5882,#8566);
#8566 = DEFINITIONAL_REPRESENTATION('',(#8567),#8571);
#8567 = LINE('',#8568,#8569);
#8568 = CARTESIAN_POINT('',(0.,-31.1));
#8569 = VECTOR('',#8570,1.);
#8570 = DIRECTION('',(1.,0.));
#8571 = ( GEOMETRIC_REPRESENTATION_CONTEXT(2) 
PARAMETRIC_REPRESENTATION_CONTEXT() REPRESENTATION_CONTEXT('2D SPACE',''
  ) );
#8572 = ORIENTED_EDGE('',*,*,#8573,.F.);
#8573 = EDGE_CURVE('',#8574,#8550,#8576,.T.);
#8574 = VERTEX_POINT('',#8575);
#8575 = CARTESIAN_POINT('',(-18.09282032302,29.737684051698,21.1));
#8576 = SURFACE_CURVE('',#8577,(#8581,#8587),.PCURVE_S1.);
#8577 = LINE('',#8578,#8579);
#8578 = CARTESIAN_POINT('',(-8.867820323028,13.759515351876,21.1));
#8579 = VECTOR('',#8580,1.);
#8580 = DIRECTION('',(0.5,-0.866025403784,0.));
#8581 = PCURVE('',#5365,#8582);
#8582 = DEFINITIONAL_REPRESENTATION('',(#8583),#8586);
#8583 = B_SPLINE_CURVE_WITH_KNOTS('',1,(#8584,#8585),.UNSPECIFIED.,.F.,
  .F.,(2,2),(-18.45,-16.84036004625),.PIECEWISE_BEZIER_KNOTS.);
#8584 = CARTESIAN_POINT('',(-18.09282032302,29.737684051698));
#8585 = CARTESIAN_POINT('',(-17.28800034615,28.343694960808));
#8586 = ( GEOMETRIC_REPRESENTATION_CONTEXT(2) 
PARAMETRIC_REPRESENTATION_CONTEXT() REPRESENTATION_CONTEXT('2D SPACE',''
  ) );
#8587 = PCURVE('',#8588,#8593);
#8588 = PLANE('',#8589);
#8589 = AXIS2_PLACEMENT_3D('',#8590,#8591,#8592);
#8590 = CARTESIAN_POINT('',(-17.04282032302,27.919030703751,52.2));
#8591 = DIRECTION('',(-0.866025403784,-0.5,-0.));
#8592 = DIRECTION('',(0.,0.,1.));
#8593 = DEFINITIONAL_REPRESENTATION('',(#8594),#8597);
#8594 = B_SPLINE_CURVE_WITH_KNOTS('',1,(#8595,#8596),.UNSPECIFIED.,.F.,
  .F.,(2,2),(-18.45,-16.84036004625),.PIECEWISE_BEZIER_KNOTS.);
#8595 = CARTESIAN_POINT('',(-31.1,2.1));
#8596 = CARTESIAN_POINT('',(-31.1,0.490360046254));
#8597 = ( GEOMETRIC_REPRESENTATION_CONTEXT(2) 
PARAMETRIC_REPRESENTATION_CONTEXT() REPRESENTATION_CONTEXT('2D SPACE',''
  ) );
#8598 = ORIENTED_EDGE('',*,*,#8599,.F.);
#8599 = EDGE_CURVE('',#8600,#8574,#8602,.T.);
#8600 = VERTEX_POINT('',#8601);
#8601 = CARTESIAN_POINT('',(-16.70717967697,30.537684051698,21.1));
#8602 = SURFACE_CURVE('',#8603,(#8607,#8613),.PCURVE_S1.);
#8603 = LINE('',#8604,#8605);
#8604 = CARTESIAN_POINT('',(-17.05358983848,30.337684051698,21.1));
#8605 = VECTOR('',#8606,1.);
#8606 = DIRECTION('',(-0.866025403784,-0.5,0.));
#8607 = PCURVE('',#5365,#8608);
#8608 = DEFINITIONAL_REPRESENTATION('',(#8609),#8612);
#8609 = B_SPLINE_CURVE_WITH_KNOTS('',1,(#8610,#8611),.UNSPECIFIED.,.F.,
  .F.,(2,2),(-0.4,1.2),.PIECEWISE_BEZIER_KNOTS.);
#8610 = CARTESIAN_POINT('',(-16.70717967697,30.537684051698));
#8611 = CARTESIAN_POINT('',(-18.09282032302,29.737684051698));
#8612 = ( GEOMETRIC_REPRESENTATION_CONTEXT(2) 
PARAMETRIC_REPRESENTATION_CONTEXT() REPRESENTATION_CONTEXT('2D SPACE',''
  ) );
#8613 = PCURVE('',#8614,#8619);
#8614 = PLANE('',#8615);
#8615 = AXIS2_PLACEMENT_3D('',#8616,#8617,#8618);
#8616 = CARTESIAN_POINT('',(-16.70717967697,30.537684051698,52.2));
#8617 = DIRECTION('',(-0.5,0.866025403784,0.));
#8618 = DIRECTION('',(0.,0.,1.));
#8619 = DEFINITIONAL_REPRESENTATION('',(#8620),#8623);
#8620 = B_SPLINE_CURVE_WITH_KNOTS('',1,(#8621,#8622),.UNSPECIFIED.,.F.,
  .F.,(2,2),(-0.4,1.2),.PIECEWISE_BEZIER_KNOTS.);
#8621 = CARTESIAN_POINT('',(-31.1,0.));
#8622 = CARTESIAN_POINT('',(-31.1,-1.6));
#8623 = ( GEOMETRIC_REPRESENTATION_CONTEXT(2) 
PARAMETRIC_REPRESENTATION_CONTEXT() REPRESENTATION_CONTEXT('2D SPACE',''
  ) );
#8624 = ORIENTED_EDGE('',*,*,#8625,.F.);
#8625 = EDGE_CURVE('',#8626,#8600,#8628,.T.);
#8626 = VERTEX_POINT('',#8627);
#8627 = CARTESIAN_POINT('',(-15.9023597001,29.143694960808,21.1));
#8628 = SURFACE_CURVE('',#8629,(#8633,#8639),.PCURVE_S1.);
#8629 = LINE('',#8630,#8631);
#8630 = CARTESIAN_POINT('',(-4.982179676972,10.229388332953,21.1));
#8631 = VECTOR('',#8632,1.);
#8632 = DIRECTION('',(-0.5,0.866025403784,0.));
#8633 = PCURVE('',#5365,#8634);
#8634 = DEFINITIONAL_REPRESENTATION('',(#8635),#8638);
#8635 = B_SPLINE_CURVE_WITH_KNOTS('',1,(#8636,#8637),.UNSPECIFIED.,.F.,
  .F.,(2,2),(21.840360046254,23.45),.PIECEWISE_BEZIER_KNOTS.);
#8636 = CARTESIAN_POINT('',(-15.9023597001,29.143694960808));
#8637 = CARTESIAN_POINT('',(-16.70717967697,30.537684051698));
#8638 = ( GEOMETRIC_REPRESENTATION_CONTEXT(2) 
PARAMETRIC_REPRESENTATION_CONTEXT() REPRESENTATION_CONTEXT('2D SPACE',''
  ) );
#8639 = PCURVE('',#8640,#8645);
#8640 = PLANE('',#8641);
#8641 = AXIS2_PLACEMENT_3D('',#8642,#8643,#8644);
#8642 = CARTESIAN_POINT('',(-10.65717967697,20.058776665907,47.9));
#8643 = DIRECTION('',(0.866025403784,0.5,-0.));
#8644 = DIRECTION('',(0.,-0.,-1.));
#8645 = DEFINITIONAL_REPRESENTATION('',(#8646),#8649);
#8646 = B_SPLINE_CURVE_WITH_KNOTS('',1,(#8647,#8648),.UNSPECIFIED.,.F.,
  .F.,(2,2),(21.840360046254,23.45),.PIECEWISE_BEZIER_KNOTS.);
#8647 = CARTESIAN_POINT('',(26.8,10.490360046254));
#8648 = CARTESIAN_POINT('',(26.8,12.1));
#8649 = ( GEOMETRIC_REPRESENTATION_CONTEXT(2) 
PARAMETRIC_REPRESENTATION_CONTEXT() REPRESENTATION_CONTEXT('2D SPACE',''
  ) );
#8650 = ORIENTED_EDGE('',*,*,#8651,.F.);
#8651 = EDGE_CURVE('',#8652,#8626,#8654,.T.);
#8652 = VERTEX_POINT('',#8653);
#8653 = CARTESIAN_POINT('',(15.9023597001,29.143694960808,21.1));
#8654 = SURFACE_CURVE('',#8655,(#8660,#8667),.PCURVE_S1.);
#8655 = CIRCLE('',#8656,33.2);
#8656 = AXIS2_PLACEMENT_3D('',#8657,#8658,#8659);
#8657 = CARTESIAN_POINT('',(0.,0.,21.1));
#8658 = DIRECTION('',(-0.,0.,1.));
#8659 = DIRECTION('',(1.,-0.,0.));
#8660 = PCURVE('',#5365,#8661);
#8661 = DEFINITIONAL_REPRESENTATION('',(#8662),#8666);
#8662 = CIRCLE('',#8663,33.2);
#8663 = AXIS2_PLACEMENT_2D('',#8664,#8665);
#8664 = CARTESIAN_POINT('',(0.,0.));
#8665 = DIRECTION('',(1.,0.));
#8666 = ( GEOMETRIC_REPRESENTATION_CONTEXT(2) 
PARAMETRIC_REPRESENTATION_CONTEXT() REPRESENTATION_CONTEXT('2D SPACE',''
  ) );
#8667 = PCURVE('',#5940,#8668);
#8668 = DEFINITIONAL_REPRESENTATION('',(#8669),#8673);
#8669 = LINE('',#8670,#8671);
#8670 = CARTESIAN_POINT('',(0.,-31.1));
#8671 = VECTOR('',#8672,1.);
#8672 = DIRECTION('',(1.,0.));
#8673 = ( GEOMETRIC_REPRESENTATION_CONTEXT(2) 
PARAMETRIC_REPRESENTATION_CONTEXT() REPRESENTATION_CONTEXT('2D SPACE',''
  ) );
#8674 = ORIENTED_EDGE('',*,*,#8675,.F.);
#8675 = EDGE_CURVE('',#8676,#8652,#8678,.T.);
#8676 = VERTEX_POINT('',#8677);
#8677 = CARTESIAN_POINT('',(16.707179676972,30.537684051698,21.1));
#8678 = SURFACE_CURVE('',#8679,(#8683,#8689),.PCURVE_S1.);
#8679 = LINE('',#8680,#8681);
#8680 = CARTESIAN_POINT('',(7.482179676972,14.559515351876,21.1));
#8681 = VECTOR('',#8682,1.);
#8682 = DIRECTION('',(-0.5,-0.866025403784,0.));
#8683 = PCURVE('',#5365,#8684);
#8684 = DEFINITIONAL_REPRESENTATION('',(#8685),#8688);
#8685 = B_SPLINE_CURVE_WITH_KNOTS('',1,(#8686,#8687),.UNSPECIFIED.,.F.,
  .F.,(2,2),(-18.45,-16.84036004625),.PIECEWISE_BEZIER_KNOTS.);
#8686 = CARTESIAN_POINT('',(16.707179676972,30.537684051698));
#8687 = CARTESIAN_POINT('',(15.9023597001,29.143694960808));
#8688 = ( GEOMETRIC_REPRESENTATION_CONTEXT(2) 
PARAMETRIC_REPRESENTATION_CONTEXT() REPRESENTATION_CONTEXT('2D SPACE',''
  ) );
#8689 = PCURVE('',#8690,#8695);
#8690 = PLANE('',#8691);
#8691 = AXIS2_PLACEMENT_3D('',#8692,#8693,#8694);
#8692 = CARTESIAN_POINT('',(15.657179676972,28.719030703751,52.2));
#8693 = DIRECTION('',(-0.866025403784,0.5,-0.));
#8694 = DIRECTION('',(0.,0.,1.));
#8695 = DEFINITIONAL_REPRESENTATION('',(#8696),#8699);
#8696 = B_SPLINE_CURVE_WITH_KNOTS('',1,(#8697,#8698),.UNSPECIFIED.,.F.,
  .F.,(2,2),(-18.45,-16.84036004625),.PIECEWISE_BEZIER_KNOTS.);
#8697 = CARTESIAN_POINT('',(-31.1,2.1));
#8698 = CARTESIAN_POINT('',(-31.1,0.490360046254));
#8699 = ( GEOMETRIC_REPRESENTATION_CONTEXT(2) 
PARAMETRIC_REPRESENTATION_CONTEXT() REPRESENTATION_CONTEXT('2D SPACE',''
  ) );
#8700 = ORIENTED_EDGE('',*,*,#8701,.F.);
#8701 = EDGE_CURVE('',#8702,#8676,#8704,.T.);
#8702 = VERTEX_POINT('',#8703);
#8703 = CARTESIAN_POINT('',(18.092820323028,29.737684051698,21.1));
#8704 = SURFACE_CURVE('',#8705,(#8709,#8715),.PCURVE_S1.);
#8705 = LINE('',#8706,#8707);
#8706 = CARTESIAN_POINT('',(17.746410161514,29.937684051698,21.1));
#8707 = VECTOR('',#8708,1.);
#8708 = DIRECTION('',(-0.866025403784,0.5,0.));
#8709 = PCURVE('',#5365,#8710);
#8710 = DEFINITIONAL_REPRESENTATION('',(#8711),#8714);
#8711 = B_SPLINE_CURVE_WITH_KNOTS('',1,(#8712,#8713),.UNSPECIFIED.,.F.,
  .F.,(2,2),(-0.4,1.2),.PIECEWISE_BEZIER_KNOTS.);
#8712 = CARTESIAN_POINT('',(18.092820323028,29.737684051698));
#8713 = CARTESIAN_POINT('',(16.707179676972,30.537684051698));
#8714 = ( GEOMETRIC_REPRESENTATION_CONTEXT(2) 
PARAMETRIC_REPRESENTATION_CONTEXT() REPRESENTATION_CONTEXT('2D SPACE',''
  ) );
#8715 = PCURVE('',#8716,#8721);
#8716 = PLANE('',#8717);
#8717 = AXIS2_PLACEMENT_3D('',#8718,#8719,#8720);
#8718 = CARTESIAN_POINT('',(18.092820323028,29.737684051698,52.2));
#8719 = DIRECTION('',(0.5,0.866025403784,0.));
#8720 = DIRECTION('',(0.,0.,1.));
#8721 = DEFINITIONAL_REPRESENTATION('',(#8722),#8725);
#8722 = B_SPLINE_CURVE_WITH_KNOTS('',1,(#8723,#8724),.UNSPECIFIED.,.F.,
  .F.,(2,2),(-0.4,1.2),.PIECEWISE_BEZIER_KNOTS.);
#8723 = CARTESIAN_POINT('',(-31.1,0.));
#8724 = CARTESIAN_POINT('',(-31.1,-1.6));
#8725 = ( GEOMETRIC_REPRESENTATION_CONTEXT(2) 
PARAMETRIC_REPRESENTATION_CONTEXT() REPRESENTATION_CONTEXT('2D SPACE',''
  ) );
#8726 = ORIENTED_EDGE('',*,*,#8727,.F.);
#8727 = EDGE_CURVE('',#8142,#8702,#8728,.T.);
#8728 = SURFACE_CURVE('',#8729,(#8733,#8739),.PCURVE_S1.);
#8729 = LINE('',#8730,#8731);
#8730 = CARTESIAN_POINT('',(6.367820323028,9.429388332953,21.1));
#8731 = VECTOR('',#8732,1.);
#8732 = DIRECTION('',(0.5,0.866025403784,-0.));
#8733 = PCURVE('',#5365,#8734);
#8734 = DEFINITIONAL_REPRESENTATION('',(#8735),#8738);
#8735 = B_SPLINE_CURVE_WITH_KNOTS('',1,(#8736,#8737),.UNSPECIFIED.,.F.,
  .F.,(2,2),(21.840360046254,23.45),.PIECEWISE_BEZIER_KNOTS.);
#8736 = CARTESIAN_POINT('',(17.288000346155,28.343694960808));
#8737 = CARTESIAN_POINT('',(18.092820323028,29.737684051698));
#8738 = ( GEOMETRIC_REPRESENTATION_CONTEXT(2) 
PARAMETRIC_REPRESENTATION_CONTEXT() REPRESENTATION_CONTEXT('2D SPACE',''
  ) );
#8739 = PCURVE('',#8740,#8745);
#8740 = PLANE('',#8741);
#8741 = AXIS2_PLACEMENT_3D('',#8742,#8743,#8744);
#8742 = CARTESIAN_POINT('',(12.042820323028,19.258776665907,47.9));
#8743 = DIRECTION('',(0.866025403784,-0.5,-0.));
#8744 = DIRECTION('',(0.,0.,-1.));
#8745 = DEFINITIONAL_REPRESENTATION('',(#8746),#8749);
#8746 = B_SPLINE_CURVE_WITH_KNOTS('',1,(#8747,#8748),.UNSPECIFIED.,.F.,
  .F.,(2,2),(21.840360046254,23.45),.PIECEWISE_BEZIER_KNOTS.);
#8747 = CARTESIAN_POINT('',(26.8,10.490360046254));
#8748 = CARTESIAN_POINT('',(26.8,12.1));
#8749 = ( GEOMETRIC_REPRESENTATION_CONTEXT(2) 
PARAMETRIC_REPRESENTATION_CONTEXT() REPRESENTATION_CONTEXT('2D SPACE',''
  ) );
#8750 = ADVANCED_FACE('',(#8751),#5450,.F.);
#8751 = FACE_BOUND('',#8752,.F.);
#8752 = EDGE_LOOP('',(#8753,#8774,#8775,#8776));
#8753 = ORIENTED_EDGE('',*,*,#8754,.T.);
#8754 = EDGE_CURVE('',#8103,#5434,#8755,.T.);
#8755 = SEAM_CURVE('',#8756,(#8760,#8767),.PCURVE_S1.);
#8756 = LINE('',#8757,#8758);
#8757 = CARTESIAN_POINT('',(11.1,0.,50.6));
#8758 = VECTOR('',#8759,1.);
#8759 = DIRECTION('',(-0.,-0.,-1.));
#8760 = PCURVE('',#5450,#8761);
#8761 = DEFINITIONAL_REPRESENTATION('',(#8762),#8766);
#8762 = LINE('',#8763,#8764);
#8763 = CARTESIAN_POINT('',(0.,0.));
#8764 = VECTOR('',#8765,1.);
#8765 = DIRECTION('',(0.,-1.));
#8766 = ( GEOMETRIC_REPRESENTATION_CONTEXT(2) 
PARAMETRIC_REPRESENTATION_CONTEXT() REPRESENTATION_CONTEXT('2D SPACE',''
  ) );
#8767 = PCURVE('',#5450,#8768);
#8768 = DEFINITIONAL_REPRESENTATION('',(#8769),#8773);
#8769 = LINE('',#8770,#8771);
#8770 = CARTESIAN_POINT('',(6.28318530718,0.));
#8771 = VECTOR('',#8772,1.);
#8772 = DIRECTION('',(0.,-1.));
#8773 = ( GEOMETRIC_REPRESENTATION_CONTEXT(2) 
PARAMETRIC_REPRESENTATION_CONTEXT() REPRESENTATION_CONTEXT('2D SPACE',''
  ) );
#8774 = ORIENTED_EDGE('',*,*,#5433,.T.);
#8775 = ORIENTED_EDGE('',*,*,#8754,.F.);
#8776 = ORIENTED_EDGE('',*,*,#8102,.F.);
#8777 = ADVANCED_FACE('',(#8778),#5505,.T.);
#8778 = FACE_BOUND('',#8779,.F.);
#8779 = EDGE_LOOP('',(#8780,#8781,#8782,#8783));
#8780 = ORIENTED_EDGE('',*,*,#5489,.F.);
#8781 = ORIENTED_EDGE('',*,*,#5544,.T.);
#8782 = ORIENTED_EDGE('',*,*,#5591,.T.);
#8783 = ORIENTED_EDGE('',*,*,#6038,.F.);
#8784 = ADVANCED_FACE('',(#8785),#5679,.F.);
#8785 = FACE_BOUND('',#8786,.F.);
#8786 = EDGE_LOOP('',(#8787,#8808,#8841,#8860,#8861));
#8787 = ORIENTED_EDGE('',*,*,#8788,.T.);
#8788 = EDGE_CURVE('',#5663,#8789,#8791,.T.);
#8789 = VERTEX_POINT('',#8790);
#8790 = CARTESIAN_POINT('',(34.190641994558,-0.8,2.4));
#8791 = SURFACE_CURVE('',#8792,(#8796,#8802),.PCURVE_S1.);
#8792 = LINE('',#8793,#8794);
#8793 = CARTESIAN_POINT('',(11.35,-0.8,2.4));
#8794 = VECTOR('',#8795,1.);
#8795 = DIRECTION('',(1.,-0.,0.));
#8796 = PCURVE('',#5679,#8797);
#8797 = DEFINITIONAL_REPRESENTATION('',(#8798),#8801);
#8798 = B_SPLINE_CURVE_WITH_KNOTS('',1,(#8799,#8800),.UNSPECIFIED.,.F.,
  .F.,(2,2),(21.840360046254,22.85),.PIECEWISE_BEZIER_KNOTS.);
#8799 = CARTESIAN_POINT('',(33.190360046254,-0.8));
#8800 = CARTESIAN_POINT('',(34.2,-0.8));
#8801 = ( GEOMETRIC_REPRESENTATION_CONTEXT(2) 
PARAMETRIC_REPRESENTATION_CONTEXT() REPRESENTATION_CONTEXT('2D SPACE',''
  ) );
#8802 = PCURVE('',#8232,#8803);
#8803 = DEFINITIONAL_REPRESENTATION('',(#8804),#8807);
#8804 = B_SPLINE_CURVE_WITH_KNOTS('',1,(#8805,#8806),.UNSPECIFIED.,.F.,
  .F.,(2,2),(21.840360046254,22.85),.PIECEWISE_BEZIER_KNOTS.);
#8805 = CARTESIAN_POINT('',(45.5,10.490360046254));
#8806 = CARTESIAN_POINT('',(45.5,11.5));
#8807 = ( GEOMETRIC_REPRESENTATION_CONTEXT(2) 
PARAMETRIC_REPRESENTATION_CONTEXT() REPRESENTATION_CONTEXT('2D SPACE',''
  ) );
#8808 = ORIENTED_EDGE('',*,*,#8809,.F.);
#8809 = EDGE_CURVE('',#8810,#8789,#8812,.T.);
#8810 = VERTEX_POINT('',#8811);
#8811 = CARTESIAN_POINT('',(34.190641994558,0.8,2.4));
#8812 = SURFACE_CURVE('',#8813,(#8818,#8829),.PCURVE_S1.);
#8813 = CIRCLE('',#8814,34.2);
#8814 = AXIS2_PLACEMENT_3D('',#8815,#8816,#8817);
#8815 = CARTESIAN_POINT('',(0.,0.,2.4));
#8816 = DIRECTION('',(0.,0.,-1.));
#8817 = DIRECTION('',(0.99972637411,2.33918128655E-02,0.));
#8818 = PCURVE('',#5679,#8819);
#8819 = DEFINITIONAL_REPRESENTATION('',(#8820),#8828);
#8820 = ( BOUNDED_CURVE() B_SPLINE_CURVE(2,(#8821,#8822,#8823,#8824,
#8825,#8826,#8827),.UNSPECIFIED.,.T.,.F.) B_SPLINE_CURVE_WITH_KNOTS((1,2
    ,2,2,2,1),(-2.094395102393,0.,2.094395102393,4.188790204786,
6.28318530718,8.377580409573),.UNSPECIFIED.) CURVE() 
GEOMETRIC_REPRESENTATION_ITEM() RATIONAL_B_SPLINE_CURVE((1.,0.5,1.,0.5,
1.,0.5,1.)) REPRESENTATION_ITEM('') );
#8821 = CARTESIAN_POINT('',(34.190641994558,0.8));
#8822 = CARTESIAN_POINT('',(35.576282640613,-58.41992907797));
#8823 = CARTESIAN_POINT('',(-16.40250067425,-30.00996453898));
#8824 = CARTESIAN_POINT('',(-68.38128398911,-1.6));
#8825 = CARTESIAN_POINT('',(-17.7881413203,29.209964538986));
#8826 = CARTESIAN_POINT('',(32.805001348502,60.019929077972));
#8827 = CARTESIAN_POINT('',(34.190641994558,0.8));
#8828 = ( GEOMETRIC_REPRESENTATION_CONTEXT(2) 
PARAMETRIC_REPRESENTATION_CONTEXT() REPRESENTATION_CONTEXT('2D SPACE',''
  ) );
#8829 = PCURVE('',#8830,#8835);
#8830 = CYLINDRICAL_SURFACE('',#8831,34.2);
#8831 = AXIS2_PLACEMENT_3D('',#8832,#8833,#8834);
#8832 = CARTESIAN_POINT('',(0.,0.,0.));
#8833 = DIRECTION('',(-0.,-0.,-1.));
#8834 = DIRECTION('',(1.,0.,0.));
#8835 = DEFINITIONAL_REPRESENTATION('',(#8836),#8840);
#8836 = LINE('',#8837,#8838);
#8837 = CARTESIAN_POINT('',(-6.306579253814,-2.4));
#8838 = VECTOR('',#8839,1.);
#8839 = DIRECTION('',(1.,-0.));
#8840 = ( GEOMETRIC_REPRESENTATION_CONTEXT(2) 
PARAMETRIC_REPRESENTATION_CONTEXT() REPRESENTATION_CONTEXT('2D SPACE',''
  ) );
#8841 = ORIENTED_EDGE('',*,*,#8842,.F.);
#8842 = EDGE_CURVE('',#5982,#8810,#8843,.T.);
#8843 = SURFACE_CURVE('',#8844,(#8848,#8854),.PCURVE_S1.);
#8844 = LINE('',#8845,#8846);
#8845 = CARTESIAN_POINT('',(11.35,0.8,2.4));
#8846 = VECTOR('',#8847,1.);
#8847 = DIRECTION('',(1.,-0.,0.));
#8848 = PCURVE('',#5679,#8849);
#8849 = DEFINITIONAL_REPRESENTATION('',(#8850),#8853);
#8850 = B_SPLINE_CURVE_WITH_KNOTS('',1,(#8851,#8852),.UNSPECIFIED.,.F.,
  .F.,(2,2),(21.840360046254,22.85),.PIECEWISE_BEZIER_KNOTS.);
#8851 = CARTESIAN_POINT('',(33.190360046254,0.8));
#8852 = CARTESIAN_POINT('',(34.2,0.8));
#8853 = ( GEOMETRIC_REPRESENTATION_CONTEXT(2) 
PARAMETRIC_REPRESENTATION_CONTEXT() REPRESENTATION_CONTEXT('2D SPACE',''
  ) );
#8854 = PCURVE('',#8180,#8855);
#8855 = DEFINITIONAL_REPRESENTATION('',(#8856),#8859);
#8856 = B_SPLINE_CURVE_WITH_KNOTS('',1,(#8857,#8858),.UNSPECIFIED.,.F.,
  .F.,(2,2),(21.840360046254,22.85),.PIECEWISE_BEZIER_KNOTS.);
#8857 = CARTESIAN_POINT('',(45.5,10.490360046254));
#8858 = CARTESIAN_POINT('',(45.5,11.5));
#8859 = ( GEOMETRIC_REPRESENTATION_CONTEXT(2) 
PARAMETRIC_REPRESENTATION_CONTEXT() REPRESENTATION_CONTEXT('2D SPACE',''
  ) );
#8860 = ORIENTED_EDGE('',*,*,#6010,.F.);
#8861 = ORIENTED_EDGE('',*,*,#5662,.F.);
#8862 = ADVANCED_FACE('',(#8863),#5998,.T.);
#8863 = FACE_BOUND('',#8864,.T.);
#8864 = EDGE_LOOP('',(#8865,#8866,#8887,#8888));
#8865 = ORIENTED_EDGE('',*,*,#8139,.F.);
#8866 = ORIENTED_EDGE('',*,*,#8867,.T.);
#8867 = EDGE_CURVE('',#8140,#5982,#8868,.T.);
#8868 = SURFACE_CURVE('',#8869,(#8873,#8880),.PCURVE_S1.);
#8869 = LINE('',#8870,#8871);
#8870 = CARTESIAN_POINT('',(33.190360046254,0.800000000001,52.2));
#8871 = VECTOR('',#8872,1.);
#8872 = DIRECTION('',(6.805964901917E-16,-1.449670524108E-14,-1.));
#8873 = PCURVE('',#5998,#8874);
#8874 = DEFINITIONAL_REPRESENTATION('',(#8875),#8879);
#8875 = LINE('',#8876,#8877);
#8876 = CARTESIAN_POINT('',(2.409871802233E-02,0.));
#8877 = VECTOR('',#8878,1.);
#8878 = DIRECTION('',(-0.,-1.));
#8879 = ( GEOMETRIC_REPRESENTATION_CONTEXT(2) 
PARAMETRIC_REPRESENTATION_CONTEXT() REPRESENTATION_CONTEXT('2D SPACE',''
  ) );
#8880 = PCURVE('',#8180,#8881);
#8881 = DEFINITIONAL_REPRESENTATION('',(#8882),#8886);
#8882 = LINE('',#8883,#8884);
#8883 = CARTESIAN_POINT('',(-4.3,10.490360046254));
#8884 = VECTOR('',#8885,1.);
#8885 = DIRECTION('',(1.,6.805964901917E-16));
#8886 = ( GEOMETRIC_REPRESENTATION_CONTEXT(2) 
PARAMETRIC_REPRESENTATION_CONTEXT() REPRESENTATION_CONTEXT('2D SPACE',''
  ) );
#8887 = ORIENTED_EDGE('',*,*,#5981,.T.);
#8888 = ORIENTED_EDGE('',*,*,#8889,.F.);
#8889 = EDGE_CURVE('',#8142,#5953,#8890,.T.);
#8890 = SURFACE_CURVE('',#8891,(#8895,#8902),.PCURVE_S1.);
#8891 = LINE('',#8892,#8893);
#8892 = CARTESIAN_POINT('',(17.288000346154,28.343694960809,52.2));
#8893 = VECTOR('',#8894,1.);
#8894 = DIRECTION('',(1.415640699599E-14,-9.119992968568E-15,-1.));
#8895 = PCURVE('',#5998,#8896);
#8896 = DEFINITIONAL_REPRESENTATION('',(#8897),#8901);
#8897 = LINE('',#8898,#8899);
#8898 = CARTESIAN_POINT('',(1.023098833174,0.));
#8899 = VECTOR('',#8900,1.);
#8900 = DIRECTION('',(-0.,-1.));
#8901 = ( GEOMETRIC_REPRESENTATION_CONTEXT(2) 
PARAMETRIC_REPRESENTATION_CONTEXT() REPRESENTATION_CONTEXT('2D SPACE',''
  ) );
#8902 = PCURVE('',#8740,#8903);
#8903 = DEFINITIONAL_REPRESENTATION('',(#8904),#8908);
#8904 = LINE('',#8905,#8906);
#8905 = CARTESIAN_POINT('',(-4.3,10.490360046254));
#8906 = VECTOR('',#8907,1.);
#8907 = DIRECTION('',(1.,-8.199420951223E-16));
#8908 = ( GEOMETRIC_REPRESENTATION_CONTEXT(2) 
PARAMETRIC_REPRESENTATION_CONTEXT() REPRESENTATION_CONTEXT('2D SPACE',''
  ) );
#8909 = ADVANCED_FACE('',(#8910),#5969,.F.);
#8910 = FACE_BOUND('',#8911,.F.);
#8911 = EDGE_LOOP('',(#8912,#8933,#8962,#8981));
#8912 = ORIENTED_EDGE('',*,*,#8913,.T.);
#8913 = EDGE_CURVE('',#5953,#8914,#8916,.T.);
#8914 = VERTEX_POINT('',#8915);
#8915 = CARTESIAN_POINT('',(17.788141320306,29.209964538986,2.4));
#8916 = SURFACE_CURVE('',#8917,(#8921,#8927),.PCURVE_S1.);
#8917 = LINE('',#8918,#8919);
#8918 = CARTESIAN_POINT('',(6.367820323028,9.429388332953,2.4));
#8919 = VECTOR('',#8920,1.);
#8920 = DIRECTION('',(0.5,0.866025403784,-0.));
#8921 = PCURVE('',#5969,#8922);
#8922 = DEFINITIONAL_REPRESENTATION('',(#8923),#8926);
#8923 = B_SPLINE_CURVE_WITH_KNOTS('',1,(#8924,#8925),.UNSPECIFIED.,.F.,
  .F.,(2,2),(21.840360046254,23.45),.PIECEWISE_BEZIER_KNOTS.);
#8924 = CARTESIAN_POINT('',(17.288000346155,28.343694960808));
#8925 = CARTESIAN_POINT('',(18.092820323028,29.737684051698));
#8926 = ( GEOMETRIC_REPRESENTATION_CONTEXT(2) 
PARAMETRIC_REPRESENTATION_CONTEXT() REPRESENTATION_CONTEXT('2D SPACE',''
  ) );
#8927 = PCURVE('',#8740,#8928);
#8928 = DEFINITIONAL_REPRESENTATION('',(#8929),#8932);
#8929 = B_SPLINE_CURVE_WITH_KNOTS('',1,(#8930,#8931),.UNSPECIFIED.,.F.,
  .F.,(2,2),(21.840360046254,23.45),.PIECEWISE_BEZIER_KNOTS.);
#8930 = CARTESIAN_POINT('',(45.5,10.490360046254));
#8931 = CARTESIAN_POINT('',(45.5,12.1));
#8932 = ( GEOMETRIC_REPRESENTATION_CONTEXT(2) 
PARAMETRIC_REPRESENTATION_CONTEXT() REPRESENTATION_CONTEXT('2D SPACE',''
  ) );
#8933 = ORIENTED_EDGE('',*,*,#8934,.T.);
#8934 = EDGE_CURVE('',#8914,#8935,#8937,.T.);
#8935 = VERTEX_POINT('',#8936);
#8936 = CARTESIAN_POINT('',(16.402500674251,30.009964538986,2.4));
#8937 = SURFACE_CURVE('',#8938,(#8943,#8950),.PCURVE_S1.);
#8938 = CIRCLE('',#8939,34.2);
#8939 = AXIS2_PLACEMENT_3D('',#8940,#8941,#8942);
#8940 = CARTESIAN_POINT('',(0.,0.,2.4));
#8941 = DIRECTION('',(0.,0.,1.));
#8942 = DIRECTION('',(1.,0.,0.));
#8943 = PCURVE('',#5969,#8944);
#8944 = DEFINITIONAL_REPRESENTATION('',(#8945),#8949);
#8945 = CIRCLE('',#8946,34.2);
#8946 = AXIS2_PLACEMENT_2D('',#8947,#8948);
#8947 = CARTESIAN_POINT('',(3.198690368513E-15,-1.162854943783E-15));
#8948 = DIRECTION('',(1.,0.));
#8949 = ( GEOMETRIC_REPRESENTATION_CONTEXT(2) 
PARAMETRIC_REPRESENTATION_CONTEXT() REPRESENTATION_CONTEXT('2D SPACE',''
  ) );
#8950 = PCURVE('',#8951,#8956);
#8951 = CYLINDRICAL_SURFACE('',#8952,34.2);
#8952 = AXIS2_PLACEMENT_3D('',#8953,#8954,#8955);
#8953 = CARTESIAN_POINT('',(0.,0.,0.));
#8954 = DIRECTION('',(-0.,-0.,-1.));
#8955 = DIRECTION('',(1.,0.,0.));
#8956 = DEFINITIONAL_REPRESENTATION('',(#8957),#8961);
#8957 = LINE('',#8958,#8959);
#8958 = CARTESIAN_POINT('',(-0.,-2.4));
#8959 = VECTOR('',#8960,1.);
#8960 = DIRECTION('',(-1.,0.));
#8961 = ( GEOMETRIC_REPRESENTATION_CONTEXT(2) 
PARAMETRIC_REPRESENTATION_CONTEXT() REPRESENTATION_CONTEXT('2D SPACE',''
  ) );
#8962 = ORIENTED_EDGE('',*,*,#8963,.T.);
#8963 = EDGE_CURVE('',#8935,#5924,#8964,.T.);
#8964 = SURFACE_CURVE('',#8965,(#8969,#8975),.PCURVE_S1.);
#8965 = LINE('',#8966,#8967);
#8966 = CARTESIAN_POINT('',(7.482179676972,14.559515351876,2.4));
#8967 = VECTOR('',#8968,1.);
#8968 = DIRECTION('',(-0.5,-0.866025403784,0.));
#8969 = PCURVE('',#5969,#8970);
#8970 = DEFINITIONAL_REPRESENTATION('',(#8971),#8974);
#8971 = B_SPLINE_CURVE_WITH_KNOTS('',1,(#8972,#8973),.UNSPECIFIED.,.F.,
  .F.,(2,2),(-18.45,-16.84036004625),.PIECEWISE_BEZIER_KNOTS.);
#8972 = CARTESIAN_POINT('',(16.707179676972,30.537684051698));
#8973 = CARTESIAN_POINT('',(15.9023597001,29.143694960808));
#8974 = ( GEOMETRIC_REPRESENTATION_CONTEXT(2) 
PARAMETRIC_REPRESENTATION_CONTEXT() REPRESENTATION_CONTEXT('2D SPACE',''
  ) );
#8975 = PCURVE('',#8690,#8976);
#8976 = DEFINITIONAL_REPRESENTATION('',(#8977),#8980);
#8977 = B_SPLINE_CURVE_WITH_KNOTS('',1,(#8978,#8979),.UNSPECIFIED.,.F.,
  .F.,(2,2),(-18.45,-16.84036004625),.PIECEWISE_BEZIER_KNOTS.);
#8978 = CARTESIAN_POINT('',(-49.8,2.1));
#8979 = CARTESIAN_POINT('',(-49.8,0.490360046254));
#8980 = ( GEOMETRIC_REPRESENTATION_CONTEXT(2) 
PARAMETRIC_REPRESENTATION_CONTEXT() REPRESENTATION_CONTEXT('2D SPACE',''
  ) );
#8981 = ORIENTED_EDGE('',*,*,#5952,.F.);
#8982 = ADVANCED_FACE('',(#8983),#5940,.T.);
#8983 = FACE_BOUND('',#8984,.T.);
#8984 = EDGE_LOOP('',(#8985,#8986,#9007,#9008));
#8985 = ORIENTED_EDGE('',*,*,#8651,.F.);
#8986 = ORIENTED_EDGE('',*,*,#8987,.F.);
#8987 = EDGE_CURVE('',#5924,#8652,#8988,.T.);
#8988 = SURFACE_CURVE('',#8989,(#8993,#9000),.PCURVE_S1.);
#8989 = LINE('',#8990,#8991);
#8990 = CARTESIAN_POINT('',(15.902359700099,29.143694960808,0.));
#8991 = VECTOR('',#8992,1.);
#8992 = DIRECTION('',(1.31355122607E-14,-6.737905252898E-15,1.));
#8993 = PCURVE('',#5940,#8994);
#8994 = DEFINITIONAL_REPRESENTATION('',(#8995),#8999);
#8995 = LINE('',#8996,#8997);
#8996 = CARTESIAN_POINT('',(1.071296269219,-52.2));
#8997 = VECTOR('',#8998,1.);
#8998 = DIRECTION('',(0.,1.));
#8999 = ( GEOMETRIC_REPRESENTATION_CONTEXT(2) 
PARAMETRIC_REPRESENTATION_CONTEXT() REPRESENTATION_CONTEXT('2D SPACE',''
  ) );
#9000 = PCURVE('',#8690,#9001);
#9001 = DEFINITIONAL_REPRESENTATION('',(#9002),#9006);
#9002 = LINE('',#9003,#9004);
#9003 = CARTESIAN_POINT('',(-52.2,0.490360046254));
#9004 = VECTOR('',#9005,1.);
#9005 = DIRECTION('',(1.,7.325590130477E-16));
#9006 = ( GEOMETRIC_REPRESENTATION_CONTEXT(2) 
PARAMETRIC_REPRESENTATION_CONTEXT() REPRESENTATION_CONTEXT('2D SPACE',''
  ) );
#9007 = ORIENTED_EDGE('',*,*,#5923,.T.);
#9008 = ORIENTED_EDGE('',*,*,#9009,.F.);
#9009 = EDGE_CURVE('',#8626,#5895,#9010,.T.);
#9010 = SURFACE_CURVE('',#9011,(#9015,#9022),.PCURVE_S1.);
#9011 = LINE('',#9012,#9013);
#9012 = CARTESIAN_POINT('',(-15.9023597001,29.143694960808,52.2));
#9013 = VECTOR('',#9014,1.);
#9014 = DIRECTION('',(1.357789997932E-14,6.942084199955E-15,-1.));
#9015 = PCURVE('',#5940,#9016);
#9016 = DEFINITIONAL_REPRESENTATION('',(#9017),#9021);
#9017 = LINE('',#9018,#9019);
#9018 = CARTESIAN_POINT('',(2.070296384371,0.));
#9019 = VECTOR('',#9020,1.);
#9020 = DIRECTION('',(-0.,-1.));
#9021 = ( GEOMETRIC_REPRESENTATION_CONTEXT(2) 
PARAMETRIC_REPRESENTATION_CONTEXT() REPRESENTATION_CONTEXT('2D SPACE',''
  ) );
#9022 = PCURVE('',#8640,#9023);
#9023 = DEFINITIONAL_REPRESENTATION('',(#9024),#9028);
#9024 = LINE('',#9025,#9026);
#9025 = CARTESIAN_POINT('',(-4.3,10.490360046254));
#9026 = VECTOR('',#9027,1.);
#9027 = DIRECTION('',(1.,-7.769287172903E-16));
#9028 = ( GEOMETRIC_REPRESENTATION_CONTEXT(2) 
PARAMETRIC_REPRESENTATION_CONTEXT() REPRESENTATION_CONTEXT('2D SPACE',''
  ) );
#9029 = ADVANCED_FACE('',(#9030),#5911,.F.);
#9030 = FACE_BOUND('',#9031,.F.);
#9031 = EDGE_LOOP('',(#9032,#9053,#9082,#9101));
#9032 = ORIENTED_EDGE('',*,*,#9033,.T.);
#9033 = EDGE_CURVE('',#5895,#9034,#9036,.T.);
#9034 = VERTEX_POINT('',#9035);
#9035 = CARTESIAN_POINT('',(-16.40250067425,30.009964538986,2.4));
#9036 = SURFACE_CURVE('',#9037,(#9041,#9047),.PCURVE_S1.);
#9037 = LINE('',#9038,#9039);
#9038 = CARTESIAN_POINT('',(-4.982179676972,10.229388332953,2.4));
#9039 = VECTOR('',#9040,1.);
#9040 = DIRECTION('',(-0.5,0.866025403784,0.));
#9041 = PCURVE('',#5911,#9042);
#9042 = DEFINITIONAL_REPRESENTATION('',(#9043),#9046);
#9043 = B_SPLINE_CURVE_WITH_KNOTS('',1,(#9044,#9045),.UNSPECIFIED.,.F.,
  .F.,(2,2),(21.840360046254,23.45),.PIECEWISE_BEZIER_KNOTS.);
#9044 = CARTESIAN_POINT('',(-15.9023597001,29.143694960808));
#9045 = CARTESIAN_POINT('',(-16.70717967697,30.537684051698));
#9046 = ( GEOMETRIC_REPRESENTATION_CONTEXT(2) 
PARAMETRIC_REPRESENTATION_CONTEXT() REPRESENTATION_CONTEXT('2D SPACE',''
  ) );
#9047 = PCURVE('',#8640,#9048);
#9048 = DEFINITIONAL_REPRESENTATION('',(#9049),#9052);
#9049 = B_SPLINE_CURVE_WITH_KNOTS('',1,(#9050,#9051),.UNSPECIFIED.,.F.,
  .F.,(2,2),(21.840360046254,23.45),.PIECEWISE_BEZIER_KNOTS.);
#9050 = CARTESIAN_POINT('',(45.5,10.490360046254));
#9051 = CARTESIAN_POINT('',(45.5,12.1));
#9052 = ( GEOMETRIC_REPRESENTATION_CONTEXT(2) 
PARAMETRIC_REPRESENTATION_CONTEXT() REPRESENTATION_CONTEXT('2D SPACE',''
  ) );
#9053 = ORIENTED_EDGE('',*,*,#9054,.T.);
#9054 = EDGE_CURVE('',#9034,#9055,#9057,.T.);
#9055 = VERTEX_POINT('',#9056);
#9056 = CARTESIAN_POINT('',(-17.7881413203,29.209964538986,2.4));
#9057 = SURFACE_CURVE('',#9058,(#9063,#9070),.PCURVE_S1.);
#9058 = CIRCLE('',#9059,34.2);
#9059 = AXIS2_PLACEMENT_3D('',#9060,#9061,#9062);
#9060 = CARTESIAN_POINT('',(0.,0.,2.4));
#9061 = DIRECTION('',(0.,0.,1.));
#9062 = DIRECTION('',(1.,0.,0.));
#9063 = PCURVE('',#5911,#9064);
#9064 = DEFINITIONAL_REPRESENTATION('',(#9065),#9069);
#9065 = CIRCLE('',#9066,34.2);
#9066 = AXIS2_PLACEMENT_2D('',#9067,#9068);
#9067 = CARTESIAN_POINT('',(3.198690368513E-15,-1.162854943783E-15));
#9068 = DIRECTION('',(1.,0.));
#9069 = ( GEOMETRIC_REPRESENTATION_CONTEXT(2) 
PARAMETRIC_REPRESENTATION_CONTEXT() REPRESENTATION_CONTEXT('2D SPACE',''
  ) );
#9070 = PCURVE('',#9071,#9076);
#9071 = CYLINDRICAL_SURFACE('',#9072,34.2);
#9072 = AXIS2_PLACEMENT_3D('',#9073,#9074,#9075);
#9073 = CARTESIAN_POINT('',(0.,0.,0.));
#9074 = DIRECTION('',(-0.,-0.,-1.));
#9075 = DIRECTION('',(1.,0.,0.));
#9076 = DEFINITIONAL_REPRESENTATION('',(#9077),#9081);
#9077 = LINE('',#9078,#9079);
#9078 = CARTESIAN_POINT('',(-0.,-2.4));
#9079 = VECTOR('',#9080,1.);
#9080 = DIRECTION('',(-1.,0.));
#9081 = ( GEOMETRIC_REPRESENTATION_CONTEXT(2) 
PARAMETRIC_REPRESENTATION_CONTEXT() REPRESENTATION_CONTEXT('2D SPACE',''
  ) );
#9082 = ORIENTED_EDGE('',*,*,#9083,.T.);
#9083 = EDGE_CURVE('',#9055,#5866,#9084,.T.);
#9084 = SURFACE_CURVE('',#9085,(#9089,#9095),.PCURVE_S1.);
#9085 = LINE('',#9086,#9087);
#9086 = CARTESIAN_POINT('',(-8.867820323028,13.759515351876,2.4));
#9087 = VECTOR('',#9088,1.);
#9088 = DIRECTION('',(0.5,-0.866025403784,0.));
#9089 = PCURVE('',#5911,#9090);
#9090 = DEFINITIONAL_REPRESENTATION('',(#9091),#9094);
#9091 = B_SPLINE_CURVE_WITH_KNOTS('',1,(#9092,#9093),.UNSPECIFIED.,.F.,
  .F.,(2,2),(-18.45,-16.84036004625),.PIECEWISE_BEZIER_KNOTS.);
#9092 = CARTESIAN_POINT('',(-18.09282032302,29.737684051698));
#9093 = CARTESIAN_POINT('',(-17.28800034615,28.343694960808));
#9094 = ( GEOMETRIC_REPRESENTATION_CONTEXT(2) 
PARAMETRIC_REPRESENTATION_CONTEXT() REPRESENTATION_CONTEXT('2D SPACE',''
  ) );
#9095 = PCURVE('',#8588,#9096);
#9096 = DEFINITIONAL_REPRESENTATION('',(#9097),#9100);
#9097 = B_SPLINE_CURVE_WITH_KNOTS('',1,(#9098,#9099),.UNSPECIFIED.,.F.,
  .F.,(2,2),(-18.45,-16.84036004625),.PIECEWISE_BEZIER_KNOTS.);
#9098 = CARTESIAN_POINT('',(-49.8,2.1));
#9099 = CARTESIAN_POINT('',(-49.8,0.490360046254));
#9100 = ( GEOMETRIC_REPRESENTATION_CONTEXT(2) 
PARAMETRIC_REPRESENTATION_CONTEXT() REPRESENTATION_CONTEXT('2D SPACE',''
  ) );
#9101 = ORIENTED_EDGE('',*,*,#5894,.F.);
#9102 = ADVANCED_FACE('',(#9103),#5882,.T.);
#9103 = FACE_BOUND('',#9104,.T.);
#9104 = EDGE_LOOP('',(#9105,#9106,#9127,#9128));
#9105 = ORIENTED_EDGE('',*,*,#8549,.F.);
#9106 = ORIENTED_EDGE('',*,*,#9107,.F.);
#9107 = EDGE_CURVE('',#5866,#8550,#9108,.T.);
#9108 = SURFACE_CURVE('',#9109,(#9113,#9120),.PCURVE_S1.);
#9109 = LINE('',#9110,#9111);
#9110 = CARTESIAN_POINT('',(-17.28800034615,28.343694960808,0.));
#9111 = VECTOR('',#9112,1.);
#9112 = DIRECTION('',(1.402028769795E-14,9.119992968568E-15,1.));
#9113 = PCURVE('',#5882,#9114);
#9114 = DEFINITIONAL_REPRESENTATION('',(#9115),#9119);
#9115 = LINE('',#9116,#9117);
#9116 = CARTESIAN_POINT('',(2.118493820416,-52.2));
#9117 = VECTOR('',#9118,1.);
#9118 = DIRECTION('',(0.,1.));
#9119 = ( GEOMETRIC_REPRESENTATION_CONTEXT(2) 
PARAMETRIC_REPRESENTATION_CONTEXT() REPRESENTATION_CONTEXT('2D SPACE',''
  ) );
#9120 = PCURVE('',#8588,#9121);
#9121 = DEFINITIONAL_REPRESENTATION('',(#9122),#9126);
#9122 = LINE('',#9123,#9124);
#9123 = CARTESIAN_POINT('',(-52.2,0.490360046254));
#9124 = VECTOR('',#9125,1.);
#9125 = DIRECTION('',(1.,8.880017441415E-16));
#9126 = ( GEOMETRIC_REPRESENTATION_CONTEXT(2) 
PARAMETRIC_REPRESENTATION_CONTEXT() REPRESENTATION_CONTEXT('2D SPACE',''
  ) );
#9127 = ORIENTED_EDGE('',*,*,#5865,.T.);
#9128 = ORIENTED_EDGE('',*,*,#9129,.F.);
#9129 = EDGE_CURVE('',#8524,#5837,#9130,.T.);
#9130 = SURFACE_CURVE('',#9131,(#9135,#9142),.PCURVE_S1.);
#9131 = LINE('',#9132,#9133);
#9132 = CARTESIAN_POINT('',(-33.19036004625,0.799999999999,52.2));
#9133 = VECTOR('',#9134,1.);
#9134 = DIRECTION('',(9.528350862683E-16,2.103893900305E-14,-1.));
#9135 = PCURVE('',#5882,#9136);
#9136 = DEFINITIONAL_REPRESENTATION('',(#9137),#9141);
#9137 = LINE('',#9138,#9139);
#9138 = CARTESIAN_POINT('',(3.117493935567,0.));
#9139 = VECTOR('',#9140,1.);
#9140 = DIRECTION('',(-0.,-1.));
#9141 = ( GEOMETRIC_REPRESENTATION_CONTEXT(2) 
PARAMETRIC_REPRESENTATION_CONTEXT() REPRESENTATION_CONTEXT('2D SPACE',''
  ) );
#9142 = PCURVE('',#8538,#9143);
#9143 = DEFINITIONAL_REPRESENTATION('',(#9144),#9148);
#9144 = LINE('',#9145,#9146);
#9145 = CARTESIAN_POINT('',(-4.3,10.490360046254));
#9146 = VECTOR('',#9147,1.);
#9147 = DIRECTION('',(1.,-9.528350862683E-16));
#9148 = ( GEOMETRIC_REPRESENTATION_CONTEXT(2) 
PARAMETRIC_REPRESENTATION_CONTEXT() REPRESENTATION_CONTEXT('2D SPACE',''
  ) );
#9149 = ADVANCED_FACE('',(#9150),#5853,.F.);
#9150 = FACE_BOUND('',#9151,.F.);
#9151 = EDGE_LOOP('',(#9152,#9173,#9202,#9221));
#9152 = ORIENTED_EDGE('',*,*,#9153,.T.);
#9153 = EDGE_CURVE('',#5837,#9154,#9156,.T.);
#9154 = VERTEX_POINT('',#9155);
#9155 = CARTESIAN_POINT('',(-34.19064199455,0.8,2.4));
#9156 = SURFACE_CURVE('',#9157,(#9161,#9167),.PCURVE_S1.);
#9157 = LINE('',#9158,#9159);
#9158 = CARTESIAN_POINT('',(-11.35,0.8,2.4));
#9159 = VECTOR('',#9160,1.);
#9160 = DIRECTION('',(-1.,1.224646799147E-16,0.));
#9161 = PCURVE('',#5853,#9162);
#9162 = DEFINITIONAL_REPRESENTATION('',(#9163),#9166);
#9163 = B_SPLINE_CURVE_WITH_KNOTS('',1,(#9164,#9165),.UNSPECIFIED.,.F.,
  .F.,(2,2),(21.840360046254,22.85),.PIECEWISE_BEZIER_KNOTS.);
#9164 = CARTESIAN_POINT('',(-33.19036004625,0.8));
#9165 = CARTESIAN_POINT('',(-34.2,0.8));
#9166 = ( GEOMETRIC_REPRESENTATION_CONTEXT(2) 
PARAMETRIC_REPRESENTATION_CONTEXT() REPRESENTATION_CONTEXT('2D SPACE',''
  ) );
#9167 = PCURVE('',#8538,#9168);
#9168 = DEFINITIONAL_REPRESENTATION('',(#9169),#9172);
#9169 = B_SPLINE_CURVE_WITH_KNOTS('',1,(#9170,#9171),.UNSPECIFIED.,.F.,
  .F.,(2,2),(21.840360046254,22.85),.PIECEWISE_BEZIER_KNOTS.);
#9170 = CARTESIAN_POINT('',(45.5,10.490360046254));
#9171 = CARTESIAN_POINT('',(45.5,11.5));
#9172 = ( GEOMETRIC_REPRESENTATION_CONTEXT(2) 
PARAMETRIC_REPRESENTATION_CONTEXT() REPRESENTATION_CONTEXT('2D SPACE',''
  ) );
#9173 = ORIENTED_EDGE('',*,*,#9174,.T.);
#9174 = EDGE_CURVE('',#9154,#9175,#9177,.T.);
#9175 = VERTEX_POINT('',#9176);
#9176 = CARTESIAN_POINT('',(-34.19064199455,-0.8,2.4));
#9177 = SURFACE_CURVE('',#9178,(#9183,#9190),.PCURVE_S1.);
#9178 = CIRCLE('',#9179,34.2);
#9179 = AXIS2_PLACEMENT_3D('',#9180,#9181,#9182);
#9180 = CARTESIAN_POINT('',(0.,0.,2.4));
#9181 = DIRECTION('',(0.,0.,1.));
#9182 = DIRECTION('',(1.,0.,0.));
#9183 = PCURVE('',#5853,#9184);
#9184 = DEFINITIONAL_REPRESENTATION('',(#9185),#9189);
#9185 = CIRCLE('',#9186,34.2);
#9186 = AXIS2_PLACEMENT_2D('',#9187,#9188);
#9187 = CARTESIAN_POINT('',(3.198690368513E-15,-1.162854943783E-15));
#9188 = DIRECTION('',(1.,0.));
#9189 = ( GEOMETRIC_REPRESENTATION_CONTEXT(2) 
PARAMETRIC_REPRESENTATION_CONTEXT() REPRESENTATION_CONTEXT('2D SPACE',''
  ) );
#9190 = PCURVE('',#9191,#9196);
#9191 = CYLINDRICAL_SURFACE('',#9192,34.2);
#9192 = AXIS2_PLACEMENT_3D('',#9193,#9194,#9195);
#9193 = CARTESIAN_POINT('',(0.,0.,0.));
#9194 = DIRECTION('',(-0.,-0.,-1.));
#9195 = DIRECTION('',(1.,0.,0.));
#9196 = DEFINITIONAL_REPRESENTATION('',(#9197),#9201);
#9197 = LINE('',#9198,#9199);
#9198 = CARTESIAN_POINT('',(-0.,-2.4));
#9199 = VECTOR('',#9200,1.);
#9200 = DIRECTION('',(-1.,0.));
#9201 = ( GEOMETRIC_REPRESENTATION_CONTEXT(2) 
PARAMETRIC_REPRESENTATION_CONTEXT() REPRESENTATION_CONTEXT('2D SPACE',''
  ) );
#9202 = ORIENTED_EDGE('',*,*,#9203,.T.);
#9203 = EDGE_CURVE('',#9175,#5808,#9204,.T.);
#9204 = SURFACE_CURVE('',#9205,(#9209,#9215),.PCURVE_S1.);
#9205 = LINE('',#9206,#9207);
#9206 = CARTESIAN_POINT('',(-16.35,-0.8,2.4));
#9207 = VECTOR('',#9208,1.);
#9208 = DIRECTION('',(1.,-1.224646799147E-16,0.));
#9209 = PCURVE('',#5853,#9210);
#9210 = DEFINITIONAL_REPRESENTATION('',(#9211),#9214);
#9211 = B_SPLINE_CURVE_WITH_KNOTS('',1,(#9212,#9213),.UNSPECIFIED.,.F.,
  .F.,(2,2),(-17.85,-16.84036004625),.PIECEWISE_BEZIER_KNOTS.);
#9212 = CARTESIAN_POINT('',(-34.2,-0.8));
#9213 = CARTESIAN_POINT('',(-33.19036004625,-0.8));
#9214 = ( GEOMETRIC_REPRESENTATION_CONTEXT(2) 
PARAMETRIC_REPRESENTATION_CONTEXT() REPRESENTATION_CONTEXT('2D SPACE',''
  ) );
#9215 = PCURVE('',#8486,#9216);
#9216 = DEFINITIONAL_REPRESENTATION('',(#9217),#9220);
#9217 = B_SPLINE_CURVE_WITH_KNOTS('',1,(#9218,#9219),.UNSPECIFIED.,.F.,
  .F.,(2,2),(-17.85,-16.84036004625),.PIECEWISE_BEZIER_KNOTS.);
#9218 = CARTESIAN_POINT('',(-49.8,1.5));
#9219 = CARTESIAN_POINT('',(-49.8,0.490360046254));
#9220 = ( GEOMETRIC_REPRESENTATION_CONTEXT(2) 
PARAMETRIC_REPRESENTATION_CONTEXT() REPRESENTATION_CONTEXT('2D SPACE',''
  ) );
#9221 = ORIENTED_EDGE('',*,*,#5836,.F.);
#9222 = ADVANCED_FACE('',(#9223),#5824,.T.);
#9223 = FACE_BOUND('',#9224,.T.);
#9224 = EDGE_LOOP('',(#9225,#9246,#9247,#9268));
#9225 = ORIENTED_EDGE('',*,*,#9226,.F.);
#9226 = EDGE_CURVE('',#5808,#8448,#9227,.T.);
#9227 = SURFACE_CURVE('',#9228,(#9232,#9239),.PCURVE_S1.);
#9228 = LINE('',#9229,#9230);
#9229 = CARTESIAN_POINT('',(-33.19036004625,-0.8,0.));
#9230 = VECTOR('',#9231,1.);
#9231 = DIRECTION('',(-9.528350862683E-16,2.103468527499E-14,1.));
#9232 = PCURVE('',#5824,#9233);
#9233 = DEFINITIONAL_REPRESENTATION('',(#9234),#9238);
#9234 = LINE('',#9235,#9236);
#9235 = CARTESIAN_POINT('',(3.165691371612,-52.2));
#9236 = VECTOR('',#9237,1.);
#9237 = DIRECTION('',(0.,1.));
#9238 = ( GEOMETRIC_REPRESENTATION_CONTEXT(2) 
PARAMETRIC_REPRESENTATION_CONTEXT() REPRESENTATION_CONTEXT('2D SPACE',''
  ) );
#9239 = PCURVE('',#8486,#9240);
#9240 = DEFINITIONAL_REPRESENTATION('',(#9241),#9245);
#9241 = LINE('',#9242,#9243);
#9242 = CARTESIAN_POINT('',(-52.2,0.490360046254));
#9243 = VECTOR('',#9244,1.);
#9244 = DIRECTION('',(1.,9.528350862683E-16));
#9245 = ( GEOMETRIC_REPRESENTATION_CONTEXT(2) 
PARAMETRIC_REPRESENTATION_CONTEXT() REPRESENTATION_CONTEXT('2D SPACE',''
  ) );
#9246 = ORIENTED_EDGE('',*,*,#5807,.T.);
#9247 = ORIENTED_EDGE('',*,*,#9248,.F.);
#9248 = EDGE_CURVE('',#8422,#5779,#9249,.T.);
#9249 = SURFACE_CURVE('',#9250,(#9254,#9261),.PCURVE_S1.);
#9250 = LINE('',#9251,#9252);
#9251 = CARTESIAN_POINT('',(-17.28800034615,-28.3436949608,52.2));
#9252 = VECTOR('',#9253,1.);
#9253 = DIRECTION('',(-1.361192980383E-14,8.575515776415E-15,-1.));
#9254 = PCURVE('',#5824,#9255);
#9255 = DEFINITIONAL_REPRESENTATION('',(#9256),#9260);
#9256 = LINE('',#9257,#9258);
#9257 = CARTESIAN_POINT('',(4.164691486764,0.));
#9258 = VECTOR('',#9259,1.);
#9259 = DIRECTION('',(-0.,-1.));
#9260 = ( GEOMETRIC_REPRESENTATION_CONTEXT(2) 
PARAMETRIC_REPRESENTATION_CONTEXT() REPRESENTATION_CONTEXT('2D SPACE',''
  ) );
#9261 = PCURVE('',#8436,#9262);
#9262 = DEFINITIONAL_REPRESENTATION('',(#9263),#9267);
#9263 = LINE('',#9264,#9265);
#9264 = CARTESIAN_POINT('',(-4.3,10.490360046254));
#9265 = VECTOR('',#9266,1.);
#9266 = DIRECTION('',(1.,-6.206496110129E-16));
#9267 = ( GEOMETRIC_REPRESENTATION_CONTEXT(2) 
PARAMETRIC_REPRESENTATION_CONTEXT() REPRESENTATION_CONTEXT('2D SPACE',''
  ) );
#9268 = ORIENTED_EDGE('',*,*,#8447,.F.);
#9269 = ADVANCED_FACE('',(#9270),#5795,.F.);
#9270 = FACE_BOUND('',#9271,.F.);
#9271 = EDGE_LOOP('',(#9272,#9303,#9322,#9323));
#9272 = ORIENTED_EDGE('',*,*,#9273,.T.);
#9273 = EDGE_CURVE('',#9274,#9276,#9278,.T.);
#9274 = VERTEX_POINT('',#9275);
#9275 = CARTESIAN_POINT('',(-17.7881413203,-29.20996453898,2.4));
#9276 = VERTEX_POINT('',#9277);
#9277 = CARTESIAN_POINT('',(-16.40250067425,-30.00996453898,2.4));
#9278 = SURFACE_CURVE('',#9279,(#9284,#9291),.PCURVE_S1.);
#9279 = CIRCLE('',#9280,34.2);
#9280 = AXIS2_PLACEMENT_3D('',#9281,#9282,#9283);
#9281 = CARTESIAN_POINT('',(0.,0.,2.4));
#9282 = DIRECTION('',(0.,0.,1.));
#9283 = DIRECTION('',(1.,0.,0.));
#9284 = PCURVE('',#5795,#9285);
#9285 = DEFINITIONAL_REPRESENTATION('',(#9286),#9290);
#9286 = CIRCLE('',#9287,34.2);
#9287 = AXIS2_PLACEMENT_2D('',#9288,#9289);
#9288 = CARTESIAN_POINT('',(3.198690368513E-15,-1.162854943783E-15));
#9289 = DIRECTION('',(1.,0.));
#9290 = ( GEOMETRIC_REPRESENTATION_CONTEXT(2) 
PARAMETRIC_REPRESENTATION_CONTEXT() REPRESENTATION_CONTEXT('2D SPACE',''
  ) );
#9291 = PCURVE('',#9292,#9297);
#9292 = CYLINDRICAL_SURFACE('',#9293,34.2);
#9293 = AXIS2_PLACEMENT_3D('',#9294,#9295,#9296);
#9294 = CARTESIAN_POINT('',(0.,0.,0.));
#9295 = DIRECTION('',(-0.,-0.,-1.));
#9296 = DIRECTION('',(1.,0.,0.));
#9297 = DEFINITIONAL_REPRESENTATION('',(#9298),#9302);
#9298 = LINE('',#9299,#9300);
#9299 = CARTESIAN_POINT('',(-0.,-2.4));
#9300 = VECTOR('',#9301,1.);
#9301 = DIRECTION('',(-1.,0.));
#9302 = ( GEOMETRIC_REPRESENTATION_CONTEXT(2) 
PARAMETRIC_REPRESENTATION_CONTEXT() REPRESENTATION_CONTEXT('2D SPACE',''
  ) );
#9303 = ORIENTED_EDGE('',*,*,#9304,.T.);
#9304 = EDGE_CURVE('',#9276,#5750,#9305,.T.);
#9305 = SURFACE_CURVE('',#9306,(#9310,#9316),.PCURVE_S1.);
#9306 = LINE('',#9307,#9308);
#9307 = CARTESIAN_POINT('',(-7.482179676972,-14.55951535187,2.4));
#9308 = VECTOR('',#9309,1.);
#9309 = DIRECTION('',(0.5,0.866025403784,-0.));
#9310 = PCURVE('',#5795,#9311);
#9311 = DEFINITIONAL_REPRESENTATION('',(#9312),#9315);
#9312 = B_SPLINE_CURVE_WITH_KNOTS('',1,(#9313,#9314),.UNSPECIFIED.,.F.,
  .F.,(2,2),(-18.45,-16.84036004625),.PIECEWISE_BEZIER_KNOTS.);
#9313 = CARTESIAN_POINT('',(-16.70717967697,-30.53768405169));
#9314 = CARTESIAN_POINT('',(-15.9023597001,-29.1436949608));
#9315 = ( GEOMETRIC_REPRESENTATION_CONTEXT(2) 
PARAMETRIC_REPRESENTATION_CONTEXT() REPRESENTATION_CONTEXT('2D SPACE',''
  ) );
#9316 = PCURVE('',#8384,#9317);
#9317 = DEFINITIONAL_REPRESENTATION('',(#9318),#9321);
#9318 = B_SPLINE_CURVE_WITH_KNOTS('',1,(#9319,#9320),.UNSPECIFIED.,.F.,
  .F.,(2,2),(-18.45,-16.84036004625),.PIECEWISE_BEZIER_KNOTS.);
#9319 = CARTESIAN_POINT('',(-49.8,2.1));
#9320 = CARTESIAN_POINT('',(-49.8,0.490360046254));
#9321 = ( GEOMETRIC_REPRESENTATION_CONTEXT(2) 
PARAMETRIC_REPRESENTATION_CONTEXT() REPRESENTATION_CONTEXT('2D SPACE',''
  ) );
#9322 = ORIENTED_EDGE('',*,*,#5778,.F.);
#9323 = ORIENTED_EDGE('',*,*,#9324,.T.);
#9324 = EDGE_CURVE('',#5779,#9274,#9325,.T.);
#9325 = SURFACE_CURVE('',#9326,(#9330,#9336),.PCURVE_S1.);
#9326 = LINE('',#9327,#9328);
#9327 = CARTESIAN_POINT('',(-6.367820323028,-9.429388332953,2.4));
#9328 = VECTOR('',#9329,1.);
#9329 = DIRECTION('',(-0.5,-0.866025403784,0.));
#9330 = PCURVE('',#5795,#9331);
#9331 = DEFINITIONAL_REPRESENTATION('',(#9332),#9335);
#9332 = B_SPLINE_CURVE_WITH_KNOTS('',1,(#9333,#9334),.UNSPECIFIED.,.F.,
  .F.,(2,2),(21.840360046254,23.45),.PIECEWISE_BEZIER_KNOTS.);
#9333 = CARTESIAN_POINT('',(-17.28800034615,-28.3436949608));
#9334 = CARTESIAN_POINT('',(-18.09282032302,-29.73768405169));
#9335 = ( GEOMETRIC_REPRESENTATION_CONTEXT(2) 
PARAMETRIC_REPRESENTATION_CONTEXT() REPRESENTATION_CONTEXT('2D SPACE',''
  ) );
#9336 = PCURVE('',#8436,#9337);
#9337 = DEFINITIONAL_REPRESENTATION('',(#9338),#9341);
#9338 = B_SPLINE_CURVE_WITH_KNOTS('',1,(#9339,#9340),.UNSPECIFIED.,.F.,
  .F.,(2,2),(21.840360046254,23.45),.PIECEWISE_BEZIER_KNOTS.);
#9339 = CARTESIAN_POINT('',(45.5,10.490360046254));
#9340 = CARTESIAN_POINT('',(45.5,12.1));
#9341 = ( GEOMETRIC_REPRESENTATION_CONTEXT(2) 
PARAMETRIC_REPRESENTATION_CONTEXT() REPRESENTATION_CONTEXT('2D SPACE',''
  ) );
#9342 = ADVANCED_FACE('',(#9343),#5766,.T.);
#9343 = FACE_BOUND('',#9344,.T.);
#9344 = EDGE_LOOP('',(#9345,#9366,#9367,#9388));
#9345 = ORIENTED_EDGE('',*,*,#9346,.F.);
#9346 = EDGE_CURVE('',#5750,#8346,#9347,.T.);
#9347 = SURFACE_CURVE('',#9348,(#9352,#9359),.PCURVE_S1.);
#9348 = LINE('',#9349,#9350);
#9349 = CARTESIAN_POINT('',(-15.90235970009,-29.1436949608,0.));
#9350 = VECTOR('',#9351,1.);
#9351 = DIRECTION('',(-1.333969120776E-14,6.805964901917E-15,1.));
#9352 = PCURVE('',#5766,#9353);
#9353 = DEFINITIONAL_REPRESENTATION('',(#9354),#9358);
#9354 = LINE('',#9355,#9356);
#9355 = CARTESIAN_POINT('',(4.212888922809,-52.2));
#9356 = VECTOR('',#9357,1.);
#9357 = DIRECTION('',(0.,1.));
#9358 = ( GEOMETRIC_REPRESENTATION_CONTEXT(2) 
PARAMETRIC_REPRESENTATION_CONTEXT() REPRESENTATION_CONTEXT('2D SPACE',''
  ) );
#9359 = PCURVE('',#8384,#9360);
#9360 = DEFINITIONAL_REPRESENTATION('',(#9361),#9365);
#9361 = LINE('',#9362,#9363);
#9362 = CARTESIAN_POINT('',(-52.2,0.490360046254));
#9363 = VECTOR('',#9364,1.);
#9364 = DIRECTION('',(1.,7.757071015532E-16));
#9365 = ( GEOMETRIC_REPRESENTATION_CONTEXT(2) 
PARAMETRIC_REPRESENTATION_CONTEXT() REPRESENTATION_CONTEXT('2D SPACE',''
  ) );
#9366 = ORIENTED_EDGE('',*,*,#5749,.T.);
#9367 = ORIENTED_EDGE('',*,*,#9368,.F.);
#9368 = EDGE_CURVE('',#8320,#5721,#9369,.T.);
#9369 = SURFACE_CURVE('',#9370,(#9374,#9381),.PCURVE_S1.);
#9370 = LINE('',#9371,#9372);
#9371 = CARTESIAN_POINT('',(15.9023597001,-29.1436949608,52.2));
#9372 = VECTOR('',#9373,1.);
#9373 = DIRECTION('',(-1.306745261168E-14,-6.737905252898E-15,-1.));
#9374 = PCURVE('',#5766,#9375);
#9375 = DEFINITIONAL_REPRESENTATION('',(#9376),#9380);
#9376 = LINE('',#9377,#9378);
#9377 = CARTESIAN_POINT('',(5.211889037961,0.));
#9378 = VECTOR('',#9379,1.);
#9379 = DIRECTION('',(-0.,-1.));
#9380 = ( GEOMETRIC_REPRESENTATION_CONTEXT(2) 
PARAMETRIC_REPRESENTATION_CONTEXT() REPRESENTATION_CONTEXT('2D SPACE',''
  ) );
#9381 = PCURVE('',#8334,#9382);
#9382 = DEFINITIONAL_REPRESENTATION('',(#9383),#9387);
#9383 = LINE('',#9384,#9385);
#9384 = CARTESIAN_POINT('',(-4.3,10.490360046254));
#9385 = VECTOR('',#9386,1.);
#9386 = DIRECTION('',(1.,-6.985291885382E-16));
#9387 = ( GEOMETRIC_REPRESENTATION_CONTEXT(2) 
PARAMETRIC_REPRESENTATION_CONTEXT() REPRESENTATION_CONTEXT('2D SPACE',''
  ) );
#9388 = ORIENTED_EDGE('',*,*,#8345,.F.);
#9389 = ADVANCED_FACE('',(#9390),#5737,.F.);
#9390 = FACE_BOUND('',#9391,.F.);
#9391 = EDGE_LOOP('',(#9392,#9423,#9442,#9443));
#9392 = ORIENTED_EDGE('',*,*,#9393,.T.);
#9393 = EDGE_CURVE('',#9394,#9396,#9398,.T.);
#9394 = VERTEX_POINT('',#9395);
#9395 = CARTESIAN_POINT('',(16.402500674251,-30.00996453898,2.4));
#9396 = VERTEX_POINT('',#9397);
#9397 = CARTESIAN_POINT('',(17.788141320306,-29.20996453898,2.4));
#9398 = SURFACE_CURVE('',#9399,(#9404,#9411),.PCURVE_S1.);
#9399 = CIRCLE('',#9400,34.2);
#9400 = AXIS2_PLACEMENT_3D('',#9401,#9402,#9403);
#9401 = CARTESIAN_POINT('',(0.,0.,2.4));
#9402 = DIRECTION('',(0.,0.,1.));
#9403 = DIRECTION('',(1.,0.,0.));
#9404 = PCURVE('',#5737,#9405);
#9405 = DEFINITIONAL_REPRESENTATION('',(#9406),#9410);
#9406 = CIRCLE('',#9407,34.2);
#9407 = AXIS2_PLACEMENT_2D('',#9408,#9409);
#9408 = CARTESIAN_POINT('',(3.198690368513E-15,-1.162854943783E-15));
#9409 = DIRECTION('',(1.,0.));
#9410 = ( GEOMETRIC_REPRESENTATION_CONTEXT(2) 
PARAMETRIC_REPRESENTATION_CONTEXT() REPRESENTATION_CONTEXT('2D SPACE',''
  ) );
#9411 = PCURVE('',#9412,#9417);
#9412 = CYLINDRICAL_SURFACE('',#9413,34.2);
#9413 = AXIS2_PLACEMENT_3D('',#9414,#9415,#9416);
#9414 = CARTESIAN_POINT('',(0.,0.,0.));
#9415 = DIRECTION('',(-0.,-0.,-1.));
#9416 = DIRECTION('',(1.,0.,0.));
#9417 = DEFINITIONAL_REPRESENTATION('',(#9418),#9422);
#9418 = LINE('',#9419,#9420);
#9419 = CARTESIAN_POINT('',(-0.,-2.4));
#9420 = VECTOR('',#9421,1.);
#9421 = DIRECTION('',(-1.,0.));
#9422 = ( GEOMETRIC_REPRESENTATION_CONTEXT(2) 
PARAMETRIC_REPRESENTATION_CONTEXT() REPRESENTATION_CONTEXT('2D SPACE',''
  ) );
#9423 = ORIENTED_EDGE('',*,*,#9424,.T.);
#9424 = EDGE_CURVE('',#9396,#5692,#9425,.T.);
#9425 = SURFACE_CURVE('',#9426,(#9430,#9436),.PCURVE_S1.);
#9426 = LINE('',#9427,#9428);
#9427 = CARTESIAN_POINT('',(8.867820323028,-13.75951535187,2.4));
#9428 = VECTOR('',#9429,1.);
#9429 = DIRECTION('',(-0.5,0.866025403784,0.));
#9430 = PCURVE('',#5737,#9431);
#9431 = DEFINITIONAL_REPRESENTATION('',(#9432),#9435);
#9432 = B_SPLINE_CURVE_WITH_KNOTS('',1,(#9433,#9434),.UNSPECIFIED.,.F.,
  .F.,(2,2),(-18.45,-16.84036004625),.PIECEWISE_BEZIER_KNOTS.);
#9433 = CARTESIAN_POINT('',(18.092820323028,-29.73768405169));
#9434 = CARTESIAN_POINT('',(17.288000346155,-28.3436949608));
#9435 = ( GEOMETRIC_REPRESENTATION_CONTEXT(2) 
PARAMETRIC_REPRESENTATION_CONTEXT() REPRESENTATION_CONTEXT('2D SPACE',''
  ) );
#9436 = PCURVE('',#8282,#9437);
#9437 = DEFINITIONAL_REPRESENTATION('',(#9438),#9441);
#9438 = B_SPLINE_CURVE_WITH_KNOTS('',1,(#9439,#9440),.UNSPECIFIED.,.F.,
  .F.,(2,2),(-18.45,-16.84036004625),.PIECEWISE_BEZIER_KNOTS.);
#9439 = CARTESIAN_POINT('',(-49.8,2.1));
#9440 = CARTESIAN_POINT('',(-49.8,0.490360046254));
#9441 = ( GEOMETRIC_REPRESENTATION_CONTEXT(2) 
PARAMETRIC_REPRESENTATION_CONTEXT() REPRESENTATION_CONTEXT('2D SPACE',''
  ) );
#9442 = ORIENTED_EDGE('',*,*,#5720,.F.);
#9443 = ORIENTED_EDGE('',*,*,#9444,.T.);
#9444 = EDGE_CURVE('',#5721,#9394,#9445,.T.);
#9445 = SURFACE_CURVE('',#9446,(#9450,#9456),.PCURVE_S1.);
#9446 = LINE('',#9447,#9448);
#9447 = CARTESIAN_POINT('',(4.982179676972,-10.22938833295,2.4));
#9448 = VECTOR('',#9449,1.);
#9449 = DIRECTION('',(0.5,-0.866025403784,0.));
#9450 = PCURVE('',#5737,#9451);
#9451 = DEFINITIONAL_REPRESENTATION('',(#9452),#9455);
#9452 = B_SPLINE_CURVE_WITH_KNOTS('',1,(#9453,#9454),.UNSPECIFIED.,.F.,
  .F.,(2,2),(21.840360046254,23.45),.PIECEWISE_BEZIER_KNOTS.);
#9453 = CARTESIAN_POINT('',(15.9023597001,-29.1436949608));
#9454 = CARTESIAN_POINT('',(16.707179676972,-30.53768405169));
#9455 = ( GEOMETRIC_REPRESENTATION_CONTEXT(2) 
PARAMETRIC_REPRESENTATION_CONTEXT() REPRESENTATION_CONTEXT('2D SPACE',''
  ) );
#9456 = PCURVE('',#8334,#9457);
#9457 = DEFINITIONAL_REPRESENTATION('',(#9458),#9461);
#9458 = B_SPLINE_CURVE_WITH_KNOTS('',1,(#9459,#9460),.UNSPECIFIED.,.F.,
  .F.,(2,2),(21.840360046254,23.45),.PIECEWISE_BEZIER_KNOTS.);
#9459 = CARTESIAN_POINT('',(45.5,10.490360046254));
#9460 = CARTESIAN_POINT('',(45.5,12.1));
#9461 = ( GEOMETRIC_REPRESENTATION_CONTEXT(2) 
PARAMETRIC_REPRESENTATION_CONTEXT() REPRESENTATION_CONTEXT('2D SPACE',''
  ) );
#9462 = ADVANCED_FACE('',(#9463),#5708,.T.);
#9463 = FACE_BOUND('',#9464,.T.);
#9464 = EDGE_LOOP('',(#9465,#9466,#9487,#9488));
#9465 = ORIENTED_EDGE('',*,*,#5691,.T.);
#9466 = ORIENTED_EDGE('',*,*,#9467,.T.);
#9467 = EDGE_CURVE('',#5663,#8218,#9468,.T.);
#9468 = SURFACE_CURVE('',#9469,(#9473,#9480),.PCURVE_S1.);
#9469 = LINE('',#9470,#9471);
#9470 = CARTESIAN_POINT('',(33.190360046254,-0.8,0.));
#9471 = VECTOR('',#9472,1.);
#9472 = DIRECTION('',(-6.805964901917E-16,-1.440099635965E-14,1.));
#9473 = PCURVE('',#5708,#9474);
#9474 = DEFINITIONAL_REPRESENTATION('',(#9475),#9479);
#9475 = LINE('',#9476,#9477);
#9476 = CARTESIAN_POINT('',(6.259086589157,-52.2));
#9477 = VECTOR('',#9478,1.);
#9478 = DIRECTION('',(0.,1.));
#9479 = ( GEOMETRIC_REPRESENTATION_CONTEXT(2) 
PARAMETRIC_REPRESENTATION_CONTEXT() REPRESENTATION_CONTEXT('2D SPACE',''
  ) );
#9480 = PCURVE('',#8232,#9481);
#9481 = DEFINITIONAL_REPRESENTATION('',(#9482),#9486);
#9482 = LINE('',#9483,#9484);
#9483 = CARTESIAN_POINT('',(47.9,10.490360046254));
#9484 = VECTOR('',#9485,1.);
#9485 = DIRECTION('',(-1.,-6.805964901917E-16));
#9486 = ( GEOMETRIC_REPRESENTATION_CONTEXT(2) 
PARAMETRIC_REPRESENTATION_CONTEXT() REPRESENTATION_CONTEXT('2D SPACE',''
  ) );
#9487 = ORIENTED_EDGE('',*,*,#8243,.F.);
#9488 = ORIENTED_EDGE('',*,*,#9489,.F.);
#9489 = EDGE_CURVE('',#5692,#8244,#9490,.T.);
#9490 = SURFACE_CURVE('',#9491,(#9495,#9502),.PCURVE_S1.);
#9491 = LINE('',#9492,#9493);
#9492 = CARTESIAN_POINT('',(17.288000346155,-28.3436949608,0.));
#9493 = VECTOR('',#9494,1.);
#9494 = DIRECTION('',(-1.381610875089E-14,-8.915814021511E-15,1.));
#9495 = PCURVE('',#5708,#9496);
#9496 = DEFINITIONAL_REPRESENTATION('',(#9497),#9501);
#9497 = LINE('',#9498,#9499);
#9498 = CARTESIAN_POINT('',(5.260086474005,-52.2));
#9499 = VECTOR('',#9500,1.);
#9500 = DIRECTION('',(0.,1.));
#9501 = ( GEOMETRIC_REPRESENTATION_CONTEXT(2) 
PARAMETRIC_REPRESENTATION_CONTEXT() REPRESENTATION_CONTEXT('2D SPACE',''
  ) );
#9502 = PCURVE('',#8282,#9503);
#9503 = DEFINITIONAL_REPRESENTATION('',(#9504),#9508);
#9504 = LINE('',#9505,#9506);
#9505 = CARTESIAN_POINT('',(-52.2,0.490360046254));
#9506 = VECTOR('',#9507,1.);
#9507 = DIRECTION('',(1.,8.132670626005E-16));
#9508 = ( GEOMETRIC_REPRESENTATION_CONTEXT(2) 
PARAMETRIC_REPRESENTATION_CONTEXT() REPRESENTATION_CONTEXT('2D SPACE',''
  ) );
#9509 = ADVANCED_FACE('',(#9510),#6103,.T.);
#9510 = FACE_BOUND('',#9511,.F.);
#9511 = EDGE_LOOP('',(#9512,#9513,#9514,#9515));
#9512 = ORIENTED_EDGE('',*,*,#6087,.F.);
#9513 = ORIENTED_EDGE('',*,*,#6190,.T.);
#9514 = ORIENTED_EDGE('',*,*,#6237,.T.);
#9515 = ORIENTED_EDGE('',*,*,#6141,.F.);
#9516 = ADVANCED_FACE('',(#9517),#6304,.T.);
#9517 = FACE_BOUND('',#9518,.F.);
#9518 = EDGE_LOOP('',(#9519,#9520,#9521,#9522));
#9519 = ORIENTED_EDGE('',*,*,#6288,.F.);
#9520 = ORIENTED_EDGE('',*,*,#6391,.T.);
#9521 = ORIENTED_EDGE('',*,*,#6438,.T.);
#9522 = ORIENTED_EDGE('',*,*,#6342,.F.);
#9523 = ADVANCED_FACE('',(#9524),#6505,.T.);
#9524 = FACE_BOUND('',#9525,.F.);
#9525 = EDGE_LOOP('',(#9526,#9527,#9528,#9529));
#9526 = ORIENTED_EDGE('',*,*,#6489,.F.);
#9527 = ORIENTED_EDGE('',*,*,#6592,.T.);
#9528 = ORIENTED_EDGE('',*,*,#6639,.T.);
#9529 = ORIENTED_EDGE('',*,*,#6543,.F.);
#9530 = ADVANCED_FACE('',(#9531),#6706,.T.);
#9531 = FACE_BOUND('',#9532,.F.);
#9532 = EDGE_LOOP('',(#9533,#9534,#9535,#9536));
#9533 = ORIENTED_EDGE('',*,*,#6690,.F.);
#9534 = ORIENTED_EDGE('',*,*,#6793,.T.);
#9535 = ORIENTED_EDGE('',*,*,#6840,.T.);
#9536 = ORIENTED_EDGE('',*,*,#6744,.F.);
#9537 = ADVANCED_FACE('',(#9538),#6907,.T.);
#9538 = FACE_BOUND('',#9539,.F.);
#9539 = EDGE_LOOP('',(#9540,#9541,#9542,#9543));
#9540 = ORIENTED_EDGE('',*,*,#6891,.F.);
#9541 = ORIENTED_EDGE('',*,*,#6994,.T.);
#9542 = ORIENTED_EDGE('',*,*,#7041,.T.);
#9543 = ORIENTED_EDGE('',*,*,#6945,.F.);
#9544 = ADVANCED_FACE('',(#9545),#7162,.F.);
#9545 = FACE_BOUND('',#9546,.T.);
#9546 = EDGE_LOOP('',(#9547,#9548,#9549,#9580,#9609,#9610,#9611));
#9547 = ORIENTED_EDGE('',*,*,#7256,.F.);
#9548 = ORIENTED_EDGE('',*,*,#7147,.T.);
#9549 = ORIENTED_EDGE('',*,*,#9550,.F.);
#9550 = EDGE_CURVE('',#9551,#7116,#9553,.T.);
#9551 = VERTEX_POINT('',#9552);
#9552 = CARTESIAN_POINT('',(-6.306066779871E-15,-28.4,13.507641196013));
#9553 = SURFACE_CURVE('',#9554,(#9559,#9569),.PCURVE_S1.);
#9554 = ELLIPSE('',#9555,40.163665171396,28.4);
#9555 = AXIS2_PLACEMENT_3D('',#9556,#9557,#9558);
#9556 = CARTESIAN_POINT('',(0.,0.,13.507641196013));
#9557 = DIRECTION('',(-0.707106781187,1.570092458684E-16,-0.707106781187
    ));
#9558 = DIRECTION('',(0.707106781187,-1.570092458684E-16,-0.707106781187
    ));
#9559 = PCURVE('',#7162,#9560);
#9560 = DEFINITIONAL_REPRESENTATION('',(#9561),#9568);
#9561 = B_SPLINE_CURVE_WITH_KNOTS('',5,(#9562,#9563,#9564,#9565,#9566,
    #9567),.UNSPECIFIED.,.F.,.F.,(6,6),(1.562724553215,1.595177594535),
  .PIECEWISE_BEZIER_KNOTS.);
#9562 = CARTESIAN_POINT('',(-0.131074968468,0.921594684385));
#9563 = CARTESIAN_POINT('',(-0.124584360204,0.737267414637));
#9564 = CARTESIAN_POINT('',(-0.11809375194,0.552928073328));
#9565 = CARTESIAN_POINT('',(-0.111603143676,0.368592838248));
#9566 = CARTESIAN_POINT('',(-0.105112535412,0.184277889303));
#9567 = CARTESIAN_POINT('',(-9.862192714819E-02,-5.999999999062E-07));
#9568 = ( GEOMETRIC_REPRESENTATION_CONTEXT(2) 
PARAMETRIC_REPRESENTATION_CONTEXT() REPRESENTATION_CONTEXT('2D SPACE',''
  ) );
#9569 = PCURVE('',#7135,#9570);
#9570 = DEFINITIONAL_REPRESENTATION('',(#9571),#9579);
#9571 = ( BOUNDED_CURVE() B_SPLINE_CURVE(2,(#9572,#9573,#9574,#9575,
#9576,#9577,#9578),.UNSPECIFIED.,.T.,.F.) B_SPLINE_CURVE_WITH_KNOTS((1,2
    ,2,2,2,1),(-2.094395102393,0.,2.094395102393,4.188790204786,
6.28318530718,8.377580409573),.UNSPECIFIED.) CURVE() 
GEOMETRIC_REPRESENTATION_ITEM() RATIONAL_B_SPLINE_CURVE((1.,0.5,1.,0.5,
1.,0.5,1.)) REPRESENTATION_ITEM('') );
#9572 = CARTESIAN_POINT('',(40.163665171396,27.9));
#9573 = CARTESIAN_POINT('',(40.163665171396,-21.29024293495));
#9574 = CARTESIAN_POINT('',(-20.08183258569,3.304878532522));
#9575 = CARTESIAN_POINT('',(-80.32733034279,27.9));
#9576 = CARTESIAN_POINT('',(-20.08183258569,52.495121467478));
#9577 = CARTESIAN_POINT('',(40.163665171396,77.090242934956));
#9578 = CARTESIAN_POINT('',(40.163665171396,27.9));
#9579 = ( GEOMETRIC_REPRESENTATION_CONTEXT(2) 
PARAMETRIC_REPRESENTATION_CONTEXT() REPRESENTATION_CONTEXT('2D SPACE',''
  ) );
#9580 = ORIENTED_EDGE('',*,*,#9581,.F.);
#9581 = EDGE_CURVE('',#7482,#9551,#9582,.T.);
#9582 = SURFACE_CURVE('',#9583,(#9588,#9598),.PCURVE_S1.);
#9583 = ELLIPSE('',#9584,40.163665171396,28.4);
#9584 = AXIS2_PLACEMENT_3D('',#9585,#9586,#9587);
#9585 = CARTESIAN_POINT('',(0.,0.,13.507641196013));
#9586 = DIRECTION('',(0.707106781187,-1.570092458684E-16,-0.707106781187
    ));
#9587 = DIRECTION('',(-0.707106781187,1.570092458684E-16,-0.707106781187
    ));
#9588 = PCURVE('',#7162,#9589);
#9589 = DEFINITIONAL_REPRESENTATION('',(#9590),#9597);
#9590 = B_SPLINE_CURVE_WITH_KNOTS('',5,(#9591,#9592,#9593,#9594,#9595,
    #9596),.UNSPECIFIED.,.F.,.F.,(6,6),(4.688007712645,4.720460753965),
  .PIECEWISE_BEZIER_KNOTS.);
#9591 = CARTESIAN_POINT('',(-0.147384462628,-6.000000141171E-07));
#9592 = CARTESIAN_POINT('',(-0.140893854364,0.184277889303));
#9593 = CARTESIAN_POINT('',(-0.1344032461,0.368592838248));
#9594 = CARTESIAN_POINT('',(-0.127912637836,0.552928073328));
#9595 = CARTESIAN_POINT('',(-0.121422029572,0.737267414637));
#9596 = CARTESIAN_POINT('',(-0.114931421308,0.921594684385));
#9597 = ( GEOMETRIC_REPRESENTATION_CONTEXT(2) 
PARAMETRIC_REPRESENTATION_CONTEXT() REPRESENTATION_CONTEXT('2D SPACE',''
  ) );
#9598 = PCURVE('',#7445,#9599);
#9599 = DEFINITIONAL_REPRESENTATION('',(#9600),#9608);
#9600 = ( BOUNDED_CURVE() B_SPLINE_CURVE(2,(#9601,#9602,#9603,#9604,
#9605,#9606,#9607),.UNSPECIFIED.,.T.,.F.) B_SPLINE_CURVE_WITH_KNOTS((1,2
    ,2,2,2,1),(-2.094395102393,0.,2.094395102393,4.188790204786,
6.28318530718,8.377580409573),.UNSPECIFIED.) CURVE() 
GEOMETRIC_REPRESENTATION_ITEM() RATIONAL_B_SPLINE_CURVE((1.,0.5,1.,0.5,
1.,0.5,1.)) REPRESENTATION_ITEM('') );
#9601 = CARTESIAN_POINT('',(-43.40555008181,27.9));
#9602 = CARTESIAN_POINT('',(-43.40555008181,77.090242934956));
#9603 = CARTESIAN_POINT('',(16.839947675275,52.495121467478));
#9604 = CARTESIAN_POINT('',(77.085445432368,27.9));
#9605 = CARTESIAN_POINT('',(16.839947675275,3.304878532522));
#9606 = CARTESIAN_POINT('',(-43.40555008181,-21.29024293495));
#9607 = CARTESIAN_POINT('',(-43.40555008181,27.9));
#9608 = ( GEOMETRIC_REPRESENTATION_CONTEXT(2) 
PARAMETRIC_REPRESENTATION_CONTEXT() REPRESENTATION_CONTEXT('2D SPACE',''
  ) );
#9609 = ORIENTED_EDGE('',*,*,#7481,.T.);
#9610 = ORIENTED_EDGE('',*,*,#7560,.T.);
#9611 = ORIENTED_EDGE('',*,*,#7304,.F.);
#9612 = ADVANCED_FACE('',(#9613),#7135,.T.);
#9613 = FACE_BOUND('',#9614,.F.);
#9614 = EDGE_LOOP('',(#9615,#9616,#9639,#9668,#9669));
#9615 = ORIENTED_EDGE('',*,*,#9550,.F.);
#9616 = ORIENTED_EDGE('',*,*,#9617,.T.);
#9617 = EDGE_CURVE('',#9551,#9618,#9620,.T.);
#9618 = VERTEX_POINT('',#9619);
#9619 = CARTESIAN_POINT('',(-6.661338147751E-15,-30.,13.507641196013));
#9620 = SURFACE_CURVE('',#9621,(#9625,#9632),.PCURVE_S1.);
#9621 = LINE('',#9622,#9623);
#9622 = CARTESIAN_POINT('',(-6.195044477408E-15,-27.9,13.507641196013));
#9623 = VECTOR('',#9624,1.);
#9624 = DIRECTION('',(-2.22044604925E-16,-1.,-0.));
#9625 = PCURVE('',#7135,#9626);
#9626 = DEFINITIONAL_REPRESENTATION('',(#9627),#9631);
#9627 = LINE('',#9628,#9629);
#9628 = CARTESIAN_POINT('',(-0.,0.));
#9629 = VECTOR('',#9630,1.);
#9630 = DIRECTION('',(-0.,-1.));
#9631 = ( GEOMETRIC_REPRESENTATION_CONTEXT(2) 
PARAMETRIC_REPRESENTATION_CONTEXT() REPRESENTATION_CONTEXT('2D SPACE',''
  ) );
#9632 = PCURVE('',#7445,#9633);
#9633 = DEFINITIONAL_REPRESENTATION('',(#9634),#9638);
#9634 = LINE('',#9635,#9636);
#9635 = CARTESIAN_POINT('',(-3.241884910423,-5.090059049776E-16));
#9636 = VECTOR('',#9637,1.);
#9637 = DIRECTION('',(-0.,-1.));
#9638 = ( GEOMETRIC_REPRESENTATION_CONTEXT(2) 
PARAMETRIC_REPRESENTATION_CONTEXT() REPRESENTATION_CONTEXT('2D SPACE',''
  ) );
#9639 = ORIENTED_EDGE('',*,*,#9640,.T.);
#9640 = EDGE_CURVE('',#9618,#7180,#9641,.T.);
#9641 = SURFACE_CURVE('',#9642,(#9647,#9658),.PCURVE_S1.);
#9642 = ELLIPSE('',#9643,42.426406871193,30.);
#9643 = AXIS2_PLACEMENT_3D('',#9644,#9645,#9646);
#9644 = CARTESIAN_POINT('',(0.,0.,13.507641196013));
#9645 = DIRECTION('',(-0.707106781187,1.570092458684E-16,-0.707106781187
    ));
#9646 = DIRECTION('',(-0.707106781187,1.570092458684E-16,0.707106781187)
  );
#9647 = PCURVE('',#7135,#9648);
#9648 = DEFINITIONAL_REPRESENTATION('',(#9649),#9657);
#9649 = ( BOUNDED_CURVE() B_SPLINE_CURVE(2,(#9650,#9651,#9652,#9653,
#9654,#9655,#9656),.UNSPECIFIED.,.T.,.F.) B_SPLINE_CURVE_WITH_KNOTS((1,2
    ,2,2,2,1),(-2.094395102393,0.,2.094395102393,4.188790204786,
6.28318530718,8.377580409573),.UNSPECIFIED.) CURVE() 
GEOMETRIC_REPRESENTATION_ITEM() RATIONAL_B_SPLINE_CURVE((1.,0.5,1.,0.5,
1.,0.5,1.)) REPRESENTATION_ITEM('') );
#9650 = CARTESIAN_POINT('',(-42.42640687119,27.9));
#9651 = CARTESIAN_POINT('',(-42.42640687119,79.861524227066));
#9652 = CARTESIAN_POINT('',(21.213203435596,53.880762113533));
#9653 = CARTESIAN_POINT('',(84.852813742386,27.9));
#9654 = CARTESIAN_POINT('',(21.213203435596,1.919237886467));
#9655 = CARTESIAN_POINT('',(-42.42640687119,-24.06152422706));
#9656 = CARTESIAN_POINT('',(-42.42640687119,27.9));
#9657 = ( GEOMETRIC_REPRESENTATION_CONTEXT(2) 
PARAMETRIC_REPRESENTATION_CONTEXT() REPRESENTATION_CONTEXT('2D SPACE',''
  ) );
#9658 = PCURVE('',#7195,#9659);
#9659 = DEFINITIONAL_REPRESENTATION('',(#9660),#9667);
#9660 = B_SPLINE_CURVE_WITH_KNOTS('',5,(#9661,#9662,#9663,#9664,#9665,
    #9666),.UNSPECIFIED.,.F.,.F.,(6,6),(4.704747710011,4.788652741617),
  .PIECEWISE_BEZIER_KNOTS.);
#9661 = CARTESIAN_POINT('',(8.390503160632E-02,3.478405315615));
#9662 = CARTESIAN_POINT('',(6.712402528506E-02,3.981820807928));
#9663 = CARTESIAN_POINT('',(5.034301896379E-02,4.485316991904));
#9664 = CARTESIAN_POINT('',(3.356201264253E-02,4.988598528116));
#9665 = CARTESIAN_POINT('',(1.678100632126E-02,5.491369982681));
#9666 = CARTESIAN_POINT('',(1.184237892934E-16,5.993336866173));
#9667 = ( GEOMETRIC_REPRESENTATION_CONTEXT(2) 
PARAMETRIC_REPRESENTATION_CONTEXT() REPRESENTATION_CONTEXT('2D SPACE',''
  ) );
#9668 = ORIENTED_EDGE('',*,*,#7207,.T.);
#9669 = ORIENTED_EDGE('',*,*,#7115,.T.);
#9670 = ADVANCED_FACE('',(#9671),#7195,.T.);
#9671 = FACE_BOUND('',#9672,.T.);
#9672 = EDGE_LOOP('',(#9673,#9674,#9675,#9676,#9705));
#9673 = ORIENTED_EDGE('',*,*,#7177,.F.);
#9674 = ORIENTED_EDGE('',*,*,#7377,.F.);
#9675 = ORIENTED_EDGE('',*,*,#7406,.T.);
#9676 = ORIENTED_EDGE('',*,*,#9677,.T.);
#9677 = EDGE_CURVE('',#7407,#9618,#9678,.T.);
#9678 = SURFACE_CURVE('',#9679,(#9684,#9694),.PCURVE_S1.);
#9679 = ELLIPSE('',#9680,42.426406871193,30.);
#9680 = AXIS2_PLACEMENT_3D('',#9681,#9682,#9683);
#9681 = CARTESIAN_POINT('',(0.,0.,13.507641196013));
#9682 = DIRECTION('',(0.707106781187,-1.570092458684E-16,-0.707106781187
    ));
#9683 = DIRECTION('',(0.707106781187,-1.570092458684E-16,0.707106781187)
  );
#9684 = PCURVE('',#7195,#9685);
#9685 = DEFINITIONAL_REPRESENTATION('',(#9686),#9693);
#9686 = B_SPLINE_CURVE_WITH_KNOTS('',5,(#9687,#9688,#9689,#9690,#9691,
    #9692),.UNSPECIFIED.,.F.,.F.,(6,6),(1.494532565563,1.578437597169),
  .PIECEWISE_BEZIER_KNOTS.);
#9687 = CARTESIAN_POINT('',(0.152527522464,5.993336866173));
#9688 = CARTESIAN_POINT('',(0.135746516143,5.491369982681));
#9689 = CARTESIAN_POINT('',(0.118965509822,4.988598528116));
#9690 = CARTESIAN_POINT('',(0.102184503501,4.485316991904));
#9691 = CARTESIAN_POINT('',(8.540349717936E-02,3.981820807928));
#9692 = CARTESIAN_POINT('',(6.86224908581E-02,3.478405315615));
#9693 = ( GEOMETRIC_REPRESENTATION_CONTEXT(2) 
PARAMETRIC_REPRESENTATION_CONTEXT() REPRESENTATION_CONTEXT('2D SPACE',''
  ) );
#9694 = PCURVE('',#7445,#9695);
#9695 = DEFINITIONAL_REPRESENTATION('',(#9696),#9704);
#9696 = ( BOUNDED_CURVE() B_SPLINE_CURVE(2,(#9697,#9698,#9699,#9700,
#9701,#9702,#9703),.UNSPECIFIED.,.T.,.F.) B_SPLINE_CURVE_WITH_KNOTS((1,2
    ,2,2,2,1),(-2.094395102393,0.,2.094395102393,4.188790204786,
6.28318530718,8.377580409573),.UNSPECIFIED.) CURVE() 
GEOMETRIC_REPRESENTATION_ITEM() RATIONAL_B_SPLINE_CURVE((1.,0.5,1.,0.5,
1.,0.5,1.)) REPRESENTATION_ITEM('') );
#9697 = CARTESIAN_POINT('',(39.184521960769,27.9));
#9698 = CARTESIAN_POINT('',(39.184521960769,-24.06152422706));
#9699 = CARTESIAN_POINT('',(-24.45508834602,1.919237886467));
#9700 = CARTESIAN_POINT('',(-88.0946986528,27.9));
#9701 = CARTESIAN_POINT('',(-24.45508834602,53.880762113533));
#9702 = CARTESIAN_POINT('',(39.184521960769,79.861524227066));
#9703 = CARTESIAN_POINT('',(39.184521960769,27.9));
#9704 = ( GEOMETRIC_REPRESENTATION_CONTEXT(2) 
PARAMETRIC_REPRESENTATION_CONTEXT() REPRESENTATION_CONTEXT('2D SPACE',''
  ) );
#9705 = ORIENTED_EDGE('',*,*,#9640,.T.);
#9706 = ADVANCED_FACE('',(#9707),#7445,.T.);
#9707 = FACE_BOUND('',#9708,.F.);
#9708 = EDGE_LOOP('',(#9709,#9710,#9711,#9712,#9713));
#9709 = ORIENTED_EDGE('',*,*,#7429,.F.);
#9710 = ORIENTED_EDGE('',*,*,#9677,.T.);
#9711 = ORIENTED_EDGE('',*,*,#9617,.F.);
#9712 = ORIENTED_EDGE('',*,*,#9581,.F.);
#9713 = ORIENTED_EDGE('',*,*,#7507,.T.);
#9714 = ADVANCED_FACE('',(#9715),#7679,.F.);
#9715 = FACE_BOUND('',#9716,.T.);
#9716 = EDGE_LOOP('',(#9717,#9718,#9719,#9750,#9779,#9780,#9781));
#9717 = ORIENTED_EDGE('',*,*,#7773,.F.);
#9718 = ORIENTED_EDGE('',*,*,#7664,.T.);
#9719 = ORIENTED_EDGE('',*,*,#9720,.F.);
#9720 = EDGE_CURVE('',#9721,#7633,#9723,.T.);
#9721 = VERTEX_POINT('',#9722);
#9722 = CARTESIAN_POINT('',(-6.306066779871E-15,-28.4,31.307641196013));
#9723 = SURFACE_CURVE('',#9724,(#9729,#9739),.PCURVE_S1.);
#9724 = ELLIPSE('',#9725,40.163665171396,28.4);
#9725 = AXIS2_PLACEMENT_3D('',#9726,#9727,#9728);
#9726 = CARTESIAN_POINT('',(0.,0.,31.307641196013));
#9727 = DIRECTION('',(-0.707106781187,1.570092458684E-16,-0.707106781187
    ));
#9728 = DIRECTION('',(0.707106781187,-1.570092458684E-16,-0.707106781187
    ));
#9729 = PCURVE('',#7679,#9730);
#9730 = DEFINITIONAL_REPRESENTATION('',(#9731),#9738);
#9731 = B_SPLINE_CURVE_WITH_KNOTS('',5,(#9732,#9733,#9734,#9735,#9736,
    #9737),.UNSPECIFIED.,.F.,.F.,(6,6),(1.562724553215,1.595177594535),
  .PIECEWISE_BEZIER_KNOTS.);
#9732 = CARTESIAN_POINT('',(-0.131074968468,0.921594684385));
#9733 = CARTESIAN_POINT('',(-0.124584360204,0.737267414637));
#9734 = CARTESIAN_POINT('',(-0.11809375194,0.552928073328));
#9735 = CARTESIAN_POINT('',(-0.111603143676,0.368592838248));
#9736 = CARTESIAN_POINT('',(-0.105112535412,0.184277889303));
#9737 = CARTESIAN_POINT('',(-9.862192714819E-02,-6.000000034589E-07));
#9738 = ( GEOMETRIC_REPRESENTATION_CONTEXT(2) 
PARAMETRIC_REPRESENTATION_CONTEXT() REPRESENTATION_CONTEXT('2D SPACE',''
  ) );
#9739 = PCURVE('',#7652,#9740);
#9740 = DEFINITIONAL_REPRESENTATION('',(#9741),#9749);
#9741 = ( BOUNDED_CURVE() B_SPLINE_CURVE(2,(#9742,#9743,#9744,#9745,
#9746,#9747,#9748),.UNSPECIFIED.,.T.,.F.) B_SPLINE_CURVE_WITH_KNOTS((1,2
    ,2,2,2,1),(-2.094395102393,0.,2.094395102393,4.188790204786,
6.28318530718,8.377580409573),.UNSPECIFIED.) CURVE() 
GEOMETRIC_REPRESENTATION_ITEM() RATIONAL_B_SPLINE_CURVE((1.,0.5,1.,0.5,
1.,0.5,1.)) REPRESENTATION_ITEM('') );
#9742 = CARTESIAN_POINT('',(40.163665171396,27.9));
#9743 = CARTESIAN_POINT('',(40.163665171396,-21.29024293495));
#9744 = CARTESIAN_POINT('',(-20.08183258569,3.304878532522));
#9745 = CARTESIAN_POINT('',(-80.32733034279,27.9));
#9746 = CARTESIAN_POINT('',(-20.08183258569,52.495121467478));
#9747 = CARTESIAN_POINT('',(40.163665171396,77.090242934956));
#9748 = CARTESIAN_POINT('',(40.163665171396,27.9));
#9749 = ( GEOMETRIC_REPRESENTATION_CONTEXT(2) 
PARAMETRIC_REPRESENTATION_CONTEXT() REPRESENTATION_CONTEXT('2D SPACE',''
  ) );
#9750 = ORIENTED_EDGE('',*,*,#9751,.F.);
#9751 = EDGE_CURVE('',#7971,#9721,#9752,.T.);
#9752 = SURFACE_CURVE('',#9753,(#9758,#9768),.PCURVE_S1.);
#9753 = ELLIPSE('',#9754,40.163665171396,28.4);
#9754 = AXIS2_PLACEMENT_3D('',#9755,#9756,#9757);
#9755 = CARTESIAN_POINT('',(0.,0.,31.307641196013));
#9756 = DIRECTION('',(0.707106781187,-1.570092458684E-16,-0.707106781187
    ));
#9757 = DIRECTION('',(-0.707106781187,1.570092458684E-16,-0.707106781187
    ));
#9758 = PCURVE('',#7679,#9759);
#9759 = DEFINITIONAL_REPRESENTATION('',(#9760),#9767);
#9760 = B_SPLINE_CURVE_WITH_KNOTS('',5,(#9761,#9762,#9763,#9764,#9765,
    #9766),.UNSPECIFIED.,.F.,.F.,(6,6),(4.688007712645,4.720460753965),
  .PIECEWISE_BEZIER_KNOTS.);
#9761 = CARTESIAN_POINT('',(-0.147384462628,-6.000000105644E-07));
#9762 = CARTESIAN_POINT('',(-0.140893854364,0.184277889303));
#9763 = CARTESIAN_POINT('',(-0.1344032461,0.368592838248));
#9764 = CARTESIAN_POINT('',(-0.127912637836,0.552928073328));
#9765 = CARTESIAN_POINT('',(-0.121422029572,0.737267414637));
#9766 = CARTESIAN_POINT('',(-0.114931421308,0.921594684385));
#9767 = ( GEOMETRIC_REPRESENTATION_CONTEXT(2) 
PARAMETRIC_REPRESENTATION_CONTEXT() REPRESENTATION_CONTEXT('2D SPACE',''
  ) );
#9768 = PCURVE('',#8014,#9769);
#9769 = DEFINITIONAL_REPRESENTATION('',(#9770),#9778);
#9770 = ( BOUNDED_CURVE() B_SPLINE_CURVE(2,(#9771,#9772,#9773,#9774,
#9775,#9776,#9777),.UNSPECIFIED.,.T.,.F.) B_SPLINE_CURVE_WITH_KNOTS((1,2
    ,2,2,2,1),(-2.094395102393,0.,2.094395102393,4.188790204786,
6.28318530718,8.377580409573),.UNSPECIFIED.) CURVE() 
GEOMETRIC_REPRESENTATION_ITEM() RATIONAL_B_SPLINE_CURVE((1.,0.5,1.,0.5,
1.,0.5,1.)) REPRESENTATION_ITEM('') );
#9771 = CARTESIAN_POINT('',(-43.40555008181,27.9));
#9772 = CARTESIAN_POINT('',(-43.40555008181,77.090242934956));
#9773 = CARTESIAN_POINT('',(16.839947675275,52.495121467478));
#9774 = CARTESIAN_POINT('',(77.085445432368,27.9));
#9775 = CARTESIAN_POINT('',(16.839947675275,3.304878532522));
#9776 = CARTESIAN_POINT('',(-43.40555008181,-21.29024293495));
#9777 = CARTESIAN_POINT('',(-43.40555008181,27.9));
#9778 = ( GEOMETRIC_REPRESENTATION_CONTEXT(2) 
PARAMETRIC_REPRESENTATION_CONTEXT() REPRESENTATION_CONTEXT('2D SPACE',''
  ) );
#9779 = ORIENTED_EDGE('',*,*,#7970,.T.);
#9780 = ORIENTED_EDGE('',*,*,#7945,.T.);
#9781 = ORIENTED_EDGE('',*,*,#7821,.F.);
#9782 = ADVANCED_FACE('',(#9783),#7652,.T.);
#9783 = FACE_BOUND('',#9784,.F.);
#9784 = EDGE_LOOP('',(#9785,#9786,#9809,#9838,#9839));
#9785 = ORIENTED_EDGE('',*,*,#9720,.F.);
#9786 = ORIENTED_EDGE('',*,*,#9787,.T.);
#9787 = EDGE_CURVE('',#9721,#9788,#9790,.T.);
#9788 = VERTEX_POINT('',#9789);
#9789 = CARTESIAN_POINT('',(-6.661338147751E-15,-30.,31.307641196013));
#9790 = SURFACE_CURVE('',#9791,(#9795,#9802),.PCURVE_S1.);
#9791 = LINE('',#9792,#9793);
#9792 = CARTESIAN_POINT('',(-6.195044477408E-15,-27.9,31.307641196013));
#9793 = VECTOR('',#9794,1.);
#9794 = DIRECTION('',(-2.22044604925E-16,-1.,-0.));
#9795 = PCURVE('',#7652,#9796);
#9796 = DEFINITIONAL_REPRESENTATION('',(#9797),#9801);
#9797 = LINE('',#9798,#9799);
#9798 = CARTESIAN_POINT('',(-0.,0.));
#9799 = VECTOR('',#9800,1.);
#9800 = DIRECTION('',(-0.,-1.));
#9801 = ( GEOMETRIC_REPRESENTATION_CONTEXT(2) 
PARAMETRIC_REPRESENTATION_CONTEXT() REPRESENTATION_CONTEXT('2D SPACE',''
  ) );
#9802 = PCURVE('',#8014,#9803);
#9803 = DEFINITIONAL_REPRESENTATION('',(#9804),#9808);
#9804 = LINE('',#9805,#9806);
#9805 = CARTESIAN_POINT('',(-3.241884910423,-5.090059049776E-16));
#9806 = VECTOR('',#9807,1.);
#9807 = DIRECTION('',(-0.,-1.));
#9808 = ( GEOMETRIC_REPRESENTATION_CONTEXT(2) 
PARAMETRIC_REPRESENTATION_CONTEXT() REPRESENTATION_CONTEXT('2D SPACE',''
  ) );
#9809 = ORIENTED_EDGE('',*,*,#9810,.T.);
#9810 = EDGE_CURVE('',#9788,#7697,#9811,.T.);
#9811 = SURFACE_CURVE('',#9812,(#9817,#9828),.PCURVE_S1.);
#9812 = ELLIPSE('',#9813,42.426406871193,30.);
#9813 = AXIS2_PLACEMENT_3D('',#9814,#9815,#9816);
#9814 = CARTESIAN_POINT('',(0.,0.,31.307641196013));
#9815 = DIRECTION('',(-0.707106781187,1.570092458684E-16,-0.707106781187
    ));
#9816 = DIRECTION('',(-0.707106781187,1.570092458684E-16,0.707106781187)
  );
#9817 = PCURVE('',#7652,#9818);
#9818 = DEFINITIONAL_REPRESENTATION('',(#9819),#9827);
#9819 = ( BOUNDED_CURVE() B_SPLINE_CURVE(2,(#9820,#9821,#9822,#9823,
#9824,#9825,#9826),.UNSPECIFIED.,.T.,.F.) B_SPLINE_CURVE_WITH_KNOTS((1,2
    ,2,2,2,1),(-2.094395102393,0.,2.094395102393,4.188790204786,
6.28318530718,8.377580409573),.UNSPECIFIED.) CURVE() 
GEOMETRIC_REPRESENTATION_ITEM() RATIONAL_B_SPLINE_CURVE((1.,0.5,1.,0.5,
1.,0.5,1.)) REPRESENTATION_ITEM('') );
#9820 = CARTESIAN_POINT('',(-42.42640687119,27.9));
#9821 = CARTESIAN_POINT('',(-42.42640687119,79.861524227066));
#9822 = CARTESIAN_POINT('',(21.213203435596,53.880762113533));
#9823 = CARTESIAN_POINT('',(84.852813742386,27.9));
#9824 = CARTESIAN_POINT('',(21.213203435596,1.919237886467));
#9825 = CARTESIAN_POINT('',(-42.42640687119,-24.06152422706));
#9826 = CARTESIAN_POINT('',(-42.42640687119,27.9));
#9827 = ( GEOMETRIC_REPRESENTATION_CONTEXT(2) 
PARAMETRIC_REPRESENTATION_CONTEXT() REPRESENTATION_CONTEXT('2D SPACE',''
  ) );
#9828 = PCURVE('',#7712,#9829);
#9829 = DEFINITIONAL_REPRESENTATION('',(#9830),#9837);
#9830 = B_SPLINE_CURVE_WITH_KNOTS('',5,(#9831,#9832,#9833,#9834,#9835,
    #9836),.UNSPECIFIED.,.F.,.F.,(6,6),(4.704747710011,4.788652741617),
  .PIECEWISE_BEZIER_KNOTS.);
#9831 = CARTESIAN_POINT('',(8.390503160632E-02,5.078405315615));
#9832 = CARTESIAN_POINT('',(6.712402528506E-02,5.581820807928));
#9833 = CARTESIAN_POINT('',(5.034301896379E-02,6.085316991904));
#9834 = CARTESIAN_POINT('',(3.356201264253E-02,6.588598528116));
#9835 = CARTESIAN_POINT('',(1.678100632126E-02,7.091369982681));
#9836 = CARTESIAN_POINT('',(1.33226762955E-16,7.593336866173));
#9837 = ( GEOMETRIC_REPRESENTATION_CONTEXT(2) 
PARAMETRIC_REPRESENTATION_CONTEXT() REPRESENTATION_CONTEXT('2D SPACE',''
  ) );
#9838 = ORIENTED_EDGE('',*,*,#7724,.T.);
#9839 = ORIENTED_EDGE('',*,*,#7632,.T.);
#9840 = ADVANCED_FACE('',(#9841),#7712,.T.);
#9841 = FACE_BOUND('',#9842,.T.);
#9842 = EDGE_LOOP('',(#9843,#9844,#9845,#9846,#9875));
#9843 = ORIENTED_EDGE('',*,*,#7694,.F.);
#9844 = ORIENTED_EDGE('',*,*,#7894,.F.);
#9845 = ORIENTED_EDGE('',*,*,#8054,.T.);
#9846 = ORIENTED_EDGE('',*,*,#9847,.T.);
#9847 = EDGE_CURVE('',#8055,#9788,#9848,.T.);
#9848 = SURFACE_CURVE('',#9849,(#9854,#9864),.PCURVE_S1.);
#9849 = ELLIPSE('',#9850,42.426406871193,30.);
#9850 = AXIS2_PLACEMENT_3D('',#9851,#9852,#9853);
#9851 = CARTESIAN_POINT('',(0.,0.,31.307641196013));
#9852 = DIRECTION('',(0.707106781187,-1.570092458684E-16,-0.707106781187
    ));
#9853 = DIRECTION('',(0.707106781187,-1.570092458684E-16,0.707106781187)
  );
#9854 = PCURVE('',#7712,#9855);
#9855 = DEFINITIONAL_REPRESENTATION('',(#9856),#9863);
#9856 = B_SPLINE_CURVE_WITH_KNOTS('',5,(#9857,#9858,#9859,#9860,#9861,
    #9862),.UNSPECIFIED.,.F.,.F.,(6,6),(1.494532565563,1.578437597169),
  .PIECEWISE_BEZIER_KNOTS.);
#9857 = CARTESIAN_POINT('',(0.152527522464,7.593336866173));
#9858 = CARTESIAN_POINT('',(0.135746516143,7.091369982681));
#9859 = CARTESIAN_POINT('',(0.118965509822,6.588598528116));
#9860 = CARTESIAN_POINT('',(0.102184503501,6.085316991904));
#9861 = CARTESIAN_POINT('',(8.540349717936E-02,5.581820807928));
#9862 = CARTESIAN_POINT('',(6.86224908581E-02,5.078405315615));
#9863 = ( GEOMETRIC_REPRESENTATION_CONTEXT(2) 
PARAMETRIC_REPRESENTATION_CONTEXT() REPRESENTATION_CONTEXT('2D SPACE',''
  ) );
#9864 = PCURVE('',#8014,#9865);
#9865 = DEFINITIONAL_REPRESENTATION('',(#9866),#9874);
#9866 = ( BOUNDED_CURVE() B_SPLINE_CURVE(2,(#9867,#9868,#9869,#9870,
#9871,#9872,#9873),.UNSPECIFIED.,.T.,.F.) B_SPLINE_CURVE_WITH_KNOTS((1,2
    ,2,2,2,1),(-2.094395102393,0.,2.094395102393,4.188790204786,
6.28318530718,8.377580409573),.UNSPECIFIED.) CURVE() 
GEOMETRIC_REPRESENTATION_ITEM() RATIONAL_B_SPLINE_CURVE((1.,0.5,1.,0.5,
1.,0.5,1.)) REPRESENTATION_ITEM('') );
#9867 = CARTESIAN_POINT('',(39.184521960769,27.9));
#9868 = CARTESIAN_POINT('',(39.184521960769,-24.06152422706));
#9869 = CARTESIAN_POINT('',(-24.45508834602,1.919237886467));
#9870 = CARTESIAN_POINT('',(-88.0946986528,27.9));
#9871 = CARTESIAN_POINT('',(-24.45508834602,53.880762113533));
#9872 = CARTESIAN_POINT('',(39.184521960769,79.861524227066));
#9873 = CARTESIAN_POINT('',(39.184521960769,27.9));
#9874 = ( GEOMETRIC_REPRESENTATION_CONTEXT(2) 
PARAMETRIC_REPRESENTATION_CONTEXT() REPRESENTATION_CONTEXT('2D SPACE',''
  ) );
#9875 = ORIENTED_EDGE('',*,*,#9810,.T.);
#9876 = ADVANCED_FACE('',(#9877),#8014,.T.);
#9877 = FACE_BOUND('',#9878,.F.);
#9878 = EDGE_LOOP('',(#9879,#9880,#9881,#9882,#9883));
#9879 = ORIENTED_EDGE('',*,*,#8077,.F.);
#9880 = ORIENTED_EDGE('',*,*,#9847,.T.);
#9881 = ORIENTED_EDGE('',*,*,#9787,.F.);
#9882 = ORIENTED_EDGE('',*,*,#9751,.F.);
#9883 = ORIENTED_EDGE('',*,*,#7994,.T.);
#9884 = ADVANCED_FACE('',(#9885),#8740,.T.);
#9885 = FACE_BOUND('',#9886,.F.);
#9886 = EDGE_LOOP('',(#9887,#9888,#9889,#9912,#9940,#9959));
#9887 = ORIENTED_EDGE('',*,*,#8889,.F.);
#9888 = ORIENTED_EDGE('',*,*,#8727,.T.);
#9889 = ORIENTED_EDGE('',*,*,#9890,.T.);
#9890 = EDGE_CURVE('',#8702,#9891,#9893,.T.);
#9891 = VERTEX_POINT('',#9892);
#9892 = CARTESIAN_POINT('',(18.092820323028,29.737684051698,0.));
#9893 = SURFACE_CURVE('',#9894,(#9898,#9905),.PCURVE_S1.);
#9894 = LINE('',#9895,#9896);
#9895 = CARTESIAN_POINT('',(18.092820323028,29.737684051698,52.2));
#9896 = VECTOR('',#9897,1.);
#9897 = DIRECTION('',(0.,-0.,-1.));
#9898 = PCURVE('',#8740,#9899);
#9899 = DEFINITIONAL_REPRESENTATION('',(#9900),#9904);
#9900 = LINE('',#9901,#9902);
#9901 = CARTESIAN_POINT('',(-4.3,12.1));
#9902 = VECTOR('',#9903,1.);
#9903 = DIRECTION('',(1.,-0.));
#9904 = ( GEOMETRIC_REPRESENTATION_CONTEXT(2) 
PARAMETRIC_REPRESENTATION_CONTEXT() REPRESENTATION_CONTEXT('2D SPACE',''
  ) );
#9905 = PCURVE('',#8716,#9906);
#9906 = DEFINITIONAL_REPRESENTATION('',(#9907),#9911);
#9907 = LINE('',#9908,#9909);
#9908 = CARTESIAN_POINT('',(0.,-0.));
#9909 = VECTOR('',#9910,1.);
#9910 = DIRECTION('',(-1.,0.));
#9911 = ( GEOMETRIC_REPRESENTATION_CONTEXT(2) 
PARAMETRIC_REPRESENTATION_CONTEXT() REPRESENTATION_CONTEXT('2D SPACE',''
  ) );
#9912 = ORIENTED_EDGE('',*,*,#9913,.F.);
#9913 = EDGE_CURVE('',#9914,#9891,#9916,.T.);
#9914 = VERTEX_POINT('',#9915);
#9915 = CARTESIAN_POINT('',(17.788141320307,29.209964538986,0.));
#9916 = SURFACE_CURVE('',#9917,(#9921,#9928),.PCURVE_S1.);
#9917 = LINE('',#9918,#9919);
#9918 = CARTESIAN_POINT('',(17.042820323028,27.919030703751,0.));
#9919 = VECTOR('',#9920,1.);
#9920 = DIRECTION('',(0.5,0.866025403784,0.));
#9921 = PCURVE('',#8740,#9922);
#9922 = DEFINITIONAL_REPRESENTATION('',(#9923),#9927);
#9923 = LINE('',#9924,#9925);
#9924 = CARTESIAN_POINT('',(47.9,10.));
#9925 = VECTOR('',#9926,1.);
#9926 = DIRECTION('',(-0.,1.));
#9927 = ( GEOMETRIC_REPRESENTATION_CONTEXT(2) 
PARAMETRIC_REPRESENTATION_CONTEXT() REPRESENTATION_CONTEXT('2D SPACE',''
  ) );
#9928 = PCURVE('',#9929,#9934);
#9929 = PLANE('',#9930);
#9930 = AXIS2_PLACEMENT_3D('',#9931,#9932,#9933);
#9931 = CARTESIAN_POINT('',(-1.31801458558E-15,1.280753380104E-15,0.));
#9932 = DIRECTION('',(-0.,-0.,-1.));
#9933 = DIRECTION('',(-1.,0.,0.));
#9934 = DEFINITIONAL_REPRESENTATION('',(#9935),#9939);
#9935 = LINE('',#9936,#9937);
#9936 = CARTESIAN_POINT('',(-17.04282032302,27.919030703751));
#9937 = VECTOR('',#9938,1.);
#9938 = DIRECTION('',(-0.5,0.866025403784));
#9939 = ( GEOMETRIC_REPRESENTATION_CONTEXT(2) 
PARAMETRIC_REPRESENTATION_CONTEXT() REPRESENTATION_CONTEXT('2D SPACE',''
  ) );
#9940 = ORIENTED_EDGE('',*,*,#9941,.F.);
#9941 = EDGE_CURVE('',#8914,#9914,#9942,.T.);
#9942 = SURFACE_CURVE('',#9943,(#9947,#9953),.PCURVE_S1.);
#9943 = LINE('',#9944,#9945);
#9944 = CARTESIAN_POINT('',(17.788141320306,29.209964538986,0.));
#9945 = VECTOR('',#9946,1.);
#9946 = DIRECTION('',(-0.,-0.,-1.));
#9947 = PCURVE('',#8740,#9948);
#9948 = DEFINITIONAL_REPRESENTATION('',(#9949),#9952);
#9949 = B_SPLINE_CURVE_WITH_KNOTS('',1,(#9950,#9951),.UNSPECIFIED.,.F.,
  .F.,(2,2),(-2.4000006,6.E-07),.PIECEWISE_BEZIER_KNOTS.);
#9950 = CARTESIAN_POINT('',(45.4999994,11.490641994558));
#9951 = CARTESIAN_POINT('',(47.9000006,11.490641994558));
#9952 = ( GEOMETRIC_REPRESENTATION_CONTEXT(2) 
PARAMETRIC_REPRESENTATION_CONTEXT() REPRESENTATION_CONTEXT('2D SPACE',''
  ) );
#9953 = PCURVE('',#8951,#9954);
#9954 = DEFINITIONAL_REPRESENTATION('',(#9955),#9958);
#9955 = B_SPLINE_CURVE_WITH_KNOTS('',1,(#9956,#9957),.UNSPECIFIED.,.F.,
  .F.,(2,2),(-2.4000006,6.E-07),.PIECEWISE_BEZIER_KNOTS.);
#9956 = CARTESIAN_POINT('',(-1.023803604562,-2.4000006));
#9957 = CARTESIAN_POINT('',(-1.023803604562,6.E-07));
#9958 = ( GEOMETRIC_REPRESENTATION_CONTEXT(2) 
PARAMETRIC_REPRESENTATION_CONTEXT() REPRESENTATION_CONTEXT('2D SPACE',''
  ) );
#9959 = ORIENTED_EDGE('',*,*,#8913,.F.);
#9960 = ADVANCED_FACE('',(#9961),#8716,.T.);
#9961 = FACE_BOUND('',#9962,.F.);
#9962 = EDGE_LOOP('',(#9963,#9964,#9965,#9988));
#9963 = ORIENTED_EDGE('',*,*,#9890,.F.);
#9964 = ORIENTED_EDGE('',*,*,#8701,.T.);
#9965 = ORIENTED_EDGE('',*,*,#9966,.T.);
#9966 = EDGE_CURVE('',#8676,#9967,#9969,.T.);
#9967 = VERTEX_POINT('',#9968);
#9968 = CARTESIAN_POINT('',(16.707179676972,30.537684051698,0.));
#9969 = SURFACE_CURVE('',#9970,(#9974,#9981),.PCURVE_S1.);
#9970 = LINE('',#9971,#9972);
#9971 = CARTESIAN_POINT('',(16.707179676972,30.537684051698,52.2));
#9972 = VECTOR('',#9973,1.);
#9973 = DIRECTION('',(0.,-0.,-1.));
#9974 = PCURVE('',#8716,#9975);
#9975 = DEFINITIONAL_REPRESENTATION('',(#9976),#9980);
#9976 = LINE('',#9977,#9978);
#9977 = CARTESIAN_POINT('',(-0.,-1.6));
#9978 = VECTOR('',#9979,1.);
#9979 = DIRECTION('',(-1.,0.));
#9980 = ( GEOMETRIC_REPRESENTATION_CONTEXT(2) 
PARAMETRIC_REPRESENTATION_CONTEXT() REPRESENTATION_CONTEXT('2D SPACE',''
  ) );
#9981 = PCURVE('',#8690,#9982);
#9982 = DEFINITIONAL_REPRESENTATION('',(#9983),#9987);
#9983 = LINE('',#9984,#9985);
#9984 = CARTESIAN_POINT('',(0.,2.1));
#9985 = VECTOR('',#9986,1.);
#9986 = DIRECTION('',(-1.,0.));
#9987 = ( GEOMETRIC_REPRESENTATION_CONTEXT(2) 
PARAMETRIC_REPRESENTATION_CONTEXT() REPRESENTATION_CONTEXT('2D SPACE',''
  ) );
#9988 = ORIENTED_EDGE('',*,*,#9989,.F.);
#9989 = EDGE_CURVE('',#9891,#9967,#9990,.T.);
#9990 = SURFACE_CURVE('',#9991,(#9995,#10002),.PCURVE_S1.);
#9991 = LINE('',#9992,#9993);
#9992 = CARTESIAN_POINT('',(18.092820323028,29.737684051698,0.));
#9993 = VECTOR('',#9994,1.);
#9994 = DIRECTION('',(-0.866025403784,0.5,0.));
#9995 = PCURVE('',#8716,#9996);
#9996 = DEFINITIONAL_REPRESENTATION('',(#9997),#10001);
#9997 = LINE('',#9998,#9999);
#9998 = CARTESIAN_POINT('',(-52.2,0.));
#9999 = VECTOR('',#10000,1.);
#10000 = DIRECTION('',(-0.,-1.));
#10001 = ( GEOMETRIC_REPRESENTATION_CONTEXT(2) 
PARAMETRIC_REPRESENTATION_CONTEXT() REPRESENTATION_CONTEXT('2D SPACE',''
  ) );
#10002 = PCURVE('',#9929,#10003);
#10003 = DEFINITIONAL_REPRESENTATION('',(#10004),#10008);
#10004 = LINE('',#10005,#10006);
#10005 = CARTESIAN_POINT('',(-18.09282032302,29.737684051698));
#10006 = VECTOR('',#10007,1.);
#10007 = DIRECTION('',(0.866025403784,0.5));
#10008 = ( GEOMETRIC_REPRESENTATION_CONTEXT(2) 
PARAMETRIC_REPRESENTATION_CONTEXT() REPRESENTATION_CONTEXT('2D SPACE',''
  ) );
#10009 = ADVANCED_FACE('',(#10010),#8690,.T.);
#10010 = FACE_BOUND('',#10011,.F.);
#10011 = EDGE_LOOP('',(#10012,#10013,#10014,#10015,#10016,#10037));
#10012 = ORIENTED_EDGE('',*,*,#9966,.F.);
#10013 = ORIENTED_EDGE('',*,*,#8675,.T.);
#10014 = ORIENTED_EDGE('',*,*,#8987,.F.);
#10015 = ORIENTED_EDGE('',*,*,#8963,.F.);
#10016 = ORIENTED_EDGE('',*,*,#10017,.T.);
#10017 = EDGE_CURVE('',#8935,#10018,#10020,.T.);
#10018 = VERTEX_POINT('',#10019);
#10019 = CARTESIAN_POINT('',(16.402500674251,30.009964538986,0.));
#10020 = SURFACE_CURVE('',#10021,(#10025,#10031),.PCURVE_S1.);
#10021 = LINE('',#10022,#10023);
#10022 = CARTESIAN_POINT('',(16.402500674251,30.009964538986,0.));
#10023 = VECTOR('',#10024,1.);
#10024 = DIRECTION('',(-0.,-0.,-1.));
#10025 = PCURVE('',#8690,#10026);
#10026 = DEFINITIONAL_REPRESENTATION('',(#10027),#10030);
#10027 = B_SPLINE_CURVE_WITH_KNOTS('',1,(#10028,#10029),.UNSPECIFIED.,
  .F.,.F.,(2,2),(-2.4000006,6.E-07),.PIECEWISE_BEZIER_KNOTS.);
#10028 = CARTESIAN_POINT('',(-49.7999994,1.490641994558));
#10029 = CARTESIAN_POINT('',(-52.2000006,1.490641994558));
#10030 = ( GEOMETRIC_REPRESENTATION_CONTEXT(2) 
PARAMETRIC_REPRESENTATION_CONTEXT() REPRESENTATION_CONTEXT('2D SPACE',''
  ) );
#10031 = PCURVE('',#8951,#10032);
#10032 = DEFINITIONAL_REPRESENTATION('',(#10033),#10036);
#10033 = B_SPLINE_CURVE_WITH_KNOTS('',1,(#10034,#10035),.UNSPECIFIED.,
  .F.,.F.,(2,2),(-2.4000006,6.E-07),.PIECEWISE_BEZIER_KNOTS.);
#10034 = CARTESIAN_POINT('',(-1.070591497831,-2.4000006));
#10035 = CARTESIAN_POINT('',(-1.070591497831,6.E-07));
#10036 = ( GEOMETRIC_REPRESENTATION_CONTEXT(2) 
PARAMETRIC_REPRESENTATION_CONTEXT() REPRESENTATION_CONTEXT('2D SPACE',''
  ) );
#10037 = ORIENTED_EDGE('',*,*,#10038,.T.);
#10038 = EDGE_CURVE('',#10018,#9967,#10039,.T.);
#10039 = SURFACE_CURVE('',#10040,(#10044,#10051),.PCURVE_S1.);
#10040 = LINE('',#10041,#10042);
#10041 = CARTESIAN_POINT('',(15.657179676972,28.719030703751,0.));
#10042 = VECTOR('',#10043,1.);
#10043 = DIRECTION('',(0.5,0.866025403784,0.));
#10044 = PCURVE('',#8690,#10045);
#10045 = DEFINITIONAL_REPRESENTATION('',(#10046),#10050);
#10046 = LINE('',#10047,#10048);
#10047 = CARTESIAN_POINT('',(-52.2,0.));
#10048 = VECTOR('',#10049,1.);
#10049 = DIRECTION('',(0.,1.));
#10050 = ( GEOMETRIC_REPRESENTATION_CONTEXT(2) 
PARAMETRIC_REPRESENTATION_CONTEXT() REPRESENTATION_CONTEXT('2D SPACE',''
  ) );
#10051 = PCURVE('',#9929,#10052);
#10052 = DEFINITIONAL_REPRESENTATION('',(#10053),#10057);
#10053 = LINE('',#10054,#10055);
#10054 = CARTESIAN_POINT('',(-15.65717967697,28.719030703751));
#10055 = VECTOR('',#10056,1.);
#10056 = DIRECTION('',(-0.5,0.866025403784));
#10057 = ( GEOMETRIC_REPRESENTATION_CONTEXT(2) 
PARAMETRIC_REPRESENTATION_CONTEXT() REPRESENTATION_CONTEXT('2D SPACE',''
  ) );
#10058 = ADVANCED_FACE('',(#10059),#8640,.T.);
#10059 = FACE_BOUND('',#10060,.F.);
#10060 = EDGE_LOOP('',(#10061,#10062,#10063,#10086,#10114,#10133));
#10061 = ORIENTED_EDGE('',*,*,#9009,.F.);
#10062 = ORIENTED_EDGE('',*,*,#8625,.T.);
#10063 = ORIENTED_EDGE('',*,*,#10064,.T.);
#10064 = EDGE_CURVE('',#8600,#10065,#10067,.T.);
#10065 = VERTEX_POINT('',#10066);
#10066 = CARTESIAN_POINT('',(-16.70717967697,30.537684051698,0.));
#10067 = SURFACE_CURVE('',#10068,(#10072,#10079),.PCURVE_S1.);
#10068 = LINE('',#10069,#10070);
#10069 = CARTESIAN_POINT('',(-16.70717967697,30.537684051698,52.2));
#10070 = VECTOR('',#10071,1.);
#10071 = DIRECTION('',(0.,-0.,-1.));
#10072 = PCURVE('',#8640,#10073);
#10073 = DEFINITIONAL_REPRESENTATION('',(#10074),#10078);
#10074 = LINE('',#10075,#10076);
#10075 = CARTESIAN_POINT('',(-4.3,12.1));
#10076 = VECTOR('',#10077,1.);
#10077 = DIRECTION('',(1.,-0.));
#10078 = ( GEOMETRIC_REPRESENTATION_CONTEXT(2) 
PARAMETRIC_REPRESENTATION_CONTEXT() REPRESENTATION_CONTEXT('2D SPACE',''
  ) );
#10079 = PCURVE('',#8614,#10080);
#10080 = DEFINITIONAL_REPRESENTATION('',(#10081),#10085);
#10081 = LINE('',#10082,#10083);
#10082 = CARTESIAN_POINT('',(0.,-0.));
#10083 = VECTOR('',#10084,1.);
#10084 = DIRECTION('',(-1.,0.));
#10085 = ( GEOMETRIC_REPRESENTATION_CONTEXT(2) 
PARAMETRIC_REPRESENTATION_CONTEXT() REPRESENTATION_CONTEXT('2D SPACE',''
  ) );
#10086 = ORIENTED_EDGE('',*,*,#10087,.F.);
#10087 = EDGE_CURVE('',#10088,#10065,#10090,.T.);
#10088 = VERTEX_POINT('',#10089);
#10089 = CARTESIAN_POINT('',(-16.40250067425,30.009964538986,0.));
#10090 = SURFACE_CURVE('',#10091,(#10095,#10102),.PCURVE_S1.);
#10091 = LINE('',#10092,#10093);
#10092 = CARTESIAN_POINT('',(-15.65717967697,28.719030703751,0.));
#10093 = VECTOR('',#10094,1.);
#10094 = DIRECTION('',(-0.5,0.866025403784,0.));
#10095 = PCURVE('',#8640,#10096);
#10096 = DEFINITIONAL_REPRESENTATION('',(#10097),#10101);
#10097 = LINE('',#10098,#10099);
#10098 = CARTESIAN_POINT('',(47.9,10.));
#10099 = VECTOR('',#10100,1.);
#10100 = DIRECTION('',(-0.,1.));
#10101 = ( GEOMETRIC_REPRESENTATION_CONTEXT(2) 
PARAMETRIC_REPRESENTATION_CONTEXT() REPRESENTATION_CONTEXT('2D SPACE',''
  ) );
#10102 = PCURVE('',#10103,#10108);
#10103 = PLANE('',#10104);
#10104 = AXIS2_PLACEMENT_3D('',#10105,#10106,#10107);
#10105 = CARTESIAN_POINT('',(-1.31801458558E-15,1.280753380104E-15,0.));
#10106 = DIRECTION('',(-0.,-0.,-1.));
#10107 = DIRECTION('',(-1.,0.,0.));
#10108 = DEFINITIONAL_REPRESENTATION('',(#10109),#10113);
#10109 = LINE('',#10110,#10111);
#10110 = CARTESIAN_POINT('',(15.657179676972,28.719030703751));
#10111 = VECTOR('',#10112,1.);
#10112 = DIRECTION('',(0.5,0.866025403784));
#10113 = ( GEOMETRIC_REPRESENTATION_CONTEXT(2) 
PARAMETRIC_REPRESENTATION_CONTEXT() REPRESENTATION_CONTEXT('2D SPACE',''
  ) );
#10114 = ORIENTED_EDGE('',*,*,#10115,.F.);
#10115 = EDGE_CURVE('',#9034,#10088,#10116,.T.);
#10116 = SURFACE_CURVE('',#10117,(#10121,#10127),.PCURVE_S1.);
#10117 = LINE('',#10118,#10119);
#10118 = CARTESIAN_POINT('',(-16.40250067425,30.009964538986,0.));
#10119 = VECTOR('',#10120,1.);
#10120 = DIRECTION('',(-0.,-0.,-1.));
#10121 = PCURVE('',#8640,#10122);
#10122 = DEFINITIONAL_REPRESENTATION('',(#10123),#10126);
#10123 = B_SPLINE_CURVE_WITH_KNOTS('',1,(#10124,#10125),.UNSPECIFIED.,
  .F.,.F.,(2,2),(-2.4000006,6.E-07),.PIECEWISE_BEZIER_KNOTS.);
#10124 = CARTESIAN_POINT('',(45.4999994,11.490641994558));
#10125 = CARTESIAN_POINT('',(47.9000006,11.490641994558));
#10126 = ( GEOMETRIC_REPRESENTATION_CONTEXT(2) 
PARAMETRIC_REPRESENTATION_CONTEXT() REPRESENTATION_CONTEXT('2D SPACE',''
  ) );
#10127 = PCURVE('',#9071,#10128);
#10128 = DEFINITIONAL_REPRESENTATION('',(#10129),#10132);
#10129 = B_SPLINE_CURVE_WITH_KNOTS('',1,(#10130,#10131),.UNSPECIFIED.,
  .F.,.F.,(2,2),(-2.4000006,6.E-07),.PIECEWISE_BEZIER_KNOTS.);
#10130 = CARTESIAN_POINT('',(-2.071001155759,-2.4000006));
#10131 = CARTESIAN_POINT('',(-2.071001155759,6.E-07));
#10132 = ( GEOMETRIC_REPRESENTATION_CONTEXT(2) 
PARAMETRIC_REPRESENTATION_CONTEXT() REPRESENTATION_CONTEXT('2D SPACE',''
  ) );
#10133 = ORIENTED_EDGE('',*,*,#9033,.F.);
#10134 = ADVANCED_FACE('',(#10135),#8614,.T.);
#10135 = FACE_BOUND('',#10136,.F.);
#10136 = EDGE_LOOP('',(#10137,#10138,#10139,#10162));
#10137 = ORIENTED_EDGE('',*,*,#10064,.F.);
#10138 = ORIENTED_EDGE('',*,*,#8599,.T.);
#10139 = ORIENTED_EDGE('',*,*,#10140,.T.);
#10140 = EDGE_CURVE('',#8574,#10141,#10143,.T.);
#10141 = VERTEX_POINT('',#10142);
#10142 = CARTESIAN_POINT('',(-18.09282032302,29.737684051698,0.));
#10143 = SURFACE_CURVE('',#10144,(#10148,#10155),.PCURVE_S1.);
#10144 = LINE('',#10145,#10146);
#10145 = CARTESIAN_POINT('',(-18.09282032302,29.737684051698,52.2));
#10146 = VECTOR('',#10147,1.);
#10147 = DIRECTION('',(0.,-0.,-1.));
#10148 = PCURVE('',#8614,#10149);
#10149 = DEFINITIONAL_REPRESENTATION('',(#10150),#10154);
#10150 = LINE('',#10151,#10152);
#10151 = CARTESIAN_POINT('',(-0.,-1.6));
#10152 = VECTOR('',#10153,1.);
#10153 = DIRECTION('',(-1.,0.));
#10154 = ( GEOMETRIC_REPRESENTATION_CONTEXT(2) 
PARAMETRIC_REPRESENTATION_CONTEXT() REPRESENTATION_CONTEXT('2D SPACE',''
  ) );
#10155 = PCURVE('',#8588,#10156);
#10156 = DEFINITIONAL_REPRESENTATION('',(#10157),#10161);
#10157 = LINE('',#10158,#10159);
#10158 = CARTESIAN_POINT('',(-0.,2.1));
#10159 = VECTOR('',#10160,1.);
#10160 = DIRECTION('',(-1.,0.));
#10161 = ( GEOMETRIC_REPRESENTATION_CONTEXT(2) 
PARAMETRIC_REPRESENTATION_CONTEXT() REPRESENTATION_CONTEXT('2D SPACE',''
  ) );
#10162 = ORIENTED_EDGE('',*,*,#10163,.F.);
#10163 = EDGE_CURVE('',#10065,#10141,#10164,.T.);
#10164 = SURFACE_CURVE('',#10165,(#10169,#10176),.PCURVE_S1.);
#10165 = LINE('',#10166,#10167);
#10166 = CARTESIAN_POINT('',(-16.70717967697,30.537684051698,0.));
#10167 = VECTOR('',#10168,1.);
#10168 = DIRECTION('',(-0.866025403784,-0.5,0.));
#10169 = PCURVE('',#8614,#10170);
#10170 = DEFINITIONAL_REPRESENTATION('',(#10171),#10175);
#10171 = LINE('',#10172,#10173);
#10172 = CARTESIAN_POINT('',(-52.2,0.));
#10173 = VECTOR('',#10174,1.);
#10174 = DIRECTION('',(-0.,-1.));
#10175 = ( GEOMETRIC_REPRESENTATION_CONTEXT(2) 
PARAMETRIC_REPRESENTATION_CONTEXT() REPRESENTATION_CONTEXT('2D SPACE',''
  ) );
#10176 = PCURVE('',#10103,#10177);
#10177 = DEFINITIONAL_REPRESENTATION('',(#10178),#10182);
#10178 = LINE('',#10179,#10180);
#10179 = CARTESIAN_POINT('',(16.707179676972,30.537684051698));
#10180 = VECTOR('',#10181,1.);
#10181 = DIRECTION('',(0.866025403784,-0.5));
#10182 = ( GEOMETRIC_REPRESENTATION_CONTEXT(2) 
PARAMETRIC_REPRESENTATION_CONTEXT() REPRESENTATION_CONTEXT('2D SPACE',''
  ) );
#10183 = ADVANCED_FACE('',(#10184),#8588,.T.);
#10184 = FACE_BOUND('',#10185,.F.);
#10185 = EDGE_LOOP('',(#10186,#10187,#10188,#10189,#10190,#10211));
#10186 = ORIENTED_EDGE('',*,*,#10140,.F.);
#10187 = ORIENTED_EDGE('',*,*,#8573,.T.);
#10188 = ORIENTED_EDGE('',*,*,#9107,.F.);
#10189 = ORIENTED_EDGE('',*,*,#9083,.F.);
#10190 = ORIENTED_EDGE('',*,*,#10191,.T.);
#10191 = EDGE_CURVE('',#9055,#10192,#10194,.T.);
#10192 = VERTEX_POINT('',#10193);
#10193 = CARTESIAN_POINT('',(-17.7881413203,29.209964538986,0.));
#10194 = SURFACE_CURVE('',#10195,(#10199,#10205),.PCURVE_S1.);
#10195 = LINE('',#10196,#10197);
#10196 = CARTESIAN_POINT('',(-17.7881413203,29.209964538986,0.));
#10197 = VECTOR('',#10198,1.);
#10198 = DIRECTION('',(-0.,-0.,-1.));
#10199 = PCURVE('',#8588,#10200);
#10200 = DEFINITIONAL_REPRESENTATION('',(#10201),#10204);
#10201 = B_SPLINE_CURVE_WITH_KNOTS('',1,(#10202,#10203),.UNSPECIFIED.,
  .F.,.F.,(2,2),(-2.4000006,6.E-07),.PIECEWISE_BEZIER_KNOTS.);
#10202 = CARTESIAN_POINT('',(-49.7999994,1.490641994558));
#10203 = CARTESIAN_POINT('',(-52.2000006,1.490641994558));
#10204 = ( GEOMETRIC_REPRESENTATION_CONTEXT(2) 
PARAMETRIC_REPRESENTATION_CONTEXT() REPRESENTATION_CONTEXT('2D SPACE',''
  ) );
#10205 = PCURVE('',#9071,#10206);
#10206 = DEFINITIONAL_REPRESENTATION('',(#10207),#10210);
#10207 = B_SPLINE_CURVE_WITH_KNOTS('',1,(#10208,#10209),.UNSPECIFIED.,
  .F.,.F.,(2,2),(-2.4000006,6.E-07),.PIECEWISE_BEZIER_KNOTS.);
#10208 = CARTESIAN_POINT('',(-2.117789049027,-2.4000006));
#10209 = CARTESIAN_POINT('',(-2.117789049027,6.E-07));
#10210 = ( GEOMETRIC_REPRESENTATION_CONTEXT(2) 
PARAMETRIC_REPRESENTATION_CONTEXT() REPRESENTATION_CONTEXT('2D SPACE',''
  ) );
#10211 = ORIENTED_EDGE('',*,*,#10212,.T.);
#10212 = EDGE_CURVE('',#10192,#10141,#10213,.T.);
#10213 = SURFACE_CURVE('',#10214,(#10218,#10225),.PCURVE_S1.);
#10214 = LINE('',#10215,#10216);
#10215 = CARTESIAN_POINT('',(-17.04282032302,27.919030703751,0.));
#10216 = VECTOR('',#10217,1.);
#10217 = DIRECTION('',(-0.5,0.866025403784,0.));
#10218 = PCURVE('',#8588,#10219);
#10219 = DEFINITIONAL_REPRESENTATION('',(#10220),#10224);
#10220 = LINE('',#10221,#10222);
#10221 = CARTESIAN_POINT('',(-52.2,0.));
#10222 = VECTOR('',#10223,1.);
#10223 = DIRECTION('',(-0.,1.));
#10224 = ( GEOMETRIC_REPRESENTATION_CONTEXT(2) 
PARAMETRIC_REPRESENTATION_CONTEXT() REPRESENTATION_CONTEXT('2D SPACE',''
  ) );
#10225 = PCURVE('',#10103,#10226);
#10226 = DEFINITIONAL_REPRESENTATION('',(#10227),#10231);
#10227 = LINE('',#10228,#10229);
#10228 = CARTESIAN_POINT('',(17.042820323028,27.919030703751));
#10229 = VECTOR('',#10230,1.);
#10230 = DIRECTION('',(0.5,0.866025403784));
#10231 = ( GEOMETRIC_REPRESENTATION_CONTEXT(2) 
PARAMETRIC_REPRESENTATION_CONTEXT() REPRESENTATION_CONTEXT('2D SPACE',''
  ) );
#10232 = ADVANCED_FACE('',(#10233),#8538,.T.);
#10233 = FACE_BOUND('',#10234,.F.);
#10234 = EDGE_LOOP('',(#10235,#10236,#10237,#10260,#10288,#10307));
#10235 = ORIENTED_EDGE('',*,*,#9129,.F.);
#10236 = ORIENTED_EDGE('',*,*,#8523,.T.);
#10237 = ORIENTED_EDGE('',*,*,#10238,.T.);
#10238 = EDGE_CURVE('',#8498,#10239,#10241,.T.);
#10239 = VERTEX_POINT('',#10240);
#10240 = CARTESIAN_POINT('',(-34.8,0.8,0.));
#10241 = SURFACE_CURVE('',#10242,(#10246,#10253),.PCURVE_S1.);
#10242 = LINE('',#10243,#10244);
#10243 = CARTESIAN_POINT('',(-34.8,0.8,52.2));
#10244 = VECTOR('',#10245,1.);
#10245 = DIRECTION('',(0.,-0.,-1.));
#10246 = PCURVE('',#8538,#10247);
#10247 = DEFINITIONAL_REPRESENTATION('',(#10248),#10252);
#10248 = LINE('',#10249,#10250);
#10249 = CARTESIAN_POINT('',(-4.3,12.1));
#10250 = VECTOR('',#10251,1.);
#10251 = DIRECTION('',(1.,-0.));
#10252 = ( GEOMETRIC_REPRESENTATION_CONTEXT(2) 
PARAMETRIC_REPRESENTATION_CONTEXT() REPRESENTATION_CONTEXT('2D SPACE',''
  ) );
#10253 = PCURVE('',#8512,#10254);
#10254 = DEFINITIONAL_REPRESENTATION('',(#10255),#10259);
#10255 = LINE('',#10256,#10257);
#10256 = CARTESIAN_POINT('',(0.,-0.));
#10257 = VECTOR('',#10258,1.);
#10258 = DIRECTION('',(-1.,0.));
#10259 = ( GEOMETRIC_REPRESENTATION_CONTEXT(2) 
PARAMETRIC_REPRESENTATION_CONTEXT() REPRESENTATION_CONTEXT('2D SPACE',''
  ) );
#10260 = ORIENTED_EDGE('',*,*,#10261,.F.);
#10261 = EDGE_CURVE('',#10262,#10239,#10264,.T.);
#10262 = VERTEX_POINT('',#10263);
#10263 = CARTESIAN_POINT('',(-34.19064199455,0.799999999999,0.));
#10264 = SURFACE_CURVE('',#10265,(#10269,#10276),.PCURVE_S1.);
#10265 = LINE('',#10266,#10267);
#10266 = CARTESIAN_POINT('',(-32.7,0.8,0.));
#10267 = VECTOR('',#10268,1.);
#10268 = DIRECTION('',(-1.,1.224646799147E-16,0.));
#10269 = PCURVE('',#8538,#10270);
#10270 = DEFINITIONAL_REPRESENTATION('',(#10271),#10275);
#10271 = LINE('',#10272,#10273);
#10272 = CARTESIAN_POINT('',(47.9,10.));
#10273 = VECTOR('',#10274,1.);
#10274 = DIRECTION('',(-0.,1.));
#10275 = ( GEOMETRIC_REPRESENTATION_CONTEXT(2) 
PARAMETRIC_REPRESENTATION_CONTEXT() REPRESENTATION_CONTEXT('2D SPACE',''
  ) );
#10276 = PCURVE('',#10277,#10282);
#10277 = PLANE('',#10278);
#10278 = AXIS2_PLACEMENT_3D('',#10279,#10280,#10281);
#10279 = CARTESIAN_POINT('',(-1.31801458558E-15,1.280753380104E-15,0.));
#10280 = DIRECTION('',(-0.,-0.,-1.));
#10281 = DIRECTION('',(-1.,0.,0.));
#10282 = DEFINITIONAL_REPRESENTATION('',(#10283),#10287);
#10283 = LINE('',#10284,#10285);
#10284 = CARTESIAN_POINT('',(32.7,0.8));
#10285 = VECTOR('',#10286,1.);
#10286 = DIRECTION('',(1.,1.224646799147E-16));
#10287 = ( GEOMETRIC_REPRESENTATION_CONTEXT(2) 
PARAMETRIC_REPRESENTATION_CONTEXT() REPRESENTATION_CONTEXT('2D SPACE',''
  ) );
#10288 = ORIENTED_EDGE('',*,*,#10289,.F.);
#10289 = EDGE_CURVE('',#9154,#10262,#10290,.T.);
#10290 = SURFACE_CURVE('',#10291,(#10295,#10301),.PCURVE_S1.);
#10291 = LINE('',#10292,#10293);
#10292 = CARTESIAN_POINT('',(-34.19064199455,0.8,0.));
#10293 = VECTOR('',#10294,1.);
#10294 = DIRECTION('',(-0.,-0.,-1.));
#10295 = PCURVE('',#8538,#10296);
#10296 = DEFINITIONAL_REPRESENTATION('',(#10297),#10300);
#10297 = B_SPLINE_CURVE_WITH_KNOTS('',1,(#10298,#10299),.UNSPECIFIED.,
  .F.,.F.,(2,2),(-2.4000006,6.E-07),.PIECEWISE_BEZIER_KNOTS.);
#10298 = CARTESIAN_POINT('',(45.4999994,11.490641994558));
#10299 = CARTESIAN_POINT('',(47.9000006,11.490641994558));
#10300 = ( GEOMETRIC_REPRESENTATION_CONTEXT(2) 
PARAMETRIC_REPRESENTATION_CONTEXT() REPRESENTATION_CONTEXT('2D SPACE',''
  ) );
#10301 = PCURVE('',#9191,#10302);
#10302 = DEFINITIONAL_REPRESENTATION('',(#10303),#10306);
#10303 = B_SPLINE_CURVE_WITH_KNOTS('',1,(#10304,#10305),.UNSPECIFIED.,
  .F.,.F.,(2,2),(-2.4000006,6.E-07),.PIECEWISE_BEZIER_KNOTS.);
#10304 = CARTESIAN_POINT('',(-3.118198706956,-2.4000006));
#10305 = CARTESIAN_POINT('',(-3.118198706956,6.E-07));
#10306 = ( GEOMETRIC_REPRESENTATION_CONTEXT(2) 
PARAMETRIC_REPRESENTATION_CONTEXT() REPRESENTATION_CONTEXT('2D SPACE',''
  ) );
#10307 = ORIENTED_EDGE('',*,*,#9153,.F.);
#10308 = ADVANCED_FACE('',(#10309),#8512,.T.);
#10309 = FACE_BOUND('',#10310,.F.);
#10310 = EDGE_LOOP('',(#10311,#10312,#10313,#10336));
#10311 = ORIENTED_EDGE('',*,*,#10238,.F.);
#10312 = ORIENTED_EDGE('',*,*,#8497,.T.);
#10313 = ORIENTED_EDGE('',*,*,#10314,.T.);
#10314 = EDGE_CURVE('',#8472,#10315,#10317,.T.);
#10315 = VERTEX_POINT('',#10316);
#10316 = CARTESIAN_POINT('',(-34.8,-0.8,0.));
#10317 = SURFACE_CURVE('',#10318,(#10322,#10329),.PCURVE_S1.);
#10318 = LINE('',#10319,#10320);
#10319 = CARTESIAN_POINT('',(-34.8,-0.8,52.2));
#10320 = VECTOR('',#10321,1.);
#10321 = DIRECTION('',(0.,-0.,-1.));
#10322 = PCURVE('',#8512,#10323);
#10323 = DEFINITIONAL_REPRESENTATION('',(#10324),#10328);
#10324 = LINE('',#10325,#10326);
#10325 = CARTESIAN_POINT('',(-0.,-1.6));
#10326 = VECTOR('',#10327,1.);
#10327 = DIRECTION('',(-1.,0.));
#10328 = ( GEOMETRIC_REPRESENTATION_CONTEXT(2) 
PARAMETRIC_REPRESENTATION_CONTEXT() REPRESENTATION_CONTEXT('2D SPACE',''
  ) );
#10329 = PCURVE('',#8486,#10330);
#10330 = DEFINITIONAL_REPRESENTATION('',(#10331),#10335);
#10331 = LINE('',#10332,#10333);
#10332 = CARTESIAN_POINT('',(-0.,2.1));
#10333 = VECTOR('',#10334,1.);
#10334 = DIRECTION('',(-1.,0.));
#10335 = ( GEOMETRIC_REPRESENTATION_CONTEXT(2) 
PARAMETRIC_REPRESENTATION_CONTEXT() REPRESENTATION_CONTEXT('2D SPACE',''
  ) );
#10336 = ORIENTED_EDGE('',*,*,#10337,.F.);
#10337 = EDGE_CURVE('',#10239,#10315,#10338,.T.);
#10338 = SURFACE_CURVE('',#10339,(#10343,#10350),.PCURVE_S1.);
#10339 = LINE('',#10340,#10341);
#10340 = CARTESIAN_POINT('',(-34.8,0.8,0.));
#10341 = VECTOR('',#10342,1.);
#10342 = DIRECTION('',(-1.224646799147E-16,-1.,0.));
#10343 = PCURVE('',#8512,#10344);
#10344 = DEFINITIONAL_REPRESENTATION('',(#10345),#10349);
#10345 = LINE('',#10346,#10347);
#10346 = CARTESIAN_POINT('',(-52.2,0.));
#10347 = VECTOR('',#10348,1.);
#10348 = DIRECTION('',(-0.,-1.));
#10349 = ( GEOMETRIC_REPRESENTATION_CONTEXT(2) 
PARAMETRIC_REPRESENTATION_CONTEXT() REPRESENTATION_CONTEXT('2D SPACE',''
  ) );
#10350 = PCURVE('',#10277,#10351);
#10351 = DEFINITIONAL_REPRESENTATION('',(#10352),#10356);
#10352 = LINE('',#10353,#10354);
#10353 = CARTESIAN_POINT('',(34.8,0.8));
#10354 = VECTOR('',#10355,1.);
#10355 = DIRECTION('',(1.224646799147E-16,-1.));
#10356 = ( GEOMETRIC_REPRESENTATION_CONTEXT(2) 
PARAMETRIC_REPRESENTATION_CONTEXT() REPRESENTATION_CONTEXT('2D SPACE',''
  ) );
#10357 = ADVANCED_FACE('',(#10358),#8486,.T.);
#10358 = FACE_BOUND('',#10359,.F.);
#10359 = EDGE_LOOP('',(#10360,#10361,#10362,#10363,#10364,#10385));
#10360 = ORIENTED_EDGE('',*,*,#10314,.F.);
#10361 = ORIENTED_EDGE('',*,*,#8471,.T.);
#10362 = ORIENTED_EDGE('',*,*,#9226,.F.);
#10363 = ORIENTED_EDGE('',*,*,#9203,.F.);
#10364 = ORIENTED_EDGE('',*,*,#10365,.T.);
#10365 = EDGE_CURVE('',#9175,#10366,#10368,.T.);
#10366 = VERTEX_POINT('',#10367);
#10367 = CARTESIAN_POINT('',(-34.19064199455,-0.799999999999,0.));
#10368 = SURFACE_CURVE('',#10369,(#10373,#10379),.PCURVE_S1.);
#10369 = LINE('',#10370,#10371);
#10370 = CARTESIAN_POINT('',(-34.19064199455,-0.8,0.));
#10371 = VECTOR('',#10372,1.);
#10372 = DIRECTION('',(-0.,-0.,-1.));
#10373 = PCURVE('',#8486,#10374);
#10374 = DEFINITIONAL_REPRESENTATION('',(#10375),#10378);
#10375 = B_SPLINE_CURVE_WITH_KNOTS('',1,(#10376,#10377),.UNSPECIFIED.,
  .F.,.F.,(2,2),(-2.4000006,6.E-07),.PIECEWISE_BEZIER_KNOTS.);
#10376 = CARTESIAN_POINT('',(-49.7999994,1.490641994558));
#10377 = CARTESIAN_POINT('',(-52.2000006,1.490641994558));
#10378 = ( GEOMETRIC_REPRESENTATION_CONTEXT(2) 
PARAMETRIC_REPRESENTATION_CONTEXT() REPRESENTATION_CONTEXT('2D SPACE',''
  ) );
#10379 = PCURVE('',#9191,#10380);
#10380 = DEFINITIONAL_REPRESENTATION('',(#10381),#10384);
#10381 = B_SPLINE_CURVE_WITH_KNOTS('',1,(#10382,#10383),.UNSPECIFIED.,
  .F.,.F.,(2,2),(-2.4000006,6.E-07),.PIECEWISE_BEZIER_KNOTS.);
#10382 = CARTESIAN_POINT('',(-3.164986600224,-2.4000006));
#10383 = CARTESIAN_POINT('',(-3.164986600224,6.E-07));
#10384 = ( GEOMETRIC_REPRESENTATION_CONTEXT(2) 
PARAMETRIC_REPRESENTATION_CONTEXT() REPRESENTATION_CONTEXT('2D SPACE',''
  ) );
#10385 = ORIENTED_EDGE('',*,*,#10386,.T.);
#10386 = EDGE_CURVE('',#10366,#10315,#10387,.T.);
#10387 = SURFACE_CURVE('',#10388,(#10392,#10399),.PCURVE_S1.);
#10388 = LINE('',#10389,#10390);
#10389 = CARTESIAN_POINT('',(-32.7,-0.8,0.));
#10390 = VECTOR('',#10391,1.);
#10391 = DIRECTION('',(-1.,1.224646799147E-16,0.));
#10392 = PCURVE('',#8486,#10393);
#10393 = DEFINITIONAL_REPRESENTATION('',(#10394),#10398);
#10394 = LINE('',#10395,#10396);
#10395 = CARTESIAN_POINT('',(-52.2,0.));
#10396 = VECTOR('',#10397,1.);
#10397 = DIRECTION('',(-0.,1.));
#10398 = ( GEOMETRIC_REPRESENTATION_CONTEXT(2) 
PARAMETRIC_REPRESENTATION_CONTEXT() REPRESENTATION_CONTEXT('2D SPACE',''
  ) );
#10399 = PCURVE('',#10277,#10400);
#10400 = DEFINITIONAL_REPRESENTATION('',(#10401),#10405);
#10401 = LINE('',#10402,#10403);
#10402 = CARTESIAN_POINT('',(32.7,-0.8));
#10403 = VECTOR('',#10404,1.);
#10404 = DIRECTION('',(1.,1.224646799147E-16));
#10405 = ( GEOMETRIC_REPRESENTATION_CONTEXT(2) 
PARAMETRIC_REPRESENTATION_CONTEXT() REPRESENTATION_CONTEXT('2D SPACE',''
  ) );
#10406 = ADVANCED_FACE('',(#10407),#8436,.T.);
#10407 = FACE_BOUND('',#10408,.F.);
#10408 = EDGE_LOOP('',(#10409,#10410,#10411,#10434,#10462,#10481));
#10409 = ORIENTED_EDGE('',*,*,#9248,.F.);
#10410 = ORIENTED_EDGE('',*,*,#8421,.T.);
#10411 = ORIENTED_EDGE('',*,*,#10412,.T.);
#10412 = EDGE_CURVE('',#8396,#10413,#10415,.T.);
#10413 = VERTEX_POINT('',#10414);
#10414 = CARTESIAN_POINT('',(-18.09282032302,-29.73768405169,0.));
#10415 = SURFACE_CURVE('',#10416,(#10420,#10427),.PCURVE_S1.);
#10416 = LINE('',#10417,#10418);
#10417 = CARTESIAN_POINT('',(-18.09282032302,-29.73768405169,52.2));
#10418 = VECTOR('',#10419,1.);
#10419 = DIRECTION('',(0.,-0.,-1.));
#10420 = PCURVE('',#8436,#10421);
#10421 = DEFINITIONAL_REPRESENTATION('',(#10422),#10426);
#10422 = LINE('',#10423,#10424);
#10423 = CARTESIAN_POINT('',(-4.3,12.1));
#10424 = VECTOR('',#10425,1.);
#10425 = DIRECTION('',(1.,-0.));
#10426 = ( GEOMETRIC_REPRESENTATION_CONTEXT(2) 
PARAMETRIC_REPRESENTATION_CONTEXT() REPRESENTATION_CONTEXT('2D SPACE',''
  ) );
#10427 = PCURVE('',#8410,#10428);
#10428 = DEFINITIONAL_REPRESENTATION('',(#10429),#10433);
#10429 = LINE('',#10430,#10431);
#10430 = CARTESIAN_POINT('',(0.,-0.));
#10431 = VECTOR('',#10432,1.);
#10432 = DIRECTION('',(-1.,0.));
#10433 = ( GEOMETRIC_REPRESENTATION_CONTEXT(2) 
PARAMETRIC_REPRESENTATION_CONTEXT() REPRESENTATION_CONTEXT('2D SPACE',''
  ) );
#10434 = ORIENTED_EDGE('',*,*,#10435,.F.);
#10435 = EDGE_CURVE('',#10436,#10413,#10438,.T.);
#10436 = VERTEX_POINT('',#10437);
#10437 = CARTESIAN_POINT('',(-17.7881413203,-29.20996453898,0.));
#10438 = SURFACE_CURVE('',#10439,(#10443,#10450),.PCURVE_S1.);
#10439 = LINE('',#10440,#10441);
#10440 = CARTESIAN_POINT('',(-17.04282032302,-27.91903070375,0.));
#10441 = VECTOR('',#10442,1.);
#10442 = DIRECTION('',(-0.5,-0.866025403784,0.));
#10443 = PCURVE('',#8436,#10444);
#10444 = DEFINITIONAL_REPRESENTATION('',(#10445),#10449);
#10445 = LINE('',#10446,#10447);
#10446 = CARTESIAN_POINT('',(47.9,10.));
#10447 = VECTOR('',#10448,1.);
#10448 = DIRECTION('',(-0.,1.));
#10449 = ( GEOMETRIC_REPRESENTATION_CONTEXT(2) 
PARAMETRIC_REPRESENTATION_CONTEXT() REPRESENTATION_CONTEXT('2D SPACE',''
  ) );
#10450 = PCURVE('',#10451,#10456);
#10451 = PLANE('',#10452);
#10452 = AXIS2_PLACEMENT_3D('',#10453,#10454,#10455);
#10453 = CARTESIAN_POINT('',(-1.31801458558E-15,1.280753380104E-15,0.));
#10454 = DIRECTION('',(-0.,-0.,-1.));
#10455 = DIRECTION('',(-1.,0.,0.));
#10456 = DEFINITIONAL_REPRESENTATION('',(#10457),#10461);
#10457 = LINE('',#10458,#10459);
#10458 = CARTESIAN_POINT('',(17.042820323028,-27.91903070375));
#10459 = VECTOR('',#10460,1.);
#10460 = DIRECTION('',(0.5,-0.866025403784));
#10461 = ( GEOMETRIC_REPRESENTATION_CONTEXT(2) 
PARAMETRIC_REPRESENTATION_CONTEXT() REPRESENTATION_CONTEXT('2D SPACE',''
  ) );
#10462 = ORIENTED_EDGE('',*,*,#10463,.F.);
#10463 = EDGE_CURVE('',#9274,#10436,#10464,.T.);
#10464 = SURFACE_CURVE('',#10465,(#10469,#10475),.PCURVE_S1.);
#10465 = LINE('',#10466,#10467);
#10466 = CARTESIAN_POINT('',(-17.7881413203,-29.20996453898,0.));
#10467 = VECTOR('',#10468,1.);
#10468 = DIRECTION('',(-0.,-0.,-1.));
#10469 = PCURVE('',#8436,#10470);
#10470 = DEFINITIONAL_REPRESENTATION('',(#10471),#10474);
#10471 = B_SPLINE_CURVE_WITH_KNOTS('',1,(#10472,#10473),.UNSPECIFIED.,
  .F.,.F.,(2,2),(-2.4000006,6.E-07),.PIECEWISE_BEZIER_KNOTS.);
#10472 = CARTESIAN_POINT('',(45.4999994,11.490641994558));
#10473 = CARTESIAN_POINT('',(47.9000006,11.490641994558));
#10474 = ( GEOMETRIC_REPRESENTATION_CONTEXT(2) 
PARAMETRIC_REPRESENTATION_CONTEXT() REPRESENTATION_CONTEXT('2D SPACE',''
  ) );
#10475 = PCURVE('',#9292,#10476);
#10476 = DEFINITIONAL_REPRESENTATION('',(#10477),#10480);
#10477 = B_SPLINE_CURVE_WITH_KNOTS('',1,(#10478,#10479),.UNSPECIFIED.,
  .F.,.F.,(2,2),(-2.4000006,6.E-07),.PIECEWISE_BEZIER_KNOTS.);
#10478 = CARTESIAN_POINT('',(-4.165396258152,-2.4000006));
#10479 = CARTESIAN_POINT('',(-4.165396258152,6.E-07));
#10480 = ( GEOMETRIC_REPRESENTATION_CONTEXT(2) 
PARAMETRIC_REPRESENTATION_CONTEXT() REPRESENTATION_CONTEXT('2D SPACE',''
  ) );
#10481 = ORIENTED_EDGE('',*,*,#9324,.F.);
#10482 = ADVANCED_FACE('',(#10483),#8410,.T.);
#10483 = FACE_BOUND('',#10484,.F.);
#10484 = EDGE_LOOP('',(#10485,#10486,#10487,#10510));
#10485 = ORIENTED_EDGE('',*,*,#10412,.F.);
#10486 = ORIENTED_EDGE('',*,*,#8395,.T.);
#10487 = ORIENTED_EDGE('',*,*,#10488,.T.);
#10488 = EDGE_CURVE('',#8370,#10489,#10491,.T.);
#10489 = VERTEX_POINT('',#10490);
#10490 = CARTESIAN_POINT('',(-16.70717967697,-30.53768405169,0.));
#10491 = SURFACE_CURVE('',#10492,(#10496,#10503),.PCURVE_S1.);
#10492 = LINE('',#10493,#10494);
#10493 = CARTESIAN_POINT('',(-16.70717967697,-30.53768405169,52.2));
#10494 = VECTOR('',#10495,1.);
#10495 = DIRECTION('',(0.,-0.,-1.));
#10496 = PCURVE('',#8410,#10497);
#10497 = DEFINITIONAL_REPRESENTATION('',(#10498),#10502);
#10498 = LINE('',#10499,#10500);
#10499 = CARTESIAN_POINT('',(-0.,-1.6));
#10500 = VECTOR('',#10501,1.);
#10501 = DIRECTION('',(-1.,0.));
#10502 = ( GEOMETRIC_REPRESENTATION_CONTEXT(2) 
PARAMETRIC_REPRESENTATION_CONTEXT() REPRESENTATION_CONTEXT('2D SPACE',''
  ) );
#10503 = PCURVE('',#8384,#10504);
#10504 = DEFINITIONAL_REPRESENTATION('',(#10505),#10509);
#10505 = LINE('',#10506,#10507);
#10506 = CARTESIAN_POINT('',(-0.,2.1));
#10507 = VECTOR('',#10508,1.);
#10508 = DIRECTION('',(-1.,0.));
#10509 = ( GEOMETRIC_REPRESENTATION_CONTEXT(2) 
PARAMETRIC_REPRESENTATION_CONTEXT() REPRESENTATION_CONTEXT('2D SPACE',''
  ) );
#10510 = ORIENTED_EDGE('',*,*,#10511,.F.);
#10511 = EDGE_CURVE('',#10413,#10489,#10512,.T.);
#10512 = SURFACE_CURVE('',#10513,(#10517,#10524),.PCURVE_S1.);
#10513 = LINE('',#10514,#10515);
#10514 = CARTESIAN_POINT('',(-18.09282032302,-29.73768405169,0.));
#10515 = VECTOR('',#10516,1.);
#10516 = DIRECTION('',(0.866025403784,-0.5,-0.));
#10517 = PCURVE('',#8410,#10518);
#10518 = DEFINITIONAL_REPRESENTATION('',(#10519),#10523);
#10519 = LINE('',#10520,#10521);
#10520 = CARTESIAN_POINT('',(-52.2,0.));
#10521 = VECTOR('',#10522,1.);
#10522 = DIRECTION('',(-0.,-1.));
#10523 = ( GEOMETRIC_REPRESENTATION_CONTEXT(2) 
PARAMETRIC_REPRESENTATION_CONTEXT() REPRESENTATION_CONTEXT('2D SPACE',''
  ) );
#10524 = PCURVE('',#10451,#10525);
#10525 = DEFINITIONAL_REPRESENTATION('',(#10526),#10530);
#10526 = LINE('',#10527,#10528);
#10527 = CARTESIAN_POINT('',(18.092820323028,-29.73768405169));
#10528 = VECTOR('',#10529,1.);
#10529 = DIRECTION('',(-0.866025403784,-0.5));
#10530 = ( GEOMETRIC_REPRESENTATION_CONTEXT(2) 
PARAMETRIC_REPRESENTATION_CONTEXT() REPRESENTATION_CONTEXT('2D SPACE',''
  ) );
#10531 = ADVANCED_FACE('',(#10532),#8384,.T.);
#10532 = FACE_BOUND('',#10533,.F.);
#10533 = EDGE_LOOP('',(#10534,#10535,#10536,#10537,#10538,#10559));
#10534 = ORIENTED_EDGE('',*,*,#10488,.F.);
#10535 = ORIENTED_EDGE('',*,*,#8369,.T.);
#10536 = ORIENTED_EDGE('',*,*,#9346,.F.);
#10537 = ORIENTED_EDGE('',*,*,#9304,.F.);
#10538 = ORIENTED_EDGE('',*,*,#10539,.T.);
#10539 = EDGE_CURVE('',#9276,#10540,#10542,.T.);
#10540 = VERTEX_POINT('',#10541);
#10541 = CARTESIAN_POINT('',(-16.40250067425,-30.00996453898,0.));
#10542 = SURFACE_CURVE('',#10543,(#10547,#10553),.PCURVE_S1.);
#10543 = LINE('',#10544,#10545);
#10544 = CARTESIAN_POINT('',(-16.40250067425,-30.00996453898,0.));
#10545 = VECTOR('',#10546,1.);
#10546 = DIRECTION('',(-0.,-0.,-1.));
#10547 = PCURVE('',#8384,#10548);
#10548 = DEFINITIONAL_REPRESENTATION('',(#10549),#10552);
#10549 = B_SPLINE_CURVE_WITH_KNOTS('',1,(#10550,#10551),.UNSPECIFIED.,
  .F.,.F.,(2,2),(-2.4000006,6.E-07),.PIECEWISE_BEZIER_KNOTS.);
#10550 = CARTESIAN_POINT('',(-49.7999994,1.490641994558));
#10551 = CARTESIAN_POINT('',(-52.2000006,1.490641994558));
#10552 = ( GEOMETRIC_REPRESENTATION_CONTEXT(2) 
PARAMETRIC_REPRESENTATION_CONTEXT() REPRESENTATION_CONTEXT('2D SPACE',''
  ) );
#10553 = PCURVE('',#9292,#10554);
#10554 = DEFINITIONAL_REPRESENTATION('',(#10555),#10558);
#10555 = B_SPLINE_CURVE_WITH_KNOTS('',1,(#10556,#10557),.UNSPECIFIED.,
  .F.,.F.,(2,2),(-2.4000006,6.E-07),.PIECEWISE_BEZIER_KNOTS.);
#10556 = CARTESIAN_POINT('',(-4.212184151421,-2.4000006));
#10557 = CARTESIAN_POINT('',(-4.212184151421,6.E-07));
#10558 = ( GEOMETRIC_REPRESENTATION_CONTEXT(2) 
PARAMETRIC_REPRESENTATION_CONTEXT() REPRESENTATION_CONTEXT('2D SPACE',''
  ) );
#10559 = ORIENTED_EDGE('',*,*,#10560,.T.);
#10560 = EDGE_CURVE('',#10540,#10489,#10561,.T.);
#10561 = SURFACE_CURVE('',#10562,(#10566,#10573),.PCURVE_S1.);
#10562 = LINE('',#10563,#10564);
#10563 = CARTESIAN_POINT('',(-15.65717967697,-28.71903070375,0.));
#10564 = VECTOR('',#10565,1.);
#10565 = DIRECTION('',(-0.5,-0.866025403784,0.));
#10566 = PCURVE('',#8384,#10567);
#10567 = DEFINITIONAL_REPRESENTATION('',(#10568),#10572);
#10568 = LINE('',#10569,#10570);
#10569 = CARTESIAN_POINT('',(-52.2,0.));
#10570 = VECTOR('',#10571,1.);
#10571 = DIRECTION('',(-0.,1.));
#10572 = ( GEOMETRIC_REPRESENTATION_CONTEXT(2) 
PARAMETRIC_REPRESENTATION_CONTEXT() REPRESENTATION_CONTEXT('2D SPACE',''
  ) );
#10573 = PCURVE('',#10451,#10574);
#10574 = DEFINITIONAL_REPRESENTATION('',(#10575),#10579);
#10575 = LINE('',#10576,#10577);
#10576 = CARTESIAN_POINT('',(15.657179676972,-28.71903070375));
#10577 = VECTOR('',#10578,1.);
#10578 = DIRECTION('',(0.5,-0.866025403784));
#10579 = ( GEOMETRIC_REPRESENTATION_CONTEXT(2) 
PARAMETRIC_REPRESENTATION_CONTEXT() REPRESENTATION_CONTEXT('2D SPACE',''
  ) );
#10580 = ADVANCED_FACE('',(#10581),#8334,.T.);
#10581 = FACE_BOUND('',#10582,.F.);
#10582 = EDGE_LOOP('',(#10583,#10584,#10585,#10608,#10636,#10655));
#10583 = ORIENTED_EDGE('',*,*,#9368,.F.);
#10584 = ORIENTED_EDGE('',*,*,#8319,.T.);
#10585 = ORIENTED_EDGE('',*,*,#10586,.T.);
#10586 = EDGE_CURVE('',#8294,#10587,#10589,.T.);
#10587 = VERTEX_POINT('',#10588);
#10588 = CARTESIAN_POINT('',(16.707179676972,-30.53768405169,0.));
#10589 = SURFACE_CURVE('',#10590,(#10594,#10601),.PCURVE_S1.);
#10590 = LINE('',#10591,#10592);
#10591 = CARTESIAN_POINT('',(16.707179676972,-30.53768405169,52.2));
#10592 = VECTOR('',#10593,1.);
#10593 = DIRECTION('',(0.,-0.,-1.));
#10594 = PCURVE('',#8334,#10595);
#10595 = DEFINITIONAL_REPRESENTATION('',(#10596),#10600);
#10596 = LINE('',#10597,#10598);
#10597 = CARTESIAN_POINT('',(-4.3,12.1));
#10598 = VECTOR('',#10599,1.);
#10599 = DIRECTION('',(1.,-0.));
#10600 = ( GEOMETRIC_REPRESENTATION_CONTEXT(2) 
PARAMETRIC_REPRESENTATION_CONTEXT() REPRESENTATION_CONTEXT('2D SPACE',''
  ) );
#10601 = PCURVE('',#8308,#10602);
#10602 = DEFINITIONAL_REPRESENTATION('',(#10603),#10607);
#10603 = LINE('',#10604,#10605);
#10604 = CARTESIAN_POINT('',(-0.,-0.));
#10605 = VECTOR('',#10606,1.);
#10606 = DIRECTION('',(-1.,0.));
#10607 = ( GEOMETRIC_REPRESENTATION_CONTEXT(2) 
PARAMETRIC_REPRESENTATION_CONTEXT() REPRESENTATION_CONTEXT('2D SPACE',''
  ) );
#10608 = ORIENTED_EDGE('',*,*,#10609,.F.);
#10609 = EDGE_CURVE('',#10610,#10587,#10612,.T.);
#10610 = VERTEX_POINT('',#10611);
#10611 = CARTESIAN_POINT('',(16.40250067425,-30.00996453898,0.));
#10612 = SURFACE_CURVE('',#10613,(#10617,#10624),.PCURVE_S1.);
#10613 = LINE('',#10614,#10615);
#10614 = CARTESIAN_POINT('',(15.657179676972,-28.71903070375,0.));
#10615 = VECTOR('',#10616,1.);
#10616 = DIRECTION('',(0.5,-0.866025403784,-0.));
#10617 = PCURVE('',#8334,#10618);
#10618 = DEFINITIONAL_REPRESENTATION('',(#10619),#10623);
#10619 = LINE('',#10620,#10621);
#10620 = CARTESIAN_POINT('',(47.9,10.));
#10621 = VECTOR('',#10622,1.);
#10622 = DIRECTION('',(-0.,1.));
#10623 = ( GEOMETRIC_REPRESENTATION_CONTEXT(2) 
PARAMETRIC_REPRESENTATION_CONTEXT() REPRESENTATION_CONTEXT('2D SPACE',''
  ) );
#10624 = PCURVE('',#10625,#10630);
#10625 = PLANE('',#10626);
#10626 = AXIS2_PLACEMENT_3D('',#10627,#10628,#10629);
#10627 = CARTESIAN_POINT('',(-1.31801458558E-15,1.280753380104E-15,0.));
#10628 = DIRECTION('',(-0.,-0.,-1.));
#10629 = DIRECTION('',(-1.,0.,0.));
#10630 = DEFINITIONAL_REPRESENTATION('',(#10631),#10635);
#10631 = LINE('',#10632,#10633);
#10632 = CARTESIAN_POINT('',(-15.65717967697,-28.71903070375));
#10633 = VECTOR('',#10634,1.);
#10634 = DIRECTION('',(-0.5,-0.866025403784));
#10635 = ( GEOMETRIC_REPRESENTATION_CONTEXT(2) 
PARAMETRIC_REPRESENTATION_CONTEXT() REPRESENTATION_CONTEXT('2D SPACE',''
  ) );
#10636 = ORIENTED_EDGE('',*,*,#10637,.F.);
#10637 = EDGE_CURVE('',#9394,#10610,#10638,.T.);
#10638 = SURFACE_CURVE('',#10639,(#10643,#10649),.PCURVE_S1.);
#10639 = LINE('',#10640,#10641);
#10640 = CARTESIAN_POINT('',(16.402500674251,-30.00996453898,0.));
#10641 = VECTOR('',#10642,1.);
#10642 = DIRECTION('',(-0.,-0.,-1.));
#10643 = PCURVE('',#8334,#10644);
#10644 = DEFINITIONAL_REPRESENTATION('',(#10645),#10648);
#10645 = B_SPLINE_CURVE_WITH_KNOTS('',1,(#10646,#10647),.UNSPECIFIED.,
  .F.,.F.,(2,2),(-2.4000006,6.E-07),.PIECEWISE_BEZIER_KNOTS.);
#10646 = CARTESIAN_POINT('',(45.4999994,11.490641994558));
#10647 = CARTESIAN_POINT('',(47.9000006,11.490641994558));
#10648 = ( GEOMETRIC_REPRESENTATION_CONTEXT(2) 
PARAMETRIC_REPRESENTATION_CONTEXT() REPRESENTATION_CONTEXT('2D SPACE',''
  ) );
#10649 = PCURVE('',#9412,#10650);
#10650 = DEFINITIONAL_REPRESENTATION('',(#10651),#10654);
#10651 = B_SPLINE_CURVE_WITH_KNOTS('',1,(#10652,#10653),.UNSPECIFIED.,
  .F.,.F.,(2,2),(-2.4000006,6.E-07),.PIECEWISE_BEZIER_KNOTS.);
#10652 = CARTESIAN_POINT('',(-5.212593809349,-2.4000006));
#10653 = CARTESIAN_POINT('',(-5.212593809349,6.E-07));
#10654 = ( GEOMETRIC_REPRESENTATION_CONTEXT(2) 
PARAMETRIC_REPRESENTATION_CONTEXT() REPRESENTATION_CONTEXT('2D SPACE',''
  ) );
#10655 = ORIENTED_EDGE('',*,*,#9444,.F.);
#10656 = ADVANCED_FACE('',(#10657),#8308,.T.);
#10657 = FACE_BOUND('',#10658,.F.);
#10658 = EDGE_LOOP('',(#10659,#10660,#10661,#10684));
#10659 = ORIENTED_EDGE('',*,*,#10586,.F.);
#10660 = ORIENTED_EDGE('',*,*,#8293,.T.);
#10661 = ORIENTED_EDGE('',*,*,#10662,.T.);
#10662 = EDGE_CURVE('',#8268,#10663,#10665,.T.);
#10663 = VERTEX_POINT('',#10664);
#10664 = CARTESIAN_POINT('',(18.092820323028,-29.73768405169,0.));
#10665 = SURFACE_CURVE('',#10666,(#10670,#10677),.PCURVE_S1.);
#10666 = LINE('',#10667,#10668);
#10667 = CARTESIAN_POINT('',(18.092820323028,-29.73768405169,52.2));
#10668 = VECTOR('',#10669,1.);
#10669 = DIRECTION('',(0.,-0.,-1.));
#10670 = PCURVE('',#8308,#10671);
#10671 = DEFINITIONAL_REPRESENTATION('',(#10672),#10676);
#10672 = LINE('',#10673,#10674);
#10673 = CARTESIAN_POINT('',(-0.,-1.6));
#10674 = VECTOR('',#10675,1.);
#10675 = DIRECTION('',(-1.,0.));
#10676 = ( GEOMETRIC_REPRESENTATION_CONTEXT(2) 
PARAMETRIC_REPRESENTATION_CONTEXT() REPRESENTATION_CONTEXT('2D SPACE',''
  ) );
#10677 = PCURVE('',#8282,#10678);
#10678 = DEFINITIONAL_REPRESENTATION('',(#10679),#10683);
#10679 = LINE('',#10680,#10681);
#10680 = CARTESIAN_POINT('',(-0.,2.1));
#10681 = VECTOR('',#10682,1.);
#10682 = DIRECTION('',(-1.,0.));
#10683 = ( GEOMETRIC_REPRESENTATION_CONTEXT(2) 
PARAMETRIC_REPRESENTATION_CONTEXT() REPRESENTATION_CONTEXT('2D SPACE',''
  ) );
#10684 = ORIENTED_EDGE('',*,*,#10685,.F.);
#10685 = EDGE_CURVE('',#10587,#10663,#10686,.T.);
#10686 = SURFACE_CURVE('',#10687,(#10691,#10698),.PCURVE_S1.);
#10687 = LINE('',#10688,#10689);
#10688 = CARTESIAN_POINT('',(16.707179676972,-30.53768405169,0.));
#10689 = VECTOR('',#10690,1.);
#10690 = DIRECTION('',(0.866025403784,0.5,0.));
#10691 = PCURVE('',#8308,#10692);
#10692 = DEFINITIONAL_REPRESENTATION('',(#10693),#10697);
#10693 = LINE('',#10694,#10695);
#10694 = CARTESIAN_POINT('',(-52.2,0.));
#10695 = VECTOR('',#10696,1.);
#10696 = DIRECTION('',(-0.,-1.));
#10697 = ( GEOMETRIC_REPRESENTATION_CONTEXT(2) 
PARAMETRIC_REPRESENTATION_CONTEXT() REPRESENTATION_CONTEXT('2D SPACE',''
  ) );
#10698 = PCURVE('',#10625,#10699);
#10699 = DEFINITIONAL_REPRESENTATION('',(#10700),#10704);
#10700 = LINE('',#10701,#10702);
#10701 = CARTESIAN_POINT('',(-16.70717967697,-30.53768405169));
#10702 = VECTOR('',#10703,1.);
#10703 = DIRECTION('',(-0.866025403784,0.5));
#10704 = ( GEOMETRIC_REPRESENTATION_CONTEXT(2) 
PARAMETRIC_REPRESENTATION_CONTEXT() REPRESENTATION_CONTEXT('2D SPACE',''
  ) );
#10705 = ADVANCED_FACE('',(#10706),#8282,.T.);
#10706 = FACE_BOUND('',#10707,.F.);
#10707 = EDGE_LOOP('',(#10708,#10709,#10710,#10711,#10712,#10733));
#10708 = ORIENTED_EDGE('',*,*,#10662,.F.);
#10709 = ORIENTED_EDGE('',*,*,#8267,.T.);
#10710 = ORIENTED_EDGE('',*,*,#9489,.F.);
#10711 = ORIENTED_EDGE('',*,*,#9424,.F.);
#10712 = ORIENTED_EDGE('',*,*,#10713,.T.);
#10713 = EDGE_CURVE('',#9396,#10714,#10716,.T.);
#10714 = VERTEX_POINT('',#10715);
#10715 = CARTESIAN_POINT('',(17.788141320307,-29.20996453898,0.));
#10716 = SURFACE_CURVE('',#10717,(#10721,#10727),.PCURVE_S1.);
#10717 = LINE('',#10718,#10719);
#10718 = CARTESIAN_POINT('',(17.788141320306,-29.20996453898,0.));
#10719 = VECTOR('',#10720,1.);
#10720 = DIRECTION('',(-0.,-0.,-1.));
#10721 = PCURVE('',#8282,#10722);
#10722 = DEFINITIONAL_REPRESENTATION('',(#10723),#10726);
#10723 = B_SPLINE_CURVE_WITH_KNOTS('',1,(#10724,#10725),.UNSPECIFIED.,
  .F.,.F.,(2,2),(-2.4000006,6.E-07),.PIECEWISE_BEZIER_KNOTS.);
#10724 = CARTESIAN_POINT('',(-49.7999994,1.490641994558));
#10725 = CARTESIAN_POINT('',(-52.2000006,1.490641994558));
#10726 = ( GEOMETRIC_REPRESENTATION_CONTEXT(2) 
PARAMETRIC_REPRESENTATION_CONTEXT() REPRESENTATION_CONTEXT('2D SPACE',''
  ) );
#10727 = PCURVE('',#9412,#10728);
#10728 = DEFINITIONAL_REPRESENTATION('',(#10729),#10732);
#10729 = B_SPLINE_CURVE_WITH_KNOTS('',1,(#10730,#10731),.UNSPECIFIED.,
  .F.,.F.,(2,2),(-2.4000006,6.E-07),.PIECEWISE_BEZIER_KNOTS.);
#10730 = CARTESIAN_POINT('',(-5.259381702617,-2.4000006));
#10731 = CARTESIAN_POINT('',(-5.259381702617,6.E-07));
#10732 = ( GEOMETRIC_REPRESENTATION_CONTEXT(2) 
PARAMETRIC_REPRESENTATION_CONTEXT() REPRESENTATION_CONTEXT('2D SPACE',''
  ) );
#10733 = ORIENTED_EDGE('',*,*,#10734,.T.);
#10734 = EDGE_CURVE('',#10714,#10663,#10735,.T.);
#10735 = SURFACE_CURVE('',#10736,(#10740,#10747),.PCURVE_S1.);
#10736 = LINE('',#10737,#10738);
#10737 = CARTESIAN_POINT('',(17.042820323028,-27.91903070375,0.));
#10738 = VECTOR('',#10739,1.);
#10739 = DIRECTION('',(0.5,-0.866025403784,-0.));
#10740 = PCURVE('',#8282,#10741);
#10741 = DEFINITIONAL_REPRESENTATION('',(#10742),#10746);
#10742 = LINE('',#10743,#10744);
#10743 = CARTESIAN_POINT('',(-52.2,0.));
#10744 = VECTOR('',#10745,1.);
#10745 = DIRECTION('',(-0.,1.));
#10746 = ( GEOMETRIC_REPRESENTATION_CONTEXT(2) 
PARAMETRIC_REPRESENTATION_CONTEXT() REPRESENTATION_CONTEXT('2D SPACE',''
  ) );
#10747 = PCURVE('',#10625,#10748);
#10748 = DEFINITIONAL_REPRESENTATION('',(#10749),#10753);
#10749 = LINE('',#10750,#10751);
#10750 = CARTESIAN_POINT('',(-17.04282032302,-27.91903070375));
#10751 = VECTOR('',#10752,1.);
#10752 = DIRECTION('',(-0.5,-0.866025403784));
#10753 = ( GEOMETRIC_REPRESENTATION_CONTEXT(2) 
PARAMETRIC_REPRESENTATION_CONTEXT() REPRESENTATION_CONTEXT('2D SPACE',''
  ) );
#10754 = ADVANCED_FACE('',(#10755),#8232,.T.);
#10755 = FACE_BOUND('',#10756,.F.);
#10756 = EDGE_LOOP('',(#10757,#10758,#10759,#10782,#10810,#10829));
#10757 = ORIENTED_EDGE('',*,*,#9467,.T.);
#10758 = ORIENTED_EDGE('',*,*,#8217,.T.);
#10759 = ORIENTED_EDGE('',*,*,#10760,.T.);
#10760 = EDGE_CURVE('',#8192,#10761,#10763,.T.);
#10761 = VERTEX_POINT('',#10762);
#10762 = CARTESIAN_POINT('',(34.8,-0.8,0.));
#10763 = SURFACE_CURVE('',#10764,(#10768,#10775),.PCURVE_S1.);
#10764 = LINE('',#10765,#10766);
#10765 = CARTESIAN_POINT('',(34.8,-0.8,52.2));
#10766 = VECTOR('',#10767,1.);
#10767 = DIRECTION('',(0.,-0.,-1.));
#10768 = PCURVE('',#8232,#10769);
#10769 = DEFINITIONAL_REPRESENTATION('',(#10770),#10774);
#10770 = LINE('',#10771,#10772);
#10771 = CARTESIAN_POINT('',(-4.3,12.1));
#10772 = VECTOR('',#10773,1.);
#10773 = DIRECTION('',(1.,-0.));
#10774 = ( GEOMETRIC_REPRESENTATION_CONTEXT(2) 
PARAMETRIC_REPRESENTATION_CONTEXT() REPRESENTATION_CONTEXT('2D SPACE',''
  ) );
#10775 = PCURVE('',#8206,#10776);
#10776 = DEFINITIONAL_REPRESENTATION('',(#10777),#10781);
#10777 = LINE('',#10778,#10779);
#10778 = CARTESIAN_POINT('',(-0.,-0.));
#10779 = VECTOR('',#10780,1.);
#10780 = DIRECTION('',(-1.,0.));
#10781 = ( GEOMETRIC_REPRESENTATION_CONTEXT(2) 
PARAMETRIC_REPRESENTATION_CONTEXT() REPRESENTATION_CONTEXT('2D SPACE',''
  ) );
#10782 = ORIENTED_EDGE('',*,*,#10783,.F.);
#10783 = EDGE_CURVE('',#10784,#10761,#10786,.T.);
#10784 = VERTEX_POINT('',#10785);
#10785 = CARTESIAN_POINT('',(34.190641994558,-0.8,0.));
#10786 = SURFACE_CURVE('',#10787,(#10791,#10798),.PCURVE_S1.);
#10787 = LINE('',#10788,#10789);
#10788 = CARTESIAN_POINT('',(32.7,-0.8,0.));
#10789 = VECTOR('',#10790,1.);
#10790 = DIRECTION('',(1.,0.,-0.));
#10791 = PCURVE('',#8232,#10792);
#10792 = DEFINITIONAL_REPRESENTATION('',(#10793),#10797);
#10793 = LINE('',#10794,#10795);
#10794 = CARTESIAN_POINT('',(47.9,10.));
#10795 = VECTOR('',#10796,1.);
#10796 = DIRECTION('',(-0.,1.));
#10797 = ( GEOMETRIC_REPRESENTATION_CONTEXT(2) 
PARAMETRIC_REPRESENTATION_CONTEXT() REPRESENTATION_CONTEXT('2D SPACE',''
  ) );
#10798 = PCURVE('',#10799,#10804);
#10799 = PLANE('',#10800);
#10800 = AXIS2_PLACEMENT_3D('',#10801,#10802,#10803);
#10801 = CARTESIAN_POINT('',(-1.31801458558E-15,1.280753380104E-15,0.));
#10802 = DIRECTION('',(-0.,-0.,-1.));
#10803 = DIRECTION('',(-1.,0.,0.));
#10804 = DEFINITIONAL_REPRESENTATION('',(#10805),#10809);
#10805 = LINE('',#10806,#10807);
#10806 = CARTESIAN_POINT('',(-32.7,-0.8));
#10807 = VECTOR('',#10808,1.);
#10808 = DIRECTION('',(-1.,0.));
#10809 = ( GEOMETRIC_REPRESENTATION_CONTEXT(2) 
PARAMETRIC_REPRESENTATION_CONTEXT() REPRESENTATION_CONTEXT('2D SPACE',''
  ) );
#10810 = ORIENTED_EDGE('',*,*,#10811,.F.);
#10811 = EDGE_CURVE('',#8789,#10784,#10812,.T.);
#10812 = SURFACE_CURVE('',#10813,(#10817,#10823),.PCURVE_S1.);
#10813 = LINE('',#10814,#10815);
#10814 = CARTESIAN_POINT('',(34.190641994558,-0.8,0.));
#10815 = VECTOR('',#10816,1.);
#10816 = DIRECTION('',(-0.,-0.,-1.));
#10817 = PCURVE('',#8232,#10818);
#10818 = DEFINITIONAL_REPRESENTATION('',(#10819),#10822);
#10819 = B_SPLINE_CURVE_WITH_KNOTS('',1,(#10820,#10821),.UNSPECIFIED.,
  .F.,.F.,(2,2),(-2.4000006,6.E-07),.PIECEWISE_BEZIER_KNOTS.);
#10820 = CARTESIAN_POINT('',(45.4999994,11.490641994558));
#10821 = CARTESIAN_POINT('',(47.9000006,11.490641994558));
#10822 = ( GEOMETRIC_REPRESENTATION_CONTEXT(2) 
PARAMETRIC_REPRESENTATION_CONTEXT() REPRESENTATION_CONTEXT('2D SPACE',''
  ) );
#10823 = PCURVE('',#8830,#10824);
#10824 = DEFINITIONAL_REPRESENTATION('',(#10825),#10828);
#10825 = B_SPLINE_CURVE_WITH_KNOTS('',1,(#10826,#10827),.UNSPECIFIED.,
  .F.,.F.,(2,2),(-2.4,-0.),.PIECEWISE_BEZIER_KNOTS.);
#10826 = CARTESIAN_POINT('',(-6.259791360545,-2.4));
#10827 = CARTESIAN_POINT('',(-6.259791360545,0.));
#10828 = ( GEOMETRIC_REPRESENTATION_CONTEXT(2) 
PARAMETRIC_REPRESENTATION_CONTEXT() REPRESENTATION_CONTEXT('2D SPACE',''
  ) );
#10829 = ORIENTED_EDGE('',*,*,#8788,.F.);
#10830 = ADVANCED_FACE('',(#10831),#8206,.T.);
#10831 = FACE_BOUND('',#10832,.F.);
#10832 = EDGE_LOOP('',(#10833,#10834,#10835,#10858));
#10833 = ORIENTED_EDGE('',*,*,#10760,.F.);
#10834 = ORIENTED_EDGE('',*,*,#8191,.T.);
#10835 = ORIENTED_EDGE('',*,*,#10836,.T.);
#10836 = EDGE_CURVE('',#8166,#10837,#10839,.T.);
#10837 = VERTEX_POINT('',#10838);
#10838 = CARTESIAN_POINT('',(34.8,0.8,0.));
#10839 = SURFACE_CURVE('',#10840,(#10844,#10851),.PCURVE_S1.);
#10840 = LINE('',#10841,#10842);
#10841 = CARTESIAN_POINT('',(34.8,0.8,52.2));
#10842 = VECTOR('',#10843,1.);
#10843 = DIRECTION('',(0.,-0.,-1.));
#10844 = PCURVE('',#8206,#10845);
#10845 = DEFINITIONAL_REPRESENTATION('',(#10846),#10850);
#10846 = LINE('',#10847,#10848);
#10847 = CARTESIAN_POINT('',(-0.,-1.6));
#10848 = VECTOR('',#10849,1.);
#10849 = DIRECTION('',(-1.,0.));
#10850 = ( GEOMETRIC_REPRESENTATION_CONTEXT(2) 
PARAMETRIC_REPRESENTATION_CONTEXT() REPRESENTATION_CONTEXT('2D SPACE',''
  ) );
#10851 = PCURVE('',#8180,#10852);
#10852 = DEFINITIONAL_REPRESENTATION('',(#10853),#10857);
#10853 = LINE('',#10854,#10855);
#10854 = CARTESIAN_POINT('',(-4.3,12.1));
#10855 = VECTOR('',#10856,1.);
#10856 = DIRECTION('',(1.,-0.));
#10857 = ( GEOMETRIC_REPRESENTATION_CONTEXT(2) 
PARAMETRIC_REPRESENTATION_CONTEXT() REPRESENTATION_CONTEXT('2D SPACE',''
  ) );
#10858 = ORIENTED_EDGE('',*,*,#10859,.F.);
#10859 = EDGE_CURVE('',#10761,#10837,#10860,.T.);
#10860 = SURFACE_CURVE('',#10861,(#10865,#10872),.PCURVE_S1.);
#10861 = LINE('',#10862,#10863);
#10862 = CARTESIAN_POINT('',(34.8,-0.8,0.));
#10863 = VECTOR('',#10864,1.);
#10864 = DIRECTION('',(-0.,1.,0.));
#10865 = PCURVE('',#8206,#10866);
#10866 = DEFINITIONAL_REPRESENTATION('',(#10867),#10871);
#10867 = LINE('',#10868,#10869);
#10868 = CARTESIAN_POINT('',(-52.2,0.));
#10869 = VECTOR('',#10870,1.);
#10870 = DIRECTION('',(-0.,-1.));
#10871 = ( GEOMETRIC_REPRESENTATION_CONTEXT(2) 
PARAMETRIC_REPRESENTATION_CONTEXT() REPRESENTATION_CONTEXT('2D SPACE',''
  ) );
#10872 = PCURVE('',#10799,#10873);
#10873 = DEFINITIONAL_REPRESENTATION('',(#10874),#10878);
#10874 = LINE('',#10875,#10876);
#10875 = CARTESIAN_POINT('',(-34.8,-0.8));
#10876 = VECTOR('',#10877,1.);
#10877 = DIRECTION('',(-0.,1.));
#10878 = ( GEOMETRIC_REPRESENTATION_CONTEXT(2) 
PARAMETRIC_REPRESENTATION_CONTEXT() REPRESENTATION_CONTEXT('2D SPACE',''
  ) );
#10879 = ADVANCED_FACE('',(#10880),#8180,.F.);
#10880 = FACE_BOUND('',#10881,.T.);
#10881 = EDGE_LOOP('',(#10882,#10883,#10884,#10885,#10908,#10927));
#10882 = ORIENTED_EDGE('',*,*,#8867,.F.);
#10883 = ORIENTED_EDGE('',*,*,#8165,.T.);
#10884 = ORIENTED_EDGE('',*,*,#10836,.T.);
#10885 = ORIENTED_EDGE('',*,*,#10886,.F.);
#10886 = EDGE_CURVE('',#10887,#10837,#10889,.T.);
#10887 = VERTEX_POINT('',#10888);
#10888 = CARTESIAN_POINT('',(34.190641994558,0.8,0.));
#10889 = SURFACE_CURVE('',#10890,(#10894,#10901),.PCURVE_S1.);
#10890 = LINE('',#10891,#10892);
#10891 = CARTESIAN_POINT('',(32.7,0.8,0.));
#10892 = VECTOR('',#10893,1.);
#10893 = DIRECTION('',(1.,0.,-0.));
#10894 = PCURVE('',#8180,#10895);
#10895 = DEFINITIONAL_REPRESENTATION('',(#10896),#10900);
#10896 = LINE('',#10897,#10898);
#10897 = CARTESIAN_POINT('',(47.9,10.));
#10898 = VECTOR('',#10899,1.);
#10899 = DIRECTION('',(-0.,1.));
#10900 = ( GEOMETRIC_REPRESENTATION_CONTEXT(2) 
PARAMETRIC_REPRESENTATION_CONTEXT() REPRESENTATION_CONTEXT('2D SPACE',''
  ) );
#10901 = PCURVE('',#10799,#10902);
#10902 = DEFINITIONAL_REPRESENTATION('',(#10903),#10907);
#10903 = LINE('',#10904,#10905);
#10904 = CARTESIAN_POINT('',(-32.7,0.8));
#10905 = VECTOR('',#10906,1.);
#10906 = DIRECTION('',(-1.,0.));
#10907 = ( GEOMETRIC_REPRESENTATION_CONTEXT(2) 
PARAMETRIC_REPRESENTATION_CONTEXT() REPRESENTATION_CONTEXT('2D SPACE',''
  ) );
#10908 = ORIENTED_EDGE('',*,*,#10909,.F.);
#10909 = EDGE_CURVE('',#8810,#10887,#10910,.T.);
#10910 = SURFACE_CURVE('',#10911,(#10915,#10921),.PCURVE_S1.);
#10911 = LINE('',#10912,#10913);
#10912 = CARTESIAN_POINT('',(34.190641994558,0.8,0.));
#10913 = VECTOR('',#10914,1.);
#10914 = DIRECTION('',(-0.,-0.,-1.));
#10915 = PCURVE('',#8180,#10916);
#10916 = DEFINITIONAL_REPRESENTATION('',(#10917),#10920);
#10917 = B_SPLINE_CURVE_WITH_KNOTS('',1,(#10918,#10919),.UNSPECIFIED.,
  .F.,.F.,(2,2),(-2.4000006,6.E-07),.PIECEWISE_BEZIER_KNOTS.);
#10918 = CARTESIAN_POINT('',(45.4999994,11.490641994558));
#10919 = CARTESIAN_POINT('',(47.9000006,11.490641994558));
#10920 = ( GEOMETRIC_REPRESENTATION_CONTEXT(2) 
PARAMETRIC_REPRESENTATION_CONTEXT() REPRESENTATION_CONTEXT('2D SPACE',''
  ) );
#10921 = PCURVE('',#8830,#10922);
#10922 = DEFINITIONAL_REPRESENTATION('',(#10923),#10926);
#10923 = B_SPLINE_CURVE_WITH_KNOTS('',1,(#10924,#10925),.UNSPECIFIED.,
  .F.,.F.,(2,2),(-2.4,0.),.PIECEWISE_BEZIER_KNOTS.);
#10924 = CARTESIAN_POINT('',(-6.306579253814,-2.4));
#10925 = CARTESIAN_POINT('',(-6.306579253814,0.));
#10926 = ( GEOMETRIC_REPRESENTATION_CONTEXT(2) 
PARAMETRIC_REPRESENTATION_CONTEXT() REPRESENTATION_CONTEXT('2D SPACE',''
  ) );
#10927 = ORIENTED_EDGE('',*,*,#8842,.F.);
#10928 = ADVANCED_FACE('',(#10929),#8830,.F.);
#10929 = FACE_BOUND('',#10930,.T.);
#10930 = EDGE_LOOP('',(#10931,#10932,#10933,#10955));
#10931 = ORIENTED_EDGE('',*,*,#8809,.F.);
#10932 = ORIENTED_EDGE('',*,*,#10909,.T.);
#10933 = ORIENTED_EDGE('',*,*,#10934,.T.);
#10934 = EDGE_CURVE('',#10887,#10784,#10935,.T.);
#10935 = SURFACE_CURVE('',#10936,(#10941,#10948),.PCURVE_S1.);
#10936 = CIRCLE('',#10937,34.2);
#10937 = AXIS2_PLACEMENT_3D('',#10938,#10939,#10940);
#10938 = CARTESIAN_POINT('',(0.,0.,0.));
#10939 = DIRECTION('',(0.,0.,-1.));
#10940 = DIRECTION('',(0.99972637411,2.339181286549E-02,0.));
#10941 = PCURVE('',#8830,#10942);
#10942 = DEFINITIONAL_REPRESENTATION('',(#10943),#10947);
#10943 = LINE('',#10944,#10945);
#10944 = CARTESIAN_POINT('',(-6.306579253814,0.));
#10945 = VECTOR('',#10946,1.);
#10946 = DIRECTION('',(1.,-0.));
#10947 = ( GEOMETRIC_REPRESENTATION_CONTEXT(2) 
PARAMETRIC_REPRESENTATION_CONTEXT() REPRESENTATION_CONTEXT('2D SPACE',''
  ) );
#10948 = PCURVE('',#10799,#10949);
#10949 = DEFINITIONAL_REPRESENTATION('',(#10950),#10954);
#10950 = CIRCLE('',#10951,34.2);
#10951 = AXIS2_PLACEMENT_2D('',#10952,#10953);
#10952 = CARTESIAN_POINT('',(-1.31801458558E-15,-1.280753380104E-15));
#10953 = DIRECTION('',(-0.99972637411,2.339181286549E-02));
#10954 = ( GEOMETRIC_REPRESENTATION_CONTEXT(2) 
PARAMETRIC_REPRESENTATION_CONTEXT() REPRESENTATION_CONTEXT('2D SPACE',''
  ) );
#10955 = ORIENTED_EDGE('',*,*,#10811,.F.);
#10956 = ADVANCED_FACE('',(#10957),#8951,.F.);
#10957 = FACE_BOUND('',#10958,.T.);
#10958 = EDGE_LOOP('',(#10959,#10985,#10986,#10987));
#10959 = ORIENTED_EDGE('',*,*,#10960,.F.);
#10960 = EDGE_CURVE('',#9914,#10018,#10961,.T.);
#10961 = SURFACE_CURVE('',#10962,(#10967,#10974),.PCURVE_S1.);
#10962 = CIRCLE('',#10963,34.2);
#10963 = AXIS2_PLACEMENT_3D('',#10964,#10965,#10966);
#10964 = CARTESIAN_POINT('',(0.,0.,0.));
#10965 = DIRECTION('',(0.,0.,1.));
#10966 = DIRECTION('',(1.,0.,0.));
#10967 = PCURVE('',#8951,#10968);
#10968 = DEFINITIONAL_REPRESENTATION('',(#10969),#10973);
#10969 = LINE('',#10970,#10971);
#10970 = CARTESIAN_POINT('',(-0.,0.));
#10971 = VECTOR('',#10972,1.);
#10972 = DIRECTION('',(-1.,0.));
#10973 = ( GEOMETRIC_REPRESENTATION_CONTEXT(2) 
PARAMETRIC_REPRESENTATION_CONTEXT() REPRESENTATION_CONTEXT('2D SPACE',''
  ) );
#10974 = PCURVE('',#9929,#10975);
#10975 = DEFINITIONAL_REPRESENTATION('',(#10976),#10984);
#10976 = ( BOUNDED_CURVE() B_SPLINE_CURVE(2,(#10977,#10978,#10979,#10980
    ,#10981,#10982,#10983),.UNSPECIFIED.,.T.,.F.) 
B_SPLINE_CURVE_WITH_KNOTS((1,2,2,2,2,1),(-2.094395102393,0.,
    2.094395102393,4.188790204786,6.28318530718,8.377580409573),
.UNSPECIFIED.) CURVE() GEOMETRIC_REPRESENTATION_ITEM() 
RATIONAL_B_SPLINE_CURVE((1.,0.5,1.,0.5,1.,0.5,1.)) REPRESENTATION_ITEM(
  '') );
#10977 = CARTESIAN_POINT('',(-34.2,-1.280753380104E-15));
#10978 = CARTESIAN_POINT('',(-34.2,59.236137618856));
#10979 = CARTESIAN_POINT('',(17.1,29.618068809428));
#10980 = CARTESIAN_POINT('',(68.4,7.095830726064E-15));
#10981 = CARTESIAN_POINT('',(17.1,-29.61806880942));
#10982 = CARTESIAN_POINT('',(-34.2,-59.23613761885));
#10983 = CARTESIAN_POINT('',(-34.2,-1.280753380104E-15));
#10984 = ( GEOMETRIC_REPRESENTATION_CONTEXT(2) 
PARAMETRIC_REPRESENTATION_CONTEXT() REPRESENTATION_CONTEXT('2D SPACE',''
  ) );
#10985 = ORIENTED_EDGE('',*,*,#9941,.F.);
#10986 = ORIENTED_EDGE('',*,*,#8934,.T.);
#10987 = ORIENTED_EDGE('',*,*,#10017,.T.);
#10988 = ADVANCED_FACE('',(#10989),#9071,.F.);
#10989 = FACE_BOUND('',#10990,.T.);
#10990 = EDGE_LOOP('',(#10991,#11017,#11018,#11019));
#10991 = ORIENTED_EDGE('',*,*,#10992,.F.);
#10992 = EDGE_CURVE('',#10088,#10192,#10993,.T.);
#10993 = SURFACE_CURVE('',#10994,(#10999,#11006),.PCURVE_S1.);
#10994 = CIRCLE('',#10995,34.2);
#10995 = AXIS2_PLACEMENT_3D('',#10996,#10997,#10998);
#10996 = CARTESIAN_POINT('',(0.,0.,0.));
#10997 = DIRECTION('',(0.,0.,1.));
#10998 = DIRECTION('',(1.,0.,0.));
#10999 = PCURVE('',#9071,#11000);
#11000 = DEFINITIONAL_REPRESENTATION('',(#11001),#11005);
#11001 = LINE('',#11002,#11003);
#11002 = CARTESIAN_POINT('',(-0.,0.));
#11003 = VECTOR('',#11004,1.);
#11004 = DIRECTION('',(-1.,0.));
#11005 = ( GEOMETRIC_REPRESENTATION_CONTEXT(2) 
PARAMETRIC_REPRESENTATION_CONTEXT() REPRESENTATION_CONTEXT('2D SPACE',''
  ) );
#11006 = PCURVE('',#10103,#11007);
#11007 = DEFINITIONAL_REPRESENTATION('',(#11008),#11016);
#11008 = ( BOUNDED_CURVE() B_SPLINE_CURVE(2,(#11009,#11010,#11011,#11012
    ,#11013,#11014,#11015),.UNSPECIFIED.,.T.,.F.) 
B_SPLINE_CURVE_WITH_KNOTS((1,2,2,2,2,1),(-2.094395102393,0.,
    2.094395102393,4.188790204786,6.28318530718,8.377580409573),
.UNSPECIFIED.) CURVE() GEOMETRIC_REPRESENTATION_ITEM() 
RATIONAL_B_SPLINE_CURVE((1.,0.5,1.,0.5,1.,0.5,1.)) REPRESENTATION_ITEM(
  '') );
#11009 = CARTESIAN_POINT('',(-34.2,-1.280753380104E-15));
#11010 = CARTESIAN_POINT('',(-34.2,59.236137618856));
#11011 = CARTESIAN_POINT('',(17.1,29.618068809428));
#11012 = CARTESIAN_POINT('',(68.4,7.095830726064E-15));
#11013 = CARTESIAN_POINT('',(17.1,-29.61806880942));
#11014 = CARTESIAN_POINT('',(-34.2,-59.23613761885));
#11015 = CARTESIAN_POINT('',(-34.2,-1.280753380104E-15));
#11016 = ( GEOMETRIC_REPRESENTATION_CONTEXT(2) 
PARAMETRIC_REPRESENTATION_CONTEXT() REPRESENTATION_CONTEXT('2D SPACE',''
  ) );
#11017 = ORIENTED_EDGE('',*,*,#10115,.F.);
#11018 = ORIENTED_EDGE('',*,*,#9054,.T.);
#11019 = ORIENTED_EDGE('',*,*,#10191,.T.);
#11020 = ADVANCED_FACE('',(#11021),#9191,.F.);
#11021 = FACE_BOUND('',#11022,.T.);
#11022 = EDGE_LOOP('',(#11023,#11049,#11050,#11051));
#11023 = ORIENTED_EDGE('',*,*,#11024,.F.);
#11024 = EDGE_CURVE('',#10262,#10366,#11025,.T.);
#11025 = SURFACE_CURVE('',#11026,(#11031,#11038),.PCURVE_S1.);
#11026 = CIRCLE('',#11027,34.2);
#11027 = AXIS2_PLACEMENT_3D('',#11028,#11029,#11030);
#11028 = CARTESIAN_POINT('',(0.,0.,0.));
#11029 = DIRECTION('',(0.,0.,1.));
#11030 = DIRECTION('',(1.,0.,0.));
#11031 = PCURVE('',#9191,#11032);
#11032 = DEFINITIONAL_REPRESENTATION('',(#11033),#11037);
#11033 = LINE('',#11034,#11035);
#11034 = CARTESIAN_POINT('',(-0.,0.));
#11035 = VECTOR('',#11036,1.);
#11036 = DIRECTION('',(-1.,0.));
#11037 = ( GEOMETRIC_REPRESENTATION_CONTEXT(2) 
PARAMETRIC_REPRESENTATION_CONTEXT() REPRESENTATION_CONTEXT('2D SPACE',''
  ) );
#11038 = PCURVE('',#10277,#11039);
#11039 = DEFINITIONAL_REPRESENTATION('',(#11040),#11048);
#11040 = ( BOUNDED_CURVE() B_SPLINE_CURVE(2,(#11041,#11042,#11043,#11044
    ,#11045,#11046,#11047),.UNSPECIFIED.,.T.,.F.) 
B_SPLINE_CURVE_WITH_KNOTS((1,2,2,2,2,1),(-2.094395102393,0.,
    2.094395102393,4.188790204786,6.28318530718,8.377580409573),
.UNSPECIFIED.) CURVE() GEOMETRIC_REPRESENTATION_ITEM() 
RATIONAL_B_SPLINE_CURVE((1.,0.5,1.,0.5,1.,0.5,1.)) REPRESENTATION_ITEM(
  '') );
#11041 = CARTESIAN_POINT('',(-34.2,-1.280753380104E-15));
#11042 = CARTESIAN_POINT('',(-34.2,59.236137618856));
#11043 = CARTESIAN_POINT('',(17.1,29.618068809428));
#11044 = CARTESIAN_POINT('',(68.4,7.095830726064E-15));
#11045 = CARTESIAN_POINT('',(17.1,-29.61806880942));
#11046 = CARTESIAN_POINT('',(-34.2,-59.23613761885));
#11047 = CARTESIAN_POINT('',(-34.2,-1.280753380104E-15));
#11048 = ( GEOMETRIC_REPRESENTATION_CONTEXT(2) 
PARAMETRIC_REPRESENTATION_CONTEXT() REPRESENTATION_CONTEXT('2D SPACE',''
  ) );
#11049 = ORIENTED_EDGE('',*,*,#10289,.F.);
#11050 = ORIENTED_EDGE('',*,*,#9174,.T.);
#11051 = ORIENTED_EDGE('',*,*,#10365,.T.);
#11052 = ADVANCED_FACE('',(#11053),#9292,.F.);
#11053 = FACE_BOUND('',#11054,.T.);
#11054 = EDGE_LOOP('',(#11055,#11056,#11082,#11083));
#11055 = ORIENTED_EDGE('',*,*,#10539,.T.);
#11056 = ORIENTED_EDGE('',*,*,#11057,.F.);
#11057 = EDGE_CURVE('',#10436,#10540,#11058,.T.);
#11058 = SURFACE_CURVE('',#11059,(#11064,#11071),.PCURVE_S1.);
#11059 = CIRCLE('',#11060,34.2);
#11060 = AXIS2_PLACEMENT_3D('',#11061,#11062,#11063);
#11061 = CARTESIAN_POINT('',(0.,0.,0.));
#11062 = DIRECTION('',(0.,0.,1.));
#11063 = DIRECTION('',(1.,0.,0.));
#11064 = PCURVE('',#9292,#11065);
#11065 = DEFINITIONAL_REPRESENTATION('',(#11066),#11070);
#11066 = LINE('',#11067,#11068);
#11067 = CARTESIAN_POINT('',(-0.,0.));
#11068 = VECTOR('',#11069,1.);
#11069 = DIRECTION('',(-1.,0.));
#11070 = ( GEOMETRIC_REPRESENTATION_CONTEXT(2) 
PARAMETRIC_REPRESENTATION_CONTEXT() REPRESENTATION_CONTEXT('2D SPACE',''
  ) );
#11071 = PCURVE('',#10451,#11072);
#11072 = DEFINITIONAL_REPRESENTATION('',(#11073),#11081);
#11073 = ( BOUNDED_CURVE() B_SPLINE_CURVE(2,(#11074,#11075,#11076,#11077
    ,#11078,#11079,#11080),.UNSPECIFIED.,.T.,.F.) 
B_SPLINE_CURVE_WITH_KNOTS((1,2,2,2,2,1),(-2.094395102393,0.,
    2.094395102393,4.188790204786,6.28318530718,8.377580409573),
.UNSPECIFIED.) CURVE() GEOMETRIC_REPRESENTATION_ITEM() 
RATIONAL_B_SPLINE_CURVE((1.,0.5,1.,0.5,1.,0.5,1.)) REPRESENTATION_ITEM(
  '') );
#11074 = CARTESIAN_POINT('',(-34.2,-1.280753380104E-15));
#11075 = CARTESIAN_POINT('',(-34.2,59.236137618856));
#11076 = CARTESIAN_POINT('',(17.1,29.618068809428));
#11077 = CARTESIAN_POINT('',(68.4,7.095830726064E-15));
#11078 = CARTESIAN_POINT('',(17.1,-29.61806880942));
#11079 = CARTESIAN_POINT('',(-34.2,-59.23613761885));
#11080 = CARTESIAN_POINT('',(-34.2,-1.280753380104E-15));
#11081 = ( GEOMETRIC_REPRESENTATION_CONTEXT(2) 
PARAMETRIC_REPRESENTATION_CONTEXT() REPRESENTATION_CONTEXT('2D SPACE',''
  ) );
#11082 = ORIENTED_EDGE('',*,*,#10463,.F.);
#11083 = ORIENTED_EDGE('',*,*,#9273,.T.);
#11084 = ADVANCED_FACE('',(#11085),#9412,.F.);
#11085 = FACE_BOUND('',#11086,.T.);
#11086 = EDGE_LOOP('',(#11087,#11088,#11114,#11115));
#11087 = ORIENTED_EDGE('',*,*,#10713,.T.);
#11088 = ORIENTED_EDGE('',*,*,#11089,.F.);
#11089 = EDGE_CURVE('',#10610,#10714,#11090,.T.);
#11090 = SURFACE_CURVE('',#11091,(#11096,#11103),.PCURVE_S1.);
#11091 = CIRCLE('',#11092,34.2);
#11092 = AXIS2_PLACEMENT_3D('',#11093,#11094,#11095);
#11093 = CARTESIAN_POINT('',(0.,0.,0.));
#11094 = DIRECTION('',(0.,0.,1.));
#11095 = DIRECTION('',(1.,0.,0.));
#11096 = PCURVE('',#9412,#11097);
#11097 = DEFINITIONAL_REPRESENTATION('',(#11098),#11102);
#11098 = LINE('',#11099,#11100);
#11099 = CARTESIAN_POINT('',(-0.,0.));
#11100 = VECTOR('',#11101,1.);
#11101 = DIRECTION('',(-1.,0.));
#11102 = ( GEOMETRIC_REPRESENTATION_CONTEXT(2) 
PARAMETRIC_REPRESENTATION_CONTEXT() REPRESENTATION_CONTEXT('2D SPACE',''
  ) );
#11103 = PCURVE('',#10625,#11104);
#11104 = DEFINITIONAL_REPRESENTATION('',(#11105),#11113);
#11105 = ( BOUNDED_CURVE() B_SPLINE_CURVE(2,(#11106,#11107,#11108,#11109
    ,#11110,#11111,#11112),.UNSPECIFIED.,.T.,.F.) 
B_SPLINE_CURVE_WITH_KNOTS((1,2,2,2,2,1),(-2.094395102393,0.,
    2.094395102393,4.188790204786,6.28318530718,8.377580409573),
.UNSPECIFIED.) CURVE() GEOMETRIC_REPRESENTATION_ITEM() 
RATIONAL_B_SPLINE_CURVE((1.,0.5,1.,0.5,1.,0.5,1.)) REPRESENTATION_ITEM(
  '') );
#11106 = CARTESIAN_POINT('',(-34.2,-1.280753380104E-15));
#11107 = CARTESIAN_POINT('',(-34.2,59.236137618856));
#11108 = CARTESIAN_POINT('',(17.1,29.618068809428));
#11109 = CARTESIAN_POINT('',(68.4,7.095830726064E-15));
#11110 = CARTESIAN_POINT('',(17.1,-29.61806880942));
#11111 = CARTESIAN_POINT('',(-34.2,-59.23613761885));
#11112 = CARTESIAN_POINT('',(-34.2,-1.280753380104E-15));
#11113 = ( GEOMETRIC_REPRESENTATION_CONTEXT(2) 
PARAMETRIC_REPRESENTATION_CONTEXT() REPRESENTATION_CONTEXT('2D SPACE',''
  ) );
#11114 = ORIENTED_EDGE('',*,*,#10637,.F.);
#11115 = ORIENTED_EDGE('',*,*,#9393,.T.);
#11116 = ADVANCED_FACE('',(#11117),#9929,.T.);
#11117 = FACE_BOUND('',#11118,.F.);
#11118 = EDGE_LOOP('',(#11119,#11120,#11121,#11122));
#11119 = ORIENTED_EDGE('',*,*,#10960,.F.);
#11120 = ORIENTED_EDGE('',*,*,#9913,.T.);
#11121 = ORIENTED_EDGE('',*,*,#9989,.T.);
#11122 = ORIENTED_EDGE('',*,*,#10038,.F.);
#11123 = ADVANCED_FACE('',(#11124),#10103,.T.);
#11124 = FACE_BOUND('',#11125,.F.);
#11125 = EDGE_LOOP('',(#11126,#11127,#11128,#11129));
#11126 = ORIENTED_EDGE('',*,*,#10992,.F.);
#11127 = ORIENTED_EDGE('',*,*,#10087,.T.);
#11128 = ORIENTED_EDGE('',*,*,#10163,.T.);
#11129 = ORIENTED_EDGE('',*,*,#10212,.F.);
#11130 = ADVANCED_FACE('',(#11131),#10277,.T.);
#11131 = FACE_BOUND('',#11132,.F.);
#11132 = EDGE_LOOP('',(#11133,#11134,#11135,#11136));
#11133 = ORIENTED_EDGE('',*,*,#10386,.F.);
#11134 = ORIENTED_EDGE('',*,*,#11024,.F.);
#11135 = ORIENTED_EDGE('',*,*,#10261,.T.);
#11136 = ORIENTED_EDGE('',*,*,#10337,.T.);
#11137 = ADVANCED_FACE('',(#11138),#10451,.T.);
#11138 = FACE_BOUND('',#11139,.F.);
#11139 = EDGE_LOOP('',(#11140,#11141,#11142,#11143));
#11140 = ORIENTED_EDGE('',*,*,#10560,.F.);
#11141 = ORIENTED_EDGE('',*,*,#11057,.F.);
#11142 = ORIENTED_EDGE('',*,*,#10435,.T.);
#11143 = ORIENTED_EDGE('',*,*,#10511,.T.);
#11144 = ADVANCED_FACE('',(#11145),#10625,.T.);
#11145 = FACE_BOUND('',#11146,.F.);
#11146 = EDGE_LOOP('',(#11147,#11148,#11149,#11150));
#11147 = ORIENTED_EDGE('',*,*,#10734,.F.);
#11148 = ORIENTED_EDGE('',*,*,#11089,.F.);
#11149 = ORIENTED_EDGE('',*,*,#10609,.T.);
#11150 = ORIENTED_EDGE('',*,*,#10685,.T.);
#11151 = ADVANCED_FACE('',(#11152),#10799,.T.);
#11152 = FACE_BOUND('',#11153,.F.);
#11153 = EDGE_LOOP('',(#11154,#11155,#11156,#11157));
#11154 = ORIENTED_EDGE('',*,*,#10934,.T.);
#11155 = ORIENTED_EDGE('',*,*,#10783,.T.);
#11156 = ORIENTED_EDGE('',*,*,#10859,.T.);
#11157 = ORIENTED_EDGE('',*,*,#10886,.F.);
#11158 = ( GEOMETRIC_REPRESENTATION_CONTEXT(3) 
GLOBAL_UNCERTAINTY_ASSIGNED_CONTEXT((#11162)) 
GLOBAL_UNIT_ASSIGNED_CONTEXT((#11159,#11160,#11161)) 
REPRESENTATION_CONTEXT('Context #1',
  '3D Context with UNIT and UNCERTAINTY') );
#11159 = ( LENGTH_UNIT() NAMED_UNIT(*) SI_UNIT(.MILLI.,.METRE.) );
#11160 = ( NAMED_UNIT(*) PLANE_ANGLE_UNIT() SI_UNIT($,.RADIAN.) );
#11161 = ( NAMED_UNIT(*) SI_UNIT($,.STERADIAN.) SOLID_ANGLE_UNIT() );
#11162 = UNCERTAINTY_MEASURE_WITH_UNIT(LENGTH_MEASURE(1.E-07),#11159,
  'distance_accuracy_value','confusion accuracy');
#11163 = PRODUCT_RELATED_PRODUCT_CATEGORY('part',$,(#7));
ENDSEC;
END-ISO-10303-21;
