ISO-10303-21;
HEADER;
FILE_DESCRIPTION(('Open CASCADE Model'),'2;1');
FILE_NAME('Open CASCADE Shape Model','2026-07-30T12:41:51',('Author'),(
    'Open CASCADE'),'Open CASCADE STEP processor 7.8','Open CASCADE 7.8'
  ,'Unknown');
FILE_SCHEMA(('AUTOMOTIVE_DESIGN { 1 0 10303 214 1 1 1 1 }'));
ENDSEC;
DATA;
#1 = APPLICATION_PROTOCOL_DEFINITION('international standard',
  'automotive_design',2000,#2);
#2 = APPLICATION_CONTEXT(
  'core data for automotive mechanical design processes');
#3 = SHAPE_DEFINITION_REPRESENTATION(#4,#10);
#4 = PRODUCT_DEFINITION_SHAPE('','',#5);
#5 = PRODUCT_DEFINITION('design','',#6,#9);
#6 = PRODUCT_DEFINITION_FORMATION('','',#7);
#7 = PRODUCT('height_clamp','height_clamp','',(#8));
#8 = PRODUCT_CONTEXT('',#2,'mechanical');
#9 = PRODUCT_DEFINITION_CONTEXT('part definition',#2,'design');
#10 = ADVANCED_BREP_SHAPE_REPRESENTATION('',(#11,#15),#3317);
#11 = AXIS2_PLACEMENT_3D('',#12,#13,#14);
#12 = CARTESIAN_POINT('',(0.,0.,0.));
#13 = DIRECTION('',(0.,0.,1.));
#14 = DIRECTION('',(1.,0.,-0.));
#15 = MANIFOLD_SOLID_BREP('',#16);
#16 = CLOSED_SHELL('',(#17,#139,#1118,#1172,#1974,#2053,#2081,#2185,
    #2237,#2263,#2332,#2387,#2412,#2439,#2466,#2491,#2516,#2543,#2570,
    #2595,#2620,#2647,#2674,#2699,#2724,#2751,#2778,#2803,#2828,#2855,
    #2882,#2907,#2932,#2959,#2986,#3011,#3036,#3092,#3166,#3198,#3204,
    #3232,#3259,#3309));
#17 = ADVANCED_FACE('',(#18),#33,.T.);
#18 = FACE_BOUND('',#19,.F.);
#19 = EDGE_LOOP('',(#20,#56,#82,#115));
#20 = ORIENTED_EDGE('',*,*,#21,.F.);
#21 = EDGE_CURVE('',#22,#24,#26,.T.);
#22 = VERTEX_POINT('',#23);
#23 = CARTESIAN_POINT('',(28.665547374475,23.709204831072,0.));
#24 = VERTEX_POINT('',#25);
#25 = CARTESIAN_POINT('',(34.865547374475,12.970489824145,0.));
#26 = SURFACE_CURVE('',#27,(#32,#44),.PCURVE_S1.);
#27 = CIRCLE('',#28,37.2);
#28 = AXIS2_PLACEMENT_3D('',#29,#30,#31);
#29 = CARTESIAN_POINT('',(0.,0.,0.));
#30 = DIRECTION('',(0.,-0.,1.));
#31 = DIRECTION('',(0.770579230497,0.637344215889,0.));
#32 = PCURVE('',#33,#38);
#33 = CYLINDRICAL_SURFACE('',#34,37.2);
#34 = AXIS2_PLACEMENT_3D('',#35,#36,#37);
#35 = CARTESIAN_POINT('',(0.,0.,0.));
#36 = DIRECTION('',(-0.,-0.,-1.));
#37 = DIRECTION('',(1.,0.,0.));
#38 = DEFINITIONAL_REPRESENTATION('',(#39),#43);
#39 = LINE('',#40,#41);
#40 = CARTESIAN_POINT('',(-0.691046854818,0.));
#41 = VECTOR('',#42,1.);
#42 = DIRECTION('',(-1.,0.));
#43 = ( GEOMETRIC_REPRESENTATION_CONTEXT(2) 
PARAMETRIC_REPRESENTATION_CONTEXT() REPRESENTATION_CONTEXT('2D SPACE',''
  ) );
#44 = PCURVE('',#45,#50);
#45 = PLANE('',#46);
#46 = AXIS2_PLACEMENT_3D('',#47,#48,#49);
#47 = CARTESIAN_POINT('',(-1.176292587131E-15,-1.518562030943E-15,0.));
#48 = DIRECTION('',(0.,0.,1.));
#49 = DIRECTION('',(1.,0.,-0.));
#50 = DEFINITIONAL_REPRESENTATION('',(#51),#55);
#51 = CIRCLE('',#52,37.2);
#52 = AXIS2_PLACEMENT_2D('',#53,#54);
#53 = CARTESIAN_POINT('',(1.176292587131E-15,1.518562030943E-15));
#54 = DIRECTION('',(0.770579230497,0.637344215889));
#55 = ( GEOMETRIC_REPRESENTATION_CONTEXT(2) 
PARAMETRIC_REPRESENTATION_CONTEXT() REPRESENTATION_CONTEXT('2D SPACE',''
  ) );
#56 = ORIENTED_EDGE('',*,*,#57,.F.);
#57 = EDGE_CURVE('',#58,#22,#60,.T.);
#58 = VERTEX_POINT('',#59);
#59 = CARTESIAN_POINT('',(28.665547374475,23.709204831072,4.));
#60 = SURFACE_CURVE('',#61,(#65,#71),.PCURVE_S1.);
#61 = LINE('',#62,#63);
#62 = CARTESIAN_POINT('',(28.665547374475,23.709204831072,0.));
#63 = VECTOR('',#64,1.);
#64 = DIRECTION('',(-0.,-0.,-1.));
#65 = PCURVE('',#33,#66);
#66 = DEFINITIONAL_REPRESENTATION('',(#67),#70);
#67 = B_SPLINE_CURVE_WITH_KNOTS('',1,(#68,#69),.UNSPECIFIED.,.F.,.F.,(2,
    2),(-4.,0.),.PIECEWISE_BEZIER_KNOTS.);
#68 = CARTESIAN_POINT('',(-0.691046854818,-4.));
#69 = CARTESIAN_POINT('',(-0.691046854818,0.));
#70 = ( GEOMETRIC_REPRESENTATION_CONTEXT(2) 
PARAMETRIC_REPRESENTATION_CONTEXT() REPRESENTATION_CONTEXT('2D SPACE',''
  ) );
#71 = PCURVE('',#72,#77);
#72 = PLANE('',#73);
#73 = AXIS2_PLACEMENT_3D('',#74,#75,#76);
#74 = CARTESIAN_POINT('',(27.384094213212,22.969357503464,0.));
#75 = DIRECTION('',(-0.5,0.866025403784,0.));
#76 = DIRECTION('',(0.,0.,1.));
#77 = DEFINITIONAL_REPRESENTATION('',(#78),#81);
#78 = B_SPLINE_CURVE_WITH_KNOTS('',1,(#79,#80),.UNSPECIFIED.,.F.,.F.,(2,
    2),(-4.0000006,6.E-07),.PIECEWISE_BEZIER_KNOTS.);
#79 = CARTESIAN_POINT('',(4.0000006,1.479694655218));
#80 = CARTESIAN_POINT('',(-6.E-07,1.479694655218));
#81 = ( GEOMETRIC_REPRESENTATION_CONTEXT(2) 
PARAMETRIC_REPRESENTATION_CONTEXT() REPRESENTATION_CONTEXT('2D SPACE',''
  ) );
#82 = ORIENTED_EDGE('',*,*,#83,.F.);
#83 = EDGE_CURVE('',#84,#58,#86,.T.);
#84 = VERTEX_POINT('',#85);
#85 = CARTESIAN_POINT('',(34.865547374475,12.970489824145,4.));
#86 = SURFACE_CURVE('',#87,(#92,#99),.PCURVE_S1.);
#87 = CIRCLE('',#88,37.2);
#88 = AXIS2_PLACEMENT_3D('',#89,#90,#91);
#89 = CARTESIAN_POINT('',(0.,0.,4.));
#90 = DIRECTION('',(0.,0.,-1.));
#91 = DIRECTION('',(0.937245897163,0.348669081294,0.));
#92 = PCURVE('',#33,#93);
#93 = DEFINITIONAL_REPRESENTATION('',(#94),#98);
#94 = LINE('',#95,#96);
#95 = CARTESIAN_POINT('',(-6.639336003558,-4.));
#96 = VECTOR('',#97,1.);
#97 = DIRECTION('',(1.,-0.));
#98 = ( GEOMETRIC_REPRESENTATION_CONTEXT(2) 
PARAMETRIC_REPRESENTATION_CONTEXT() REPRESENTATION_CONTEXT('2D SPACE',''
  ) );
#99 = PCURVE('',#100,#105);
#100 = PLANE('',#101);
#101 = AXIS2_PLACEMENT_3D('',#102,#103,#104);
#102 = CARTESIAN_POINT('',(-1.176292587131E-15,-1.518562030943E-15,4.));
#103 = DIRECTION('',(0.,0.,1.));
#104 = DIRECTION('',(1.,0.,-0.));
#105 = DEFINITIONAL_REPRESENTATION('',(#106),#114);
#106 = ( BOUNDED_CURVE() B_SPLINE_CURVE(2,(#107,#108,#109,#110,#111,#112
,#113),.UNSPECIFIED.,.T.,.F.) B_SPLINE_CURVE_WITH_KNOTS((1,2,2,2,2,1),(
    -2.094395102393,0.,2.094395102393,4.188790204786,6.28318530718,
8.377580409573),.UNSPECIFIED.) CURVE() GEOMETRIC_REPRESENTATION_ITEM() 
RATIONAL_B_SPLINE_CURVE((1.,0.5,1.,0.5,1.,0.5,1.)) REPRESENTATION_ITEM(
  '') );
#107 = CARTESIAN_POINT('',(34.865547374475,12.970489824145));
#108 = CARTESIAN_POINT('',(57.331094748949,-47.41840966214));
#109 = CARTESIAN_POINT('',(-6.200000000001,-36.67969465521));
#110 = CARTESIAN_POINT('',(-69.73109474895,-25.94097964828));
#111 = CARTESIAN_POINT('',(-28.66554737447,23.709204831073));
#112 = CARTESIAN_POINT('',(12.400000000001,73.359389310435));
#113 = CARTESIAN_POINT('',(34.865547374475,12.970489824145));
#114 = ( GEOMETRIC_REPRESENTATION_CONTEXT(2) 
PARAMETRIC_REPRESENTATION_CONTEXT() REPRESENTATION_CONTEXT('2D SPACE',''
  ) );
#115 = ORIENTED_EDGE('',*,*,#116,.T.);
#116 = EDGE_CURVE('',#84,#24,#117,.T.);
#117 = SURFACE_CURVE('',#118,(#122,#128),.PCURVE_S1.);
#118 = LINE('',#119,#120);
#119 = CARTESIAN_POINT('',(34.865547374475,12.970489824145,0.));
#120 = VECTOR('',#121,1.);
#121 = DIRECTION('',(-0.,-0.,-1.));
#122 = PCURVE('',#33,#123);
#123 = DEFINITIONAL_REPRESENTATION('',(#124),#127);
#124 = B_SPLINE_CURVE_WITH_KNOTS('',1,(#125,#126),.UNSPECIFIED.,.F.,.F.,
  (2,2),(-4.,0.),.PIECEWISE_BEZIER_KNOTS.);
#125 = CARTESIAN_POINT('',(-6.639336003558,-4.));
#126 = CARTESIAN_POINT('',(-6.639336003558,0.));
#127 = ( GEOMETRIC_REPRESENTATION_CONTEXT(2) 
PARAMETRIC_REPRESENTATION_CONTEXT() REPRESENTATION_CONTEXT('2D SPACE',''
  ) );
#128 = PCURVE('',#129,#134);
#129 = PLANE('',#130);
#130 = AXIS2_PLACEMENT_3D('',#131,#132,#133);
#131 = CARTESIAN_POINT('',(33.584094213212,12.230642496536,0.));
#132 = DIRECTION('',(-0.5,0.866025403784,0.));
#133 = DIRECTION('',(0.,0.,1.));
#134 = DEFINITIONAL_REPRESENTATION('',(#135),#138);
#135 = B_SPLINE_CURVE_WITH_KNOTS('',1,(#136,#137),.UNSPECIFIED.,.F.,.F.,
  (2,2),(-4.0000006,6.E-07),.PIECEWISE_BEZIER_KNOTS.);
#136 = CARTESIAN_POINT('',(4.0000006,1.479694655218));
#137 = CARTESIAN_POINT('',(-6.E-07,1.479694655218));
#138 = ( GEOMETRIC_REPRESENTATION_CONTEXT(2) 
PARAMETRIC_REPRESENTATION_CONTEXT() REPRESENTATION_CONTEXT('2D SPACE',''
  ) );
#139 = ADVANCED_FACE('',(#140),#45,.F.);
#140 = FACE_BOUND('',#141,.F.);
#141 = EDGE_LOOP('',(#142,#165,#166,#189,#217,#243,#276,#303,#330,#357,
    #390,#417,#444,#471,#504,#531,#558,#585,#618,#645,#672,#699,#732,
    #759,#786,#813,#846,#873,#900,#927,#960,#986,#1014,#1042,#1068,#1094
    ));
#142 = ORIENTED_EDGE('',*,*,#143,.F.);
#143 = EDGE_CURVE('',#22,#144,#146,.T.);
#144 = VERTEX_POINT('',#145);
#145 = CARTESIAN_POINT('',(30.891497098539,24.994357503464,0.));
#146 = SURFACE_CURVE('',#147,(#151,#158),.PCURVE_S1.);
#147 = LINE('',#148,#149);
#148 = CARTESIAN_POINT('',(27.384094213212,22.969357503464,0.));
#149 = VECTOR('',#150,1.);
#150 = DIRECTION('',(0.866025403784,0.5,0.));
#151 = PCURVE('',#45,#152);
#152 = DEFINITIONAL_REPRESENTATION('',(#153),#157);
#153 = LINE('',#154,#155);
#154 = CARTESIAN_POINT('',(27.384094213212,22.969357503464));
#155 = VECTOR('',#156,1.);
#156 = DIRECTION('',(0.866025403784,0.5));
#157 = ( GEOMETRIC_REPRESENTATION_CONTEXT(2) 
PARAMETRIC_REPRESENTATION_CONTEXT() REPRESENTATION_CONTEXT('2D SPACE',''
  ) );
#158 = PCURVE('',#72,#159);
#159 = DEFINITIONAL_REPRESENTATION('',(#160),#164);
#160 = LINE('',#161,#162);
#161 = CARTESIAN_POINT('',(0.,0.));
#162 = VECTOR('',#163,1.);
#163 = DIRECTION('',(0.,1.));
#164 = ( GEOMETRIC_REPRESENTATION_CONTEXT(2) 
PARAMETRIC_REPRESENTATION_CONTEXT() REPRESENTATION_CONTEXT('2D SPACE',''
  ) );
#165 = ORIENTED_EDGE('',*,*,#21,.T.);
#166 = ORIENTED_EDGE('',*,*,#167,.T.);
#167 = EDGE_CURVE('',#24,#168,#170,.T.);
#168 = VERTEX_POINT('',#169);
#169 = CARTESIAN_POINT('',(38.780246635919,15.230642496536,0.));
#170 = SURFACE_CURVE('',#171,(#175,#182),.PCURVE_S1.);
#171 = LINE('',#172,#173);
#172 = CARTESIAN_POINT('',(33.584094213212,12.230642496536,0.));
#173 = VECTOR('',#174,1.);
#174 = DIRECTION('',(0.866025403784,0.5,0.));
#175 = PCURVE('',#45,#176);
#176 = DEFINITIONAL_REPRESENTATION('',(#177),#181);
#177 = LINE('',#178,#179);
#178 = CARTESIAN_POINT('',(33.584094213212,12.230642496536));
#179 = VECTOR('',#180,1.);
#180 = DIRECTION('',(0.866025403784,0.5));
#181 = ( GEOMETRIC_REPRESENTATION_CONTEXT(2) 
PARAMETRIC_REPRESENTATION_CONTEXT() REPRESENTATION_CONTEXT('2D SPACE',''
  ) );
#182 = PCURVE('',#129,#183);
#183 = DEFINITIONAL_REPRESENTATION('',(#184),#188);
#184 = LINE('',#185,#186);
#185 = CARTESIAN_POINT('',(0.,0.));
#186 = VECTOR('',#187,1.);
#187 = DIRECTION('',(0.,1.));
#188 = ( GEOMETRIC_REPRESENTATION_CONTEXT(2) 
PARAMETRIC_REPRESENTATION_CONTEXT() REPRESENTATION_CONTEXT('2D SPACE',''
  ) );
#189 = ORIENTED_EDGE('',*,*,#190,.T.);
#190 = EDGE_CURVE('',#168,#191,#193,.T.);
#191 = VERTEX_POINT('',#192);
#192 = CARTESIAN_POINT('',(36.030246635919,19.993782217351,0.));
#193 = SURFACE_CURVE('',#194,(#198,#205),.PCURVE_S1.);
#194 = LINE('',#195,#196);
#195 = CARTESIAN_POINT('',(38.780246635919,15.230642496536,0.));
#196 = VECTOR('',#197,1.);
#197 = DIRECTION('',(-0.5,0.866025403784,0.));
#198 = PCURVE('',#45,#199);
#199 = DEFINITIONAL_REPRESENTATION('',(#200),#204);
#200 = LINE('',#201,#202);
#201 = CARTESIAN_POINT('',(38.780246635919,15.230642496536));
#202 = VECTOR('',#203,1.);
#203 = DIRECTION('',(-0.5,0.866025403784));
#204 = ( GEOMETRIC_REPRESENTATION_CONTEXT(2) 
PARAMETRIC_REPRESENTATION_CONTEXT() REPRESENTATION_CONTEXT('2D SPACE',''
  ) );
#205 = PCURVE('',#206,#211);
#206 = PLANE('',#207);
#207 = AXIS2_PLACEMENT_3D('',#208,#209,#210);
#208 = CARTESIAN_POINT('',(38.780246635919,15.230642496536,0.));
#209 = DIRECTION('',(0.866025403784,0.5,0.));
#210 = DIRECTION('',(0.,0.,1.));
#211 = DEFINITIONAL_REPRESENTATION('',(#212),#216);
#212 = LINE('',#213,#214);
#213 = CARTESIAN_POINT('',(0.,0.));
#214 = VECTOR('',#215,1.);
#215 = DIRECTION('',(0.,-1.));
#216 = ( GEOMETRIC_REPRESENTATION_CONTEXT(2) 
PARAMETRIC_REPRESENTATION_CONTEXT() REPRESENTATION_CONTEXT('2D SPACE',''
  ) );
#217 = ORIENTED_EDGE('',*,*,#218,.T.);
#218 = EDGE_CURVE('',#191,#219,#221,.T.);
#219 = VERTEX_POINT('',#220);
#220 = CARTESIAN_POINT('',(29.312205976065,16.115119633957,0.));
#221 = SURFACE_CURVE('',#222,(#226,#232),.PCURVE_S1.);
#222 = LINE('',#223,#224);
#223 = CARTESIAN_POINT('',(0.35,-0.606217782649,0.));
#224 = VECTOR('',#225,1.);
#225 = DIRECTION('',(-0.866025403784,-0.5,0.));
#226 = PCURVE('',#45,#227);
#227 = DEFINITIONAL_REPRESENTATION('',(#228),#231);
#228 = B_SPLINE_CURVE_WITH_KNOTS('',1,(#229,#230),.UNSPECIFIED.,.F.,.F.,
  (2,2),(-44.2,-8.950815451593E-16),.PIECEWISE_BEZIER_KNOTS.);
#229 = CARTESIAN_POINT('',(38.628322847272,21.493782217351));
#230 = CARTESIAN_POINT('',(0.35,-0.606217782649));
#231 = ( GEOMETRIC_REPRESENTATION_CONTEXT(2) 
PARAMETRIC_REPRESENTATION_CONTEXT() REPRESENTATION_CONTEXT('2D SPACE',''
  ) );
#232 = PCURVE('',#233,#238);
#233 = PLANE('',#234);
#234 = AXIS2_PLACEMENT_3D('',#235,#236,#237);
#235 = CARTESIAN_POINT('',(0.35,-0.606217782649,-0.5));
#236 = DIRECTION('',(-0.5,0.866025403784,0.));
#237 = DIRECTION('',(0.,0.,1.));
#238 = DEFINITIONAL_REPRESENTATION('',(#239),#242);
#239 = B_SPLINE_CURVE_WITH_KNOTS('',1,(#240,#241),.UNSPECIFIED.,.F.,.F.,
  (2,2),(-44.2,-8.950815451593E-16),.PIECEWISE_BEZIER_KNOTS.);
#240 = CARTESIAN_POINT('',(0.5,44.2));
#241 = CARTESIAN_POINT('',(0.5,0.));
#242 = ( GEOMETRIC_REPRESENTATION_CONTEXT(2) 
PARAMETRIC_REPRESENTATION_CONTEXT() REPRESENTATION_CONTEXT('2D SPACE',''
  ) );
#243 = ORIENTED_EDGE('',*,*,#244,.T.);
#244 = EDGE_CURVE('',#219,#245,#247,.T.);
#245 = VERTEX_POINT('',#246);
#246 = CARTESIAN_POINT('',(33.430225844286,1.15,0.));
#247 = SURFACE_CURVE('',#248,(#253,#264),.PCURVE_S1.);
#248 = CIRCLE('',#249,33.45);
#249 = AXIS2_PLACEMENT_3D('',#250,#251,#252);
#250 = CARTESIAN_POINT('',(0.,0.,0.));
#251 = DIRECTION('',(0.,0.,-1.));
#252 = DIRECTION('',(1.,0.,0.));
#253 = PCURVE('',#45,#254);
#254 = DEFINITIONAL_REPRESENTATION('',(#255),#263);
#255 = ( BOUNDED_CURVE() B_SPLINE_CURVE(2,(#256,#257,#258,#259,#260,#261
,#262),.UNSPECIFIED.,.T.,.F.) B_SPLINE_CURVE_WITH_KNOTS((1,2,2,2,2,1),(
    -2.094395102393,0.,2.094395102393,4.188790204786,6.28318530718,
8.377580409573),.UNSPECIFIED.) CURVE() GEOMETRIC_REPRESENTATION_ITEM() 
RATIONAL_B_SPLINE_CURVE((1.,0.5,1.,0.5,1.,0.5,1.)) REPRESENTATION_ITEM(
  '') );
#256 = CARTESIAN_POINT('',(33.45,1.518562030943E-15));
#257 = CARTESIAN_POINT('',(33.45,-57.93709951317));
#258 = CARTESIAN_POINT('',(-16.725,-28.96854975658));
#259 = CARTESIAN_POINT('',(-66.9,-6.674325055353E-15));
#260 = CARTESIAN_POINT('',(-16.725,28.968549756589));
#261 = CARTESIAN_POINT('',(33.45,57.937099513179));
#262 = CARTESIAN_POINT('',(33.45,1.518562030943E-15));
#263 = ( GEOMETRIC_REPRESENTATION_CONTEXT(2) 
PARAMETRIC_REPRESENTATION_CONTEXT() REPRESENTATION_CONTEXT('2D SPACE',''
  ) );
#264 = PCURVE('',#265,#270);
#265 = CYLINDRICAL_SURFACE('',#266,33.45);
#266 = AXIS2_PLACEMENT_3D('',#267,#268,#269);
#267 = CARTESIAN_POINT('',(0.,0.,-1.));
#268 = DIRECTION('',(-0.,-0.,-1.));
#269 = DIRECTION('',(1.,0.,0.));
#270 = DEFINITIONAL_REPRESENTATION('',(#271),#275);
#271 = LINE('',#272,#273);
#272 = CARTESIAN_POINT('',(-6.28318530718,-1.));
#273 = VECTOR('',#274,1.);
#274 = DIRECTION('',(1.,-0.));
#275 = ( GEOMETRIC_REPRESENTATION_CONTEXT(2) 
PARAMETRIC_REPRESENTATION_CONTEXT() REPRESENTATION_CONTEXT('2D SPACE',''
  ) );
#276 = ORIENTED_EDGE('',*,*,#277,.F.);
#277 = EDGE_CURVE('',#278,#245,#280,.T.);
#278 = VERTEX_POINT('',#279);
#279 = CARTESIAN_POINT('',(34.2,1.15,0.));
#280 = SURFACE_CURVE('',#281,(#285,#292),.PCURVE_S1.);
#281 = LINE('',#282,#283);
#282 = CARTESIAN_POINT('',(16.35,1.15,0.));
#283 = VECTOR('',#284,1.);
#284 = DIRECTION('',(-1.,0.,0.));
#285 = PCURVE('',#45,#286);
#286 = DEFINITIONAL_REPRESENTATION('',(#287),#291);
#287 = LINE('',#288,#289);
#288 = CARTESIAN_POINT('',(16.35,1.15));
#289 = VECTOR('',#290,1.);
#290 = DIRECTION('',(-1.,0.));
#291 = ( GEOMETRIC_REPRESENTATION_CONTEXT(2) 
PARAMETRIC_REPRESENTATION_CONTEXT() REPRESENTATION_CONTEXT('2D SPACE',''
  ) );
#292 = PCURVE('',#293,#298);
#293 = PLANE('',#294);
#294 = AXIS2_PLACEMENT_3D('',#295,#296,#297);
#295 = CARTESIAN_POINT('',(32.7,1.15,-0.5));
#296 = DIRECTION('',(0.,1.,0.));
#297 = DIRECTION('',(0.,0.,1.));
#298 = DEFINITIONAL_REPRESENTATION('',(#299),#302);
#299 = B_SPLINE_CURVE_WITH_KNOTS('',1,(#300,#301),.UNSPECIFIED.,.F.,.F.,
  (2,2),(-17.85,-16.35),.PIECEWISE_BEZIER_KNOTS.);
#300 = CARTESIAN_POINT('',(0.5,1.5));
#301 = CARTESIAN_POINT('',(0.5,0.));
#302 = ( GEOMETRIC_REPRESENTATION_CONTEXT(2) 
PARAMETRIC_REPRESENTATION_CONTEXT() REPRESENTATION_CONTEXT('2D SPACE',''
  ) );
#303 = ORIENTED_EDGE('',*,*,#304,.F.);
#304 = EDGE_CURVE('',#305,#278,#307,.T.);
#305 = VERTEX_POINT('',#306);
#306 = CARTESIAN_POINT('',(34.2,-1.15,0.));
#307 = SURFACE_CURVE('',#308,(#312,#319),.PCURVE_S1.);
#308 = LINE('',#309,#310);
#309 = CARTESIAN_POINT('',(34.2,-0.575,0.));
#310 = VECTOR('',#311,1.);
#311 = DIRECTION('',(0.,1.,0.));
#312 = PCURVE('',#45,#313);
#313 = DEFINITIONAL_REPRESENTATION('',(#314),#318);
#314 = LINE('',#315,#316);
#315 = CARTESIAN_POINT('',(34.2,-0.575));
#316 = VECTOR('',#317,1.);
#317 = DIRECTION('',(0.,1.));
#318 = ( GEOMETRIC_REPRESENTATION_CONTEXT(2) 
PARAMETRIC_REPRESENTATION_CONTEXT() REPRESENTATION_CONTEXT('2D SPACE',''
  ) );
#319 = PCURVE('',#320,#325);
#320 = PLANE('',#321);
#321 = AXIS2_PLACEMENT_3D('',#322,#323,#324);
#322 = CARTESIAN_POINT('',(34.2,-1.15,-0.5));
#323 = DIRECTION('',(1.,0.,0.));
#324 = DIRECTION('',(0.,0.,1.));
#325 = DEFINITIONAL_REPRESENTATION('',(#326),#329);
#326 = B_SPLINE_CURVE_WITH_KNOTS('',1,(#327,#328),.UNSPECIFIED.,.F.,.F.,
  (2,2),(-0.575,1.725),.PIECEWISE_BEZIER_KNOTS.);
#327 = CARTESIAN_POINT('',(0.5,0.));
#328 = CARTESIAN_POINT('',(0.5,-2.3));
#329 = ( GEOMETRIC_REPRESENTATION_CONTEXT(2) 
PARAMETRIC_REPRESENTATION_CONTEXT() REPRESENTATION_CONTEXT('2D SPACE',''
  ) );
#330 = ORIENTED_EDGE('',*,*,#331,.T.);
#331 = EDGE_CURVE('',#305,#332,#334,.T.);
#332 = VERTEX_POINT('',#333);
#333 = CARTESIAN_POINT('',(33.430225844286,-1.15,0.));
#334 = SURFACE_CURVE('',#335,(#339,#346),.PCURVE_S1.);
#335 = LINE('',#336,#337);
#336 = CARTESIAN_POINT('',(16.35,-1.15,0.));
#337 = VECTOR('',#338,1.);
#338 = DIRECTION('',(-1.,0.,0.));
#339 = PCURVE('',#45,#340);
#340 = DEFINITIONAL_REPRESENTATION('',(#341),#345);
#341 = LINE('',#342,#343);
#342 = CARTESIAN_POINT('',(16.35,-1.15));
#343 = VECTOR('',#344,1.);
#344 = DIRECTION('',(-1.,0.));
#345 = ( GEOMETRIC_REPRESENTATION_CONTEXT(2) 
PARAMETRIC_REPRESENTATION_CONTEXT() REPRESENTATION_CONTEXT('2D SPACE',''
  ) );
#346 = PCURVE('',#347,#352);
#347 = PLANE('',#348);
#348 = AXIS2_PLACEMENT_3D('',#349,#350,#351);
#349 = CARTESIAN_POINT('',(32.7,-1.15,-0.5));
#350 = DIRECTION('',(0.,1.,0.));
#351 = DIRECTION('',(0.,0.,1.));
#352 = DEFINITIONAL_REPRESENTATION('',(#353),#356);
#353 = B_SPLINE_CURVE_WITH_KNOTS('',1,(#354,#355),.UNSPECIFIED.,.F.,.F.,
  (2,2),(-17.85,-16.35),.PIECEWISE_BEZIER_KNOTS.);
#354 = CARTESIAN_POINT('',(0.5,1.5));
#355 = CARTESIAN_POINT('',(0.5,0.));
#356 = ( GEOMETRIC_REPRESENTATION_CONTEXT(2) 
PARAMETRIC_REPRESENTATION_CONTEXT() REPRESENTATION_CONTEXT('2D SPACE',''
  ) );
#357 = ORIENTED_EDGE('',*,*,#358,.T.);
#358 = EDGE_CURVE('',#332,#359,#361,.T.);
#359 = VERTEX_POINT('',#360);
#360 = CARTESIAN_POINT('',(17.711042136495,-28.3764248354,0.));
#361 = SURFACE_CURVE('',#362,(#367,#378),.PCURVE_S1.);
#362 = CIRCLE('',#363,33.45);
#363 = AXIS2_PLACEMENT_3D('',#364,#365,#366);
#364 = CARTESIAN_POINT('',(0.,0.,0.));
#365 = DIRECTION('',(0.,0.,-1.));
#366 = DIRECTION('',(1.,0.,0.));
#367 = PCURVE('',#45,#368);
#368 = DEFINITIONAL_REPRESENTATION('',(#369),#377);
#369 = ( BOUNDED_CURVE() B_SPLINE_CURVE(2,(#370,#371,#372,#373,#374,#375
,#376),.UNSPECIFIED.,.T.,.F.) B_SPLINE_CURVE_WITH_KNOTS((1,2,2,2,2,1),(
    -2.094395102393,0.,2.094395102393,4.188790204786,6.28318530718,
8.377580409573),.UNSPECIFIED.) CURVE() GEOMETRIC_REPRESENTATION_ITEM() 
RATIONAL_B_SPLINE_CURVE((1.,0.5,1.,0.5,1.,0.5,1.)) REPRESENTATION_ITEM(
  '') );
#370 = CARTESIAN_POINT('',(33.45,1.518562030943E-15));
#371 = CARTESIAN_POINT('',(33.45,-57.93709951317));
#372 = CARTESIAN_POINT('',(-16.725,-28.96854975658));
#373 = CARTESIAN_POINT('',(-66.9,-6.674325055353E-15));
#374 = CARTESIAN_POINT('',(-16.725,28.968549756589));
#375 = CARTESIAN_POINT('',(33.45,57.937099513179));
#376 = CARTESIAN_POINT('',(33.45,1.518562030943E-15));
#377 = ( GEOMETRIC_REPRESENTATION_CONTEXT(2) 
PARAMETRIC_REPRESENTATION_CONTEXT() REPRESENTATION_CONTEXT('2D SPACE',''
  ) );
#378 = PCURVE('',#379,#384);
#379 = CYLINDRICAL_SURFACE('',#380,33.45);
#380 = AXIS2_PLACEMENT_3D('',#381,#382,#383);
#381 = CARTESIAN_POINT('',(0.,0.,-1.));
#382 = DIRECTION('',(-0.,-0.,-1.));
#383 = DIRECTION('',(1.,0.,0.));
#384 = DEFINITIONAL_REPRESENTATION('',(#385),#389);
#385 = LINE('',#386,#387);
#386 = CARTESIAN_POINT('',(-6.28318530718,-1.));
#387 = VECTOR('',#388,1.);
#388 = DIRECTION('',(1.,-0.));
#389 = ( GEOMETRIC_REPRESENTATION_CONTEXT(2) 
PARAMETRIC_REPRESENTATION_CONTEXT() REPRESENTATION_CONTEXT('2D SPACE',''
  ) );
#390 = ORIENTED_EDGE('',*,*,#391,.F.);
#391 = EDGE_CURVE('',#392,#359,#394,.T.);
#392 = VERTEX_POINT('',#393);
#393 = CARTESIAN_POINT('',(18.095929214352,-29.04306880942,0.));
#394 = SURFACE_CURVE('',#395,(#399,#406),.PCURVE_S1.);
#395 = LINE('',#396,#397);
#396 = CARTESIAN_POINT('',(9.170929214352,-13.58451535187,0.));
#397 = VECTOR('',#398,1.);
#398 = DIRECTION('',(-0.5,0.866025403784,0.));
#399 = PCURVE('',#45,#400);
#400 = DEFINITIONAL_REPRESENTATION('',(#401),#405);
#401 = LINE('',#402,#403);
#402 = CARTESIAN_POINT('',(9.170929214352,-13.58451535187));
#403 = VECTOR('',#404,1.);
#404 = DIRECTION('',(-0.5,0.866025403784));
#405 = ( GEOMETRIC_REPRESENTATION_CONTEXT(2) 
PARAMETRIC_REPRESENTATION_CONTEXT() REPRESENTATION_CONTEXT('2D SPACE',''
  ) );
#406 = PCURVE('',#407,#412);
#407 = PLANE('',#408);
#408 = AXIS2_PLACEMENT_3D('',#409,#410,#411);
#409 = CARTESIAN_POINT('',(17.345929214352,-27.74403070375,-0.5));
#410 = DIRECTION('',(0.866025403784,0.5,0.));
#411 = DIRECTION('',(0.,0.,1.));
#412 = DEFINITIONAL_REPRESENTATION('',(#413),#416);
#413 = B_SPLINE_CURVE_WITH_KNOTS('',1,(#414,#415),.UNSPECIFIED.,.F.,.F.,
  (2,2),(-17.85,-16.35),.PIECEWISE_BEZIER_KNOTS.);
#414 = CARTESIAN_POINT('',(0.5,1.5));
#415 = CARTESIAN_POINT('',(0.5,0.));
#416 = ( GEOMETRIC_REPRESENTATION_CONTEXT(2) 
PARAMETRIC_REPRESENTATION_CONTEXT() REPRESENTATION_CONTEXT('2D SPACE',''
  ) );
#417 = ORIENTED_EDGE('',*,*,#418,.F.);
#418 = EDGE_CURVE('',#419,#392,#421,.T.);
#419 = VERTEX_POINT('',#420);
#420 = CARTESIAN_POINT('',(16.104070785648,-30.19306880942,0.));
#421 = SURFACE_CURVE('',#422,(#426,#433),.PCURVE_S1.);
#422 = LINE('',#423,#424);
#423 = CARTESIAN_POINT('',(16.602035392824,-29.90556880942,0.));
#424 = VECTOR('',#425,1.);
#425 = DIRECTION('',(0.866025403784,0.5,-0.));
#426 = PCURVE('',#45,#427);
#427 = DEFINITIONAL_REPRESENTATION('',(#428),#432);
#428 = LINE('',#429,#430);
#429 = CARTESIAN_POINT('',(16.602035392824,-29.90556880942));
#430 = VECTOR('',#431,1.);
#431 = DIRECTION('',(0.866025403784,0.5));
#432 = ( GEOMETRIC_REPRESENTATION_CONTEXT(2) 
PARAMETRIC_REPRESENTATION_CONTEXT() REPRESENTATION_CONTEXT('2D SPACE',''
  ) );
#433 = PCURVE('',#434,#439);
#434 = PLANE('',#435);
#435 = AXIS2_PLACEMENT_3D('',#436,#437,#438);
#436 = CARTESIAN_POINT('',(16.104070785648,-30.19306880942,-0.5));
#437 = DIRECTION('',(0.5,-0.866025403784,0.));
#438 = DIRECTION('',(0.,0.,1.));
#439 = DEFINITIONAL_REPRESENTATION('',(#440),#443);
#440 = B_SPLINE_CURVE_WITH_KNOTS('',1,(#441,#442),.UNSPECIFIED.,.F.,.F.,
  (2,2),(-0.575,1.725),.PIECEWISE_BEZIER_KNOTS.);
#441 = CARTESIAN_POINT('',(0.5,0.));
#442 = CARTESIAN_POINT('',(0.5,-2.3));
#443 = ( GEOMETRIC_REPRESENTATION_CONTEXT(2) 
PARAMETRIC_REPRESENTATION_CONTEXT() REPRESENTATION_CONTEXT('2D SPACE',''
  ) );
#444 = ORIENTED_EDGE('',*,*,#445,.T.);
#445 = EDGE_CURVE('',#419,#446,#448,.T.);
#446 = VERTEX_POINT('',#447);
#447 = CARTESIAN_POINT('',(15.719183707791,-29.5264248354,0.));
#448 = SURFACE_CURVE('',#449,(#453,#460),.PCURVE_S1.);
#449 = LINE('',#450,#451);
#450 = CARTESIAN_POINT('',(7.179070785648,-14.73451535187,0.));
#451 = VECTOR('',#452,1.);
#452 = DIRECTION('',(-0.5,0.866025403784,0.));
#453 = PCURVE('',#45,#454);
#454 = DEFINITIONAL_REPRESENTATION('',(#455),#459);
#455 = LINE('',#456,#457);
#456 = CARTESIAN_POINT('',(7.179070785648,-14.73451535187));
#457 = VECTOR('',#458,1.);
#458 = DIRECTION('',(-0.5,0.866025403784));
#459 = ( GEOMETRIC_REPRESENTATION_CONTEXT(2) 
PARAMETRIC_REPRESENTATION_CONTEXT() REPRESENTATION_CONTEXT('2D SPACE',''
  ) );
#460 = PCURVE('',#461,#466);
#461 = PLANE('',#462);
#462 = AXIS2_PLACEMENT_3D('',#463,#464,#465);
#463 = CARTESIAN_POINT('',(15.354070785648,-28.89403070375,-0.5));
#464 = DIRECTION('',(0.866025403784,0.5,0.));
#465 = DIRECTION('',(0.,0.,1.));
#466 = DEFINITIONAL_REPRESENTATION('',(#467),#470);
#467 = B_SPLINE_CURVE_WITH_KNOTS('',1,(#468,#469),.UNSPECIFIED.,.F.,.F.,
  (2,2),(-17.85,-16.35),.PIECEWISE_BEZIER_KNOTS.);
#468 = CARTESIAN_POINT('',(0.5,1.5));
#469 = CARTESIAN_POINT('',(0.5,0.));
#470 = ( GEOMETRIC_REPRESENTATION_CONTEXT(2) 
PARAMETRIC_REPRESENTATION_CONTEXT() REPRESENTATION_CONTEXT('2D SPACE',''
  ) );
#471 = ORIENTED_EDGE('',*,*,#472,.T.);
#472 = EDGE_CURVE('',#446,#473,#475,.T.);
#473 = VERTEX_POINT('',#474);
#474 = CARTESIAN_POINT('',(-15.71918370779,-29.5264248354,0.));
#475 = SURFACE_CURVE('',#476,(#481,#492),.PCURVE_S1.);
#476 = CIRCLE('',#477,33.45);
#477 = AXIS2_PLACEMENT_3D('',#478,#479,#480);
#478 = CARTESIAN_POINT('',(0.,0.,0.));
#479 = DIRECTION('',(0.,0.,-1.));
#480 = DIRECTION('',(1.,0.,0.));
#481 = PCURVE('',#45,#482);
#482 = DEFINITIONAL_REPRESENTATION('',(#483),#491);
#483 = ( BOUNDED_CURVE() B_SPLINE_CURVE(2,(#484,#485,#486,#487,#488,#489
,#490),.UNSPECIFIED.,.T.,.F.) B_SPLINE_CURVE_WITH_KNOTS((1,2,2,2,2,1),(
    -2.094395102393,0.,2.094395102393,4.188790204786,6.28318530718,
8.377580409573),.UNSPECIFIED.) CURVE() GEOMETRIC_REPRESENTATION_ITEM() 
RATIONAL_B_SPLINE_CURVE((1.,0.5,1.,0.5,1.,0.5,1.)) REPRESENTATION_ITEM(
  '') );
#484 = CARTESIAN_POINT('',(33.45,1.518562030943E-15));
#485 = CARTESIAN_POINT('',(33.45,-57.93709951317));
#486 = CARTESIAN_POINT('',(-16.725,-28.96854975658));
#487 = CARTESIAN_POINT('',(-66.9,-6.674325055353E-15));
#488 = CARTESIAN_POINT('',(-16.725,28.968549756589));
#489 = CARTESIAN_POINT('',(33.45,57.937099513179));
#490 = CARTESIAN_POINT('',(33.45,1.518562030943E-15));
#491 = ( GEOMETRIC_REPRESENTATION_CONTEXT(2) 
PARAMETRIC_REPRESENTATION_CONTEXT() REPRESENTATION_CONTEXT('2D SPACE',''
  ) );
#492 = PCURVE('',#493,#498);
#493 = CYLINDRICAL_SURFACE('',#494,33.45);
#494 = AXIS2_PLACEMENT_3D('',#495,#496,#497);
#495 = CARTESIAN_POINT('',(0.,0.,-1.));
#496 = DIRECTION('',(-0.,-0.,-1.));
#497 = DIRECTION('',(1.,0.,0.));
#498 = DEFINITIONAL_REPRESENTATION('',(#499),#503);
#499 = LINE('',#500,#501);
#500 = CARTESIAN_POINT('',(-6.28318530718,-1.));
#501 = VECTOR('',#502,1.);
#502 = DIRECTION('',(1.,-0.));
#503 = ( GEOMETRIC_REPRESENTATION_CONTEXT(2) 
PARAMETRIC_REPRESENTATION_CONTEXT() REPRESENTATION_CONTEXT('2D SPACE',''
  ) );
#504 = ORIENTED_EDGE('',*,*,#505,.F.);
#505 = EDGE_CURVE('',#506,#473,#508,.T.);
#506 = VERTEX_POINT('',#507);
#507 = CARTESIAN_POINT('',(-16.10407078564,-30.19306880942,0.));
#508 = SURFACE_CURVE('',#509,(#513,#520),.PCURVE_S1.);
#509 = LINE('',#510,#511);
#510 = CARTESIAN_POINT('',(-7.179070785648,-14.73451535187,0.));
#511 = VECTOR('',#512,1.);
#512 = DIRECTION('',(0.5,0.866025403784,-0.));
#513 = PCURVE('',#45,#514);
#514 = DEFINITIONAL_REPRESENTATION('',(#515),#519);
#515 = LINE('',#516,#517);
#516 = CARTESIAN_POINT('',(-7.179070785648,-14.73451535187));
#517 = VECTOR('',#518,1.);
#518 = DIRECTION('',(0.5,0.866025403784));
#519 = ( GEOMETRIC_REPRESENTATION_CONTEXT(2) 
PARAMETRIC_REPRESENTATION_CONTEXT() REPRESENTATION_CONTEXT('2D SPACE',''
  ) );
#520 = PCURVE('',#521,#526);
#521 = PLANE('',#522);
#522 = AXIS2_PLACEMENT_3D('',#523,#524,#525);
#523 = CARTESIAN_POINT('',(-15.35407078564,-28.89403070375,-0.5));
#524 = DIRECTION('',(0.866025403784,-0.5,0.));
#525 = DIRECTION('',(0.,0.,1.));
#526 = DEFINITIONAL_REPRESENTATION('',(#527),#530);
#527 = B_SPLINE_CURVE_WITH_KNOTS('',1,(#528,#529),.UNSPECIFIED.,.F.,.F.,
  (2,2),(-17.85,-16.35),.PIECEWISE_BEZIER_KNOTS.);
#528 = CARTESIAN_POINT('',(0.5,1.5));
#529 = CARTESIAN_POINT('',(0.5,0.));
#530 = ( GEOMETRIC_REPRESENTATION_CONTEXT(2) 
PARAMETRIC_REPRESENTATION_CONTEXT() REPRESENTATION_CONTEXT('2D SPACE',''
  ) );
#531 = ORIENTED_EDGE('',*,*,#532,.F.);
#532 = EDGE_CURVE('',#533,#506,#535,.T.);
#533 = VERTEX_POINT('',#534);
#534 = CARTESIAN_POINT('',(-18.09592921435,-29.04306880942,0.));
#535 = SURFACE_CURVE('',#536,(#540,#547),.PCURVE_S1.);
#536 = LINE('',#537,#538);
#537 = CARTESIAN_POINT('',(-17.59796460717,-29.33056880942,0.));
#538 = VECTOR('',#539,1.);
#539 = DIRECTION('',(0.866025403784,-0.5,0.));
#540 = PCURVE('',#45,#541);
#541 = DEFINITIONAL_REPRESENTATION('',(#542),#546);
#542 = LINE('',#543,#544);
#543 = CARTESIAN_POINT('',(-17.59796460717,-29.33056880942));
#544 = VECTOR('',#545,1.);
#545 = DIRECTION('',(0.866025403784,-0.5));
#546 = ( GEOMETRIC_REPRESENTATION_CONTEXT(2) 
PARAMETRIC_REPRESENTATION_CONTEXT() REPRESENTATION_CONTEXT('2D SPACE',''
  ) );
#547 = PCURVE('',#548,#553);
#548 = PLANE('',#549);
#549 = AXIS2_PLACEMENT_3D('',#550,#551,#552);
#550 = CARTESIAN_POINT('',(-18.09592921435,-29.04306880942,-0.5));
#551 = DIRECTION('',(-0.5,-0.866025403784,0.));
#552 = DIRECTION('',(0.,0.,1.));
#553 = DEFINITIONAL_REPRESENTATION('',(#554),#557);
#554 = B_SPLINE_CURVE_WITH_KNOTS('',1,(#555,#556),.UNSPECIFIED.,.F.,.F.,
  (2,2),(-0.575,1.725),.PIECEWISE_BEZIER_KNOTS.);
#555 = CARTESIAN_POINT('',(0.5,0.));
#556 = CARTESIAN_POINT('',(0.5,-2.3));
#557 = ( GEOMETRIC_REPRESENTATION_CONTEXT(2) 
PARAMETRIC_REPRESENTATION_CONTEXT() REPRESENTATION_CONTEXT('2D SPACE',''
  ) );
#558 = ORIENTED_EDGE('',*,*,#559,.T.);
#559 = EDGE_CURVE('',#533,#560,#562,.T.);
#560 = VERTEX_POINT('',#561);
#561 = CARTESIAN_POINT('',(-17.71104213649,-28.3764248354,0.));
#562 = SURFACE_CURVE('',#563,(#567,#574),.PCURVE_S1.);
#563 = LINE('',#564,#565);
#564 = CARTESIAN_POINT('',(-9.170929214352,-13.58451535187,0.));
#565 = VECTOR('',#566,1.);
#566 = DIRECTION('',(0.5,0.866025403784,-0.));
#567 = PCURVE('',#45,#568);
#568 = DEFINITIONAL_REPRESENTATION('',(#569),#573);
#569 = LINE('',#570,#571);
#570 = CARTESIAN_POINT('',(-9.170929214352,-13.58451535187));
#571 = VECTOR('',#572,1.);
#572 = DIRECTION('',(0.5,0.866025403784));
#573 = ( GEOMETRIC_REPRESENTATION_CONTEXT(2) 
PARAMETRIC_REPRESENTATION_CONTEXT() REPRESENTATION_CONTEXT('2D SPACE',''
  ) );
#574 = PCURVE('',#575,#580);
#575 = PLANE('',#576);
#576 = AXIS2_PLACEMENT_3D('',#577,#578,#579);
#577 = CARTESIAN_POINT('',(-17.34592921435,-27.74403070375,-0.5));
#578 = DIRECTION('',(0.866025403784,-0.5,0.));
#579 = DIRECTION('',(0.,0.,1.));
#580 = DEFINITIONAL_REPRESENTATION('',(#581),#584);
#581 = B_SPLINE_CURVE_WITH_KNOTS('',1,(#582,#583),.UNSPECIFIED.,.F.,.F.,
  (2,2),(-17.85,-16.35),.PIECEWISE_BEZIER_KNOTS.);
#582 = CARTESIAN_POINT('',(0.5,1.5));
#583 = CARTESIAN_POINT('',(0.5,0.));
#584 = ( GEOMETRIC_REPRESENTATION_CONTEXT(2) 
PARAMETRIC_REPRESENTATION_CONTEXT() REPRESENTATION_CONTEXT('2D SPACE',''
  ) );
#585 = ORIENTED_EDGE('',*,*,#586,.T.);
#586 = EDGE_CURVE('',#560,#587,#589,.T.);
#587 = VERTEX_POINT('',#588);
#588 = CARTESIAN_POINT('',(-33.43022584428,-1.15,0.));
#589 = SURFACE_CURVE('',#590,(#595,#606),.PCURVE_S1.);
#590 = CIRCLE('',#591,33.45);
#591 = AXIS2_PLACEMENT_3D('',#592,#593,#594);
#592 = CARTESIAN_POINT('',(0.,0.,0.));
#593 = DIRECTION('',(0.,0.,-1.));
#594 = DIRECTION('',(1.,0.,0.));
#595 = PCURVE('',#45,#596);
#596 = DEFINITIONAL_REPRESENTATION('',(#597),#605);
#597 = ( BOUNDED_CURVE() B_SPLINE_CURVE(2,(#598,#599,#600,#601,#602,#603
,#604),.UNSPECIFIED.,.T.,.F.) B_SPLINE_CURVE_WITH_KNOTS((1,2,2,2,2,1),(
    -2.094395102393,0.,2.094395102393,4.188790204786,6.28318530718,
8.377580409573),.UNSPECIFIED.) CURVE() GEOMETRIC_REPRESENTATION_ITEM() 
RATIONAL_B_SPLINE_CURVE((1.,0.5,1.,0.5,1.,0.5,1.)) REPRESENTATION_ITEM(
  '') );
#598 = CARTESIAN_POINT('',(33.45,1.518562030943E-15));
#599 = CARTESIAN_POINT('',(33.45,-57.93709951317));
#600 = CARTESIAN_POINT('',(-16.725,-28.96854975658));
#601 = CARTESIAN_POINT('',(-66.9,-6.674325055353E-15));
#602 = CARTESIAN_POINT('',(-16.725,28.968549756589));
#603 = CARTESIAN_POINT('',(33.45,57.937099513179));
#604 = CARTESIAN_POINT('',(33.45,1.518562030943E-15));
#605 = ( GEOMETRIC_REPRESENTATION_CONTEXT(2) 
PARAMETRIC_REPRESENTATION_CONTEXT() REPRESENTATION_CONTEXT('2D SPACE',''
  ) );
#606 = PCURVE('',#607,#612);
#607 = CYLINDRICAL_SURFACE('',#608,33.45);
#608 = AXIS2_PLACEMENT_3D('',#609,#610,#611);
#609 = CARTESIAN_POINT('',(0.,0.,-1.));
#610 = DIRECTION('',(-0.,-0.,-1.));
#611 = DIRECTION('',(1.,0.,0.));
#612 = DEFINITIONAL_REPRESENTATION('',(#613),#617);
#613 = LINE('',#614,#615);
#614 = CARTESIAN_POINT('',(-6.28318530718,-1.));
#615 = VECTOR('',#616,1.);
#616 = DIRECTION('',(1.,-0.));
#617 = ( GEOMETRIC_REPRESENTATION_CONTEXT(2) 
PARAMETRIC_REPRESENTATION_CONTEXT() REPRESENTATION_CONTEXT('2D SPACE',''
  ) );
#618 = ORIENTED_EDGE('',*,*,#619,.F.);
#619 = EDGE_CURVE('',#620,#587,#622,.T.);
#620 = VERTEX_POINT('',#621);
#621 = CARTESIAN_POINT('',(-34.2,-1.15,0.));
#622 = SURFACE_CURVE('',#623,(#627,#634),.PCURVE_S1.);
#623 = LINE('',#624,#625);
#624 = CARTESIAN_POINT('',(-16.35,-1.15,0.));
#625 = VECTOR('',#626,1.);
#626 = DIRECTION('',(1.,-1.224646799147E-16,0.));
#627 = PCURVE('',#45,#628);
#628 = DEFINITIONAL_REPRESENTATION('',(#629),#633);
#629 = LINE('',#630,#631);
#630 = CARTESIAN_POINT('',(-16.35,-1.15));
#631 = VECTOR('',#632,1.);
#632 = DIRECTION('',(1.,-1.224646799147E-16));
#633 = ( GEOMETRIC_REPRESENTATION_CONTEXT(2) 
PARAMETRIC_REPRESENTATION_CONTEXT() REPRESENTATION_CONTEXT('2D SPACE',''
  ) );
#634 = PCURVE('',#635,#640);
#635 = PLANE('',#636);
#636 = AXIS2_PLACEMENT_3D('',#637,#638,#639);
#637 = CARTESIAN_POINT('',(-32.7,-1.15,-0.5));
#638 = DIRECTION('',(-1.224646799147E-16,-1.,0.));
#639 = DIRECTION('',(0.,0.,1.));
#640 = DEFINITIONAL_REPRESENTATION('',(#641),#644);
#641 = B_SPLINE_CURVE_WITH_KNOTS('',1,(#642,#643),.UNSPECIFIED.,.F.,.F.,
  (2,2),(-17.85,-16.35),.PIECEWISE_BEZIER_KNOTS.);
#642 = CARTESIAN_POINT('',(0.5,1.5));
#643 = CARTESIAN_POINT('',(0.5,0.));
#644 = ( GEOMETRIC_REPRESENTATION_CONTEXT(2) 
PARAMETRIC_REPRESENTATION_CONTEXT() REPRESENTATION_CONTEXT('2D SPACE',''
  ) );
#645 = ORIENTED_EDGE('',*,*,#646,.F.);
#646 = EDGE_CURVE('',#647,#620,#649,.T.);
#647 = VERTEX_POINT('',#648);
#648 = CARTESIAN_POINT('',(-34.2,1.15,0.));
#649 = SURFACE_CURVE('',#650,(#654,#661),.PCURVE_S1.);
#650 = LINE('',#651,#652);
#651 = CARTESIAN_POINT('',(-34.2,0.575,0.));
#652 = VECTOR('',#653,1.);
#653 = DIRECTION('',(-1.224646799147E-16,-1.,0.));
#654 = PCURVE('',#45,#655);
#655 = DEFINITIONAL_REPRESENTATION('',(#656),#660);
#656 = LINE('',#657,#658);
#657 = CARTESIAN_POINT('',(-34.2,0.575));
#658 = VECTOR('',#659,1.);
#659 = DIRECTION('',(-1.224646799147E-16,-1.));
#660 = ( GEOMETRIC_REPRESENTATION_CONTEXT(2) 
PARAMETRIC_REPRESENTATION_CONTEXT() REPRESENTATION_CONTEXT('2D SPACE',''
  ) );
#661 = PCURVE('',#662,#667);
#662 = PLANE('',#663);
#663 = AXIS2_PLACEMENT_3D('',#664,#665,#666);
#664 = CARTESIAN_POINT('',(-34.2,1.15,-0.5));
#665 = DIRECTION('',(-1.,1.224646799147E-16,0.));
#666 = DIRECTION('',(0.,0.,1.));
#667 = DEFINITIONAL_REPRESENTATION('',(#668),#671);
#668 = B_SPLINE_CURVE_WITH_KNOTS('',1,(#669,#670),.UNSPECIFIED.,.F.,.F.,
  (2,2),(-0.575,1.725),.PIECEWISE_BEZIER_KNOTS.);
#669 = CARTESIAN_POINT('',(0.5,0.));
#670 = CARTESIAN_POINT('',(0.5,-2.3));
#671 = ( GEOMETRIC_REPRESENTATION_CONTEXT(2) 
PARAMETRIC_REPRESENTATION_CONTEXT() REPRESENTATION_CONTEXT('2D SPACE',''
  ) );
#672 = ORIENTED_EDGE('',*,*,#673,.T.);
#673 = EDGE_CURVE('',#647,#674,#676,.T.);
#674 = VERTEX_POINT('',#675);
#675 = CARTESIAN_POINT('',(-33.43022584428,1.15,0.));
#676 = SURFACE_CURVE('',#677,(#681,#688),.PCURVE_S1.);
#677 = LINE('',#678,#679);
#678 = CARTESIAN_POINT('',(-16.35,1.15,0.));
#679 = VECTOR('',#680,1.);
#680 = DIRECTION('',(1.,-1.224646799147E-16,0.));
#681 = PCURVE('',#45,#682);
#682 = DEFINITIONAL_REPRESENTATION('',(#683),#687);
#683 = LINE('',#684,#685);
#684 = CARTESIAN_POINT('',(-16.35,1.15));
#685 = VECTOR('',#686,1.);
#686 = DIRECTION('',(1.,-1.224646799147E-16));
#687 = ( GEOMETRIC_REPRESENTATION_CONTEXT(2) 
PARAMETRIC_REPRESENTATION_CONTEXT() REPRESENTATION_CONTEXT('2D SPACE',''
  ) );
#688 = PCURVE('',#689,#694);
#689 = PLANE('',#690);
#690 = AXIS2_PLACEMENT_3D('',#691,#692,#693);
#691 = CARTESIAN_POINT('',(-32.7,1.15,-0.5));
#692 = DIRECTION('',(-1.224646799147E-16,-1.,0.));
#693 = DIRECTION('',(0.,0.,1.));
#694 = DEFINITIONAL_REPRESENTATION('',(#695),#698);
#695 = B_SPLINE_CURVE_WITH_KNOTS('',1,(#696,#697),.UNSPECIFIED.,.F.,.F.,
  (2,2),(-17.85,-16.35),.PIECEWISE_BEZIER_KNOTS.);
#696 = CARTESIAN_POINT('',(0.5,1.5));
#697 = CARTESIAN_POINT('',(0.5,0.));
#698 = ( GEOMETRIC_REPRESENTATION_CONTEXT(2) 
PARAMETRIC_REPRESENTATION_CONTEXT() REPRESENTATION_CONTEXT('2D SPACE',''
  ) );
#699 = ORIENTED_EDGE('',*,*,#700,.T.);
#700 = EDGE_CURVE('',#674,#701,#703,.T.);
#701 = VERTEX_POINT('',#702);
#702 = CARTESIAN_POINT('',(-17.71104213649,28.376424835403,0.));
#703 = SURFACE_CURVE('',#704,(#709,#720),.PCURVE_S1.);
#704 = CIRCLE('',#705,33.45);
#705 = AXIS2_PLACEMENT_3D('',#706,#707,#708);
#706 = CARTESIAN_POINT('',(0.,0.,0.));
#707 = DIRECTION('',(0.,0.,-1.));
#708 = DIRECTION('',(1.,0.,0.));
#709 = PCURVE('',#45,#710);
#710 = DEFINITIONAL_REPRESENTATION('',(#711),#719);
#711 = ( BOUNDED_CURVE() B_SPLINE_CURVE(2,(#712,#713,#714,#715,#716,#717
,#718),.UNSPECIFIED.,.T.,.F.) B_SPLINE_CURVE_WITH_KNOTS((1,2,2,2,2,1),(
    -2.094395102393,0.,2.094395102393,4.188790204786,6.28318530718,
8.377580409573),.UNSPECIFIED.) CURVE() GEOMETRIC_REPRESENTATION_ITEM() 
RATIONAL_B_SPLINE_CURVE((1.,0.5,1.,0.5,1.,0.5,1.)) REPRESENTATION_ITEM(
  '') );
#712 = CARTESIAN_POINT('',(33.45,1.518562030943E-15));
#713 = CARTESIAN_POINT('',(33.45,-57.93709951317));
#714 = CARTESIAN_POINT('',(-16.725,-28.96854975658));
#715 = CARTESIAN_POINT('',(-66.9,-6.674325055353E-15));
#716 = CARTESIAN_POINT('',(-16.725,28.968549756589));
#717 = CARTESIAN_POINT('',(33.45,57.937099513179));
#718 = CARTESIAN_POINT('',(33.45,1.518562030943E-15));
#719 = ( GEOMETRIC_REPRESENTATION_CONTEXT(2) 
PARAMETRIC_REPRESENTATION_CONTEXT() REPRESENTATION_CONTEXT('2D SPACE',''
  ) );
#720 = PCURVE('',#721,#726);
#721 = CYLINDRICAL_SURFACE('',#722,33.45);
#722 = AXIS2_PLACEMENT_3D('',#723,#724,#725);
#723 = CARTESIAN_POINT('',(0.,0.,-1.));
#724 = DIRECTION('',(-0.,-0.,-1.));
#725 = DIRECTION('',(1.,0.,0.));
#726 = DEFINITIONAL_REPRESENTATION('',(#727),#731);
#727 = LINE('',#728,#729);
#728 = CARTESIAN_POINT('',(-6.28318530718,-1.));
#729 = VECTOR('',#730,1.);
#730 = DIRECTION('',(1.,-0.));
#731 = ( GEOMETRIC_REPRESENTATION_CONTEXT(2) 
PARAMETRIC_REPRESENTATION_CONTEXT() REPRESENTATION_CONTEXT('2D SPACE',''
  ) );
#732 = ORIENTED_EDGE('',*,*,#733,.F.);
#733 = EDGE_CURVE('',#734,#701,#736,.T.);
#734 = VERTEX_POINT('',#735);
#735 = CARTESIAN_POINT('',(-18.09592921435,29.043068809428,0.));
#736 = SURFACE_CURVE('',#737,(#741,#748),.PCURVE_S1.);
#737 = LINE('',#738,#739);
#738 = CARTESIAN_POINT('',(-9.170929214352,13.584515351876,
    5.551115123126E-17));
#739 = VECTOR('',#740,1.);
#740 = DIRECTION('',(0.5,-0.866025403784,0.));
#741 = PCURVE('',#45,#742);
#742 = DEFINITIONAL_REPRESENTATION('',(#743),#747);
#743 = LINE('',#744,#745);
#744 = CARTESIAN_POINT('',(-9.170929214352,13.584515351876));
#745 = VECTOR('',#746,1.);
#746 = DIRECTION('',(0.5,-0.866025403784));
#747 = ( GEOMETRIC_REPRESENTATION_CONTEXT(2) 
PARAMETRIC_REPRESENTATION_CONTEXT() REPRESENTATION_CONTEXT('2D SPACE',''
  ) );
#748 = PCURVE('',#749,#754);
#749 = PLANE('',#750);
#750 = AXIS2_PLACEMENT_3D('',#751,#752,#753);
#751 = CARTESIAN_POINT('',(-17.34592921435,27.744030703751,-0.5));
#752 = DIRECTION('',(-0.866025403784,-0.5,0.));
#753 = DIRECTION('',(0.,0.,1.));
#754 = DEFINITIONAL_REPRESENTATION('',(#755),#758);
#755 = B_SPLINE_CURVE_WITH_KNOTS('',1,(#756,#757),.UNSPECIFIED.,.F.,.F.,
  (2,2),(-17.85,-16.35),.PIECEWISE_BEZIER_KNOTS.);
#756 = CARTESIAN_POINT('',(0.5,1.5));
#757 = CARTESIAN_POINT('',(0.5,0.));
#758 = ( GEOMETRIC_REPRESENTATION_CONTEXT(2) 
PARAMETRIC_REPRESENTATION_CONTEXT() REPRESENTATION_CONTEXT('2D SPACE',''
  ) );
#759 = ORIENTED_EDGE('',*,*,#760,.F.);
#760 = EDGE_CURVE('',#761,#734,#763,.T.);
#761 = VERTEX_POINT('',#762);
#762 = CARTESIAN_POINT('',(-16.10407078564,30.193068809428,0.));
#763 = SURFACE_CURVE('',#764,(#768,#775),.PCURVE_S1.);
#764 = LINE('',#765,#766);
#765 = CARTESIAN_POINT('',(-16.60203539282,29.905568809428,
    5.551115123126E-17));
#766 = VECTOR('',#767,1.);
#767 = DIRECTION('',(-0.866025403784,-0.5,0.));
#768 = PCURVE('',#45,#769);
#769 = DEFINITIONAL_REPRESENTATION('',(#770),#774);
#770 = LINE('',#771,#772);
#771 = CARTESIAN_POINT('',(-16.60203539282,29.905568809428));
#772 = VECTOR('',#773,1.);
#773 = DIRECTION('',(-0.866025403784,-0.5));
#774 = ( GEOMETRIC_REPRESENTATION_CONTEXT(2) 
PARAMETRIC_REPRESENTATION_CONTEXT() REPRESENTATION_CONTEXT('2D SPACE',''
  ) );
#775 = PCURVE('',#776,#781);
#776 = PLANE('',#777);
#777 = AXIS2_PLACEMENT_3D('',#778,#779,#780);
#778 = CARTESIAN_POINT('',(-16.10407078564,30.193068809428,-0.5));
#779 = DIRECTION('',(-0.5,0.866025403784,0.));
#780 = DIRECTION('',(0.,0.,1.));
#781 = DEFINITIONAL_REPRESENTATION('',(#782),#785);
#782 = B_SPLINE_CURVE_WITH_KNOTS('',1,(#783,#784),.UNSPECIFIED.,.F.,.F.,
  (2,2),(-0.575,1.725),.PIECEWISE_BEZIER_KNOTS.);
#783 = CARTESIAN_POINT('',(0.5,0.));
#784 = CARTESIAN_POINT('',(0.5,-2.3));
#785 = ( GEOMETRIC_REPRESENTATION_CONTEXT(2) 
PARAMETRIC_REPRESENTATION_CONTEXT() REPRESENTATION_CONTEXT('2D SPACE',''
  ) );
#786 = ORIENTED_EDGE('',*,*,#787,.T.);
#787 = EDGE_CURVE('',#761,#788,#790,.T.);
#788 = VERTEX_POINT('',#789);
#789 = CARTESIAN_POINT('',(-15.71918370779,29.526424835403,0.));
#790 = SURFACE_CURVE('',#791,(#795,#802),.PCURVE_S1.);
#791 = LINE('',#792,#793);
#792 = CARTESIAN_POINT('',(-7.179070785648,14.734515351876,
    5.551115123126E-17));
#793 = VECTOR('',#794,1.);
#794 = DIRECTION('',(0.5,-0.866025403784,0.));
#795 = PCURVE('',#45,#796);
#796 = DEFINITIONAL_REPRESENTATION('',(#797),#801);
#797 = LINE('',#798,#799);
#798 = CARTESIAN_POINT('',(-7.179070785648,14.734515351876));
#799 = VECTOR('',#800,1.);
#800 = DIRECTION('',(0.5,-0.866025403784));
#801 = ( GEOMETRIC_REPRESENTATION_CONTEXT(2) 
PARAMETRIC_REPRESENTATION_CONTEXT() REPRESENTATION_CONTEXT('2D SPACE',''
  ) );
#802 = PCURVE('',#803,#808);
#803 = PLANE('',#804);
#804 = AXIS2_PLACEMENT_3D('',#805,#806,#807);
#805 = CARTESIAN_POINT('',(-15.35407078564,28.894030703751,-0.5));
#806 = DIRECTION('',(-0.866025403784,-0.5,0.));
#807 = DIRECTION('',(0.,0.,1.));
#808 = DEFINITIONAL_REPRESENTATION('',(#809),#812);
#809 = B_SPLINE_CURVE_WITH_KNOTS('',1,(#810,#811),.UNSPECIFIED.,.F.,.F.,
  (2,2),(-17.85,-16.35),.PIECEWISE_BEZIER_KNOTS.);
#810 = CARTESIAN_POINT('',(0.5,1.5));
#811 = CARTESIAN_POINT('',(0.5,0.));
#812 = ( GEOMETRIC_REPRESENTATION_CONTEXT(2) 
PARAMETRIC_REPRESENTATION_CONTEXT() REPRESENTATION_CONTEXT('2D SPACE',''
  ) );
#813 = ORIENTED_EDGE('',*,*,#814,.T.);
#814 = EDGE_CURVE('',#788,#815,#817,.T.);
#815 = VERTEX_POINT('',#816);
#816 = CARTESIAN_POINT('',(15.719183707791,29.526424835403,0.));
#817 = SURFACE_CURVE('',#818,(#823,#834),.PCURVE_S1.);
#818 = CIRCLE('',#819,33.45);
#819 = AXIS2_PLACEMENT_3D('',#820,#821,#822);
#820 = CARTESIAN_POINT('',(0.,0.,0.));
#821 = DIRECTION('',(0.,0.,-1.));
#822 = DIRECTION('',(1.,0.,0.));
#823 = PCURVE('',#45,#824);
#824 = DEFINITIONAL_REPRESENTATION('',(#825),#833);
#825 = ( BOUNDED_CURVE() B_SPLINE_CURVE(2,(#826,#827,#828,#829,#830,#831
,#832),.UNSPECIFIED.,.T.,.F.) B_SPLINE_CURVE_WITH_KNOTS((1,2,2,2,2,1),(
    -2.094395102393,0.,2.094395102393,4.188790204786,6.28318530718,
8.377580409573),.UNSPECIFIED.) CURVE() GEOMETRIC_REPRESENTATION_ITEM() 
RATIONAL_B_SPLINE_CURVE((1.,0.5,1.,0.5,1.,0.5,1.)) REPRESENTATION_ITEM(
  '') );
#826 = CARTESIAN_POINT('',(33.45,1.518562030943E-15));
#827 = CARTESIAN_POINT('',(33.45,-57.93709951317));
#828 = CARTESIAN_POINT('',(-16.725,-28.96854975658));
#829 = CARTESIAN_POINT('',(-66.9,-6.674325055353E-15));
#830 = CARTESIAN_POINT('',(-16.725,28.968549756589));
#831 = CARTESIAN_POINT('',(33.45,57.937099513179));
#832 = CARTESIAN_POINT('',(33.45,1.518562030943E-15));
#833 = ( GEOMETRIC_REPRESENTATION_CONTEXT(2) 
PARAMETRIC_REPRESENTATION_CONTEXT() REPRESENTATION_CONTEXT('2D SPACE',''
  ) );
#834 = PCURVE('',#835,#840);
#835 = CYLINDRICAL_SURFACE('',#836,33.45);
#836 = AXIS2_PLACEMENT_3D('',#837,#838,#839);
#837 = CARTESIAN_POINT('',(0.,0.,-1.));
#838 = DIRECTION('',(-0.,-0.,-1.));
#839 = DIRECTION('',(1.,0.,0.));
#840 = DEFINITIONAL_REPRESENTATION('',(#841),#845);
#841 = LINE('',#842,#843);
#842 = CARTESIAN_POINT('',(-6.28318530718,-1.));
#843 = VECTOR('',#844,1.);
#844 = DIRECTION('',(1.,-0.));
#845 = ( GEOMETRIC_REPRESENTATION_CONTEXT(2) 
PARAMETRIC_REPRESENTATION_CONTEXT() REPRESENTATION_CONTEXT('2D SPACE',''
  ) );
#846 = ORIENTED_EDGE('',*,*,#847,.F.);
#847 = EDGE_CURVE('',#848,#815,#850,.T.);
#848 = VERTEX_POINT('',#849);
#849 = CARTESIAN_POINT('',(16.104070785648,30.193068809428,0.));
#850 = SURFACE_CURVE('',#851,(#855,#862),.PCURVE_S1.);
#851 = LINE('',#852,#853);
#852 = CARTESIAN_POINT('',(7.179070785648,14.734515351876,0.));
#853 = VECTOR('',#854,1.);
#854 = DIRECTION('',(-0.5,-0.866025403784,0.));
#855 = PCURVE('',#45,#856);
#856 = DEFINITIONAL_REPRESENTATION('',(#857),#861);
#857 = LINE('',#858,#859);
#858 = CARTESIAN_POINT('',(7.179070785648,14.734515351876));
#859 = VECTOR('',#860,1.);
#860 = DIRECTION('',(-0.5,-0.866025403784));
#861 = ( GEOMETRIC_REPRESENTATION_CONTEXT(2) 
PARAMETRIC_REPRESENTATION_CONTEXT() REPRESENTATION_CONTEXT('2D SPACE',''
  ) );
#862 = PCURVE('',#863,#868);
#863 = PLANE('',#864);
#864 = AXIS2_PLACEMENT_3D('',#865,#866,#867);
#865 = CARTESIAN_POINT('',(15.354070785648,28.894030703751,-0.5));
#866 = DIRECTION('',(-0.866025403784,0.5,0.));
#867 = DIRECTION('',(0.,0.,1.));
#868 = DEFINITIONAL_REPRESENTATION('',(#869),#872);
#869 = B_SPLINE_CURVE_WITH_KNOTS('',1,(#870,#871),.UNSPECIFIED.,.F.,.F.,
  (2,2),(-17.85,-16.35),.PIECEWISE_BEZIER_KNOTS.);
#870 = CARTESIAN_POINT('',(0.5,1.5));
#871 = CARTESIAN_POINT('',(0.5,0.));
#872 = ( GEOMETRIC_REPRESENTATION_CONTEXT(2) 
PARAMETRIC_REPRESENTATION_CONTEXT() REPRESENTATION_CONTEXT('2D SPACE',''
  ) );
#873 = ORIENTED_EDGE('',*,*,#874,.F.);
#874 = EDGE_CURVE('',#875,#848,#877,.T.);
#875 = VERTEX_POINT('',#876);
#876 = CARTESIAN_POINT('',(18.095929214352,29.043068809428,0.));
#877 = SURFACE_CURVE('',#878,(#882,#889),.PCURVE_S1.);
#878 = LINE('',#879,#880);
#879 = CARTESIAN_POINT('',(17.597964607176,29.330568809428,0.));
#880 = VECTOR('',#881,1.);
#881 = DIRECTION('',(-0.866025403784,0.5,0.));
#882 = PCURVE('',#45,#883);
#883 = DEFINITIONAL_REPRESENTATION('',(#884),#888);
#884 = LINE('',#885,#886);
#885 = CARTESIAN_POINT('',(17.597964607176,29.330568809428));
#886 = VECTOR('',#887,1.);
#887 = DIRECTION('',(-0.866025403784,0.5));
#888 = ( GEOMETRIC_REPRESENTATION_CONTEXT(2) 
PARAMETRIC_REPRESENTATION_CONTEXT() REPRESENTATION_CONTEXT('2D SPACE',''
  ) );
#889 = PCURVE('',#890,#895);
#890 = PLANE('',#891);
#891 = AXIS2_PLACEMENT_3D('',#892,#893,#894);
#892 = CARTESIAN_POINT('',(18.095929214352,29.043068809428,-0.5));
#893 = DIRECTION('',(0.5,0.866025403784,0.));
#894 = DIRECTION('',(0.,0.,1.));
#895 = DEFINITIONAL_REPRESENTATION('',(#896),#899);
#896 = B_SPLINE_CURVE_WITH_KNOTS('',1,(#897,#898),.UNSPECIFIED.,.F.,.F.,
  (2,2),(-0.575,1.725),.PIECEWISE_BEZIER_KNOTS.);
#897 = CARTESIAN_POINT('',(0.5,0.));
#898 = CARTESIAN_POINT('',(0.5,-2.3));
#899 = ( GEOMETRIC_REPRESENTATION_CONTEXT(2) 
PARAMETRIC_REPRESENTATION_CONTEXT() REPRESENTATION_CONTEXT('2D SPACE',''
  ) );
#900 = ORIENTED_EDGE('',*,*,#901,.T.);
#901 = EDGE_CURVE('',#875,#902,#904,.T.);
#902 = VERTEX_POINT('',#903);
#903 = CARTESIAN_POINT('',(17.711042136495,28.376424835403,0.));
#904 = SURFACE_CURVE('',#905,(#909,#916),.PCURVE_S1.);
#905 = LINE('',#906,#907);
#906 = CARTESIAN_POINT('',(9.170929214352,13.584515351876,0.));
#907 = VECTOR('',#908,1.);
#908 = DIRECTION('',(-0.5,-0.866025403784,0.));
#909 = PCURVE('',#45,#910);
#910 = DEFINITIONAL_REPRESENTATION('',(#911),#915);
#911 = LINE('',#912,#913);
#912 = CARTESIAN_POINT('',(9.170929214352,13.584515351876));
#913 = VECTOR('',#914,1.);
#914 = DIRECTION('',(-0.5,-0.866025403784));
#915 = ( GEOMETRIC_REPRESENTATION_CONTEXT(2) 
PARAMETRIC_REPRESENTATION_CONTEXT() REPRESENTATION_CONTEXT('2D SPACE',''
  ) );
#916 = PCURVE('',#917,#922);
#917 = PLANE('',#918);
#918 = AXIS2_PLACEMENT_3D('',#919,#920,#921);
#919 = CARTESIAN_POINT('',(17.345929214352,27.744030703751,-0.5));
#920 = DIRECTION('',(-0.866025403784,0.5,0.));
#921 = DIRECTION('',(0.,0.,1.));
#922 = DEFINITIONAL_REPRESENTATION('',(#923),#926);
#923 = B_SPLINE_CURVE_WITH_KNOTS('',1,(#924,#925),.UNSPECIFIED.,.F.,.F.,
  (2,2),(-17.85,-16.35),.PIECEWISE_BEZIER_KNOTS.);
#924 = CARTESIAN_POINT('',(0.5,1.5));
#925 = CARTESIAN_POINT('',(0.5,0.));
#926 = ( GEOMETRIC_REPRESENTATION_CONTEXT(2) 
PARAMETRIC_REPRESENTATION_CONTEXT() REPRESENTATION_CONTEXT('2D SPACE',''
  ) );
#927 = ORIENTED_EDGE('',*,*,#928,.T.);
#928 = EDGE_CURVE('',#902,#929,#931,.T.);
#929 = VERTEX_POINT('',#930);
#930 = CARTESIAN_POINT('',(28.612205976065,17.327555199255,0.));
#931 = SURFACE_CURVE('',#932,(#937,#948),.PCURVE_S1.);
#932 = CIRCLE('',#933,33.45);
#933 = AXIS2_PLACEMENT_3D('',#934,#935,#936);
#934 = CARTESIAN_POINT('',(0.,0.,0.));
#935 = DIRECTION('',(0.,0.,-1.));
#936 = DIRECTION('',(1.,0.,0.));
#937 = PCURVE('',#45,#938);
#938 = DEFINITIONAL_REPRESENTATION('',(#939),#947);
#939 = ( BOUNDED_CURVE() B_SPLINE_CURVE(2,(#940,#941,#942,#943,#944,#945
,#946),.UNSPECIFIED.,.T.,.F.) B_SPLINE_CURVE_WITH_KNOTS((1,2,2,2,2,1),(
    -2.094395102393,0.,2.094395102393,4.188790204786,6.28318530718,
8.377580409573),.UNSPECIFIED.) CURVE() GEOMETRIC_REPRESENTATION_ITEM() 
RATIONAL_B_SPLINE_CURVE((1.,0.5,1.,0.5,1.,0.5,1.)) REPRESENTATION_ITEM(
  '') );
#940 = CARTESIAN_POINT('',(33.45,1.518562030943E-15));
#941 = CARTESIAN_POINT('',(33.45,-57.93709951317));
#942 = CARTESIAN_POINT('',(-16.725,-28.96854975658));
#943 = CARTESIAN_POINT('',(-66.9,-6.674325055353E-15));
#944 = CARTESIAN_POINT('',(-16.725,28.968549756589));
#945 = CARTESIAN_POINT('',(33.45,57.937099513179));
#946 = CARTESIAN_POINT('',(33.45,1.518562030943E-15));
#947 = ( GEOMETRIC_REPRESENTATION_CONTEXT(2) 
PARAMETRIC_REPRESENTATION_CONTEXT() REPRESENTATION_CONTEXT('2D SPACE',''
  ) );
#948 = PCURVE('',#949,#954);
#949 = CYLINDRICAL_SURFACE('',#950,33.45);
#950 = AXIS2_PLACEMENT_3D('',#951,#952,#953);
#951 = CARTESIAN_POINT('',(0.,0.,-1.));
#952 = DIRECTION('',(-0.,-0.,-1.));
#953 = DIRECTION('',(1.,0.,0.));
#954 = DEFINITIONAL_REPRESENTATION('',(#955),#959);
#955 = LINE('',#956,#957);
#956 = CARTESIAN_POINT('',(-6.28318530718,-1.));
#957 = VECTOR('',#958,1.);
#958 = DIRECTION('',(1.,-0.));
#959 = ( GEOMETRIC_REPRESENTATION_CONTEXT(2) 
PARAMETRIC_REPRESENTATION_CONTEXT() REPRESENTATION_CONTEXT('2D SPACE',''
  ) );
#960 = ORIENTED_EDGE('',*,*,#961,.F.);
#961 = EDGE_CURVE('',#962,#929,#964,.T.);
#962 = VERTEX_POINT('',#963);
#963 = CARTESIAN_POINT('',(35.330246635919,21.206217782649,0.));
#964 = SURFACE_CURVE('',#965,(#969,#975),.PCURVE_S1.);
#965 = LINE('',#966,#967);
#966 = CARTESIAN_POINT('',(-0.35,0.606217782649,0.));
#967 = VECTOR('',#968,1.);
#968 = DIRECTION('',(-0.866025403784,-0.5,0.));
#969 = PCURVE('',#45,#970);
#970 = DEFINITIONAL_REPRESENTATION('',(#971),#974);
#971 = B_SPLINE_CURVE_WITH_KNOTS('',1,(#972,#973),.UNSPECIFIED.,.F.,.F.,
  (2,2),(-44.2,-8.950815451593E-16),.PIECEWISE_BEZIER_KNOTS.);
#972 = CARTESIAN_POINT('',(37.928322847272,22.706217782649));
#973 = CARTESIAN_POINT('',(-0.35,0.606217782649));
#974 = ( GEOMETRIC_REPRESENTATION_CONTEXT(2) 
PARAMETRIC_REPRESENTATION_CONTEXT() REPRESENTATION_CONTEXT('2D SPACE',''
  ) );
#975 = PCURVE('',#976,#981);
#976 = PLANE('',#977);
#977 = AXIS2_PLACEMENT_3D('',#978,#979,#980);
#978 = CARTESIAN_POINT('',(-0.35,0.606217782649,-0.5));
#979 = DIRECTION('',(-0.5,0.866025403784,0.));
#980 = DIRECTION('',(0.,0.,1.));
#981 = DEFINITIONAL_REPRESENTATION('',(#982),#985);
#982 = B_SPLINE_CURVE_WITH_KNOTS('',1,(#983,#984),.UNSPECIFIED.,.F.,.F.,
  (2,2),(-44.2,-8.950815451593E-16),.PIECEWISE_BEZIER_KNOTS.);
#983 = CARTESIAN_POINT('',(0.5,44.2));
#984 = CARTESIAN_POINT('',(0.5,0.));
#985 = ( GEOMETRIC_REPRESENTATION_CONTEXT(2) 
PARAMETRIC_REPRESENTATION_CONTEXT() REPRESENTATION_CONTEXT('2D SPACE',''
  ) );
#986 = ORIENTED_EDGE('',*,*,#987,.T.);
#987 = EDGE_CURVE('',#962,#988,#990,.T.);
#988 = VERTEX_POINT('',#989);
#989 = CARTESIAN_POINT('',(32.580246635919,25.969357503464,0.));
#990 = SURFACE_CURVE('',#991,(#995,#1002),.PCURVE_S1.);
#991 = LINE('',#992,#993);
#992 = CARTESIAN_POINT('',(38.780246635919,15.230642496536,0.));
#993 = VECTOR('',#994,1.);
#994 = DIRECTION('',(-0.5,0.866025403784,0.));
#995 = PCURVE('',#45,#996);
#996 = DEFINITIONAL_REPRESENTATION('',(#997),#1001);
#997 = LINE('',#998,#999);
#998 = CARTESIAN_POINT('',(38.780246635919,15.230642496536));
#999 = VECTOR('',#1000,1.);
#1000 = DIRECTION('',(-0.5,0.866025403784));
#1001 = ( GEOMETRIC_REPRESENTATION_CONTEXT(2) 
PARAMETRIC_REPRESENTATION_CONTEXT() REPRESENTATION_CONTEXT('2D SPACE',''
  ) );
#1002 = PCURVE('',#1003,#1008);
#1003 = PLANE('',#1004);
#1004 = AXIS2_PLACEMENT_3D('',#1005,#1006,#1007);
#1005 = CARTESIAN_POINT('',(38.780246635919,15.230642496536,0.));
#1006 = DIRECTION('',(0.866025403784,0.5,0.));
#1007 = DIRECTION('',(0.,0.,1.));
#1008 = DEFINITIONAL_REPRESENTATION('',(#1009),#1013);
#1009 = LINE('',#1010,#1011);
#1010 = CARTESIAN_POINT('',(0.,0.));
#1011 = VECTOR('',#1012,1.);
#1012 = DIRECTION('',(0.,-1.));
#1013 = ( GEOMETRIC_REPRESENTATION_CONTEXT(2) 
PARAMETRIC_REPRESENTATION_CONTEXT() REPRESENTATION_CONTEXT('2D SPACE',''
  ) );
#1014 = ORIENTED_EDGE('',*,*,#1015,.F.);
#1015 = EDGE_CURVE('',#1016,#988,#1018,.T.);
#1016 = VERTEX_POINT('',#1017);
#1017 = CARTESIAN_POINT('',(31.670919961945,25.444357503463,0.));
#1018 = SURFACE_CURVE('',#1019,(#1023,#1030),.PCURVE_S1.);
#1019 = LINE('',#1020,#1021);
#1020 = CARTESIAN_POINT('',(27.384094213212,22.969357503464,0.));
#1021 = VECTOR('',#1022,1.);
#1022 = DIRECTION('',(0.866025403784,0.5,0.));
#1023 = PCURVE('',#45,#1024);
#1024 = DEFINITIONAL_REPRESENTATION('',(#1025),#1029);
#1025 = LINE('',#1026,#1027);
#1026 = CARTESIAN_POINT('',(27.384094213212,22.969357503464));
#1027 = VECTOR('',#1028,1.);
#1028 = DIRECTION('',(0.866025403784,0.5));
#1029 = ( GEOMETRIC_REPRESENTATION_CONTEXT(2) 
PARAMETRIC_REPRESENTATION_CONTEXT() REPRESENTATION_CONTEXT('2D SPACE',''
  ) );
#1030 = PCURVE('',#1031,#1036);
#1031 = PLANE('',#1032);
#1032 = AXIS2_PLACEMENT_3D('',#1033,#1034,#1035);
#1033 = CARTESIAN_POINT('',(27.384094213212,22.969357503464,0.));
#1034 = DIRECTION('',(-0.5,0.866025403784,0.));
#1035 = DIRECTION('',(0.,0.,1.));
#1036 = DEFINITIONAL_REPRESENTATION('',(#1037),#1041);
#1037 = LINE('',#1038,#1039);
#1038 = CARTESIAN_POINT('',(0.,0.));
#1039 = VECTOR('',#1040,1.);
#1040 = DIRECTION('',(0.,1.));
#1041 = ( GEOMETRIC_REPRESENTATION_CONTEXT(2) 
PARAMETRIC_REPRESENTATION_CONTEXT() REPRESENTATION_CONTEXT('2D SPACE',''
  ) );
#1042 = ORIENTED_EDGE('',*,*,#1043,.T.);
#1043 = EDGE_CURVE('',#1016,#1044,#1046,.T.);
#1044 = VERTEX_POINT('',#1045);
#1045 = CARTESIAN_POINT('',(32.670919961945,23.712306695895,
    2.22044604925E-16));
#1046 = SURFACE_CURVE('',#1047,(#1051,#1057),.PCURVE_S1.);
#1047 = LINE('',#1048,#1049);
#1048 = CARTESIAN_POINT('',(31.545919961945,25.66086385441,0.));
#1049 = VECTOR('',#1050,1.);
#1050 = DIRECTION('',(0.5,-0.866025403784,0.));
#1051 = PCURVE('',#45,#1052);
#1052 = DEFINITIONAL_REPRESENTATION('',(#1053),#1056);
#1053 = B_SPLINE_CURVE_WITH_KNOTS('',1,(#1054,#1055),.UNSPECIFIED.,.F.,
  .F.,(2,2),(-6.000000010864E-07,2.2500006),.PIECEWISE_BEZIER_KNOTS.);
#1054 = CARTESIAN_POINT('',(31.545919661945,25.660864374025));
#1055 = CARTESIAN_POINT('',(32.670920261945,23.712306176279));
#1056 = ( GEOMETRIC_REPRESENTATION_CONTEXT(2) 
PARAMETRIC_REPRESENTATION_CONTEXT() REPRESENTATION_CONTEXT('2D SPACE',''
  ) );
#1057 = PCURVE('',#1058,#1063);
#1058 = CYLINDRICAL_SURFACE('',#1059,2.05);
#1059 = AXIS2_PLACEMENT_3D('',#1060,#1061,#1062);
#1060 = CARTESIAN_POINT('',(31.156208530242,25.43586385441,2.));
#1061 = DIRECTION('',(0.5,-0.866025403784,0.));
#1062 = DIRECTION('',(0.,0.,-1.));
#1063 = DEFINITIONAL_REPRESENTATION('',(#1064),#1067);
#1064 = B_SPLINE_CURVE_WITH_KNOTS('',1,(#1065,#1066),.UNSPECIFIED.,.F.,
  .F.,(2,2),(-6.000000010864E-07,2.2500006),.PIECEWISE_BEZIER_KNOTS.);
#1065 = CARTESIAN_POINT('',(0.221314442348,-6.000000016415E-07));
#1066 = CARTESIAN_POINT('',(0.221314442348,2.2500006));
#1067 = ( GEOMETRIC_REPRESENTATION_CONTEXT(2) 
PARAMETRIC_REPRESENTATION_CONTEXT() REPRESENTATION_CONTEXT('2D SPACE',''
  ) );
#1068 = ORIENTED_EDGE('',*,*,#1069,.F.);
#1069 = EDGE_CURVE('',#1070,#1044,#1072,.T.);
#1070 = VERTEX_POINT('',#1071);
#1071 = CARTESIAN_POINT('',(31.891497098539,23.262306695895,0.));
#1072 = SURFACE_CURVE('',#1073,(#1077,#1083),.PCURVE_S1.);
#1073 = LINE('',#1074,#1075);
#1074 = CARTESIAN_POINT('',(15.090604265121,13.562306695895,0.));
#1075 = VECTOR('',#1076,1.);
#1076 = DIRECTION('',(0.866025403784,0.5,-0.));
#1077 = PCURVE('',#45,#1078);
#1078 = DEFINITIONAL_REPRESENTATION('',(#1079),#1082);
#1079 = B_SPLINE_CURVE_WITH_KNOTS('',1,(#1080,#1081),.UNSPECIFIED.,.F.,
  .F.,(2,2),(17.8,21.9),.PIECEWISE_BEZIER_KNOTS.);
#1080 = CARTESIAN_POINT('',(30.505856452484,22.462306695895));
#1081 = CARTESIAN_POINT('',(34.056560608,24.512306695895));
#1082 = ( GEOMETRIC_REPRESENTATION_CONTEXT(2) 
PARAMETRIC_REPRESENTATION_CONTEXT() REPRESENTATION_CONTEXT('2D SPACE',''
  ) );
#1083 = PCURVE('',#1084,#1089);
#1084 = PLANE('',#1085);
#1085 = AXIS2_PLACEMENT_3D('',#1086,#1087,#1088);
#1086 = CARTESIAN_POINT('',(32.281208530242,23.487306695895,2.));
#1087 = DIRECTION('',(0.5,-0.866025403784,0.));
#1088 = DIRECTION('',(0.,0.,-1.));
#1089 = DEFINITIONAL_REPRESENTATION('',(#1090),#1093);
#1090 = B_SPLINE_CURVE_WITH_KNOTS('',1,(#1091,#1092),.UNSPECIFIED.,.F.,
  .F.,(2,2),(17.8,21.9),.PIECEWISE_BEZIER_KNOTS.);
#1091 = CARTESIAN_POINT('',(2.,-2.05));
#1092 = CARTESIAN_POINT('',(2.,2.05));
#1093 = ( GEOMETRIC_REPRESENTATION_CONTEXT(2) 
PARAMETRIC_REPRESENTATION_CONTEXT() REPRESENTATION_CONTEXT('2D SPACE',''
  ) );
#1094 = ORIENTED_EDGE('',*,*,#1095,.F.);
#1095 = EDGE_CURVE('',#144,#1070,#1096,.T.);
#1096 = SURFACE_CURVE('',#1097,(#1101,#1107),.PCURVE_S1.);
#1097 = LINE('',#1098,#1099);
#1098 = CARTESIAN_POINT('',(30.766497098539,25.21086385441,0.));
#1099 = VECTOR('',#1100,1.);
#1100 = DIRECTION('',(0.5,-0.866025403784,0.));
#1101 = PCURVE('',#45,#1102);
#1102 = DEFINITIONAL_REPRESENTATION('',(#1103),#1106);
#1103 = B_SPLINE_CURVE_WITH_KNOTS('',1,(#1104,#1105),.UNSPECIFIED.,.F.,
  .F.,(2,2),(-6.000000023868E-07,2.2500006),.PIECEWISE_BEZIER_KNOTS.);
#1104 = CARTESIAN_POINT('',(30.766496798539,25.210864374025));
#1105 = CARTESIAN_POINT('',(31.891497398539,23.262306176279));
#1106 = ( GEOMETRIC_REPRESENTATION_CONTEXT(2) 
PARAMETRIC_REPRESENTATION_CONTEXT() REPRESENTATION_CONTEXT('2D SPACE',''
  ) );
#1107 = PCURVE('',#1108,#1113);
#1108 = CYLINDRICAL_SURFACE('',#1109,2.05);
#1109 = AXIS2_PLACEMENT_3D('',#1110,#1111,#1112);
#1110 = CARTESIAN_POINT('',(31.156208530242,25.43586385441,2.));
#1111 = DIRECTION('',(0.5,-0.866025403784,0.));
#1112 = DIRECTION('',(0.,0.,-1.));
#1113 = DEFINITIONAL_REPRESENTATION('',(#1114),#1117);
#1114 = B_SPLINE_CURVE_WITH_KNOTS('',1,(#1115,#1116),.UNSPECIFIED.,.F.,
  .F.,(2,2),(-6.000000023868E-07,2.2500006),.PIECEWISE_BEZIER_KNOTS.);
#1115 = CARTESIAN_POINT('',(6.061870864832,-6.000000018317E-07));
#1116 = CARTESIAN_POINT('',(6.061870864832,2.2500006));
#1117 = ( GEOMETRIC_REPRESENTATION_CONTEXT(2) 
PARAMETRIC_REPRESENTATION_CONTEXT() REPRESENTATION_CONTEXT('2D SPACE',''
  ) );
#1118 = ADVANCED_FACE('',(#1119),#72,.T.);
#1119 = FACE_BOUND('',#1120,.T.);
#1120 = EDGE_LOOP('',(#1121,#1122,#1123,#1146));
#1121 = ORIENTED_EDGE('',*,*,#143,.F.);
#1122 = ORIENTED_EDGE('',*,*,#57,.F.);
#1123 = ORIENTED_EDGE('',*,*,#1124,.T.);
#1124 = EDGE_CURVE('',#58,#1125,#1127,.T.);
#1125 = VERTEX_POINT('',#1126);
#1126 = CARTESIAN_POINT('',(30.891497098539,24.994357503464,4.));
#1127 = SURFACE_CURVE('',#1128,(#1132,#1139),.PCURVE_S1.);
#1128 = LINE('',#1129,#1130);
#1129 = CARTESIAN_POINT('',(27.384094213212,22.969357503464,4.));
#1130 = VECTOR('',#1131,1.);
#1131 = DIRECTION('',(0.866025403784,0.5,0.));
#1132 = PCURVE('',#72,#1133);
#1133 = DEFINITIONAL_REPRESENTATION('',(#1134),#1138);
#1134 = LINE('',#1135,#1136);
#1135 = CARTESIAN_POINT('',(4.,0.));
#1136 = VECTOR('',#1137,1.);
#1137 = DIRECTION('',(0.,1.));
#1138 = ( GEOMETRIC_REPRESENTATION_CONTEXT(2) 
PARAMETRIC_REPRESENTATION_CONTEXT() REPRESENTATION_CONTEXT('2D SPACE',''
  ) );
#1139 = PCURVE('',#100,#1140);
#1140 = DEFINITIONAL_REPRESENTATION('',(#1141),#1145);
#1141 = LINE('',#1142,#1143);
#1142 = CARTESIAN_POINT('',(27.384094213212,22.969357503464));
#1143 = VECTOR('',#1144,1.);
#1144 = DIRECTION('',(0.866025403784,0.5));
#1145 = ( GEOMETRIC_REPRESENTATION_CONTEXT(2) 
PARAMETRIC_REPRESENTATION_CONTEXT() REPRESENTATION_CONTEXT('2D SPACE',''
  ) );
#1146 = ORIENTED_EDGE('',*,*,#1147,.T.);
#1147 = EDGE_CURVE('',#1125,#144,#1148,.T.);
#1148 = SURFACE_CURVE('',#1149,(#1154,#1165),.PCURVE_S1.);
#1149 = CIRCLE('',#1150,2.05);
#1150 = AXIS2_PLACEMENT_3D('',#1151,#1152,#1153);
#1151 = CARTESIAN_POINT('',(31.281208530242,25.219357503464,2.));
#1152 = DIRECTION('',(0.5,-0.866025403784,0.));
#1153 = DIRECTION('',(0.,0.,-1.));
#1154 = PCURVE('',#72,#1155);
#1155 = DEFINITIONAL_REPRESENTATION('',(#1156),#1164);
#1156 = ( BOUNDED_CURVE() B_SPLINE_CURVE(2,(#1157,#1158,#1159,#1160,
#1161,#1162,#1163),.UNSPECIFIED.,.T.,.F.) B_SPLINE_CURVE_WITH_KNOTS((1,2
    ,2,2,2,1),(-2.094395102393,0.,2.094395102393,4.188790204786,
6.28318530718,8.377580409573),.UNSPECIFIED.) CURVE() 
GEOMETRIC_REPRESENTATION_ITEM() RATIONAL_B_SPLINE_CURVE((1.,0.5,1.,0.5,
1.,0.5,1.)) REPRESENTATION_ITEM('') );
#1157 = CARTESIAN_POINT('',(-5.E-02,4.5));
#1158 = CARTESIAN_POINT('',(-5.E-02,8.050704155516));
#1159 = CARTESIAN_POINT('',(3.025,6.275352077758));
#1160 = CARTESIAN_POINT('',(6.1,4.5));
#1161 = CARTESIAN_POINT('',(3.025,2.724647922242));
#1162 = CARTESIAN_POINT('',(-5.E-02,0.949295844484));
#1163 = CARTESIAN_POINT('',(-5.E-02,4.5));
#1164 = ( GEOMETRIC_REPRESENTATION_CONTEXT(2) 
PARAMETRIC_REPRESENTATION_CONTEXT() REPRESENTATION_CONTEXT('2D SPACE',''
  ) );
#1165 = PCURVE('',#1108,#1166);
#1166 = DEFINITIONAL_REPRESENTATION('',(#1167),#1171);
#1167 = LINE('',#1168,#1169);
#1168 = CARTESIAN_POINT('',(0.,0.25));
#1169 = VECTOR('',#1170,1.);
#1170 = DIRECTION('',(1.,0.));
#1171 = ( GEOMETRIC_REPRESENTATION_CONTEXT(2) 
PARAMETRIC_REPRESENTATION_CONTEXT() REPRESENTATION_CONTEXT('2D SPACE',''
  ) );
#1172 = ADVANCED_FACE('',(#1173),#100,.T.);
#1173 = FACE_BOUND('',#1174,.T.);
#1174 = EDGE_LOOP('',(#1175,#1176,#1199,#1222,#1243,#1271,#1293,#1315,
    #1337,#1365,#1387,#1409,#1431,#1459,#1481,#1503,#1525,#1553,#1575,
    #1597,#1619,#1647,#1669,#1691,#1713,#1741,#1763,#1785,#1807,#1835,
    #1856,#1879,#1907,#1933,#1954,#1973));
#1175 = ORIENTED_EDGE('',*,*,#83,.F.);
#1176 = ORIENTED_EDGE('',*,*,#1177,.T.);
#1177 = EDGE_CURVE('',#84,#1178,#1180,.T.);
#1178 = VERTEX_POINT('',#1179);
#1179 = CARTESIAN_POINT('',(38.780246635919,15.230642496536,4.));
#1180 = SURFACE_CURVE('',#1181,(#1185,#1192),.PCURVE_S1.);
#1181 = LINE('',#1182,#1183);
#1182 = CARTESIAN_POINT('',(33.584094213212,12.230642496536,4.));
#1183 = VECTOR('',#1184,1.);
#1184 = DIRECTION('',(0.866025403784,0.5,0.));
#1185 = PCURVE('',#100,#1186);
#1186 = DEFINITIONAL_REPRESENTATION('',(#1187),#1191);
#1187 = LINE('',#1188,#1189);
#1188 = CARTESIAN_POINT('',(33.584094213212,12.230642496536));
#1189 = VECTOR('',#1190,1.);
#1190 = DIRECTION('',(0.866025403784,0.5));
#1191 = ( GEOMETRIC_REPRESENTATION_CONTEXT(2) 
PARAMETRIC_REPRESENTATION_CONTEXT() REPRESENTATION_CONTEXT('2D SPACE',''
  ) );
#1192 = PCURVE('',#129,#1193);
#1193 = DEFINITIONAL_REPRESENTATION('',(#1194),#1198);
#1194 = LINE('',#1195,#1196);
#1195 = CARTESIAN_POINT('',(4.,0.));
#1196 = VECTOR('',#1197,1.);
#1197 = DIRECTION('',(0.,1.));
#1198 = ( GEOMETRIC_REPRESENTATION_CONTEXT(2) 
PARAMETRIC_REPRESENTATION_CONTEXT() REPRESENTATION_CONTEXT('2D SPACE',''
  ) );
#1199 = ORIENTED_EDGE('',*,*,#1200,.T.);
#1200 = EDGE_CURVE('',#1178,#1201,#1203,.T.);
#1201 = VERTEX_POINT('',#1202);
#1202 = CARTESIAN_POINT('',(36.030246635919,19.993782217351,4.));
#1203 = SURFACE_CURVE('',#1204,(#1208,#1215),.PCURVE_S1.);
#1204 = LINE('',#1205,#1206);
#1205 = CARTESIAN_POINT('',(38.780246635919,15.230642496536,4.));
#1206 = VECTOR('',#1207,1.);
#1207 = DIRECTION('',(-0.5,0.866025403784,0.));
#1208 = PCURVE('',#100,#1209);
#1209 = DEFINITIONAL_REPRESENTATION('',(#1210),#1214);
#1210 = LINE('',#1211,#1212);
#1211 = CARTESIAN_POINT('',(38.780246635919,15.230642496536));
#1212 = VECTOR('',#1213,1.);
#1213 = DIRECTION('',(-0.5,0.866025403784));
#1214 = ( GEOMETRIC_REPRESENTATION_CONTEXT(2) 
PARAMETRIC_REPRESENTATION_CONTEXT() REPRESENTATION_CONTEXT('2D SPACE',''
  ) );
#1215 = PCURVE('',#206,#1216);
#1216 = DEFINITIONAL_REPRESENTATION('',(#1217),#1221);
#1217 = LINE('',#1218,#1219);
#1218 = CARTESIAN_POINT('',(4.,0.));
#1219 = VECTOR('',#1220,1.);
#1220 = DIRECTION('',(0.,-1.));
#1221 = ( GEOMETRIC_REPRESENTATION_CONTEXT(2) 
PARAMETRIC_REPRESENTATION_CONTEXT() REPRESENTATION_CONTEXT('2D SPACE',''
  ) );
#1222 = ORIENTED_EDGE('',*,*,#1223,.T.);
#1223 = EDGE_CURVE('',#1201,#1224,#1226,.T.);
#1224 = VERTEX_POINT('',#1225);
#1225 = CARTESIAN_POINT('',(29.312205976065,16.115119633957,4.));
#1226 = SURFACE_CURVE('',#1227,(#1231,#1237),.PCURVE_S1.);
#1227 = LINE('',#1228,#1229);
#1228 = CARTESIAN_POINT('',(0.35,-0.606217782649,4.));
#1229 = VECTOR('',#1230,1.);
#1230 = DIRECTION('',(-0.866025403784,-0.5,0.));
#1231 = PCURVE('',#100,#1232);
#1232 = DEFINITIONAL_REPRESENTATION('',(#1233),#1236);
#1233 = B_SPLINE_CURVE_WITH_KNOTS('',1,(#1234,#1235),.UNSPECIFIED.,.F.,
  .F.,(2,2),(-44.2,-8.950815451593E-16),.PIECEWISE_BEZIER_KNOTS.);
#1234 = CARTESIAN_POINT('',(38.628322847272,21.493782217351));
#1235 = CARTESIAN_POINT('',(0.35,-0.606217782649));
#1236 = ( GEOMETRIC_REPRESENTATION_CONTEXT(2) 
PARAMETRIC_REPRESENTATION_CONTEXT() REPRESENTATION_CONTEXT('2D SPACE',''
  ) );
#1237 = PCURVE('',#233,#1238);
#1238 = DEFINITIONAL_REPRESENTATION('',(#1239),#1242);
#1239 = B_SPLINE_CURVE_WITH_KNOTS('',1,(#1240,#1241),.UNSPECIFIED.,.F.,
  .F.,(2,2),(-44.2,-8.950815451593E-16),.PIECEWISE_BEZIER_KNOTS.);
#1240 = CARTESIAN_POINT('',(4.5,44.2));
#1241 = CARTESIAN_POINT('',(4.5,0.));
#1242 = ( GEOMETRIC_REPRESENTATION_CONTEXT(2) 
PARAMETRIC_REPRESENTATION_CONTEXT() REPRESENTATION_CONTEXT('2D SPACE',''
  ) );
#1243 = ORIENTED_EDGE('',*,*,#1244,.T.);
#1244 = EDGE_CURVE('',#1224,#1245,#1247,.T.);
#1245 = VERTEX_POINT('',#1246);
#1246 = CARTESIAN_POINT('',(33.430225844286,1.15,4.));
#1247 = SURFACE_CURVE('',#1248,(#1253,#1264),.PCURVE_S1.);
#1248 = CIRCLE('',#1249,33.45);
#1249 = AXIS2_PLACEMENT_3D('',#1250,#1251,#1252);
#1250 = CARTESIAN_POINT('',(0.,0.,4.));
#1251 = DIRECTION('',(0.,0.,-1.));
#1252 = DIRECTION('',(1.,0.,0.));
#1253 = PCURVE('',#100,#1254);
#1254 = DEFINITIONAL_REPRESENTATION('',(#1255),#1263);
#1255 = ( BOUNDED_CURVE() B_SPLINE_CURVE(2,(#1256,#1257,#1258,#1259,
#1260,#1261,#1262),.UNSPECIFIED.,.T.,.F.) B_SPLINE_CURVE_WITH_KNOTS((1,2
    ,2,2,2,1),(-2.094395102393,0.,2.094395102393,4.188790204786,
6.28318530718,8.377580409573),.UNSPECIFIED.) CURVE() 
GEOMETRIC_REPRESENTATION_ITEM() RATIONAL_B_SPLINE_CURVE((1.,0.5,1.,0.5,
1.,0.5,1.)) REPRESENTATION_ITEM('') );
#1256 = CARTESIAN_POINT('',(33.45,1.518562030943E-15));
#1257 = CARTESIAN_POINT('',(33.45,-57.93709951317));
#1258 = CARTESIAN_POINT('',(-16.725,-28.96854975658));
#1259 = CARTESIAN_POINT('',(-66.9,-6.674325055353E-15));
#1260 = CARTESIAN_POINT('',(-16.725,28.968549756589));
#1261 = CARTESIAN_POINT('',(33.45,57.937099513179));
#1262 = CARTESIAN_POINT('',(33.45,1.518562030943E-15));
#1263 = ( GEOMETRIC_REPRESENTATION_CONTEXT(2) 
PARAMETRIC_REPRESENTATION_CONTEXT() REPRESENTATION_CONTEXT('2D SPACE',''
  ) );
#1264 = PCURVE('',#265,#1265);
#1265 = DEFINITIONAL_REPRESENTATION('',(#1266),#1270);
#1266 = LINE('',#1267,#1268);
#1267 = CARTESIAN_POINT('',(-6.28318530718,-5.));
#1268 = VECTOR('',#1269,1.);
#1269 = DIRECTION('',(1.,-0.));
#1270 = ( GEOMETRIC_REPRESENTATION_CONTEXT(2) 
PARAMETRIC_REPRESENTATION_CONTEXT() REPRESENTATION_CONTEXT('2D SPACE',''
  ) );
#1271 = ORIENTED_EDGE('',*,*,#1272,.F.);
#1272 = EDGE_CURVE('',#1273,#1245,#1275,.T.);
#1273 = VERTEX_POINT('',#1274);
#1274 = CARTESIAN_POINT('',(34.2,1.15,4.));
#1275 = SURFACE_CURVE('',#1276,(#1280,#1287),.PCURVE_S1.);
#1276 = LINE('',#1277,#1278);
#1277 = CARTESIAN_POINT('',(16.35,1.15,4.));
#1278 = VECTOR('',#1279,1.);
#1279 = DIRECTION('',(-1.,0.,0.));
#1280 = PCURVE('',#100,#1281);
#1281 = DEFINITIONAL_REPRESENTATION('',(#1282),#1286);
#1282 = LINE('',#1283,#1284);
#1283 = CARTESIAN_POINT('',(16.35,1.15));
#1284 = VECTOR('',#1285,1.);
#1285 = DIRECTION('',(-1.,0.));
#1286 = ( GEOMETRIC_REPRESENTATION_CONTEXT(2) 
PARAMETRIC_REPRESENTATION_CONTEXT() REPRESENTATION_CONTEXT('2D SPACE',''
  ) );
#1287 = PCURVE('',#293,#1288);
#1288 = DEFINITIONAL_REPRESENTATION('',(#1289),#1292);
#1289 = B_SPLINE_CURVE_WITH_KNOTS('',1,(#1290,#1291),.UNSPECIFIED.,.F.,
  .F.,(2,2),(-17.85,-16.35),.PIECEWISE_BEZIER_KNOTS.);
#1290 = CARTESIAN_POINT('',(4.5,1.5));
#1291 = CARTESIAN_POINT('',(4.5,0.));
#1292 = ( GEOMETRIC_REPRESENTATION_CONTEXT(2) 
PARAMETRIC_REPRESENTATION_CONTEXT() REPRESENTATION_CONTEXT('2D SPACE',''
  ) );
#1293 = ORIENTED_EDGE('',*,*,#1294,.F.);
#1294 = EDGE_CURVE('',#1295,#1273,#1297,.T.);
#1295 = VERTEX_POINT('',#1296);
#1296 = CARTESIAN_POINT('',(34.2,-1.15,4.));
#1297 = SURFACE_CURVE('',#1298,(#1302,#1309),.PCURVE_S1.);
#1298 = LINE('',#1299,#1300);
#1299 = CARTESIAN_POINT('',(34.2,-0.575,4.));
#1300 = VECTOR('',#1301,1.);
#1301 = DIRECTION('',(0.,1.,0.));
#1302 = PCURVE('',#100,#1303);
#1303 = DEFINITIONAL_REPRESENTATION('',(#1304),#1308);
#1304 = LINE('',#1305,#1306);
#1305 = CARTESIAN_POINT('',(34.2,-0.575));
#1306 = VECTOR('',#1307,1.);
#1307 = DIRECTION('',(0.,1.));
#1308 = ( GEOMETRIC_REPRESENTATION_CONTEXT(2) 
PARAMETRIC_REPRESENTATION_CONTEXT() REPRESENTATION_CONTEXT('2D SPACE',''
  ) );
#1309 = PCURVE('',#320,#1310);
#1310 = DEFINITIONAL_REPRESENTATION('',(#1311),#1314);
#1311 = B_SPLINE_CURVE_WITH_KNOTS('',1,(#1312,#1313),.UNSPECIFIED.,.F.,
  .F.,(2,2),(-0.575,1.725),.PIECEWISE_BEZIER_KNOTS.);
#1312 = CARTESIAN_POINT('',(4.5,0.));
#1313 = CARTESIAN_POINT('',(4.5,-2.3));
#1314 = ( GEOMETRIC_REPRESENTATION_CONTEXT(2) 
PARAMETRIC_REPRESENTATION_CONTEXT() REPRESENTATION_CONTEXT('2D SPACE',''
  ) );
#1315 = ORIENTED_EDGE('',*,*,#1316,.T.);
#1316 = EDGE_CURVE('',#1295,#1317,#1319,.T.);
#1317 = VERTEX_POINT('',#1318);
#1318 = CARTESIAN_POINT('',(33.430225844286,-1.15,4.));
#1319 = SURFACE_CURVE('',#1320,(#1324,#1331),.PCURVE_S1.);
#1320 = LINE('',#1321,#1322);
#1321 = CARTESIAN_POINT('',(16.35,-1.15,4.));
#1322 = VECTOR('',#1323,1.);
#1323 = DIRECTION('',(-1.,0.,0.));
#1324 = PCURVE('',#100,#1325);
#1325 = DEFINITIONAL_REPRESENTATION('',(#1326),#1330);
#1326 = LINE('',#1327,#1328);
#1327 = CARTESIAN_POINT('',(16.35,-1.15));
#1328 = VECTOR('',#1329,1.);
#1329 = DIRECTION('',(-1.,0.));
#1330 = ( GEOMETRIC_REPRESENTATION_CONTEXT(2) 
PARAMETRIC_REPRESENTATION_CONTEXT() REPRESENTATION_CONTEXT('2D SPACE',''
  ) );
#1331 = PCURVE('',#347,#1332);
#1332 = DEFINITIONAL_REPRESENTATION('',(#1333),#1336);
#1333 = B_SPLINE_CURVE_WITH_KNOTS('',1,(#1334,#1335),.UNSPECIFIED.,.F.,
  .F.,(2,2),(-17.85,-16.35),.PIECEWISE_BEZIER_KNOTS.);
#1334 = CARTESIAN_POINT('',(4.5,1.5));
#1335 = CARTESIAN_POINT('',(4.5,0.));
#1336 = ( GEOMETRIC_REPRESENTATION_CONTEXT(2) 
PARAMETRIC_REPRESENTATION_CONTEXT() REPRESENTATION_CONTEXT('2D SPACE',''
  ) );
#1337 = ORIENTED_EDGE('',*,*,#1338,.T.);
#1338 = EDGE_CURVE('',#1317,#1339,#1341,.T.);
#1339 = VERTEX_POINT('',#1340);
#1340 = CARTESIAN_POINT('',(17.711042136495,-28.3764248354,4.));
#1341 = SURFACE_CURVE('',#1342,(#1347,#1358),.PCURVE_S1.);
#1342 = CIRCLE('',#1343,33.45);
#1343 = AXIS2_PLACEMENT_3D('',#1344,#1345,#1346);
#1344 = CARTESIAN_POINT('',(0.,0.,4.));
#1345 = DIRECTION('',(0.,0.,-1.));
#1346 = DIRECTION('',(1.,0.,0.));
#1347 = PCURVE('',#100,#1348);
#1348 = DEFINITIONAL_REPRESENTATION('',(#1349),#1357);
#1349 = ( BOUNDED_CURVE() B_SPLINE_CURVE(2,(#1350,#1351,#1352,#1353,
#1354,#1355,#1356),.UNSPECIFIED.,.T.,.F.) B_SPLINE_CURVE_WITH_KNOTS((1,2
    ,2,2,2,1),(-2.094395102393,0.,2.094395102393,4.188790204786,
6.28318530718,8.377580409573),.UNSPECIFIED.) CURVE() 
GEOMETRIC_REPRESENTATION_ITEM() RATIONAL_B_SPLINE_CURVE((1.,0.5,1.,0.5,
1.,0.5,1.)) REPRESENTATION_ITEM('') );
#1350 = CARTESIAN_POINT('',(33.45,1.518562030943E-15));
#1351 = CARTESIAN_POINT('',(33.45,-57.93709951317));
#1352 = CARTESIAN_POINT('',(-16.725,-28.96854975658));
#1353 = CARTESIAN_POINT('',(-66.9,-6.674325055353E-15));
#1354 = CARTESIAN_POINT('',(-16.725,28.968549756589));
#1355 = CARTESIAN_POINT('',(33.45,57.937099513179));
#1356 = CARTESIAN_POINT('',(33.45,1.518562030943E-15));
#1357 = ( GEOMETRIC_REPRESENTATION_CONTEXT(2) 
PARAMETRIC_REPRESENTATION_CONTEXT() REPRESENTATION_CONTEXT('2D SPACE',''
  ) );
#1358 = PCURVE('',#379,#1359);
#1359 = DEFINITIONAL_REPRESENTATION('',(#1360),#1364);
#1360 = LINE('',#1361,#1362);
#1361 = CARTESIAN_POINT('',(-6.28318530718,-5.));
#1362 = VECTOR('',#1363,1.);
#1363 = DIRECTION('',(1.,-0.));
#1364 = ( GEOMETRIC_REPRESENTATION_CONTEXT(2) 
PARAMETRIC_REPRESENTATION_CONTEXT() REPRESENTATION_CONTEXT('2D SPACE',''
  ) );
#1365 = ORIENTED_EDGE('',*,*,#1366,.F.);
#1366 = EDGE_CURVE('',#1367,#1339,#1369,.T.);
#1367 = VERTEX_POINT('',#1368);
#1368 = CARTESIAN_POINT('',(18.095929214352,-29.04306880942,4.));
#1369 = SURFACE_CURVE('',#1370,(#1374,#1381),.PCURVE_S1.);
#1370 = LINE('',#1371,#1372);
#1371 = CARTESIAN_POINT('',(9.170929214352,-13.58451535187,4.));
#1372 = VECTOR('',#1373,1.);
#1373 = DIRECTION('',(-0.5,0.866025403784,0.));
#1374 = PCURVE('',#100,#1375);
#1375 = DEFINITIONAL_REPRESENTATION('',(#1376),#1380);
#1376 = LINE('',#1377,#1378);
#1377 = CARTESIAN_POINT('',(9.170929214352,-13.58451535187));
#1378 = VECTOR('',#1379,1.);
#1379 = DIRECTION('',(-0.5,0.866025403784));
#1380 = ( GEOMETRIC_REPRESENTATION_CONTEXT(2) 
PARAMETRIC_REPRESENTATION_CONTEXT() REPRESENTATION_CONTEXT('2D SPACE',''
  ) );
#1381 = PCURVE('',#407,#1382);
#1382 = DEFINITIONAL_REPRESENTATION('',(#1383),#1386);
#1383 = B_SPLINE_CURVE_WITH_KNOTS('',1,(#1384,#1385),.UNSPECIFIED.,.F.,
  .F.,(2,2),(-17.85,-16.35),.PIECEWISE_BEZIER_KNOTS.);
#1384 = CARTESIAN_POINT('',(4.5,1.5));
#1385 = CARTESIAN_POINT('',(4.5,0.));
#1386 = ( GEOMETRIC_REPRESENTATION_CONTEXT(2) 
PARAMETRIC_REPRESENTATION_CONTEXT() REPRESENTATION_CONTEXT('2D SPACE',''
  ) );
#1387 = ORIENTED_EDGE('',*,*,#1388,.F.);
#1388 = EDGE_CURVE('',#1389,#1367,#1391,.T.);
#1389 = VERTEX_POINT('',#1390);
#1390 = CARTESIAN_POINT('',(16.104070785648,-30.19306880942,4.));
#1391 = SURFACE_CURVE('',#1392,(#1396,#1403),.PCURVE_S1.);
#1392 = LINE('',#1393,#1394);
#1393 = CARTESIAN_POINT('',(16.602035392824,-29.90556880942,4.));
#1394 = VECTOR('',#1395,1.);
#1395 = DIRECTION('',(0.866025403784,0.5,-0.));
#1396 = PCURVE('',#100,#1397);
#1397 = DEFINITIONAL_REPRESENTATION('',(#1398),#1402);
#1398 = LINE('',#1399,#1400);
#1399 = CARTESIAN_POINT('',(16.602035392824,-29.90556880942));
#1400 = VECTOR('',#1401,1.);
#1401 = DIRECTION('',(0.866025403784,0.5));
#1402 = ( GEOMETRIC_REPRESENTATION_CONTEXT(2) 
PARAMETRIC_REPRESENTATION_CONTEXT() REPRESENTATION_CONTEXT('2D SPACE',''
  ) );
#1403 = PCURVE('',#434,#1404);
#1404 = DEFINITIONAL_REPRESENTATION('',(#1405),#1408);
#1405 = B_SPLINE_CURVE_WITH_KNOTS('',1,(#1406,#1407),.UNSPECIFIED.,.F.,
  .F.,(2,2),(-0.575,1.725),.PIECEWISE_BEZIER_KNOTS.);
#1406 = CARTESIAN_POINT('',(4.5,0.));
#1407 = CARTESIAN_POINT('',(4.5,-2.3));
#1408 = ( GEOMETRIC_REPRESENTATION_CONTEXT(2) 
PARAMETRIC_REPRESENTATION_CONTEXT() REPRESENTATION_CONTEXT('2D SPACE',''
  ) );
#1409 = ORIENTED_EDGE('',*,*,#1410,.T.);
#1410 = EDGE_CURVE('',#1389,#1411,#1413,.T.);
#1411 = VERTEX_POINT('',#1412);
#1412 = CARTESIAN_POINT('',(15.719183707791,-29.5264248354,4.));
#1413 = SURFACE_CURVE('',#1414,(#1418,#1425),.PCURVE_S1.);
#1414 = LINE('',#1415,#1416);
#1415 = CARTESIAN_POINT('',(7.179070785648,-14.73451535187,4.));
#1416 = VECTOR('',#1417,1.);
#1417 = DIRECTION('',(-0.5,0.866025403784,0.));
#1418 = PCURVE('',#100,#1419);
#1419 = DEFINITIONAL_REPRESENTATION('',(#1420),#1424);
#1420 = LINE('',#1421,#1422);
#1421 = CARTESIAN_POINT('',(7.179070785648,-14.73451535187));
#1422 = VECTOR('',#1423,1.);
#1423 = DIRECTION('',(-0.5,0.866025403784));
#1424 = ( GEOMETRIC_REPRESENTATION_CONTEXT(2) 
PARAMETRIC_REPRESENTATION_CONTEXT() REPRESENTATION_CONTEXT('2D SPACE',''
  ) );
#1425 = PCURVE('',#461,#1426);
#1426 = DEFINITIONAL_REPRESENTATION('',(#1427),#1430);
#1427 = B_SPLINE_CURVE_WITH_KNOTS('',1,(#1428,#1429),.UNSPECIFIED.,.F.,
  .F.,(2,2),(-17.85,-16.35),.PIECEWISE_BEZIER_KNOTS.);
#1428 = CARTESIAN_POINT('',(4.5,1.5));
#1429 = CARTESIAN_POINT('',(4.5,0.));
#1430 = ( GEOMETRIC_REPRESENTATION_CONTEXT(2) 
PARAMETRIC_REPRESENTATION_CONTEXT() REPRESENTATION_CONTEXT('2D SPACE',''
  ) );
#1431 = ORIENTED_EDGE('',*,*,#1432,.T.);
#1432 = EDGE_CURVE('',#1411,#1433,#1435,.T.);
#1433 = VERTEX_POINT('',#1434);
#1434 = CARTESIAN_POINT('',(-15.71918370779,-29.5264248354,4.));
#1435 = SURFACE_CURVE('',#1436,(#1441,#1452),.PCURVE_S1.);
#1436 = CIRCLE('',#1437,33.45);
#1437 = AXIS2_PLACEMENT_3D('',#1438,#1439,#1440);
#1438 = CARTESIAN_POINT('',(0.,0.,4.));
#1439 = DIRECTION('',(0.,0.,-1.));
#1440 = DIRECTION('',(1.,0.,0.));
#1441 = PCURVE('',#100,#1442);
#1442 = DEFINITIONAL_REPRESENTATION('',(#1443),#1451);
#1443 = ( BOUNDED_CURVE() B_SPLINE_CURVE(2,(#1444,#1445,#1446,#1447,
#1448,#1449,#1450),.UNSPECIFIED.,.T.,.F.) B_SPLINE_CURVE_WITH_KNOTS((1,2
    ,2,2,2,1),(-2.094395102393,0.,2.094395102393,4.188790204786,
6.28318530718,8.377580409573),.UNSPECIFIED.) CURVE() 
GEOMETRIC_REPRESENTATION_ITEM() RATIONAL_B_SPLINE_CURVE((1.,0.5,1.,0.5,
1.,0.5,1.)) REPRESENTATION_ITEM('') );
#1444 = CARTESIAN_POINT('',(33.45,1.518562030943E-15));
#1445 = CARTESIAN_POINT('',(33.45,-57.93709951317));
#1446 = CARTESIAN_POINT('',(-16.725,-28.96854975658));
#1447 = CARTESIAN_POINT('',(-66.9,-6.674325055353E-15));
#1448 = CARTESIAN_POINT('',(-16.725,28.968549756589));
#1449 = CARTESIAN_POINT('',(33.45,57.937099513179));
#1450 = CARTESIAN_POINT('',(33.45,1.518562030943E-15));
#1451 = ( GEOMETRIC_REPRESENTATION_CONTEXT(2) 
PARAMETRIC_REPRESENTATION_CONTEXT() REPRESENTATION_CONTEXT('2D SPACE',''
  ) );
#1452 = PCURVE('',#493,#1453);
#1453 = DEFINITIONAL_REPRESENTATION('',(#1454),#1458);
#1454 = LINE('',#1455,#1456);
#1455 = CARTESIAN_POINT('',(-6.28318530718,-5.));
#1456 = VECTOR('',#1457,1.);
#1457 = DIRECTION('',(1.,-0.));
#1458 = ( GEOMETRIC_REPRESENTATION_CONTEXT(2) 
PARAMETRIC_REPRESENTATION_CONTEXT() REPRESENTATION_CONTEXT('2D SPACE',''
  ) );
#1459 = ORIENTED_EDGE('',*,*,#1460,.F.);
#1460 = EDGE_CURVE('',#1461,#1433,#1463,.T.);
#1461 = VERTEX_POINT('',#1462);
#1462 = CARTESIAN_POINT('',(-16.10407078564,-30.19306880942,4.));
#1463 = SURFACE_CURVE('',#1464,(#1468,#1475),.PCURVE_S1.);
#1464 = LINE('',#1465,#1466);
#1465 = CARTESIAN_POINT('',(-7.179070785648,-14.73451535187,4.));
#1466 = VECTOR('',#1467,1.);
#1467 = DIRECTION('',(0.5,0.866025403784,-0.));
#1468 = PCURVE('',#100,#1469);
#1469 = DEFINITIONAL_REPRESENTATION('',(#1470),#1474);
#1470 = LINE('',#1471,#1472);
#1471 = CARTESIAN_POINT('',(-7.179070785648,-14.73451535187));
#1472 = VECTOR('',#1473,1.);
#1473 = DIRECTION('',(0.5,0.866025403784));
#1474 = ( GEOMETRIC_REPRESENTATION_CONTEXT(2) 
PARAMETRIC_REPRESENTATION_CONTEXT() REPRESENTATION_CONTEXT('2D SPACE',''
  ) );
#1475 = PCURVE('',#521,#1476);
#1476 = DEFINITIONAL_REPRESENTATION('',(#1477),#1480);
#1477 = B_SPLINE_CURVE_WITH_KNOTS('',1,(#1478,#1479),.UNSPECIFIED.,.F.,
  .F.,(2,2),(-17.85,-16.35),.PIECEWISE_BEZIER_KNOTS.);
#1478 = CARTESIAN_POINT('',(4.5,1.5));
#1479 = CARTESIAN_POINT('',(4.5,0.));
#1480 = ( GEOMETRIC_REPRESENTATION_CONTEXT(2) 
PARAMETRIC_REPRESENTATION_CONTEXT() REPRESENTATION_CONTEXT('2D SPACE',''
  ) );
#1481 = ORIENTED_EDGE('',*,*,#1482,.F.);
#1482 = EDGE_CURVE('',#1483,#1461,#1485,.T.);
#1483 = VERTEX_POINT('',#1484);
#1484 = CARTESIAN_POINT('',(-18.09592921435,-29.04306880942,4.));
#1485 = SURFACE_CURVE('',#1486,(#1490,#1497),.PCURVE_S1.);
#1486 = LINE('',#1487,#1488);
#1487 = CARTESIAN_POINT('',(-17.59796460717,-29.33056880942,4.));
#1488 = VECTOR('',#1489,1.);
#1489 = DIRECTION('',(0.866025403784,-0.5,0.));
#1490 = PCURVE('',#100,#1491);
#1491 = DEFINITIONAL_REPRESENTATION('',(#1492),#1496);
#1492 = LINE('',#1493,#1494);
#1493 = CARTESIAN_POINT('',(-17.59796460717,-29.33056880942));
#1494 = VECTOR('',#1495,1.);
#1495 = DIRECTION('',(0.866025403784,-0.5));
#1496 = ( GEOMETRIC_REPRESENTATION_CONTEXT(2) 
PARAMETRIC_REPRESENTATION_CONTEXT() REPRESENTATION_CONTEXT('2D SPACE',''
  ) );
#1497 = PCURVE('',#548,#1498);
#1498 = DEFINITIONAL_REPRESENTATION('',(#1499),#1502);
#1499 = B_SPLINE_CURVE_WITH_KNOTS('',1,(#1500,#1501),.UNSPECIFIED.,.F.,
  .F.,(2,2),(-0.575,1.725),.PIECEWISE_BEZIER_KNOTS.);
#1500 = CARTESIAN_POINT('',(4.5,0.));
#1501 = CARTESIAN_POINT('',(4.5,-2.3));
#1502 = ( GEOMETRIC_REPRESENTATION_CONTEXT(2) 
PARAMETRIC_REPRESENTATION_CONTEXT() REPRESENTATION_CONTEXT('2D SPACE',''
  ) );
#1503 = ORIENTED_EDGE('',*,*,#1504,.T.);
#1504 = EDGE_CURVE('',#1483,#1505,#1507,.T.);
#1505 = VERTEX_POINT('',#1506);
#1506 = CARTESIAN_POINT('',(-17.71104213649,-28.3764248354,4.));
#1507 = SURFACE_CURVE('',#1508,(#1512,#1519),.PCURVE_S1.);
#1508 = LINE('',#1509,#1510);
#1509 = CARTESIAN_POINT('',(-9.170929214352,-13.58451535187,4.));
#1510 = VECTOR('',#1511,1.);
#1511 = DIRECTION('',(0.5,0.866025403784,-0.));
#1512 = PCURVE('',#100,#1513);
#1513 = DEFINITIONAL_REPRESENTATION('',(#1514),#1518);
#1514 = LINE('',#1515,#1516);
#1515 = CARTESIAN_POINT('',(-9.170929214352,-13.58451535187));
#1516 = VECTOR('',#1517,1.);
#1517 = DIRECTION('',(0.5,0.866025403784));
#1518 = ( GEOMETRIC_REPRESENTATION_CONTEXT(2) 
PARAMETRIC_REPRESENTATION_CONTEXT() REPRESENTATION_CONTEXT('2D SPACE',''
  ) );
#1519 = PCURVE('',#575,#1520);
#1520 = DEFINITIONAL_REPRESENTATION('',(#1521),#1524);
#1521 = B_SPLINE_CURVE_WITH_KNOTS('',1,(#1522,#1523),.UNSPECIFIED.,.F.,
  .F.,(2,2),(-17.85,-16.35),.PIECEWISE_BEZIER_KNOTS.);
#1522 = CARTESIAN_POINT('',(4.5,1.5));
#1523 = CARTESIAN_POINT('',(4.5,0.));
#1524 = ( GEOMETRIC_REPRESENTATION_CONTEXT(2) 
PARAMETRIC_REPRESENTATION_CONTEXT() REPRESENTATION_CONTEXT('2D SPACE',''
  ) );
#1525 = ORIENTED_EDGE('',*,*,#1526,.T.);
#1526 = EDGE_CURVE('',#1505,#1527,#1529,.T.);
#1527 = VERTEX_POINT('',#1528);
#1528 = CARTESIAN_POINT('',(-33.43022584428,-1.15,4.));
#1529 = SURFACE_CURVE('',#1530,(#1535,#1546),.PCURVE_S1.);
#1530 = CIRCLE('',#1531,33.45);
#1531 = AXIS2_PLACEMENT_3D('',#1532,#1533,#1534);
#1532 = CARTESIAN_POINT('',(0.,0.,4.));
#1533 = DIRECTION('',(0.,0.,-1.));
#1534 = DIRECTION('',(1.,0.,0.));
#1535 = PCURVE('',#100,#1536);
#1536 = DEFINITIONAL_REPRESENTATION('',(#1537),#1545);
#1537 = ( BOUNDED_CURVE() B_SPLINE_CURVE(2,(#1538,#1539,#1540,#1541,
#1542,#1543,#1544),.UNSPECIFIED.,.T.,.F.) B_SPLINE_CURVE_WITH_KNOTS((1,2
    ,2,2,2,1),(-2.094395102393,0.,2.094395102393,4.188790204786,
6.28318530718,8.377580409573),.UNSPECIFIED.) CURVE() 
GEOMETRIC_REPRESENTATION_ITEM() RATIONAL_B_SPLINE_CURVE((1.,0.5,1.,0.5,
1.,0.5,1.)) REPRESENTATION_ITEM('') );
#1538 = CARTESIAN_POINT('',(33.45,1.518562030943E-15));
#1539 = CARTESIAN_POINT('',(33.45,-57.93709951317));
#1540 = CARTESIAN_POINT('',(-16.725,-28.96854975658));
#1541 = CARTESIAN_POINT('',(-66.9,-6.674325055353E-15));
#1542 = CARTESIAN_POINT('',(-16.725,28.968549756589));
#1543 = CARTESIAN_POINT('',(33.45,57.937099513179));
#1544 = CARTESIAN_POINT('',(33.45,1.518562030943E-15));
#1545 = ( GEOMETRIC_REPRESENTATION_CONTEXT(2) 
PARAMETRIC_REPRESENTATION_CONTEXT() REPRESENTATION_CONTEXT('2D SPACE',''
  ) );
#1546 = PCURVE('',#607,#1547);
#1547 = DEFINITIONAL_REPRESENTATION('',(#1548),#1552);
#1548 = LINE('',#1549,#1550);
#1549 = CARTESIAN_POINT('',(-6.28318530718,-5.));
#1550 = VECTOR('',#1551,1.);
#1551 = DIRECTION('',(1.,-0.));
#1552 = ( GEOMETRIC_REPRESENTATION_CONTEXT(2) 
PARAMETRIC_REPRESENTATION_CONTEXT() REPRESENTATION_CONTEXT('2D SPACE',''
  ) );
#1553 = ORIENTED_EDGE('',*,*,#1554,.F.);
#1554 = EDGE_CURVE('',#1555,#1527,#1557,.T.);
#1555 = VERTEX_POINT('',#1556);
#1556 = CARTESIAN_POINT('',(-34.2,-1.15,4.));
#1557 = SURFACE_CURVE('',#1558,(#1562,#1569),.PCURVE_S1.);
#1558 = LINE('',#1559,#1560);
#1559 = CARTESIAN_POINT('',(-16.35,-1.15,4.));
#1560 = VECTOR('',#1561,1.);
#1561 = DIRECTION('',(1.,-1.224646799147E-16,0.));
#1562 = PCURVE('',#100,#1563);
#1563 = DEFINITIONAL_REPRESENTATION('',(#1564),#1568);
#1564 = LINE('',#1565,#1566);
#1565 = CARTESIAN_POINT('',(-16.35,-1.15));
#1566 = VECTOR('',#1567,1.);
#1567 = DIRECTION('',(1.,-1.224646799147E-16));
#1568 = ( GEOMETRIC_REPRESENTATION_CONTEXT(2) 
PARAMETRIC_REPRESENTATION_CONTEXT() REPRESENTATION_CONTEXT('2D SPACE',''
  ) );
#1569 = PCURVE('',#635,#1570);
#1570 = DEFINITIONAL_REPRESENTATION('',(#1571),#1574);
#1571 = B_SPLINE_CURVE_WITH_KNOTS('',1,(#1572,#1573),.UNSPECIFIED.,.F.,
  .F.,(2,2),(-17.85,-16.35),.PIECEWISE_BEZIER_KNOTS.);
#1572 = CARTESIAN_POINT('',(4.5,1.5));
#1573 = CARTESIAN_POINT('',(4.5,0.));
#1574 = ( GEOMETRIC_REPRESENTATION_CONTEXT(2) 
PARAMETRIC_REPRESENTATION_CONTEXT() REPRESENTATION_CONTEXT('2D SPACE',''
  ) );
#1575 = ORIENTED_EDGE('',*,*,#1576,.F.);
#1576 = EDGE_CURVE('',#1577,#1555,#1579,.T.);
#1577 = VERTEX_POINT('',#1578);
#1578 = CARTESIAN_POINT('',(-34.2,1.15,4.));
#1579 = SURFACE_CURVE('',#1580,(#1584,#1591),.PCURVE_S1.);
#1580 = LINE('',#1581,#1582);
#1581 = CARTESIAN_POINT('',(-34.2,0.575,4.));
#1582 = VECTOR('',#1583,1.);
#1583 = DIRECTION('',(-1.224646799147E-16,-1.,0.));
#1584 = PCURVE('',#100,#1585);
#1585 = DEFINITIONAL_REPRESENTATION('',(#1586),#1590);
#1586 = LINE('',#1587,#1588);
#1587 = CARTESIAN_POINT('',(-34.2,0.575));
#1588 = VECTOR('',#1589,1.);
#1589 = DIRECTION('',(-1.224646799147E-16,-1.));
#1590 = ( GEOMETRIC_REPRESENTATION_CONTEXT(2) 
PARAMETRIC_REPRESENTATION_CONTEXT() REPRESENTATION_CONTEXT('2D SPACE',''
  ) );
#1591 = PCURVE('',#662,#1592);
#1592 = DEFINITIONAL_REPRESENTATION('',(#1593),#1596);
#1593 = B_SPLINE_CURVE_WITH_KNOTS('',1,(#1594,#1595),.UNSPECIFIED.,.F.,
  .F.,(2,2),(-0.575,1.725),.PIECEWISE_BEZIER_KNOTS.);
#1594 = CARTESIAN_POINT('',(4.5,0.));
#1595 = CARTESIAN_POINT('',(4.5,-2.3));
#1596 = ( GEOMETRIC_REPRESENTATION_CONTEXT(2) 
PARAMETRIC_REPRESENTATION_CONTEXT() REPRESENTATION_CONTEXT('2D SPACE',''
  ) );
#1597 = ORIENTED_EDGE('',*,*,#1598,.T.);
#1598 = EDGE_CURVE('',#1577,#1599,#1601,.T.);
#1599 = VERTEX_POINT('',#1600);
#1600 = CARTESIAN_POINT('',(-33.43022584428,1.15,4.));
#1601 = SURFACE_CURVE('',#1602,(#1606,#1613),.PCURVE_S1.);
#1602 = LINE('',#1603,#1604);
#1603 = CARTESIAN_POINT('',(-16.35,1.15,4.));
#1604 = VECTOR('',#1605,1.);
#1605 = DIRECTION('',(1.,-1.224646799147E-16,0.));
#1606 = PCURVE('',#100,#1607);
#1607 = DEFINITIONAL_REPRESENTATION('',(#1608),#1612);
#1608 = LINE('',#1609,#1610);
#1609 = CARTESIAN_POINT('',(-16.35,1.15));
#1610 = VECTOR('',#1611,1.);
#1611 = DIRECTION('',(1.,-1.224646799147E-16));
#1612 = ( GEOMETRIC_REPRESENTATION_CONTEXT(2) 
PARAMETRIC_REPRESENTATION_CONTEXT() REPRESENTATION_CONTEXT('2D SPACE',''
  ) );
#1613 = PCURVE('',#689,#1614);
#1614 = DEFINITIONAL_REPRESENTATION('',(#1615),#1618);
#1615 = B_SPLINE_CURVE_WITH_KNOTS('',1,(#1616,#1617),.UNSPECIFIED.,.F.,
  .F.,(2,2),(-17.85,-16.35),.PIECEWISE_BEZIER_KNOTS.);
#1616 = CARTESIAN_POINT('',(4.5,1.5));
#1617 = CARTESIAN_POINT('',(4.5,0.));
#1618 = ( GEOMETRIC_REPRESENTATION_CONTEXT(2) 
PARAMETRIC_REPRESENTATION_CONTEXT() REPRESENTATION_CONTEXT('2D SPACE',''
  ) );
#1619 = ORIENTED_EDGE('',*,*,#1620,.T.);
#1620 = EDGE_CURVE('',#1599,#1621,#1623,.T.);
#1621 = VERTEX_POINT('',#1622);
#1622 = CARTESIAN_POINT('',(-17.71104213649,28.376424835403,4.));
#1623 = SURFACE_CURVE('',#1624,(#1629,#1640),.PCURVE_S1.);
#1624 = CIRCLE('',#1625,33.45);
#1625 = AXIS2_PLACEMENT_3D('',#1626,#1627,#1628);
#1626 = CARTESIAN_POINT('',(0.,0.,4.));
#1627 = DIRECTION('',(0.,0.,-1.));
#1628 = DIRECTION('',(1.,0.,0.));
#1629 = PCURVE('',#100,#1630);
#1630 = DEFINITIONAL_REPRESENTATION('',(#1631),#1639);
#1631 = ( BOUNDED_CURVE() B_SPLINE_CURVE(2,(#1632,#1633,#1634,#1635,
#1636,#1637,#1638),.UNSPECIFIED.,.T.,.F.) B_SPLINE_CURVE_WITH_KNOTS((1,2
    ,2,2,2,1),(-2.094395102393,0.,2.094395102393,4.188790204786,
6.28318530718,8.377580409573),.UNSPECIFIED.) CURVE() 
GEOMETRIC_REPRESENTATION_ITEM() RATIONAL_B_SPLINE_CURVE((1.,0.5,1.,0.5,
1.,0.5,1.)) REPRESENTATION_ITEM('') );
#1632 = CARTESIAN_POINT('',(33.45,1.518562030943E-15));
#1633 = CARTESIAN_POINT('',(33.45,-57.93709951317));
#1634 = CARTESIAN_POINT('',(-16.725,-28.96854975658));
#1635 = CARTESIAN_POINT('',(-66.9,-6.674325055353E-15));
#1636 = CARTESIAN_POINT('',(-16.725,28.968549756589));
#1637 = CARTESIAN_POINT('',(33.45,57.937099513179));
#1638 = CARTESIAN_POINT('',(33.45,1.518562030943E-15));
#1639 = ( GEOMETRIC_REPRESENTATION_CONTEXT(2) 
PARAMETRIC_REPRESENTATION_CONTEXT() REPRESENTATION_CONTEXT('2D SPACE',''
  ) );
#1640 = PCURVE('',#721,#1641);
#1641 = DEFINITIONAL_REPRESENTATION('',(#1642),#1646);
#1642 = LINE('',#1643,#1644);
#1643 = CARTESIAN_POINT('',(-6.28318530718,-5.));
#1644 = VECTOR('',#1645,1.);
#1645 = DIRECTION('',(1.,-0.));
#1646 = ( GEOMETRIC_REPRESENTATION_CONTEXT(2) 
PARAMETRIC_REPRESENTATION_CONTEXT() REPRESENTATION_CONTEXT('2D SPACE',''
  ) );
#1647 = ORIENTED_EDGE('',*,*,#1648,.F.);
#1648 = EDGE_CURVE('',#1649,#1621,#1651,.T.);
#1649 = VERTEX_POINT('',#1650);
#1650 = CARTESIAN_POINT('',(-18.09592921435,29.043068809428,4.));
#1651 = SURFACE_CURVE('',#1652,(#1656,#1663),.PCURVE_S1.);
#1652 = LINE('',#1653,#1654);
#1653 = CARTESIAN_POINT('',(-9.170929214352,13.584515351876,4.));
#1654 = VECTOR('',#1655,1.);
#1655 = DIRECTION('',(0.5,-0.866025403784,0.));
#1656 = PCURVE('',#100,#1657);
#1657 = DEFINITIONAL_REPRESENTATION('',(#1658),#1662);
#1658 = LINE('',#1659,#1660);
#1659 = CARTESIAN_POINT('',(-9.170929214352,13.584515351876));
#1660 = VECTOR('',#1661,1.);
#1661 = DIRECTION('',(0.5,-0.866025403784));
#1662 = ( GEOMETRIC_REPRESENTATION_CONTEXT(2) 
PARAMETRIC_REPRESENTATION_CONTEXT() REPRESENTATION_CONTEXT('2D SPACE',''
  ) );
#1663 = PCURVE('',#749,#1664);
#1664 = DEFINITIONAL_REPRESENTATION('',(#1665),#1668);
#1665 = B_SPLINE_CURVE_WITH_KNOTS('',1,(#1666,#1667),.UNSPECIFIED.,.F.,
  .F.,(2,2),(-17.85,-16.35),.PIECEWISE_BEZIER_KNOTS.);
#1666 = CARTESIAN_POINT('',(4.5,1.5));
#1667 = CARTESIAN_POINT('',(4.5,0.));
#1668 = ( GEOMETRIC_REPRESENTATION_CONTEXT(2) 
PARAMETRIC_REPRESENTATION_CONTEXT() REPRESENTATION_CONTEXT('2D SPACE',''
  ) );
#1669 = ORIENTED_EDGE('',*,*,#1670,.F.);
#1670 = EDGE_CURVE('',#1671,#1649,#1673,.T.);
#1671 = VERTEX_POINT('',#1672);
#1672 = CARTESIAN_POINT('',(-16.10407078564,30.193068809428,4.));
#1673 = SURFACE_CURVE('',#1674,(#1678,#1685),.PCURVE_S1.);
#1674 = LINE('',#1675,#1676);
#1675 = CARTESIAN_POINT('',(-16.60203539282,29.905568809428,4.));
#1676 = VECTOR('',#1677,1.);
#1677 = DIRECTION('',(-0.866025403784,-0.5,0.));
#1678 = PCURVE('',#100,#1679);
#1679 = DEFINITIONAL_REPRESENTATION('',(#1680),#1684);
#1680 = LINE('',#1681,#1682);
#1681 = CARTESIAN_POINT('',(-16.60203539282,29.905568809428));
#1682 = VECTOR('',#1683,1.);
#1683 = DIRECTION('',(-0.866025403784,-0.5));
#1684 = ( GEOMETRIC_REPRESENTATION_CONTEXT(2) 
PARAMETRIC_REPRESENTATION_CONTEXT() REPRESENTATION_CONTEXT('2D SPACE',''
  ) );
#1685 = PCURVE('',#776,#1686);
#1686 = DEFINITIONAL_REPRESENTATION('',(#1687),#1690);
#1687 = B_SPLINE_CURVE_WITH_KNOTS('',1,(#1688,#1689),.UNSPECIFIED.,.F.,
  .F.,(2,2),(-0.575,1.725),.PIECEWISE_BEZIER_KNOTS.);
#1688 = CARTESIAN_POINT('',(4.5,0.));
#1689 = CARTESIAN_POINT('',(4.5,-2.3));
#1690 = ( GEOMETRIC_REPRESENTATION_CONTEXT(2) 
PARAMETRIC_REPRESENTATION_CONTEXT() REPRESENTATION_CONTEXT('2D SPACE',''
  ) );
#1691 = ORIENTED_EDGE('',*,*,#1692,.T.);
#1692 = EDGE_CURVE('',#1671,#1693,#1695,.T.);
#1693 = VERTEX_POINT('',#1694);
#1694 = CARTESIAN_POINT('',(-15.71918370779,29.526424835403,4.));
#1695 = SURFACE_CURVE('',#1696,(#1700,#1707),.PCURVE_S1.);
#1696 = LINE('',#1697,#1698);
#1697 = CARTESIAN_POINT('',(-7.179070785648,14.734515351876,4.));
#1698 = VECTOR('',#1699,1.);
#1699 = DIRECTION('',(0.5,-0.866025403784,0.));
#1700 = PCURVE('',#100,#1701);
#1701 = DEFINITIONAL_REPRESENTATION('',(#1702),#1706);
#1702 = LINE('',#1703,#1704);
#1703 = CARTESIAN_POINT('',(-7.179070785648,14.734515351876));
#1704 = VECTOR('',#1705,1.);
#1705 = DIRECTION('',(0.5,-0.866025403784));
#1706 = ( GEOMETRIC_REPRESENTATION_CONTEXT(2) 
PARAMETRIC_REPRESENTATION_CONTEXT() REPRESENTATION_CONTEXT('2D SPACE',''
  ) );
#1707 = PCURVE('',#803,#1708);
#1708 = DEFINITIONAL_REPRESENTATION('',(#1709),#1712);
#1709 = B_SPLINE_CURVE_WITH_KNOTS('',1,(#1710,#1711),.UNSPECIFIED.,.F.,
  .F.,(2,2),(-17.85,-16.35),.PIECEWISE_BEZIER_KNOTS.);
#1710 = CARTESIAN_POINT('',(4.5,1.5));
#1711 = CARTESIAN_POINT('',(4.5,0.));
#1712 = ( GEOMETRIC_REPRESENTATION_CONTEXT(2) 
PARAMETRIC_REPRESENTATION_CONTEXT() REPRESENTATION_CONTEXT('2D SPACE',''
  ) );
#1713 = ORIENTED_EDGE('',*,*,#1714,.T.);
#1714 = EDGE_CURVE('',#1693,#1715,#1717,.T.);
#1715 = VERTEX_POINT('',#1716);
#1716 = CARTESIAN_POINT('',(15.719183707791,29.526424835403,4.));
#1717 = SURFACE_CURVE('',#1718,(#1723,#1734),.PCURVE_S1.);
#1718 = CIRCLE('',#1719,33.45);
#1719 = AXIS2_PLACEMENT_3D('',#1720,#1721,#1722);
#1720 = CARTESIAN_POINT('',(0.,0.,4.));
#1721 = DIRECTION('',(0.,0.,-1.));
#1722 = DIRECTION('',(1.,0.,0.));
#1723 = PCURVE('',#100,#1724);
#1724 = DEFINITIONAL_REPRESENTATION('',(#1725),#1733);
#1725 = ( BOUNDED_CURVE() B_SPLINE_CURVE(2,(#1726,#1727,#1728,#1729,
#1730,#1731,#1732),.UNSPECIFIED.,.T.,.F.) B_SPLINE_CURVE_WITH_KNOTS((1,2
    ,2,2,2,1),(-2.094395102393,0.,2.094395102393,4.188790204786,
6.28318530718,8.377580409573),.UNSPECIFIED.) CURVE() 
GEOMETRIC_REPRESENTATION_ITEM() RATIONAL_B_SPLINE_CURVE((1.,0.5,1.,0.5,
1.,0.5,1.)) REPRESENTATION_ITEM('') );
#1726 = CARTESIAN_POINT('',(33.45,1.518562030943E-15));
#1727 = CARTESIAN_POINT('',(33.45,-57.93709951317));
#1728 = CARTESIAN_POINT('',(-16.725,-28.96854975658));
#1729 = CARTESIAN_POINT('',(-66.9,-6.674325055353E-15));
#1730 = CARTESIAN_POINT('',(-16.725,28.968549756589));
#1731 = CARTESIAN_POINT('',(33.45,57.937099513179));
#1732 = CARTESIAN_POINT('',(33.45,1.518562030943E-15));
#1733 = ( GEOMETRIC_REPRESENTATION_CONTEXT(2) 
PARAMETRIC_REPRESENTATION_CONTEXT() REPRESENTATION_CONTEXT('2D SPACE',''
  ) );
#1734 = PCURVE('',#835,#1735);
#1735 = DEFINITIONAL_REPRESENTATION('',(#1736),#1740);
#1736 = LINE('',#1737,#1738);
#1737 = CARTESIAN_POINT('',(-6.28318530718,-5.));
#1738 = VECTOR('',#1739,1.);
#1739 = DIRECTION('',(1.,-0.));
#1740 = ( GEOMETRIC_REPRESENTATION_CONTEXT(2) 
PARAMETRIC_REPRESENTATION_CONTEXT() REPRESENTATION_CONTEXT('2D SPACE',''
  ) );
#1741 = ORIENTED_EDGE('',*,*,#1742,.F.);
#1742 = EDGE_CURVE('',#1743,#1715,#1745,.T.);
#1743 = VERTEX_POINT('',#1744);
#1744 = CARTESIAN_POINT('',(16.104070785648,30.193068809428,4.));
#1745 = SURFACE_CURVE('',#1746,(#1750,#1757),.PCURVE_S1.);
#1746 = LINE('',#1747,#1748);
#1747 = CARTESIAN_POINT('',(7.179070785648,14.734515351876,4.));
#1748 = VECTOR('',#1749,1.);
#1749 = DIRECTION('',(-0.5,-0.866025403784,0.));
#1750 = PCURVE('',#100,#1751);
#1751 = DEFINITIONAL_REPRESENTATION('',(#1752),#1756);
#1752 = LINE('',#1753,#1754);
#1753 = CARTESIAN_POINT('',(7.179070785648,14.734515351876));
#1754 = VECTOR('',#1755,1.);
#1755 = DIRECTION('',(-0.5,-0.866025403784));
#1756 = ( GEOMETRIC_REPRESENTATION_CONTEXT(2) 
PARAMETRIC_REPRESENTATION_CONTEXT() REPRESENTATION_CONTEXT('2D SPACE',''
  ) );
#1757 = PCURVE('',#863,#1758);
#1758 = DEFINITIONAL_REPRESENTATION('',(#1759),#1762);
#1759 = B_SPLINE_CURVE_WITH_KNOTS('',1,(#1760,#1761),.UNSPECIFIED.,.F.,
  .F.,(2,2),(-17.85,-16.35),.PIECEWISE_BEZIER_KNOTS.);
#1760 = CARTESIAN_POINT('',(4.5,1.5));
#1761 = CARTESIAN_POINT('',(4.5,0.));
#1762 = ( GEOMETRIC_REPRESENTATION_CONTEXT(2) 
PARAMETRIC_REPRESENTATION_CONTEXT() REPRESENTATION_CONTEXT('2D SPACE',''
  ) );
#1763 = ORIENTED_EDGE('',*,*,#1764,.F.);
#1764 = EDGE_CURVE('',#1765,#1743,#1767,.T.);
#1765 = VERTEX_POINT('',#1766);
#1766 = CARTESIAN_POINT('',(18.095929214352,29.043068809428,4.));
#1767 = SURFACE_CURVE('',#1768,(#1772,#1779),.PCURVE_S1.);
#1768 = LINE('',#1769,#1770);
#1769 = CARTESIAN_POINT('',(17.597964607176,29.330568809428,4.));
#1770 = VECTOR('',#1771,1.);
#1771 = DIRECTION('',(-0.866025403784,0.5,0.));
#1772 = PCURVE('',#100,#1773);
#1773 = DEFINITIONAL_REPRESENTATION('',(#1774),#1778);
#1774 = LINE('',#1775,#1776);
#1775 = CARTESIAN_POINT('',(17.597964607176,29.330568809428));
#1776 = VECTOR('',#1777,1.);
#1777 = DIRECTION('',(-0.866025403784,0.5));
#1778 = ( GEOMETRIC_REPRESENTATION_CONTEXT(2) 
PARAMETRIC_REPRESENTATION_CONTEXT() REPRESENTATION_CONTEXT('2D SPACE',''
  ) );
#1779 = PCURVE('',#890,#1780);
#1780 = DEFINITIONAL_REPRESENTATION('',(#1781),#1784);
#1781 = B_SPLINE_CURVE_WITH_KNOTS('',1,(#1782,#1783),.UNSPECIFIED.,.F.,
  .F.,(2,2),(-0.575,1.725),.PIECEWISE_BEZIER_KNOTS.);
#1782 = CARTESIAN_POINT('',(4.5,0.));
#1783 = CARTESIAN_POINT('',(4.5,-2.3));
#1784 = ( GEOMETRIC_REPRESENTATION_CONTEXT(2) 
PARAMETRIC_REPRESENTATION_CONTEXT() REPRESENTATION_CONTEXT('2D SPACE',''
  ) );
#1785 = ORIENTED_EDGE('',*,*,#1786,.T.);
#1786 = EDGE_CURVE('',#1765,#1787,#1789,.T.);
#1787 = VERTEX_POINT('',#1788);
#1788 = CARTESIAN_POINT('',(17.711042136495,28.376424835403,4.));
#1789 = SURFACE_CURVE('',#1790,(#1794,#1801),.PCURVE_S1.);
#1790 = LINE('',#1791,#1792);
#1791 = CARTESIAN_POINT('',(9.170929214352,13.584515351876,4.));
#1792 = VECTOR('',#1793,1.);
#1793 = DIRECTION('',(-0.5,-0.866025403784,0.));
#1794 = PCURVE('',#100,#1795);
#1795 = DEFINITIONAL_REPRESENTATION('',(#1796),#1800);
#1796 = LINE('',#1797,#1798);
#1797 = CARTESIAN_POINT('',(9.170929214352,13.584515351876));
#1798 = VECTOR('',#1799,1.);
#1799 = DIRECTION('',(-0.5,-0.866025403784));
#1800 = ( GEOMETRIC_REPRESENTATION_CONTEXT(2) 
PARAMETRIC_REPRESENTATION_CONTEXT() REPRESENTATION_CONTEXT('2D SPACE',''
  ) );
#1801 = PCURVE('',#917,#1802);
#1802 = DEFINITIONAL_REPRESENTATION('',(#1803),#1806);
#1803 = B_SPLINE_CURVE_WITH_KNOTS('',1,(#1804,#1805),.UNSPECIFIED.,.F.,
  .F.,(2,2),(-17.85,-16.35),.PIECEWISE_BEZIER_KNOTS.);
#1804 = CARTESIAN_POINT('',(4.5,1.5));
#1805 = CARTESIAN_POINT('',(4.5,0.));
#1806 = ( GEOMETRIC_REPRESENTATION_CONTEXT(2) 
PARAMETRIC_REPRESENTATION_CONTEXT() REPRESENTATION_CONTEXT('2D SPACE',''
  ) );
#1807 = ORIENTED_EDGE('',*,*,#1808,.T.);
#1808 = EDGE_CURVE('',#1787,#1809,#1811,.T.);
#1809 = VERTEX_POINT('',#1810);
#1810 = CARTESIAN_POINT('',(28.612205976065,17.327555199255,4.));
#1811 = SURFACE_CURVE('',#1812,(#1817,#1828),.PCURVE_S1.);
#1812 = CIRCLE('',#1813,33.45);
#1813 = AXIS2_PLACEMENT_3D('',#1814,#1815,#1816);
#1814 = CARTESIAN_POINT('',(0.,0.,4.));
#1815 = DIRECTION('',(0.,0.,-1.));
#1816 = DIRECTION('',(1.,0.,0.));
#1817 = PCURVE('',#100,#1818);
#1818 = DEFINITIONAL_REPRESENTATION('',(#1819),#1827);
#1819 = ( BOUNDED_CURVE() B_SPLINE_CURVE(2,(#1820,#1821,#1822,#1823,
#1824,#1825,#1826),.UNSPECIFIED.,.T.,.F.) B_SPLINE_CURVE_WITH_KNOTS((1,2
    ,2,2,2,1),(-2.094395102393,0.,2.094395102393,4.188790204786,
6.28318530718,8.377580409573),.UNSPECIFIED.) CURVE() 
GEOMETRIC_REPRESENTATION_ITEM() RATIONAL_B_SPLINE_CURVE((1.,0.5,1.,0.5,
1.,0.5,1.)) REPRESENTATION_ITEM('') );
#1820 = CARTESIAN_POINT('',(33.45,1.518562030943E-15));
#1821 = CARTESIAN_POINT('',(33.45,-57.93709951317));
#1822 = CARTESIAN_POINT('',(-16.725,-28.96854975658));
#1823 = CARTESIAN_POINT('',(-66.9,-6.674325055353E-15));
#1824 = CARTESIAN_POINT('',(-16.725,28.968549756589));
#1825 = CARTESIAN_POINT('',(33.45,57.937099513179));
#1826 = CARTESIAN_POINT('',(33.45,1.518562030943E-15));
#1827 = ( GEOMETRIC_REPRESENTATION_CONTEXT(2) 
PARAMETRIC_REPRESENTATION_CONTEXT() REPRESENTATION_CONTEXT('2D SPACE',''
  ) );
#1828 = PCURVE('',#949,#1829);
#1829 = DEFINITIONAL_REPRESENTATION('',(#1830),#1834);
#1830 = LINE('',#1831,#1832);
#1831 = CARTESIAN_POINT('',(-6.28318530718,-5.));
#1832 = VECTOR('',#1833,1.);
#1833 = DIRECTION('',(1.,-0.));
#1834 = ( GEOMETRIC_REPRESENTATION_CONTEXT(2) 
PARAMETRIC_REPRESENTATION_CONTEXT() REPRESENTATION_CONTEXT('2D SPACE',''
  ) );
#1835 = ORIENTED_EDGE('',*,*,#1836,.F.);
#1836 = EDGE_CURVE('',#1837,#1809,#1839,.T.);
#1837 = VERTEX_POINT('',#1838);
#1838 = CARTESIAN_POINT('',(35.330246635919,21.206217782649,4.));
#1839 = SURFACE_CURVE('',#1840,(#1844,#1850),.PCURVE_S1.);
#1840 = LINE('',#1841,#1842);
#1841 = CARTESIAN_POINT('',(-0.35,0.606217782649,4.));
#1842 = VECTOR('',#1843,1.);
#1843 = DIRECTION('',(-0.866025403784,-0.5,0.));
#1844 = PCURVE('',#100,#1845);
#1845 = DEFINITIONAL_REPRESENTATION('',(#1846),#1849);
#1846 = B_SPLINE_CURVE_WITH_KNOTS('',1,(#1847,#1848),.UNSPECIFIED.,.F.,
  .F.,(2,2),(-44.2,-8.950815451593E-16),.PIECEWISE_BEZIER_KNOTS.);
#1847 = CARTESIAN_POINT('',(37.928322847272,22.706217782649));
#1848 = CARTESIAN_POINT('',(-0.35,0.606217782649));
#1849 = ( GEOMETRIC_REPRESENTATION_CONTEXT(2) 
PARAMETRIC_REPRESENTATION_CONTEXT() REPRESENTATION_CONTEXT('2D SPACE',''
  ) );
#1850 = PCURVE('',#976,#1851);
#1851 = DEFINITIONAL_REPRESENTATION('',(#1852),#1855);
#1852 = B_SPLINE_CURVE_WITH_KNOTS('',1,(#1853,#1854),.UNSPECIFIED.,.F.,
  .F.,(2,2),(-44.2,-8.950815451593E-16),.PIECEWISE_BEZIER_KNOTS.);
#1853 = CARTESIAN_POINT('',(4.5,44.2));
#1854 = CARTESIAN_POINT('',(4.5,0.));
#1855 = ( GEOMETRIC_REPRESENTATION_CONTEXT(2) 
PARAMETRIC_REPRESENTATION_CONTEXT() REPRESENTATION_CONTEXT('2D SPACE',''
  ) );
#1856 = ORIENTED_EDGE('',*,*,#1857,.T.);
#1857 = EDGE_CURVE('',#1837,#1858,#1860,.T.);
#1858 = VERTEX_POINT('',#1859);
#1859 = CARTESIAN_POINT('',(32.580246635919,25.969357503464,4.));
#1860 = SURFACE_CURVE('',#1861,(#1865,#1872),.PCURVE_S1.);
#1861 = LINE('',#1862,#1863);
#1862 = CARTESIAN_POINT('',(38.780246635919,15.230642496536,4.));
#1863 = VECTOR('',#1864,1.);
#1864 = DIRECTION('',(-0.5,0.866025403784,0.));
#1865 = PCURVE('',#100,#1866);
#1866 = DEFINITIONAL_REPRESENTATION('',(#1867),#1871);
#1867 = LINE('',#1868,#1869);
#1868 = CARTESIAN_POINT('',(38.780246635919,15.230642496536));
#1869 = VECTOR('',#1870,1.);
#1870 = DIRECTION('',(-0.5,0.866025403784));
#1871 = ( GEOMETRIC_REPRESENTATION_CONTEXT(2) 
PARAMETRIC_REPRESENTATION_CONTEXT() REPRESENTATION_CONTEXT('2D SPACE',''
  ) );
#1872 = PCURVE('',#1003,#1873);
#1873 = DEFINITIONAL_REPRESENTATION('',(#1874),#1878);
#1874 = LINE('',#1875,#1876);
#1875 = CARTESIAN_POINT('',(4.,0.));
#1876 = VECTOR('',#1877,1.);
#1877 = DIRECTION('',(0.,-1.));
#1878 = ( GEOMETRIC_REPRESENTATION_CONTEXT(2) 
PARAMETRIC_REPRESENTATION_CONTEXT() REPRESENTATION_CONTEXT('2D SPACE',''
  ) );
#1879 = ORIENTED_EDGE('',*,*,#1880,.F.);
#1880 = EDGE_CURVE('',#1881,#1858,#1883,.T.);
#1881 = VERTEX_POINT('',#1882);
#1882 = CARTESIAN_POINT('',(31.670919961945,25.444357503463,4.));
#1883 = SURFACE_CURVE('',#1884,(#1888,#1895),.PCURVE_S1.);
#1884 = LINE('',#1885,#1886);
#1885 = CARTESIAN_POINT('',(27.384094213212,22.969357503464,4.));
#1886 = VECTOR('',#1887,1.);
#1887 = DIRECTION('',(0.866025403784,0.5,0.));
#1888 = PCURVE('',#100,#1889);
#1889 = DEFINITIONAL_REPRESENTATION('',(#1890),#1894);
#1890 = LINE('',#1891,#1892);
#1891 = CARTESIAN_POINT('',(27.384094213212,22.969357503464));
#1892 = VECTOR('',#1893,1.);
#1893 = DIRECTION('',(0.866025403784,0.5));
#1894 = ( GEOMETRIC_REPRESENTATION_CONTEXT(2) 
PARAMETRIC_REPRESENTATION_CONTEXT() REPRESENTATION_CONTEXT('2D SPACE',''
  ) );
#1895 = PCURVE('',#1896,#1901);
#1896 = PLANE('',#1897);
#1897 = AXIS2_PLACEMENT_3D('',#1898,#1899,#1900);
#1898 = CARTESIAN_POINT('',(27.384094213212,22.969357503464,0.));
#1899 = DIRECTION('',(-0.5,0.866025403784,0.));
#1900 = DIRECTION('',(0.,0.,1.));
#1901 = DEFINITIONAL_REPRESENTATION('',(#1902),#1906);
#1902 = LINE('',#1903,#1904);
#1903 = CARTESIAN_POINT('',(4.,0.));
#1904 = VECTOR('',#1905,1.);
#1905 = DIRECTION('',(0.,1.));
#1906 = ( GEOMETRIC_REPRESENTATION_CONTEXT(2) 
PARAMETRIC_REPRESENTATION_CONTEXT() REPRESENTATION_CONTEXT('2D SPACE',''
  ) );
#1907 = ORIENTED_EDGE('',*,*,#1908,.T.);
#1908 = EDGE_CURVE('',#1881,#1909,#1911,.T.);
#1909 = VERTEX_POINT('',#1910);
#1910 = CARTESIAN_POINT('',(32.670919961945,23.712306695895,4.));
#1911 = SURFACE_CURVE('',#1912,(#1916,#1922),.PCURVE_S1.);
#1912 = LINE('',#1913,#1914);
#1913 = CARTESIAN_POINT('',(31.545919961945,25.66086385441,4.));
#1914 = VECTOR('',#1915,1.);
#1915 = DIRECTION('',(0.5,-0.866025403784,0.));
#1916 = PCURVE('',#100,#1917);
#1917 = DEFINITIONAL_REPRESENTATION('',(#1918),#1921);
#1918 = B_SPLINE_CURVE_WITH_KNOTS('',1,(#1919,#1920),.UNSPECIFIED.,.F.,
  .F.,(2,2),(-5.9999999931E-07,2.2500006),.PIECEWISE_BEZIER_KNOTS.);
#1919 = CARTESIAN_POINT('',(31.545919661945,25.660864374025));
#1920 = CARTESIAN_POINT('',(32.670920261945,23.712306176279));
#1921 = ( GEOMETRIC_REPRESENTATION_CONTEXT(2) 
PARAMETRIC_REPRESENTATION_CONTEXT() REPRESENTATION_CONTEXT('2D SPACE',''
  ) );
#1922 = PCURVE('',#1923,#1928);
#1923 = CYLINDRICAL_SURFACE('',#1924,2.05);
#1924 = AXIS2_PLACEMENT_3D('',#1925,#1926,#1927);
#1925 = CARTESIAN_POINT('',(31.156208530242,25.43586385441,2.));
#1926 = DIRECTION('',(0.5,-0.866025403784,0.));
#1927 = DIRECTION('',(0.,0.,-1.));
#1928 = DEFINITIONAL_REPRESENTATION('',(#1929),#1932);
#1929 = B_SPLINE_CURVE_WITH_KNOTS('',1,(#1930,#1931),.UNSPECIFIED.,.F.,
  .F.,(2,2),(-5.9999999931E-07,2.2500006),.PIECEWISE_BEZIER_KNOTS.);
#1930 = CARTESIAN_POINT('',(2.920278211242,-5.999999998651E-07));
#1931 = CARTESIAN_POINT('',(2.920278211242,2.2500006));
#1932 = ( GEOMETRIC_REPRESENTATION_CONTEXT(2) 
PARAMETRIC_REPRESENTATION_CONTEXT() REPRESENTATION_CONTEXT('2D SPACE',''
  ) );
#1933 = ORIENTED_EDGE('',*,*,#1934,.F.);
#1934 = EDGE_CURVE('',#1935,#1909,#1937,.T.);
#1935 = VERTEX_POINT('',#1936);
#1936 = CARTESIAN_POINT('',(31.891497098539,23.262306695895,4.));
#1937 = SURFACE_CURVE('',#1938,(#1942,#1948),.PCURVE_S1.);
#1938 = LINE('',#1939,#1940);
#1939 = CARTESIAN_POINT('',(15.090604265121,13.562306695895,4.));
#1940 = VECTOR('',#1941,1.);
#1941 = DIRECTION('',(0.866025403784,0.5,-0.));
#1942 = PCURVE('',#100,#1943);
#1943 = DEFINITIONAL_REPRESENTATION('',(#1944),#1947);
#1944 = B_SPLINE_CURVE_WITH_KNOTS('',1,(#1945,#1946),.UNSPECIFIED.,.F.,
  .F.,(2,2),(17.8,21.9),.PIECEWISE_BEZIER_KNOTS.);
#1945 = CARTESIAN_POINT('',(30.505856452484,22.462306695895));
#1946 = CARTESIAN_POINT('',(34.056560608,24.512306695895));
#1947 = ( GEOMETRIC_REPRESENTATION_CONTEXT(2) 
PARAMETRIC_REPRESENTATION_CONTEXT() REPRESENTATION_CONTEXT('2D SPACE',''
  ) );
#1948 = PCURVE('',#1084,#1949);
#1949 = DEFINITIONAL_REPRESENTATION('',(#1950),#1953);
#1950 = B_SPLINE_CURVE_WITH_KNOTS('',1,(#1951,#1952),.UNSPECIFIED.,.F.,
  .F.,(2,2),(17.8,21.9),.PIECEWISE_BEZIER_KNOTS.);
#1951 = CARTESIAN_POINT('',(-2.,-2.05));
#1952 = CARTESIAN_POINT('',(-2.,2.05));
#1953 = ( GEOMETRIC_REPRESENTATION_CONTEXT(2) 
PARAMETRIC_REPRESENTATION_CONTEXT() REPRESENTATION_CONTEXT('2D SPACE',''
  ) );
#1954 = ORIENTED_EDGE('',*,*,#1955,.F.);
#1955 = EDGE_CURVE('',#1125,#1935,#1956,.T.);
#1956 = SURFACE_CURVE('',#1957,(#1961,#1967),.PCURVE_S1.);
#1957 = LINE('',#1958,#1959);
#1958 = CARTESIAN_POINT('',(30.766497098539,25.21086385441,4.));
#1959 = VECTOR('',#1960,1.);
#1960 = DIRECTION('',(0.5,-0.866025403784,0.));
#1961 = PCURVE('',#100,#1962);
#1962 = DEFINITIONAL_REPRESENTATION('',(#1963),#1966);
#1963 = B_SPLINE_CURVE_WITH_KNOTS('',1,(#1964,#1965),.UNSPECIFIED.,.F.,
  .F.,(2,2),(-6.000000023868E-07,2.2500006),.PIECEWISE_BEZIER_KNOTS.);
#1964 = CARTESIAN_POINT('',(30.766496798539,25.210864374025));
#1965 = CARTESIAN_POINT('',(31.891497398539,23.262306176279));
#1966 = ( GEOMETRIC_REPRESENTATION_CONTEXT(2) 
PARAMETRIC_REPRESENTATION_CONTEXT() REPRESENTATION_CONTEXT('2D SPACE',''
  ) );
#1967 = PCURVE('',#1108,#1968);
#1968 = DEFINITIONAL_REPRESENTATION('',(#1969),#1972);
#1969 = B_SPLINE_CURVE_WITH_KNOTS('',1,(#1970,#1971),.UNSPECIFIED.,.F.,
  .F.,(2,2),(-6.000000023868E-07,2.2500006),.PIECEWISE_BEZIER_KNOTS.);
#1970 = CARTESIAN_POINT('',(3.362907095938,-6.000000018317E-07));
#1971 = CARTESIAN_POINT('',(3.362907095938,2.2500006));
#1972 = ( GEOMETRIC_REPRESENTATION_CONTEXT(2) 
PARAMETRIC_REPRESENTATION_CONTEXT() REPRESENTATION_CONTEXT('2D SPACE',''
  ) );
#1973 = ORIENTED_EDGE('',*,*,#1124,.F.);
#1974 = ADVANCED_FACE('',(#1975),#129,.F.);
#1975 = FACE_BOUND('',#1976,.F.);
#1976 = EDGE_LOOP('',(#1977,#1978,#1979,#1980,#2003,#2032));
#1977 = ORIENTED_EDGE('',*,*,#167,.F.);
#1978 = ORIENTED_EDGE('',*,*,#116,.F.);
#1979 = ORIENTED_EDGE('',*,*,#1177,.T.);
#1980 = ORIENTED_EDGE('',*,*,#1981,.F.);
#1981 = EDGE_CURVE('',#1982,#1178,#1984,.T.);
#1982 = VERTEX_POINT('',#1983);
#1983 = CARTESIAN_POINT('',(38.780246635919,15.230642496536,
    2.687386354244));
#1984 = SURFACE_CURVE('',#1985,(#1989,#1996),.PCURVE_S1.);
#1985 = LINE('',#1986,#1987);
#1986 = CARTESIAN_POINT('',(38.780246635919,15.230642496536,0.));
#1987 = VECTOR('',#1988,1.);
#1988 = DIRECTION('',(0.,0.,1.));
#1989 = PCURVE('',#129,#1990);
#1990 = DEFINITIONAL_REPRESENTATION('',(#1991),#1995);
#1991 = LINE('',#1992,#1993);
#1992 = CARTESIAN_POINT('',(0.,6.));
#1993 = VECTOR('',#1994,1.);
#1994 = DIRECTION('',(1.,0.));
#1995 = ( GEOMETRIC_REPRESENTATION_CONTEXT(2) 
PARAMETRIC_REPRESENTATION_CONTEXT() REPRESENTATION_CONTEXT('2D SPACE',''
  ) );
#1996 = PCURVE('',#206,#1997);
#1997 = DEFINITIONAL_REPRESENTATION('',(#1998),#2002);
#1998 = LINE('',#1999,#2000);
#1999 = CARTESIAN_POINT('',(0.,0.));
#2000 = VECTOR('',#2001,1.);
#2001 = DIRECTION('',(1.,0.));
#2002 = ( GEOMETRIC_REPRESENTATION_CONTEXT(2) 
PARAMETRIC_REPRESENTATION_CONTEXT() REPRESENTATION_CONTEXT('2D SPACE',''
  ) );
#2003 = ORIENTED_EDGE('',*,*,#2004,.F.);
#2004 = EDGE_CURVE('',#2005,#1982,#2007,.T.);
#2005 = VERTEX_POINT('',#2006);
#2006 = CARTESIAN_POINT('',(38.780246635919,15.230642496536,
    1.312613645756));
#2007 = SURFACE_CURVE('',#2008,(#2013,#2020),.PCURVE_S1.);
#2008 = CIRCLE('',#2009,1.65);
#2009 = AXIS2_PLACEMENT_3D('',#2010,#2011,#2012);
#2010 = CARTESIAN_POINT('',(37.481208530242,14.480642496536,2.));
#2011 = DIRECTION('',(-0.5,0.866025403784,-2.498001805407E-16));
#2012 = DIRECTION('',(0.787295821622,0.454545454545,-0.416597790451));
#2013 = PCURVE('',#129,#2014);
#2014 = DEFINITIONAL_REPRESENTATION('',(#2015),#2019);
#2015 = CIRCLE('',#2016,1.65);
#2016 = AXIS2_PLACEMENT_2D('',#2017,#2018);
#2017 = CARTESIAN_POINT('',(2.,4.5));
#2018 = DIRECTION('',(-0.416597790451,0.909090909091));
#2019 = ( GEOMETRIC_REPRESENTATION_CONTEXT(2) 
PARAMETRIC_REPRESENTATION_CONTEXT() REPRESENTATION_CONTEXT('2D SPACE',''
  ) );
#2020 = PCURVE('',#2021,#2026);
#2021 = CYLINDRICAL_SURFACE('',#2022,1.65);
#2022 = AXIS2_PLACEMENT_3D('',#2023,#2024,#2025);
#2023 = CARTESIAN_POINT('',(37.731208530242,14.047629794644,2.));
#2024 = DIRECTION('',(-0.5,0.866025403784,0.));
#2025 = DIRECTION('',(0.,0.,1.));
#2026 = DEFINITIONAL_REPRESENTATION('',(#2027),#2031);
#2027 = LINE('',#2028,#2029);
#2028 = CARTESIAN_POINT('',(2.000495992946,0.5));
#2029 = VECTOR('',#2030,1.);
#2030 = DIRECTION('',(1.,0.));
#2031 = ( GEOMETRIC_REPRESENTATION_CONTEXT(2) 
PARAMETRIC_REPRESENTATION_CONTEXT() REPRESENTATION_CONTEXT('2D SPACE',''
  ) );
#2032 = ORIENTED_EDGE('',*,*,#2033,.F.);
#2033 = EDGE_CURVE('',#168,#2005,#2034,.T.);
#2034 = SURFACE_CURVE('',#2035,(#2039,#2046),.PCURVE_S1.);
#2035 = LINE('',#2036,#2037);
#2036 = CARTESIAN_POINT('',(38.780246635919,15.230642496536,0.));
#2037 = VECTOR('',#2038,1.);
#2038 = DIRECTION('',(0.,0.,1.));
#2039 = PCURVE('',#129,#2040);
#2040 = DEFINITIONAL_REPRESENTATION('',(#2041),#2045);
#2041 = LINE('',#2042,#2043);
#2042 = CARTESIAN_POINT('',(0.,6.));
#2043 = VECTOR('',#2044,1.);
#2044 = DIRECTION('',(1.,0.));
#2045 = ( GEOMETRIC_REPRESENTATION_CONTEXT(2) 
PARAMETRIC_REPRESENTATION_CONTEXT() REPRESENTATION_CONTEXT('2D SPACE',''
  ) );
#2046 = PCURVE('',#206,#2047);
#2047 = DEFINITIONAL_REPRESENTATION('',(#2048),#2052);
#2048 = LINE('',#2049,#2050);
#2049 = CARTESIAN_POINT('',(0.,0.));
#2050 = VECTOR('',#2051,1.);
#2051 = DIRECTION('',(1.,0.));
#2052 = ( GEOMETRIC_REPRESENTATION_CONTEXT(2) 
PARAMETRIC_REPRESENTATION_CONTEXT() REPRESENTATION_CONTEXT('2D SPACE',''
  ) );
#2053 = ADVANCED_FACE('',(#2054),#1108,.F.);
#2054 = FACE_BOUND('',#2055,.F.);
#2055 = EDGE_LOOP('',(#2056,#2057,#2079,#2080));
#2056 = ORIENTED_EDGE('',*,*,#1095,.T.);
#2057 = ORIENTED_EDGE('',*,*,#2058,.F.);
#2058 = EDGE_CURVE('',#1935,#1070,#2059,.T.);
#2059 = SURFACE_CURVE('',#2060,(#2065,#2072),.PCURVE_S1.);
#2060 = CIRCLE('',#2061,2.05);
#2061 = AXIS2_PLACEMENT_3D('',#2062,#2063,#2064);
#2062 = CARTESIAN_POINT('',(32.281208530242,23.487306695895,2.));
#2063 = DIRECTION('',(0.5,-0.866025403784,0.));
#2064 = DIRECTION('',(0.,0.,-1.));
#2065 = PCURVE('',#1108,#2066);
#2066 = DEFINITIONAL_REPRESENTATION('',(#2067),#2071);
#2067 = LINE('',#2068,#2069);
#2068 = CARTESIAN_POINT('',(0.,2.25));
#2069 = VECTOR('',#2070,1.);
#2070 = DIRECTION('',(1.,0.));
#2071 = ( GEOMETRIC_REPRESENTATION_CONTEXT(2) 
PARAMETRIC_REPRESENTATION_CONTEXT() REPRESENTATION_CONTEXT('2D SPACE',''
  ) );
#2072 = PCURVE('',#1084,#2073);
#2073 = DEFINITIONAL_REPRESENTATION('',(#2074),#2078);
#2074 = CIRCLE('',#2075,2.05);
#2075 = AXIS2_PLACEMENT_2D('',#2076,#2077);
#2076 = CARTESIAN_POINT('',(0.,0.));
#2077 = DIRECTION('',(1.,0.));
#2078 = ( GEOMETRIC_REPRESENTATION_CONTEXT(2) 
PARAMETRIC_REPRESENTATION_CONTEXT() REPRESENTATION_CONTEXT('2D SPACE',''
  ) );
#2079 = ORIENTED_EDGE('',*,*,#1955,.F.);
#2080 = ORIENTED_EDGE('',*,*,#1147,.T.);
#2081 = ADVANCED_FACE('',(#2082,#2154),#1084,.F.);
#2082 = FACE_BOUND('',#2083,.F.);
#2083 = EDGE_LOOP('',(#2084,#2085,#2109,#2130,#2152,#2153));
#2084 = ORIENTED_EDGE('',*,*,#1069,.T.);
#2085 = ORIENTED_EDGE('',*,*,#2086,.T.);
#2086 = EDGE_CURVE('',#1044,#2087,#2089,.T.);
#2087 = VERTEX_POINT('',#2088);
#2088 = CARTESIAN_POINT('',(33.580246635919,24.237306695895,
    0.602681138752));
#2089 = SURFACE_CURVE('',#2090,(#2095,#2102),.PCURVE_S1.);
#2090 = CIRCLE('',#2091,2.05);
#2091 = AXIS2_PLACEMENT_3D('',#2092,#2093,#2094);
#2092 = CARTESIAN_POINT('',(32.281208530242,23.487306695895,2.));
#2093 = DIRECTION('',(0.5,-0.866025403784,0.));
#2094 = DIRECTION('',(0.,0.,-1.));
#2095 = PCURVE('',#1084,#2096);
#2096 = DEFINITIONAL_REPRESENTATION('',(#2097),#2101);
#2097 = CIRCLE('',#2098,2.05);
#2098 = AXIS2_PLACEMENT_2D('',#2099,#2100);
#2099 = CARTESIAN_POINT('',(0.,0.));
#2100 = DIRECTION('',(1.,0.));
#2101 = ( GEOMETRIC_REPRESENTATION_CONTEXT(2) 
PARAMETRIC_REPRESENTATION_CONTEXT() REPRESENTATION_CONTEXT('2D SPACE',''
  ) );
#2102 = PCURVE('',#1058,#2103);
#2103 = DEFINITIONAL_REPRESENTATION('',(#2104),#2108);
#2104 = LINE('',#2105,#2106);
#2105 = CARTESIAN_POINT('',(0.,2.25));
#2106 = VECTOR('',#2107,1.);
#2107 = DIRECTION('',(1.,0.));
#2108 = ( GEOMETRIC_REPRESENTATION_CONTEXT(2) 
PARAMETRIC_REPRESENTATION_CONTEXT() REPRESENTATION_CONTEXT('2D SPACE',''
  ) );
#2109 = ORIENTED_EDGE('',*,*,#2110,.F.);
#2110 = EDGE_CURVE('',#2111,#2087,#2113,.T.);
#2111 = VERTEX_POINT('',#2112);
#2112 = CARTESIAN_POINT('',(33.580246635919,24.237306695895,
    3.397318861248));
#2113 = SURFACE_CURVE('',#2114,(#2118,#2124),.PCURVE_S1.);
#2114 = LINE('',#2115,#2116);
#2115 = CARTESIAN_POINT('',(33.580246635919,24.237306695895,1.));
#2116 = VECTOR('',#2117,1.);
#2117 = DIRECTION('',(0.,0.,-1.));
#2118 = PCURVE('',#1084,#2119);
#2119 = DEFINITIONAL_REPRESENTATION('',(#2120),#2123);
#2120 = B_SPLINE_CURVE_WITH_KNOTS('',1,(#2121,#2122),.UNSPECIFIED.,.F.,
  .F.,(2,2),(-3.,1.),.PIECEWISE_BEZIER_KNOTS.);
#2121 = CARTESIAN_POINT('',(-2.,1.5));
#2122 = CARTESIAN_POINT('',(2.,1.5));
#2123 = ( GEOMETRIC_REPRESENTATION_CONTEXT(2) 
PARAMETRIC_REPRESENTATION_CONTEXT() REPRESENTATION_CONTEXT('2D SPACE',''
  ) );
#2124 = PCURVE('',#1003,#2125);
#2125 = DEFINITIONAL_REPRESENTATION('',(#2126),#2129);
#2126 = B_SPLINE_CURVE_WITH_KNOTS('',1,(#2127,#2128),.UNSPECIFIED.,.F.,
  .F.,(2,2),(-3.,1.),.PIECEWISE_BEZIER_KNOTS.);
#2127 = CARTESIAN_POINT('',(4.,-10.4));
#2128 = CARTESIAN_POINT('',(0.,-10.4));
#2129 = ( GEOMETRIC_REPRESENTATION_CONTEXT(2) 
PARAMETRIC_REPRESENTATION_CONTEXT() REPRESENTATION_CONTEXT('2D SPACE',''
  ) );
#2130 = ORIENTED_EDGE('',*,*,#2131,.T.);
#2131 = EDGE_CURVE('',#2111,#1909,#2132,.T.);
#2132 = SURFACE_CURVE('',#2133,(#2138,#2145),.PCURVE_S1.);
#2133 = CIRCLE('',#2134,2.05);
#2134 = AXIS2_PLACEMENT_3D('',#2135,#2136,#2137);
#2135 = CARTESIAN_POINT('',(32.281208530242,23.487306695895,2.));
#2136 = DIRECTION('',(0.5,-0.866025403784,0.));
#2137 = DIRECTION('',(0.,0.,-1.));
#2138 = PCURVE('',#1084,#2139);
#2139 = DEFINITIONAL_REPRESENTATION('',(#2140),#2144);
#2140 = CIRCLE('',#2141,2.05);
#2141 = AXIS2_PLACEMENT_2D('',#2142,#2143);
#2142 = CARTESIAN_POINT('',(0.,0.));
#2143 = DIRECTION('',(1.,0.));
#2144 = ( GEOMETRIC_REPRESENTATION_CONTEXT(2) 
PARAMETRIC_REPRESENTATION_CONTEXT() REPRESENTATION_CONTEXT('2D SPACE',''
  ) );
#2145 = PCURVE('',#1923,#2146);
#2146 = DEFINITIONAL_REPRESENTATION('',(#2147),#2151);
#2147 = LINE('',#2148,#2149);
#2148 = CARTESIAN_POINT('',(0.,2.25));
#2149 = VECTOR('',#2150,1.);
#2150 = DIRECTION('',(1.,0.));
#2151 = ( GEOMETRIC_REPRESENTATION_CONTEXT(2) 
PARAMETRIC_REPRESENTATION_CONTEXT() REPRESENTATION_CONTEXT('2D SPACE',''
  ) );
#2152 = ORIENTED_EDGE('',*,*,#1934,.F.);
#2153 = ORIENTED_EDGE('',*,*,#2058,.T.);
#2154 = FACE_BOUND('',#2155,.F.);
#2155 = EDGE_LOOP('',(#2156));
#2156 = ORIENTED_EDGE('',*,*,#2157,.F.);
#2157 = EDGE_CURVE('',#2158,#2158,#2160,.T.);
#2158 = VERTEX_POINT('',#2159);
#2159 = CARTESIAN_POINT('',(32.281208530242,23.487306695895,0.8));
#2160 = SURFACE_CURVE('',#2161,(#2166,#2173),.PCURVE_S1.);
#2161 = CIRCLE('',#2162,1.2);
#2162 = AXIS2_PLACEMENT_3D('',#2163,#2164,#2165);
#2163 = CARTESIAN_POINT('',(32.281208530242,23.487306695895,2.));
#2164 = DIRECTION('',(0.5,-0.866025403784,0.));
#2165 = DIRECTION('',(0.,0.,-1.));
#2166 = PCURVE('',#1084,#2167);
#2167 = DEFINITIONAL_REPRESENTATION('',(#2168),#2172);
#2168 = CIRCLE('',#2169,1.2);
#2169 = AXIS2_PLACEMENT_2D('',#2170,#2171);
#2170 = CARTESIAN_POINT('',(0.,0.));
#2171 = DIRECTION('',(1.,0.));
#2172 = ( GEOMETRIC_REPRESENTATION_CONTEXT(2) 
PARAMETRIC_REPRESENTATION_CONTEXT() REPRESENTATION_CONTEXT('2D SPACE',''
  ) );
#2173 = PCURVE('',#2174,#2179);
#2174 = CYLINDRICAL_SURFACE('',#2175,1.2);
#2175 = AXIS2_PLACEMENT_3D('',#2176,#2177,#2178);
#2176 = CARTESIAN_POINT('',(31.156208530242,25.43586385441,2.));
#2177 = DIRECTION('',(0.5,-0.866025403784,0.));
#2178 = DIRECTION('',(0.,0.,-1.));
#2179 = DEFINITIONAL_REPRESENTATION('',(#2180),#2184);
#2180 = LINE('',#2181,#2182);
#2181 = CARTESIAN_POINT('',(0.,2.25));
#2182 = VECTOR('',#2183,1.);
#2183 = DIRECTION('',(1.,0.));
#2184 = ( GEOMETRIC_REPRESENTATION_CONTEXT(2) 
PARAMETRIC_REPRESENTATION_CONTEXT() REPRESENTATION_CONTEXT('2D SPACE',''
  ) );
#2185 = ADVANCED_FACE('',(#2186),#1058,.F.);
#2186 = FACE_BOUND('',#2187,.F.);
#2187 = EDGE_LOOP('',(#2188,#2189,#2190,#2218));
#2188 = ORIENTED_EDGE('',*,*,#2086,.F.);
#2189 = ORIENTED_EDGE('',*,*,#1043,.F.);
#2190 = ORIENTED_EDGE('',*,*,#2191,.T.);
#2191 = EDGE_CURVE('',#1016,#2192,#2194,.T.);
#2192 = VERTEX_POINT('',#2193);
#2193 = CARTESIAN_POINT('',(32.580246635919,25.969357503464,
    0.602681138752));
#2194 = SURFACE_CURVE('',#2195,(#2200,#2207),.PCURVE_S1.);
#2195 = CIRCLE('',#2196,2.05);
#2196 = AXIS2_PLACEMENT_3D('',#2197,#2198,#2199);
#2197 = CARTESIAN_POINT('',(31.281208530242,25.219357503464,2.));
#2198 = DIRECTION('',(0.5,-0.866025403784,0.));
#2199 = DIRECTION('',(0.,0.,-1.));
#2200 = PCURVE('',#1058,#2201);
#2201 = DEFINITIONAL_REPRESENTATION('',(#2202),#2206);
#2202 = LINE('',#2203,#2204);
#2203 = CARTESIAN_POINT('',(0.,0.25));
#2204 = VECTOR('',#2205,1.);
#2205 = DIRECTION('',(1.,0.));
#2206 = ( GEOMETRIC_REPRESENTATION_CONTEXT(2) 
PARAMETRIC_REPRESENTATION_CONTEXT() REPRESENTATION_CONTEXT('2D SPACE',''
  ) );
#2207 = PCURVE('',#1031,#2208);
#2208 = DEFINITIONAL_REPRESENTATION('',(#2209),#2217);
#2209 = ( BOUNDED_CURVE() B_SPLINE_CURVE(2,(#2210,#2211,#2212,#2213,
#2214,#2215,#2216),.UNSPECIFIED.,.T.,.F.) B_SPLINE_CURVE_WITH_KNOTS((1,2
    ,2,2,2,1),(-2.094395102393,0.,2.094395102393,4.188790204786,
6.28318530718,8.377580409573),.UNSPECIFIED.) CURVE() 
GEOMETRIC_REPRESENTATION_ITEM() RATIONAL_B_SPLINE_CURVE((1.,0.5,1.,0.5,
1.,0.5,1.)) REPRESENTATION_ITEM('') );
#2210 = CARTESIAN_POINT('',(-5.E-02,4.5));
#2211 = CARTESIAN_POINT('',(-5.E-02,8.050704155516));
#2212 = CARTESIAN_POINT('',(3.025,6.275352077758));
#2213 = CARTESIAN_POINT('',(6.1,4.5));
#2214 = CARTESIAN_POINT('',(3.025,2.724647922242));
#2215 = CARTESIAN_POINT('',(-5.E-02,0.949295844484));
#2216 = CARTESIAN_POINT('',(-5.E-02,4.5));
#2217 = ( GEOMETRIC_REPRESENTATION_CONTEXT(2) 
PARAMETRIC_REPRESENTATION_CONTEXT() REPRESENTATION_CONTEXT('2D SPACE',''
  ) );
#2218 = ORIENTED_EDGE('',*,*,#2219,.T.);
#2219 = EDGE_CURVE('',#2192,#2087,#2220,.T.);
#2220 = SURFACE_CURVE('',#2221,(#2225,#2231),.PCURVE_S1.);
#2221 = LINE('',#2222,#2223);
#2222 = CARTESIAN_POINT('',(32.455246635919,26.18586385441,
    0.602681138752));
#2223 = VECTOR('',#2224,1.);
#2224 = DIRECTION('',(0.5,-0.866025403784,0.));
#2225 = PCURVE('',#1058,#2226);
#2226 = DEFINITIONAL_REPRESENTATION('',(#2227),#2230);
#2227 = B_SPLINE_CURVE_WITH_KNOTS('',1,(#2228,#2229),.UNSPECIFIED.,.F.,
  .F.,(2,2),(-6.000000010864E-07,2.2500006),.PIECEWISE_BEZIER_KNOTS.);
#2228 = CARTESIAN_POINT('',(0.820823391669,-6.000000011974E-07));
#2229 = CARTESIAN_POINT('',(0.820823391669,2.2500006));
#2230 = ( GEOMETRIC_REPRESENTATION_CONTEXT(2) 
PARAMETRIC_REPRESENTATION_CONTEXT() REPRESENTATION_CONTEXT('2D SPACE',''
  ) );
#2231 = PCURVE('',#1003,#2232);
#2232 = DEFINITIONAL_REPRESENTATION('',(#2233),#2236);
#2233 = B_SPLINE_CURVE_WITH_KNOTS('',1,(#2234,#2235),.UNSPECIFIED.,.F.,
  .F.,(2,2),(-6.000000010864E-07,2.2500006),.PIECEWISE_BEZIER_KNOTS.);
#2234 = CARTESIAN_POINT('',(0.602681138752,-12.6500006));
#2235 = CARTESIAN_POINT('',(0.602681138752,-10.3999994));
#2236 = ( GEOMETRIC_REPRESENTATION_CONTEXT(2) 
PARAMETRIC_REPRESENTATION_CONTEXT() REPRESENTATION_CONTEXT('2D SPACE',''
  ) );
#2237 = ADVANCED_FACE('',(#2238),#1031,.T.);
#2238 = FACE_BOUND('',#2239,.T.);
#2239 = EDGE_LOOP('',(#2240,#2241,#2242));
#2240 = ORIENTED_EDGE('',*,*,#1015,.F.);
#2241 = ORIENTED_EDGE('',*,*,#2191,.T.);
#2242 = ORIENTED_EDGE('',*,*,#2243,.F.);
#2243 = EDGE_CURVE('',#988,#2192,#2244,.T.);
#2244 = SURFACE_CURVE('',#2245,(#2249,#2256),.PCURVE_S1.);
#2245 = LINE('',#2246,#2247);
#2246 = CARTESIAN_POINT('',(32.580246635919,25.969357503464,0.));
#2247 = VECTOR('',#2248,1.);
#2248 = DIRECTION('',(0.,0.,1.));
#2249 = PCURVE('',#1031,#2250);
#2250 = DEFINITIONAL_REPRESENTATION('',(#2251),#2255);
#2251 = LINE('',#2252,#2253);
#2252 = CARTESIAN_POINT('',(0.,6.));
#2253 = VECTOR('',#2254,1.);
#2254 = DIRECTION('',(1.,0.));
#2255 = ( GEOMETRIC_REPRESENTATION_CONTEXT(2) 
PARAMETRIC_REPRESENTATION_CONTEXT() REPRESENTATION_CONTEXT('2D SPACE',''
  ) );
#2256 = PCURVE('',#1003,#2257);
#2257 = DEFINITIONAL_REPRESENTATION('',(#2258),#2262);
#2258 = LINE('',#2259,#2260);
#2259 = CARTESIAN_POINT('',(0.,-12.4));
#2260 = VECTOR('',#2261,1.);
#2261 = DIRECTION('',(1.,0.));
#2262 = ( GEOMETRIC_REPRESENTATION_CONTEXT(2) 
PARAMETRIC_REPRESENTATION_CONTEXT() REPRESENTATION_CONTEXT('2D SPACE',''
  ) );
#2263 = ADVANCED_FACE('',(#2264),#1003,.T.);
#2264 = FACE_BOUND('',#2265,.T.);
#2265 = EDGE_LOOP('',(#2266,#2267,#2286,#2287,#2288,#2289,#2290,#2311));
#2266 = ORIENTED_EDGE('',*,*,#1857,.F.);
#2267 = ORIENTED_EDGE('',*,*,#2268,.F.);
#2268 = EDGE_CURVE('',#962,#1837,#2269,.T.);
#2269 = SURFACE_CURVE('',#2270,(#2274,#2280),.PCURVE_S1.);
#2270 = LINE('',#2271,#2272);
#2271 = CARTESIAN_POINT('',(35.330246635919,21.206217782649,-0.25));
#2272 = VECTOR('',#2273,1.);
#2273 = DIRECTION('',(0.,-0.,1.));
#2274 = PCURVE('',#1003,#2275);
#2275 = DEFINITIONAL_REPRESENTATION('',(#2276),#2279);
#2276 = B_SPLINE_CURVE_WITH_KNOTS('',1,(#2277,#2278),.UNSPECIFIED.,.F.,
  .F.,(2,2),(0.25,4.25),.PIECEWISE_BEZIER_KNOTS.);
#2277 = CARTESIAN_POINT('',(0.,-6.9));
#2278 = CARTESIAN_POINT('',(4.,-6.9));
#2279 = ( GEOMETRIC_REPRESENTATION_CONTEXT(2) 
PARAMETRIC_REPRESENTATION_CONTEXT() REPRESENTATION_CONTEXT('2D SPACE',''
  ) );
#2280 = PCURVE('',#976,#2281);
#2281 = DEFINITIONAL_REPRESENTATION('',(#2282),#2285);
#2282 = B_SPLINE_CURVE_WITH_KNOTS('',1,(#2283,#2284),.UNSPECIFIED.,.F.,
  .F.,(2,2),(0.25,4.25),.PIECEWISE_BEZIER_KNOTS.);
#2283 = CARTESIAN_POINT('',(0.5,41.2));
#2284 = CARTESIAN_POINT('',(4.5,41.2));
#2285 = ( GEOMETRIC_REPRESENTATION_CONTEXT(2) 
PARAMETRIC_REPRESENTATION_CONTEXT() REPRESENTATION_CONTEXT('2D SPACE',''
  ) );
#2286 = ORIENTED_EDGE('',*,*,#987,.T.);
#2287 = ORIENTED_EDGE('',*,*,#2243,.T.);
#2288 = ORIENTED_EDGE('',*,*,#2219,.T.);
#2289 = ORIENTED_EDGE('',*,*,#2110,.F.);
#2290 = ORIENTED_EDGE('',*,*,#2291,.F.);
#2291 = EDGE_CURVE('',#2292,#2111,#2294,.T.);
#2292 = VERTEX_POINT('',#2293);
#2293 = CARTESIAN_POINT('',(32.580246635919,25.969357503464,
    3.397318861248));
#2294 = SURFACE_CURVE('',#2295,(#2299,#2305),.PCURVE_S1.);
#2295 = LINE('',#2296,#2297);
#2296 = CARTESIAN_POINT('',(32.455246635919,26.18586385441,
    3.397318861248));
#2297 = VECTOR('',#2298,1.);
#2298 = DIRECTION('',(0.5,-0.866025403784,0.));
#2299 = PCURVE('',#1003,#2300);
#2300 = DEFINITIONAL_REPRESENTATION('',(#2301),#2304);
#2301 = B_SPLINE_CURVE_WITH_KNOTS('',1,(#2302,#2303),.UNSPECIFIED.,.F.,
  .F.,(2,2),(-6.000000010864E-07,2.2500006),.PIECEWISE_BEZIER_KNOTS.);
#2302 = CARTESIAN_POINT('',(3.397318861248,-12.6500006));
#2303 = CARTESIAN_POINT('',(3.397318861248,-10.3999994));
#2304 = ( GEOMETRIC_REPRESENTATION_CONTEXT(2) 
PARAMETRIC_REPRESENTATION_CONTEXT() REPRESENTATION_CONTEXT('2D SPACE',''
  ) );
#2305 = PCURVE('',#1923,#2306);
#2306 = DEFINITIONAL_REPRESENTATION('',(#2307),#2310);
#2307 = B_SPLINE_CURVE_WITH_KNOTS('',1,(#2308,#2309),.UNSPECIFIED.,.F.,
  .F.,(2,2),(-6.000000010864E-07,2.2500006),.PIECEWISE_BEZIER_KNOTS.);
#2308 = CARTESIAN_POINT('',(2.320769261921,-6.000000011974E-07));
#2309 = CARTESIAN_POINT('',(2.320769261921,2.2500006));
#2310 = ( GEOMETRIC_REPRESENTATION_CONTEXT(2) 
PARAMETRIC_REPRESENTATION_CONTEXT() REPRESENTATION_CONTEXT('2D SPACE',''
  ) );
#2311 = ORIENTED_EDGE('',*,*,#2312,.T.);
#2312 = EDGE_CURVE('',#2292,#1858,#2313,.T.);
#2313 = SURFACE_CURVE('',#2314,(#2318,#2325),.PCURVE_S1.);
#2314 = LINE('',#2315,#2316);
#2315 = CARTESIAN_POINT('',(32.580246635919,25.969357503464,0.));
#2316 = VECTOR('',#2317,1.);
#2317 = DIRECTION('',(0.,0.,1.));
#2318 = PCURVE('',#1003,#2319);
#2319 = DEFINITIONAL_REPRESENTATION('',(#2320),#2324);
#2320 = LINE('',#2321,#2322);
#2321 = CARTESIAN_POINT('',(0.,-12.4));
#2322 = VECTOR('',#2323,1.);
#2323 = DIRECTION('',(1.,0.));
#2324 = ( GEOMETRIC_REPRESENTATION_CONTEXT(2) 
PARAMETRIC_REPRESENTATION_CONTEXT() REPRESENTATION_CONTEXT('2D SPACE',''
  ) );
#2325 = PCURVE('',#1896,#2326);
#2326 = DEFINITIONAL_REPRESENTATION('',(#2327),#2331);
#2327 = LINE('',#2328,#2329);
#2328 = CARTESIAN_POINT('',(0.,6.));
#2329 = VECTOR('',#2330,1.);
#2330 = DIRECTION('',(1.,0.));
#2331 = ( GEOMETRIC_REPRESENTATION_CONTEXT(2) 
PARAMETRIC_REPRESENTATION_CONTEXT() REPRESENTATION_CONTEXT('2D SPACE',''
  ) );
#2332 = ADVANCED_FACE('',(#2333,#2357),#976,.F.);
#2333 = FACE_BOUND('',#2334,.F.);
#2334 = EDGE_LOOP('',(#2335,#2336,#2337,#2356));
#2335 = ORIENTED_EDGE('',*,*,#2268,.F.);
#2336 = ORIENTED_EDGE('',*,*,#961,.T.);
#2337 = ORIENTED_EDGE('',*,*,#2338,.F.);
#2338 = EDGE_CURVE('',#1809,#929,#2339,.T.);
#2339 = SURFACE_CURVE('',#2340,(#2344,#2350),.PCURVE_S1.);
#2340 = LINE('',#2341,#2342);
#2341 = CARTESIAN_POINT('',(28.612205976065,17.327555199255,-1.));
#2342 = VECTOR('',#2343,1.);
#2343 = DIRECTION('',(-0.,-0.,-1.));
#2344 = PCURVE('',#976,#2345);
#2345 = DEFINITIONAL_REPRESENTATION('',(#2346),#2349);
#2346 = B_SPLINE_CURVE_WITH_KNOTS('',1,(#2347,#2348),.UNSPECIFIED.,.F.,
  .F.,(2,2),(-5.0000006,-0.9999994),.PIECEWISE_BEZIER_KNOTS.);
#2347 = CARTESIAN_POINT('',(4.5000006,33.442674833213));
#2348 = CARTESIAN_POINT('',(0.4999994,33.442674833213));
#2349 = ( GEOMETRIC_REPRESENTATION_CONTEXT(2) 
PARAMETRIC_REPRESENTATION_CONTEXT() REPRESENTATION_CONTEXT('2D SPACE',''
  ) );
#2350 = PCURVE('',#949,#2351);
#2351 = DEFINITIONAL_REPRESENTATION('',(#2352),#2355);
#2352 = B_SPLINE_CURVE_WITH_KNOTS('',1,(#2353,#2354),.UNSPECIFIED.,.F.,
  .F.,(2,2),(-5.0000006,-0.9999994),.PIECEWISE_BEZIER_KNOTS.);
#2353 = CARTESIAN_POINT('',(-0.544527059658,-5.0000006));
#2354 = CARTESIAN_POINT('',(-0.544527059658,-0.9999994));
#2355 = ( GEOMETRIC_REPRESENTATION_CONTEXT(2) 
PARAMETRIC_REPRESENTATION_CONTEXT() REPRESENTATION_CONTEXT('2D SPACE',''
  ) );
#2356 = ORIENTED_EDGE('',*,*,#1836,.F.);
#2357 = FACE_BOUND('',#2358,.F.);
#2358 = EDGE_LOOP('',(#2359));
#2359 = ORIENTED_EDGE('',*,*,#2360,.T.);
#2360 = EDGE_CURVE('',#2361,#2361,#2363,.T.);
#2361 = VERTEX_POINT('',#2362);
#2362 = CARTESIAN_POINT('',(34.031208530242,20.456217782649,0.8));
#2363 = SURFACE_CURVE('',#2364,(#2369,#2380),.PCURVE_S1.);
#2364 = CIRCLE('',#2365,1.2);
#2365 = AXIS2_PLACEMENT_3D('',#2366,#2367,#2368);
#2366 = CARTESIAN_POINT('',(34.031208530242,20.456217782649,2.));
#2367 = DIRECTION('',(0.5,-0.866025403784,0.));
#2368 = DIRECTION('',(0.,0.,-1.));
#2369 = PCURVE('',#976,#2370);
#2370 = DEFINITIONAL_REPRESENTATION('',(#2371),#2379);
#2371 = ( BOUNDED_CURVE() B_SPLINE_CURVE(2,(#2372,#2373,#2374,#2375,
#2376,#2377,#2378),.UNSPECIFIED.,.T.,.F.) B_SPLINE_CURVE_WITH_KNOTS((1,2
    ,2,2,2,1),(-2.094395102393,0.,2.094395102393,4.188790204786,
6.28318530718,8.377580409573),.UNSPECIFIED.) CURVE() 
GEOMETRIC_REPRESENTATION_ITEM() RATIONAL_B_SPLINE_CURVE((1.,0.5,1.,0.5,
1.,0.5,1.)) REPRESENTATION_ITEM('') );
#2372 = CARTESIAN_POINT('',(1.3,39.7));
#2373 = CARTESIAN_POINT('',(1.3,41.778460969083));
#2374 = CARTESIAN_POINT('',(3.1,40.739230484541));
#2375 = CARTESIAN_POINT('',(4.9,39.7));
#2376 = CARTESIAN_POINT('',(3.1,38.660769515459));
#2377 = CARTESIAN_POINT('',(1.3,37.621539030917));
#2378 = CARTESIAN_POINT('',(1.3,39.7));
#2379 = ( GEOMETRIC_REPRESENTATION_CONTEXT(2) 
PARAMETRIC_REPRESENTATION_CONTEXT() REPRESENTATION_CONTEXT('2D SPACE',''
  ) );
#2380 = PCURVE('',#2174,#2381);
#2381 = DEFINITIONAL_REPRESENTATION('',(#2382),#2386);
#2382 = LINE('',#2383,#2384);
#2383 = CARTESIAN_POINT('',(0.,5.75));
#2384 = VECTOR('',#2385,1.);
#2385 = DIRECTION('',(1.,0.));
#2386 = ( GEOMETRIC_REPRESENTATION_CONTEXT(2) 
PARAMETRIC_REPRESENTATION_CONTEXT() REPRESENTATION_CONTEXT('2D SPACE',''
  ) );
#2387 = ADVANCED_FACE('',(#2388),#949,.F.);
#2388 = FACE_BOUND('',#2389,.T.);
#2389 = EDGE_LOOP('',(#2390,#2409,#2410,#2411));
#2390 = ORIENTED_EDGE('',*,*,#2391,.T.);
#2391 = EDGE_CURVE('',#1787,#902,#2392,.T.);
#2392 = SURFACE_CURVE('',#2393,(#2397,#2403),.PCURVE_S1.);
#2393 = LINE('',#2394,#2395);
#2394 = CARTESIAN_POINT('',(17.711042136495,28.376424835403,-1.));
#2395 = VECTOR('',#2396,1.);
#2396 = DIRECTION('',(-0.,-0.,-1.));
#2397 = PCURVE('',#949,#2398);
#2398 = DEFINITIONAL_REPRESENTATION('',(#2399),#2402);
#2399 = B_SPLINE_CURVE_WITH_KNOTS('',1,(#2400,#2401),.UNSPECIFIED.,.F.,
  .F.,(2,2),(-5.0000006,-0.9999994),.PIECEWISE_BEZIER_KNOTS.);
#2400 = CARTESIAN_POINT('',(-1.012811103865,-5.0000006));
#2401 = CARTESIAN_POINT('',(-1.012811103865,-0.9999994));
#2402 = ( GEOMETRIC_REPRESENTATION_CONTEXT(2) 
PARAMETRIC_REPRESENTATION_CONTEXT() REPRESENTATION_CONTEXT('2D SPACE',''
  ) );
#2403 = PCURVE('',#917,#2404);
#2404 = DEFINITIONAL_REPRESENTATION('',(#2405),#2408);
#2405 = B_SPLINE_CURVE_WITH_KNOTS('',1,(#2406,#2407),.UNSPECIFIED.,.F.,
  .F.,(2,2),(-5.0000006,-0.9999994),.PIECEWISE_BEZIER_KNOTS.);
#2406 = CARTESIAN_POINT('',(4.5000006,0.730225844286));
#2407 = CARTESIAN_POINT('',(0.4999994,0.730225844286));
#2408 = ( GEOMETRIC_REPRESENTATION_CONTEXT(2) 
PARAMETRIC_REPRESENTATION_CONTEXT() REPRESENTATION_CONTEXT('2D SPACE',''
  ) );
#2409 = ORIENTED_EDGE('',*,*,#928,.T.);
#2410 = ORIENTED_EDGE('',*,*,#2338,.F.);
#2411 = ORIENTED_EDGE('',*,*,#1808,.F.);
#2412 = ADVANCED_FACE('',(#2413),#917,.T.);
#2413 = FACE_BOUND('',#2414,.T.);
#2414 = EDGE_LOOP('',(#2415,#2436,#2437,#2438));
#2415 = ORIENTED_EDGE('',*,*,#2416,.F.);
#2416 = EDGE_CURVE('',#875,#1765,#2417,.T.);
#2417 = SURFACE_CURVE('',#2418,(#2422,#2429),.PCURVE_S1.);
#2418 = LINE('',#2419,#2420);
#2419 = CARTESIAN_POINT('',(18.095929214352,29.043068809428,-0.5));
#2420 = VECTOR('',#2421,1.);
#2421 = DIRECTION('',(0.,0.,1.));
#2422 = PCURVE('',#917,#2423);
#2423 = DEFINITIONAL_REPRESENTATION('',(#2424),#2428);
#2424 = LINE('',#2425,#2426);
#2425 = CARTESIAN_POINT('',(0.,1.5));
#2426 = VECTOR('',#2427,1.);
#2427 = DIRECTION('',(1.,0.));
#2428 = ( GEOMETRIC_REPRESENTATION_CONTEXT(2) 
PARAMETRIC_REPRESENTATION_CONTEXT() REPRESENTATION_CONTEXT('2D SPACE',''
  ) );
#2429 = PCURVE('',#890,#2430);
#2430 = DEFINITIONAL_REPRESENTATION('',(#2431),#2435);
#2431 = LINE('',#2432,#2433);
#2432 = CARTESIAN_POINT('',(0.,0.));
#2433 = VECTOR('',#2434,1.);
#2434 = DIRECTION('',(1.,0.));
#2435 = ( GEOMETRIC_REPRESENTATION_CONTEXT(2) 
PARAMETRIC_REPRESENTATION_CONTEXT() REPRESENTATION_CONTEXT('2D SPACE',''
  ) );
#2436 = ORIENTED_EDGE('',*,*,#901,.T.);
#2437 = ORIENTED_EDGE('',*,*,#2391,.F.);
#2438 = ORIENTED_EDGE('',*,*,#1786,.F.);
#2439 = ADVANCED_FACE('',(#2440),#890,.F.);
#2440 = FACE_BOUND('',#2441,.F.);
#2441 = EDGE_LOOP('',(#2442,#2443,#2444,#2465));
#2442 = ORIENTED_EDGE('',*,*,#2416,.F.);
#2443 = ORIENTED_EDGE('',*,*,#874,.T.);
#2444 = ORIENTED_EDGE('',*,*,#2445,.T.);
#2445 = EDGE_CURVE('',#848,#1743,#2446,.T.);
#2446 = SURFACE_CURVE('',#2447,(#2451,#2458),.PCURVE_S1.);
#2447 = LINE('',#2448,#2449);
#2448 = CARTESIAN_POINT('',(16.104070785648,30.193068809428,-0.5));
#2449 = VECTOR('',#2450,1.);
#2450 = DIRECTION('',(0.,0.,1.));
#2451 = PCURVE('',#890,#2452);
#2452 = DEFINITIONAL_REPRESENTATION('',(#2453),#2457);
#2453 = LINE('',#2454,#2455);
#2454 = CARTESIAN_POINT('',(0.,-2.3));
#2455 = VECTOR('',#2456,1.);
#2456 = DIRECTION('',(1.,0.));
#2457 = ( GEOMETRIC_REPRESENTATION_CONTEXT(2) 
PARAMETRIC_REPRESENTATION_CONTEXT() REPRESENTATION_CONTEXT('2D SPACE',''
  ) );
#2458 = PCURVE('',#863,#2459);
#2459 = DEFINITIONAL_REPRESENTATION('',(#2460),#2464);
#2460 = LINE('',#2461,#2462);
#2461 = CARTESIAN_POINT('',(0.,1.5));
#2462 = VECTOR('',#2463,1.);
#2463 = DIRECTION('',(1.,0.));
#2464 = ( GEOMETRIC_REPRESENTATION_CONTEXT(2) 
PARAMETRIC_REPRESENTATION_CONTEXT() REPRESENTATION_CONTEXT('2D SPACE',''
  ) );
#2465 = ORIENTED_EDGE('',*,*,#1764,.F.);
#2466 = ADVANCED_FACE('',(#2467),#863,.F.);
#2467 = FACE_BOUND('',#2468,.F.);
#2468 = EDGE_LOOP('',(#2469,#2470,#2471,#2490));
#2469 = ORIENTED_EDGE('',*,*,#2445,.F.);
#2470 = ORIENTED_EDGE('',*,*,#847,.T.);
#2471 = ORIENTED_EDGE('',*,*,#2472,.F.);
#2472 = EDGE_CURVE('',#1715,#815,#2473,.T.);
#2473 = SURFACE_CURVE('',#2474,(#2478,#2484),.PCURVE_S1.);
#2474 = LINE('',#2475,#2476);
#2475 = CARTESIAN_POINT('',(15.719183707791,29.526424835403,-1.));
#2476 = VECTOR('',#2477,1.);
#2477 = DIRECTION('',(-0.,-0.,-1.));
#2478 = PCURVE('',#863,#2479);
#2479 = DEFINITIONAL_REPRESENTATION('',(#2480),#2483);
#2480 = B_SPLINE_CURVE_WITH_KNOTS('',1,(#2481,#2482),.UNSPECIFIED.,.F.,
  .F.,(2,2),(-5.0000006,-0.9999994),.PIECEWISE_BEZIER_KNOTS.);
#2481 = CARTESIAN_POINT('',(4.5000006,0.730225844286));
#2482 = CARTESIAN_POINT('',(0.4999994,0.730225844286));
#2483 = ( GEOMETRIC_REPRESENTATION_CONTEXT(2) 
PARAMETRIC_REPRESENTATION_CONTEXT() REPRESENTATION_CONTEXT('2D SPACE',''
  ) );
#2484 = PCURVE('',#835,#2485);
#2485 = DEFINITIONAL_REPRESENTATION('',(#2486),#2489);
#2486 = B_SPLINE_CURVE_WITH_KNOTS('',1,(#2487,#2488),.UNSPECIFIED.,.F.,
  .F.,(2,2),(-5.0000006,-0.9999994),.PIECEWISE_BEZIER_KNOTS.);
#2487 = CARTESIAN_POINT('',(-1.081583998529,-5.0000006));
#2488 = CARTESIAN_POINT('',(-1.081583998529,-0.9999994));
#2489 = ( GEOMETRIC_REPRESENTATION_CONTEXT(2) 
PARAMETRIC_REPRESENTATION_CONTEXT() REPRESENTATION_CONTEXT('2D SPACE',''
  ) );
#2490 = ORIENTED_EDGE('',*,*,#1742,.F.);
#2491 = ADVANCED_FACE('',(#2492),#835,.F.);
#2492 = FACE_BOUND('',#2493,.T.);
#2493 = EDGE_LOOP('',(#2494,#2495,#2496,#2497));
#2494 = ORIENTED_EDGE('',*,*,#814,.T.);
#2495 = ORIENTED_EDGE('',*,*,#2472,.F.);
#2496 = ORIENTED_EDGE('',*,*,#1714,.F.);
#2497 = ORIENTED_EDGE('',*,*,#2498,.T.);
#2498 = EDGE_CURVE('',#1693,#788,#2499,.T.);
#2499 = SURFACE_CURVE('',#2500,(#2504,#2510),.PCURVE_S1.);
#2500 = LINE('',#2501,#2502);
#2501 = CARTESIAN_POINT('',(-15.71918370779,29.526424835403,-1.));
#2502 = VECTOR('',#2503,1.);
#2503 = DIRECTION('',(-0.,-0.,-1.));
#2504 = PCURVE('',#835,#2505);
#2505 = DEFINITIONAL_REPRESENTATION('',(#2506),#2509);
#2506 = B_SPLINE_CURVE_WITH_KNOTS('',1,(#2507,#2508),.UNSPECIFIED.,.F.,
  .F.,(2,2),(-5.0000006,-0.9999994),.PIECEWISE_BEZIER_KNOTS.);
#2507 = CARTESIAN_POINT('',(-2.060008655061,-5.0000006));
#2508 = CARTESIAN_POINT('',(-2.060008655061,-0.9999994));
#2509 = ( GEOMETRIC_REPRESENTATION_CONTEXT(2) 
PARAMETRIC_REPRESENTATION_CONTEXT() REPRESENTATION_CONTEXT('2D SPACE',''
  ) );
#2510 = PCURVE('',#803,#2511);
#2511 = DEFINITIONAL_REPRESENTATION('',(#2512),#2515);
#2512 = B_SPLINE_CURVE_WITH_KNOTS('',1,(#2513,#2514),.UNSPECIFIED.,.F.,
  .F.,(2,2),(-5.0000006,-0.9999994),.PIECEWISE_BEZIER_KNOTS.);
#2513 = CARTESIAN_POINT('',(4.5000006,0.730225844286));
#2514 = CARTESIAN_POINT('',(0.4999994,0.730225844286));
#2515 = ( GEOMETRIC_REPRESENTATION_CONTEXT(2) 
PARAMETRIC_REPRESENTATION_CONTEXT() REPRESENTATION_CONTEXT('2D SPACE',''
  ) );
#2516 = ADVANCED_FACE('',(#2517),#803,.T.);
#2517 = FACE_BOUND('',#2518,.T.);
#2518 = EDGE_LOOP('',(#2519,#2540,#2541,#2542));
#2519 = ORIENTED_EDGE('',*,*,#2520,.F.);
#2520 = EDGE_CURVE('',#761,#1671,#2521,.T.);
#2521 = SURFACE_CURVE('',#2522,(#2526,#2533),.PCURVE_S1.);
#2522 = LINE('',#2523,#2524);
#2523 = CARTESIAN_POINT('',(-16.10407078564,30.193068809428,-0.5));
#2524 = VECTOR('',#2525,1.);
#2525 = DIRECTION('',(0.,0.,1.));
#2526 = PCURVE('',#803,#2527);
#2527 = DEFINITIONAL_REPRESENTATION('',(#2528),#2532);
#2528 = LINE('',#2529,#2530);
#2529 = CARTESIAN_POINT('',(0.,1.5));
#2530 = VECTOR('',#2531,1.);
#2531 = DIRECTION('',(1.,0.));
#2532 = ( GEOMETRIC_REPRESENTATION_CONTEXT(2) 
PARAMETRIC_REPRESENTATION_CONTEXT() REPRESENTATION_CONTEXT('2D SPACE',''
  ) );
#2533 = PCURVE('',#776,#2534);
#2534 = DEFINITIONAL_REPRESENTATION('',(#2535),#2539);
#2535 = LINE('',#2536,#2537);
#2536 = CARTESIAN_POINT('',(0.,0.));
#2537 = VECTOR('',#2538,1.);
#2538 = DIRECTION('',(1.,0.));
#2539 = ( GEOMETRIC_REPRESENTATION_CONTEXT(2) 
PARAMETRIC_REPRESENTATION_CONTEXT() REPRESENTATION_CONTEXT('2D SPACE',''
  ) );
#2540 = ORIENTED_EDGE('',*,*,#787,.T.);
#2541 = ORIENTED_EDGE('',*,*,#2498,.F.);
#2542 = ORIENTED_EDGE('',*,*,#1692,.F.);
#2543 = ADVANCED_FACE('',(#2544),#776,.F.);
#2544 = FACE_BOUND('',#2545,.F.);
#2545 = EDGE_LOOP('',(#2546,#2547,#2548,#2569));
#2546 = ORIENTED_EDGE('',*,*,#2520,.F.);
#2547 = ORIENTED_EDGE('',*,*,#760,.T.);
#2548 = ORIENTED_EDGE('',*,*,#2549,.T.);
#2549 = EDGE_CURVE('',#734,#1649,#2550,.T.);
#2550 = SURFACE_CURVE('',#2551,(#2555,#2562),.PCURVE_S1.);
#2551 = LINE('',#2552,#2553);
#2552 = CARTESIAN_POINT('',(-18.09592921435,29.043068809428,-0.5));
#2553 = VECTOR('',#2554,1.);
#2554 = DIRECTION('',(0.,0.,1.));
#2555 = PCURVE('',#776,#2556);
#2556 = DEFINITIONAL_REPRESENTATION('',(#2557),#2561);
#2557 = LINE('',#2558,#2559);
#2558 = CARTESIAN_POINT('',(0.,-2.3));
#2559 = VECTOR('',#2560,1.);
#2560 = DIRECTION('',(1.,0.));
#2561 = ( GEOMETRIC_REPRESENTATION_CONTEXT(2) 
PARAMETRIC_REPRESENTATION_CONTEXT() REPRESENTATION_CONTEXT('2D SPACE',''
  ) );
#2562 = PCURVE('',#749,#2563);
#2563 = DEFINITIONAL_REPRESENTATION('',(#2564),#2568);
#2564 = LINE('',#2565,#2566);
#2565 = CARTESIAN_POINT('',(0.,1.5));
#2566 = VECTOR('',#2567,1.);
#2567 = DIRECTION('',(1.,0.));
#2568 = ( GEOMETRIC_REPRESENTATION_CONTEXT(2) 
PARAMETRIC_REPRESENTATION_CONTEXT() REPRESENTATION_CONTEXT('2D SPACE',''
  ) );
#2569 = ORIENTED_EDGE('',*,*,#1670,.F.);
#2570 = ADVANCED_FACE('',(#2571),#749,.F.);
#2571 = FACE_BOUND('',#2572,.F.);
#2572 = EDGE_LOOP('',(#2573,#2574,#2575,#2594));
#2573 = ORIENTED_EDGE('',*,*,#2549,.F.);
#2574 = ORIENTED_EDGE('',*,*,#733,.T.);
#2575 = ORIENTED_EDGE('',*,*,#2576,.F.);
#2576 = EDGE_CURVE('',#1621,#701,#2577,.T.);
#2577 = SURFACE_CURVE('',#2578,(#2582,#2588),.PCURVE_S1.);
#2578 = LINE('',#2579,#2580);
#2579 = CARTESIAN_POINT('',(-17.71104213649,28.376424835403,-1.));
#2580 = VECTOR('',#2581,1.);
#2581 = DIRECTION('',(-0.,-0.,-1.));
#2582 = PCURVE('',#749,#2583);
#2583 = DEFINITIONAL_REPRESENTATION('',(#2584),#2587);
#2584 = B_SPLINE_CURVE_WITH_KNOTS('',1,(#2585,#2586),.UNSPECIFIED.,.F.,
  .F.,(2,2),(-5.0000006,-0.9999994),.PIECEWISE_BEZIER_KNOTS.);
#2585 = CARTESIAN_POINT('',(4.5000006,0.730225844286));
#2586 = CARTESIAN_POINT('',(0.4999994,0.730225844286));
#2587 = ( GEOMETRIC_REPRESENTATION_CONTEXT(2) 
PARAMETRIC_REPRESENTATION_CONTEXT() REPRESENTATION_CONTEXT('2D SPACE',''
  ) );
#2588 = PCURVE('',#721,#2589);
#2589 = DEFINITIONAL_REPRESENTATION('',(#2590),#2593);
#2590 = B_SPLINE_CURVE_WITH_KNOTS('',1,(#2591,#2592),.UNSPECIFIED.,.F.,
  .F.,(2,2),(-5.0000006,-0.9999994),.PIECEWISE_BEZIER_KNOTS.);
#2591 = CARTESIAN_POINT('',(-2.128781549725,-5.0000006));
#2592 = CARTESIAN_POINT('',(-2.128781549725,-0.9999994));
#2593 = ( GEOMETRIC_REPRESENTATION_CONTEXT(2) 
PARAMETRIC_REPRESENTATION_CONTEXT() REPRESENTATION_CONTEXT('2D SPACE',''
  ) );
#2594 = ORIENTED_EDGE('',*,*,#1648,.F.);
#2595 = ADVANCED_FACE('',(#2596),#721,.F.);
#2596 = FACE_BOUND('',#2597,.T.);
#2597 = EDGE_LOOP('',(#2598,#2599,#2600,#2601));
#2598 = ORIENTED_EDGE('',*,*,#700,.T.);
#2599 = ORIENTED_EDGE('',*,*,#2576,.F.);
#2600 = ORIENTED_EDGE('',*,*,#1620,.F.);
#2601 = ORIENTED_EDGE('',*,*,#2602,.T.);
#2602 = EDGE_CURVE('',#1599,#674,#2603,.T.);
#2603 = SURFACE_CURVE('',#2604,(#2608,#2614),.PCURVE_S1.);
#2604 = LINE('',#2605,#2606);
#2605 = CARTESIAN_POINT('',(-33.43022584428,1.15,-1.));
#2606 = VECTOR('',#2607,1.);
#2607 = DIRECTION('',(-0.,-0.,-1.));
#2608 = PCURVE('',#721,#2609);
#2609 = DEFINITIONAL_REPRESENTATION('',(#2610),#2613);
#2610 = B_SPLINE_CURVE_WITH_KNOTS('',1,(#2611,#2612),.UNSPECIFIED.,.F.,
  .F.,(2,2),(-5.0000006,-0.9999994),.PIECEWISE_BEZIER_KNOTS.);
#2611 = CARTESIAN_POINT('',(-3.107206206258,-5.0000006));
#2612 = CARTESIAN_POINT('',(-3.107206206258,-0.9999994));
#2613 = ( GEOMETRIC_REPRESENTATION_CONTEXT(2) 
PARAMETRIC_REPRESENTATION_CONTEXT() REPRESENTATION_CONTEXT('2D SPACE',''
  ) );
#2614 = PCURVE('',#689,#2615);
#2615 = DEFINITIONAL_REPRESENTATION('',(#2616),#2619);
#2616 = B_SPLINE_CURVE_WITH_KNOTS('',1,(#2617,#2618),.UNSPECIFIED.,.F.,
  .F.,(2,2),(-5.0000006,-0.9999994),.PIECEWISE_BEZIER_KNOTS.);
#2617 = CARTESIAN_POINT('',(4.5000006,0.730225844286));
#2618 = CARTESIAN_POINT('',(0.4999994,0.730225844286));
#2619 = ( GEOMETRIC_REPRESENTATION_CONTEXT(2) 
PARAMETRIC_REPRESENTATION_CONTEXT() REPRESENTATION_CONTEXT('2D SPACE',''
  ) );
#2620 = ADVANCED_FACE('',(#2621),#689,.T.);
#2621 = FACE_BOUND('',#2622,.T.);
#2622 = EDGE_LOOP('',(#2623,#2644,#2645,#2646));
#2623 = ORIENTED_EDGE('',*,*,#2624,.F.);
#2624 = EDGE_CURVE('',#647,#1577,#2625,.T.);
#2625 = SURFACE_CURVE('',#2626,(#2630,#2637),.PCURVE_S1.);
#2626 = LINE('',#2627,#2628);
#2627 = CARTESIAN_POINT('',(-34.2,1.15,-0.5));
#2628 = VECTOR('',#2629,1.);
#2629 = DIRECTION('',(0.,0.,1.));
#2630 = PCURVE('',#689,#2631);
#2631 = DEFINITIONAL_REPRESENTATION('',(#2632),#2636);
#2632 = LINE('',#2633,#2634);
#2633 = CARTESIAN_POINT('',(0.,1.5));
#2634 = VECTOR('',#2635,1.);
#2635 = DIRECTION('',(1.,0.));
#2636 = ( GEOMETRIC_REPRESENTATION_CONTEXT(2) 
PARAMETRIC_REPRESENTATION_CONTEXT() REPRESENTATION_CONTEXT('2D SPACE',''
  ) );
#2637 = PCURVE('',#662,#2638);
#2638 = DEFINITIONAL_REPRESENTATION('',(#2639),#2643);
#2639 = LINE('',#2640,#2641);
#2640 = CARTESIAN_POINT('',(0.,0.));
#2641 = VECTOR('',#2642,1.);
#2642 = DIRECTION('',(1.,0.));
#2643 = ( GEOMETRIC_REPRESENTATION_CONTEXT(2) 
PARAMETRIC_REPRESENTATION_CONTEXT() REPRESENTATION_CONTEXT('2D SPACE',''
  ) );
#2644 = ORIENTED_EDGE('',*,*,#673,.T.);
#2645 = ORIENTED_EDGE('',*,*,#2602,.F.);
#2646 = ORIENTED_EDGE('',*,*,#1598,.F.);
#2647 = ADVANCED_FACE('',(#2648),#662,.F.);
#2648 = FACE_BOUND('',#2649,.F.);
#2649 = EDGE_LOOP('',(#2650,#2651,#2652,#2673));
#2650 = ORIENTED_EDGE('',*,*,#2624,.F.);
#2651 = ORIENTED_EDGE('',*,*,#646,.T.);
#2652 = ORIENTED_EDGE('',*,*,#2653,.T.);
#2653 = EDGE_CURVE('',#620,#1555,#2654,.T.);
#2654 = SURFACE_CURVE('',#2655,(#2659,#2666),.PCURVE_S1.);
#2655 = LINE('',#2656,#2657);
#2656 = CARTESIAN_POINT('',(-34.2,-1.15,-0.5));
#2657 = VECTOR('',#2658,1.);
#2658 = DIRECTION('',(0.,0.,1.));
#2659 = PCURVE('',#662,#2660);
#2660 = DEFINITIONAL_REPRESENTATION('',(#2661),#2665);
#2661 = LINE('',#2662,#2663);
#2662 = CARTESIAN_POINT('',(0.,-2.3));
#2663 = VECTOR('',#2664,1.);
#2664 = DIRECTION('',(1.,0.));
#2665 = ( GEOMETRIC_REPRESENTATION_CONTEXT(2) 
PARAMETRIC_REPRESENTATION_CONTEXT() REPRESENTATION_CONTEXT('2D SPACE',''
  ) );
#2666 = PCURVE('',#635,#2667);
#2667 = DEFINITIONAL_REPRESENTATION('',(#2668),#2672);
#2668 = LINE('',#2669,#2670);
#2669 = CARTESIAN_POINT('',(0.,1.5));
#2670 = VECTOR('',#2671,1.);
#2671 = DIRECTION('',(1.,0.));
#2672 = ( GEOMETRIC_REPRESENTATION_CONTEXT(2) 
PARAMETRIC_REPRESENTATION_CONTEXT() REPRESENTATION_CONTEXT('2D SPACE',''
  ) );
#2673 = ORIENTED_EDGE('',*,*,#1576,.F.);
#2674 = ADVANCED_FACE('',(#2675),#635,.F.);
#2675 = FACE_BOUND('',#2676,.F.);
#2676 = EDGE_LOOP('',(#2677,#2678,#2679,#2698));
#2677 = ORIENTED_EDGE('',*,*,#2653,.F.);
#2678 = ORIENTED_EDGE('',*,*,#619,.T.);
#2679 = ORIENTED_EDGE('',*,*,#2680,.F.);
#2680 = EDGE_CURVE('',#1527,#587,#2681,.T.);
#2681 = SURFACE_CURVE('',#2682,(#2686,#2692),.PCURVE_S1.);
#2682 = LINE('',#2683,#2684);
#2683 = CARTESIAN_POINT('',(-33.43022584428,-1.15,-1.));
#2684 = VECTOR('',#2685,1.);
#2685 = DIRECTION('',(-0.,-0.,-1.));
#2686 = PCURVE('',#635,#2687);
#2687 = DEFINITIONAL_REPRESENTATION('',(#2688),#2691);
#2688 = B_SPLINE_CURVE_WITH_KNOTS('',1,(#2689,#2690),.UNSPECIFIED.,.F.,
  .F.,(2,2),(-5.0000006,-0.9999994),.PIECEWISE_BEZIER_KNOTS.);
#2689 = CARTESIAN_POINT('',(4.5000006,0.730225844286));
#2690 = CARTESIAN_POINT('',(0.4999994,0.730225844286));
#2691 = ( GEOMETRIC_REPRESENTATION_CONTEXT(2) 
PARAMETRIC_REPRESENTATION_CONTEXT() REPRESENTATION_CONTEXT('2D SPACE',''
  ) );
#2692 = PCURVE('',#607,#2693);
#2693 = DEFINITIONAL_REPRESENTATION('',(#2694),#2697);
#2694 = B_SPLINE_CURVE_WITH_KNOTS('',1,(#2695,#2696),.UNSPECIFIED.,.F.,
  .F.,(2,2),(-5.0000006,-0.9999994),.PIECEWISE_BEZIER_KNOTS.);
#2695 = CARTESIAN_POINT('',(-3.175979100922,-5.0000006));
#2696 = CARTESIAN_POINT('',(-3.175979100922,-0.9999994));
#2697 = ( GEOMETRIC_REPRESENTATION_CONTEXT(2) 
PARAMETRIC_REPRESENTATION_CONTEXT() REPRESENTATION_CONTEXT('2D SPACE',''
  ) );
#2698 = ORIENTED_EDGE('',*,*,#1554,.F.);
#2699 = ADVANCED_FACE('',(#2700),#607,.F.);
#2700 = FACE_BOUND('',#2701,.T.);
#2701 = EDGE_LOOP('',(#2702,#2721,#2722,#2723));
#2702 = ORIENTED_EDGE('',*,*,#2703,.T.);
#2703 = EDGE_CURVE('',#1505,#560,#2704,.T.);
#2704 = SURFACE_CURVE('',#2705,(#2709,#2715),.PCURVE_S1.);
#2705 = LINE('',#2706,#2707);
#2706 = CARTESIAN_POINT('',(-17.71104213649,-28.3764248354,-1.));
#2707 = VECTOR('',#2708,1.);
#2708 = DIRECTION('',(-0.,-0.,-1.));
#2709 = PCURVE('',#607,#2710);
#2710 = DEFINITIONAL_REPRESENTATION('',(#2711),#2714);
#2711 = B_SPLINE_CURVE_WITH_KNOTS('',1,(#2712,#2713),.UNSPECIFIED.,.F.,
  .F.,(2,2),(-5.0000006,-0.9999994),.PIECEWISE_BEZIER_KNOTS.);
#2712 = CARTESIAN_POINT('',(-4.154403757454,-5.0000006));
#2713 = CARTESIAN_POINT('',(-4.154403757454,-0.9999994));
#2714 = ( GEOMETRIC_REPRESENTATION_CONTEXT(2) 
PARAMETRIC_REPRESENTATION_CONTEXT() REPRESENTATION_CONTEXT('2D SPACE',''
  ) );
#2715 = PCURVE('',#575,#2716);
#2716 = DEFINITIONAL_REPRESENTATION('',(#2717),#2720);
#2717 = B_SPLINE_CURVE_WITH_KNOTS('',1,(#2718,#2719),.UNSPECIFIED.,.F.,
  .F.,(2,2),(-5.0000006,-0.9999994),.PIECEWISE_BEZIER_KNOTS.);
#2718 = CARTESIAN_POINT('',(4.5000006,0.730225844286));
#2719 = CARTESIAN_POINT('',(0.4999994,0.730225844286));
#2720 = ( GEOMETRIC_REPRESENTATION_CONTEXT(2) 
PARAMETRIC_REPRESENTATION_CONTEXT() REPRESENTATION_CONTEXT('2D SPACE',''
  ) );
#2721 = ORIENTED_EDGE('',*,*,#586,.T.);
#2722 = ORIENTED_EDGE('',*,*,#2680,.F.);
#2723 = ORIENTED_EDGE('',*,*,#1526,.F.);
#2724 = ADVANCED_FACE('',(#2725),#575,.T.);
#2725 = FACE_BOUND('',#2726,.T.);
#2726 = EDGE_LOOP('',(#2727,#2748,#2749,#2750));
#2727 = ORIENTED_EDGE('',*,*,#2728,.F.);
#2728 = EDGE_CURVE('',#533,#1483,#2729,.T.);
#2729 = SURFACE_CURVE('',#2730,(#2734,#2741),.PCURVE_S1.);
#2730 = LINE('',#2731,#2732);
#2731 = CARTESIAN_POINT('',(-18.09592921435,-29.04306880942,-0.5));
#2732 = VECTOR('',#2733,1.);
#2733 = DIRECTION('',(0.,0.,1.));
#2734 = PCURVE('',#575,#2735);
#2735 = DEFINITIONAL_REPRESENTATION('',(#2736),#2740);
#2736 = LINE('',#2737,#2738);
#2737 = CARTESIAN_POINT('',(0.,1.5));
#2738 = VECTOR('',#2739,1.);
#2739 = DIRECTION('',(1.,0.));
#2740 = ( GEOMETRIC_REPRESENTATION_CONTEXT(2) 
PARAMETRIC_REPRESENTATION_CONTEXT() REPRESENTATION_CONTEXT('2D SPACE',''
  ) );
#2741 = PCURVE('',#548,#2742);
#2742 = DEFINITIONAL_REPRESENTATION('',(#2743),#2747);
#2743 = LINE('',#2744,#2745);
#2744 = CARTESIAN_POINT('',(0.,0.));
#2745 = VECTOR('',#2746,1.);
#2746 = DIRECTION('',(1.,0.));
#2747 = ( GEOMETRIC_REPRESENTATION_CONTEXT(2) 
PARAMETRIC_REPRESENTATION_CONTEXT() REPRESENTATION_CONTEXT('2D SPACE',''
  ) );
#2748 = ORIENTED_EDGE('',*,*,#559,.T.);
#2749 = ORIENTED_EDGE('',*,*,#2703,.F.);
#2750 = ORIENTED_EDGE('',*,*,#1504,.F.);
#2751 = ADVANCED_FACE('',(#2752),#548,.F.);
#2752 = FACE_BOUND('',#2753,.F.);
#2753 = EDGE_LOOP('',(#2754,#2755,#2756,#2777));
#2754 = ORIENTED_EDGE('',*,*,#2728,.F.);
#2755 = ORIENTED_EDGE('',*,*,#532,.T.);
#2756 = ORIENTED_EDGE('',*,*,#2757,.T.);
#2757 = EDGE_CURVE('',#506,#1461,#2758,.T.);
#2758 = SURFACE_CURVE('',#2759,(#2763,#2770),.PCURVE_S1.);
#2759 = LINE('',#2760,#2761);
#2760 = CARTESIAN_POINT('',(-16.10407078564,-30.19306880942,-0.5));
#2761 = VECTOR('',#2762,1.);
#2762 = DIRECTION('',(0.,0.,1.));
#2763 = PCURVE('',#548,#2764);
#2764 = DEFINITIONAL_REPRESENTATION('',(#2765),#2769);
#2765 = LINE('',#2766,#2767);
#2766 = CARTESIAN_POINT('',(0.,-2.3));
#2767 = VECTOR('',#2768,1.);
#2768 = DIRECTION('',(1.,0.));
#2769 = ( GEOMETRIC_REPRESENTATION_CONTEXT(2) 
PARAMETRIC_REPRESENTATION_CONTEXT() REPRESENTATION_CONTEXT('2D SPACE',''
  ) );
#2770 = PCURVE('',#521,#2771);
#2771 = DEFINITIONAL_REPRESENTATION('',(#2772),#2776);
#2772 = LINE('',#2773,#2774);
#2773 = CARTESIAN_POINT('',(0.,1.5));
#2774 = VECTOR('',#2775,1.);
#2775 = DIRECTION('',(1.,0.));
#2776 = ( GEOMETRIC_REPRESENTATION_CONTEXT(2) 
PARAMETRIC_REPRESENTATION_CONTEXT() REPRESENTATION_CONTEXT('2D SPACE',''
  ) );
#2777 = ORIENTED_EDGE('',*,*,#1482,.F.);
#2778 = ADVANCED_FACE('',(#2779),#521,.F.);
#2779 = FACE_BOUND('',#2780,.F.);
#2780 = EDGE_LOOP('',(#2781,#2782,#2783,#2802));
#2781 = ORIENTED_EDGE('',*,*,#2757,.F.);
#2782 = ORIENTED_EDGE('',*,*,#505,.T.);
#2783 = ORIENTED_EDGE('',*,*,#2784,.F.);
#2784 = EDGE_CURVE('',#1433,#473,#2785,.T.);
#2785 = SURFACE_CURVE('',#2786,(#2790,#2796),.PCURVE_S1.);
#2786 = LINE('',#2787,#2788);
#2787 = CARTESIAN_POINT('',(-15.71918370779,-29.5264248354,-1.));
#2788 = VECTOR('',#2789,1.);
#2789 = DIRECTION('',(-0.,-0.,-1.));
#2790 = PCURVE('',#521,#2791);
#2791 = DEFINITIONAL_REPRESENTATION('',(#2792),#2795);
#2792 = B_SPLINE_CURVE_WITH_KNOTS('',1,(#2793,#2794),.UNSPECIFIED.,.F.,
  .F.,(2,2),(-5.0000006,-0.9999994),.PIECEWISE_BEZIER_KNOTS.);
#2793 = CARTESIAN_POINT('',(4.5000006,0.730225844286));
#2794 = CARTESIAN_POINT('',(0.4999994,0.730225844286));
#2795 = ( GEOMETRIC_REPRESENTATION_CONTEXT(2) 
PARAMETRIC_REPRESENTATION_CONTEXT() REPRESENTATION_CONTEXT('2D SPACE',''
  ) );
#2796 = PCURVE('',#493,#2797);
#2797 = DEFINITIONAL_REPRESENTATION('',(#2798),#2801);
#2798 = B_SPLINE_CURVE_WITH_KNOTS('',1,(#2799,#2800),.UNSPECIFIED.,.F.,
  .F.,(2,2),(-5.0000006,-0.9999994),.PIECEWISE_BEZIER_KNOTS.);
#2799 = CARTESIAN_POINT('',(-4.223176652118,-5.0000006));
#2800 = CARTESIAN_POINT('',(-4.223176652118,-0.9999994));
#2801 = ( GEOMETRIC_REPRESENTATION_CONTEXT(2) 
PARAMETRIC_REPRESENTATION_CONTEXT() REPRESENTATION_CONTEXT('2D SPACE',''
  ) );
#2802 = ORIENTED_EDGE('',*,*,#1460,.F.);
#2803 = ADVANCED_FACE('',(#2804),#493,.F.);
#2804 = FACE_BOUND('',#2805,.T.);
#2805 = EDGE_LOOP('',(#2806,#2825,#2826,#2827));
#2806 = ORIENTED_EDGE('',*,*,#2807,.T.);
#2807 = EDGE_CURVE('',#1411,#446,#2808,.T.);
#2808 = SURFACE_CURVE('',#2809,(#2813,#2819),.PCURVE_S1.);
#2809 = LINE('',#2810,#2811);
#2810 = CARTESIAN_POINT('',(15.719183707791,-29.5264248354,-1.));
#2811 = VECTOR('',#2812,1.);
#2812 = DIRECTION('',(-0.,-0.,-1.));
#2813 = PCURVE('',#493,#2814);
#2814 = DEFINITIONAL_REPRESENTATION('',(#2815),#2818);
#2815 = B_SPLINE_CURVE_WITH_KNOTS('',1,(#2816,#2817),.UNSPECIFIED.,.F.,
  .F.,(2,2),(-5.0000006,-0.9999994),.PIECEWISE_BEZIER_KNOTS.);
#2816 = CARTESIAN_POINT('',(-5.201601308651,-5.0000006));
#2817 = CARTESIAN_POINT('',(-5.201601308651,-0.9999994));
#2818 = ( GEOMETRIC_REPRESENTATION_CONTEXT(2) 
PARAMETRIC_REPRESENTATION_CONTEXT() REPRESENTATION_CONTEXT('2D SPACE',''
  ) );
#2819 = PCURVE('',#461,#2820);
#2820 = DEFINITIONAL_REPRESENTATION('',(#2821),#2824);
#2821 = B_SPLINE_CURVE_WITH_KNOTS('',1,(#2822,#2823),.UNSPECIFIED.,.F.,
  .F.,(2,2),(-5.0000006,-0.9999994),.PIECEWISE_BEZIER_KNOTS.);
#2822 = CARTESIAN_POINT('',(4.5000006,0.730225844286));
#2823 = CARTESIAN_POINT('',(0.4999994,0.730225844286));
#2824 = ( GEOMETRIC_REPRESENTATION_CONTEXT(2) 
PARAMETRIC_REPRESENTATION_CONTEXT() REPRESENTATION_CONTEXT('2D SPACE',''
  ) );
#2825 = ORIENTED_EDGE('',*,*,#472,.T.);
#2826 = ORIENTED_EDGE('',*,*,#2784,.F.);
#2827 = ORIENTED_EDGE('',*,*,#1432,.F.);
#2828 = ADVANCED_FACE('',(#2829),#461,.T.);
#2829 = FACE_BOUND('',#2830,.T.);
#2830 = EDGE_LOOP('',(#2831,#2852,#2853,#2854));
#2831 = ORIENTED_EDGE('',*,*,#2832,.F.);
#2832 = EDGE_CURVE('',#419,#1389,#2833,.T.);
#2833 = SURFACE_CURVE('',#2834,(#2838,#2845),.PCURVE_S1.);
#2834 = LINE('',#2835,#2836);
#2835 = CARTESIAN_POINT('',(16.104070785648,-30.19306880942,-0.5));
#2836 = VECTOR('',#2837,1.);
#2837 = DIRECTION('',(0.,0.,1.));
#2838 = PCURVE('',#461,#2839);
#2839 = DEFINITIONAL_REPRESENTATION('',(#2840),#2844);
#2840 = LINE('',#2841,#2842);
#2841 = CARTESIAN_POINT('',(0.,1.5));
#2842 = VECTOR('',#2843,1.);
#2843 = DIRECTION('',(1.,0.));
#2844 = ( GEOMETRIC_REPRESENTATION_CONTEXT(2) 
PARAMETRIC_REPRESENTATION_CONTEXT() REPRESENTATION_CONTEXT('2D SPACE',''
  ) );
#2845 = PCURVE('',#434,#2846);
#2846 = DEFINITIONAL_REPRESENTATION('',(#2847),#2851);
#2847 = LINE('',#2848,#2849);
#2848 = CARTESIAN_POINT('',(0.,0.));
#2849 = VECTOR('',#2850,1.);
#2850 = DIRECTION('',(1.,0.));
#2851 = ( GEOMETRIC_REPRESENTATION_CONTEXT(2) 
PARAMETRIC_REPRESENTATION_CONTEXT() REPRESENTATION_CONTEXT('2D SPACE',''
  ) );
#2852 = ORIENTED_EDGE('',*,*,#445,.T.);
#2853 = ORIENTED_EDGE('',*,*,#2807,.F.);
#2854 = ORIENTED_EDGE('',*,*,#1410,.F.);
#2855 = ADVANCED_FACE('',(#2856),#434,.F.);
#2856 = FACE_BOUND('',#2857,.F.);
#2857 = EDGE_LOOP('',(#2858,#2859,#2860,#2881));
#2858 = ORIENTED_EDGE('',*,*,#2832,.F.);
#2859 = ORIENTED_EDGE('',*,*,#418,.T.);
#2860 = ORIENTED_EDGE('',*,*,#2861,.T.);
#2861 = EDGE_CURVE('',#392,#1367,#2862,.T.);
#2862 = SURFACE_CURVE('',#2863,(#2867,#2874),.PCURVE_S1.);
#2863 = LINE('',#2864,#2865);
#2864 = CARTESIAN_POINT('',(18.095929214352,-29.04306880942,-0.5));
#2865 = VECTOR('',#2866,1.);
#2866 = DIRECTION('',(0.,0.,1.));
#2867 = PCURVE('',#434,#2868);
#2868 = DEFINITIONAL_REPRESENTATION('',(#2869),#2873);
#2869 = LINE('',#2870,#2871);
#2870 = CARTESIAN_POINT('',(0.,-2.3));
#2871 = VECTOR('',#2872,1.);
#2872 = DIRECTION('',(1.,0.));
#2873 = ( GEOMETRIC_REPRESENTATION_CONTEXT(2) 
PARAMETRIC_REPRESENTATION_CONTEXT() REPRESENTATION_CONTEXT('2D SPACE',''
  ) );
#2874 = PCURVE('',#407,#2875);
#2875 = DEFINITIONAL_REPRESENTATION('',(#2876),#2880);
#2876 = LINE('',#2877,#2878);
#2877 = CARTESIAN_POINT('',(0.,1.5));
#2878 = VECTOR('',#2879,1.);
#2879 = DIRECTION('',(1.,0.));
#2880 = ( GEOMETRIC_REPRESENTATION_CONTEXT(2) 
PARAMETRIC_REPRESENTATION_CONTEXT() REPRESENTATION_CONTEXT('2D SPACE',''
  ) );
#2881 = ORIENTED_EDGE('',*,*,#1388,.F.);
#2882 = ADVANCED_FACE('',(#2883),#407,.F.);
#2883 = FACE_BOUND('',#2884,.F.);
#2884 = EDGE_LOOP('',(#2885,#2886,#2887,#2906));
#2885 = ORIENTED_EDGE('',*,*,#2861,.F.);
#2886 = ORIENTED_EDGE('',*,*,#391,.T.);
#2887 = ORIENTED_EDGE('',*,*,#2888,.F.);
#2888 = EDGE_CURVE('',#1339,#359,#2889,.T.);
#2889 = SURFACE_CURVE('',#2890,(#2894,#2900),.PCURVE_S1.);
#2890 = LINE('',#2891,#2892);
#2891 = CARTESIAN_POINT('',(17.711042136495,-28.3764248354,-1.));
#2892 = VECTOR('',#2893,1.);
#2893 = DIRECTION('',(-0.,-0.,-1.));
#2894 = PCURVE('',#407,#2895);
#2895 = DEFINITIONAL_REPRESENTATION('',(#2896),#2899);
#2896 = B_SPLINE_CURVE_WITH_KNOTS('',1,(#2897,#2898),.UNSPECIFIED.,.F.,
  .F.,(2,2),(-5.0000006,-0.9999994),.PIECEWISE_BEZIER_KNOTS.);
#2897 = CARTESIAN_POINT('',(4.5000006,0.730225844286));
#2898 = CARTESIAN_POINT('',(0.4999994,0.730225844286));
#2899 = ( GEOMETRIC_REPRESENTATION_CONTEXT(2) 
PARAMETRIC_REPRESENTATION_CONTEXT() REPRESENTATION_CONTEXT('2D SPACE',''
  ) );
#2900 = PCURVE('',#379,#2901);
#2901 = DEFINITIONAL_REPRESENTATION('',(#2902),#2905);
#2902 = B_SPLINE_CURVE_WITH_KNOTS('',1,(#2903,#2904),.UNSPECIFIED.,.F.,
  .F.,(2,2),(-5.0000006,-0.9999994),.PIECEWISE_BEZIER_KNOTS.);
#2903 = CARTESIAN_POINT('',(-5.270374203315,-5.0000006));
#2904 = CARTESIAN_POINT('',(-5.270374203315,-0.9999994));
#2905 = ( GEOMETRIC_REPRESENTATION_CONTEXT(2) 
PARAMETRIC_REPRESENTATION_CONTEXT() REPRESENTATION_CONTEXT('2D SPACE',''
  ) );
#2906 = ORIENTED_EDGE('',*,*,#1366,.F.);
#2907 = ADVANCED_FACE('',(#2908),#379,.F.);
#2908 = FACE_BOUND('',#2909,.T.);
#2909 = EDGE_LOOP('',(#2910,#2929,#2930,#2931));
#2910 = ORIENTED_EDGE('',*,*,#2911,.T.);
#2911 = EDGE_CURVE('',#1317,#332,#2912,.T.);
#2912 = SURFACE_CURVE('',#2913,(#2917,#2923),.PCURVE_S1.);
#2913 = LINE('',#2914,#2915);
#2914 = CARTESIAN_POINT('',(33.430225844286,-1.15,-1.));
#2915 = VECTOR('',#2916,1.);
#2916 = DIRECTION('',(-0.,-0.,-1.));
#2917 = PCURVE('',#379,#2918);
#2918 = DEFINITIONAL_REPRESENTATION('',(#2919),#2922);
#2919 = B_SPLINE_CURVE_WITH_KNOTS('',1,(#2920,#2921),.UNSPECIFIED.,.F.,
  .F.,(2,2),(-5.0000006,-0.9999994),.PIECEWISE_BEZIER_KNOTS.);
#2920 = CARTESIAN_POINT('',(-6.248798859848,-5.0000006));
#2921 = CARTESIAN_POINT('',(-6.248798859848,-0.9999994));
#2922 = ( GEOMETRIC_REPRESENTATION_CONTEXT(2) 
PARAMETRIC_REPRESENTATION_CONTEXT() REPRESENTATION_CONTEXT('2D SPACE',''
  ) );
#2923 = PCURVE('',#347,#2924);
#2924 = DEFINITIONAL_REPRESENTATION('',(#2925),#2928);
#2925 = B_SPLINE_CURVE_WITH_KNOTS('',1,(#2926,#2927),.UNSPECIFIED.,.F.,
  .F.,(2,2),(-5.0000006,-0.9999994),.PIECEWISE_BEZIER_KNOTS.);
#2926 = CARTESIAN_POINT('',(4.5000006,0.730225844286));
#2927 = CARTESIAN_POINT('',(0.4999994,0.730225844286));
#2928 = ( GEOMETRIC_REPRESENTATION_CONTEXT(2) 
PARAMETRIC_REPRESENTATION_CONTEXT() REPRESENTATION_CONTEXT('2D SPACE',''
  ) );
#2929 = ORIENTED_EDGE('',*,*,#358,.T.);
#2930 = ORIENTED_EDGE('',*,*,#2888,.F.);
#2931 = ORIENTED_EDGE('',*,*,#1338,.F.);
#2932 = ADVANCED_FACE('',(#2933),#347,.T.);
#2933 = FACE_BOUND('',#2934,.T.);
#2934 = EDGE_LOOP('',(#2935,#2956,#2957,#2958));
#2935 = ORIENTED_EDGE('',*,*,#2936,.F.);
#2936 = EDGE_CURVE('',#305,#1295,#2937,.T.);
#2937 = SURFACE_CURVE('',#2938,(#2942,#2949),.PCURVE_S1.);
#2938 = LINE('',#2939,#2940);
#2939 = CARTESIAN_POINT('',(34.2,-1.15,-0.5));
#2940 = VECTOR('',#2941,1.);
#2941 = DIRECTION('',(0.,0.,1.));
#2942 = PCURVE('',#347,#2943);
#2943 = DEFINITIONAL_REPRESENTATION('',(#2944),#2948);
#2944 = LINE('',#2945,#2946);
#2945 = CARTESIAN_POINT('',(0.,1.5));
#2946 = VECTOR('',#2947,1.);
#2947 = DIRECTION('',(1.,0.));
#2948 = ( GEOMETRIC_REPRESENTATION_CONTEXT(2) 
PARAMETRIC_REPRESENTATION_CONTEXT() REPRESENTATION_CONTEXT('2D SPACE',''
  ) );
#2949 = PCURVE('',#320,#2950);
#2950 = DEFINITIONAL_REPRESENTATION('',(#2951),#2955);
#2951 = LINE('',#2952,#2953);
#2952 = CARTESIAN_POINT('',(0.,0.));
#2953 = VECTOR('',#2954,1.);
#2954 = DIRECTION('',(1.,0.));
#2955 = ( GEOMETRIC_REPRESENTATION_CONTEXT(2) 
PARAMETRIC_REPRESENTATION_CONTEXT() REPRESENTATION_CONTEXT('2D SPACE',''
  ) );
#2956 = ORIENTED_EDGE('',*,*,#331,.T.);
#2957 = ORIENTED_EDGE('',*,*,#2911,.F.);
#2958 = ORIENTED_EDGE('',*,*,#1316,.F.);
#2959 = ADVANCED_FACE('',(#2960),#320,.F.);
#2960 = FACE_BOUND('',#2961,.F.);
#2961 = EDGE_LOOP('',(#2962,#2963,#2964,#2985));
#2962 = ORIENTED_EDGE('',*,*,#2936,.F.);
#2963 = ORIENTED_EDGE('',*,*,#304,.T.);
#2964 = ORIENTED_EDGE('',*,*,#2965,.T.);
#2965 = EDGE_CURVE('',#278,#1273,#2966,.T.);
#2966 = SURFACE_CURVE('',#2967,(#2971,#2978),.PCURVE_S1.);
#2967 = LINE('',#2968,#2969);
#2968 = CARTESIAN_POINT('',(34.2,1.15,-0.5));
#2969 = VECTOR('',#2970,1.);
#2970 = DIRECTION('',(0.,0.,1.));
#2971 = PCURVE('',#320,#2972);
#2972 = DEFINITIONAL_REPRESENTATION('',(#2973),#2977);
#2973 = LINE('',#2974,#2975);
#2974 = CARTESIAN_POINT('',(0.,-2.3));
#2975 = VECTOR('',#2976,1.);
#2976 = DIRECTION('',(1.,0.));
#2977 = ( GEOMETRIC_REPRESENTATION_CONTEXT(2) 
PARAMETRIC_REPRESENTATION_CONTEXT() REPRESENTATION_CONTEXT('2D SPACE',''
  ) );
#2978 = PCURVE('',#293,#2979);
#2979 = DEFINITIONAL_REPRESENTATION('',(#2980),#2984);
#2980 = LINE('',#2981,#2982);
#2981 = CARTESIAN_POINT('',(0.,1.5));
#2982 = VECTOR('',#2983,1.);
#2983 = DIRECTION('',(1.,0.));
#2984 = ( GEOMETRIC_REPRESENTATION_CONTEXT(2) 
PARAMETRIC_REPRESENTATION_CONTEXT() REPRESENTATION_CONTEXT('2D SPACE',''
  ) );
#2985 = ORIENTED_EDGE('',*,*,#1294,.F.);
#2986 = ADVANCED_FACE('',(#2987),#293,.F.);
#2987 = FACE_BOUND('',#2988,.F.);
#2988 = EDGE_LOOP('',(#2989,#2990,#2991,#3010));
#2989 = ORIENTED_EDGE('',*,*,#2965,.F.);
#2990 = ORIENTED_EDGE('',*,*,#277,.T.);
#2991 = ORIENTED_EDGE('',*,*,#2992,.F.);
#2992 = EDGE_CURVE('',#1245,#245,#2993,.T.);
#2993 = SURFACE_CURVE('',#2994,(#2998,#3004),.PCURVE_S1.);
#2994 = LINE('',#2995,#2996);
#2995 = CARTESIAN_POINT('',(33.430225844286,1.15,-1.));
#2996 = VECTOR('',#2997,1.);
#2997 = DIRECTION('',(-0.,-0.,-1.));
#2998 = PCURVE('',#293,#2999);
#2999 = DEFINITIONAL_REPRESENTATION('',(#3000),#3003);
#3000 = B_SPLINE_CURVE_WITH_KNOTS('',1,(#3001,#3002),.UNSPECIFIED.,.F.,
  .F.,(2,2),(-5.0000006,-0.9999994),.PIECEWISE_BEZIER_KNOTS.);
#3001 = CARTESIAN_POINT('',(4.5000006,0.730225844286));
#3002 = CARTESIAN_POINT('',(0.4999994,0.730225844286));
#3003 = ( GEOMETRIC_REPRESENTATION_CONTEXT(2) 
PARAMETRIC_REPRESENTATION_CONTEXT() REPRESENTATION_CONTEXT('2D SPACE',''
  ) );
#3004 = PCURVE('',#265,#3005);
#3005 = DEFINITIONAL_REPRESENTATION('',(#3006),#3009);
#3006 = B_SPLINE_CURVE_WITH_KNOTS('',1,(#3007,#3008),.UNSPECIFIED.,.F.,
  .F.,(2,2),(-5.0000006,-0.9999994),.PIECEWISE_BEZIER_KNOTS.);
#3007 = CARTESIAN_POINT('',(-3.438644733199E-02,-5.0000006));
#3008 = CARTESIAN_POINT('',(-3.438644733199E-02,-0.9999994));
#3009 = ( GEOMETRIC_REPRESENTATION_CONTEXT(2) 
PARAMETRIC_REPRESENTATION_CONTEXT() REPRESENTATION_CONTEXT('2D SPACE',''
  ) );
#3010 = ORIENTED_EDGE('',*,*,#1272,.F.);
#3011 = ADVANCED_FACE('',(#3012),#265,.F.);
#3012 = FACE_BOUND('',#3013,.T.);
#3013 = EDGE_LOOP('',(#3014,#3033,#3034,#3035));
#3014 = ORIENTED_EDGE('',*,*,#3015,.T.);
#3015 = EDGE_CURVE('',#1224,#219,#3016,.T.);
#3016 = SURFACE_CURVE('',#3017,(#3021,#3027),.PCURVE_S1.);
#3017 = LINE('',#3018,#3019);
#3018 = CARTESIAN_POINT('',(29.312205976065,16.115119633957,-1.));
#3019 = VECTOR('',#3020,1.);
#3020 = DIRECTION('',(-0.,-0.,-1.));
#3021 = PCURVE('',#265,#3022);
#3022 = DEFINITIONAL_REPRESENTATION('',(#3023),#3026);
#3023 = B_SPLINE_CURVE_WITH_KNOTS('',1,(#3024,#3025),.UNSPECIFIED.,.F.,
  .F.,(2,2),(-5.0000006,-0.9999994),.PIECEWISE_BEZIER_KNOTS.);
#3024 = CARTESIAN_POINT('',(-0.502670491538,-5.0000006));
#3025 = CARTESIAN_POINT('',(-0.502670491538,-0.9999994));
#3026 = ( GEOMETRIC_REPRESENTATION_CONTEXT(2) 
PARAMETRIC_REPRESENTATION_CONTEXT() REPRESENTATION_CONTEXT('2D SPACE',''
  ) );
#3027 = PCURVE('',#233,#3028);
#3028 = DEFINITIONAL_REPRESENTATION('',(#3029),#3032);
#3029 = B_SPLINE_CURVE_WITH_KNOTS('',1,(#3030,#3031),.UNSPECIFIED.,.F.,
  .F.,(2,2),(-5.0000006,-0.9999994),.PIECEWISE_BEZIER_KNOTS.);
#3030 = CARTESIAN_POINT('',(4.5000006,33.442674833213));
#3031 = CARTESIAN_POINT('',(0.4999994,33.442674833213));
#3032 = ( GEOMETRIC_REPRESENTATION_CONTEXT(2) 
PARAMETRIC_REPRESENTATION_CONTEXT() REPRESENTATION_CONTEXT('2D SPACE',''
  ) );
#3033 = ORIENTED_EDGE('',*,*,#244,.T.);
#3034 = ORIENTED_EDGE('',*,*,#2992,.F.);
#3035 = ORIENTED_EDGE('',*,*,#1244,.F.);
#3036 = ADVANCED_FACE('',(#3037,#3061),#233,.T.);
#3037 = FACE_BOUND('',#3038,.T.);
#3038 = EDGE_LOOP('',(#3039,#3058,#3059,#3060));
#3039 = ORIENTED_EDGE('',*,*,#3040,.F.);
#3040 = EDGE_CURVE('',#191,#1201,#3041,.T.);
#3041 = SURFACE_CURVE('',#3042,(#3046,#3052),.PCURVE_S1.);
#3042 = LINE('',#3043,#3044);
#3043 = CARTESIAN_POINT('',(36.030246635919,19.993782217351,-0.25));
#3044 = VECTOR('',#3045,1.);
#3045 = DIRECTION('',(0.,-0.,1.));
#3046 = PCURVE('',#233,#3047);
#3047 = DEFINITIONAL_REPRESENTATION('',(#3048),#3051);
#3048 = B_SPLINE_CURVE_WITH_KNOTS('',1,(#3049,#3050),.UNSPECIFIED.,.F.,
  .F.,(2,2),(0.25,4.25),.PIECEWISE_BEZIER_KNOTS.);
#3049 = CARTESIAN_POINT('',(0.5,41.2));
#3050 = CARTESIAN_POINT('',(4.5,41.2));
#3051 = ( GEOMETRIC_REPRESENTATION_CONTEXT(2) 
PARAMETRIC_REPRESENTATION_CONTEXT() REPRESENTATION_CONTEXT('2D SPACE',''
  ) );
#3052 = PCURVE('',#206,#3053);
#3053 = DEFINITIONAL_REPRESENTATION('',(#3054),#3057);
#3054 = B_SPLINE_CURVE_WITH_KNOTS('',1,(#3055,#3056),.UNSPECIFIED.,.F.,
  .F.,(2,2),(0.25,4.25),.PIECEWISE_BEZIER_KNOTS.);
#3055 = CARTESIAN_POINT('',(0.,-5.5));
#3056 = CARTESIAN_POINT('',(4.,-5.5));
#3057 = ( GEOMETRIC_REPRESENTATION_CONTEXT(2) 
PARAMETRIC_REPRESENTATION_CONTEXT() REPRESENTATION_CONTEXT('2D SPACE',''
  ) );
#3058 = ORIENTED_EDGE('',*,*,#218,.T.);
#3059 = ORIENTED_EDGE('',*,*,#3015,.F.);
#3060 = ORIENTED_EDGE('',*,*,#1223,.F.);
#3061 = FACE_BOUND('',#3062,.T.);
#3062 = EDGE_LOOP('',(#3063));
#3063 = ORIENTED_EDGE('',*,*,#3064,.F.);
#3064 = EDGE_CURVE('',#3065,#3065,#3067,.T.);
#3065 = VERTEX_POINT('',#3066);
#3066 = CARTESIAN_POINT('',(34.731208530242,19.243782217351,3.1));
#3067 = SURFACE_CURVE('',#3068,(#3073,#3080),.PCURVE_S1.);
#3068 = CIRCLE('',#3069,1.1);
#3069 = AXIS2_PLACEMENT_3D('',#3070,#3071,#3072);
#3070 = CARTESIAN_POINT('',(34.731208530242,19.243782217351,2.));
#3071 = DIRECTION('',(-0.5,0.866025403784,0.));
#3072 = DIRECTION('',(0.,0.,1.));
#3073 = PCURVE('',#233,#3074);
#3074 = DEFINITIONAL_REPRESENTATION('',(#3075),#3079);
#3075 = CIRCLE('',#3076,1.1);
#3076 = AXIS2_PLACEMENT_2D('',#3077,#3078);
#3077 = CARTESIAN_POINT('',(2.5,39.7));
#3078 = DIRECTION('',(1.,0.));
#3079 = ( GEOMETRIC_REPRESENTATION_CONTEXT(2) 
PARAMETRIC_REPRESENTATION_CONTEXT() REPRESENTATION_CONTEXT('2D SPACE',''
  ) );
#3080 = PCURVE('',#3081,#3086);
#3081 = CYLINDRICAL_SURFACE('',#3082,1.1);
#3082 = AXIS2_PLACEMENT_3D('',#3083,#3084,#3085);
#3083 = CARTESIAN_POINT('',(37.731208530242,14.047629794644,2.));
#3084 = DIRECTION('',(-0.5,0.866025403784,0.));
#3085 = DIRECTION('',(0.,0.,1.));
#3086 = DEFINITIONAL_REPRESENTATION('',(#3087),#3091);
#3087 = LINE('',#3088,#3089);
#3088 = CARTESIAN_POINT('',(0.,6.));
#3089 = VECTOR('',#3090,1.);
#3090 = DIRECTION('',(1.,0.));
#3091 = ( GEOMETRIC_REPRESENTATION_CONTEXT(2) 
PARAMETRIC_REPRESENTATION_CONTEXT() REPRESENTATION_CONTEXT('2D SPACE',''
  ) );
#3092 = ADVANCED_FACE('',(#3093),#206,.T.);
#3093 = FACE_BOUND('',#3094,.T.);
#3094 = EDGE_LOOP('',(#3095,#3096,#3097,#3118,#3144,#3163,#3164,#3165));
#3095 = ORIENTED_EDGE('',*,*,#1200,.F.);
#3096 = ORIENTED_EDGE('',*,*,#1981,.F.);
#3097 = ORIENTED_EDGE('',*,*,#3098,.T.);
#3098 = EDGE_CURVE('',#1982,#3099,#3101,.T.);
#3099 = VERTEX_POINT('',#3100);
#3100 = CARTESIAN_POINT('',(37.030246635919,18.261731409782,
    2.687386354243));
#3101 = SURFACE_CURVE('',#3102,(#3106,#3112),.PCURVE_S1.);
#3102 = LINE('',#3103,#3104);
#3103 = CARTESIAN_POINT('',(39.030246635919,14.797629794644,
    2.687386354243));
#3104 = VECTOR('',#3105,1.);
#3105 = DIRECTION('',(-0.5,0.866025403784,0.));
#3106 = PCURVE('',#206,#3107);
#3107 = DEFINITIONAL_REPRESENTATION('',(#3108),#3111);
#3108 = B_SPLINE_CURVE_WITH_KNOTS('',1,(#3109,#3110),.UNSPECIFIED.,.F.,
  .F.,(2,2),(-6.000000010864E-07,4.0000006),.PIECEWISE_BEZIER_KNOTS.);
#3109 = CARTESIAN_POINT('',(2.687386354243,0.5000006));
#3110 = CARTESIAN_POINT('',(2.687386354243,-3.5000006));
#3111 = ( GEOMETRIC_REPRESENTATION_CONTEXT(2) 
PARAMETRIC_REPRESENTATION_CONTEXT() REPRESENTATION_CONTEXT('2D SPACE',''
  ) );
#3112 = PCURVE('',#2021,#3113);
#3113 = DEFINITIONAL_REPRESENTATION('',(#3114),#3117);
#3114 = B_SPLINE_CURVE_WITH_KNOTS('',1,(#3115,#3116),.UNSPECIFIED.,.F.,
  .F.,(2,2),(0.5,4.),.PIECEWISE_BEZIER_KNOTS.);
#3115 = CARTESIAN_POINT('',(7.424281967823,0.5));
#3116 = CARTESIAN_POINT('',(7.424281967823,4.));
#3117 = ( GEOMETRIC_REPRESENTATION_CONTEXT(2) 
PARAMETRIC_REPRESENTATION_CONTEXT() REPRESENTATION_CONTEXT('2D SPACE',''
  ) );
#3118 = ORIENTED_EDGE('',*,*,#3119,.F.);
#3119 = EDGE_CURVE('',#3120,#3099,#3122,.T.);
#3120 = VERTEX_POINT('',#3121);
#3121 = CARTESIAN_POINT('',(37.030246635919,18.261731409782,
    1.312613645757));
#3122 = SURFACE_CURVE('',#3123,(#3127,#3133),.PCURVE_S1.);
#3123 = LINE('',#3124,#3125);
#3124 = CARTESIAN_POINT('',(37.030246635919,18.261731409782,1.));
#3125 = VECTOR('',#3126,1.);
#3126 = DIRECTION('',(0.,-0.,1.));
#3127 = PCURVE('',#206,#3128);
#3128 = DEFINITIONAL_REPRESENTATION('',(#3129),#3132);
#3129 = B_SPLINE_CURVE_WITH_KNOTS('',1,(#3130,#3131),.UNSPECIFIED.,.F.,
  .F.,(2,2),(-0.65,2.65),.PIECEWISE_BEZIER_KNOTS.);
#3130 = CARTESIAN_POINT('',(0.35,-3.5));
#3131 = CARTESIAN_POINT('',(3.65,-3.5));
#3132 = ( GEOMETRIC_REPRESENTATION_CONTEXT(2) 
PARAMETRIC_REPRESENTATION_CONTEXT() REPRESENTATION_CONTEXT('2D SPACE',''
  ) );
#3133 = PCURVE('',#3134,#3139);
#3134 = PLANE('',#3135);
#3135 = AXIS2_PLACEMENT_3D('',#3136,#3137,#3138);
#3136 = CARTESIAN_POINT('',(35.731208530242,17.511731409782,2.));
#3137 = DIRECTION('',(-0.5,0.866025403784,0.));
#3138 = DIRECTION('',(0.,0.,1.));
#3139 = DEFINITIONAL_REPRESENTATION('',(#3140),#3143);
#3140 = B_SPLINE_CURVE_WITH_KNOTS('',1,(#3141,#3142),.UNSPECIFIED.,.F.,
  .F.,(2,2),(-0.65,2.65),.PIECEWISE_BEZIER_KNOTS.);
#3141 = CARTESIAN_POINT('',(-1.65,1.5));
#3142 = CARTESIAN_POINT('',(1.65,1.5));
#3143 = ( GEOMETRIC_REPRESENTATION_CONTEXT(2) 
PARAMETRIC_REPRESENTATION_CONTEXT() REPRESENTATION_CONTEXT('2D SPACE',''
  ) );
#3144 = ORIENTED_EDGE('',*,*,#3145,.F.);
#3145 = EDGE_CURVE('',#2005,#3120,#3146,.T.);
#3146 = SURFACE_CURVE('',#3147,(#3151,#3157),.PCURVE_S1.);
#3147 = LINE('',#3148,#3149);
#3148 = CARTESIAN_POINT('',(39.030246635919,14.797629794644,
    1.312613645757));
#3149 = VECTOR('',#3150,1.);
#3150 = DIRECTION('',(-0.5,0.866025403784,0.));
#3151 = PCURVE('',#206,#3152);
#3152 = DEFINITIONAL_REPRESENTATION('',(#3153),#3156);
#3153 = B_SPLINE_CURVE_WITH_KNOTS('',1,(#3154,#3155),.UNSPECIFIED.,.F.,
  .F.,(2,2),(-5.99999999072E-07,4.0000006),.PIECEWISE_BEZIER_KNOTS.);
#3154 = CARTESIAN_POINT('',(1.312613645757,0.5000006));
#3155 = CARTESIAN_POINT('',(1.312613645757,-3.5000006));
#3156 = ( GEOMETRIC_REPRESENTATION_CONTEXT(2) 
PARAMETRIC_REPRESENTATION_CONTEXT() REPRESENTATION_CONTEXT('2D SPACE',''
  ) );
#3157 = PCURVE('',#2021,#3158);
#3158 = DEFINITIONAL_REPRESENTATION('',(#3159),#3162);
#3159 = B_SPLINE_CURVE_WITH_KNOTS('',1,(#3160,#3161),.UNSPECIFIED.,.F.,
  .F.,(2,2),(0.5,4.),.PIECEWISE_BEZIER_KNOTS.);
#3160 = CARTESIAN_POINT('',(2.000495992946,0.5));
#3161 = CARTESIAN_POINT('',(2.000495992946,4.));
#3162 = ( GEOMETRIC_REPRESENTATION_CONTEXT(2) 
PARAMETRIC_REPRESENTATION_CONTEXT() REPRESENTATION_CONTEXT('2D SPACE',''
  ) );
#3163 = ORIENTED_EDGE('',*,*,#2033,.F.);
#3164 = ORIENTED_EDGE('',*,*,#190,.T.);
#3165 = ORIENTED_EDGE('',*,*,#3040,.T.);
#3166 = ADVANCED_FACE('',(#3167),#1923,.F.);
#3167 = FACE_BOUND('',#3168,.F.);
#3168 = EDGE_LOOP('',(#3169,#3170,#3171,#3197));
#3169 = ORIENTED_EDGE('',*,*,#2131,.F.);
#3170 = ORIENTED_EDGE('',*,*,#2291,.F.);
#3171 = ORIENTED_EDGE('',*,*,#3172,.T.);
#3172 = EDGE_CURVE('',#2292,#1881,#3173,.T.);
#3173 = SURFACE_CURVE('',#3174,(#3179,#3186),.PCURVE_S1.);
#3174 = CIRCLE('',#3175,2.05);
#3175 = AXIS2_PLACEMENT_3D('',#3176,#3177,#3178);
#3176 = CARTESIAN_POINT('',(31.281208530242,25.219357503464,2.));
#3177 = DIRECTION('',(0.5,-0.866025403784,0.));
#3178 = DIRECTION('',(0.,0.,-1.));
#3179 = PCURVE('',#1923,#3180);
#3180 = DEFINITIONAL_REPRESENTATION('',(#3181),#3185);
#3181 = LINE('',#3182,#3183);
#3182 = CARTESIAN_POINT('',(0.,0.25));
#3183 = VECTOR('',#3184,1.);
#3184 = DIRECTION('',(1.,0.));
#3185 = ( GEOMETRIC_REPRESENTATION_CONTEXT(2) 
PARAMETRIC_REPRESENTATION_CONTEXT() REPRESENTATION_CONTEXT('2D SPACE',''
  ) );
#3186 = PCURVE('',#1896,#3187);
#3187 = DEFINITIONAL_REPRESENTATION('',(#3188),#3196);
#3188 = ( BOUNDED_CURVE() B_SPLINE_CURVE(2,(#3189,#3190,#3191,#3192,
#3193,#3194,#3195),.UNSPECIFIED.,.T.,.F.) B_SPLINE_CURVE_WITH_KNOTS((1,2
    ,2,2,2,1),(-2.094395102393,0.,2.094395102393,4.188790204786,
6.28318530718,8.377580409573),.UNSPECIFIED.) CURVE() 
GEOMETRIC_REPRESENTATION_ITEM() RATIONAL_B_SPLINE_CURVE((1.,0.5,1.,0.5,
1.,0.5,1.)) REPRESENTATION_ITEM('') );
#3189 = CARTESIAN_POINT('',(-5.E-02,4.5));
#3190 = CARTESIAN_POINT('',(-5.E-02,8.050704155516));
#3191 = CARTESIAN_POINT('',(3.025,6.275352077758));
#3192 = CARTESIAN_POINT('',(6.1,4.5));
#3193 = CARTESIAN_POINT('',(3.025,2.724647922242));
#3194 = CARTESIAN_POINT('',(-5.E-02,0.949295844484));
#3195 = CARTESIAN_POINT('',(-5.E-02,4.5));
#3196 = ( GEOMETRIC_REPRESENTATION_CONTEXT(2) 
PARAMETRIC_REPRESENTATION_CONTEXT() REPRESENTATION_CONTEXT('2D SPACE',''
  ) );
#3197 = ORIENTED_EDGE('',*,*,#1908,.T.);
#3198 = ADVANCED_FACE('',(#3199),#1896,.T.);
#3199 = FACE_BOUND('',#3200,.T.);
#3200 = EDGE_LOOP('',(#3201,#3202,#3203));
#3201 = ORIENTED_EDGE('',*,*,#3172,.T.);
#3202 = ORIENTED_EDGE('',*,*,#1880,.T.);
#3203 = ORIENTED_EDGE('',*,*,#2312,.F.);
#3204 = ADVANCED_FACE('',(#3205),#2021,.F.);
#3205 = FACE_BOUND('',#3206,.F.);
#3206 = EDGE_LOOP('',(#3207,#3208,#3209,#3231));
#3207 = ORIENTED_EDGE('',*,*,#2004,.T.);
#3208 = ORIENTED_EDGE('',*,*,#3098,.T.);
#3209 = ORIENTED_EDGE('',*,*,#3210,.F.);
#3210 = EDGE_CURVE('',#3120,#3099,#3211,.T.);
#3211 = SURFACE_CURVE('',#3212,(#3217,#3224),.PCURVE_S1.);
#3212 = CIRCLE('',#3213,1.65);
#3213 = AXIS2_PLACEMENT_3D('',#3214,#3215,#3216);
#3214 = CARTESIAN_POINT('',(35.731208530242,17.511731409782,2.));
#3215 = DIRECTION('',(-0.5,0.866025403784,-4.996003610813E-16));
#3216 = DIRECTION('',(0.787295821622,0.454545454545,-0.416597790451));
#3217 = PCURVE('',#2021,#3218);
#3218 = DEFINITIONAL_REPRESENTATION('',(#3219),#3223);
#3219 = LINE('',#3220,#3221);
#3220 = CARTESIAN_POINT('',(2.000495992946,4.));
#3221 = VECTOR('',#3222,1.);
#3222 = DIRECTION('',(1.,0.));
#3223 = ( GEOMETRIC_REPRESENTATION_CONTEXT(2) 
PARAMETRIC_REPRESENTATION_CONTEXT() REPRESENTATION_CONTEXT('2D SPACE',''
  ) );
#3224 = PCURVE('',#3134,#3225);
#3225 = DEFINITIONAL_REPRESENTATION('',(#3226),#3230);
#3226 = CIRCLE('',#3227,1.65);
#3227 = AXIS2_PLACEMENT_2D('',#3228,#3229);
#3228 = CARTESIAN_POINT('',(0.,0.));
#3229 = DIRECTION('',(-0.416597790451,0.909090909091));
#3230 = ( GEOMETRIC_REPRESENTATION_CONTEXT(2) 
PARAMETRIC_REPRESENTATION_CONTEXT() REPRESENTATION_CONTEXT('2D SPACE',''
  ) );
#3231 = ORIENTED_EDGE('',*,*,#3145,.F.);
#3232 = ADVANCED_FACE('',(#3233),#2174,.F.);
#3233 = FACE_BOUND('',#3234,.F.);
#3234 = EDGE_LOOP('',(#3235,#3236,#3257,#3258));
#3235 = ORIENTED_EDGE('',*,*,#2157,.T.);
#3236 = ORIENTED_EDGE('',*,*,#3237,.T.);
#3237 = EDGE_CURVE('',#2158,#2361,#3238,.T.);
#3238 = SEAM_CURVE('',#3239,(#3243,#3250),.PCURVE_S1.);
#3239 = LINE('',#3240,#3241);
#3240 = CARTESIAN_POINT('',(31.156208530242,25.43586385441,0.8));
#3241 = VECTOR('',#3242,1.);
#3242 = DIRECTION('',(0.5,-0.866025403784,0.));
#3243 = PCURVE('',#2174,#3244);
#3244 = DEFINITIONAL_REPRESENTATION('',(#3245),#3249);
#3245 = LINE('',#3246,#3247);
#3246 = CARTESIAN_POINT('',(0.,-0.));
#3247 = VECTOR('',#3248,1.);
#3248 = DIRECTION('',(0.,1.));
#3249 = ( GEOMETRIC_REPRESENTATION_CONTEXT(2) 
PARAMETRIC_REPRESENTATION_CONTEXT() REPRESENTATION_CONTEXT('2D SPACE',''
  ) );
#3250 = PCURVE('',#2174,#3251);
#3251 = DEFINITIONAL_REPRESENTATION('',(#3252),#3256);
#3252 = LINE('',#3253,#3254);
#3253 = CARTESIAN_POINT('',(6.28318530718,-0.));
#3254 = VECTOR('',#3255,1.);
#3255 = DIRECTION('',(0.,1.));
#3256 = ( GEOMETRIC_REPRESENTATION_CONTEXT(2) 
PARAMETRIC_REPRESENTATION_CONTEXT() REPRESENTATION_CONTEXT('2D SPACE',''
  ) );
#3257 = ORIENTED_EDGE('',*,*,#2360,.F.);
#3258 = ORIENTED_EDGE('',*,*,#3237,.F.);
#3259 = ADVANCED_FACE('',(#3260),#3081,.F.);
#3260 = FACE_BOUND('',#3261,.F.);
#3261 = EDGE_LOOP('',(#3262,#3285,#3286,#3287));
#3262 = ORIENTED_EDGE('',*,*,#3263,.T.);
#3263 = EDGE_CURVE('',#3264,#3065,#3266,.T.);
#3264 = VERTEX_POINT('',#3265);
#3265 = CARTESIAN_POINT('',(35.731208530242,17.511731409782,3.1));
#3266 = SEAM_CURVE('',#3267,(#3271,#3278),.PCURVE_S1.);
#3267 = LINE('',#3268,#3269);
#3268 = CARTESIAN_POINT('',(37.731208530242,14.047629794644,3.1));
#3269 = VECTOR('',#3270,1.);
#3270 = DIRECTION('',(-0.5,0.866025403784,0.));
#3271 = PCURVE('',#3081,#3272);
#3272 = DEFINITIONAL_REPRESENTATION('',(#3273),#3277);
#3273 = LINE('',#3274,#3275);
#3274 = CARTESIAN_POINT('',(6.28318530718,-0.));
#3275 = VECTOR('',#3276,1.);
#3276 = DIRECTION('',(0.,1.));
#3277 = ( GEOMETRIC_REPRESENTATION_CONTEXT(2) 
PARAMETRIC_REPRESENTATION_CONTEXT() REPRESENTATION_CONTEXT('2D SPACE',''
  ) );
#3278 = PCURVE('',#3081,#3279);
#3279 = DEFINITIONAL_REPRESENTATION('',(#3280),#3284);
#3280 = LINE('',#3281,#3282);
#3281 = CARTESIAN_POINT('',(0.,-0.));
#3282 = VECTOR('',#3283,1.);
#3283 = DIRECTION('',(0.,1.));
#3284 = ( GEOMETRIC_REPRESENTATION_CONTEXT(2) 
PARAMETRIC_REPRESENTATION_CONTEXT() REPRESENTATION_CONTEXT('2D SPACE',''
  ) );
#3285 = ORIENTED_EDGE('',*,*,#3064,.F.);
#3286 = ORIENTED_EDGE('',*,*,#3263,.F.);
#3287 = ORIENTED_EDGE('',*,*,#3288,.T.);
#3288 = EDGE_CURVE('',#3264,#3264,#3289,.T.);
#3289 = SURFACE_CURVE('',#3290,(#3295,#3302),.PCURVE_S1.);
#3290 = CIRCLE('',#3291,1.1);
#3291 = AXIS2_PLACEMENT_3D('',#3292,#3293,#3294);
#3292 = CARTESIAN_POINT('',(35.731208530242,17.511731409782,2.));
#3293 = DIRECTION('',(-0.5,0.866025403784,0.));
#3294 = DIRECTION('',(0.,0.,1.));
#3295 = PCURVE('',#3081,#3296);
#3296 = DEFINITIONAL_REPRESENTATION('',(#3297),#3301);
#3297 = LINE('',#3298,#3299);
#3298 = CARTESIAN_POINT('',(0.,4.));
#3299 = VECTOR('',#3300,1.);
#3300 = DIRECTION('',(1.,0.));
#3301 = ( GEOMETRIC_REPRESENTATION_CONTEXT(2) 
PARAMETRIC_REPRESENTATION_CONTEXT() REPRESENTATION_CONTEXT('2D SPACE',''
  ) );
#3302 = PCURVE('',#3134,#3303);
#3303 = DEFINITIONAL_REPRESENTATION('',(#3304),#3308);
#3304 = CIRCLE('',#3305,1.1);
#3305 = AXIS2_PLACEMENT_2D('',#3306,#3307);
#3306 = CARTESIAN_POINT('',(0.,0.));
#3307 = DIRECTION('',(1.,0.));
#3308 = ( GEOMETRIC_REPRESENTATION_CONTEXT(2) 
PARAMETRIC_REPRESENTATION_CONTEXT() REPRESENTATION_CONTEXT('2D SPACE',''
  ) );
#3309 = ADVANCED_FACE('',(#3310,#3314),#3134,.F.);
#3310 = FACE_BOUND('',#3311,.F.);
#3311 = EDGE_LOOP('',(#3312,#3313));
#3312 = ORIENTED_EDGE('',*,*,#3210,.T.);
#3313 = ORIENTED_EDGE('',*,*,#3119,.F.);
#3314 = FACE_BOUND('',#3315,.F.);
#3315 = EDGE_LOOP('',(#3316));
#3316 = ORIENTED_EDGE('',*,*,#3288,.F.);
#3317 = ( GEOMETRIC_REPRESENTATION_CONTEXT(3) 
GLOBAL_UNCERTAINTY_ASSIGNED_CONTEXT((#3321)) 
GLOBAL_UNIT_ASSIGNED_CONTEXT((#3318,#3319,#3320)) REPRESENTATION_CONTEXT
('Context #1','3D Context with UNIT and UNCERTAINTY') );
#3318 = ( LENGTH_UNIT() NAMED_UNIT(*) SI_UNIT(.MILLI.,.METRE.) );
#3319 = ( NAMED_UNIT(*) PLANE_ANGLE_UNIT() SI_UNIT($,.RADIAN.) );
#3320 = ( NAMED_UNIT(*) SI_UNIT($,.STERADIAN.) SOLID_ANGLE_UNIT() );
#3321 = UNCERTAINTY_MEASURE_WITH_UNIT(LENGTH_MEASURE(1.E-07),#3318,
  'distance_accuracy_value','confusion accuracy');
#3322 = PRODUCT_RELATED_PRODUCT_CATEGORY('part',$,(#7));
ENDSEC;
END-ISO-10303-21;
